track_id,group,source_dataset,source_track_id,title,creator,artist_key,album_key,composer_key,subpool,duration_seconds,source_url,download_url,license_type,license_url,instrumental_evidence,split,relative_path,sha256,download_status,downloaded_at,error
classical_musopen_12be103565ed,classical,musopen-lossless-dvd,"Musopen DVD (lossless)/Goldberg Variations/Goldberg Variations, BWV 988 - Aria Da Capo.m4a","Goldberg Variations, BWV 988 - Aria Da Capo",Musopen Kickstarter Project performers,,goldberg_variations_bwv_988,bach,piano_solo,339.973,https://archive.org/details/musopen-lossless-dvd,https://archive.org/download/musopen-lossless-dvd/Musopen-Lossless-DVD.zip/Musopen%20DVD%20%28lossless%29%2FGoldberg%20Variations%2FGoldberg%20Variations%2C%20BWV%20988%20-%20Aria%20Da%20Capo.m4a,Public Domain Mark 1.0,https://creativecommons.org/publicdomain/mark/1.0/,curated Musopen piano_solo,discovery,classical_music/classical_musopen_12be103565ed.m4a,efbddeea533b4972d96597f9db831f3885731e6e7c35ea3f43306987ce20092c,verified,2026-07-16,
classical_musopen_39eaf7f62acd,classical,musopen-lossless-dvd,"Musopen DVD (lossless)/Goldberg Variations/Goldberg Variations, BWV 988 - Aria.m4a","Goldberg Variations, BWV 988 - Aria",Musopen Kickstarter Project performers,,goldberg_variations_bwv_988,bach,piano_solo,292.427,https://archive.org/details/musopen-lossless-dvd,https://archive.org/download/musopen-lossless-dvd/Musopen-Lossless-DVD.zip/Musopen%20DVD%20%28lossless%29%2FGoldberg%20Variations%2FGoldberg%20Variations%2C%20BWV%20988%20-%20Aria.m4a,Public Domain Mark 1.0,https://creativecommons.org/publicdomain/mark/1.0/,curated Musopen piano_solo,discovery,classical_music/classical_musopen_39eaf7f62acd.m4a,659a6c751cffb1dfc3f46fcbf8b3ba26da79fcd045e3d055e6db4d09f051f3e8,verified,2026-07-16,
classical_musopen_5b78471c4c9d,classical,musopen-lossless-dvd,"Musopen DVD (lossless)/Goldberg Variations/Goldberg Variations, BWV. 988 - Variation 1.m4a","Goldberg Variations, BWV. 988 - Variation 1",Musopen Kickstarter Project performers,,goldberg_variations_bwv_988,bach,piano_solo,114.000,https://archive.org/details/musopen-lossless-dvd,https://archive.org/download/musopen-lossless-dvd/Musopen-Lossless-DVD.zip/Musopen%20DVD%20%28lossless%29%2FGoldberg%20Variations%2FGoldberg%20Variations%2C%20BWV.%20988%20-%20Variation%201.m4a,Public Domain Mark 1.0,https://creativecommons.org/publicdomain/mark/1.0/,curated Musopen piano_solo,discovery,classical_music/classical_musopen_5b78471c4c9d.m4a,3ded89d2082a53a3c19edfed6e97e9dbad68179d7217f56d31acd2b53d19d482,verified,2026-07-16,
classical_musopen_9887c7fd8762,classical,musopen-lossless-dvd,"Musopen DVD (lossless)/Goldberg Variations/Goldberg Variations, BWV. 988 - Variation 10. Fughetta.m4a","Goldberg Variations, BWV. 988 - Variation 10. Fughetta",Musopen Kickstarter Project performers,,goldberg_variations_bwv_988,bach,piano_solo,86.640,https://archive.org/details/musopen-lossless-dvd,https://archive.org/download/musopen-lossless-dvd/Musopen-Lossless-DVD.zip/Musopen%20DVD%20%28lossless%29%2FGoldberg%20Variations%2FGoldberg%20Variations%2C%20BWV.%20988%20-%20Variation%2010.%20Fughetta.m4a,Public Domain Mark 1.0,https://creativecommons.org/publicdomain/mark/1.0/,curated Musopen piano_solo,discovery,classical_music/classical_musopen_9887c7fd8762.m4a,7828d2db8352aa67b6b2bb75cd2f5cb756f3257959d8ec4c10c055b0392bae31,verified,2026-07-16,
classical_musopen_c678e65ee624,classical,musopen-lossless-dvd,"Musopen DVD (lossless)/Goldberg Variations/Goldberg Variations, BWV. 988 - Variation 11.m4a","Goldberg Variations, BWV. 988 - Variation 11",Musopen Kickstarter Project performers,,goldberg_variations_bwv_988,bach,piano_solo,94.760,https://archive.org/details/musopen-lossless-dvd,https://archive.org/download/musopen-lossless-dvd/Musopen-Lossless-DVD.zip/Musopen%20DVD%20%28lossless%29%2FGoldberg%20Variations%2FGoldberg%20Variations%2C%20BWV.%20988%20-%20Variation%2011.m4a,Public Domain Mark 1.0,https://creativecommons.org/publicdomain/mark/1.0/,curated Musopen piano_solo,discovery,classical_music/classical_musopen_c678e65ee624.m4a,d228ee97eb776077af367e46a4cbf8649c31c96ade354183a86f054def6dfd63,verified,2026-07-16,
classical_musopen_d95ec9d17c06,classical,musopen-lossless-dvd,"Musopen DVD (lossless)/Goldberg Variations/Goldberg Variations, BWV. 988 - Variation 12. Canon on the fourth.m4a","Goldberg Variations, BWV. 988 - Variation 12. Canon on the fourth",Musopen Kickstarter Project performers,,goldberg_variations_bwv_988,bach,piano_solo,153.200,https://archive.org/details/musopen-lossless-dvd,https://archive.org/download/musopen-lossless-dvd/Musopen-Lossless-DVD.zip/Musopen%20DVD%20%28lossless%29%2FGoldberg%20Variations%2FGoldberg%20Variations%2C%20BWV.%20988%20-%20Variation%2012.%20Canon%20on%20the%20fourth.m4a,Public Domain Mark 1.0,https://creativecommons.org/publicdomain/mark/1.0/,curated Musopen piano_solo,discovery,classical_music/classical_musopen_d95ec9d17c06.m4a,aada1be0d9c33b81f30285fb40ad3bb118474ce03a8f1e0e5ac16767d05e9356,verified,2026-07-16,
classical_musopen_5f1728c240a1,classical,musopen-lossless-dvd,"Musopen DVD (lossless)/Goldberg Variations/Goldberg Variations, BWV. 988 - Variation 13.m4a","Goldberg Variations, BWV. 988 - Variation 13",Musopen Kickstarter Project performers,,goldberg_variations_bwv_988,bach,piano_solo,338.840,https://archive.org/details/musopen-lossless-dvd,https://archive.org/download/musopen-lossless-dvd/Musopen-Lossless-DVD.zip/Musopen%20DVD%20%28lossless%29%2FGoldberg%20Variations%2FGoldberg%20Variations%2C%20BWV.%20988%20-%20Variation%2013.m4a,Public Domain Mark 1.0,https://creativecommons.org/publicdomain/mark/1.0/,curated Musopen piano_solo,discovery,classical_music/classical_musopen_5f1728c240a1.m4a,890a036edf7e7eec39a91aab879eeab69ee0e8518291ad32ba4c358752a23180,verified,2026-07-16,
classical_musopen_26a41c433b68,classical,musopen-lossless-dvd,"Musopen DVD (lossless)/Goldberg Variations/Goldberg Variations, BWV. 988 - Variation 14.m4a","Goldberg Variations, BWV. 988 - Variation 14",Musopen Kickstarter Project performers,,goldberg_variations_bwv_988,bach,piano_solo,121.760,https://archive.org/details/musopen-lossless-dvd,https://archive.org/download/musopen-lossless-dvd/Musopen-Lossless-DVD.zip/Musopen%20DVD%20%28lossless%29%2FGoldberg%20Variations%2FGoldberg%20Variations%2C%20BWV.%20988%20-%20Variation%2014.m4a,Public Domain Mark 1.0,https://creativecommons.org/publicdomain/mark/1.0/,curated Musopen piano_solo,discovery,classical_music/classical_musopen_26a41c433b68.m4a,452d5baa6613240c5ac81263ddeca255887113d8fe0786a24cced636ae750963,verified,2026-07-16,
classical_musopen_dc68b3cf3d10,classical,musopen-lossless-dvd,"Musopen DVD (lossless)/Goldberg Variations/Goldberg Variations, BWV. 988 - Variation 15. Canon on the fifth.m4a","Goldberg Variations, BWV. 988 - Variation 15. Canon on the fifth",Musopen Kickstarter Project performers,,goldberg_variations_bwv_988,bach,piano_solo,286.733,https://archive.org/details/musopen-lossless-dvd,https://archive.org/download/musopen-lossless-dvd/Musopen-Lossless-DVD.zip/Musopen%20DVD%20%28lossless%29%2FGoldberg%20Variations%2FGoldberg%20Variations%2C%20BWV.%20988%20-%20Variation%2015.%20Canon%20on%20the%20fifth.m4a,Public Domain Mark 1.0,https://creativecommons.org/publicdomain/mark/1.0/,curated Musopen piano_solo,discovery,classical_music/classical_musopen_dc68b3cf3d10.m4a,99c0ca78dac5301d76cc5ab201ed2c1311dd8ebdedc4d5957510d4b63dc06012,verified,2026-07-16,
classical_musopen_67f1921ea1d2,classical,musopen-lossless-dvd,"Musopen DVD (lossless)/Goldberg Variations/Goldberg Variations, BWV. 988 - Variation 16. Overture.m4a","Goldberg Variations, BWV. 988 - Variation 16. Overture",Musopen Kickstarter Project performers,,goldberg_variations_bwv_988,bach,piano_solo,106.267,https://archive.org/details/musopen-lossless-dvd,https://archive.org/download/musopen-lossless-dvd/Musopen-Lossless-DVD.zip/Musopen%20DVD%20%28lossless%29%2FGoldberg%20Variations%2FGoldberg%20Variations%2C%20BWV.%20988%20-%20Variation%2016.%20Overture.m4a,Public Domain Mark 1.0,https://creativecommons.org/publicdomain/mark/1.0/,curated Musopen piano_solo,discovery,classical_music/classical_musopen_67f1921ea1d2.m4a,cdd171002625c0fde6c533da7b1bdbff56c2f28978025b5186f970cd65e6210b,verified,2026-07-16,
classical_musopen_e0dc320f51e3,classical,musopen-lossless-dvd,"Musopen DVD (lossless)/Goldberg Variations/Goldberg Variations, BWV. 988 - Variation 17.m4a","Goldberg Variations, BWV. 988 - Variation 17",Musopen Kickstarter Project performers,,goldberg_variations_bwv_988,bach,piano_solo,95.173,https://archive.org/details/musopen-lossless-dvd,https://archive.org/download/musopen-lossless-dvd/Musopen-Lossless-DVD.zip/Musopen%20DVD%20%28lossless%29%2FGoldberg%20Variations%2FGoldberg%20Variations%2C%20BWV.%20988%20-%20Variation%2017.m4a,Public Domain Mark 1.0,https://creativecommons.org/publicdomain/mark/1.0/,curated Musopen piano_solo,discovery,classical_music/classical_musopen_e0dc320f51e3.m4a,3be074e68a330573a7fd5a344a8406183c1d390ce7f5964ad2f1ac4b256b3763,verified,2026-07-16,
classical_musopen_19bfd66ce0b8,classical,musopen-lossless-dvd,"Musopen DVD (lossless)/Goldberg Variations/Goldberg Variations, BWV. 988 - Variation 18. Canon on the sixth.m4a","Goldberg Variations, BWV. 988 - Variation 18. Canon on the sixth",Musopen Kickstarter Project performers,,goldberg_variations_bwv_988,bach,piano_solo,88.693,https://archive.org/details/musopen-lossless-dvd,https://archive.org/download/musopen-lossless-dvd/Musopen-Lossless-DVD.zip/Musopen%20DVD%20%28lossless%29%2FGoldberg%20Variations%2FGoldberg%20Variations%2C%20BWV.%20988%20-%20Variation%2018.%20Canon%20on%20the%20sixth.m4a,Public Domain Mark 1.0,https://creativecommons.org/publicdomain/mark/1.0/,curated Musopen piano_solo,discovery,classical_music/classical_musopen_19bfd66ce0b8.m4a,c091cd08fb8fc4541b5680458411754db5c45bf061eff5bd338fee2b08324bc5,verified,2026-07-16,
classical_musopen_2431e0d1cb75,classical,musopen-lossless-dvd,"Musopen DVD (lossless)/Goldberg Variations/Goldberg Variations, BWV. 988 - Variation 19.m4a","Goldberg Variations, BWV. 988 - Variation 19",Musopen Kickstarter Project performers,,goldberg_variations_bwv_988,bach,piano_solo,71.840,https://archive.org/details/musopen-lossless-dvd,https://archive.org/download/musopen-lossless-dvd/Musopen-Lossless-DVD.zip/Musopen%20DVD%20%28lossless%29%2FGoldberg%20Variations%2FGoldberg%20Variations%2C%20BWV.%20988%20-%20Variation%2019.m4a,Public Domain Mark 1.0,https://creativecommons.org/publicdomain/mark/1.0/,curated Musopen piano_solo,discovery,classical_music/classical_musopen_2431e0d1cb75.m4a,996113302352bd05aee14d7a104dc20b14aa3f965098b518b0eb8bf778c15b96,verified,2026-07-16,
classical_musopen_d70f00840b98,classical,musopen-lossless-dvd,"Musopen DVD (lossless)/Goldberg Variations/Goldberg Variations, BWV. 988 - Variation 2.m4a","Goldberg Variations, BWV. 988 - Variation 2",Musopen Kickstarter Project performers,,goldberg_variations_bwv_988,bach,piano_solo,87.667,https://archive.org/details/musopen-lossless-dvd,https://archive.org/download/musopen-lossless-dvd/Musopen-Lossless-DVD.zip/Musopen%20DVD%20%28lossless%29%2FGoldberg%20Variations%2FGoldberg%20Variations%2C%20BWV.%20988%20-%20Variation%202.m4a,Public Domain Mark 1.0,https://creativecommons.org/publicdomain/mark/1.0/,curated Musopen piano_solo,discovery,classical_music/classical_musopen_d70f00840b98.m4a,afbf58f95410834bfd287cbdc358ce34b69fca7916b07e02a17cedecda6c5c0c,verified,2026-07-16,
classical_musopen_1551871968d3,classical,musopen-lossless-dvd,"Musopen DVD (lossless)/Goldberg Variations/Goldberg Variations, BWV. 988 - Variation 20.m4a","Goldberg Variations, BWV. 988 - Variation 20",Musopen Kickstarter Project performers,,goldberg_variations_bwv_988,bach,piano_solo,106.560,https://archive.org/details/musopen-lossless-dvd,https://archive.org/download/musopen-lossless-dvd/Musopen-Lossless-DVD.zip/Musopen%20DVD%20%28lossless%29%2FGoldberg%20Variations%2FGoldberg%20Variations%2C%20BWV.%20988%20-%20Variation%2020.m4a,Public Domain Mark 1.0,https://creativecommons.org/publicdomain/mark/1.0/,curated Musopen piano_solo,discovery,classical_music/classical_musopen_1551871968d3.m4a,d9c1cb18997c7a590173f50febb2111f6cd2ec934d9d6dc5961f92c6c5e190b7,verified,2026-07-16,
classical_musopen_12241f03c895,classical,musopen-lossless-dvd,"Musopen DVD (lossless)/Goldberg Variations/Goldberg Variations, BWV. 988 - Variation 21. Canon on the seventh.m4a","Goldberg Variations, BWV. 988 - Variation 21. Canon on the seventh",Musopen Kickstarter Project performers,,goldberg_variations_bwv_988,bach,piano_solo,97.933,https://archive.org/details/musopen-lossless-dvd,https://archive.org/download/musopen-lossless-dvd/Musopen-Lossless-DVD.zip/Musopen%20DVD%20%28lossless%29%2FGoldberg%20Variations%2FGoldberg%20Variations%2C%20BWV.%20988%20-%20Variation%2021.%20Canon%20on%20the%20seventh.m4a,Public Domain Mark 1.0,https://creativecommons.org/publicdomain/mark/1.0/,curated Musopen piano_solo,discovery,classical_music/classical_musopen_12241f03c895.m4a,50712e587adb1199490908d19a476c9b61a45e4e195c79f5a9bb6ef7ff3e7db3,verified,2026-07-16,
classical_musopen_c787198261a5,classical,musopen-lossless-dvd,"Musopen DVD (lossless)/Goldberg Variations/Goldberg Variations, BWV. 988 - Variation 22.m4a","Goldberg Variations, BWV. 988 - Variation 22",Musopen Kickstarter Project performers,,goldberg_variations_bwv_988,bach,piano_solo,137.067,https://archive.org/details/musopen-lossless-dvd,https://archive.org/download/musopen-lossless-dvd/Musopen-Lossless-DVD.zip/Musopen%20DVD%20%28lossless%29%2FGoldberg%20Variations%2FGoldberg%20Variations%2C%20BWV.%20988%20-%20Variation%2022.m4a,Public Domain Mark 1.0,https://creativecommons.org/publicdomain/mark/1.0/,curated Musopen piano_solo,discovery,classical_music/classical_musopen_c787198261a5.m4a,67423dd9738765ce2968109eac3402e5da7ca404a8d6ae0b470c4451bc42cada,verified,2026-07-16,
classical_musopen_6288d37e8273,classical,musopen-lossless-dvd,"Musopen DVD (lossless)/Goldberg Variations/Goldberg Variations, BWV. 988 - Variation 23.m4a","Goldberg Variations, BWV. 988 - Variation 23",Musopen Kickstarter Project performers,,goldberg_variations_bwv_988,bach,piano_solo,125.240,https://archive.org/details/musopen-lossless-dvd,https://archive.org/download/musopen-lossless-dvd/Musopen-Lossless-DVD.zip/Musopen%20DVD%20%28lossless%29%2FGoldberg%20Variations%2FGoldberg%20Variations%2C%20BWV.%20988%20-%20Variation%2023.m4a,Public Domain Mark 1.0,https://creativecommons.org/publicdomain/mark/1.0/,curated Musopen piano_solo,discovery,classical_music/classical_musopen_6288d37e8273.m4a,84b7397725906c5d6718c1bb7b826da58d811429991e3e8001bec5d93ca3521d,verified,2026-07-16,
classical_musopen_22818b508e94,classical,musopen-lossless-dvd,"Musopen DVD (lossless)/Goldberg Variations/Goldberg Variations, BWV. 988 - Variation 24. Canon on the octave.m4a","Goldberg Variations, BWV. 988 - Variation 24. Canon on the octave",Musopen Kickstarter Project performers,,goldberg_variations_bwv_988,bach,piano_solo,165.227,https://archive.org/details/musopen-lossless-dvd,https://archive.org/download/musopen-lossless-dvd/Musopen-Lossless-DVD.zip/Musopen%20DVD%20%28lossless%29%2FGoldberg%20Variations%2FGoldberg%20Variations%2C%20BWV.%20988%20-%20Variation%2024.%20Canon%20on%20the%20octave.m4a,Public Domain Mark 1.0,https://creativecommons.org/publicdomain/mark/1.0/,curated Musopen piano_solo,discovery,classical_music/classical_musopen_22818b508e94.m4a,0342003af2d63cc79aba757fe2c523d209f961c7eff359b561a73ce0794a5276,verified,2026-07-16,
classical_musopen_d3fcd3c28c74,classical,musopen-lossless-dvd,"Musopen DVD (lossless)/Goldberg Variations/Goldberg Variations, BWV. 988 - Variation 25.m4a","Goldberg Variations, BWV. 988 - Variation 25",Musopen Kickstarter Project performers,,goldberg_variations_bwv_988,bach,piano_solo,410.507,https://archive.org/details/musopen-lossless-dvd,https://archive.org/download/musopen-lossless-dvd/Musopen-Lossless-DVD.zip/Musopen%20DVD%20%28lossless%29%2FGoldberg%20Variations%2FGoldberg%20Variations%2C%20BWV.%20988%20-%20Variation%2025.m4a,Public Domain Mark 1.0,https://creativecommons.org/publicdomain/mark/1.0/,curated Musopen piano_solo,discovery,classical_music/classical_musopen_d3fcd3c28c74.m4a,d8b1ff05f5a741ba63f64db95f03f355e5d28f1dbac4d8c527aaabcf850ba9ff,verified,2026-07-16,
classical_musopen_90f0e736fe47,classical,musopen-lossless-dvd,"Musopen DVD (lossless)/Goldberg Variations/Goldberg Variations, BWV. 988 - Variation 26.m4a","Goldberg Variations, BWV. 988 - Variation 26",Musopen Kickstarter Project performers,,goldberg_variations_bwv_988,bach,piano_solo,110.160,https://archive.org/details/musopen-lossless-dvd,https://archive.org/download/musopen-lossless-dvd/Musopen-Lossless-DVD.zip/Musopen%20DVD%20%28lossless%29%2FGoldberg%20Variations%2FGoldberg%20Variations%2C%20BWV.%20988%20-%20Variation%2026.m4a,Public Domain Mark 1.0,https://creativecommons.org/publicdomain/mark/1.0/,curated Musopen piano_solo,discovery,classical_music/classical_musopen_90f0e736fe47.m4a,408dccf63fa8cdb2bceabd760b2a049db729b12117bc737be04cd81e7fc52263,verified,2026-07-16,
classical_musopen_738d2a0f7b4c,classical,musopen-lossless-dvd,"Musopen DVD (lossless)/Goldberg Variations/Goldberg Variations, BWV. 988 - Variation 27. Canon on the ninth.m4a","Goldberg Variations, BWV. 988 - Variation 27. Canon on the ninth",Musopen Kickstarter Project performers,,goldberg_variations_bwv_988,bach,piano_solo,93.867,https://archive.org/details/musopen-lossless-dvd,https://archive.org/download/musopen-lossless-dvd/Musopen-Lossless-DVD.zip/Musopen%20DVD%20%28lossless%29%2FGoldberg%20Variations%2FGoldberg%20Variations%2C%20BWV.%20988%20-%20Variation%2027.%20Canon%20on%20the%20ninth.m4a,Public Domain Mark 1.0,https://creativecommons.org/publicdomain/mark/1.0/,curated Musopen piano_solo,discovery,classical_music/classical_musopen_738d2a0f7b4c.m4a,c79d108f5f30233d290673e6fca53eebe7180e215c1ae3dbf481ead9b5add222,verified,2026-07-16,
classical_musopen_6c30622a4e97,classical,musopen-lossless-dvd,"Musopen DVD (lossless)/Goldberg Variations/Goldberg Variations, BWV. 988 - Variation 28.m4a","Goldberg Variations, BWV. 988 - Variation 28",Musopen Kickstarter Project performers,,goldberg_variations_bwv_988,bach,piano_solo,136.600,https://archive.org/details/musopen-lossless-dvd,https://archive.org/download/musopen-lossless-dvd/Musopen-Lossless-DVD.zip/Musopen%20DVD%20%28lossless%29%2FGoldberg%20Variations%2FGoldberg%20Variations%2C%20BWV.%20988%20-%20Variation%2028.m4a,Public Domain Mark 1.0,https://creativecommons.org/publicdomain/mark/1.0/,curated Musopen piano_solo,discovery,classical_music/classical_musopen_6c30622a4e97.m4a,94d43e56a54982d518780f0a1f7a428973ffd9dab3f8bee96636bc0ae3699c6a,verified,2026-07-16,
classical_musopen_4832911d08b7,classical,musopen-lossless-dvd,"Musopen DVD (lossless)/Goldberg Variations/Goldberg Variations, BWV. 988 - Variation 29.m4a","Goldberg Variations, BWV. 988 - Variation 29",Musopen Kickstarter Project performers,,goldberg_variations_bwv_988,bach,piano_solo,118.773,https://archive.org/details/musopen-lossless-dvd,https://archive.org/download/musopen-lossless-dvd/Musopen-Lossless-DVD.zip/Musopen%20DVD%20%28lossless%29%2FGoldberg%20Variations%2FGoldberg%20Variations%2C%20BWV.%20988%20-%20Variation%2029.m4a,Public Domain Mark 1.0,https://creativecommons.org/publicdomain/mark/1.0/,curated Musopen piano_solo,discovery,classical_music/classical_musopen_4832911d08b7.m4a,02aebade2c3a05e83f31ab75e3d42a326608eaab7b58544e7fdead07c7000b70,verified,2026-07-16,
classical_musopen_cc8d87d2b00c,classical,musopen-lossless-dvd,"Musopen DVD (lossless)/Goldberg Variations/Goldberg Variations, BWV. 988 - Variation 3. Canon on the unison.m4a","Goldberg Variations, BWV. 988 - Variation 3. Canon on the unison",Musopen Kickstarter Project performers,,goldberg_variations_bwv_988,bach,piano_solo,113.400,https://archive.org/details/musopen-lossless-dvd,https://archive.org/download/musopen-lossless-dvd/Musopen-Lossless-DVD.zip/Musopen%20DVD%20%28lossless%29%2FGoldberg%20Variations%2FGoldberg%20Variations%2C%20BWV.%20988%20-%20Variation%203.%20Canon%20on%20the%20unison.m4a,Public Domain Mark 1.0,https://creativecommons.org/publicdomain/mark/1.0/,curated Musopen piano_solo,discovery,classical_music/classical_musopen_cc8d87d2b00c.m4a,98f6c2fb8e98bf25a6fa5c84007599fb9b2bf80c2e4f18b4ef0509975992d976,verified,2026-07-16,
classical_musopen_3d194a9bdaa5,classical,musopen-lossless-dvd,"Musopen DVD (lossless)/Goldberg Variations/Goldberg Variations, BWV. 988 - Variation 30. Quodlibet.m4a","Goldberg Variations, BWV. 988 - Variation 30. Quodlibet",Musopen Kickstarter Project performers,,goldberg_variations_bwv_988,bach,piano_solo,102.693,https://archive.org/details/musopen-lossless-dvd,https://archive.org/download/musopen-lossless-dvd/Musopen-Lossless-DVD.zip/Musopen%20DVD%20%28lossless%29%2FGoldberg%20Variations%2FGoldberg%20Variations%2C%20BWV.%20988%20-%20Variation%2030.%20Quodlibet.m4a,Public Domain Mark 1.0,https://creativecommons.org/publicdomain/mark/1.0/,curated Musopen piano_solo,discovery,classical_music/classical_musopen_3d194a9bdaa5.m4a,937184208e5c0b2f137818df8453f8e9e01af62928ff0af4a61741cb6f8b9456,verified,2026-07-16,
classical_musopen_c867a2eeaae9,classical,musopen-lossless-dvd,"Musopen DVD (lossless)/Goldberg Variations/Goldberg Variations, BWV. 988 - Variation 4.m4a","Goldberg Variations, BWV. 988 - Variation 4",Musopen Kickstarter Project performers,,goldberg_variations_bwv_988,bach,piano_solo,53.707,https://archive.org/details/musopen-lossless-dvd,https://archive.org/download/musopen-lossless-dvd/Musopen-Lossless-DVD.zip/Musopen%20DVD%20%28lossless%29%2FGoldberg%20Variations%2FGoldberg%20Variations%2C%20BWV.%20988%20-%20Variation%204.m4a,Public Domain Mark 1.0,https://creativecommons.org/publicdomain/mark/1.0/,curated Musopen piano_solo,discovery,classical_music/classical_musopen_c867a2eeaae9.m4a,e49849611c94ca02b4b13239f34bb5ea7fd7720885e36016d510ed0a72eb997a,verified,2026-07-16,
classical_musopen_6911e41c184d,classical,musopen-lossless-dvd,"Musopen DVD (lossless)/Goldberg Variations/Goldberg Variations, BWV. 988 - Variation 5.m4a","Goldberg Variations, BWV. 988 - Variation 5",Musopen Kickstarter Project performers,,goldberg_variations_bwv_988,bach,piano_solo,77.933,https://archive.org/details/musopen-lossless-dvd,https://archive.org/download/musopen-lossless-dvd/Musopen-Lossless-DVD.zip/Musopen%20DVD%20%28lossless%29%2FGoldberg%20Variations%2FGoldberg%20Variations%2C%20BWV.%20988%20-%20Variation%205.m4a,Public Domain Mark 1.0,https://creativecommons.org/publicdomain/mark/1.0/,curated Musopen piano_solo,discovery,classical_music/classical_musopen_6911e41c184d.m4a,08882f1fb48db9eff6075b13d26853fc4300c803540845aa34ae9eeb6b853be0,verified,2026-07-16,
classical_musopen_4ebac9c72c1e,classical,musopen-lossless-dvd,"Musopen DVD (lossless)/Goldberg Variations/Goldberg Variations, BWV. 988 - Variation 6. Canon on the second.m4a","Goldberg Variations, BWV. 988 - Variation 6. Canon on the second",Musopen Kickstarter Project performers,,goldberg_variations_bwv_988,bach,piano_solo,62.160,https://archive.org/details/musopen-lossless-dvd,https://archive.org/download/musopen-lossless-dvd/Musopen-Lossless-DVD.zip/Musopen%20DVD%20%28lossless%29%2FGoldberg%20Variations%2FGoldberg%20Variations%2C%20BWV.%20988%20-%20Variation%206.%20Canon%20on%20the%20second.m4a,Public Domain Mark 1.0,https://creativecommons.org/publicdomain/mark/1.0/,curated Musopen piano_solo,discovery,classical_music/classical_musopen_4ebac9c72c1e.m4a,356e3e88a72524f8a71c56c2931ae42db11368b624afd8de75f4bab5a7a95f69,verified,2026-07-16,
classical_musopen_af6a2556f0c9,classical,musopen-lossless-dvd,"Musopen DVD (lossless)/Goldberg Variations/Goldberg Variations, BWV. 988 - Variation 7.m4a","Goldberg Variations, BWV. 988 - Variation 7",Musopen Kickstarter Project performers,,goldberg_variations_bwv_988,bach,piano_solo,174.667,https://archive.org/details/musopen-lossless-dvd,https://archive.org/download/musopen-lossless-dvd/Musopen-Lossless-DVD.zip/Musopen%20DVD%20%28lossless%29%2FGoldberg%20Variations%2FGoldberg%20Variations%2C%20BWV.%20988%20-%20Variation%207.m4a,Public Domain Mark 1.0,https://creativecommons.org/publicdomain/mark/1.0/,curated Musopen piano_solo,discovery,classical_music/classical_musopen_af6a2556f0c9.m4a,f3df170bcd8f073b808fe343927d19de46cee8d3deca1a09e15f8fb799c7ef1b,verified,2026-07-16,
classical_musopen_0ddcc98bc949,classical,musopen-lossless-dvd,"Musopen DVD (lossless)/Goldberg Variations/Goldberg Variations, BWV. 988 - Variation 8.m4a","Goldberg Variations, BWV. 988 - Variation 8",Musopen Kickstarter Project performers,,goldberg_variations_bwv_988,bach,piano_solo,103.600,https://archive.org/details/musopen-lossless-dvd,https://archive.org/download/musopen-lossless-dvd/Musopen-Lossless-DVD.zip/Musopen%20DVD%20%28lossless%29%2FGoldberg%20Variations%2FGoldberg%20Variations%2C%20BWV.%20988%20-%20Variation%208.m4a,Public Domain Mark 1.0,https://creativecommons.org/publicdomain/mark/1.0/,curated Musopen piano_solo,discovery,classical_music/classical_musopen_0ddcc98bc949.m4a,c7f8a0353a3c77db1acd36be61b3ac1f8b33f962186062691aac6e3f8f24e395,verified,2026-07-16,
classical_musopen_f1de65f9d30b,classical,musopen-lossless-dvd,"Musopen DVD (lossless)/Goldberg Variations/Goldberg Variations, BWV. 988 - Variation 9. Canon on the third.m4a","Goldberg Variations, BWV. 988 - Variation 9. Canon on the third",Musopen Kickstarter Project performers,,goldberg_variations_bwv_988,bach,piano_solo,99.933,https://archive.org/details/musopen-lossless-dvd,https://archive.org/download/musopen-lossless-dvd/Musopen-Lossless-DVD.zip/Musopen%20DVD%20%28lossless%29%2FGoldberg%20Variations%2FGoldberg%20Variations%2C%20BWV.%20988%20-%20Variation%209.%20Canon%20on%20the%20third.m4a,Public Domain Mark 1.0,https://creativecommons.org/publicdomain/mark/1.0/,curated Musopen piano_solo,discovery,classical_music/classical_musopen_f1de65f9d30b.m4a,dba45f81d8e9e1b524d78e35b6c9c8f8349cafed8cf0d4bbe4f60fdf51497b27,verified,2026-07-16,
classical_musopen_ad4d8a90f9bc,classical,musopen-dvd-standard-fallback,"Musopen DVD/Schubert - The Piano Sonatas/Sonata A Major, D. 664 - I. Allegro moderato.mp3","Sonata A Major, D. 664 - I. Allegro moderato",Musopen Kickstarter Project performers,,schubert_sonata_d_664,schubert,piano_solo,466.233469,https://archive.org/details/musopen-dvd,https://archive.org/download/musopen-dvd/Musopen-DVD.zip/Musopen%20DVD%2FSchubert%20-%20The%20Piano%20Sonatas%2FSonata%20A%20Major%2C%20D.%20664%20-%20I.%20Allegro%20moderato.mp3,Public Domain Mark 1.0,https://creativecommons.org/publicdomain/mark/1.0/,curated Musopen piano_solo; standard-DVD fallback for unavailable lossless member,validation,classical_music/classical_musopen_ad4d8a90f9bc.mp3,69393a3da3a14c27996f970b11d1b90fa44d5380acb5ee08268bcab949291353,verified,2026-07-16,
classical_musopen_05c904fe5b10,classical,musopen-dvd-standard-fallback,"Musopen DVD/Schubert - The Piano Sonatas/Sonata A Major, D. 664 - II. Andante.mp3","Sonata A Major, D. 664 - II. Andante",Musopen Kickstarter Project performers,,schubert_sonata_d_664,schubert,piano_solo,290.899592,https://archive.org/details/musopen-dvd,https://archive.org/download/musopen-dvd/Musopen-DVD.zip/Musopen%20DVD%2FSchubert%20-%20The%20Piano%20Sonatas%2FSonata%20A%20Major%2C%20D.%20664%20-%20II.%20Andante.mp3,Public Domain Mark 1.0,https://creativecommons.org/publicdomain/mark/1.0/,curated Musopen piano_solo; standard-DVD fallback for unavailable lossless member,validation,classical_music/classical_musopen_05c904fe5b10.mp3,d4ff9c557b51f3455e4e6c4e2ca02a1ac6d28c4ffc419ece66e50693005c5bbd,verified,2026-07-16,
classical_musopen_33730045e3a6,classical,musopen-dvd-standard-fallback,"Musopen DVD/Schubert - The Piano Sonatas/Sonata A Major, D. 664 - III. Allegro.mp3","Sonata A Major, D. 664 - III. Allegro",Musopen Kickstarter Project performers,,schubert_sonata_d_664,schubert,piano_solo,347.924898,https://archive.org/details/musopen-dvd,https://archive.org/download/musopen-dvd/Musopen-DVD.zip/Musopen%20DVD%2FSchubert%20-%20The%20Piano%20Sonatas%2FSonata%20A%20Major%2C%20D.%20664%20-%20III.%20Allegro.mp3,Public Domain Mark 1.0,https://creativecommons.org/publicdomain/mark/1.0/,curated Musopen piano_solo; standard-DVD fallback for unavailable lossless member,validation,classical_music/classical_musopen_33730045e3a6.mp3,8db9260e116f68f5088c974deabbe9f5e0e358149cc9079d55ed518af7421e65,verified,2026-07-16,
classical_musopen_baea77fb0fba,classical,musopen-lossless-dvd,"Musopen DVD (lossless)/Schubert - The Piano Sonatas/Sonata in A Minor, D. 784 - I. Allegro giusto.m4a","Sonata in A Minor, D. 784 - I. Allegro giusto",Musopen Kickstarter Project performers,,schubert_sonata_d_784,schubert,piano_solo,529.147,https://archive.org/details/musopen-lossless-dvd,https://archive.org/download/musopen-lossless-dvd/Musopen-Lossless-DVD.zip/Musopen%20DVD%20%28lossless%29%2FSchubert%20-%20The%20Piano%20Sonatas%2FSonata%20in%20A%20Minor%2C%20D.%20784%20-%20I.%20Allegro%20giusto.m4a,Public Domain Mark 1.0,https://creativecommons.org/publicdomain/mark/1.0/,curated Musopen piano_solo,validation,classical_music/classical_musopen_baea77fb0fba.m4a,bb1e714b11d388a75d25b99ddb7bbf650b6b3223e7aa5866019494774d7eeb64,verified,2026-07-16,
classical_musopen_85b8d83993e5,classical,musopen-lossless-dvd,"Musopen DVD (lossless)/Schubert - The Piano Sonatas/Sonata in A Minor, D. 784 - II. Andante.m4a","Sonata in A Minor, D. 784 - II. Andante",Musopen Kickstarter Project performers,,schubert_sonata_d_784,schubert,piano_solo,229.760,https://archive.org/details/musopen-lossless-dvd,https://archive.org/download/musopen-lossless-dvd/Musopen-Lossless-DVD.zip/Musopen%20DVD%20%28lossless%29%2FSchubert%20-%20The%20Piano%20Sonatas%2FSonata%20in%20A%20Minor%2C%20D.%20784%20-%20II.%20Andante.m4a,Public Domain Mark 1.0,https://creativecommons.org/publicdomain/mark/1.0/,curated Musopen piano_solo,validation,classical_music/classical_musopen_85b8d83993e5.m4a,6d112f0a5994ce6f73444b18a758de2736e0cdde1b1313807a36dcdf5cc7308c,verified,2026-07-16,
classical_musopen_b5e0f49dce63,classical,musopen-lossless-dvd,"Musopen DVD (lossless)/Schubert - The Piano Sonatas/Sonata in A Minor, D. 784 - III. Allegro vivace.m4a","Sonata in A Minor, D. 784 - III. Allegro vivace",Musopen Kickstarter Project performers,,schubert_sonata_d_784,schubert,piano_solo,371.440,https://archive.org/details/musopen-lossless-dvd,https://archive.org/download/musopen-lossless-dvd/Musopen-Lossless-DVD.zip/Musopen%20DVD%20%28lossless%29%2FSchubert%20-%20The%20Piano%20Sonatas%2FSonata%20in%20A%20Minor%2C%20D.%20784%20-%20III.%20Allegro%20vivace.m4a,Public Domain Mark 1.0,https://creativecommons.org/publicdomain/mark/1.0/,curated Musopen piano_solo,validation,classical_music/classical_musopen_b5e0f49dce63.m4a,b52c0feb9f74dca49c75fc167f17ad549d808f10d81f4260aa189b77d4a9d78a,verified,2026-07-16,
classical_musopen_53427878778a,classical,musopen-lossless-dvd,"Musopen DVD (lossless)/Schubert - The Piano Sonatas/Sonata in A Minor, D. 845 - I. Moderato.m4a","Sonata in A Minor, D. 845 - I. Moderato",Musopen Kickstarter Project performers,,schubert_sonata_d_845,schubert,piano_solo,696.333,https://archive.org/details/musopen-lossless-dvd,https://archive.org/download/musopen-lossless-dvd/Musopen-Lossless-DVD.zip/Musopen%20DVD%20%28lossless%29%2FSchubert%20-%20The%20Piano%20Sonatas%2FSonata%20in%20A%20Minor%2C%20D.%20845%20-%20I.%20Moderato.m4a,Public Domain Mark 1.0,https://creativecommons.org/publicdomain/mark/1.0/,curated Musopen piano_solo,validation,classical_music/classical_musopen_53427878778a.m4a,ac94a522b509b72195bcf5c6e2ebdbcffc73f12b7f6643ecede0a71a0cf27d8a,verified,2026-07-16,
classical_musopen_d80a81db9e9a,classical,musopen-lossless-dvd,"Musopen DVD (lossless)/Schubert - The Piano Sonatas/Sonata in A Minor, D. 845 - II. Andante poco mosso.m4a","Sonata in A Minor, D. 845 - II. Andante poco mosso",Musopen Kickstarter Project performers,,schubert_sonata_d_845,schubert,piano_solo,784.133,https://archive.org/details/musopen-lossless-dvd,https://archive.org/download/musopen-lossless-dvd/Musopen-Lossless-DVD.zip/Musopen%20DVD%20%28lossless%29%2FSchubert%20-%20The%20Piano%20Sonatas%2FSonata%20in%20A%20Minor%2C%20D.%20845%20-%20II.%20Andante%20poco%20mosso.m4a,Public Domain Mark 1.0,https://creativecommons.org/publicdomain/mark/1.0/,curated Musopen piano_solo,validation,classical_music/classical_musopen_d80a81db9e9a.m4a,82ac6fd57e875ab7f10acee063661498efbfa1d652fb77ede4bf1f9ba44d572a,verified,2026-07-16,
classical_musopen_66e009cc7ce8,classical,musopen-lossless-dvd,"Musopen DVD (lossless)/Schubert - The Piano Sonatas/Sonata in A Minor, D. 845 - III. Scherzo. Allegro vivace - Trio. Un poco piu lento.m4a","Sonata in A Minor, D. 845 - III. Scherzo. Allegro vivace - Trio. Un poco piu lento",Musopen Kickstarter Project performers,,schubert_sonata_d_845,schubert,piano_solo,475.613,https://archive.org/details/musopen-lossless-dvd,https://archive.org/download/musopen-lossless-dvd/Musopen-Lossless-DVD.zip/Musopen%20DVD%20%28lossless%29%2FSchubert%20-%20The%20Piano%20Sonatas%2FSonata%20in%20A%20Minor%2C%20D.%20845%20-%20III.%20Scherzo.%20Allegro%20vivace%20-%20Trio.%20Un%20poco%20piu%20lento.m4a,Public Domain Mark 1.0,https://creativecommons.org/publicdomain/mark/1.0/,curated Musopen piano_solo,validation,classical_music/classical_musopen_66e009cc7ce8.m4a,c331a71a6683aba9ad9c0b02329d2c561b0bbdea208fdad10b9087ef386e087e,verified,2026-07-16,
classical_musopen_9e92b1162c06,classical,musopen-lossless-dvd,"Musopen DVD (lossless)/Schubert - The Piano Sonatas/Sonata in A Minor, D. 845 - IV. Rondo. Allegro vivace.m4a","Sonata in A Minor, D. 845 - IV. Rondo. Allegro vivace",Musopen Kickstarter Project performers,,schubert_sonata_d_845,schubert,piano_solo,362.680,https://archive.org/details/musopen-lossless-dvd,https://archive.org/download/musopen-lossless-dvd/Musopen-Lossless-DVD.zip/Musopen%20DVD%20%28lossless%29%2FSchubert%20-%20The%20Piano%20Sonatas%2FSonata%20in%20A%20Minor%2C%20D.%20845%20-%20IV.%20Rondo.%20Allegro%20vivace.m4a,Public Domain Mark 1.0,https://creativecommons.org/publicdomain/mark/1.0/,curated Musopen piano_solo,validation,classical_music/classical_musopen_9e92b1162c06.m4a,1a4fcaeaa763a0b5327c16e4282cde74b8d8ac517c1893ad1a272426ce928ea9,verified,2026-07-16,
classical_musopen_e542fa316458,classical,musopen-lossless-dvd,"Musopen DVD (lossless)/Schubert - The Piano Sonatas/Sonata in A Minor, D. 959 - I. Allegro.m4a","Sonata in A Minor, D. 959 - I. Allegro",Musopen Kickstarter Project performers,,schubert_sonata_d_959,schubert,piano_solo,690.133,https://archive.org/details/musopen-lossless-dvd,https://archive.org/download/musopen-lossless-dvd/Musopen-Lossless-DVD.zip/Musopen%20DVD%20%28lossless%29%2FSchubert%20-%20The%20Piano%20Sonatas%2FSonata%20in%20A%20Minor%2C%20D.%20959%20-%20I.%20Allegro.m4a,Public Domain Mark 1.0,https://creativecommons.org/publicdomain/mark/1.0/,curated Musopen piano_solo,validation,classical_music/classical_musopen_e542fa316458.m4a,2dc0e6ee592af6634c76764572c1268fc345ad3ebb50c51f240a2c28ee4f7a7f,verified,2026-07-16,
classical_musopen_40a2fd43125a,classical,musopen-lossless-dvd,"Musopen DVD (lossless)/Schubert - The Piano Sonatas/Sonata in A Minor, D. 959 - II. Andantino.m4a","Sonata in A Minor, D. 959 - II. Andantino",Musopen Kickstarter Project performers,,schubert_sonata_d_959,schubert,piano_solo,545.960,https://archive.org/details/musopen-lossless-dvd,https://archive.org/download/musopen-lossless-dvd/Musopen-Lossless-DVD.zip/Musopen%20DVD%20%28lossless%29%2FSchubert%20-%20The%20Piano%20Sonatas%2FSonata%20in%20A%20Minor%2C%20D.%20959%20-%20II.%20Andantino.m4a,Public Domain Mark 1.0,https://creativecommons.org/publicdomain/mark/1.0/,curated Musopen piano_solo,validation,classical_music/classical_musopen_40a2fd43125a.m4a,98fe3d85d65d6ce8fa82d19b063703cf6eec2be58ff5236c8af382485af39372,verified,2026-07-16,
classical_musopen_d9826478969c,classical,musopen-lossless-dvd,"Musopen DVD (lossless)/Schubert - The Piano Sonatas/Sonata in A Minor, D. 959 - III. Scherzo. Allegro vivace.m4a","Sonata in A Minor, D. 959 - III. Scherzo. Allegro vivace",Musopen Kickstarter Project performers,,schubert_sonata_d_959,schubert,piano_solo,325.573,https://archive.org/details/musopen-lossless-dvd,https://archive.org/download/musopen-lossless-dvd/Musopen-Lossless-DVD.zip/Musopen%20DVD%20%28lossless%29%2FSchubert%20-%20The%20Piano%20Sonatas%2FSonata%20in%20A%20Minor%2C%20D.%20959%20-%20III.%20Scherzo.%20Allegro%20vivace.m4a,Public Domain Mark 1.0,https://creativecommons.org/publicdomain/mark/1.0/,curated Musopen piano_solo,validation,classical_music/classical_musopen_d9826478969c.m4a,5297cd290861fca449e84c7128cdc04854c36d9beda0d10145579ee7e81c7005,verified,2026-07-16,
classical_musopen_2873bce09ec4,classical,musopen-lossless-dvd,"Musopen DVD (lossless)/Schubert - The Piano Sonatas/Sonata in A Minor, D. 959 - IV. Rondo. Allegretto.m4a","Sonata in A Minor, D. 959 - IV. Rondo. Allegretto",Musopen Kickstarter Project performers,,schubert_sonata_d_959,schubert,piano_solo,714.880,https://archive.org/details/musopen-lossless-dvd,https://archive.org/download/musopen-lossless-dvd/Musopen-Lossless-DVD.zip/Musopen%20DVD%20%28lossless%29%2FSchubert%20-%20The%20Piano%20Sonatas%2FSonata%20in%20A%20Minor%2C%20D.%20959%20-%20IV.%20Rondo.%20Allegretto.m4a,Public Domain Mark 1.0,https://creativecommons.org/publicdomain/mark/1.0/,curated Musopen piano_solo,validation,classical_music/classical_musopen_2873bce09ec4.m4a,595d51bba9f670ea94282148c504b86b99a94968504e5cc2df14ab5064e07909,verified,2026-07-16,
classical_musopen_215977f7d168,classical,musopen-lossless-dvd,"Musopen DVD (lossless)/Schubert - The Piano Sonatas/Sonata in C Minor, D. 958 - I. Allegro.m4a","Sonata in C Minor, D. 958 - I. Allegro",Musopen Kickstarter Project performers,,schubert_sonata_d_958,schubert,piano_solo,710.573,https://archive.org/details/musopen-lossless-dvd,https://archive.org/download/musopen-lossless-dvd/Musopen-Lossless-DVD.zip/Musopen%20DVD%20%28lossless%29%2FSchubert%20-%20The%20Piano%20Sonatas%2FSonata%20in%20C%20Minor%2C%20D.%20958%20-%20I.%20Allegro.m4a,Public Domain Mark 1.0,https://creativecommons.org/publicdomain/mark/1.0/,curated Musopen piano_solo,validation,classical_music/classical_musopen_215977f7d168.m4a,5b96a2ddd2daf0468c45c6a04568f8600c09c76937b5f35a21393cf031424153,verified,2026-07-16,
classical_musopen_d89f306017d2,classical,musopen-lossless-dvd,"Musopen DVD (lossless)/Schubert - The Piano Sonatas/Sonata in C Minor, D. 958 - II. Adagio.m4a","Sonata in C Minor, D. 958 - II. Adagio",Musopen Kickstarter Project performers,,schubert_sonata_d_958,schubert,piano_solo,468.373,https://archive.org/details/musopen-lossless-dvd,https://archive.org/download/musopen-lossless-dvd/Musopen-Lossless-DVD.zip/Musopen%20DVD%20%28lossless%29%2FSchubert%20-%20The%20Piano%20Sonatas%2FSonata%20in%20C%20Minor%2C%20D.%20958%20-%20II.%20Adagio.m4a,Public Domain Mark 1.0,https://creativecommons.org/publicdomain/mark/1.0/,curated Musopen piano_solo,validation,classical_music/classical_musopen_d89f306017d2.m4a,ea331b6d3ac20813b78fd97ee03d2eb08683e72edddd873bf559fed145374fea,verified,2026-07-16,
classical_musopen_fe9f4f266c55,classical,musopen-lossless-dvd,"Musopen DVD (lossless)/Schubert - The Piano Sonatas/Sonata in C Minor, D. 958 - III. Menuetto Allegro.m4a","Sonata in C Minor, D. 958 - III. Menuetto Allegro",Musopen Kickstarter Project performers,,schubert_sonata_d_958,schubert,piano_solo,194.613,https://archive.org/details/musopen-lossless-dvd,https://archive.org/download/musopen-lossless-dvd/Musopen-Lossless-DVD.zip/Musopen%20DVD%20%28lossless%29%2FSchubert%20-%20The%20Piano%20Sonatas%2FSonata%20in%20C%20Minor%2C%20D.%20958%20-%20III.%20Menuetto%20Allegro.m4a,Public Domain Mark 1.0,https://creativecommons.org/publicdomain/mark/1.0/,curated Musopen piano_solo,validation,classical_music/classical_musopen_fe9f4f266c55.m4a,3f91b39ab6518c955a92c07b3338df4487673c6784565b6c4862eaf30b8e9fb0,verified,2026-07-16,
classical_musopen_281136d63fb7,classical,musopen-lossless-dvd,"Musopen DVD (lossless)/Schubert - The Piano Sonatas/Sonata in C Minor, D. 958 - IV. Allegro.m4a","Sonata in C Minor, D. 958 - IV. Allegro",Musopen Kickstarter Project performers,,schubert_sonata_d_958,schubert,piano_solo,655.520,https://archive.org/details/musopen-lossless-dvd,https://archive.org/download/musopen-lossless-dvd/Musopen-Lossless-DVD.zip/Musopen%20DVD%20%28lossless%29%2FSchubert%20-%20The%20Piano%20Sonatas%2FSonata%20in%20C%20Minor%2C%20D.%20958%20-%20IV.%20Allegro.m4a,Public Domain Mark 1.0,https://creativecommons.org/publicdomain/mark/1.0/,curated Musopen piano_solo,validation,classical_music/classical_musopen_281136d63fb7.m4a,8cddf51670a8ce680bfc629d881a82996c096ad9c5fc959da5993a451cf269d5,verified,2026-07-16,
classical_musopen_fcb18467286d,classical,musopen-lossless-dvd,"Musopen DVD (lossless)/Schubert - The Piano Sonatas/Sonata in D Major, D. 850 - I. Allegro vivace.m4a","Sonata in D Major, D. 850 - I. Allegro vivace",Musopen Kickstarter Project performers,,schubert_sonata_d_850,schubert,piano_solo,578.173,https://archive.org/details/musopen-lossless-dvd,https://archive.org/download/musopen-lossless-dvd/Musopen-Lossless-DVD.zip/Musopen%20DVD%20%28lossless%29%2FSchubert%20-%20The%20Piano%20Sonatas%2FSonata%20in%20D%20Major%2C%20D.%20850%20-%20I.%20Allegro%20vivace.m4a,Public Domain Mark 1.0,https://creativecommons.org/publicdomain/mark/1.0/,curated Musopen piano_solo,validation,classical_music/classical_musopen_fcb18467286d.m4a,3eaefe1e6f6343723dadb51c36622738ce2f9c2fb8a79409e17dddf55c3792b3,verified,2026-07-16,
classical_musopen_f6b26962c493,classical,musopen-lossless-dvd,"Musopen DVD (lossless)/Schubert - The Piano Sonatas/Sonata in D Major, D. 850 - II. Con moto.m4a","Sonata in D Major, D. 850 - II. Con moto",Musopen Kickstarter Project performers,,schubert_sonata_d_850,schubert,piano_solo,726.067,https://archive.org/details/musopen-lossless-dvd,https://archive.org/download/musopen-lossless-dvd/Musopen-Lossless-DVD.zip/Musopen%20DVD%20%28lossless%29%2FSchubert%20-%20The%20Piano%20Sonatas%2FSonata%20in%20D%20Major%2C%20D.%20850%20-%20II.%20Con%20moto.m4a,Public Domain Mark 1.0,https://creativecommons.org/publicdomain/mark/1.0/,curated Musopen piano_solo,validation,classical_music/classical_musopen_f6b26962c493.m4a,9f7040a39a86a4649703991d19f0680b269e0e9d7b533568d7c8db34635fb6a9,verified,2026-07-16,
classical_musopen_9e03803778c4,classical,musopen-lossless-dvd,"Musopen DVD (lossless)/Schubert - The Piano Sonatas/Sonata in D Major, D. 850 - III. Scherzo. Allegro vivace.m4a","Sonata in D Major, D. 850 - III. Scherzo. Allegro vivace",Musopen Kickstarter Project performers,,schubert_sonata_d_850,schubert,piano_solo,629.467,https://archive.org/details/musopen-lossless-dvd,https://archive.org/download/musopen-lossless-dvd/Musopen-Lossless-DVD.zip/Musopen%20DVD%20%28lossless%29%2FSchubert%20-%20The%20Piano%20Sonatas%2FSonata%20in%20D%20Major%2C%20D.%20850%20-%20III.%20Scherzo.%20Allegro%20vivace.m4a,Public Domain Mark 1.0,https://creativecommons.org/publicdomain/mark/1.0/,curated Musopen piano_solo,validation,classical_music/classical_musopen_9e03803778c4.m4a,ca2e2b0468d2a874ca746c3fc9dc9cf6efb8bbde331de825aac0a1ce956acd2a,verified,2026-07-16,
classical_musopen_373729be509d,classical,musopen-lossless-dvd,"Musopen DVD (lossless)/Schubert - The Piano Sonatas/Sonata in D Major, D. 850 - V. Rondo. Allegro moderato.m4a","Sonata in D Major, D. 850 - V. Rondo. Allegro moderato",Musopen Kickstarter Project performers,,schubert_sonata_d_850,schubert,piano_solo,556.053,https://archive.org/details/musopen-lossless-dvd,https://archive.org/download/musopen-lossless-dvd/Musopen-Lossless-DVD.zip/Musopen%20DVD%20%28lossless%29%2FSchubert%20-%20The%20Piano%20Sonatas%2FSonata%20in%20D%20Major%2C%20D.%20850%20-%20V.%20Rondo.%20Allegro%20moderato.m4a,Public Domain Mark 1.0,https://creativecommons.org/publicdomain/mark/1.0/,curated Musopen piano_solo,validation,classical_music/classical_musopen_373729be509d.m4a,d6f6c499c93a59f07dd336f16e4ecf28d85444c6b629b711b2ddbd793a3454bf,verified,2026-07-16,
classical_musopen_a1e65e9cab92,classical,musopen-lossless-dvd,"Musopen DVD (lossless)/Schubert - The Piano Sonatas/Sonata in E Flat Major, D. 568 - I. Allegro moderato.m4a","Sonata in E Flat Major, D. 568 - I. Allegro moderato",Musopen Kickstarter Project performers,,schubert_sonata_d_568,schubert,piano_solo,647.333,https://archive.org/details/musopen-lossless-dvd,https://archive.org/download/musopen-lossless-dvd/Musopen-Lossless-DVD.zip/Musopen%20DVD%20%28lossless%29%2FSchubert%20-%20The%20Piano%20Sonatas%2FSonata%20in%20E%20Flat%20Major%2C%20D.%20568%20-%20I.%20Allegro%20moderato.m4a,Public Domain Mark 1.0,https://creativecommons.org/publicdomain/mark/1.0/,curated Musopen piano_solo,validation,classical_music/classical_musopen_a1e65e9cab92.m4a,6a5f870a509a1ecf284fb7cf46ad177bdf990ffe93f7c55f1b05c11c8418be8c,verified,2026-07-16,
classical_musopen_7c2a6aff83ae,classical,musopen-lossless-dvd,"Musopen DVD (lossless)/Schubert - The Piano Sonatas/Sonata in E Flat Major, D. 568 - II. Andante molto.m4a","Sonata in E Flat Major, D. 568 - II. Andante molto",Musopen Kickstarter Project performers,,schubert_sonata_d_568,schubert,piano_solo,417.413,https://archive.org/details/musopen-lossless-dvd,https://archive.org/download/musopen-lossless-dvd/Musopen-Lossless-DVD.zip/Musopen%20DVD%20%28lossless%29%2FSchubert%20-%20The%20Piano%20Sonatas%2FSonata%20in%20E%20Flat%20Major%2C%20D.%20568%20-%20II.%20Andante%20molto.m4a,Public Domain Mark 1.0,https://creativecommons.org/publicdomain/mark/1.0/,curated Musopen piano_solo,validation,classical_music/classical_musopen_7c2a6aff83ae.m4a,08ee4961a568eefc7afe99a8beb9b1f666afb28989100af7b87ee43a11718133,verified,2026-07-16,
classical_musopen_631eca7e6359,classical,musopen-lossless-dvd,"Musopen DVD (lossless)/Schubert - The Piano Sonatas/Sonata in E Flat Major, D. 568 - III. Menuetto Allegretto.m4a","Sonata in E Flat Major, D. 568 - III. Menuetto Allegretto",Musopen Kickstarter Project performers,,schubert_sonata_d_568,schubert,piano_solo,307.347,https://archive.org/details/musopen-lossless-dvd,https://archive.org/download/musopen-lossless-dvd/Musopen-Lossless-DVD.zip/Musopen%20DVD%20%28lossless%29%2FSchubert%20-%20The%20Piano%20Sonatas%2FSonata%20in%20E%20Flat%20Major%2C%20D.%20568%20-%20III.%20Menuetto%20Allegretto.m4a,Public Domain Mark 1.0,https://creativecommons.org/publicdomain/mark/1.0/,curated Musopen piano_solo,validation,classical_music/classical_musopen_631eca7e6359.m4a,14b57005b594aa26c09a80eb09299009de3dbc4126033b8be63e435e4a39828e,verified,2026-07-16,
classical_musopen_28b2abb46028,classical,musopen-lossless-dvd,"Musopen DVD (lossless)/Schubert - The Piano Sonatas/Sonata in E Flat Major, D. 568 - IV. Allegro moderato.m4a","Sonata in E Flat Major, D. 568 - IV. Allegro moderato",Musopen Kickstarter Project performers,,schubert_sonata_d_568,schubert,piano_solo,499.560,https://archive.org/details/musopen-lossless-dvd,https://archive.org/download/musopen-lossless-dvd/Musopen-Lossless-DVD.zip/Musopen%20DVD%20%28lossless%29%2FSchubert%20-%20The%20Piano%20Sonatas%2FSonata%20in%20E%20Flat%20Major%2C%20D.%20568%20-%20IV.%20Allegro%20moderato.m4a,Public Domain Mark 1.0,https://creativecommons.org/publicdomain/mark/1.0/,curated Musopen piano_solo,validation,classical_music/classical_musopen_28b2abb46028.m4a,eb1f67c121d7975af14f7465b3e4af7561a92e154f8957d7a8105c1e527280ec,verified,2026-07-16,
classical_musopen_cd013009d6d8,classical,musopen-lossless-dvd,"Musopen DVD (lossless)/String Quartets/Beethoven String Quartet in B flat Major Op 18/String Quartet No. 6 in B Flat Major, Op. 18, No. 6 - I. Allegro con brio.m4a","String Quartet No. 6 in B Flat Major, Op. 18, No. 6 - I. Allegro con brio",Musopen Kickstarter Project performers,,beethoven_string_quartet_in_b_flat_major_op_18,beethoven,string_quartet,281.119,https://archive.org/details/musopen-lossless-dvd,https://archive.org/download/musopen-lossless-dvd/Musopen-Lossless-DVD.zip/Musopen%20DVD%20%28lossless%29%2FString%20Quartets%2FBeethoven%20String%20Quartet%20in%20B%20flat%20Major%20Op%2018%2FString%20Quartet%20No.%206%20in%20B%20Flat%20Major%2C%20Op.%2018%2C%20No.%206%20-%20I.%20Allegro%20con%20brio.m4a,Public Domain Mark 1.0,https://creativecommons.org/publicdomain/mark/1.0/,curated Musopen string_quartet,discovery,classical_music/classical_musopen_cd013009d6d8.m4a,daf961ae0d01a6890052b1a95b34c4682730db293f8c3b67150fb67d73456726,verified,2026-07-16,
classical_musopen_e0aa0ba751f5,classical,musopen-lossless-dvd,"Musopen DVD (lossless)/String Quartets/Beethoven String Quartet in B flat Major Op 18/String Quartet No. 6 in B Flat Major, Op. 18, No. 6 - II. Adagio ma non troppo.m4a","String Quartet No. 6 in B Flat Major, Op. 18, No. 6 - II. Adagio ma non troppo",Musopen Kickstarter Project performers,,beethoven_string_quartet_in_b_flat_major_op_18,beethoven,string_quartet,421.814,https://archive.org/details/musopen-lossless-dvd,https://archive.org/download/musopen-lossless-dvd/Musopen-Lossless-DVD.zip/Musopen%20DVD%20%28lossless%29%2FString%20Quartets%2FBeethoven%20String%20Quartet%20in%20B%20flat%20Major%20Op%2018%2FString%20Quartet%20No.%206%20in%20B%20Flat%20Major%2C%20Op.%2018%2C%20No.%206%20-%20II.%20Adagio%20ma%20non%20troppo.m4a,Public Domain Mark 1.0,https://creativecommons.org/publicdomain/mark/1.0/,curated Musopen string_quartet,discovery,classical_music/classical_musopen_e0aa0ba751f5.m4a,7c13452af06223e0954fcd4db17e12398999ca2e7d01d494518eae0a2e3b456f,verified,2026-07-16,
classical_musopen_909c6ffb1fa0,classical,musopen-lossless-dvd,"Musopen DVD (lossless)/String Quartets/Beethoven String Quartet in B flat Major Op 18/String Quartet No. 6 in B Flat Major, Op. 18, No. 6 - III. Scherzo Allegro.m4a","String Quartet No. 6 in B Flat Major, Op. 18, No. 6 - III. Scherzo Allegro",Musopen Kickstarter Project performers,,beethoven_string_quartet_in_b_flat_major_op_18,beethoven,string_quartet,252.617,https://archive.org/details/musopen-lossless-dvd,https://archive.org/download/musopen-lossless-dvd/Musopen-Lossless-DVD.zip/Musopen%20DVD%20%28lossless%29%2FString%20Quartets%2FBeethoven%20String%20Quartet%20in%20B%20flat%20Major%20Op%2018%2FString%20Quartet%20No.%206%20in%20B%20Flat%20Major%2C%20Op.%2018%2C%20No.%206%20-%20III.%20Scherzo%20Allegro.m4a,Public Domain Mark 1.0,https://creativecommons.org/publicdomain/mark/1.0/,curated Musopen string_quartet,discovery,classical_music/classical_musopen_909c6ffb1fa0.m4a,b4907a07212630743129698f909bc03634afb833bc007fbff96721f43e91a7cc,verified,2026-07-16,
classical_musopen_8f00b775156a,classical,musopen-lossless-dvd,"Musopen DVD (lossless)/String Quartets/Beethoven String Quartet in B flat Major Op 18/String Quartet No. 6 in B Flat Major, Op. 18, No. 6 - IV. (Adagio) La Malinconia.m4a","String Quartet No. 6 in B Flat Major, Op. 18, No. 6 - IV. (Adagio) La Malinconia",Musopen Kickstarter Project performers,,beethoven_string_quartet_in_b_flat_major_op_18,beethoven,string_quartet,492.527,https://archive.org/details/musopen-lossless-dvd,https://archive.org/download/musopen-lossless-dvd/Musopen-Lossless-DVD.zip/Musopen%20DVD%20%28lossless%29%2FString%20Quartets%2FBeethoven%20String%20Quartet%20in%20B%20flat%20Major%20Op%2018%2FString%20Quartet%20No.%206%20in%20B%20Flat%20Major%2C%20Op.%2018%2C%20No.%206%20-%20IV.%20%28Adagio%29%20La%20Malinconia.m4a,Public Domain Mark 1.0,https://creativecommons.org/publicdomain/mark/1.0/,curated Musopen string_quartet,discovery,classical_music/classical_musopen_8f00b775156a.m4a,e2b31da8d1b5dfdaf90e698e8eb016824d75f898b247be3b3ec0f2abfffb8a8d,verified,2026-07-16,
classical_musopen_267eb0cfe9bf,classical,musopen-lossless-dvd,Musopen DVD (lossless)/String Quartets/Borodin String Quartet No 1/String Quartet No. 1 in A Major - I. Moderato - Allegro.m4a,String Quartet No. 1 in A Major - I. Moderato - Allegro,Musopen Kickstarter Project performers,,borodin_string_quartet_no_1,borodin,string_quartet,887.343,https://archive.org/details/musopen-lossless-dvd,https://archive.org/download/musopen-lossless-dvd/Musopen-Lossless-DVD.zip/Musopen%20DVD%20%28lossless%29%2FString%20Quartets%2FBorodin%20String%20Quartet%20No%201%2FString%20Quartet%20No.%201%20in%20A%20Major%20-%20I.%20Moderato%20-%20Allegro.m4a,Public Domain Mark 1.0,https://creativecommons.org/publicdomain/mark/1.0/,curated Musopen string_quartet,discovery,classical_music/classical_musopen_267eb0cfe9bf.m4a,354e9a76174b6cf0f93545aba151ff1e17b6355c710f2cca5816afd320325ace,verified,2026-07-16,
classical_musopen_e979457eb8b9,classical,musopen-lossless-dvd,Musopen DVD (lossless)/String Quartets/Borodin String Quartet No 1/String Quartet No. 1 in A Major - II. Andante con moto.m4a,String Quartet No. 1 in A Major - II. Andante con moto,Musopen Kickstarter Project performers,,borodin_string_quartet_no_1,borodin,string_quartet,517.834,https://archive.org/details/musopen-lossless-dvd,https://archive.org/download/musopen-lossless-dvd/Musopen-Lossless-DVD.zip/Musopen%20DVD%20%28lossless%29%2FString%20Quartets%2FBorodin%20String%20Quartet%20No%201%2FString%20Quartet%20No.%201%20in%20A%20Major%20-%20II.%20Andante%20con%20moto.m4a,Public Domain Mark 1.0,https://creativecommons.org/publicdomain/mark/1.0/,curated Musopen string_quartet,discovery,classical_music/classical_musopen_e979457eb8b9.m4a,5a2de98e401c017401ed10e901dea2cd42c4ec73f6d0feeed02c21b5b5092aa3,verified,2026-07-16,
classical_musopen_860ce064b48c,classical,musopen-lossless-dvd,Musopen DVD (lossless)/String Quartets/Borodin String Quartet No 1/String Quartet No. 1 in A Major - III. Scherzo Prestissimo.m4a,String Quartet No. 1 in A Major - III. Scherzo Prestissimo,Musopen Kickstarter Project performers,,borodin_string_quartet_no_1,borodin,string_quartet,114.865,https://archive.org/details/musopen-lossless-dvd,https://archive.org/download/musopen-lossless-dvd/Musopen-Lossless-DVD.zip/Musopen%20DVD%20%28lossless%29%2FString%20Quartets%2FBorodin%20String%20Quartet%20No%201%2FString%20Quartet%20No.%201%20in%20A%20Major%20-%20III.%20Scherzo%20Prestissimo.m4a,Public Domain Mark 1.0,https://creativecommons.org/publicdomain/mark/1.0/,curated Musopen string_quartet,discovery,classical_music/classical_musopen_860ce064b48c.m4a,9cad88085714f3a2a40052d9e83717e4407d5c4eaabe2f35a13ea6a3dfedf01b,verified,2026-07-16,
classical_musopen_3f120e57880d,classical,musopen-lossless-dvd,Musopen DVD (lossless)/String Quartets/Borodin String Quartet No 1/String Quartet No. 1 in A Major - IV. Andante - Allegro risoluto.m4a,String Quartet No. 1 in A Major - IV. Andante - Allegro risoluto,Musopen Kickstarter Project performers,,borodin_string_quartet_no_1,borodin,string_quartet,533.618,https://archive.org/details/musopen-lossless-dvd,https://archive.org/download/musopen-lossless-dvd/Musopen-Lossless-DVD.zip/Musopen%20DVD%20%28lossless%29%2FString%20Quartets%2FBorodin%20String%20Quartet%20No%201%2FString%20Quartet%20No.%201%20in%20A%20Major%20-%20IV.%20Andante%20-%20Allegro%20risoluto.m4a,Public Domain Mark 1.0,https://creativecommons.org/publicdomain/mark/1.0/,curated Musopen string_quartet,discovery,classical_music/classical_musopen_3f120e57880d.m4a,428ea15eb6969a9785a66fccd7b80fef09ccdfd7c5e194074cf8bbba961aceda,verified,2026-07-16,
classical_musopen_76480b1bf8fd,classical,musopen-lossless-dvd,Musopen DVD (lossless)/String Quartets/Borodin String Quartet No 2/String Quartet No. 2 in D Major - I. Allegro moderato.m4a,String Quartet No. 2 in D Major - I. Allegro moderato,Musopen Kickstarter Project performers,,borodin_string_quartet_no_2,borodin,string_quartet,541.458,https://archive.org/details/musopen-lossless-dvd,https://archive.org/download/musopen-lossless-dvd/Musopen-Lossless-DVD.zip/Musopen%20DVD%20%28lossless%29%2FString%20Quartets%2FBorodin%20String%20Quartet%20No%202%2FString%20Quartet%20No.%202%20in%20D%20Major%20-%20I.%20Allegro%20moderato.m4a,Public Domain Mark 1.0,https://creativecommons.org/publicdomain/mark/1.0/,curated Musopen string_quartet,discovery,classical_music/classical_musopen_76480b1bf8fd.m4a,1bfb662b852d380e8470b6d1b8be104b1da9ba49882e5346b893079c12e24656,verified,2026-07-16,
classical_musopen_d2e3d82ad3e8,classical,musopen-lossless-dvd,Musopen DVD (lossless)/String Quartets/Borodin String Quartet No 2/String Quartet No. 2 in D Major - II. Scherzo Allegro.m4a,String Quartet No. 2 in D Major - II. Scherzo Allegro,Musopen Kickstarter Project performers,,borodin_string_quartet_no_2,borodin,string_quartet,336.939,https://archive.org/details/musopen-lossless-dvd,https://archive.org/download/musopen-lossless-dvd/Musopen-Lossless-DVD.zip/Musopen%20DVD%20%28lossless%29%2FString%20Quartets%2FBorodin%20String%20Quartet%20No%202%2FString%20Quartet%20No.%202%20in%20D%20Major%20-%20II.%20Scherzo%20Allegro.m4a,Public Domain Mark 1.0,https://creativecommons.org/publicdomain/mark/1.0/,curated Musopen string_quartet,discovery,classical_music/classical_musopen_d2e3d82ad3e8.m4a,fd4565aeb4943c9a06351870fe58cb2b076063faa0bfec808b3e0f83081280cd,verified,2026-07-16,
classical_musopen_c080ce7f8b19,classical,musopen-lossless-dvd,Musopen DVD (lossless)/String Quartets/Borodin String Quartet No 2/String Quartet No. 2 in D Major - III. Nocturne Andante.m4a,String Quartet No. 2 in D Major - III. Nocturne Andante,Musopen Kickstarter Project performers,,borodin_string_quartet_no_2,borodin,string_quartet,547.360,https://archive.org/details/musopen-lossless-dvd,https://archive.org/download/musopen-lossless-dvd/Musopen-Lossless-DVD.zip/Musopen%20DVD%20%28lossless%29%2FString%20Quartets%2FBorodin%20String%20Quartet%20No%202%2FString%20Quartet%20No.%202%20in%20D%20Major%20-%20III.%20Nocturne%20Andante.m4a,Public Domain Mark 1.0,https://creativecommons.org/publicdomain/mark/1.0/,curated Musopen string_quartet,discovery,classical_music/classical_musopen_c080ce7f8b19.m4a,99d5be67dbcf187d691c3ffbccc4a9de5c5aedff63cce35934469f65d7165bee,verified,2026-07-16,
classical_musopen_9d607b626772,classical,musopen-lossless-dvd,Musopen DVD (lossless)/String Quartets/Borodin String Quartet No 2/String Quartet No. 2 in D Major - IV. Finale Andante - Vivace.m4a,String Quartet No. 2 in D Major - IV. Finale Andante - Vivace,Musopen Kickstarter Project performers,,borodin_string_quartet_no_2,borodin,string_quartet,434.415,https://archive.org/details/musopen-lossless-dvd,https://archive.org/download/musopen-lossless-dvd/Musopen-Lossless-DVD.zip/Musopen%20DVD%20%28lossless%29%2FString%20Quartets%2FBorodin%20String%20Quartet%20No%202%2FString%20Quartet%20No.%202%20in%20D%20Major%20-%20IV.%20Finale%20Andante%20-%20Vivace.m4a,Public Domain Mark 1.0,https://creativecommons.org/publicdomain/mark/1.0/,curated Musopen string_quartet,discovery,classical_music/classical_musopen_9d607b626772.m4a,27370c68748cdce414902336ec70c931311854adc94b8f7e80f93e2a44ade381,verified,2026-07-16,
classical_musopen_88dae15b633b,classical,musopen-lossless-dvd,"Musopen DVD (lossless)/String Quartets/Dvorak - American in F major/String Quartet No. 12 in F Major, Op. 96, American - I. Allegro ma non troppo.m4a","String Quartet No. 12 in F Major, Op. 96, American - I. Allegro ma non troppo",Musopen Kickstarter Project performers,,dvorak_american_in_f_major,dvorak,string_quartet,475.641,https://archive.org/details/musopen-lossless-dvd,https://archive.org/download/musopen-lossless-dvd/Musopen-Lossless-DVD.zip/Musopen%20DVD%20%28lossless%29%2FString%20Quartets%2FDvorak%20-%20American%20in%20F%20major%2FString%20Quartet%20No.%2012%20in%20F%20Major%2C%20Op.%2096%2C%20American%20-%20I.%20Allegro%20ma%20non%20troppo.m4a,Public Domain Mark 1.0,https://creativecommons.org/publicdomain/mark/1.0/,curated Musopen string_quartet,holdout,classical_music/classical_musopen_88dae15b633b.m4a,8f3d8504ef772cc309330aab6862412a44c08fac270170b7f74d6a495de4a54d,verified,2026-07-16,
classical_musopen_124b2ee448a3,classical,musopen-lossless-dvd,"Musopen DVD (lossless)/String Quartets/Dvorak - American in F major/String Quartet No. 12 in F Major, Op. 96, American - II. Lento.m4a","String Quartet No. 12 in F Major, Op. 96, American - II. Lento",Musopen Kickstarter Project performers,,dvorak_american_in_f_major,dvorak,string_quartet,471.458,https://archive.org/details/musopen-lossless-dvd,https://archive.org/download/musopen-lossless-dvd/Musopen-Lossless-DVD.zip/Musopen%20DVD%20%28lossless%29%2FString%20Quartets%2FDvorak%20-%20American%20in%20F%20major%2FString%20Quartet%20No.%2012%20in%20F%20Major%2C%20Op.%2096%2C%20American%20-%20II.%20Lento.m4a,Public Domain Mark 1.0,https://creativecommons.org/publicdomain/mark/1.0/,curated Musopen string_quartet,holdout,classical_music/classical_musopen_124b2ee448a3.m4a,39077335198fdce42d89f6a2340fcb72805fdcabbaf3ec74fefbadc49143101d,verified,2026-07-16,
classical_musopen_f88042497771,classical,musopen-lossless-dvd,"Musopen DVD (lossless)/String Quartets/Dvorak - American in F major/String Quartet No. 12 in F Major, Op. 96, American - III. Molto Vivace.m4a","String Quartet No. 12 in F Major, Op. 96, American - III. Molto Vivace",Musopen Kickstarter Project performers,,dvorak_american_in_f_major,dvorak,string_quartet,250.027,https://archive.org/details/musopen-lossless-dvd,https://archive.org/download/musopen-lossless-dvd/Musopen-Lossless-DVD.zip/Musopen%20DVD%20%28lossless%29%2FString%20Quartets%2FDvorak%20-%20American%20in%20F%20major%2FString%20Quartet%20No.%2012%20in%20F%20Major%2C%20Op.%2096%2C%20American%20-%20III.%20Molto%20Vivace.m4a,Public Domain Mark 1.0,https://creativecommons.org/publicdomain/mark/1.0/,curated Musopen string_quartet,holdout,classical_music/classical_musopen_f88042497771.m4a,69463dd1f2b5c79aaa1325aa843c06656edd8ae705a3ef276613ae710c92bcfe,verified,2026-07-16,
classical_musopen_715f07ea34cd,classical,musopen-lossless-dvd,"Musopen DVD (lossless)/String Quartets/Dvorak - American in F major/String Quartet No. 12 in F Major, Op. 96, American - IV. Finale - Vivace ma non troppo.m4a","String Quartet No. 12 in F Major, Op. 96, American - IV. Finale - Vivace ma non troppo",Musopen Kickstarter Project performers,,dvorak_american_in_f_major,dvorak,string_quartet,351.594,https://archive.org/details/musopen-lossless-dvd,https://archive.org/download/musopen-lossless-dvd/Musopen-Lossless-DVD.zip/Musopen%20DVD%20%28lossless%29%2FString%20Quartets%2FDvorak%20-%20American%20in%20F%20major%2FString%20Quartet%20No.%2012%20in%20F%20Major%2C%20Op.%2096%2C%20American%20-%20IV.%20Finale%20-%20Vivace%20ma%20non%20troppo.m4a,Public Domain Mark 1.0,https://creativecommons.org/publicdomain/mark/1.0/,curated Musopen string_quartet,holdout,classical_music/classical_musopen_715f07ea34cd.m4a,a12d4f46bc23a2159bca405bb7e952fc3d80c375913992e6e0db60ecee2110eb,verified,2026-07-16,
classical_musopen_e92198fc7b0d,classical,musopen-lossless-dvd,"Musopen DVD (lossless)/String Quartets/Dvorak Quartet in F Major Op 51/String Quartet No. 10 In E Flat, Op. 51 - I. Allegro Ma Non Troppo.m4a","String Quartet No. 10 In E Flat, Op. 51 - I. Allegro Ma Non Troppo",Musopen Kickstarter Project performers,,dvorak_quartet_in_f_major_op_51,dvorak,string_quartet,675.000,https://archive.org/details/musopen-lossless-dvd,https://archive.org/download/musopen-lossless-dvd/Musopen-Lossless-DVD.zip/Musopen%20DVD%20%28lossless%29%2FString%20Quartets%2FDvorak%20Quartet%20in%20F%20Major%20Op%2051%2FString%20Quartet%20No.%2010%20In%20E%20Flat%2C%20Op.%2051%20-%20I.%20Allegro%20Ma%20Non%20Troppo.m4a,Public Domain Mark 1.0,https://creativecommons.org/publicdomain/mark/1.0/,curated Musopen string_quartet,holdout,classical_music/classical_musopen_e92198fc7b0d.m4a,90f1427466da792d34378bd93ad875af0302844368a3aaafba0f070eef72f607,verified,2026-07-16,
classical_musopen_5118ccc9f4d0,classical,musopen-lossless-dvd,"Musopen DVD (lossless)/String Quartets/Dvorak Quartet in F Major Op 51/String Quartet No. 10 In E Flat, Op. 51 - II. Dumka.m4a","String Quartet No. 10 In E Flat, Op. 51 - II. Dumka",Musopen Kickstarter Project performers,,dvorak_quartet_in_f_major_op_51,dvorak,string_quartet,465.768,https://archive.org/details/musopen-lossless-dvd,https://archive.org/download/musopen-lossless-dvd/Musopen-Lossless-DVD.zip/Musopen%20DVD%20%28lossless%29%2FString%20Quartets%2FDvorak%20Quartet%20in%20F%20Major%20Op%2051%2FString%20Quartet%20No.%2010%20In%20E%20Flat%2C%20Op.%2051%20-%20II.%20Dumka.m4a,Public Domain Mark 1.0,https://creativecommons.org/publicdomain/mark/1.0/,curated Musopen string_quartet,holdout,classical_music/classical_musopen_5118ccc9f4d0.m4a,743daa04de36f487f43d62a28f35ff44d23dd0abb94c343a3f62a0b61b6e87da,verified,2026-07-16,
classical_musopen_f0ef963b9b80,classical,musopen-lossless-dvd,"Musopen DVD (lossless)/String Quartets/Dvorak Quartet in F Major Op 51/String Quartet No. 10 In E Flat, Op. 51 - III. Romanza.m4a","String Quartet No. 10 In E Flat, Op. 51 - III. Romanza",Musopen Kickstarter Project performers,,dvorak_quartet_in_f_major_op_51,dvorak,string_quartet,367.128,https://archive.org/details/musopen-lossless-dvd,https://archive.org/download/musopen-lossless-dvd/Musopen-Lossless-DVD.zip/Musopen%20DVD%20%28lossless%29%2FString%20Quartets%2FDvorak%20Quartet%20in%20F%20Major%20Op%2051%2FString%20Quartet%20No.%2010%20In%20E%20Flat%2C%20Op.%2051%20-%20III.%20Romanza.m4a,Public Domain Mark 1.0,https://creativecommons.org/publicdomain/mark/1.0/,curated Musopen string_quartet,holdout,classical_music/classical_musopen_f0ef963b9b80.m4a,906eb326cbb85e8382ef94c2369992744613dfd2fc378a50728fb3605bf6abc5,verified,2026-07-16,
classical_musopen_9a95a1b73779,classical,musopen-lossless-dvd,"Musopen DVD (lossless)/String Quartets/Dvorak Quartet in F Major Op 51/String Quartet No. 10 In E Flat, Op. 51 - IV. Finale Allegro Assai.m4a","String Quartet No. 10 In E Flat, Op. 51 - IV. Finale Allegro Assai",Musopen Kickstarter Project performers,,dvorak_quartet_in_f_major_op_51,dvorak,string_quartet,434.261,https://archive.org/details/musopen-lossless-dvd,https://archive.org/download/musopen-lossless-dvd/Musopen-Lossless-DVD.zip/Musopen%20DVD%20%28lossless%29%2FString%20Quartets%2FDvorak%20Quartet%20in%20F%20Major%20Op%2051%2FString%20Quartet%20No.%2010%20In%20E%20Flat%2C%20Op.%2051%20-%20IV.%20Finale%20Allegro%20Assai.m4a,Public Domain Mark 1.0,https://creativecommons.org/publicdomain/mark/1.0/,curated Musopen string_quartet,holdout,classical_music/classical_musopen_9a95a1b73779.m4a,ee04fe9296b6097c3b1131f557cec70fb6a7010bdc155b52d6362df699e0bb3b,verified,2026-07-16,
classical_musopen_8c1a75b7bf5d,classical,musopen-lossless-dvd,"Musopen DVD (lossless)/String Quartets/Haydn Quartet in D Major Op.64/String Quartet In D, Op. 645, H 363, Lark - I. Allegro Moderato.m4a","String Quartet In D, Op. 645, H 363, Lark - I. Allegro Moderato",Musopen Kickstarter Project performers,,haydn_quartet_in_d_major_op_64,haydn,string_quartet,371.675,https://archive.org/details/musopen-lossless-dvd,https://archive.org/download/musopen-lossless-dvd/Musopen-Lossless-DVD.zip/Musopen%20DVD%20%28lossless%29%2FString%20Quartets%2FHaydn%20Quartet%20in%20D%20Major%20Op.64%2FString%20Quartet%20In%20D%2C%20Op.%20645%2C%20H%20363%2C%20Lark%20-%20I.%20Allegro%20Moderato.m4a,Public Domain Mark 1.0,https://creativecommons.org/publicdomain/mark/1.0/,curated Musopen string_quartet,discovery,classical_music/classical_musopen_8c1a75b7bf5d.m4a,15d62f3b573a0cf2ffa0ec59aac96ccffc5fc1bd3b5ff69a525ea601e8dc67be,verified,2026-07-16,
classical_musopen_dbfd3cb8056d,classical,musopen-lossless-dvd,"Musopen DVD (lossless)/String Quartets/Haydn Quartet in D Major Op.64/String Quartet In D, Op. 645, H 363, Lark - II. Adagio, Cantabile.m4a","String Quartet In D, Op. 645, H 363, Lark - II. Adagio, Cantabile",Musopen Kickstarter Project performers,,haydn_quartet_in_d_major_op_64,haydn,string_quartet,291.758,https://archive.org/details/musopen-lossless-dvd,https://archive.org/download/musopen-lossless-dvd/Musopen-Lossless-DVD.zip/Musopen%20DVD%20%28lossless%29%2FString%20Quartets%2FHaydn%20Quartet%20in%20D%20Major%20Op.64%2FString%20Quartet%20In%20D%2C%20Op.%20645%2C%20H%20363%2C%20Lark%20-%20II.%20Adagio%2C%20Cantabile.m4a,Public Domain Mark 1.0,https://creativecommons.org/publicdomain/mark/1.0/,curated Musopen string_quartet,discovery,classical_music/classical_musopen_dbfd3cb8056d.m4a,fccd830fe6a35d4b13149d9903f113287092a42238ede289e39f87213d8e58bb,verified,2026-07-16,
classical_musopen_c6602c75c700,classical,musopen-lossless-dvd,"Musopen DVD (lossless)/String Quartets/Haydn Quartet in D Major Op.64/String Quartet In D, Op. 645, H 363, Lark - III. Menuetto Allegretto.m4a","String Quartet In D, Op. 645, H 363, Lark - III. Menuetto Allegretto",Musopen Kickstarter Project performers,,haydn_quartet_in_d_major_op_64,haydn,string_quartet,226.621,https://archive.org/details/musopen-lossless-dvd,https://archive.org/download/musopen-lossless-dvd/Musopen-Lossless-DVD.zip/Musopen%20DVD%20%28lossless%29%2FString%20Quartets%2FHaydn%20Quartet%20in%20D%20Major%20Op.64%2FString%20Quartet%20In%20D%2C%20Op.%20645%2C%20H%20363%2C%20Lark%20-%20III.%20Menuetto%20Allegretto.m4a,Public Domain Mark 1.0,https://creativecommons.org/publicdomain/mark/1.0/,curated Musopen string_quartet,discovery,classical_music/classical_musopen_c6602c75c700.m4a,54be936053e37280f6f43626aac4539bfe0559edd09b76c5e0e5cfacdb6ff500,verified,2026-07-16,
classical_musopen_bb045bab8875,classical,musopen-lossless-dvd,"Musopen DVD (lossless)/String Quartets/Haydn Quartet in D Major Op.64/String Quartet In D, Op. 645, H 363, Lark - IV. Finale Vivace.m4a","String Quartet In D, Op. 645, H 363, Lark - IV. Finale Vivace",Musopen Kickstarter Project performers,,haydn_quartet_in_d_major_op_64,haydn,string_quartet,91.499,https://archive.org/details/musopen-lossless-dvd,https://archive.org/download/musopen-lossless-dvd/Musopen-Lossless-DVD.zip/Musopen%20DVD%20%28lossless%29%2FString%20Quartets%2FHaydn%20Quartet%20in%20D%20Major%20Op.64%2FString%20Quartet%20In%20D%2C%20Op.%20645%2C%20H%20363%2C%20Lark%20-%20IV.%20Finale%20Vivace.m4a,Public Domain Mark 1.0,https://creativecommons.org/publicdomain/mark/1.0/,curated Musopen string_quartet,discovery,classical_music/classical_musopen_bb045bab8875.m4a,4be288b689ec7b9848c9999924720ea8ad3bc271de3b7909f9def052f3a6b623,verified,2026-07-16,
classical_musopen_208080de49cd,classical,musopen-lossless-dvd,"Musopen DVD (lossless)/String Quartets/Mendelssohn Quartet in F Minor Op 80/String Quartet No. 6 in F minor, Op. 80 - I. Allegro vivace assai.m4a","String Quartet No. 6 in F minor, Op. 80 - I. Allegro vivace assai",Musopen Kickstarter Project performers,,mendelssohn_quartet_in_f_minor_op_80,mendelssohn,string_quartet,461.713,https://archive.org/details/musopen-lossless-dvd,https://archive.org/download/musopen-lossless-dvd/Musopen-Lossless-DVD.zip/Musopen%20DVD%20%28lossless%29%2FString%20Quartets%2FMendelssohn%20Quartet%20in%20F%20Minor%20Op%2080%2FString%20Quartet%20No.%206%20in%20F%20minor%2C%20Op.%2080%20-%20I.%20Allegro%20vivace%20assai.m4a,Public Domain Mark 1.0,https://creativecommons.org/publicdomain/mark/1.0/,curated Musopen string_quartet,holdout,classical_music/classical_musopen_208080de49cd.m4a,954c4c743f7179a25bdd420c0a6a74dd8ac86553113540a4e7cf5aa1e46d2f63,verified,2026-07-16,
classical_musopen_2bb770b12fae,classical,musopen-lossless-dvd,"Musopen DVD (lossless)/String Quartets/Mendelssohn Quartet in F Minor Op 80/String Quartet No. 6 in F minor, Op. 80 - II. Allegro assai.m4a","String Quartet No. 6 in F minor, Op. 80 - II. Allegro assai",Musopen Kickstarter Project performers,,mendelssohn_quartet_in_f_minor_op_80,mendelssohn,string_quartet,298.909,https://archive.org/details/musopen-lossless-dvd,https://archive.org/download/musopen-lossless-dvd/Musopen-Lossless-DVD.zip/Musopen%20DVD%20%28lossless%29%2FString%20Quartets%2FMendelssohn%20Quartet%20in%20F%20Minor%20Op%2080%2FString%20Quartet%20No.%206%20in%20F%20minor%2C%20Op.%2080%20-%20II.%20Allegro%20assai.m4a,Public Domain Mark 1.0,https://creativecommons.org/publicdomain/mark/1.0/,curated Musopen string_quartet,holdout,classical_music/classical_musopen_2bb770b12fae.m4a,25defeb62433ce21309c8064107631546b63f75397bffbd1ec9c26a8f8138f2d,verified,2026-07-16,
classical_musopen_26b6da893e99,classical,musopen-lossless-dvd,"Musopen DVD (lossless)/String Quartets/Mendelssohn Quartet in F Minor Op 80/String Quartet No. 6 in F minor, Op. 80 - III. Adagio.m4a","String Quartet No. 6 in F minor, Op. 80 - III. Adagio",Musopen Kickstarter Project performers,,mendelssohn_quartet_in_f_minor_op_80,mendelssohn,string_quartet,486.495,https://archive.org/details/musopen-lossless-dvd,https://archive.org/download/musopen-lossless-dvd/Musopen-Lossless-DVD.zip/Musopen%20DVD%20%28lossless%29%2FString%20Quartets%2FMendelssohn%20Quartet%20in%20F%20Minor%20Op%2080%2FString%20Quartet%20No.%206%20in%20F%20minor%2C%20Op.%2080%20-%20III.%20Adagio.m4a,Public Domain Mark 1.0,https://creativecommons.org/publicdomain/mark/1.0/,curated Musopen string_quartet,holdout,classical_music/classical_musopen_26b6da893e99.m4a,b2c61f830f313311102f48d5143b1c7b2e12616f81f966245f5f53e943062f19,verified,2026-07-16,
classical_musopen_00d18099ad17,classical,musopen-lossless-dvd,"Musopen DVD (lossless)/String Quartets/Mendelssohn Quartet in F Minor Op 80/String Quartet No. 6 in F minor, Op. 80 - IV. Fuga.m4a","String Quartet No. 6 in F minor, Op. 80 - IV. Fuga",Musopen Kickstarter Project performers,,mendelssohn_quartet_in_f_minor_op_80,mendelssohn,string_quartet,374.529,https://archive.org/details/musopen-lossless-dvd,https://archive.org/download/musopen-lossless-dvd/Musopen-Lossless-DVD.zip/Musopen%20DVD%20%28lossless%29%2FString%20Quartets%2FMendelssohn%20Quartet%20in%20F%20Minor%20Op%2080%2FString%20Quartet%20No.%206%20in%20F%20minor%2C%20Op.%2080%20-%20IV.%20Fuga.m4a,Public Domain Mark 1.0,https://creativecommons.org/publicdomain/mark/1.0/,curated Musopen string_quartet,holdout,classical_music/classical_musopen_00d18099ad17.m4a,b39dc723f459c0ea29ef35c01bd4cc61483bb7c977709fdbb3962effe16777dc,verified,2026-07-16,
classical_musopen_0b7876dd110e,classical,musopen-lossless-dvd,"Musopen DVD (lossless)/String Quartets/Mozart Quartet D Minor K421/String Quartet No. 15 In D Minor, K 421 - I. Allegro Moderato.m4a","String Quartet No. 15 In D Minor, K 421 - I. Allegro Moderato",Musopen Kickstarter Project performers,,mozart_quartet_d_minor_k421,mozart,string_quartet,460.536,https://archive.org/details/musopen-lossless-dvd,https://archive.org/download/musopen-lossless-dvd/Musopen-Lossless-DVD.zip/Musopen%20DVD%20%28lossless%29%2FString%20Quartets%2FMozart%20Quartet%20D%20Minor%20K421%2FString%20Quartet%20No.%2015%20In%20D%20Minor%2C%20K%20421%20-%20I.%20Allegro%20Moderato.m4a,Public Domain Mark 1.0,https://creativecommons.org/publicdomain/mark/1.0/,curated Musopen string_quartet,validation,classical_music/classical_musopen_0b7876dd110e.m4a,0413d3e1fe75a7e855961c916aabb87fff632a1cbfd110dfd1139f584fe93c0c,verified,2026-07-16,
classical_musopen_25c64baa9139,classical,musopen-lossless-dvd,"Musopen DVD (lossless)/String Quartets/Mozart Quartet D Minor K421/String Quartet No. 15 In D Minor, K 421 - II. Andante.m4a","String Quartet No. 15 In D Minor, K 421 - II. Andante",Musopen Kickstarter Project performers,,mozart_quartet_d_minor_k421,mozart,string_quartet,315.211,https://archive.org/details/musopen-lossless-dvd,https://archive.org/download/musopen-lossless-dvd/Musopen-Lossless-DVD.zip/Musopen%20DVD%20%28lossless%29%2FString%20Quartets%2FMozart%20Quartet%20D%20Minor%20K421%2FString%20Quartet%20No.%2015%20In%20D%20Minor%2C%20K%20421%20-%20II.%20Andante.m4a,Public Domain Mark 1.0,https://creativecommons.org/publicdomain/mark/1.0/,curated Musopen string_quartet,validation,classical_music/classical_musopen_25c64baa9139.m4a,14ddadae9517cfaa92226e65fa64d3f36cba98dd9b31c10d95230a4a4db80c5d,verified,2026-07-16,
classical_musopen_97fae7a3dfae,classical,musopen-lossless-dvd,"Musopen DVD (lossless)/String Quartets/Mozart Quartet D Minor K421/String Quartet No. 15 In D Minor, K 421 - III. Minuetto.m4a","String Quartet No. 15 In D Minor, K 421 - III. Minuetto",Musopen Kickstarter Project performers,,mozart_quartet_d_minor_k421,mozart,string_quartet,252.940,https://archive.org/details/musopen-lossless-dvd,https://archive.org/download/musopen-lossless-dvd/Musopen-Lossless-DVD.zip/Musopen%20DVD%20%28lossless%29%2FString%20Quartets%2FMozart%20Quartet%20D%20Minor%20K421%2FString%20Quartet%20No.%2015%20In%20D%20Minor%2C%20K%20421%20-%20III.%20Minuetto.m4a,Public Domain Mark 1.0,https://creativecommons.org/publicdomain/mark/1.0/,curated Musopen string_quartet,validation,classical_music/classical_musopen_97fae7a3dfae.m4a,c04e873741fdf13623d1be514298defdb71feb2bac988e46bfe8320c63e3abe7,verified,2026-07-16,
classical_musopen_1da5c488f898,classical,musopen-lossless-dvd,"Musopen DVD (lossless)/String Quartets/Mozart Quartet D Minor K421/String Quartet No. 15 In D Minor, K 421 - IV. Allegro Ma Non Troppo.m4a","String Quartet No. 15 In D Minor, K 421 - IV. Allegro Ma Non Troppo",Musopen Kickstarter Project performers,,mozart_quartet_d_minor_k421,mozart,string_quartet,397.954,https://archive.org/details/musopen-lossless-dvd,https://archive.org/download/musopen-lossless-dvd/Musopen-Lossless-DVD.zip/Musopen%20DVD%20%28lossless%29%2FString%20Quartets%2FMozart%20Quartet%20D%20Minor%20K421%2FString%20Quartet%20No.%2015%20In%20D%20Minor%2C%20K%20421%20-%20IV.%20Allegro%20Ma%20Non%20Troppo.m4a,Public Domain Mark 1.0,https://creativecommons.org/publicdomain/mark/1.0/,curated Musopen string_quartet,validation,classical_music/classical_musopen_1da5c488f898.m4a,cd046539c5f0a227610c0dc409d5bf2a5b074aedffa8a8a29a6113ca86491690,verified,2026-07-16,
classical_musopen_8b402eee923c,classical,musopen-lossless-dvd,Musopen DVD (lossless)/String Quartets/Mozart Quartet in C Major K 465 /2nd Mov Andante Cantabile.m4a,2nd Mov Andante Cantabile,Musopen Kickstarter Project performers,,mozart_quartet_in_c_major_k_465,mozart,string_quartet,461.291,https://archive.org/details/musopen-lossless-dvd,https://archive.org/download/musopen-lossless-dvd/Musopen-Lossless-DVD.zip/Musopen%20DVD%20%28lossless%29%2FString%20Quartets%2FMozart%20Quartet%20in%20C%20Major%20K%20465%20%2F2nd%20Mov%20Andante%20Cantabile.m4a,Public Domain Mark 1.0,https://creativecommons.org/publicdomain/mark/1.0/,curated Musopen string_quartet,validation,classical_music/classical_musopen_8b402eee923c.m4a,228880be6de223b269cf09045600ac5af5d13f089ccfbf44ff650f2ebd5c779f,verified,2026-07-16,
classical_musopen_e09675b49c01,classical,musopen-lossless-dvd,Musopen DVD (lossless)/String Quartets/Mozart Quartet in C Major K 465 /3rd Mov Minuetto Allegretto.m4a,3rd Mov Minuetto Allegretto,Musopen Kickstarter Project performers,,mozart_quartet_in_c_major_k_465,mozart,string_quartet,323.814,https://archive.org/details/musopen-lossless-dvd,https://archive.org/download/musopen-lossless-dvd/Musopen-Lossless-DVD.zip/Musopen%20DVD%20%28lossless%29%2FString%20Quartets%2FMozart%20Quartet%20in%20C%20Major%20K%20465%20%2F3rd%20Mov%20Minuetto%20Allegretto.m4a,Public Domain Mark 1.0,https://creativecommons.org/publicdomain/mark/1.0/,curated Musopen string_quartet,validation,classical_music/classical_musopen_e09675b49c01.m4a,f8f9f94df9280d95d1f92e11f08be3b520a407514a0efbf4005842abca12f6b6,verified,2026-07-16,
classical_musopen_bb26f6675995,classical,musopen-lossless-dvd,Musopen DVD (lossless)/String Quartets/Mozart Quartet in C Major K 465 /4th Mov Allegro Volto ok.m4a,4th Mov Allegro Volto ok,Musopen Kickstarter Project performers,,mozart_quartet_in_c_major_k_465,mozart,string_quartet,351.499,https://archive.org/details/musopen-lossless-dvd,https://archive.org/download/musopen-lossless-dvd/Musopen-Lossless-DVD.zip/Musopen%20DVD%20%28lossless%29%2FString%20Quartets%2FMozart%20Quartet%20in%20C%20Major%20K%20465%20%2F4th%20Mov%20Allegro%20Volto%20ok.m4a,Public Domain Mark 1.0,https://creativecommons.org/publicdomain/mark/1.0/,curated Musopen string_quartet,validation,classical_music/classical_musopen_bb26f6675995.m4a,81ec6c6e7b3bb143d80e37fce482ed9ef1813f5dc33b26c5d5735623e4b865ad,verified,2026-07-16,
classical_musopen_414d9c796be3,classical,musopen-lossless-dvd,Musopen DVD (lossless)/String Quartets/Mozart Quartet in C Major K 465 /Adagio Allegro 1st Mov.m4a,Adagio Allegro 1st Mov,Musopen Kickstarter Project performers,,mozart_quartet_in_c_major_k_465,mozart,string_quartet,513.152,https://archive.org/details/musopen-lossless-dvd,https://archive.org/download/musopen-lossless-dvd/Musopen-Lossless-DVD.zip/Musopen%20DVD%20%28lossless%29%2FString%20Quartets%2FMozart%20Quartet%20in%20C%20Major%20K%20465%20%2FAdagio%20Allegro%201st%20Mov.m4a,Public Domain Mark 1.0,https://creativecommons.org/publicdomain/mark/1.0/,curated Musopen string_quartet,validation,classical_music/classical_musopen_414d9c796be3.m4a,6653ec27674a3222bc1eb01e6a7c30acdaf2099b514c35fa96dc7ced16581e53,verified,2026-07-16,
classical_musopen_2ca1fc27dc8e,classical,musopen-lossless-dvd,Musopen DVD (lossless)/String Quartets/Suk -Meditation/Meditation.m4a,Meditation,Musopen Kickstarter Project performers,,suk_meditation,suk,string_quartet,405.455,https://archive.org/details/musopen-lossless-dvd,https://archive.org/download/musopen-lossless-dvd/Musopen-Lossless-DVD.zip/Musopen%20DVD%20%28lossless%29%2FString%20Quartets%2FSuk%20-Meditation%2FMeditation.m4a,Public Domain Mark 1.0,https://creativecommons.org/publicdomain/mark/1.0/,curated Musopen string_quartet,holdout,classical_music/classical_musopen_2ca1fc27dc8e.m4a,fc8d027fa9464de6c298c8edc40b804a8f9d9572764a21e1351b26a2c73a72ff,verified,2026-07-16,
classical_musicnet_1727,classical,musicnet-zenodo-5120004,1727,Piano Quintet in A major — 2. Andante,European Archive,,musicnet_schubert_op114,schubert,mixed_chamber,447,https://zenodo.org/records/5120004,https://zenodo.org/records/5120004/files/musicnet.tar.gz?download=1,Creative Commons Attribution 4.0 International,https://creativecommons.org/licenses/by/4.0/,MusicNet classical metadata: Piano Quintet,validation,classical_music/classical_musicnet_1727.wav,eecf99ae6b4db4789b298ea451035620cc2258e062e2c9d389c719d17d41fdd8,verified,2026-07-17,
classical_musicnet_1728,classical,musicnet-zenodo-5120004,1728,Piano Quintet in A major — 3. Scherzo: Presto,European Archive,,musicnet_schubert_op114,schubert,mixed_chamber,251,https://zenodo.org/records/5120004,https://zenodo.org/records/5120004/files/musicnet.tar.gz?download=1,Creative Commons Attribution 4.0 International,https://creativecommons.org/licenses/by/4.0/,MusicNet classical metadata: Piano Quintet,validation,classical_music/classical_musicnet_1728.wav,373becca8cba9df8a62331bb143c99fd3e199b84f2e779ea3d67c08b444866b3,verified,2026-07-17,
classical_musicnet_1729,classical,musicnet-zenodo-5120004,1729,Piano Quintet in A major — 4. Andantino - Allegretto,European Archive,,musicnet_schubert_op114,schubert,mixed_chamber,444,https://zenodo.org/records/5120004,https://zenodo.org/records/5120004/files/musicnet.tar.gz?download=1,Creative Commons Attribution 4.0 International,https://creativecommons.org/licenses/by/4.0/,MusicNet classical metadata: Piano Quintet,validation,classical_music/classical_musicnet_1729.wav,e0aa5b321f0436e46be2a53607979070b7100f1f919d915c56f4dbfe36c86eeb,verified,2026-07-17,
classical_musicnet_1730,classical,musicnet-zenodo-5120004,1730,Piano Quintet in A major — 5. Allegro giusto,European Archive,,musicnet_schubert_op114,schubert,mixed_chamber,368,https://zenodo.org/records/5120004,https://zenodo.org/records/5120004/files/musicnet.tar.gz?download=1,Creative Commons Attribution 4.0 International,https://creativecommons.org/licenses/by/4.0/,MusicNet classical metadata: Piano Quintet,validation,classical_music/classical_musicnet_1730.wav,15d8a9b95c9eb299d49ab9b3f31661f44ad0893d4e55df778387cb205c83af3b,verified,2026-07-17,
classical_musicnet_1739,classical,musicnet-zenodo-5120004,1739,Piano Trio in B-flat major — 4. Rondo. Allegro vivace,European Archive,,musicnet_schubert_op99,schubert,mixed_chamber,490,https://zenodo.org/records/5120004,https://zenodo.org/records/5120004/files/musicnet.tar.gz?download=1,Creative Commons Attribution 4.0 International,https://creativecommons.org/licenses/by/4.0/,MusicNet classical metadata: Piano Trio,validation,classical_music/classical_musicnet_1739.wav,79a44a1a96f485ce92c990880f8e2856e73c3dcee02801d462e37731e27b40f6,verified,2026-07-17,
classical_musicnet_1742,classical,musicnet-zenodo-5120004,1742,String Quintet in C major — 2. Adagio,European Archive,,musicnet_schubert_op163,schubert,string_chamber,924,https://zenodo.org/records/5120004,https://zenodo.org/records/5120004/files/musicnet.tar.gz?download=1,Creative Commons Attribution 4.0 International,https://creativecommons.org/licenses/by/4.0/,MusicNet classical metadata: Viola Quintet,validation,classical_music/classical_musicnet_1742.wav,95032b6edd3e80ef96ea66aab1f275badaa664f9d455f6fa35e4bced79fe162f,verified,2026-07-17,
classical_musicnet_1763,classical,musicnet-zenodo-5120004,1763,4 Impromptus — 1. Impromptu in F minor,Charlie Albright,,musicnet_schubert_op142,schubert,piano_solo,600,https://zenodo.org/records/5120004,https://zenodo.org/records/5120004/files/musicnet.tar.gz?download=1,Creative Commons Attribution 4.0 International,https://creativecommons.org/licenses/by/4.0/,MusicNet classical metadata: Solo Piano,validation,classical_music/classical_musicnet_1763.wav,006514e95d94b049863869b37ea99ee6c9a1b75a5643ba839a70704fd596de33,verified,2026-07-17,
classical_musicnet_1764,classical,musicnet-zenodo-5120004,1764,4 Impromptus — 2. Impromptu in A-flat major,Charlie Albright,,musicnet_schubert_op142,schubert,piano_solo,438,https://zenodo.org/records/5120004,https://zenodo.org/records/5120004/files/musicnet.tar.gz?download=1,Creative Commons Attribution 4.0 International,https://creativecommons.org/licenses/by/4.0/,MusicNet classical metadata: Solo Piano,validation,classical_music/classical_musicnet_1764.wav,ce822e0fa273224b903dbf9dc94363c991ece78d00117c2652e5b66dea7f4c27,verified,2026-07-17,
classical_musicnet_1765,classical,musicnet-zenodo-5120004,1765,4 Impromptus — 3. Impromptu in B-flat major,Charlie Albright,,musicnet_schubert_op142,schubert,piano_solo,676,https://zenodo.org/records/5120004,https://zenodo.org/records/5120004/files/musicnet.tar.gz?download=1,Creative Commons Attribution 4.0 International,https://creativecommons.org/licenses/by/4.0/,MusicNet classical metadata: Solo Piano,validation,classical_music/classical_musicnet_1765.wav,1a896063cce35fcdc3ac2187b48a776972286e215abcaf3242b9c02257665225,verified,2026-07-17,
classical_musicnet_1766,classical,musicnet-zenodo-5120004,1766,4 Impromptus — 4. Impromptu in F minor,Charlie Albright,,musicnet_schubert_op142,schubert,piano_solo,427,https://zenodo.org/records/5120004,https://zenodo.org/records/5120004/files/musicnet.tar.gz?download=1,Creative Commons Attribution 4.0 International,https://creativecommons.org/licenses/by/4.0/,MusicNet classical metadata: Solo Piano,validation,classical_music/classical_musicnet_1766.wav,936022a05ddb5222273ab7b366a2ac238b152bb9174d62c240644654d54aceed,verified,2026-07-17,
classical_musicnet_1805,classical,musicnet-zenodo-5120004,1805,String Quartet No 14 in G major — 1. Allegro vivace assai,European Archive,,musicnet_mozart_k387,mozart,string_chamber,356,https://zenodo.org/records/5120004,https://zenodo.org/records/5120004/files/musicnet.tar.gz?download=1,Creative Commons Attribution 4.0 International,https://creativecommons.org/licenses/by/4.0/,MusicNet classical metadata: String Quartet,validation,classical_music/classical_musicnet_1805.wav,8bb5796a780773cc6101524e015858cb38d91855390a52e7c7e606385f55be79,verified,2026-07-17,
classical_musicnet_1807,classical,musicnet-zenodo-5120004,1807,String Quartet No 14 in G major — 3. Andante cantabile,European Archive,,musicnet_mozart_k387,mozart,string_chamber,444,https://zenodo.org/records/5120004,https://zenodo.org/records/5120004/files/musicnet.tar.gz?download=1,Creative Commons Attribution 4.0 International,https://creativecommons.org/licenses/by/4.0/,MusicNet classical metadata: String Quartet,validation,classical_music/classical_musicnet_1807.wav,7be4df7dfe00f2c36ba8bf94058643d08157b557389ce52422ea85dd1a356812,verified,2026-07-17,
classical_musicnet_1811,classical,musicnet-zenodo-5120004,1811,Clarinet Quintet in A major — 2. Larghetto,William McColl,,musicnet_mozart_k581,mozart,mixed_chamber,489,https://zenodo.org/records/5120004,https://zenodo.org/records/5120004/files/musicnet.tar.gz?download=1,Creative Commons Attribution 4.0 International,https://creativecommons.org/licenses/by/4.0/,MusicNet classical metadata: Clarinet Quintet,validation,classical_music/classical_musicnet_1811.wav,061386d7ea62c5b83d91a392e0e5ebc9cb34e9d3485e431aed5086d4baf3ba15,verified,2026-07-17,
classical_musicnet_1812,classical,musicnet-zenodo-5120004,1812,Clarinet Quintet in A major — 3. Menuetto,William McColl,,musicnet_mozart_k581,mozart,mixed_chamber,466,https://zenodo.org/records/5120004,https://zenodo.org/records/5120004/files/musicnet.tar.gz?download=1,Creative Commons Attribution 4.0 International,https://creativecommons.org/licenses/by/4.0/,MusicNet classical metadata: Clarinet Quintet,validation,classical_music/classical_musicnet_1812.wav,335a9b97b6445e017c1a81ea9e66a6c805caa605a92c6f925caa6e4a50d7fc02,verified,2026-07-17,
classical_musicnet_1813,classical,musicnet-zenodo-5120004,1813,Clarinet Quintet in A major — 4. Allegretto con variazioni,William McColl,,musicnet_mozart_k581,mozart,mixed_chamber,591,https://zenodo.org/records/5120004,https://zenodo.org/records/5120004/files/musicnet.tar.gz?download=1,Creative Commons Attribution 4.0 International,https://creativecommons.org/licenses/by/4.0/,MusicNet classical metadata: Clarinet Quintet,validation,classical_music/classical_musicnet_1813.wav,b0d5d8baad12dd9b634481f42aa2052fb9c4aba4483febc730223cc5e822c683,verified,2026-07-17,
classical_musicnet_1817,classical,musicnet-zenodo-5120004,1817,Serenade in E-flat major — 2. Menuetto,Soni Ventorum Wind Quintet,,musicnet_mozart_k375,mozart,mixed_chamber,250,https://zenodo.org/records/5120004,https://zenodo.org/records/5120004/files/musicnet.tar.gz?download=1,Creative Commons Attribution 4.0 International,https://creativecommons.org/licenses/by/4.0/,MusicNet classical metadata: Pairs Clarinet-Horn-Bassoon,validation,classical_music/classical_musicnet_1817.wav,7a9452c4966108c8bf601cadb1e4ea03389b392276a0f28c3101560a5074df9f,verified,2026-07-17,
classical_musicnet_1818,classical,musicnet-zenodo-5120004,1818,Serenade in E-flat major — 3. Adagio,Soni Ventorum Wind Quintet,,musicnet_mozart_k375,mozart,mixed_chamber,407,https://zenodo.org/records/5120004,https://zenodo.org/records/5120004/files/musicnet.tar.gz?download=1,Creative Commons Attribution 4.0 International,https://creativecommons.org/licenses/by/4.0/,MusicNet classical metadata: Pairs Clarinet-Horn-Bassoon,validation,classical_music/classical_musicnet_1818.wav,5cd428f6b1023ad1725f34e134e0460fff2359377bd44595c016695b737a8db3,verified,2026-07-17,
classical_musicnet_1819,classical,musicnet-zenodo-5120004,1819,Serenade in E-flat major — 4. Menuetto,Soni Ventorum Wind Quintet,,musicnet_mozart_k375,mozart,mixed_chamber,177,https://zenodo.org/records/5120004,https://zenodo.org/records/5120004/files/musicnet.tar.gz?download=1,Creative Commons Attribution 4.0 International,https://creativecommons.org/licenses/by/4.0/,MusicNet classical metadata: Pairs Clarinet-Horn-Bassoon,validation,classical_music/classical_musicnet_1819.wav,15f460aede5f09a96126ae2948033a88594a5c33abd18fa999b76c932974e0d8,verified,2026-07-17,
classical_musicnet_1828,classical,musicnet-zenodo-5120004,1828,Piano Trio No 4 in E major — 2. Andante grazioso,European Archive,,musicnet_mozart_k542,mozart,mixed_chamber,265,https://zenodo.org/records/5120004,https://zenodo.org/records/5120004/files/musicnet.tar.gz?download=1,Creative Commons Attribution 4.0 International,https://creativecommons.org/licenses/by/4.0/,MusicNet classical metadata: Piano Trio,validation,classical_music/classical_musicnet_1828.wav,f051ed22b2f0ecd226f52ee13d586c088e2440f9c68469ab3713292df1183d10,verified,2026-07-17,
classical_musicnet_1829,classical,musicnet-zenodo-5120004,1829,Piano Trio No 4 in E major — 3. Allegro,European Archive,,musicnet_mozart_k542,mozart,mixed_chamber,421,https://zenodo.org/records/5120004,https://zenodo.org/records/5120004/files/musicnet.tar.gz?download=1,Creative Commons Attribution 4.0 International,https://creativecommons.org/licenses/by/4.0/,MusicNet classical metadata: Piano Trio,validation,classical_music/classical_musicnet_1829.wav,f0704a8ec83d0792277f298697402739009ad380856e8879f3d68eb5558cc81c,verified,2026-07-17,
classical_musicnet_1835,classical,musicnet-zenodo-5120004,1835,String Quartet No 23 in F major — 3. Menuetto. Allegretto,European Archive,,musicnet_mozart_k590,mozart,string_chamber,236,https://zenodo.org/records/5120004,https://zenodo.org/records/5120004/files/musicnet.tar.gz?download=1,Creative Commons Attribution 4.0 International,https://creativecommons.org/licenses/by/4.0/,MusicNet classical metadata: String Quartet,validation,classical_music/classical_musicnet_1835.wav,a279e6ec2eb200f88a86c6d7d66b70a4f93a62099ba3519cb674b66746f32ea9,verified,2026-07-17,
classical_musicnet_1859,classical,musicnet-zenodo-5120004,1859,String Quartet No 18 in A major — 2. Menuetto and Trio,European Archive,,musicnet_mozart_k464,mozart,string_chamber,392,https://zenodo.org/records/5120004,https://zenodo.org/records/5120004/files/musicnet.tar.gz?download=1,Creative Commons Attribution 4.0 International,https://creativecommons.org/licenses/by/4.0/,MusicNet classical metadata: String Quartet,validation,classical_music/classical_musicnet_1859.wav,83ddb43f31e4230a7a8f0ba4b864d5b9d03ab637be532c2af9bafc8a3f742eb5,verified,2026-07-17,
classical_musicnet_1872,classical,musicnet-zenodo-5120004,1872,Piano Trio No 3 in B-flat major — 2. Larghetto,European Archive,,musicnet_mozart_k502,mozart,mixed_chamber,509,https://zenodo.org/records/5120004,https://zenodo.org/records/5120004/files/musicnet.tar.gz?download=1,Creative Commons Attribution 4.0 International,https://creativecommons.org/licenses/by/4.0/,MusicNet classical metadata: Piano Trio,validation,classical_music/classical_musicnet_1872.wav,93a44dd5200707121c592a33d0565f25936e84765fd8312b1db58f829bcd9f33,verified,2026-07-17,
classical_musicnet_1873,classical,musicnet-zenodo-5120004,1873,Piano Trio No 3 in B-flat major — 3. Allegretto,European Archive,,musicnet_mozart_k502,mozart,mixed_chamber,366,https://zenodo.org/records/5120004,https://zenodo.org/records/5120004/files/musicnet.tar.gz?download=1,Creative Commons Attribution 4.0 International,https://creativecommons.org/licenses/by/4.0/,MusicNet classical metadata: Piano Trio,validation,classical_music/classical_musicnet_1873.wav,ea5e75a4420bcadf7273fe5c7afcbb3e81257c48ce265441f53b25c396c6b009,verified,2026-07-17,
classical_musicnet_1876,classical,musicnet-zenodo-5120004,1876,Piano Trio No2 in G major — 2. Andante,European Archive,,musicnet_mozart_k496,mozart,mixed_chamber,356,https://zenodo.org/records/5120004,https://zenodo.org/records/5120004/files/musicnet.tar.gz?download=1,Creative Commons Attribution 4.0 International,https://creativecommons.org/licenses/by/4.0/,MusicNet classical metadata: Piano Trio,validation,classical_music/classical_musicnet_1876.wav,12b6274207f59f2e0fe69f3ed9738db2cde5ffcd8feb2982b10441e0e42591a5,verified,2026-07-17,
classical_musicnet_1893,classical,musicnet-zenodo-5120004,1893,Piano Trio No 6 in G major — 3. Allegretto,European Archive,,musicnet_mozart_k564,mozart,mixed_chamber,325,https://zenodo.org/records/5120004,https://zenodo.org/records/5120004/files/musicnet.tar.gz?download=1,Creative Commons Attribution 4.0 International,https://creativecommons.org/licenses/by/4.0/,MusicNet classical metadata: Piano Trio,validation,classical_music/classical_musicnet_1893.wav,6fe4449530ee529c35cee4d314dba39d2ae07078ff55fd8ee68cd161144e2278,verified,2026-07-17,
classical_musicnet_2075,classical,musicnet-zenodo-5120004,2075,Wind Quintet No 1 in B-flat Major — 1. Allegro maestoso,Soni Ventorum Wind Quintet,,musicnet_cambini_john1,cambini,mixed_chamber,329,https://zenodo.org/records/5120004,https://zenodo.org/records/5120004/files/musicnet.tar.gz?download=1,Creative Commons Attribution 4.0 International,https://creativecommons.org/licenses/by/4.0/,MusicNet classical metadata: Wind Quintet,discovery,classical_music/classical_musicnet_2075.wav,8507f02fffc86fbe8c2eeb93484dbcf855c8bdc882699a9e1c0731d7a509b10f,verified,2026-07-17,
classical_musicnet_2076,classical,musicnet-zenodo-5120004,2076,Wind Quintet No 1 in B-flat Major — 2. Larghetto cantabile,Soni Ventorum Wind Quintet,,musicnet_cambini_john1,cambini,mixed_chamber,247,https://zenodo.org/records/5120004,https://zenodo.org/records/5120004/files/musicnet.tar.gz?download=1,Creative Commons Attribution 4.0 International,https://creativecommons.org/licenses/by/4.0/,MusicNet classical metadata: Wind Quintet,discovery,classical_music/classical_musicnet_2076.wav,d11c78f284056344f88e4a8a65ce10bd0398536992a22e33d71ba4be78d0cf7b,verified,2026-07-17,
classical_musicnet_2077,classical,musicnet-zenodo-5120004,2077,Wind Quintet No 1 in B-flat Major — 3. Rondo Allegretto grazioso,Soni Ventorum Wind Quintet,,musicnet_cambini_john1,cambini,mixed_chamber,250,https://zenodo.org/records/5120004,https://zenodo.org/records/5120004/files/musicnet.tar.gz?download=1,Creative Commons Attribution 4.0 International,https://creativecommons.org/licenses/by/4.0/,MusicNet classical metadata: Wind Quintet,discovery,classical_music/classical_musicnet_2077.wav,4670c84d30864332c65da030732d196b4549a54aa97271f37837d64841e5e608,verified,2026-07-17,
classical_musicnet_2078,classical,musicnet-zenodo-5120004,2078,Wind Quintet No 2 in D Minor — 1. Allegro espressivo,Soni Ventorum Wind Quintet,,musicnet_cambini_john2,cambini,mixed_chamber,355,https://zenodo.org/records/5120004,https://zenodo.org/records/5120004/files/musicnet.tar.gz?download=1,Creative Commons Attribution 4.0 International,https://creativecommons.org/licenses/by/4.0/,MusicNet classical metadata: Wind Quintet,discovery,classical_music/classical_musicnet_2078.wav,7612d1a8410e0072c625553de51655eec1b6c513c905335303bdcaaba927ebd1,verified,2026-07-17,
classical_musicnet_2079,classical,musicnet-zenodo-5120004,2079,Wind Quintet No 2 in D Minor — 2. Larghetto sostenuto ma con moto,Soni Ventorum Wind Quintet,,musicnet_cambini_john2,cambini,mixed_chamber,278,https://zenodo.org/records/5120004,https://zenodo.org/records/5120004/files/musicnet.tar.gz?download=1,Creative Commons Attribution 4.0 International,https://creativecommons.org/licenses/by/4.0/,MusicNet classical metadata: Wind Quintet,discovery,classical_music/classical_musicnet_2079.wav,ccebed115bd0f4e6dd588311989849991c56938fa60f9174c1f0a18eccd0fe08,verified,2026-07-17,
classical_musicnet_2080,classical,musicnet-zenodo-5120004,2080,Wind Quintet No 2 in D Minor — 3. Presto ma non tanto,Soni Ventorum Wind Quintet,,musicnet_cambini_john2,cambini,mixed_chamber,233,https://zenodo.org/records/5120004,https://zenodo.org/records/5120004/files/musicnet.tar.gz?download=1,Creative Commons Attribution 4.0 International,https://creativecommons.org/licenses/by/4.0/,MusicNet classical metadata: Wind Quintet,discovery,classical_music/classical_musicnet_2080.wav,1794d69f6039cb4371e5729fc0a2ffbcd4fc62cb4a01cc3353ee1e23fe5f2095,verified,2026-07-17,
classical_musicnet_2081,classical,musicnet-zenodo-5120004,2081,Wind Quintet No 3 in F Major — 1. Allegro maestoso,Soni Ventorum Wind Quintet,,musicnet_cambini_john3,cambini,mixed_chamber,299,https://zenodo.org/records/5120004,https://zenodo.org/records/5120004/files/musicnet.tar.gz?download=1,Creative Commons Attribution 4.0 International,https://creativecommons.org/licenses/by/4.0/,MusicNet classical metadata: Wind Quintet,discovery,classical_music/classical_musicnet_2081.wav,9e8da7bd4cc9ce00f9ed0f104a3342ec2c26708e02dc8695a9795e0e8a21c8fa,verified,2026-07-17,
classical_musicnet_2082,classical,musicnet-zenodo-5120004,2082,Wind Quintet No 3 in F Major — 2. Larghetto sostenuto,Soni Ventorum Wind Quintet,,musicnet_cambini_john3,cambini,mixed_chamber,341,https://zenodo.org/records/5120004,https://zenodo.org/records/5120004/files/musicnet.tar.gz?download=1,Creative Commons Attribution 4.0 International,https://creativecommons.org/licenses/by/4.0/,MusicNet classical metadata: Wind Quintet,discovery,classical_music/classical_musicnet_2082.wav,c59cdb94ca095a731561a26f27959b05df9bedc38a0d8c93de2d79a53b391f74,verified,2026-07-17,
classical_musicnet_2083,classical,musicnet-zenodo-5120004,2083,Wind Quintet No 3 in F Major — 3. Rondo Allegro con brio,Soni Ventorum Wind Quintet,,musicnet_cambini_john3,cambini,mixed_chamber,245,https://zenodo.org/records/5120004,https://zenodo.org/records/5120004/files/musicnet.tar.gz?download=1,Creative Commons Attribution 4.0 International,https://creativecommons.org/licenses/by/4.0/,MusicNet classical metadata: Wind Quintet,discovery,classical_music/classical_musicnet_2083.wav,b3edfbcfd40000b08982bcc694c84c823e4ba06c93725e6a371688236652fa41,verified,2026-07-17,
classical_musicnet_2112,classical,musicnet-zenodo-5120004,2112,Cello Sonata No 1 in E minor — 1. Allegro non troppo,Stefano Ligoratti,,musicnet_brahms_op38,brahms,mixed_chamber,897,https://zenodo.org/records/5120004,https://zenodo.org/records/5120004/files/musicnet.tar.gz?download=1,Creative Commons Attribution 4.0 International,https://creativecommons.org/licenses/by/4.0/,MusicNet classical metadata: Accompanied Cello,holdout,classical_music/classical_musicnet_2112.wav,9735b456d142799c485e72d78a46004fe882d37d89a5807c7b1dabaac6a57702,verified,2026-07-17,
classical_musicnet_2113,classical,musicnet-zenodo-5120004,2113,Cello Sonata No 1 in E minor — 2. Allegretto quasi Menuetto,Stefano Ligoratti,,musicnet_brahms_op38,brahms,mixed_chamber,352,https://zenodo.org/records/5120004,https://zenodo.org/records/5120004/files/musicnet.tar.gz?download=1,Creative Commons Attribution 4.0 International,https://creativecommons.org/licenses/by/4.0/,MusicNet classical metadata: Accompanied Cello,holdout,classical_music/classical_musicnet_2113.wav,bd9c7067ab3727bae030a1077a8113e52018b6bd1aa11ea95ccf6c0817f682c3,verified,2026-07-17,
classical_musicnet_2114,classical,musicnet-zenodo-5120004,2114,Cello Sonata No 1 in E minor — 3. Allegro,Stefano Ligoratti,,musicnet_brahms_op38,brahms,mixed_chamber,403,https://zenodo.org/records/5120004,https://zenodo.org/records/5120004/files/musicnet.tar.gz?download=1,Creative Commons Attribution 4.0 International,https://creativecommons.org/licenses/by/4.0/,MusicNet classical metadata: Accompanied Cello,holdout,classical_music/classical_musicnet_2114.wav,e3dcb6b86449e2f77a0cba6e4ab3661fef03a76851781b00f020ce718e889fb5,verified,2026-07-17,
classical_musicnet_2116,classical,musicnet-zenodo-5120004,2116,Clarinet Sonata No 1 in F minor — 1. Allegro appassionato,Ben Redwine,,musicnet_brahms_op120no1,brahms,mixed_chamber,410,https://zenodo.org/records/5120004,https://zenodo.org/records/5120004/files/musicnet.tar.gz?download=1,Creative Commons Attribution 4.0 International,https://creativecommons.org/licenses/by/4.0/,MusicNet classical metadata: Accompanied Clarinet,holdout,classical_music/classical_musicnet_2116.wav,140a7d4bde1324f181ad180c870409d0197e666488236173792355471a315140,verified,2026-07-17,
classical_musicnet_2117,classical,musicnet-zenodo-5120004,2117,Clarinet Sonata No 1 in F minor — 2. Andante un poco Adagio,Ben Redwine,,musicnet_brahms_op120no1,brahms,mixed_chamber,266,https://zenodo.org/records/5120004,https://zenodo.org/records/5120004/files/musicnet.tar.gz?download=1,Creative Commons Attribution 4.0 International,https://creativecommons.org/licenses/by/4.0/,MusicNet classical metadata: Accompanied Clarinet,holdout,classical_music/classical_musicnet_2117.wav,cff8d6e7693362c28344003a0c0da33f849c62b91f2f21861741d8980d3c70cc,verified,2026-07-17,
classical_musicnet_2118,classical,musicnet-zenodo-5120004,2118,Clarinet Sonata No 1 in F minor — 3. Allegretto grazioso,Ben Redwine,,musicnet_brahms_op120no1,brahms,mixed_chamber,232,https://zenodo.org/records/5120004,https://zenodo.org/records/5120004/files/musicnet.tar.gz?download=1,Creative Commons Attribution 4.0 International,https://creativecommons.org/licenses/by/4.0/,MusicNet classical metadata: Accompanied Clarinet,holdout,classical_music/classical_musicnet_2118.wav,d5d1feeb92b510b6c06328ecab9e089704e55d2a47ae18c07b327819419a98d1,verified,2026-07-17,
classical_musicnet_2119,classical,musicnet-zenodo-5120004,2119,Clarinet Sonata No 1 in F minor — 4. Vivace,Ben Redwine,,musicnet_brahms_op120no1,brahms,mixed_chamber,294,https://zenodo.org/records/5120004,https://zenodo.org/records/5120004/files/musicnet.tar.gz?download=1,Creative Commons Attribution 4.0 International,https://creativecommons.org/licenses/by/4.0/,MusicNet classical metadata: Accompanied Clarinet,holdout,classical_music/classical_musicnet_2119.wav,13774732be2e889c7ddd1f0a4486e54e82819974092c8ce89b585772a7338fbc,verified,2026-07-17,
classical_musicnet_2127,classical,musicnet-zenodo-5120004,2127,Serenade No 1 in D Major — 2. Scherzo. Allegro non troppo,European Archive,,musicnet_brahms_op11,brahms,mixed_chamber,518,https://zenodo.org/records/5120004,https://zenodo.org/records/5120004/files/musicnet.tar.gz?download=1,Creative Commons Attribution 4.0 International,https://creativecommons.org/licenses/by/4.0/,MusicNet classical metadata: Wind and Strings Octet,holdout,classical_music/classical_musicnet_2127.wav,85443fad0f41bd638a389dbd313e8d20241a2680b7db666252a71714da632b09,verified,2026-07-17,
classical_musicnet_2131,classical,musicnet-zenodo-5120004,2131,Serenade No 1 in D Major — 6. Rondo. Allegro,European Archive,,musicnet_brahms_op11,brahms,mixed_chamber,274,https://zenodo.org/records/5120004,https://zenodo.org/records/5120004/files/musicnet.tar.gz?download=1,Creative Commons Attribution 4.0 International,https://creativecommons.org/licenses/by/4.0/,MusicNet classical metadata: Wind and Strings Octet,holdout,classical_music/classical_musicnet_2131.wav,c787e2d55990bbd951e7c0eed407a2b6dcdc0ce99c88a4e2c70803126a0333ce,verified,2026-07-17,
classical_musicnet_2138,classical,musicnet-zenodo-5120004,2138,String Quartet in C minor — 2. Romanze: Poco adagio,European Archive,,musicnet_brahms_op51no1,brahms,string_chamber,429,https://zenodo.org/records/5120004,https://zenodo.org/records/5120004/files/musicnet.tar.gz?download=1,Creative Commons Attribution 4.0 International,https://creativecommons.org/licenses/by/4.0/,MusicNet classical metadata: String Quartet,holdout,classical_music/classical_musicnet_2138.wav,8fe19cced2dd0469a6532e41b694da53935d4aba87b3382e990091f1ceb831f5,verified,2026-07-17,
classical_musicnet_2140,classical,musicnet-zenodo-5120004,2140,String Quartet in C minor — 4. Allegro,European Archive,,musicnet_brahms_op51no1,brahms,string_chamber,381,https://zenodo.org/records/5120004,https://zenodo.org/records/5120004/files/musicnet.tar.gz?download=1,Creative Commons Attribution 4.0 International,https://creativecommons.org/licenses/by/4.0/,MusicNet classical metadata: String Quartet,holdout,classical_music/classical_musicnet_2140.wav,8860ed76b20018f3b400ae4f35da0fa45e6242b7211f74665540765fdf828701,verified,2026-07-17,
classical_musicnet_2147,classical,musicnet-zenodo-5120004,2147,String Sextet No 2 in G major — 4. Poco allegro,European Archive,,musicnet_brahms_op36,brahms,string_chamber,501,https://zenodo.org/records/5120004,https://zenodo.org/records/5120004/files/musicnet.tar.gz?download=1,Creative Commons Attribution 4.0 International,https://creativecommons.org/licenses/by/4.0/,MusicNet classical metadata: String Sextet,holdout,classical_music/classical_musicnet_2147.wav,bd26d91b56b96bbb98c58df3750178121d028ee91e9f55cab3ada85eae5f2a85,verified,2026-07-17,
classical_musicnet_2148,classical,musicnet-zenodo-5120004,2148,Piano Quartet No 1 in G minor — 1. Allegro,Roxana Pavel Goldstein,,musicnet_brahms_op25,brahms,mixed_chamber,822,https://zenodo.org/records/5120004,https://zenodo.org/records/5120004/files/musicnet.tar.gz?download=1,Creative Commons Attribution 4.0 International,https://creativecommons.org/licenses/by/4.0/,MusicNet classical metadata: Piano Quartet,holdout,classical_music/classical_musicnet_2148.wav,aa2171b27353080af3f848f10bad078e8a26759873091723ff1fb9c9872afa1b,verified,2026-07-17,
classical_musicnet_2149,classical,musicnet-zenodo-5120004,2149,Piano Quartet No 1 in G minor — 2. Intermezzo: Allegro ma non troppo,Roxana Pavel Goldstein,,musicnet_brahms_op25,brahms,mixed_chamber,476,https://zenodo.org/records/5120004,https://zenodo.org/records/5120004/files/musicnet.tar.gz?download=1,Creative Commons Attribution 4.0 International,https://creativecommons.org/licenses/by/4.0/,MusicNet classical metadata: Piano Quartet,holdout,classical_music/classical_musicnet_2149.wav,0d9fa276281be933db75e38afc6d62bdb2e4e39ef22824add4695d9139258beb,verified,2026-07-17,
classical_musicnet_2150,classical,musicnet-zenodo-5120004,2150,Piano Quartet No 1 in G minor — 3. Andante con moto,Roxana Pavel Goldstein,,musicnet_brahms_op25,brahms,mixed_chamber,599,https://zenodo.org/records/5120004,https://zenodo.org/records/5120004/files/musicnet.tar.gz?download=1,Creative Commons Attribution 4.0 International,https://creativecommons.org/licenses/by/4.0/,MusicNet classical metadata: Piano Quartet,holdout,classical_music/classical_musicnet_2150.wav,759b57337ccb0333d5f1e0e7ac09be751bd89462c5f0804b521e5dcaf030b67f,verified,2026-07-17,
classical_musicnet_2151,classical,musicnet-zenodo-5120004,2151,Piano Quartet No 1 in G minor — 4. Rondo alla Zingarese: Presto,Roxana Pavel Goldstein,,musicnet_brahms_op25,brahms,mixed_chamber,533,https://zenodo.org/records/5120004,https://zenodo.org/records/5120004/files/musicnet.tar.gz?download=1,Creative Commons Attribution 4.0 International,https://creativecommons.org/licenses/by/4.0/,MusicNet classical metadata: Piano Quartet,holdout,classical_music/classical_musicnet_2151.wav,8c93b7cab9c3630ae5a28decae630fce23438864122aa4468425520ccddd458e,verified,2026-07-17,
classical_musicnet_2154,classical,musicnet-zenodo-5120004,2154,String Sextet No 1 in B-flat major — 1. Allegro ma non troppo,Carl Banner,,musicnet_brahms_op18,brahms,string_chamber,894,https://zenodo.org/records/5120004,https://zenodo.org/records/5120004/files/musicnet.tar.gz?download=1,Creative Commons Attribution 4.0 International,https://creativecommons.org/licenses/by/4.0/,MusicNet classical metadata: String Sextet,holdout,classical_music/classical_musicnet_2154.wav,625b9074dbef48d4689cb8fbc77fdc23b3ce617b583b76ed3e8e2f5a6f9e0fd5,verified,2026-07-17,
classical_musicnet_2155,classical,musicnet-zenodo-5120004,2155,"String Sextet No 1 in B-flat major — 2. Andante, ma moderato",Carl Banner,,musicnet_brahms_op18,brahms,string_chamber,606,https://zenodo.org/records/5120004,https://zenodo.org/records/5120004/files/musicnet.tar.gz?download=1,Creative Commons Attribution 4.0 International,https://creativecommons.org/licenses/by/4.0/,MusicNet classical metadata: String Sextet,holdout,classical_music/classical_musicnet_2155.wav,246fd774f4137b296a96e46be7a6eedb75aef26f07c02666458852356bf66a20,verified,2026-07-17,
classical_musicnet_2156,classical,musicnet-zenodo-5120004,2156,String Sextet No 1 in B-flat major — 3. Scherzo. Allegro molto,Carl Banner,,musicnet_brahms_op18,brahms,string_chamber,192,https://zenodo.org/records/5120004,https://zenodo.org/records/5120004/files/musicnet.tar.gz?download=1,Creative Commons Attribution 4.0 International,https://creativecommons.org/licenses/by/4.0/,MusicNet classical metadata: String Sextet,holdout,classical_music/classical_musicnet_2156.wav,b3db9438775d8075e78af8402ebb6c1b11ca044cb3c14974cd86f9e1cbaa8133,verified,2026-07-17,
classical_musicnet_2157,classical,musicnet-zenodo-5120004,2157,String Sextet No 1 in B-flat major — 4. Rondo: Poco Allegretto e grazioso,Carl Banner,,musicnet_brahms_op18,brahms,string_chamber,661,https://zenodo.org/records/5120004,https://zenodo.org/records/5120004/files/musicnet.tar.gz?download=1,Creative Commons Attribution 4.0 International,https://creativecommons.org/licenses/by/4.0/,MusicNet classical metadata: String Sextet,holdout,classical_music/classical_musicnet_2157.wav,9abc63ee9538cffd180d291c11c3cd7c7bdffb231ea0ede29d58b9fe07c867e9,verified,2026-07-17,
classical_musicnet_2158,classical,musicnet-zenodo-5120004,2158,Horn Trio in E-flat major — 1. Andante,European Archive,,musicnet_brahms_op40,brahms,mixed_chamber,482,https://zenodo.org/records/5120004,https://zenodo.org/records/5120004/files/musicnet.tar.gz?download=1,Creative Commons Attribution 4.0 International,https://creativecommons.org/licenses/by/4.0/,MusicNet classical metadata: Horn Piano Trio,holdout,classical_music/classical_musicnet_2158.wav,e7214455eb4253713f9631ae899a264244bb95525f9d6a289add2fbd74766d31,verified,2026-07-17,
classical_musicnet_2159,classical,musicnet-zenodo-5120004,2159,Horn Trio in E-flat major — 2. Scherzo (Allegro),European Archive,,musicnet_brahms_op40,brahms,mixed_chamber,466,https://zenodo.org/records/5120004,https://zenodo.org/records/5120004/files/musicnet.tar.gz?download=1,Creative Commons Attribution 4.0 International,https://creativecommons.org/licenses/by/4.0/,MusicNet classical metadata: Horn Piano Trio,holdout,classical_music/classical_musicnet_2159.wav,d0f5860200171c5e98e0ff41527a7a2559a8b32a53f16d13b7493b3f2ae5bdef,verified,2026-07-17,
classical_musicnet_2160,classical,musicnet-zenodo-5120004,2160,Horn Trio in E-flat major — 3. Adagio mesto,European Archive,,musicnet_brahms_op40,brahms,mixed_chamber,446,https://zenodo.org/records/5120004,https://zenodo.org/records/5120004/files/musicnet.tar.gz?download=1,Creative Commons Attribution 4.0 International,https://creativecommons.org/licenses/by/4.0/,MusicNet classical metadata: Horn Piano Trio,holdout,classical_music/classical_musicnet_2160.wav,1637c584f57c62938781a9a834c9ba88f28780d2df49bb8be281178e8f141dda,verified,2026-07-17,
classical_musicnet_2161,classical,musicnet-zenodo-5120004,2161,Horn Trio in E-flat major — 4. Allegro con brio,European Archive,,musicnet_brahms_op40,brahms,mixed_chamber,397,https://zenodo.org/records/5120004,https://zenodo.org/records/5120004/files/musicnet.tar.gz?download=1,Creative Commons Attribution 4.0 International,https://creativecommons.org/licenses/by/4.0/,MusicNet classical metadata: Horn Piano Trio,holdout,classical_music/classical_musicnet_2161.wav,7754f74b1ba9018d73cc3730021f4dbdbc4732f02d48149aa88ac65cf0f63aeb,verified,2026-07-17,
classical_musicnet_2166,classical,musicnet-zenodo-5120004,2166,Piano Quartet No 2 in G minor — 1. Allegro molto moderato,European Archive,,musicnet_faure_op45,faure,mixed_chamber,639,https://zenodo.org/records/5120004,https://zenodo.org/records/5120004/files/musicnet.tar.gz?download=1,Creative Commons Attribution 4.0 International,https://creativecommons.org/licenses/by/4.0/,MusicNet classical metadata: Piano Quartet,holdout,classical_music/classical_musicnet_2166.wav,f345c9697bb6b660cca03aae07a24cc01b883eaf04e17658a8290431762870c2,verified,2026-07-17,
classical_musicnet_2167,classical,musicnet-zenodo-5120004,2167,Piano Quartet No 2 in G minor — 2. Allegro molto,European Archive,,musicnet_faure_op45,faure,mixed_chamber,193,https://zenodo.org/records/5120004,https://zenodo.org/records/5120004/files/musicnet.tar.gz?download=1,Creative Commons Attribution 4.0 International,https://creativecommons.org/licenses/by/4.0/,MusicNet classical metadata: Piano Quartet,holdout,classical_music/classical_musicnet_2167.wav,481dde24084eb7c0489c5207b86b843ef3ed13eceb1b6ef3583be96598a69f51,verified,2026-07-17,
classical_musicnet_2168,classical,musicnet-zenodo-5120004,2168,Piano Quartet No 2 in G minor — 3. Adagio non troppo,European Archive,,musicnet_faure_op45,faure,mixed_chamber,612,https://zenodo.org/records/5120004,https://zenodo.org/records/5120004/files/musicnet.tar.gz?download=1,Creative Commons Attribution 4.0 International,https://creativecommons.org/licenses/by/4.0/,MusicNet classical metadata: Piano Quartet,holdout,classical_music/classical_musicnet_2168.wav,77dfb5c0fc1839fbc307b5d3c52864a8208e9223c44d4c92c29c3acb58b9a27e,verified,2026-07-17,
classical_musicnet_2169,classical,musicnet-zenodo-5120004,2169,Piano Quartet No 2 in G minor — 4. Allegro molto,European Archive,,musicnet_faure_op45,faure,mixed_chamber,519,https://zenodo.org/records/5120004,https://zenodo.org/records/5120004/files/musicnet.tar.gz?download=1,Creative Commons Attribution 4.0 International,https://creativecommons.org/licenses/by/4.0/,MusicNet classical metadata: Piano Quartet,holdout,classical_music/classical_musicnet_2169.wav,93415a2c5209abefd69b9e4750c275c2947e12f02d284fa55d725f89b7f54c84,verified,2026-07-17,
classical_musicnet_2177,classical,musicnet-zenodo-5120004,2177,String Quartet in F — 1. Allegro moderato - tres doux,Musicians from Marlboro,,musicnet_ravel_35,ravel,string_chamber,490,https://zenodo.org/records/5120004,https://zenodo.org/records/5120004/files/musicnet.tar.gz?download=1,Creative Commons Attribution 4.0 International,https://creativecommons.org/licenses/by/4.0/,MusicNet classical metadata: String Quartet,holdout,classical_music/classical_musicnet_2177.wav,3179e83e7bd4be56479d70637aa8932db60708fbb87dfd511475ad863aa4a78b,verified,2026-07-17,
classical_musicnet_2178,classical,musicnet-zenodo-5120004,2178,String Quartet in F — 2. Assez vif - tres rythme,Musicians from Marlboro,,musicnet_ravel_35,ravel,string_chamber,355,https://zenodo.org/records/5120004,https://zenodo.org/records/5120004/files/musicnet.tar.gz?download=1,Creative Commons Attribution 4.0 International,https://creativecommons.org/licenses/by/4.0/,MusicNet classical metadata: String Quartet,holdout,classical_music/classical_musicnet_2178.wav,040a5175a03064c8ca15a25b6da21e5703728b66fdb8469f27b8db0f16769ff7,verified,2026-07-17,
classical_musicnet_2179,classical,musicnet-zenodo-5120004,2179,String Quartet in F — 3. Tres lent,Musicians from Marlboro,,musicnet_ravel_35,ravel,string_chamber,505,https://zenodo.org/records/5120004,https://zenodo.org/records/5120004/files/musicnet.tar.gz?download=1,Creative Commons Attribution 4.0 International,https://creativecommons.org/licenses/by/4.0/,MusicNet classical metadata: String Quartet,holdout,classical_music/classical_musicnet_2179.wav,e59ba9e9376ca9487bd4101bb1f78b328d48c851e8ddf4302dcfb7c44f855821,verified,2026-07-17,
classical_musicnet_2180,classical,musicnet-zenodo-5120004,2180,String Quartet in F — 4. Vif et agite,Musicians from Marlboro,,musicnet_ravel_35,ravel,string_chamber,293,https://zenodo.org/records/5120004,https://zenodo.org/records/5120004/files/musicnet.tar.gz?download=1,Creative Commons Attribution 4.0 International,https://creativecommons.org/licenses/by/4.0/,MusicNet classical metadata: String Quartet,holdout,classical_music/classical_musicnet_2180.wav,62e0b2a38d5b2eb1deac06c39104dfb867753ecce55d7e1a7f07c955dc283310,verified,2026-07-17,
classical_musicnet_2186,classical,musicnet-zenodo-5120004,2186,Violin Partita No 3 in E major — 1. Preludio,Oliver Colbentston,,musicnet_bach_bwv1006,bach,solo_instrument,214,https://zenodo.org/records/5120004,https://zenodo.org/records/5120004/files/musicnet.tar.gz?download=1,Creative Commons Attribution 4.0 International,https://creativecommons.org/licenses/by/4.0/,MusicNet classical metadata: Solo Violin,discovery,classical_music/classical_musicnet_2186.wav,0ba554083b62d4f475fe99a59a588ece8f34f2410f831247e79953af1267d03a,verified,2026-07-17,
classical_musicnet_2191,classical,musicnet-zenodo-5120004,2191,Violin Partita No 3 in E major — 6. Bourree,Oliver Colbentston,,musicnet_bach_bwv1006,bach,solo_instrument,102,https://zenodo.org/records/5120004,https://zenodo.org/records/5120004/files/musicnet.tar.gz?download=1,Creative Commons Attribution 4.0 International,https://creativecommons.org/licenses/by/4.0/,MusicNet classical metadata: Solo Violin,discovery,classical_music/classical_musicnet_2191.wav,34a3c1df0e377007a21b639a59090fbdf8b694b003afc2a6cbc704868a3f19ca,verified,2026-07-17,
classical_musicnet_2194,classical,musicnet-zenodo-5120004,2194,"WTK I, No. 13: Prelude and Fugue in F-sharp major — 1. Prelude",Kimiko Ishizaka,,musicnet_bach_bwv858,bach,piano_solo,100,https://zenodo.org/records/5120004,https://zenodo.org/records/5120004/files/musicnet.tar.gz?download=1,Creative Commons Attribution 4.0 International,https://creativecommons.org/licenses/by/4.0/,MusicNet classical metadata: Solo Piano,discovery,classical_music/classical_musicnet_2194.wav,138171e364ef1b182f1ff1cef855ae2b9b5550ad103beff3140d95a31b449f3f,verified,2026-07-17,
classical_musicnet_2195,classical,musicnet-zenodo-5120004,2195,"WTK I, No. 3: Prelude and Fugue in C-sharp major — 2. Fugue",Kimiko Ishizaka,,musicnet_bach_bwv848,bach,piano_solo,155,https://zenodo.org/records/5120004,https://zenodo.org/records/5120004/files/musicnet.tar.gz?download=1,Creative Commons Attribution 4.0 International,https://creativecommons.org/licenses/by/4.0/,MusicNet classical metadata: Solo Piano,discovery,classical_music/classical_musicnet_2195.wav,4a1ea30909b248ebcabaac1717c63f3dd2f790ed8b7307f84a11bcf1813201f3,verified,2026-07-17,
classical_musicnet_2196,classical,musicnet-zenodo-5120004,2196,"WTK I, No. 3: Prelude and Fugue in C-sharp major — 1. Prelude",Kimiko Ishizaka,,musicnet_bach_bwv848,bach,piano_solo,75,https://zenodo.org/records/5120004,https://zenodo.org/records/5120004/files/musicnet.tar.gz?download=1,Creative Commons Attribution 4.0 International,https://creativecommons.org/licenses/by/4.0/,MusicNet classical metadata: Solo Piano,discovery,classical_music/classical_musicnet_2196.wav,2e9215e5449d2fe4cfe90c623a324636080a6b84ef956b5264a36f0b53bfef38,verified,2026-07-17,
classical_musicnet_2198,classical,musicnet-zenodo-5120004,2198,"WTK I, No. 22: Prelude and Fugue in B-flat minor — 2. Fugue",Kimiko Ishizaka,,musicnet_bach_bwv867,bach,piano_solo,197,https://zenodo.org/records/5120004,https://zenodo.org/records/5120004/files/musicnet.tar.gz?download=1,Creative Commons Attribution 4.0 International,https://creativecommons.org/licenses/by/4.0/,MusicNet classical metadata: Solo Piano,discovery,classical_music/classical_musicnet_2198.wav,26a1b1d5f66c9c2de8180997ac4a7d4d6e5dc8e78b90b7c51974efb85ddf5bd5,verified,2026-07-17,
classical_musicnet_2200,classical,musicnet-zenodo-5120004,2200,"WTK I, No. 16: Prelude and Fugue in G minor — 2. Fugue",Kimiko Ishizaka,,musicnet_bach_bwv861,bach,piano_solo,113,https://zenodo.org/records/5120004,https://zenodo.org/records/5120004/files/musicnet.tar.gz?download=1,Creative Commons Attribution 4.0 International,https://creativecommons.org/licenses/by/4.0/,MusicNet classical metadata: Solo Piano,discovery,classical_music/classical_musicnet_2200.wav,ef0d47ce96265058d4650eadb9ed3a8ffe5642e331bfde3559a54d948b82ea0f,verified,2026-07-17,
classical_musicnet_2201,classical,musicnet-zenodo-5120004,2201,"WTK I, No. 16: Prelude and Fugue in G minor — 1. Prelude",Kimiko Ishizaka,,musicnet_bach_bwv861,bach,piano_solo,134,https://zenodo.org/records/5120004,https://zenodo.org/records/5120004/files/musicnet.tar.gz?download=1,Creative Commons Attribution 4.0 International,https://creativecommons.org/licenses/by/4.0/,MusicNet classical metadata: Solo Piano,discovery,classical_music/classical_musicnet_2201.wav,a7319dd95dd61962c909998eae220da417c171c5d8846fb73d5f79e2abdc3023,verified,2026-07-17,
classical_musicnet_2202,classical,musicnet-zenodo-5120004,2202,Partita in A minor — 1. Allemande,Scott Goff,,musicnet_bach_bwv1013,bach,solo_instrument,181,https://zenodo.org/records/5120004,https://zenodo.org/records/5120004/files/musicnet.tar.gz?download=1,Creative Commons Attribution 4.0 International,https://creativecommons.org/licenses/by/4.0/,MusicNet classical metadata: Solo Flute,discovery,classical_music/classical_musicnet_2202.wav,162548f3269809e79dd2f3dcc720273abfb6352abe4c2e7f3ad2d404c9d3ae99,verified,2026-07-17,
classical_musicnet_2203,classical,musicnet-zenodo-5120004,2203,Partita in A minor — 2. Corrente,Scott Goff,,musicnet_bach_bwv1013,bach,solo_instrument,156,https://zenodo.org/records/5120004,https://zenodo.org/records/5120004/files/musicnet.tar.gz?download=1,Creative Commons Attribution 4.0 International,https://creativecommons.org/licenses/by/4.0/,MusicNet classical metadata: Solo Flute,discovery,classical_music/classical_musicnet_2203.wav,18580f790e41042ac397e4e7a9bf7137517877e0c85326c7c47af3a5693900c7,verified,2026-07-17,
classical_musicnet_2204,classical,musicnet-zenodo-5120004,2204,Partita in A minor — 3. Sarabande,Scott Goff,,musicnet_bach_bwv1013,bach,solo_instrument,132,https://zenodo.org/records/5120004,https://zenodo.org/records/5120004/files/musicnet.tar.gz?download=1,Creative Commons Attribution 4.0 International,https://creativecommons.org/licenses/by/4.0/,MusicNet classical metadata: Solo Flute,discovery,classical_music/classical_musicnet_2204.wav,d9c3c8f6f5f176570e0b1f54c6b75436dc87c2128f308c39a76f19fe50dadf56,verified,2026-07-17,
classical_musicnet_2207,classical,musicnet-zenodo-5120004,2207,"WTK I, No. 10: Prelude and Fugue in E minor — 2. Fugue",Kimiko Ishizaka,,musicnet_bach_bwv855,bach,piano_solo,89,https://zenodo.org/records/5120004,https://zenodo.org/records/5120004/files/musicnet.tar.gz?download=1,Creative Commons Attribution 4.0 International,https://creativecommons.org/licenses/by/4.0/,MusicNet classical metadata: Solo Piano,discovery,classical_music/classical_musicnet_2207.wav,fd2311b0d28ae11c5f307824754f72e6d65f03b1be40e76be7187c8f45d9c6fb,verified,2026-07-17,
classical_musicnet_2208,classical,musicnet-zenodo-5120004,2208,"WTK I, No. 10: Prelude and Fugue in E minor — 1. Prelude",Kimiko Ishizaka,,musicnet_bach_bwv855,bach,piano_solo,120,https://zenodo.org/records/5120004,https://zenodo.org/records/5120004/files/musicnet.tar.gz?download=1,Creative Commons Attribution 4.0 International,https://creativecommons.org/licenses/by/4.0/,MusicNet classical metadata: Solo Piano,discovery,classical_music/classical_musicnet_2208.wav,96d0ea1acf901a8bcf1752e1d65e8d4c0165c128e14af14b834113fda5d7fa65,verified,2026-07-17,
classical_musicnet_2209,classical,musicnet-zenodo-5120004,2209,"WTK I, No. 4: Prelude and Fugue in C-sharp minor — 2. Fugue",Kimiko Ishizaka,,musicnet_bach_bwv849,bach,piano_solo,160,https://zenodo.org/records/5120004,https://zenodo.org/records/5120004/files/musicnet.tar.gz?download=1,Creative Commons Attribution 4.0 International,https://creativecommons.org/licenses/by/4.0/,MusicNet classical metadata: Solo Piano,discovery,classical_music/classical_musicnet_2209.wav,5e6c980cb57665f5d1430bd89fcf58749fab17c26d0d0ea0af94c1a19cef6ac1,verified,2026-07-17,
classical_musicnet_2210,classical,musicnet-zenodo-5120004,2210,"WTK I, No. 4: Prelude and Fugue in C-sharp minor — 1. Prelude",Kimiko Ishizaka,,musicnet_bach_bwv849,bach,piano_solo,178,https://zenodo.org/records/5120004,https://zenodo.org/records/5120004/files/musicnet.tar.gz?download=1,Creative Commons Attribution 4.0 International,https://creativecommons.org/licenses/by/4.0/,MusicNet classical metadata: Solo Piano,discovery,classical_music/classical_musicnet_2210.wav,ba0a43dbff29bd82451f6306fe0eb821b584919e170bc661eb1eaf9b6fda8280,verified,2026-07-17,
classical_musicnet_2211,classical,musicnet-zenodo-5120004,2211,"WTK I, No. 12: Prelude and Fugue in F minor — 2. Fugue",Kimiko Ishizaka,,musicnet_bach_bwv857,bach,piano_solo,237,https://zenodo.org/records/5120004,https://zenodo.org/records/5120004/files/musicnet.tar.gz?download=1,Creative Commons Attribution 4.0 International,https://creativecommons.org/licenses/by/4.0/,MusicNet classical metadata: Solo Piano,discovery,classical_music/classical_musicnet_2211.wav,b9894163b9d7c685fafdb1cdf64cda499649af524d23038ed3f1a1af4f8dfa39,verified,2026-07-17,
classical_musicnet_2212,classical,musicnet-zenodo-5120004,2212,"WTK I, No. 12: Prelude and Fugue in F minor — 1. Prelude",Kimiko Ishizaka,,musicnet_bach_bwv857,bach,piano_solo,173,https://zenodo.org/records/5120004,https://zenodo.org/records/5120004/files/musicnet.tar.gz?download=1,Creative Commons Attribution 4.0 International,https://creativecommons.org/licenses/by/4.0/,MusicNet classical metadata: Solo Piano,discovery,classical_music/classical_musicnet_2212.wav,a5466fd2f9ac7a808f303d476c9a0879b864bfd00efc5363a648ede17e0b0586,verified,2026-07-17,
classical_musicnet_2213,classical,musicnet-zenodo-5120004,2213,"WTK I, No. 2: Prelude and Fugue in C minor — 2. Fugue",Kimiko Ishizaka,,musicnet_bach_bwv847,bach,piano_solo,115,https://zenodo.org/records/5120004,https://zenodo.org/records/5120004/files/musicnet.tar.gz?download=1,Creative Commons Attribution 4.0 International,https://creativecommons.org/licenses/by/4.0/,MusicNet classical metadata: Solo Piano,discovery,classical_music/classical_musicnet_2213.wav,ad484fc5577b86eb1b80a1986f7d3f1bdb44a28203f93c49352f2793dd1734c2,verified,2026-07-17,
classical_musicnet_2214,classical,musicnet-zenodo-5120004,2214,"WTK I, No. 2: Prelude and Fugue in C minor — 1. Prelude",Kimiko Ishizaka,,musicnet_bach_bwv847,bach,piano_solo,107,https://zenodo.org/records/5120004,https://zenodo.org/records/5120004/files/musicnet.tar.gz?download=1,Creative Commons Attribution 4.0 International,https://creativecommons.org/licenses/by/4.0/,MusicNet classical metadata: Solo Piano,discovery,classical_music/classical_musicnet_2214.wav,27827a5abb6ad7e7249f03c1b7db575d57c838b1465c0bf7927c7a4e63804366,verified,2026-07-17,
classical_musicnet_2215,classical,musicnet-zenodo-5120004,2215,"WTK I, No. 1: Prelude and Fugue in C major — 2. Fugue",Kimiko Ishizaka,,musicnet_bach_bwv846,bach,piano_solo,116,https://zenodo.org/records/5120004,https://zenodo.org/records/5120004/files/musicnet.tar.gz?download=1,Creative Commons Attribution 4.0 International,https://creativecommons.org/licenses/by/4.0/,MusicNet classical metadata: Solo Piano,discovery,classical_music/classical_musicnet_2215.wav,51a7c82438cc8ba1f7935c751b9189376612a783ded0929df6e2860e77d98112,verified,2026-07-17,
classical_musicnet_2217,classical,musicnet-zenodo-5120004,2217,Cello Suite 3 — 1. Prelude,European Archive,,musicnet_bach_bwv1009,bach,solo_instrument,186,https://zenodo.org/records/5120004,https://zenodo.org/records/5120004/files/musicnet.tar.gz?download=1,Creative Commons Attribution 4.0 International,https://creativecommons.org/licenses/by/4.0/,MusicNet classical metadata: Solo Cello,discovery,classical_music/classical_musicnet_2217.wav,ec2742f05aff15808c0e12b15daa1e0fb0e03b0716b5c461c4c956b73877f108,verified,2026-07-17,
classical_musicnet_2218,classical,musicnet-zenodo-5120004,2218,Cello Suite 3 — 2. Allemande,European Archive,,musicnet_bach_bwv1009,bach,solo_instrument,199,https://zenodo.org/records/5120004,https://zenodo.org/records/5120004/files/musicnet.tar.gz?download=1,Creative Commons Attribution 4.0 International,https://creativecommons.org/licenses/by/4.0/,MusicNet classical metadata: Solo Cello,discovery,classical_music/classical_musicnet_2218.wav,1a244f9f65d1aee79d17fc917609c962ce682d5e64c0959060bc805cb27a5835,verified,2026-07-17,
classical_musicnet_2219,classical,musicnet-zenodo-5120004,2219,Cello Suite 3 — 3. Courante,European Archive,,musicnet_bach_bwv1009,bach,solo_instrument,260,https://zenodo.org/records/5120004,https://zenodo.org/records/5120004/files/musicnet.tar.gz?download=1,Creative Commons Attribution 4.0 International,https://creativecommons.org/licenses/by/4.0/,MusicNet classical metadata: Solo Cello,discovery,classical_music/classical_musicnet_2219.wav,a4525d8a827e8699183e0727519c7d8a34b03bbfebdaf4f708d3073034712e8e,verified,2026-07-17,
classical_musicnet_2220,classical,musicnet-zenodo-5120004,2220,Cello Suite 3 — 4. Sarabande,European Archive,,musicnet_bach_bwv1009,bach,solo_instrument,302,https://zenodo.org/records/5120004,https://zenodo.org/records/5120004/files/musicnet.tar.gz?download=1,Creative Commons Attribution 4.0 International,https://creativecommons.org/licenses/by/4.0/,MusicNet classical metadata: Solo Cello,discovery,classical_music/classical_musicnet_2220.wav,6c6190e3df60d70b95db2f6c15b56312c6527f154261c40a25e7a74f133f3979,verified,2026-07-17,
classical_musicnet_2221,classical,musicnet-zenodo-5120004,2221,Cello Suite 3 — 5. Bouree,European Archive,,musicnet_bach_bwv1009,bach,solo_instrument,241,https://zenodo.org/records/5120004,https://zenodo.org/records/5120004/files/musicnet.tar.gz?download=1,Creative Commons Attribution 4.0 International,https://creativecommons.org/licenses/by/4.0/,MusicNet classical metadata: Solo Cello,discovery,classical_music/classical_musicnet_2221.wav,bab6ec138bf5bfb2ec7861d13cda63a0438888d3d6062f2f067cca17aafd4e64,verified,2026-07-17,
classical_musicnet_2222,classical,musicnet-zenodo-5120004,2222,Cello Suite 3 — 6. Gigue,European Archive,,musicnet_bach_bwv1009,bach,solo_instrument,202,https://zenodo.org/records/5120004,https://zenodo.org/records/5120004/files/musicnet.tar.gz?download=1,Creative Commons Attribution 4.0 International,https://creativecommons.org/licenses/by/4.0/,MusicNet classical metadata: Solo Cello,discovery,classical_music/classical_musicnet_2222.wav,27638047e3104481f76ec62c1d569980fb5509d0886e836697d4a539424e253f,verified,2026-07-17,
classical_musicnet_2224,classical,musicnet-zenodo-5120004,2224,"WTK I, No. 7: Prelude and Fugue in E-flat major — 2. Fugue",Kimiko Ishizaka,,musicnet_bach_bwv852,bach,piano_solo,108,https://zenodo.org/records/5120004,https://zenodo.org/records/5120004/files/musicnet.tar.gz?download=1,Creative Commons Attribution 4.0 International,https://creativecommons.org/licenses/by/4.0/,MusicNet classical metadata: Solo Piano,discovery,classical_music/classical_musicnet_2224.wav,f44f80af27870073a8c7061b45c0cea047e599182aaabbe432c2c1289631e01d,verified,2026-07-17,
classical_musicnet_2225,classical,musicnet-zenodo-5120004,2225,"WTK I, No. 7: Prelude and Fugue in E-flat major — 1. Prelude",Kimiko Ishizaka,,musicnet_bach_bwv852,bach,piano_solo,213,https://zenodo.org/records/5120004,https://zenodo.org/records/5120004/files/musicnet.tar.gz?download=1,Creative Commons Attribution 4.0 International,https://creativecommons.org/licenses/by/4.0/,MusicNet classical metadata: Solo Piano,discovery,classical_music/classical_musicnet_2225.wav,087919226e64d3dd5f5f8fb99ae5ecf6b7cc44970b4f03b3d583ab74c9188fa0,verified,2026-07-17,
classical_musicnet_2227,classical,musicnet-zenodo-5120004,2227,"WTK I, No. 6: Prelude and Fugue in D minor — 2. Fugue",Kimiko Ishizaka,,musicnet_bach_bwv851,bach,piano_solo,129,https://zenodo.org/records/5120004,https://zenodo.org/records/5120004/files/musicnet.tar.gz?download=1,Creative Commons Attribution 4.0 International,https://creativecommons.org/licenses/by/4.0/,MusicNet classical metadata: Solo Piano,discovery,classical_music/classical_musicnet_2227.wav,43ceae7f19667f845e053bfeafbf985a5edbd8ee591a7522de29ff1c5599473d,verified,2026-07-17,
classical_musicnet_2228,classical,musicnet-zenodo-5120004,2228,"WTK I, No. 6: Prelude and Fugue in D minor — 1. Prelude",Kimiko Ishizaka,,musicnet_bach_bwv851,bach,piano_solo,98,https://zenodo.org/records/5120004,https://zenodo.org/records/5120004/files/musicnet.tar.gz?download=1,Creative Commons Attribution 4.0 International,https://creativecommons.org/licenses/by/4.0/,MusicNet classical metadata: Solo Piano,discovery,classical_music/classical_musicnet_2228.wav,1c17e1362673ac4c9aeebe93e16f0f1b00c0cf8d9c00bf4a059e2f995c06902d,verified,2026-07-17,
classical_musicnet_2229,classical,musicnet-zenodo-5120004,2229,"WTK I, No. 20: Prelude and Fugue in A minor — 2. Fugue",Kimiko Ishizaka,,musicnet_bach_bwv865,bach,piano_solo,244,https://zenodo.org/records/5120004,https://zenodo.org/records/5120004/files/musicnet.tar.gz?download=1,Creative Commons Attribution 4.0 International,https://creativecommons.org/licenses/by/4.0/,MusicNet classical metadata: Solo Piano,discovery,classical_music/classical_musicnet_2229.wav,6eaf0035ff975d2429d4e87fba099168b9c379a83c6d9762f2957477f1aabb15,verified,2026-07-17,
classical_musicnet_2230,classical,musicnet-zenodo-5120004,2230,"WTK I, No. 20: Prelude and Fugue in A minor — 1. Prelude",Kimiko Ishizaka,,musicnet_bach_bwv865,bach,piano_solo,84,https://zenodo.org/records/5120004,https://zenodo.org/records/5120004/files/musicnet.tar.gz?download=1,Creative Commons Attribution 4.0 International,https://creativecommons.org/licenses/by/4.0/,MusicNet classical metadata: Solo Piano,discovery,classical_music/classical_musicnet_2230.wav,23c7bddf456779c1deef351264ee239e9ba0067567aa391bd8d419217de4ac66,verified,2026-07-17,
classical_musicnet_2231,classical,musicnet-zenodo-5120004,2231,"WTK I, No. 21: Prelude and Fugue in B-flat major — 2. Fugue",Kimiko Ishizaka,,musicnet_bach_bwv866,bach,piano_solo,115,https://zenodo.org/records/5120004,https://zenodo.org/records/5120004/files/musicnet.tar.gz?download=1,Creative Commons Attribution 4.0 International,https://creativecommons.org/licenses/by/4.0/,MusicNet classical metadata: Solo Piano,discovery,classical_music/classical_musicnet_2231.wav,3d697c631fd1312e35d723241047013e3e241783e29e314cab63832e2875a704,verified,2026-07-17,
classical_musicnet_2232,classical,musicnet-zenodo-5120004,2232,"WTK I, No. 21: Prelude and Fugue in B-flat major — 1. Prelude",Kimiko Ishizaka,,musicnet_bach_bwv866,bach,piano_solo,78,https://zenodo.org/records/5120004,https://zenodo.org/records/5120004/files/musicnet.tar.gz?download=1,Creative Commons Attribution 4.0 International,https://creativecommons.org/licenses/by/4.0/,MusicNet classical metadata: Solo Piano,discovery,classical_music/classical_musicnet_2232.wav,3361345b338ced29daa9985910f4722a3df119df4214aec3ce34e3810361c9d1,verified,2026-07-17,
classical_musicnet_2234,classical,musicnet-zenodo-5120004,2234,"WTK I, No. 11: Prelude and Fugue in F major — 1. Prelude",Kimiko Ishizaka,,musicnet_bach_bwv856,bach,piano_solo,64,https://zenodo.org/records/5120004,https://zenodo.org/records/5120004/files/musicnet.tar.gz?download=1,Creative Commons Attribution 4.0 International,https://creativecommons.org/licenses/by/4.0/,MusicNet classical metadata: Solo Piano,discovery,classical_music/classical_musicnet_2234.wav,356eb7b74a9cdb43e429ba0b0b38f6e6eb79ecb8955d70aea2bcf34c0d5a9197,verified,2026-07-17,
classical_musicnet_2237,classical,musicnet-zenodo-5120004,2237,"WTK I, No. 23: Prelude and Fugue in B major — 2. Fugue",Kimiko Ishizaka,,musicnet_bach_bwv868,bach,piano_solo,109,https://zenodo.org/records/5120004,https://zenodo.org/records/5120004/files/musicnet.tar.gz?download=1,Creative Commons Attribution 4.0 International,https://creativecommons.org/licenses/by/4.0/,MusicNet classical metadata: Solo Piano,discovery,classical_music/classical_musicnet_2237.wav,0b0d2df7c3dee264a8dce741183aad1df45afe272b4126f1fe7358baa72e3e5e,verified,2026-07-17,
classical_musicnet_2238,classical,musicnet-zenodo-5120004,2238,"WTK I, No. 23: Prelude and Fugue in B major — 1. Prelude",Kimiko Ishizaka,,musicnet_bach_bwv868,bach,piano_solo,60,https://zenodo.org/records/5120004,https://zenodo.org/records/5120004/files/musicnet.tar.gz?download=1,Creative Commons Attribution 4.0 International,https://creativecommons.org/licenses/by/4.0/,MusicNet classical metadata: Solo Piano,discovery,classical_music/classical_musicnet_2238.wav,7fa12a73f6bf2bd49823558b476b22f1c69cbc5217a11c20e68deabcc99a2b7b,verified,2026-07-17,
classical_musicnet_2239,classical,musicnet-zenodo-5120004,2239,"WTK I, No. 17: Prelude and Fugue in A-flat major — 2. Fugue",Kimiko Ishizaka,,musicnet_bach_bwv862,bach,piano_solo,120,https://zenodo.org/records/5120004,https://zenodo.org/records/5120004/files/musicnet.tar.gz?download=1,Creative Commons Attribution 4.0 International,https://creativecommons.org/licenses/by/4.0/,MusicNet classical metadata: Solo Piano,discovery,classical_music/classical_musicnet_2239.wav,0278c64b7efc34b76ede28fe38cf69bb1329549fd18ee43f855aa36eba364d83,verified,2026-07-17,
classical_musicnet_2240,classical,musicnet-zenodo-5120004,2240,"WTK I, No. 17: Prelude and Fugue in A-flat major — 1. Prelude",Kimiko Ishizaka,,musicnet_bach_bwv862,bach,piano_solo,92,https://zenodo.org/records/5120004,https://zenodo.org/records/5120004/files/musicnet.tar.gz?download=1,Creative Commons Attribution 4.0 International,https://creativecommons.org/licenses/by/4.0/,MusicNet classical metadata: Solo Piano,discovery,classical_music/classical_musicnet_2240.wav,1f17264d4c198e2f27bcdef3e4c4e799378a89ebc78e9e5423fefbf0cebd70a4,verified,2026-07-17,
classical_musicnet_2241,classical,musicnet-zenodo-5120004,2241,Violin Sonata No 1 in G minor — 1. Adagio,European Archive,,musicnet_bach_bwv1001,bach,solo_instrument,242,https://zenodo.org/records/5120004,https://zenodo.org/records/5120004/files/musicnet.tar.gz?download=1,Creative Commons Attribution 4.0 International,https://creativecommons.org/licenses/by/4.0/,MusicNet classical metadata: Solo Violin,discovery,classical_music/classical_musicnet_2241.wav,d9bf2fa92acfa365bfa560cbe59249f845ea6eccc7d89beee607ca4dbab09726,verified,2026-07-17,
classical_musicnet_2242,classical,musicnet-zenodo-5120004,2242,Violin Sonata No 1 in G minor — 2. Fuga,European Archive,,musicnet_bach_bwv1001,bach,solo_instrument,312,https://zenodo.org/records/5120004,https://zenodo.org/records/5120004/files/musicnet.tar.gz?download=1,Creative Commons Attribution 4.0 International,https://creativecommons.org/licenses/by/4.0/,MusicNet classical metadata: Solo Violin,discovery,classical_music/classical_musicnet_2242.wav,f4e29d5050bc8dc4b723b2bacfb26c85e811d16a625d7a1beeddddd740fe6c3a,verified,2026-07-17,
classical_musicnet_2243,classical,musicnet-zenodo-5120004,2243,Violin Sonata No 1 in G minor — 3. Siciliana,European Archive,,musicnet_bach_bwv1001,bach,solo_instrument,193,https://zenodo.org/records/5120004,https://zenodo.org/records/5120004/files/musicnet.tar.gz?download=1,Creative Commons Attribution 4.0 International,https://creativecommons.org/licenses/by/4.0/,MusicNet classical metadata: Solo Violin,discovery,classical_music/classical_musicnet_2243.wav,80c15229f50e7afe3e72e0214ff03f22322d2820422e36dc56e6bd692f64585a,verified,2026-07-17,
classical_musicnet_2244,classical,musicnet-zenodo-5120004,2244,Violin Sonata No 1 in G minor — 4. Presto,European Archive,,musicnet_bach_bwv1001,bach,solo_instrument,214,https://zenodo.org/records/5120004,https://zenodo.org/records/5120004/files/musicnet.tar.gz?download=1,Creative Commons Attribution 4.0 International,https://creativecommons.org/licenses/by/4.0/,MusicNet classical metadata: Solo Violin,discovery,classical_music/classical_musicnet_2244.wav,2f09670ad12f9d95db7ae9d7a9ae9195758ea3d614623043ca2962448f7cac8c,verified,2026-07-17,
classical_musicnet_2247,classical,musicnet-zenodo-5120004,2247,"WTK I, No. 9: Prelude and Fugue in E major — 2. Fugue",Kimiko Ishizaka,,musicnet_bach_bwv854,bach,piano_solo,81,https://zenodo.org/records/5120004,https://zenodo.org/records/5120004/files/musicnet.tar.gz?download=1,Creative Commons Attribution 4.0 International,https://creativecommons.org/licenses/by/4.0/,MusicNet classical metadata: Solo Piano,discovery,classical_music/classical_musicnet_2247.wav,b92bde617a9590e7010f9f949326e8da6152b033074bedac8a3c3a48cd28b093,verified,2026-07-17,
classical_musicnet_2248,classical,musicnet-zenodo-5120004,2248,"WTK I, No. 9: Prelude and Fugue in E major — 1. Prelude",Kimiko Ishizaka,,musicnet_bach_bwv854,bach,piano_solo,104,https://zenodo.org/records/5120004,https://zenodo.org/records/5120004/files/musicnet.tar.gz?download=1,Creative Commons Attribution 4.0 International,https://creativecommons.org/licenses/by/4.0/,MusicNet classical metadata: Solo Piano,discovery,classical_music/classical_musicnet_2248.wav,269457cfb4574d7c16c9ae7e5d0f495f1e8abaa685bbb67996b1e8940a714c4d,verified,2026-07-17,
classical_musicnet_2282,classical,musicnet-zenodo-5120004,2282,Violin Sonata in B minor — 1. Adagio,Paul Pitman,,musicnet_bach_bwv1014,bach,mixed_chamber,313,https://zenodo.org/records/5120004,https://zenodo.org/records/5120004/files/musicnet.tar.gz?download=1,Creative Commons Attribution 4.0 International,https://creativecommons.org/licenses/by/4.0/,MusicNet classical metadata: Violin and Harpsichord,discovery,classical_music/classical_musicnet_2282.wav,b5c8d08be2d918ea8c938fd9f473780bdbd9bdfa1a7dcc949ea4672bfa5badeb,verified,2026-07-17,
classical_musicnet_2283,classical,musicnet-zenodo-5120004,2283,Violin Sonata in B minor — 2. Allegro,Paul Pitman,,musicnet_bach_bwv1014,bach,mixed_chamber,192,https://zenodo.org/records/5120004,https://zenodo.org/records/5120004/files/musicnet.tar.gz?download=1,Creative Commons Attribution 4.0 International,https://creativecommons.org/licenses/by/4.0/,MusicNet classical metadata: Violin and Harpsichord,discovery,classical_music/classical_musicnet_2283.wav,594ed7751fc54e0a75e7b1c5bd1ee032b3ba90c8058c305832651b93cd2b7391,verified,2026-07-17,
classical_musicnet_2284,classical,musicnet-zenodo-5120004,2284,Violin Sonata in B minor — 3. Andante,Paul Pitman,,musicnet_bach_bwv1014,bach,mixed_chamber,227,https://zenodo.org/records/5120004,https://zenodo.org/records/5120004/files/musicnet.tar.gz?download=1,Creative Commons Attribution 4.0 International,https://creativecommons.org/licenses/by/4.0/,MusicNet classical metadata: Violin and Harpsichord,discovery,classical_music/classical_musicnet_2284.wav,570ba3fd3feabe9f4417e2ca1222f3b82fc7771a972a8f6df89e73d9d3e69363,verified,2026-07-17,
classical_musicnet_2285,classical,musicnet-zenodo-5120004,2285,Violin Sonata in B minor — 4. Allegro,Paul Pitman,,musicnet_bach_bwv1014,bach,mixed_chamber,225,https://zenodo.org/records/5120004,https://zenodo.org/records/5120004/files/musicnet.tar.gz?download=1,Creative Commons Attribution 4.0 International,https://creativecommons.org/licenses/by/4.0/,MusicNet classical metadata: Violin and Harpsichord,discovery,classical_music/classical_musicnet_2285.wav,de5ce99fb38a9127d5699147e727d2fb03884a9acf6a809050b2726548ca07a8,verified,2026-07-17,
classical_musicnet_2288,classical,musicnet-zenodo-5120004,2288,Violin Partita No 1 in B minor — 2. Corrente,John Garner,,musicnet_bach_bwv1002,bach,solo_instrument,191,https://zenodo.org/records/5120004,https://zenodo.org/records/5120004/files/musicnet.tar.gz?download=1,Creative Commons Attribution 4.0 International,https://creativecommons.org/licenses/by/4.0/,MusicNet classical metadata: Solo Violin,discovery,classical_music/classical_musicnet_2288.wav,c0f51360eb4660aad0a533d29cd265d7a00515ec21cb76ee28bcd58c38282954,verified,2026-07-17,
classical_musicnet_2289,classical,musicnet-zenodo-5120004,2289,Violin Partita No 1 in B minor — 3. Sarabande,John Garner,,musicnet_bach_bwv1002,bach,solo_instrument,203,https://zenodo.org/records/5120004,https://zenodo.org/records/5120004/files/musicnet.tar.gz?download=1,Creative Commons Attribution 4.0 International,https://creativecommons.org/licenses/by/4.0/,MusicNet classical metadata: Solo Violin,discovery,classical_music/classical_musicnet_2289.wav,43f02ba157f6b563931ef4eff1a88dd8e8d1e6999c2e1c94bed8cb831e94dfd1,verified,2026-07-17,
classical_musicnet_2292,classical,musicnet-zenodo-5120004,2292,"WTK I, No. 19: Prelude and Fugue in A major — 1. Prelude",Kimiko Ishizaka,,musicnet_bach_bwv864,bach,piano_solo,91,https://zenodo.org/records/5120004,https://zenodo.org/records/5120004/files/musicnet.tar.gz?download=1,Creative Commons Attribution 4.0 International,https://creativecommons.org/licenses/by/4.0/,MusicNet classical metadata: Solo Piano,discovery,classical_music/classical_musicnet_2292.wav,1f5bd58d4a21692c3058aaad2e0163c7d82fe6a20f6fd6090471a3e381ad7498,verified,2026-07-17,
classical_musicnet_2293,classical,musicnet-zenodo-5120004,2293,Cello Suite 4 — 1. Prelude,European Archive,,musicnet_bach_bwv1010,bach,solo_instrument,310,https://zenodo.org/records/5120004,https://zenodo.org/records/5120004/files/musicnet.tar.gz?download=1,Creative Commons Attribution 4.0 International,https://creativecommons.org/licenses/by/4.0/,MusicNet classical metadata: Solo Cello,discovery,classical_music/classical_musicnet_2293.wav,0b644bee2aa9a1a7a74c42f217134f34d61390bc0a0165d390b2531e9cfb7c6d,verified,2026-07-17,
classical_musicnet_2294,classical,musicnet-zenodo-5120004,2294,Cello Suite 4 — 2. Allemande,European Archive,,musicnet_bach_bwv1010,bach,solo_instrument,228,https://zenodo.org/records/5120004,https://zenodo.org/records/5120004/files/musicnet.tar.gz?download=1,Creative Commons Attribution 4.0 International,https://creativecommons.org/licenses/by/4.0/,MusicNet classical metadata: Solo Cello,discovery,classical_music/classical_musicnet_2294.wav,daf9d2abfb7e0b3719c530c0e0b8b76f9d82ec88c8c4d2234015702b850994ef,verified,2026-07-17,
classical_musicnet_2295,classical,musicnet-zenodo-5120004,2295,Cello Suite 4 — 3. Courante,European Archive,,musicnet_bach_bwv1010,bach,solo_instrument,259,https://zenodo.org/records/5120004,https://zenodo.org/records/5120004/files/musicnet.tar.gz?download=1,Creative Commons Attribution 4.0 International,https://creativecommons.org/licenses/by/4.0/,MusicNet classical metadata: Solo Cello,discovery,classical_music/classical_musicnet_2295.wav,d769a6a2fa533f0e09fa70d6dfe130596d715bca9f83530612b0c01389369137,verified,2026-07-17,
classical_musicnet_2296,classical,musicnet-zenodo-5120004,2296,Cello Suite 4 — 4. Sarabande,European Archive,,musicnet_bach_bwv1010,bach,solo_instrument,291,https://zenodo.org/records/5120004,https://zenodo.org/records/5120004/files/musicnet.tar.gz?download=1,Creative Commons Attribution 4.0 International,https://creativecommons.org/licenses/by/4.0/,MusicNet classical metadata: Solo Cello,discovery,classical_music/classical_musicnet_2296.wav,b95c5629745f06d6353743f7f81aba9f25f70f6ae2c7bcf736ab74867b2342bb,verified,2026-07-17,
classical_musicnet_2297,classical,musicnet-zenodo-5120004,2297,Cello Suite 4 — 5. Bouree,European Archive,,musicnet_bach_bwv1010,bach,solo_instrument,334,https://zenodo.org/records/5120004,https://zenodo.org/records/5120004/files/musicnet.tar.gz?download=1,Creative Commons Attribution 4.0 International,https://creativecommons.org/licenses/by/4.0/,MusicNet classical metadata: Solo Cello,discovery,classical_music/classical_musicnet_2297.wav,b531b3fb503dee5fbf736cabe78f16b8420fe7508c78a8427bbcc7932a15afcf,verified,2026-07-17,
classical_musicnet_2298,classical,musicnet-zenodo-5120004,2298,Cello Suite 4 — 6. Gigue,European Archive,,musicnet_bach_bwv1010,bach,solo_instrument,153,https://zenodo.org/records/5120004,https://zenodo.org/records/5120004/files/musicnet.tar.gz?download=1,Creative Commons Attribution 4.0 International,https://creativecommons.org/licenses/by/4.0/,MusicNet classical metadata: Solo Cello,discovery,classical_music/classical_musicnet_2298.wav,f681f82fd4a5e4365d450a3def9affc2d46c2ebbe10b58e6f72f85426ad8b3aa,verified,2026-07-17,
classical_musicnet_2300,classical,musicnet-zenodo-5120004,2300,"WTK I, No. 8: Prelude and Fugue in E-flat minor — 1. Prelude",Kimiko Ishizaka,,musicnet_bach_bwv853,bach,piano_solo,238,https://zenodo.org/records/5120004,https://zenodo.org/records/5120004/files/musicnet.tar.gz?download=1,Creative Commons Attribution 4.0 International,https://creativecommons.org/licenses/by/4.0/,MusicNet classical metadata: Solo Piano,discovery,classical_music/classical_musicnet_2300.wav,4797b25eeb1fc71f4bdb984fcdd306338c0c70557dd9ae4bdc46e1ed71eeafbe,verified,2026-07-17,
classical_musicnet_2302,classical,musicnet-zenodo-5120004,2302,"WTK I, No. 5: Prelude and Fugue in D major — 2. Fugue",Kimiko Ishizaka,,musicnet_bach_bwv850,bach,piano_solo,108,https://zenodo.org/records/5120004,https://zenodo.org/records/5120004/files/musicnet.tar.gz?download=1,Creative Commons Attribution 4.0 International,https://creativecommons.org/licenses/by/4.0/,MusicNet classical metadata: Solo Piano,discovery,classical_music/classical_musicnet_2302.wav,5b1a065a945002ee13b0f7694dc2625ff4d86644e3f6fd7f4cc53346442c4a8f,verified,2026-07-17,
classical_musicnet_2303,classical,musicnet-zenodo-5120004,2303,"WTK I, No. 5: Prelude and Fugue in D major — 1. Prelude",Kimiko Ishizaka,,musicnet_bach_bwv850,bach,piano_solo,92,https://zenodo.org/records/5120004,https://zenodo.org/records/5120004/files/musicnet.tar.gz?download=1,Creative Commons Attribution 4.0 International,https://creativecommons.org/licenses/by/4.0/,MusicNet classical metadata: Solo Piano,discovery,classical_music/classical_musicnet_2303.wav,6c233b3641a84a1755c683a6205e720805a609beec0d70c9b5e33c5c823fda10,verified,2026-07-17,
classical_musicnet_2304,classical,musicnet-zenodo-5120004,2304,"WTK I, No. 14: Prelude and Fugue in F-sharp minor — 2. Fugue",Kimiko Ishizaka,,musicnet_bach_bwv859,bach,piano_solo,196,https://zenodo.org/records/5120004,https://zenodo.org/records/5120004/files/musicnet.tar.gz?download=1,Creative Commons Attribution 4.0 International,https://creativecommons.org/licenses/by/4.0/,MusicNet classical metadata: Solo Piano,discovery,classical_music/classical_musicnet_2304.wav,359b444080e067e8840e3b9b7abe1102e6e6af16835c29cc05440fc770b3dd7a,verified,2026-07-17,
classical_musicnet_2305,classical,musicnet-zenodo-5120004,2305,"WTK I, No. 14: Prelude and Fugue in F-sharp minor — 1. Prelude",Kimiko Ishizaka,,musicnet_bach_bwv859,bach,piano_solo,65,https://zenodo.org/records/5120004,https://zenodo.org/records/5120004/files/musicnet.tar.gz?download=1,Creative Commons Attribution 4.0 International,https://creativecommons.org/licenses/by/4.0/,MusicNet classical metadata: Solo Piano,discovery,classical_music/classical_musicnet_2305.wav,395bf9b55fd5312dc4ce52a7fea15557058ed61f555108245beb8e8782e73650,verified,2026-07-17,
classical_musicnet_2307,classical,musicnet-zenodo-5120004,2307,"WTK I, No. 18: Prelude and Fugue in G-sharp minor — 2. Fugue",Kimiko Ishizaka,,musicnet_bach_bwv863,bach,piano_solo,137,https://zenodo.org/records/5120004,https://zenodo.org/records/5120004/files/musicnet.tar.gz?download=1,Creative Commons Attribution 4.0 International,https://creativecommons.org/licenses/by/4.0/,MusicNet classical metadata: Solo Piano,discovery,classical_music/classical_musicnet_2307.wav,70f9c2adac76cd132672d4eb02f94c2408ce11898850a5760f02fbb2fccfc622,verified,2026-07-17,
classical_musicnet_2308,classical,musicnet-zenodo-5120004,2308,"WTK I, No. 18: Prelude and Fugue in G-sharp minor — 1. Prelude",Kimiko Ishizaka,,musicnet_bach_bwv863,bach,piano_solo,121,https://zenodo.org/records/5120004,https://zenodo.org/records/5120004/files/musicnet.tar.gz?download=1,Creative Commons Attribution 4.0 International,https://creativecommons.org/licenses/by/4.0/,MusicNet classical metadata: Solo Piano,discovery,classical_music/classical_musicnet_2308.wav,7a2286c50d1e8d11c4bbd74c8c3ffb2d1c8a617ab87822bfefe526eac64bcf3a,verified,2026-07-17,
classical_musicnet_2310,classical,musicnet-zenodo-5120004,2310,"WTK I, No. 15: Prelude and Fugue in G major — 1. Prelude",Kimiko Ishizaka,,musicnet_bach_bwv860,bach,piano_solo,55,https://zenodo.org/records/5120004,https://zenodo.org/records/5120004/files/musicnet.tar.gz?download=1,Creative Commons Attribution 4.0 International,https://creativecommons.org/licenses/by/4.0/,MusicNet classical metadata: Solo Piano,discovery,classical_music/classical_musicnet_2310.wav,b3c2dddf16afbce395b7cc66c047161bc6b3c07456f3fd8c90c1ee4aaa48e05e,verified,2026-07-17,
classical_musicnet_2313,classical,musicnet-zenodo-5120004,2313,String Quartet No 15 in A minor — 1. Allegro,European Archive,,musicnet_beethoven_op132,beethoven,string_chamber,593,https://zenodo.org/records/5120004,https://zenodo.org/records/5120004/files/musicnet.tar.gz?download=1,Creative Commons Attribution 4.0 International,https://creativecommons.org/licenses/by/4.0/,MusicNet classical metadata: String Quartet,discovery,classical_music/classical_musicnet_2313.wav,0793cf01cc880c01e62781be0d0959230c59a866c0089d5180bc30b595792974,verified,2026-07-17,
classical_musicnet_2314,classical,musicnet-zenodo-5120004,2314,String Quartet No 15 in A minor — 2. Allegro ma non tanto,European Archive,,musicnet_beethoven_op132,beethoven,string_chamber,568,https://zenodo.org/records/5120004,https://zenodo.org/records/5120004/files/musicnet.tar.gz?download=1,Creative Commons Attribution 4.0 International,https://creativecommons.org/licenses/by/4.0/,MusicNet classical metadata: String Quartet,discovery,classical_music/classical_musicnet_2314.wav,ec1dc248a711018d1557e05f9b116ed4e6d6bc135f8cfadfe0eef81897850152,verified,2026-07-17,
classical_musicnet_2315,classical,musicnet-zenodo-5120004,2315,String Quartet No 15 in A minor — 3. Molto Adagio; Andante,European Archive,,musicnet_beethoven_op132,beethoven,string_chamber,1069,https://zenodo.org/records/5120004,https://zenodo.org/records/5120004/files/musicnet.tar.gz?download=1,Creative Commons Attribution 4.0 International,https://creativecommons.org/licenses/by/4.0/,MusicNet classical metadata: String Quartet,discovery,classical_music/classical_musicnet_2315.wav,0957fd2458b9a951ebacbcce171b9fdcb35c7e7a96d5d12c2940c9d0a14b8e2b,verified,2026-07-17,
classical_musicnet_2325,classical,musicnet-zenodo-5120004,2325,Piano Sonata No 23 in F minor — 1. Allegro assai,European Archive,,musicnet_beethoven_op57,beethoven,piano_solo,551,https://zenodo.org/records/5120004,https://zenodo.org/records/5120004/files/musicnet.tar.gz?download=1,Creative Commons Attribution 4.0 International,https://creativecommons.org/licenses/by/4.0/,MusicNet classical metadata: Solo Piano,discovery,classical_music/classical_musicnet_2325.wav,7d62b2aea588144e10a562042ed544431c77ad1f9f4ec9244906210125d75cfa,verified,2026-07-17,
classical_musicnet_2335,classical,musicnet-zenodo-5120004,2335,"Violin Sonata No 8 in G major — 2. Tempo di minuetto, ma molto moderato e grazioso",Edward Auer,,musicnet_beethoven_op30no3,beethoven,mixed_chamber,422,https://zenodo.org/records/5120004,https://zenodo.org/records/5120004/files/musicnet.tar.gz?download=1,Creative Commons Attribution 4.0 International,https://creativecommons.org/licenses/by/4.0/,MusicNet classical metadata: Accompanied Violin,discovery,classical_music/classical_musicnet_2335.wav,be11e7786bd41750e2ed6a0d4b5b53c5be60aa5830fc06d7a6e524d8a83e63f1,verified,2026-07-17,
classical_musicnet_2336,classical,musicnet-zenodo-5120004,2336,Violin Sonata No 8 in G major — 3. Allegro vivace,Edward Auer,,musicnet_beethoven_op30no3,beethoven,mixed_chamber,197,https://zenodo.org/records/5120004,https://zenodo.org/records/5120004/files/musicnet.tar.gz?download=1,Creative Commons Attribution 4.0 International,https://creativecommons.org/licenses/by/4.0/,MusicNet classical metadata: Accompanied Violin,discovery,classical_music/classical_musicnet_2336.wav,3d08aad064c94f28452d1cf0ebd8ac4d4731ad976d573565cc1457cd0a8f64f1,verified,2026-07-17,
classical_musicnet_2341,classical,musicnet-zenodo-5120004,2341,"Violin Sonata No 8 in G major — 2. Tempo di minuetto, ma molto moderato e grazioso",European Archive,,musicnet_beethoven_op30no3,beethoven,mixed_chamber,460,https://zenodo.org/records/5120004,https://zenodo.org/records/5120004/files/musicnet.tar.gz?download=1,Creative Commons Attribution 4.0 International,https://creativecommons.org/licenses/by/4.0/,MusicNet classical metadata: Accompanied Violin,discovery,classical_music/classical_musicnet_2341.wav,5a33db39ee8aebffc1e63aa0fbefff421490c1e2da0a26806bbad151eb520762,verified,2026-07-17,
classical_musicnet_2345,classical,musicnet-zenodo-5120004,2345,Piano Sonata No 14 in C-sharp minor — 3. Presto agitato,Stefano Ligoratti,,musicnet_beethoven_op27no2,beethoven,piano_solo,443,https://zenodo.org/records/5120004,https://zenodo.org/records/5120004/files/musicnet.tar.gz?download=1,Creative Commons Attribution 4.0 International,https://creativecommons.org/licenses/by/4.0/,MusicNet classical metadata: Solo Piano,discovery,classical_music/classical_musicnet_2345.wav,312bda13386af6249fb56bed5d2166d9c31b209656996a12d4be72cf6237875e,verified,2026-07-17,
classical_musicnet_2350,classical,musicnet-zenodo-5120004,2350,Piano Sonata No 14 in C-sharp minor — 1. Adagio sostenuto,Glen W. Prillaman,,musicnet_beethoven_op27no2,beethoven,piano_solo,276,https://zenodo.org/records/5120004,https://zenodo.org/records/5120004/files/musicnet.tar.gz?download=1,Creative Commons Attribution 4.0 International,https://creativecommons.org/licenses/by/4.0/,MusicNet classical metadata: Solo Piano,discovery,classical_music/classical_musicnet_2350.wav,9d2d46514102984eef13187eca734ca77c1fd34acefd824faf432b5e989e14f1,verified,2026-07-17,
classical_musicnet_2359,classical,musicnet-zenodo-5120004,2359,Piano Sonata No 15 in D major — 4. Rondo: Allegro ma non troppo,Paul Pitman,,musicnet_beethoven_op28,beethoven,piano_solo,304,https://zenodo.org/records/5120004,https://zenodo.org/records/5120004/files/musicnet.tar.gz?download=1,Creative Commons Attribution 4.0 International,https://creativecommons.org/licenses/by/4.0/,MusicNet classical metadata: Solo Piano,discovery,classical_music/classical_musicnet_2359.wav,c1cede47dbc3672adba4d59a16b542017bca743856b5382162c8e4807b855245,verified,2026-07-17,
classical_musicnet_2364,classical,musicnet-zenodo-5120004,2364,Piano Sonata No 15 in D major — 4. Rondo: Allegro ma non troppo,Karine Gilanyan,,musicnet_beethoven_op28,beethoven,piano_solo,296,https://zenodo.org/records/5120004,https://zenodo.org/records/5120004/files/musicnet.tar.gz?download=1,Creative Commons Attribution 4.0 International,https://creativecommons.org/licenses/by/4.0/,MusicNet classical metadata: Solo Piano,discovery,classical_music/classical_musicnet_2364.wav,a0104f05daa007677136b6070bd280276c75f2caaba68e2d6d74452e1beec206,verified,2026-07-17,
classical_musicnet_2371,classical,musicnet-zenodo-5120004,2371,Piano Sonata No 9 in E major — 2. Allegretto,Paul Pitman,,musicnet_beethoven_op14no1,beethoven,piano_solo,205,https://zenodo.org/records/5120004,https://zenodo.org/records/5120004/files/musicnet.tar.gz?download=1,Creative Commons Attribution 4.0 International,https://creativecommons.org/licenses/by/4.0/,MusicNet classical metadata: Solo Piano,discovery,classical_music/classical_musicnet_2371.wav,eb8276d5aabeb78b5dea0c46fcbc8b51e174f646af8ac74b5bdcf65fd56a2861,verified,2026-07-17,
classical_musicnet_2372,classical,musicnet-zenodo-5120004,2372,Piano Sonata No 9 in E major — 3. Rondo - Allegro comodo,Paul Pitman,,musicnet_beethoven_op14no1,beethoven,piano_solo,228,https://zenodo.org/records/5120004,https://zenodo.org/records/5120004/files/musicnet.tar.gz?download=1,Creative Commons Attribution 4.0 International,https://creativecommons.org/licenses/by/4.0/,MusicNet classical metadata: Solo Piano,discovery,classical_music/classical_musicnet_2372.wav,1582b9868649bd5500ff9f8d1b5e4ce8d36a8a55406a471b301b5677cf98fd8f,verified,2026-07-17,
classical_musicnet_2374,classical,musicnet-zenodo-5120004,2374,Piano Sonata No 19 in G minor — 2. Rondo: Allegro,Paul Pitman,,musicnet_beethoven_op49no1,beethoven,piano_solo,216,https://zenodo.org/records/5120004,https://zenodo.org/records/5120004/files/musicnet.tar.gz?download=1,Creative Commons Attribution 4.0 International,https://creativecommons.org/licenses/by/4.0/,MusicNet classical metadata: Solo Piano,discovery,classical_music/classical_musicnet_2374.wav,2009fd96cf22a9f2eaadb7635447377e45034deafb0b94f42d586248631421e9,verified,2026-07-17,
classical_musicnet_2381,classical,musicnet-zenodo-5120004,2381,"String Quartet No 13 in B-flat major — 1. Adagio, ma non troppo - Allegro",European Archive,,musicnet_beethoven_op130,beethoven,string_chamber,560,https://zenodo.org/records/5120004,https://zenodo.org/records/5120004/files/musicnet.tar.gz?download=1,Creative Commons Attribution 4.0 International,https://creativecommons.org/licenses/by/4.0/,MusicNet classical metadata: String Quartet,discovery,classical_music/classical_musicnet_2381.wav,56684c2af791ddf6809e90d08740293133142b3a7a2f555d9f081fc12dfe497f,verified,2026-07-17,
classical_musicnet_2382,classical,musicnet-zenodo-5120004,2382,String Quartet No 13 in B-flat major — 2. Presto,European Archive,,musicnet_beethoven_op130,beethoven,string_chamber,117,https://zenodo.org/records/5120004,https://zenodo.org/records/5120004/files/musicnet.tar.gz?download=1,Creative Commons Attribution 4.0 International,https://creativecommons.org/licenses/by/4.0/,MusicNet classical metadata: String Quartet,discovery,classical_music/classical_musicnet_2382.wav,b8bbe4b8f9f0c2946b4693d347886dca426c6cbcf70463061513506c690865b2,verified,2026-07-17,
classical_musicnet_2383,classical,musicnet-zenodo-5120004,2383,"String Quartet No 13 in B-flat major — 3. Andante con moto, ma non troppo. Poco scherzoso",European Archive,,musicnet_beethoven_op130,beethoven,string_chamber,383,https://zenodo.org/records/5120004,https://zenodo.org/records/5120004/files/musicnet.tar.gz?download=1,Creative Commons Attribution 4.0 International,https://creativecommons.org/licenses/by/4.0/,MusicNet classical metadata: String Quartet,discovery,classical_music/classical_musicnet_2383.wav,5696b38514a864ea8cc0d24346e8d27e446577dc66eb40a0ca6049964fbeba21,verified,2026-07-17,
classical_musicnet_2389,classical,musicnet-zenodo-5120004,2389,Piano Sonata No 17 in D minor — 2. Adagio,Paul Pitman,,musicnet_beethoven_op31no2,beethoven,piano_solo,449,https://zenodo.org/records/5120004,https://zenodo.org/records/5120004/files/musicnet.tar.gz?download=1,Creative Commons Attribution 4.0 International,https://creativecommons.org/licenses/by/4.0/,MusicNet classical metadata: Solo Piano,discovery,classical_music/classical_musicnet_2389.wav,dcd2c73cc699de9db62de03a0c4e3f55a44b76b34b93092dfdc7e892fcee283c,verified,2026-07-17,
classical_musicnet_2390,classical,musicnet-zenodo-5120004,2390,Piano Sonata No 17 in D minor — 3. Allegretto,Paul Pitman,,musicnet_beethoven_op31no2,beethoven,piano_solo,392,https://zenodo.org/records/5120004,https://zenodo.org/records/5120004/files/musicnet.tar.gz?download=1,Creative Commons Attribution 4.0 International,https://creativecommons.org/licenses/by/4.0/,MusicNet classical metadata: Solo Piano,discovery,classical_music/classical_musicnet_2390.wav,5912e7ba0e2d5480f4dde6a93169016a08fa2c93b33cf4c84d7343683566764b,verified,2026-07-17,
classical_musicnet_2393,classical,musicnet-zenodo-5120004,2393,Piano Sonata No 17 in D minor — 3. Allegretto,Stefano Ligoratti,,musicnet_beethoven_op31no2,beethoven,piano_solo,383,https://zenodo.org/records/5120004,https://zenodo.org/records/5120004/files/musicnet.tar.gz?download=1,Creative Commons Attribution 4.0 International,https://creativecommons.org/licenses/by/4.0/,MusicNet classical metadata: Solo Piano,discovery,classical_music/classical_musicnet_2393.wav,12d90b62dab437132d2f68182b750c405467528a25c78d1942a244e02db52799,verified,2026-07-17,
classical_musicnet_2398,classical,musicnet-zenodo-5120004,2398,Violin Sonata No 9 in A major — 2. Andante con variazioni,Edward Auer,,musicnet_beethoven_op47,beethoven,mixed_chamber,910,https://zenodo.org/records/5120004,https://zenodo.org/records/5120004/files/musicnet.tar.gz?download=1,Creative Commons Attribution 4.0 International,https://creativecommons.org/licenses/by/4.0/,MusicNet classical metadata: Accompanied Violin,discovery,classical_music/classical_musicnet_2398.wav,3f9df5bb96a9ff7c0b4c4673811c7a3a865aa6b20dc7603ee0b2f231af06b663,verified,2026-07-17,
classical_musicnet_2404,classical,musicnet-zenodo-5120004,2404,Piano Sonata No 20 in A-flat major — 1. Moderato cantabile molto espressivo,Paul Pitman,,musicnet_beethoven_op110,beethoven,piano_solo,399,https://zenodo.org/records/5120004,https://zenodo.org/records/5120004/files/musicnet.tar.gz?download=1,Creative Commons Attribution 4.0 International,https://creativecommons.org/licenses/by/4.0/,MusicNet classical metadata: Solo Piano,discovery,classical_music/classical_musicnet_2404.wav,e735ea173b62ae2f674ade3e4232451b37c8ff42dc0138901c7e8a549b6552fd,verified,2026-07-17,
classical_musicnet_2406,classical,musicnet-zenodo-5120004,2406,Piano Sonata No 20 in A-flat major — 3. Adagio ma non troppo,Paul Pitman,,musicnet_beethoven_op110,beethoven,piano_solo,612,https://zenodo.org/records/5120004,https://zenodo.org/records/5120004/files/musicnet.tar.gz?download=1,Creative Commons Attribution 4.0 International,https://creativecommons.org/licenses/by/4.0/,MusicNet classical metadata: Solo Piano,discovery,classical_music/classical_musicnet_2406.wav,be9b651b2920290f37218ccafec8aeee239de052a1fa963dbbc6781b18703182,verified,2026-07-17,
classical_musicnet_2411,classical,musicnet-zenodo-5120004,2411,Piano Sonata No 13 in E-flat major — 2. Allegro molto e vivace,Paul Pitman,,musicnet_beethoven_op27no1,beethoven,piano_solo,129,https://zenodo.org/records/5120004,https://zenodo.org/records/5120004/files/musicnet.tar.gz?download=1,Creative Commons Attribution 4.0 International,https://creativecommons.org/licenses/by/4.0/,MusicNet classical metadata: Solo Piano,discovery,classical_music/classical_musicnet_2411.wav,2faf2e05938ae40e2538ed9f4584023c56d158a96b6d51d92f5177b30d604a40,verified,2026-07-17,
classical_musicnet_2423,classical,musicnet-zenodo-5120004,2423,Piano Sonata No 1 in F minor — 2. Adagio,Paul Pitman,,musicnet_beethoven_op2no1,beethoven,piano_solo,297,https://zenodo.org/records/5120004,https://zenodo.org/records/5120004/files/musicnet.tar.gz?download=1,Creative Commons Attribution 4.0 International,https://creativecommons.org/licenses/by/4.0/,MusicNet classical metadata: Solo Piano,discovery,classical_music/classical_musicnet_2423.wav,7e71beba1fea7820e3f0a178ed5ae9b8131cab319a7f6912b02caa90bfa60268,verified,2026-07-17,
classical_musicnet_2432,classical,musicnet-zenodo-5120004,2432,String Quartet No 16 in F major — 2. Vivace,European Archive,,musicnet_beethoven_op135,beethoven,string_chamber,193,https://zenodo.org/records/5120004,https://zenodo.org/records/5120004/files/musicnet.tar.gz?download=1,Creative Commons Attribution 4.0 International,https://creativecommons.org/licenses/by/4.0/,MusicNet classical metadata: String Quartet,discovery,classical_music/classical_musicnet_2432.wav,1cebbe91fc817999cd6f5b3b2e63ba247ba63b331ea747f91859177e7410cf7f,verified,2026-07-17,
classical_musicnet_2433,classical,musicnet-zenodo-5120004,2433,"String Quartet No 16 in F major — 3. Lento assai, cantante e tranquillo",European Archive,,musicnet_beethoven_op135,beethoven,string_chamber,461,https://zenodo.org/records/5120004,https://zenodo.org/records/5120004/files/musicnet.tar.gz?download=1,Creative Commons Attribution 4.0 International,https://creativecommons.org/licenses/by/4.0/,MusicNet classical metadata: String Quartet,discovery,classical_music/classical_musicnet_2433.wav,a8d5cec136caf615d6a67f8314d544c59938ef8435544fbfa3f6c51b95db8db8,verified,2026-07-17,
classical_musicnet_2442,classical,musicnet-zenodo-5120004,2442,Piano Sonata No 29 in B-flat major — 2. Scherzo: Assai vivace,Paul Pitman,,musicnet_beethoven_op106,beethoven,piano_solo,175,https://zenodo.org/records/5120004,https://zenodo.org/records/5120004/files/musicnet.tar.gz?download=1,Creative Commons Attribution 4.0 International,https://creativecommons.org/licenses/by/4.0/,MusicNet classical metadata: Solo Piano,discovery,classical_music/classical_musicnet_2442.wav,5dc347b3115929d3571d8101869e440a5a1c057b5890da69b9f96d2e9caa7744,verified,2026-07-17,
classical_musicnet_2444,classical,musicnet-zenodo-5120004,2444,Piano Sonata No 29 in B-flat major — 4. Introduzione: Largo...Allegro - Fuga: Allegro risoluto,Paul Pitman,,musicnet_beethoven_op106,beethoven,piano_solo,770,https://zenodo.org/records/5120004,https://zenodo.org/records/5120004/files/musicnet.tar.gz?download=1,Creative Commons Attribution 4.0 International,https://creativecommons.org/licenses/by/4.0/,MusicNet classical metadata: Solo Piano,discovery,classical_music/classical_musicnet_2444.wav,322387046e8fd7f79d1960dc68228cf0ac6cc63e73179e27b08c5815e71e4c87,verified,2026-07-17,
classical_musicnet_2462,classical,musicnet-zenodo-5120004,2462,"Violin Sonata No 4 in A minor — 2. Andante scherzoso, piu allegretto",European Archive,,musicnet_beethoven_op23,beethoven,mixed_chamber,489,https://zenodo.org/records/5120004,https://zenodo.org/records/5120004/files/musicnet.tar.gz?download=1,Creative Commons Attribution 4.0 International,https://creativecommons.org/licenses/by/4.0/,MusicNet classical metadata: Accompanied Violin,discovery,classical_music/classical_musicnet_2462.wav,047fc59bbc72daa48fa75a1a0a066886b795ce13781e7b9ab68d2b934e007cd3,verified,2026-07-17,
classical_musicnet_2463,classical,musicnet-zenodo-5120004,2463,Violin Sonata No 4 in A minor — 3. Allegro molto,European Archive,,musicnet_beethoven_op23,beethoven,mixed_chamber,309,https://zenodo.org/records/5120004,https://zenodo.org/records/5120004/files/musicnet.tar.gz?download=1,Creative Commons Attribution 4.0 International,https://creativecommons.org/licenses/by/4.0/,MusicNet classical metadata: Accompanied Violin,discovery,classical_music/classical_musicnet_2463.wav,c769b709f8356a3de193e5186344768e17289e3504faaed9aadfd97bc6d45564,verified,2026-07-17,
classical_musicnet_2466,classical,musicnet-zenodo-5120004,2466,Violin Sonata No 4 in A minor — 3. Allegro molto,European Archive,,musicnet_beethoven_op23,beethoven,mixed_chamber,305,https://zenodo.org/records/5120004,https://zenodo.org/records/5120004/files/musicnet.tar.gz?download=1,Creative Commons Attribution 4.0 International,https://creativecommons.org/licenses/by/4.0/,MusicNet classical metadata: Accompanied Violin,discovery,classical_music/classical_musicnet_2466.wav,4f1f953e6f9ef21d17eafd07b7a9e9fda9acc170e4fa5ee10d759a7a4e251755,verified,2026-07-17,
classical_musicnet_2472,classical,musicnet-zenodo-5120004,2472,Piano Sonata No 3 in C major — 3. Scherzo: Allegro,Paul Pitman,,musicnet_beethoven_op2no3,beethoven,piano_solo,215,https://zenodo.org/records/5120004,https://zenodo.org/records/5120004/files/musicnet.tar.gz?download=1,Creative Commons Attribution 4.0 International,https://creativecommons.org/licenses/by/4.0/,MusicNet classical metadata: Solo Piano,discovery,classical_music/classical_musicnet_2472.wav,03c1dc32b33269d9c8c03f7caa6520bd4c425a5ba32232fa2673b8aa8de0852e,verified,2026-07-17,
classical_musicnet_2476,classical,musicnet-zenodo-5120004,2476,Piano Sonata No 3 in C major — 2. Adagio,Glen W. Prillaman,,musicnet_beethoven_op2no3,beethoven,piano_solo,474,https://zenodo.org/records/5120004,https://zenodo.org/records/5120004/files/musicnet.tar.gz?download=1,Creative Commons Attribution 4.0 International,https://creativecommons.org/licenses/by/4.0/,MusicNet classical metadata: Solo Piano,discovery,classical_music/classical_musicnet_2476.wav,538b0000eb04c7eb5f1501cae1d1f2150e90d03a1a024b3f2f31ff4c832450c6,verified,2026-07-17,
classical_musicnet_2477,classical,musicnet-zenodo-5120004,2477,Piano Sonata No 3 in C major — 3. Scherzo: Allegro,Glen W. Prillaman,,musicnet_beethoven_op2no3,beethoven,piano_solo,220,https://zenodo.org/records/5120004,https://zenodo.org/records/5120004/files/musicnet.tar.gz?download=1,Creative Commons Attribution 4.0 International,https://creativecommons.org/licenses/by/4.0/,MusicNet classical metadata: Solo Piano,discovery,classical_music/classical_musicnet_2477.wav,adf4de31ab78727c9784d7860bd707ff42cc7773cee5ac98528cd3923be1e22f,verified,2026-07-17,
classical_musicnet_2478,classical,musicnet-zenodo-5120004,2478,Piano Sonata No 3 in C major — 4. Allegro assai,Glen W. Prillaman,,musicnet_beethoven_op2no3,beethoven,piano_solo,319,https://zenodo.org/records/5120004,https://zenodo.org/records/5120004/files/musicnet.tar.gz?download=1,Creative Commons Attribution 4.0 International,https://creativecommons.org/licenses/by/4.0/,MusicNet classical metadata: Solo Piano,discovery,classical_music/classical_musicnet_2478.wav,5936ce37d6e42affc38a78b8533733830dc1fa435e532fb399b415d48791b730,verified,2026-07-17,
classical_musicnet_2481,classical,musicnet-zenodo-5120004,2481,String Quartet No 5 in A major — 2. Menuetto,Pascal String Quartet,,musicnet_beethoven_op18no5,beethoven,string_chamber,354,https://zenodo.org/records/5120004,https://zenodo.org/records/5120004/files/musicnet.tar.gz?download=1,Creative Commons Attribution 4.0 International,https://creativecommons.org/licenses/by/4.0/,MusicNet classical metadata: String Quartet,discovery,classical_music/classical_musicnet_2481.wav,21ed9700f6ef79f06f443058fcd2f0a640556d3480c003d2e0e0610011f32047,verified,2026-07-17,
classical_musicnet_2482,classical,musicnet-zenodo-5120004,2482,String Quartet No 5 in A major — 3. Andante cantabile (Theme with variations,Pascal String Quartet,,musicnet_beethoven_op18no5,beethoven,string_chamber,568,https://zenodo.org/records/5120004,https://zenodo.org/records/5120004/files/musicnet.tar.gz?download=1,Creative Commons Attribution 4.0 International,https://creativecommons.org/licenses/by/4.0/,MusicNet classical metadata: String Quartet,discovery,classical_music/classical_musicnet_2482.wav,05d39e68f997094df1e608c8a209a92da99738ccd74cd2c0ba0e5ade42f21b87,verified,2026-07-17,
classical_musicnet_2483,classical,musicnet-zenodo-5120004,2483,String Quartet No 5 in A major — 4. Allegro,Pascal String Quartet,,musicnet_beethoven_op18no5,beethoven,string_chamber,367,https://zenodo.org/records/5120004,https://zenodo.org/records/5120004/files/musicnet.tar.gz?download=1,Creative Commons Attribution 4.0 International,https://creativecommons.org/licenses/by/4.0/,MusicNet classical metadata: String Quartet,discovery,classical_music/classical_musicnet_2483.wav,a19c62af9323f9bb4bb7f37c0bd76278b76225a9464ebe707d2557a7c16bbf40,verified,2026-07-17,
classical_musicnet_2486,classical,musicnet-zenodo-5120004,2486,"Piano Sonata No 4 in E-flat major — 2. Largo, con gran espressione",Paul Pitman,,musicnet_beethoven_op7,beethoven,piano_solo,448,https://zenodo.org/records/5120004,https://zenodo.org/records/5120004/files/musicnet.tar.gz?download=1,Creative Commons Attribution 4.0 International,https://creativecommons.org/licenses/by/4.0/,MusicNet classical metadata: Solo Piano,discovery,classical_music/classical_musicnet_2486.wav,a6f8f7ab761733b3ffbe127d439618a826f2fe5285ea929dd130ae6297c59a07,verified,2026-07-17,
classical_musicnet_2491,classical,musicnet-zenodo-5120004,2491,Piano Sonata No 4 in E-flat major — 3. Allegro,Konstantin Semilakovs,,musicnet_beethoven_op7,beethoven,piano_solo,331,https://zenodo.org/records/5120004,https://zenodo.org/records/5120004/files/musicnet.tar.gz?download=1,Creative Commons Attribution 4.0 International,https://creativecommons.org/licenses/by/4.0/,MusicNet classical metadata: Solo Piano,discovery,classical_music/classical_musicnet_2491.wav,16b0bac621e40a78a18d3acb5f6deebbc59d07ca1b37c0e288838cec6dce4507,verified,2026-07-17,
classical_musicnet_2492,classical,musicnet-zenodo-5120004,2492,Piano Sonata No 4 in E-flat major — 4. Rondo: Poco allegretto e grazioso,Konstantin Semilakovs,,musicnet_beethoven_op7,beethoven,piano_solo,480,https://zenodo.org/records/5120004,https://zenodo.org/records/5120004/files/musicnet.tar.gz?download=1,Creative Commons Attribution 4.0 International,https://creativecommons.org/licenses/by/4.0/,MusicNet classical metadata: Solo Piano,discovery,classical_music/classical_musicnet_2492.wav,54e949eb4e7e76645bd40dc1a59321cd235b12b3908a3804728f356c6de2805e,verified,2026-07-17,
classical_musicnet_2494,classical,musicnet-zenodo-5120004,2494,String Quartet No 11 in F minor — 1. Allegro con brio,Pascal String Quartet,,musicnet_beethoven_op95,beethoven,string_chamber,297,https://zenodo.org/records/5120004,https://zenodo.org/records/5120004/files/musicnet.tar.gz?download=1,Creative Commons Attribution 4.0 International,https://creativecommons.org/licenses/by/4.0/,MusicNet classical metadata: String Quartet,discovery,classical_music/classical_musicnet_2494.wav,763b3f87b6f83b393a95e9b0f6e9309d78a1f2da1be73670853b0a77af897f1a,verified,2026-07-17,
classical_musicnet_2497,classical,musicnet-zenodo-5120004,2497,String Quartet No 11 in F minor — 4. Larghetto espressivo; Allegretto agitato; Allegro,Pascal String Quartet,,musicnet_beethoven_op95,beethoven,string_chamber,294,https://zenodo.org/records/5120004,https://zenodo.org/records/5120004/files/musicnet.tar.gz?download=1,Creative Commons Attribution 4.0 International,https://creativecommons.org/licenses/by/4.0/,MusicNet classical metadata: String Quartet,discovery,classical_music/classical_musicnet_2497.wav,58d70a60e755858c8e3c03482199c5bdd292a4aa6bd344f7b1ec0c1ae14c8267,verified,2026-07-17,
classical_musicnet_2505,classical,musicnet-zenodo-5120004,2505,Octet in E-flat major for Winds — 2. Andante,Soni Ventorum,,musicnet_beethoven_op103,beethoven,mixed_chamber,489,https://zenodo.org/records/5120004,https://zenodo.org/records/5120004/files/musicnet.tar.gz?download=1,Creative Commons Attribution 4.0 International,https://creativecommons.org/licenses/by/4.0/,MusicNet classical metadata: Wind Octet,discovery,classical_music/classical_musicnet_2505.wav,742a4ce1733dd7ea44ec235df26a73fb3574497a9a9a2e24b5dd79724e6c166a,verified,2026-07-17,
classical_musicnet_2507,classical,musicnet-zenodo-5120004,2507,Octet in E-flat major for Winds — 4. Presto,Soni Ventorum,,musicnet_beethoven_op103,beethoven,mixed_chamber,217,https://zenodo.org/records/5120004,https://zenodo.org/records/5120004/files/musicnet.tar.gz?download=1,Creative Commons Attribution 4.0 International,https://creativecommons.org/licenses/by/4.0/,MusicNet classical metadata: Wind Octet,discovery,classical_music/classical_musicnet_2507.wav,0fd4e42ec3f36e9dfcabf97c8839de690f8eade5e1260908de43feec320d987d,verified,2026-07-17,
classical_musicnet_2509,classical,musicnet-zenodo-5120004,2509,Piano Sonata No 2 in A major — 1. Allegro vivace,Paul Pitman,,musicnet_beethoven_op2no2,beethoven,piano_solo,484,https://zenodo.org/records/5120004,https://zenodo.org/records/5120004/files/musicnet.tar.gz?download=1,Creative Commons Attribution 4.0 International,https://creativecommons.org/licenses/by/4.0/,MusicNet classical metadata: Solo Piano,discovery,classical_music/classical_musicnet_2509.wav,a6eaceceb2e547d68d10356de3dd18e40308f858a6e7c5700679a5191890ec6a,verified,2026-07-17,
classical_musicnet_2514,classical,musicnet-zenodo-5120004,2514,Piano Sonata No 2 in A major — 2. Largo appassionato,Michael Sikich,,musicnet_beethoven_op2no2,beethoven,piano_solo,405,https://zenodo.org/records/5120004,https://zenodo.org/records/5120004/files/musicnet.tar.gz?download=1,Creative Commons Attribution 4.0 International,https://creativecommons.org/licenses/by/4.0/,MusicNet classical metadata: Solo Piano,discovery,classical_music/classical_musicnet_2514.wav,d65d0f78f569d1c418c09b02d6ae3288ae71cfea139f59db6e37b4f01c70b82d,verified,2026-07-17,
classical_musicnet_2516,classical,musicnet-zenodo-5120004,2516,Piano Sonata No 2 in A major — 4. Rondo: Grazioso,Michael Sikich,,musicnet_beethoven_op2no2,beethoven,piano_solo,387,https://zenodo.org/records/5120004,https://zenodo.org/records/5120004/files/musicnet.tar.gz?download=1,Creative Commons Attribution 4.0 International,https://creativecommons.org/licenses/by/4.0/,MusicNet classical metadata: Solo Piano,discovery,classical_music/classical_musicnet_2516.wav,2928e0580f785ed7ddfb65471769c1dce2c667d4f09b0020b5cb1ea6c0b17eb2,verified,2026-07-17,
classical_musicnet_2521,classical,musicnet-zenodo-5120004,2521,Cello Sonata No. 3 in A major — 1. Allegro ma non tanto,Hielko Ubels,,musicnet_beethoven_op69,beethoven,mixed_chamber,751,https://zenodo.org/records/5120004,https://zenodo.org/records/5120004/files/musicnet.tar.gz?download=1,Creative Commons Attribution 4.0 International,https://creativecommons.org/licenses/by/4.0/,MusicNet classical metadata: Accompanied Cello,discovery,classical_music/classical_musicnet_2521.wav,c21b165e9a42fc3c11e8f4d797cc81ea9b736d756b35e362b3ebf87fac7947fd,verified,2026-07-17,
classical_musicnet_2527,classical,musicnet-zenodo-5120004,2527,Piano Sonata No 5 in C minor — 1. Allegro molto e con brio,Paul Pitman,,musicnet_beethoven_op10no1,beethoven,piano_solo,386,https://zenodo.org/records/5120004,https://zenodo.org/records/5120004/files/musicnet.tar.gz?download=1,Creative Commons Attribution 4.0 International,https://creativecommons.org/licenses/by/4.0/,MusicNet classical metadata: Solo Piano,discovery,classical_music/classical_musicnet_2527.wav,6d67c1f8bca6082a03726bf8c1cec291b86ac3b1cbaf36aa4341a5f83e3a09b0,verified,2026-07-17,
classical_musicnet_2528,classical,musicnet-zenodo-5120004,2528,Piano Sonata No 5 in C minor — 2. Adagio molto,Paul Pitman,,musicnet_beethoven_op10no1,beethoven,piano_solo,463,https://zenodo.org/records/5120004,https://zenodo.org/records/5120004/files/musicnet.tar.gz?download=1,Creative Commons Attribution 4.0 International,https://creativecommons.org/licenses/by/4.0/,MusicNet classical metadata: Solo Piano,discovery,classical_music/classical_musicnet_2528.wav,c7915a56a65c8d8f690773c31984527ae61bcbd2ffbabeefc150510924fa955c,verified,2026-07-17,
classical_musicnet_2529,classical,musicnet-zenodo-5120004,2529,Piano Sonata No 5 in C minor — 3. Finale: Prestissimo,Paul Pitman,,musicnet_beethoven_op10no1,beethoven,piano_solo,275,https://zenodo.org/records/5120004,https://zenodo.org/records/5120004/files/musicnet.tar.gz?download=1,Creative Commons Attribution 4.0 International,https://creativecommons.org/licenses/by/4.0/,MusicNet classical metadata: Solo Piano,discovery,classical_music/classical_musicnet_2529.wav,b561dcbe7c27dcee3abcf3b8bd980079a260f0c596057e9801809f7d505c7cd1,verified,2026-07-17,
classical_musicnet_2530,classical,musicnet-zenodo-5120004,2530,Piano Sonata No 20 in C minor — 1. Maestoso - Allegro con brio ed appassionato,Paul Pitman,,musicnet_beethoven_op111,beethoven,piano_solo,562,https://zenodo.org/records/5120004,https://zenodo.org/records/5120004/files/musicnet.tar.gz?download=1,Creative Commons Attribution 4.0 International,https://creativecommons.org/licenses/by/4.0/,MusicNet classical metadata: Solo Piano,discovery,classical_music/classical_musicnet_2530.wav,d11a6bb46a29a25519c8969aa12ab268b9f36800f1d6d2266e4721a3f7451daf,verified,2026-07-17,
classical_musicnet_2532,classical,musicnet-zenodo-5120004,2532,Piano Sonata No 20 in C minor — 1. Maestoso - Allegro con brio ed appassionato,Neal O’Doan,,musicnet_beethoven_op111,beethoven,piano_solo,548,https://zenodo.org/records/5120004,https://zenodo.org/records/5120004/files/musicnet.tar.gz?download=1,Creative Commons Attribution 4.0 International,https://creativecommons.org/licenses/by/4.0/,MusicNet classical metadata: Solo Piano,discovery,classical_music/classical_musicnet_2532.wav,dfff75b4c5bd7b8fe08f4ee0b397222a5ab26c3b84cd6a771cadde89c9752182,verified,2026-07-17,
classical_musicnet_2533,classical,musicnet-zenodo-5120004,2533,Piano Sonata No 20 in C minor — 2. Arietta: Adagio,Neal O’Doan,,musicnet_beethoven_op111,beethoven,piano_solo,1067,https://zenodo.org/records/5120004,https://zenodo.org/records/5120004/files/musicnet.tar.gz?download=1,Creative Commons Attribution 4.0 International,https://creativecommons.org/licenses/by/4.0/,MusicNet classical metadata: Solo Piano,discovery,classical_music/classical_musicnet_2533.wav,1d81f8132c7f71fa03cf57afb566029080640c817e5a84ed8ecccf7d7a9c7d5d,verified,2026-07-17,
classical_musicnet_2538,classical,musicnet-zenodo-5120004,2538,Piano Sonata No 20 in G major — 2. Tempo di Menuetto,Paul Pitman,,musicnet_beethoven_op49no2,beethoven,piano_solo,212,https://zenodo.org/records/5120004,https://zenodo.org/records/5120004/files/musicnet.tar.gz?download=1,Creative Commons Attribution 4.0 International,https://creativecommons.org/licenses/by/4.0/,MusicNet classical metadata: Solo Piano,discovery,classical_music/classical_musicnet_2538.wav,ecbc13dc3e0086a4b3143ed759b01901d4d25d3dd63666bbbcb915c79db20440,verified,2026-07-17,
classical_musicnet_2555,classical,musicnet-zenodo-5120004,2555,Piano Sonata No 30 in E major — 1. Vivace ma non troppo / Adagio espresivo,Paul Pitman,,musicnet_beethoven_op109,beethoven,piano_solo,223,https://zenodo.org/records/5120004,https://zenodo.org/records/5120004/files/musicnet.tar.gz?download=1,Creative Commons Attribution 4.0 International,https://creativecommons.org/licenses/by/4.0/,MusicNet classical metadata: Solo Piano,discovery,classical_music/classical_musicnet_2555.wav,d580331fdc81496631d816225852beb3ba3eb8c5b83d766da7b2530ac7724c38,verified,2026-07-17,
classical_musicnet_2557,classical,musicnet-zenodo-5120004,2557,"Piano Sonata No 30 in E major — 3. Gesangvoll, mit innigster Empfindung",Paul Pitman,,musicnet_beethoven_op109,beethoven,piano_solo,762,https://zenodo.org/records/5120004,https://zenodo.org/records/5120004/files/musicnet.tar.gz?download=1,Creative Commons Attribution 4.0 International,https://creativecommons.org/licenses/by/4.0/,MusicNet classical metadata: Solo Piano,discovery,classical_music/classical_musicnet_2557.wav,34fda2bab30d6eaeed595b654e12f946c42f7a1affe291473059aef384a91685,verified,2026-07-17,
classical_musicnet_2582,classical,musicnet-zenodo-5120004,2582,Piano Sonata No 22 in F major — 2. Allegretto - Piu allegro,Paul Pitman,,musicnet_beethoven_op54,beethoven,piano_solo,398,https://zenodo.org/records/5120004,https://zenodo.org/records/5120004/files/musicnet.tar.gz?download=1,Creative Commons Attribution 4.0 International,https://creativecommons.org/licenses/by/4.0/,MusicNet classical metadata: Solo Piano,discovery,classical_music/classical_musicnet_2582.wav,25e01eca84bdb16bc2a311c3b9a26b751c9903fe53aba7b886f4e73b29bb5dc5,verified,2026-07-17,
classical_musicnet_2586,classical,musicnet-zenodo-5120004,2586,Cello Sonata No. 4 in C major — 2. Adagio - Tempo d andante - Allegro vivace,John Michel,,musicnet_beethoven_op102no1,beethoven,mixed_chamber,429,https://zenodo.org/records/5120004,https://zenodo.org/records/5120004/files/musicnet.tar.gz?download=1,Creative Commons Attribution 4.0 International,https://creativecommons.org/licenses/by/4.0/,MusicNet classical metadata: Accompanied Cello,discovery,classical_music/classical_musicnet_2586.wav,a0d27d575a63f9cfed64290599c4a8c56ff194e13f41501838c1cdc3b8682301,verified,2026-07-17,
classical_musicnet_2590,classical,musicnet-zenodo-5120004,2590,Piano Sonata No 12 in A-flat major — 3. Maestoso andante,Paul Pitman,,musicnet_beethoven_op26,beethoven,piano_solo,390,https://zenodo.org/records/5120004,https://zenodo.org/records/5120004/files/musicnet.tar.gz?download=1,Creative Commons Attribution 4.0 International,https://creativecommons.org/licenses/by/4.0/,MusicNet classical metadata: Solo Piano,discovery,classical_music/classical_musicnet_2590.wav,2834c1a111e289579c87de433fe46e435de4212a754685e88598d2bd6c4a4c59,verified,2026-07-17,
classical_musicnet_2603,classical,musicnet-zenodo-5120004,2603,Piano Sonata No 26 in E-flat major — 1. Das Lebewohl,Shuwen Zhang,,musicnet_beethoven_op81no1,beethoven,piano_solo,418,https://zenodo.org/records/5120004,https://zenodo.org/records/5120004/files/musicnet.tar.gz?download=1,Creative Commons Attribution 4.0 International,https://creativecommons.org/licenses/by/4.0/,MusicNet classical metadata: Solo Piano,discovery,classical_music/classical_musicnet_2603.wav,6f7e2c6ef9257d771d723b679380e855acee0c9dd4f8ade77ab2bc5850f5aae0,verified,2026-07-17,
classical_musicnet_2608,classical,musicnet-zenodo-5120004,2608,"Piano Sonata No 16 in G major — 3. Rondo, allegretto - presto",Paul Pitman,,musicnet_beethoven_op31no1,beethoven,piano_solo,390,https://zenodo.org/records/5120004,https://zenodo.org/records/5120004/files/musicnet.tar.gz?download=1,Creative Commons Attribution 4.0 International,https://creativecommons.org/licenses/by/4.0/,MusicNet classical metadata: Solo Piano,discovery,classical_music/classical_musicnet_2608.wav,9e0c35afbe5fc9a1e364b40016f86d9a49b4efa9310c395c743464c3ec65e80c,verified,2026-07-17,
classical_musicnet_2619,classical,musicnet-zenodo-5120004,2619,Piano Sonata No 6 in F major — 2. Allegretto,Paul Pitman,,musicnet_beethoven_op10no2,beethoven,piano_solo,238,https://zenodo.org/records/5120004,https://zenodo.org/records/5120004/files/musicnet.tar.gz?download=1,Creative Commons Attribution 4.0 International,https://creativecommons.org/licenses/by/4.0/,MusicNet classical metadata: Solo Piano,discovery,classical_music/classical_musicnet_2619.wav,23da93112f2e6fab8c0470dae105004f1a5d2558ff54bee800735f93c86a4862,verified,2026-07-17,
classical_musicnet_2622,classical,musicnet-zenodo-5120004,2622,String Quartet No 7 in F major — 2. Allegretto vivace e sempre scherzando,European Archive,,musicnet_beethoven_op59no1,beethoven,string_chamber,507,https://zenodo.org/records/5120004,https://zenodo.org/records/5120004/files/musicnet.tar.gz?download=1,Creative Commons Attribution 4.0 International,https://creativecommons.org/licenses/by/4.0/,MusicNet classical metadata: String Quartet,discovery,classical_music/classical_musicnet_2622.wav,a33101aa181062c8b1c0c3c5f1363a2256896a0e8c16dcce32f83dffd852c6ef,verified,2026-07-17,
classical_musicnet_2628,classical,musicnet-zenodo-5120004,2628,Violin Sonata No 10 in G major — 3. Scherzo: Allegro - Trio,Irrera Brothers,,musicnet_beethoven_op96,beethoven,mixed_chamber,124,https://zenodo.org/records/5120004,https://zenodo.org/records/5120004/files/musicnet.tar.gz?download=1,Creative Commons Attribution 4.0 International,https://creativecommons.org/licenses/by/4.0/,MusicNet classical metadata: Accompanied Violin,discovery,classical_music/classical_musicnet_2628.wav,28f2d0f8a0807b1a2ed4f3cd0b3f5072ff482f843d8b7c3d7236d380cea20caa,verified,2026-07-17,
classical_musicnet_2629,classical,musicnet-zenodo-5120004,2629,Violin Sonata No 10 in G major — 4. Poco allegretto,Irrera Brothers,,musicnet_beethoven_op96,beethoven,mixed_chamber,517,https://zenodo.org/records/5120004,https://zenodo.org/records/5120004/files/musicnet.tar.gz?download=1,Creative Commons Attribution 4.0 International,https://creativecommons.org/licenses/by/4.0/,MusicNet classical metadata: Accompanied Violin,discovery,classical_music/classical_musicnet_2629.wav,e06b2e5647e45a19f03330f0e9f9aa00aa9d00ea2da2298a55f0e0067d28140f,verified,2026-07-17,
classical_musicnet_2633,classical,musicnet-zenodo-5120004,2633,Piano Sonata No 10 in G major — 3. Scherzo: Allegro assai,Paul Pitman,,musicnet_beethoven_op14no2,beethoven,piano_solo,227,https://zenodo.org/records/5120004,https://zenodo.org/records/5120004/files/musicnet.tar.gz?download=1,Creative Commons Attribution 4.0 International,https://creativecommons.org/licenses/by/4.0/,MusicNet classical metadata: Solo Piano,discovery,classical_music/classical_musicnet_2633.wav,f2f3e84631cbd79bad78eb6dbc1e8396e47f3a5c59fad59ac1163c6ea1b6b55f,verified,2026-07-17,
classical_musicnet_2659,classical,musicnet-zenodo-5120004,2659,Violin Partita No 1 in B minor — 6. Double,John Garner,,musicnet_bach_bwv1002,bach,solo_instrument,108,https://zenodo.org/records/5120004,https://zenodo.org/records/5120004/files/musicnet.tar.gz?download=1,Creative Commons Attribution 4.0 International,https://creativecommons.org/licenses/by/4.0/,MusicNet classical metadata: Solo Violin,discovery,classical_music/classical_musicnet_2659.wav,c09966583e9c066e92bdfd3b68234d14f4f71038661371a836c0924e84343a53,verified,2026-07-17,
classical_musicnet_2677,classical,musicnet-zenodo-5120004,2677,Piano Sonata No 9 in E major — 1. Allegro,Paul Pitman,,musicnet_beethoven_op14no1,beethoven,piano_solo,445,https://zenodo.org/records/5120004,https://zenodo.org/records/5120004/files/musicnet.tar.gz?download=1,Creative Commons Attribution 4.0 International,https://creativecommons.org/licenses/by/4.0/,MusicNet classical metadata: Solo Piano,discovery,classical_music/classical_musicnet_2677.wav,9ee4db60e11e4e5d4f7e1b728022d82de664eff3df411a1fecb9ce7c70e63e84,verified,2026-07-17,
classical_musicnet_2678,classical,musicnet-zenodo-5120004,2678,Piano Sonata No 10 in G major — 1. Allegro,Paul Pitman,,musicnet_beethoven_op14no2,beethoven,piano_solo,472,https://zenodo.org/records/5120004,https://zenodo.org/records/5120004/files/musicnet.tar.gz?download=1,Creative Commons Attribution 4.0 International,https://creativecommons.org/licenses/by/4.0/,MusicNet classical metadata: Solo Piano,discovery,classical_music/classical_musicnet_2678.wav,f7606468df2be17097044c690189084c049ebb93b36fef2df509335e5542f3f8,verified,2026-07-17,
