segment_id,track_id,group,split,scale_seconds,representation,point_count,distance_scale,h0_total_persistence,h0_max_persistence,h0_q75_persistence,h0_persistence_entropy,h1_count,h1_prominent_count,h1_total_persistence,h1_max_persistence,h1_mean_persistence,h1_persistence_entropy
classical_musicnet_2075__180s,classical_musicnet_2075,classical,discovery,180.0,acoustic_novelty_delay,24,2.601720374676148,11.489946737885475,1.1409534215927124,0.5101223886013031,0.9593901588525869,5.0,2.0,0.537420928478241,0.21398931741714478,0.10748418569564819,0.9197763208701758
classical_musicnet_2075__180s,classical_musicnet_2075,classical,discovery,180.0,rhythm,24,3.086214262924486,11.070684760808945,1.3834586143493652,0.5806966722011566,0.9619383721072933,3.0,1.0,0.2728542685508728,0.11235284805297852,0.09095142285029094,0.9776229329845263
classical_musicnet_2075__300s,classical_musicnet_2075,classical,discovery,300.0,acoustic_novelty_delay,24,2.2614054347495927,10.883579328656197,0.8658786416053772,0.56651771068573,0.9796105795261132,3.0,1.0,0.24989360570907593,0.17390477657318115,0.08329786856969197,0.7212764299539746
classical_musicnet_2075__300s,classical_musicnet_2075,classical,discovery,300.0,rhythm,24,2.490251271841484,11.002327561378479,0.9713349938392639,0.6057711839675903,0.9750979012200301,5.0,0.0,0.10053187608718872,0.029151082038879395,0.020106375217437744,0.9853802609780618
classical_musicnet_2076__180s,classical_musicnet_2076,classical,discovery,180.0,acoustic_novelty_delay,24,2.4566195591661018,10.136842459440231,0.6601508259773254,0.5518283545970917,0.9878359111712942,5.0,1.0,0.35303783416748047,0.14442357420921326,0.07060756683349609,0.8248743758714779
classical_musicnet_2076__180s,classical_musicnet_2076,classical,discovery,180.0,rhythm,24,2.6974339249923776,9.096996366977692,0.9421967267990112,0.5910756886005402,0.9311748605045568,2.0,0.0,0.10022570192813873,0.08411353826522827,0.050112850964069366,0.6361217609344658
classical_musicnet_2076__300s,classical_musicnet_2076,classical,discovery,300.0,acoustic_novelty_delay,24,2.5199635483169676,10.995194613933563,0.7875941395759583,0.6183627545833588,0.9796808185898243,4.0,1.0,0.22753316164016724,0.1380692720413208,0.05688329041004181,0.6964156593963384
classical_musicnet_2076__300s,classical_musicnet_2076,classical,discovery,300.0,rhythm,24,3.073906889694566,11.207273714244366,1.178734302520752,0.58835768699646,0.9552068071711,7.0,1.0,0.32896941900253296,0.13421326875686646,0.04699563128607614,0.7907054067295147
classical_musicnet_2077__180s,classical_musicnet_2077,classical,discovery,180.0,acoustic_novelty_delay,24,1.7877264829532018,11.85042741894722,0.965050220489502,0.6313696503639221,0.973159963289914,6.0,1.0,0.28122377395629883,0.1098475456237793,0.04687062899271647,0.8483096323718089
classical_musicnet_2077__180s,classical_musicnet_2077,classical,discovery,180.0,rhythm,24,2.7792826469903167,11.271411761641502,1.2974265813827515,0.5247119069099426,0.9721097147178057,6.0,1.0,0.46064209938049316,0.2115960717201233,0.0767736832300822,0.8114481849822288
classical_musicnet_2077__300s,classical_musicnet_2077,classical,discovery,300.0,acoustic_novelty_delay,24,2.920892136488767,10.305845022201538,1.0637346506118774,0.5588608384132385,0.9546668024861644,3.0,1.0,0.24781453609466553,0.14228951930999756,0.0826048453648885,0.8874146368923174
classical_musicnet_2077__300s,classical_musicnet_2077,classical,discovery,300.0,rhythm,24,2.601509528802813,11.09602938592434,1.3979315757751465,0.5803659558296204,0.9571334843376154,3.0,0.0,0.11402624845504761,0.04938560724258423,0.03800874948501587,0.9047935596257848
classical_musicnet_2078__180s,classical_musicnet_2078,classical,discovery,180.0,acoustic_novelty_delay,24,2.6685154107818088,11.305139616131783,1.512285590171814,0.5268367230892181,0.9616274545539807,4.0,1.0,0.30757415294647217,0.14084148406982422,0.07689353823661804,0.9208619363488133
classical_musicnet_2078__180s,classical_musicnet_2078,classical,discovery,180.0,rhythm,24,2.243727821588684,11.64218408614397,1.0101401805877686,0.6511805057525635,0.9661010506388041,4.0,0.0,0.16630512475967407,0.07534515857696533,0.04157628118991852,0.8920327044454985
classical_musicnet_2078__300s,classical_musicnet_2078,classical,discovery,300.0,acoustic_novelty_delay,24,2.826318542616306,10.191760867834091,0.9332625865936279,0.519507497549057,0.9774864847709268,3.0,1.0,0.24618473649024963,0.2190813422203064,0.0820615788300832,0.35643032636258165
classical_musicnet_2078__300s,classical_musicnet_2078,classical,discovery,300.0,rhythm,24,2.4022115933213515,10.709389179944992,1.0472606420516968,0.617493212223053,0.9593332646837803,5.0,1.0,0.36484605073928833,0.19871759414672852,0.07296921014785766,0.7683698323079948
classical_musicnet_2079__180s,classical_musicnet_2079,classical,discovery,180.0,acoustic_novelty_delay,24,2.255866178140754,10.901764512062073,1.3177686929702759,0.5288853049278259,0.9724399136467288,7.0,0.0,0.1580999493598938,0.05104565620422363,0.0225857070514134,0.8444218847960333
classical_musicnet_2079__180s,classical_musicnet_2079,classical,discovery,180.0,rhythm,24,1.5510500378510113,14.525595337152481,2.7998554706573486,0.5871031880378723,0.8754075411087686,1.0,0.0,0.042307257652282715,0.042307257652282715,0.042307257652282715,-2.2204460492503128e-16
classical_musicnet_2079__300s,classical_musicnet_2079,classical,discovery,300.0,acoustic_novelty_delay,24,2.7752903606490307,11.653266981244087,1.2692103385925293,0.582021027803421,0.9629626528483309,3.0,1.0,0.1504366099834442,0.1006835401058197,0.05014553666114807,0.7475148556672663
classical_musicnet_2079__300s,classical_musicnet_2079,classical,discovery,300.0,rhythm,24,2.518192712165333,12.01179887354374,0.7793371081352234,0.6265448927879333,0.9859827781244715,8.0,0.0,0.2626435160636902,0.08041882514953613,0.03283043950796127,0.8582159771599678
classical_musicnet_2080__180s,classical_musicnet_2080,classical,discovery,180.0,acoustic_novelty_delay,24,1.8974040424377916,12.27844575047493,2.554696559906006,0.5803516805171967,0.9301259425879151,7.0,1.0,0.3928241431713104,0.21751362085342407,0.05611773473875863,0.6708215728125628
classical_musicnet_2080__180s,classical_musicnet_2080,classical,discovery,180.0,rhythm,24,1.9343415005594973,13.68781803548336,2.701570749282837,0.6954033374786377,0.8609918028319076,3.0,0.0,0.029655814170837402,0.01737600564956665,0.009885271390279135,0.8036874538502748
classical_musicnet_2080__300s,classical_musicnet_2080,classical,discovery,300.0,acoustic_novelty_delay,24,2.2349203417445525,10.693346666172147,1.5042641162872314,0.49652667343616486,0.933008577648983,5.0,1.0,0.2538717985153198,0.12623471021652222,0.050774359703063966,0.8026381752471594
classical_musicnet_2080__300s,classical_musicnet_2080,classical,discovery,300.0,rhythm,24,2.1905795645288624,11.15647203847766,1.7853249311447144,0.5449176728725433,0.9113664058776739,5.0,0.0,0.16725733876228333,0.08571350574493408,0.033451467752456665,0.7973660187125761
classical_musicnet_2081__180s,classical_musicnet_2081,classical,discovery,180.0,acoustic_novelty_delay,24,2.749418260637479,10.893598109483719,1.5373530387878418,0.4209042638540268,0.953859529241615,6.0,0.0,0.204522967338562,0.06749510765075684,0.034087161223093666,0.874952614645753
classical_musicnet_2081__180s,classical_musicnet_2081,classical,discovery,180.0,rhythm,24,2.150582844714897,11.942121878266335,0.9936755895614624,0.6026385724544525,0.9631886202537422,5.0,1.0,0.2731889486312866,0.17670226097106934,0.054637789726257324,0.6778724831718377
classical_musicnet_2081__300s,classical_musicnet_2081,classical,discovery,300.0,acoustic_novelty_delay,24,2.1947834618276243,11.944388717412949,1.7633949518203735,0.5566319525241852,0.9315310423565525,3.0,0.0,0.1814631223678589,0.08829653263092041,0.060487707455952965,0.940168361024678
classical_musicnet_2081__300s,classical_musicnet_2081,classical,discovery,300.0,rhythm,24,2.740531600378348,9.503344058990479,1.382991075515747,0.5467377603054047,0.9391334945114941,3.0,0.0,0.11571794748306274,0.0712628960609436,0.03857264916102091,0.6094748481877954
classical_musicnet_2082__180s,classical_musicnet_2082,classical,discovery,180.0,acoustic_novelty_delay,24,1.8689245126986163,12.363435067236423,1.5690407752990723,0.5659050941467285,0.9552553917786446,5.0,1.0,0.26874861121177673,0.10200709104537964,0.053749722242355344,0.8881420084913465
classical_musicnet_2082__180s,classical_musicnet_2082,classical,discovery,180.0,rhythm,24,2.1899602534067846,12.600868113338947,1.970739483833313,0.8131759762763977,0.9061657247018893,5.0,1.0,0.23039522767066956,0.11137759685516357,0.04607904553413391,0.7810260079345416
classical_musicnet_2082__300s,classical_musicnet_2082,classical,discovery,300.0,acoustic_novelty_delay,24,2.3923240325200474,11.176319479942322,1.2909504175186157,0.5277402698993683,0.9597220435755834,5.0,2.0,0.4620479345321655,0.18483012914657593,0.09240958690643311,0.8806159970751762
classical_musicnet_2082__300s,classical_musicnet_2082,classical,discovery,300.0,rhythm,24,2.4776672692328185,12.2325359582901,1.5439149141311646,0.7365226745605469,0.9095806623201452,2.0,1.0,0.19320660829544067,0.1313607096672058,0.09660330414772034,0.9044927770065919
classical_musicnet_2083__180s,classical_musicnet_2083,classical,discovery,180.0,acoustic_novelty_delay,24,2.371311166833392,11.14922895282507,1.264548420906067,0.7220017611980438,0.9421456254241175,4.0,0.0,0.10986340045928955,0.05028510093688965,0.027465850114822388,0.7175818430802037
classical_musicnet_2083__180s,classical_musicnet_2083,classical,discovery,180.0,rhythm,24,2.1696628032113594,9.299284979701042,0.9375260472297668,0.4920847713947296,0.9539409215977783,3.0,0.0,0.13193374872207642,0.06278276443481445,0.04397791624069214,0.9039207038587392
classical_musicnet_2083__300s,classical_musicnet_2083,classical,discovery,300.0,acoustic_novelty_delay,24,2.409013960762576,11.403808832168579,0.8113602995872498,0.6366559863090515,0.9761760607612611,2.0,1.0,0.19322872161865234,0.12902730703353882,0.09661436080932617,0.9172147960605616
classical_musicnet_2083__300s,classical_musicnet_2083,classical,discovery,300.0,rhythm,24,2.9165168464356417,10.39028162509203,0.8760190606117249,0.6163955926895142,0.9609491743543263,5.0,1.0,0.29925912618637085,0.11084693670272827,0.05985182523727417,0.8648886504918389
classical_musicnet_2186__180s,classical_musicnet_2186,classical,discovery,180.0,acoustic_novelty_delay,24,2.6796214908111056,10.089276656508446,0.7210483551025391,0.6228423714637756,0.9694279598924851,6.0,2.0,0.4638080298900604,0.1270046830177307,0.07730133831501007,0.9354656737688851
classical_musicnet_2186__180s,classical_musicnet_2186,classical,discovery,180.0,rhythm,24,1.8553341477551573,10.909349739551544,1.014389991760254,0.5056827664375305,0.9846540896264356,3.0,0.0,0.123565673828125,0.0492512583732605,0.041188557942708336,0.9824194660447546
classical_musicnet_2186__300s,classical_musicnet_2186,classical,discovery,300.0,acoustic_novelty_delay,24,2.3951906353354078,11.950390711426735,1.6949198246002197,0.5541568696498871,0.952578318716894,4.0,0.0,0.18830567598342896,0.055866539478302,0.04707641899585724,0.9898395694438162
classical_musicnet_2186__300s,classical_musicnet_2186,classical,discovery,300.0,rhythm,24,2.0135724135269135,12.880448549985886,2.3909053802490234,0.5786864757537842,0.9207222125255593,3.0,0.0,0.16777345538139343,0.09830737113952637,0.05592448512713114,0.8764517084889161
classical_musicnet_2191__180s,classical_musicnet_2191,classical,discovery,180.0,acoustic_novelty_delay,24,2.578626987222675,11.279985904693604,0.8048665523529053,0.5416407585144043,0.9883842831570873,5.0,0.0,0.172480046749115,0.07344883680343628,0.034496009349823,0.8523499947080625
classical_musicnet_2191__180s,classical_musicnet_2191,classical,discovery,180.0,rhythm,24,2.5677917635830805,12.494139730930328,1.8268771171569824,0.6764916628599167,0.9562057486211236,3.0,0.0,0.12461841106414795,0.06414210796356201,0.04153947035471598,0.7836066545376253
classical_musicnet_2191__300s,classical_musicnet_2191,classical,discovery,300.0,acoustic_novelty_delay,24,2.578626987222675,11.279985904693604,0.8048665523529053,0.5416407585144043,0.9883842831570873,5.0,0.0,0.172480046749115,0.07344883680343628,0.034496009349823,0.8523499947080625
classical_musicnet_2191__300s,classical_musicnet_2191,classical,discovery,300.0,rhythm,24,2.5677917635830805,12.494139730930328,1.8268771171569824,0.6764916628599167,0.9562057486211236,3.0,0.0,0.12461841106414795,0.06414210796356201,0.04153947035471598,0.7836066545376253
classical_musicnet_2194__180s,classical_musicnet_2194,classical,discovery,180.0,acoustic_novelty_delay,24,2.042279337601417,13.13397604227066,1.941473126411438,0.5277992784976959,0.9570139588305017,6.0,1.0,0.31990379095077515,0.15286409854888916,0.05331729849179586,0.6974600924453566
classical_musicnet_2194__180s,classical_musicnet_2194,classical,discovery,180.0,rhythm,24,1.4967095206050804,12.069336920976639,1.530745029449463,0.5788183212280273,0.9011787506595819,1.0,0.0,0.019053608179092407,0.019053608179092407,0.019053608179092407,-2.2204460492503128e-16
classical_musicnet_2194__300s,classical_musicnet_2194,classical,discovery,300.0,acoustic_novelty_delay,24,2.042279337601417,13.13397604227066,1.941473126411438,0.5277992784976959,0.9570139588305017,6.0,1.0,0.31990379095077515,0.15286409854888916,0.05331729849179586,0.6974600924453566
classical_musicnet_2194__300s,classical_musicnet_2194,classical,discovery,300.0,rhythm,24,1.4967095206050804,12.069336920976639,1.530745029449463,0.5788183212280273,0.9011787506595819,1.0,0.0,0.019053608179092407,0.019053608179092407,0.019053608179092407,-2.2204460492503128e-16
classical_musicnet_2195__180s,classical_musicnet_2195,classical,discovery,180.0,acoustic_novelty_delay,24,2.269519890139316,11.787576407194138,1.3163576126098633,0.5756542384624481,0.9714772335114433,6.0,1.0,0.3340124785900116,0.14286208152770996,0.0556687464316686,0.8379932999294366
classical_musicnet_2195__180s,classical_musicnet_2195,classical,discovery,180.0,rhythm,24,1.4740984346272494,12.139117442071438,2.7279343605041504,0.5748731791973114,0.8964534243881843,4.0,0.0,0.1322869062423706,0.044604718685150146,0.03307172656059265,0.9692651144127388
classical_musicnet_2195__300s,classical_musicnet_2195,classical,discovery,300.0,acoustic_novelty_delay,24,2.269519890139316,11.787576407194138,1.3163576126098633,0.5756542384624481,0.9714772335114433,6.0,1.0,0.3340124785900116,0.14286208152770996,0.0556687464316686,0.8379932999294366
classical_musicnet_2195__300s,classical_musicnet_2195,classical,discovery,300.0,rhythm,24,1.4740984346272494,12.139117442071438,2.7279343605041504,0.5748731791973114,0.8964534243881843,4.0,0.0,0.1322869062423706,0.044604718685150146,0.03307172656059265,0.9692651144127388
classical_musicnet_2196__180s,classical_musicnet_2196,classical,discovery,180.0,acoustic_novelty_delay,24,2.2150438733431437,12.565066382288933,2.4719738960266113,0.5548089742660522,0.9333986151780865,5.0,0.0,0.1741412878036499,0.05564826726913452,0.03482825756072998,0.9723172822519166
classical_musicnet_2196__180s,classical_musicnet_2196,classical,discovery,180.0,rhythm,24,2.105452735537149,12.654381919652224,2.2475664615631104,0.6111703515052795,0.8883411927949355,2.0,0.0,0.10964661836624146,0.09231013059616089,0.05482330918312073,0.6297745829462117
classical_musicnet_2196__300s,classical_musicnet_2196,classical,discovery,300.0,acoustic_novelty_delay,24,2.2150438733431437,12.565066382288933,2.4719738960266113,0.5548089742660522,0.9333986151780865,5.0,0.0,0.1741412878036499,0.05564826726913452,0.03482825756072998,0.9723172822519166
classical_musicnet_2196__300s,classical_musicnet_2196,classical,discovery,300.0,rhythm,24,2.105452735537149,12.654381919652224,2.2475664615631104,0.6111703515052795,0.8883411927949355,2.0,0.0,0.10964661836624146,0.09231013059616089,0.05482330918312073,0.6297745829462117
classical_musicnet_2198__180s,classical_musicnet_2198,classical,discovery,180.0,acoustic_novelty_delay,24,2.6882949402891376,11.738728314638138,1.203165054321289,0.5393668115139008,0.9726281720890975,5.0,2.0,0.39327508211135864,0.11836987733840942,0.07865501642227173,0.9405012323145234
classical_musicnet_2198__180s,classical_musicnet_2198,classical,discovery,180.0,rhythm,24,3.4221113215301333,6.834447937086225,1.212766408920288,0.30108742415905,0.8896637076408692,3.0,0.0,0.043285757303237915,0.02006852626800537,0.014428585767745972,0.91609133068283
classical_musicnet_2198__300s,classical_musicnet_2198,classical,discovery,300.0,acoustic_novelty_delay,24,2.599362513733613,11.698430553078651,1.0846775770187378,0.6205703616142273,0.973412173317881,3.0,0.0,0.13118192553520203,0.08964842557907104,0.04372730851173401,0.7678480103485267
classical_musicnet_2198__300s,classical_musicnet_2198,classical,discovery,300.0,rhythm,24,3.909330430140616,6.021141916513443,0.9895477890968323,0.3077867478132248,0.8861363281045983,3.0,0.0,0.01045757532119751,0.00657123327255249,0.00348585844039917,0.7227315652826426
classical_musicnet_2200__180s,classical_musicnet_2200,classical,discovery,180.0,acoustic_novelty_delay,24,2.479661215062944,11.579218566417694,0.981185257434845,0.5665910840034485,0.9822314097300037,8.0,2.0,0.4334450662136078,0.14110511541366577,0.054180633276700974,0.767271029511856
classical_musicnet_2200__180s,classical_musicnet_2200,classical,discovery,180.0,rhythm,24,2.9553179846479334,10.436963628977537,1.2679530382156372,0.621894121170044,0.9494229107505162,6.0,4.0,0.6580415368080139,0.15949344635009766,0.10967358946800232,0.9631723488251556
classical_musicnet_2200__300s,classical_musicnet_2200,classical,discovery,300.0,acoustic_novelty_delay,24,2.479661215062944,11.579218566417694,0.981185257434845,0.5665910840034485,0.9822314097300037,8.0,2.0,0.4334450662136078,0.14110511541366577,0.054180633276700974,0.767271029511856
classical_musicnet_2200__300s,classical_musicnet_2200,classical,discovery,300.0,rhythm,24,2.9553179846479334,10.436963628977537,1.2679530382156372,0.621894121170044,0.9494229107505162,6.0,4.0,0.6580415368080139,0.15949344635009766,0.10967358946800232,0.9631723488251556
classical_musicnet_2201__180s,classical_musicnet_2201,classical,discovery,180.0,acoustic_novelty_delay,24,1.8214763849884297,15.342908561229706,3.570868730545044,0.6028154492378235,0.911798713726902,5.0,0.0,0.1986931562423706,0.05736112594604492,0.03973863124847412,0.8923462762461983
classical_musicnet_2201__180s,classical_musicnet_2201,classical,discovery,180.0,rhythm,24,3.5742260902947924,10.625475187785923,1.3485233783721924,0.5708062648773193,0.9396935969196256,8.0,1.0,0.4745784401893616,0.11260223388671875,0.0593223050236702,0.9541818086541398
classical_musicnet_2201__300s,classical_musicnet_2201,classical,discovery,300.0,acoustic_novelty_delay,24,1.8214763849884297,15.342908561229706,3.570868730545044,0.6028154492378235,0.911798713726902,5.0,0.0,0.1986931562423706,0.05736112594604492,0.03973863124847412,0.8923462762461983
classical_musicnet_2201__300s,classical_musicnet_2201,classical,discovery,300.0,rhythm,24,3.5742260902947924,10.625475187785923,1.3485233783721924,0.5708062648773193,0.9396935969196256,8.0,1.0,0.4745784401893616,0.11260223388671875,0.0593223050236702,0.9541818086541398
classical_musicnet_2202__180s,classical_musicnet_2202,classical,discovery,180.0,acoustic_novelty_delay,24,2.522729317260525,11.756135642528534,0.9876569509506226,0.6100775003433228,0.9811405149407971,8.0,2.0,0.5356331169605255,0.15489137172698975,0.06695413962006569,0.871398014877423
classical_musicnet_2202__180s,classical_musicnet_2202,classical,discovery,180.0,rhythm,24,2.077549977814344,11.196015916764736,2.057533025741577,0.507719412446022,0.8759357578109932,3.0,0.0,0.12968114018440247,0.06705689430236816,0.043227046728134155,0.9241344961815037
classical_musicnet_2202__300s,classical_musicnet_2202,classical,discovery,300.0,acoustic_novelty_delay,24,2.3867035243240515,10.935390532016754,0.9308084845542908,0.5608807504177094,0.9810270019707397,5.0,2.0,0.34371161460876465,0.14238113164901733,0.06874232292175293,0.8528940213738425
classical_musicnet_2202__300s,classical_musicnet_2202,classical,discovery,300.0,rhythm,24,2.6507952850298646,10.206398515962064,1.3833545446395874,0.6854228079319,0.8909421245641758,0.0,0.0,0.0,0.0,0.0,0.0
classical_musicnet_2203__180s,classical_musicnet_2203,classical,discovery,180.0,acoustic_novelty_delay,24,2.6290970560035207,11.172810047864914,0.6660254597663879,0.5770267248153687,0.9930424175773926,8.0,1.0,0.5281633734703064,0.18688422441482544,0.0660204216837883,0.8559906475945568
classical_musicnet_2203__180s,classical_musicnet_2203,classical,discovery,180.0,rhythm,24,2.1041486702643337,11.020050942897797,1.2961556911468506,0.7052477300167084,0.9269881149822671,4.0,0.0,0.1616479754447937,0.06308799982070923,0.040411993861198425,0.9064026594414548
classical_musicnet_2203__300s,classical_musicnet_2203,classical,discovery,300.0,acoustic_novelty_delay,24,2.6290970560035207,11.172810047864914,0.6660254597663879,0.5770267248153687,0.9930424175773926,8.0,1.0,0.5281633734703064,0.18688422441482544,0.0660204216837883,0.8559906475945568
classical_musicnet_2203__300s,classical_musicnet_2203,classical,discovery,300.0,rhythm,24,2.1041486702643337,11.020050942897797,1.2961556911468506,0.7052477300167084,0.9269881149822671,4.0,0.0,0.1616479754447937,0.06308799982070923,0.040411993861198425,0.9064026594414548
classical_musicnet_2204__180s,classical_musicnet_2204,classical,discovery,180.0,acoustic_novelty_delay,24,2.6673862916277473,10.699748933315277,0.6529624462127686,0.5395547449588776,0.9904800819851243,3.0,1.0,0.2871870994567871,0.14685910940170288,0.09572903315226237,0.9297297822919262
classical_musicnet_2204__180s,classical_musicnet_2204,classical,discovery,180.0,rhythm,24,2.362699298599597,11.329884879291058,1.5213199853897095,0.5853690207004547,0.9536647537401616,6.0,0.0,0.23162934184074402,0.07188820838928223,0.03860489030679067,0.8938919321354146
classical_musicnet_2204__300s,classical_musicnet_2204,classical,discovery,300.0,acoustic_novelty_delay,24,2.6673862916277473,10.699748933315277,0.6529624462127686,0.5395547449588776,0.9904800819851243,3.0,1.0,0.2871870994567871,0.14685910940170288,0.09572903315226237,0.9297297822919262
classical_musicnet_2204__300s,classical_musicnet_2204,classical,discovery,300.0,rhythm,24,2.362699298599597,11.329884879291058,1.5213199853897095,0.5853690207004547,0.9536647537401616,6.0,0.0,0.23162934184074402,0.07188820838928223,0.03860489030679067,0.8938919321354146
classical_musicnet_2207__180s,classical_musicnet_2207,classical,discovery,180.0,acoustic_novelty_delay,24,2.3589120287051393,11.370637476444244,1.7908399105072021,0.48129016160964966,0.9467282041884941,5.0,2.0,0.37533363699913025,0.21850532293319702,0.07506672739982605,0.6616540690612568
classical_musicnet_2207__180s,classical_musicnet_2207,classical,discovery,180.0,rhythm,24,1.151490724924333,14.229908183217049,3.41215181350708,0.5040669739246368,0.8669746174072904,5.0,0.0,0.18311765789985657,0.05740061402320862,0.036623531579971315,0.9186194330899768
classical_musicnet_2207__300s,classical_musicnet_2207,classical,discovery,300.0,acoustic_novelty_delay,24,2.3589120287051393,11.370637476444244,1.7908399105072021,0.48129016160964966,0.9467282041884941,5.0,2.0,0.37533363699913025,0.21850532293319702,0.07506672739982605,0.6616540690612568
classical_musicnet_2207__300s,classical_musicnet_2207,classical,discovery,300.0,rhythm,24,1.151490724924333,14.229908183217049,3.41215181350708,0.5040669739246368,0.8669746174072904,5.0,0.0,0.18311765789985657,0.05740061402320862,0.036623531579971315,0.9186194330899768
classical_musicnet_2208__180s,classical_musicnet_2208,classical,discovery,180.0,acoustic_novelty_delay,24,2.1908039922815443,12.886841535568237,2.0135531425476074,0.5480679571628571,0.949082487063664,10.0,2.0,0.6014970541000366,0.17704111337661743,0.06014970541000366,0.879674100097081
classical_musicnet_2208__180s,classical_musicnet_2208,classical,discovery,180.0,rhythm,24,2.1951061082893095,9.851074989885092,1.7180297374725342,0.5785732269287109,0.9053627519590625,2.0,0.0,0.1531355381011963,0.07847332954406738,0.07656776905059814,0.9995531694297395
classical_musicnet_2208__300s,classical_musicnet_2208,classical,discovery,300.0,acoustic_novelty_delay,24,2.1908039922815443,12.886841535568237,2.0135531425476074,0.5480679571628571,0.949082487063664,10.0,2.0,0.6014970541000366,0.17704111337661743,0.06014970541000366,0.879674100097081
classical_musicnet_2208__300s,classical_musicnet_2208,classical,discovery,300.0,rhythm,24,2.1951061082893095,9.851074989885092,1.7180297374725342,0.5785732269287109,0.9053627519590625,2.0,0.0,0.1531355381011963,0.07847332954406738,0.07656776905059814,0.9995531694297395
classical_musicnet_2209__180s,classical_musicnet_2209,classical,discovery,180.0,acoustic_novelty_delay,24,2.6512339072739364,11.334055244922638,1.253353238105774,0.5590496063232422,0.9728895905156862,6.0,0.0,0.31979459524154663,0.08994090557098389,0.05329909920692444,0.9402596514390253
classical_musicnet_2209__180s,classical_musicnet_2209,classical,discovery,180.0,rhythm,24,3.3801856483670156,7.223385376855731,0.7812214493751526,0.5136368274688721,0.9171397541231746,3.0,0.0,0.12413549423217773,0.06648010015487671,0.04137849807739258,0.8424648900256997
classical_musicnet_2209__300s,classical_musicnet_2209,classical,discovery,300.0,acoustic_novelty_delay,24,2.6512339072739364,11.334055244922638,1.253353238105774,0.5590496063232422,0.9728895905156862,6.0,0.0,0.31979459524154663,0.08994090557098389,0.05329909920692444,0.9402596514390253
classical_musicnet_2209__300s,classical_musicnet_2209,classical,discovery,300.0,rhythm,24,3.3801856483670156,7.223385376855731,0.7812214493751526,0.5136368274688721,0.9171397541231746,3.0,0.0,0.12413549423217773,0.06648010015487671,0.04137849807739258,0.8424648900256997
classical_musicnet_2210__180s,classical_musicnet_2210,classical,discovery,180.0,acoustic_novelty_delay,24,2.6105196781032025,12.135403126478195,1.7071748971939087,0.5513154864311218,0.9635217931874214,6.0,0.0,0.18835991621017456,0.06681424379348755,0.03139331936836243,0.8039354643438458
classical_musicnet_2210__180s,classical_musicnet_2210,classical,discovery,180.0,rhythm,24,2.7137010564633197,13.231181759387255,2.36678147315979,0.6894211769104004,0.8390457212989432,4.0,0.0,0.1764947772026062,0.09032779932022095,0.04412369430065155,0.7692063549689632
classical_musicnet_2210__300s,classical_musicnet_2210,classical,discovery,300.0,acoustic_novelty_delay,24,2.6105196781032025,12.135403126478195,1.7071748971939087,0.5513154864311218,0.9635217931874214,6.0,0.0,0.18835991621017456,0.06681424379348755,0.03139331936836243,0.8039354643438458
classical_musicnet_2210__300s,classical_musicnet_2210,classical,discovery,300.0,rhythm,24,2.7137010564633197,13.231181759387255,2.36678147315979,0.6894211769104004,0.8390457212989432,4.0,0.0,0.1764947772026062,0.09032779932022095,0.04412369430065155,0.7692063549689632
classical_musicnet_2211__180s,classical_musicnet_2211,classical,discovery,180.0,acoustic_novelty_delay,24,2.3409508352167387,11.675472155213356,1.287922739982605,0.5448196828365326,0.9726489283857875,3.0,0.0,0.15804064273834229,0.09986281394958496,0.0526802142461141,0.7459561183984786
classical_musicnet_2211__180s,classical_musicnet_2211,classical,discovery,180.0,rhythm,24,2.271269855592176,10.657852157950401,1.171364426612854,0.6622430682182312,0.9366135770694142,2.0,0.0,0.008873850107192993,0.0054236650466918945,0.004436925053596497,0.9640231420223266
classical_musicnet_2211__300s,classical_musicnet_2211,classical,discovery,300.0,acoustic_novelty_delay,24,2.480477054721603,11.767652407288551,1.2156286239624023,0.6167736351490021,0.9602184020213712,4.0,1.0,0.1955096423625946,0.11214298009872437,0.04887741059064865,0.6263669228618249
classical_musicnet_2211__300s,classical_musicnet_2211,classical,discovery,300.0,rhythm,24,3.012798188696177,7.663031443953514,1.2221553325653076,0.3469858020544052,0.92568963094597,0.0,0.0,0.0,0.0,0.0,0.0
classical_musicnet_2212__180s,classical_musicnet_2212,classical,discovery,180.0,acoustic_novelty_delay,24,2.126685706312319,11.872445657849312,1.6551544666290283,0.5558706223964691,0.9553900746925525,5.0,0.0,0.24722838401794434,0.0647624135017395,0.04944567680358887,0.9579912911057822
classical_musicnet_2212__180s,classical_musicnet_2212,classical,discovery,180.0,rhythm,24,3.453497716208626,7.838097587227821,1.0725826025009155,0.5024364590644836,0.9075132663612766,4.0,0.0,0.07819126546382904,0.03173726797103882,0.01954781636595726,0.9119546763353675
classical_musicnet_2212__300s,classical_musicnet_2212,classical,discovery,300.0,acoustic_novelty_delay,24,2.126685706312319,11.872445657849312,1.6551544666290283,0.5558706223964691,0.9553900746925525,5.0,0.0,0.24722838401794434,0.0647624135017395,0.04944567680358887,0.9579912911057822
classical_musicnet_2212__300s,classical_musicnet_2212,classical,discovery,300.0,rhythm,24,3.453497716208626,7.838097587227821,1.0725826025009155,0.5024364590644836,0.9075132663612766,4.0,0.0,0.07819126546382904,0.03173726797103882,0.01954781636595726,0.9119546763353675
classical_musicnet_2213__180s,classical_musicnet_2213,classical,discovery,180.0,acoustic_novelty_delay,24,2.4304452159839323,11.53900296986103,1.065506935119629,0.5879999399185181,0.9720409185526742,5.0,1.0,0.2758563160896301,0.11867213249206543,0.05517126321792602,0.8214204395535363
classical_musicnet_2213__180s,classical_musicnet_2213,classical,discovery,180.0,rhythm,24,3.4757052031168643,8.768175914883614,1.0924499034881592,0.552451491355896,0.9389153915409747,5.0,2.0,0.41241052746772766,0.16972756385803223,0.08248210549354554,0.8614707450159892
classical_musicnet_2213__300s,classical_musicnet_2213,classical,discovery,300.0,acoustic_novelty_delay,24,2.4304452159839323,11.53900296986103,1.065506935119629,0.5879999399185181,0.9720409185526742,5.0,1.0,0.2758563160896301,0.11867213249206543,0.05517126321792602,0.8214204395535363
classical_musicnet_2213__300s,classical_musicnet_2213,classical,discovery,300.0,rhythm,24,3.4757052031168643,8.768175914883614,1.0924499034881592,0.552451491355896,0.9389153915409747,5.0,2.0,0.41241052746772766,0.16972756385803223,0.08248210549354554,0.8614707450159892
classical_musicnet_2214__180s,classical_musicnet_2214,classical,discovery,180.0,acoustic_novelty_delay,24,2.462436312248501,11.979327119886875,2.393324375152588,0.5678912699222565,0.9233293361643543,4.0,1.0,0.200434148311615,0.11020082235336304,0.05010853707790375,0.8466398028239933
classical_musicnet_2214__180s,classical_musicnet_2214,classical,discovery,180.0,rhythm,24,2.310150327671842,11.159350261092186,1.7831969261169434,0.5833146572113037,0.9095913438116128,2.0,0.0,0.007784485816955566,0.004970192909240723,0.003892242908477783,0.9439424802774484
classical_musicnet_2214__300s,classical_musicnet_2214,classical,discovery,300.0,acoustic_novelty_delay,24,2.462436312248501,11.979327119886875,2.393324375152588,0.5678912699222565,0.9233293361643543,4.0,1.0,0.200434148311615,0.11020082235336304,0.05010853707790375,0.8466398028239933
classical_musicnet_2214__300s,classical_musicnet_2214,classical,discovery,300.0,rhythm,24,2.310150327671842,11.159350261092186,1.7831969261169434,0.5833146572113037,0.9095913438116128,2.0,0.0,0.007784485816955566,0.004970192909240723,0.003892242908477783,0.9439424802774484
classical_musicnet_2215__180s,classical_musicnet_2215,classical,discovery,180.0,acoustic_novelty_delay,24,2.569634108716624,11.665303632616997,1.2871798276901245,0.5380889773368835,0.9646226762661593,3.0,2.0,0.25259214639663696,0.13608229160308838,0.08419738213221233,0.7571342795249417
classical_musicnet_2215__180s,classical_musicnet_2215,classical,discovery,180.0,rhythm,24,3.8298047436742744,8.830759414471686,1.0738240480422974,0.5532534718513489,0.9120156527877615,2.0,0.0,0.10812234878540039,0.054639339447021484,0.054061174392700195,0.9999174939971635
classical_musicnet_2215__300s,classical_musicnet_2215,classical,discovery,300.0,acoustic_novelty_delay,24,2.569634108716624,11.665303632616997,1.2871798276901245,0.5380889773368835,0.9646226762661593,3.0,2.0,0.25259214639663696,0.13608229160308838,0.08419738213221233,0.7571342795249417
classical_musicnet_2215__300s,classical_musicnet_2215,classical,discovery,300.0,rhythm,24,3.8298047436742744,8.830759414471686,1.0738240480422974,0.5532534718513489,0.9120156527877615,2.0,0.0,0.10812234878540039,0.054639339447021484,0.054061174392700195,0.9999174939971635
classical_musicnet_2217__180s,classical_musicnet_2217,classical,discovery,180.0,acoustic_novelty_delay,24,1.6339218564294624,13.61822472512722,3.205482244491577,0.5219931602478027,0.8801341221578161,5.0,0.0,0.20309758186340332,0.08535844087600708,0.040619516372680665,0.8138271079778163
classical_musicnet_2217__180s,classical_musicnet_2217,classical,discovery,180.0,rhythm,24,2.8375877178678817,12.137501195073128,1.284953236579895,0.6642008721828461,0.9676552688970708,5.0,1.0,0.19742101430892944,0.13318896293640137,0.03948420286178589,0.5209058567836262
classical_musicnet_2217__300s,classical_musicnet_2217,classical,discovery,300.0,acoustic_novelty_delay,24,1.7652751997995932,13.649605438113213,2.9537060260772705,0.5944546163082123,0.8666085096941689,4.0,0.0,0.15067920088768005,0.055490076541900635,0.03766980022192001,0.84848448156355
classical_musicnet_2217__300s,classical_musicnet_2217,classical,discovery,300.0,rhythm,24,2.634673960468829,11.57148951292038,1.5287106037139893,0.4936480224132538,0.9458650946410854,2.0,0.0,0.04547351598739624,0.03693181276321411,0.02273675799369812,0.6969290234722155
classical_musicnet_2218__180s,classical_musicnet_2218,classical,discovery,180.0,acoustic_novelty_delay,24,2.4405229540497726,12.143137872219086,1.4007312059402466,0.5419816672801971,0.9621593025118835,5.0,0.0,0.22643667459487915,0.09060651063919067,0.04528733491897583,0.7821350575820954
classical_musicnet_2218__180s,classical_musicnet_2218,classical,discovery,180.0,rhythm,24,2.5768009697565026,12.771440118551254,1.474938988685608,0.5977567136287689,0.9619087286689786,2.0,0.0,0.1174781322479248,0.08614522218704224,0.0587390661239624,0.8367079193356036
classical_musicnet_2218__300s,classical_musicnet_2218,classical,discovery,300.0,acoustic_novelty_delay,24,2.757107413838156,10.584733873605728,0.9129330515861511,0.5326462388038635,0.971199524011451,1.0,0.0,0.0031262636184692383,0.0031262636184692383,0.0031262636184692383,-2.2204460492503128e-16
classical_musicnet_2218__300s,classical_musicnet_2218,classical,discovery,300.0,rhythm,24,2.626782912539828,11.7135688662529,1.1477855443954468,0.6312321424484253,0.9622731941223168,3.0,0.0,0.11354422569274902,0.0596163272857666,0.03784807523091634,0.734156281875159
classical_musicnet_2219__180s,classical_musicnet_2219,classical,discovery,180.0,acoustic_novelty_delay,24,2.2410335631029983,11.889172703027725,1.3710817098617554,0.5631237924098969,0.9599556519864775,4.0,1.0,0.22001254558563232,0.12332510948181152,0.05500313639640808,0.8180884887746002
classical_musicnet_2219__180s,classical_musicnet_2219,classical,discovery,180.0,rhythm,24,2.598370116549103,12.179372787475586,1.4249722957611084,0.6908540427684784,0.9490648882413029,1.0,0.0,0.061166465282440186,0.061166465282440186,0.061166465282440186,-2.2204460492503128e-16
classical_musicnet_2219__300s,classical_musicnet_2219,classical,discovery,300.0,acoustic_novelty_delay,24,2.3783368353314547,11.295970112085342,0.9228078126907349,0.5624108910560608,0.9790248490226116,6.0,0.0,0.2777900695800781,0.09143143892288208,0.04629834493001302,0.8898617189312846
classical_musicnet_2219__300s,classical_musicnet_2219,classical,discovery,300.0,rhythm,24,2.196113317702089,14.663210213184357,1.765231966972351,0.647218644618988,0.9478901261862946,3.0,1.0,0.15161526203155518,0.11041700839996338,0.05053842067718506,0.6918131941759764
classical_musicnet_2220__180s,classical_musicnet_2220,classical,discovery,180.0,acoustic_novelty_delay,24,2.420586954270518,12.583391562104225,1.257880687713623,0.588294118642807,0.9699877776355927,3.0,0.0,0.1679787039756775,0.08827710151672363,0.05599290132522583,0.7681768992010303
classical_musicnet_2220__180s,classical_musicnet_2220,classical,discovery,180.0,rhythm,24,2.6084529517710857,12.433298096060753,1.6456886529922485,0.6828094124794006,0.9536781267505481,5.0,1.0,0.25895389914512634,0.135603129863739,0.05179077982902527,0.6610160660065076
classical_musicnet_2220__300s,classical_musicnet_2220,classical,discovery,300.0,acoustic_novelty_delay,24,2.4903171791517362,12.076375156641006,1.1857924461364746,0.5706739127635956,0.9774217422048666,6.0,1.0,0.38036084175109863,0.12160730361938477,0.0633934736251831,0.9523888279209085
classical_musicnet_2220__300s,classical_musicnet_2220,classical,discovery,300.0,rhythm,24,2.9876642660431,12.087523058056831,1.2545013427734375,0.6814321577548981,0.9594944452140033,5.0,0.0,0.3360024094581604,0.09218263626098633,0.06720048189163208,0.9503703324197732
classical_musicnet_2221__180s,classical_musicnet_2221,classical,discovery,180.0,acoustic_novelty_delay,24,2.2967552193381393,11.55997610092163,1.4654572010040283,0.5192405879497528,0.9553270012011953,5.0,1.0,0.1435338258743286,0.10326093435287476,0.02870676517486572,0.5460340795591696
classical_musicnet_2221__180s,classical_musicnet_2221,classical,discovery,180.0,rhythm,24,2.358466714228844,12.0754314661026,0.9433743953704834,0.7123582363128662,0.9673534883840446,5.0,1.0,0.3031162917613983,0.14073652029037476,0.06062325835227966,0.7585025924189582
classical_musicnet_2221__300s,classical_musicnet_2221,classical,discovery,300.0,acoustic_novelty_delay,24,2.1814909839033936,10.298252284526825,0.729737401008606,0.4930274933576584,0.9913350419293242,5.0,0.0,0.21080932021141052,0.0764474868774414,0.0421618640422821,0.9283352463899797
classical_musicnet_2221__300s,classical_musicnet_2221,classical,discovery,300.0,rhythm,24,2.5552671754390373,11.871391013264656,1.4247926473617554,0.5340059101581573,0.9588246709927668,6.0,1.0,0.37372058629989624,0.10226786136627197,0.06228676438331604,0.9067731421502345
classical_musicnet_2222__180s,classical_musicnet_2222,classical,discovery,180.0,acoustic_novelty_delay,24,2.5552072001821644,11.374980695545673,1.3271045684814453,0.5530123710632324,0.9633844496118358,4.0,1.0,0.2928737998008728,0.13160479068756104,0.0732184499502182,0.8886185315085332
classical_musicnet_2222__180s,classical_musicnet_2222,classical,discovery,180.0,rhythm,24,3.3146815069764983,11.172293707728386,1.0876269340515137,0.6511355936527252,0.9632157893189713,5.0,1.0,0.23486801981925964,0.17047011852264404,0.04697360396385193,0.524695817807525
classical_musicnet_2222__300s,classical_musicnet_2222,classical,discovery,300.0,acoustic_novelty_delay,24,2.1356957313197142,11.500099182128906,1.101478934288025,0.6073037385940552,0.9737583744615751,8.0,1.0,0.4873412549495697,0.17046666145324707,0.06091765686869621,0.8467613508756687
classical_musicnet_2222__300s,classical_musicnet_2222,classical,discovery,300.0,rhythm,24,3.0758378695163633,12.615596815943718,1.6873841285705566,0.6662145853042603,0.9420450259743286,5.0,0.0,0.12346899509429932,0.04544275999069214,0.024693799018859864,0.9033381639643095
classical_musicnet_2224__180s,classical_musicnet_2224,classical,discovery,180.0,acoustic_novelty_delay,24,1.7772828700537877,14.20280334353447,3.535583257675171,0.6200436651706696,0.8871337286443285,6.0,1.0,0.2629733979701996,0.166456401348114,0.04382889966169993,0.6266246373930966
classical_musicnet_2224__180s,classical_musicnet_2224,classical,discovery,180.0,rhythm,24,1.893974560506824,12.889428649097681,3.153120517730713,0.43429042398929596,0.8428703341900884,4.0,0.0,0.08256638050079346,0.04300570487976074,0.020641595125198364,0.7411678780625134
classical_musicnet_2224__300s,classical_musicnet_2224,classical,discovery,300.0,acoustic_novelty_delay,24,1.7772828700537877,14.20280334353447,3.535583257675171,0.6200436651706696,0.8871337286443285,6.0,1.0,0.2629733979701996,0.166456401348114,0.04382889966169993,0.6266246373930966
classical_musicnet_2224__300s,classical_musicnet_2224,classical,discovery,300.0,rhythm,24,1.893974560506824,12.889428649097681,3.153120517730713,0.43429042398929596,0.8428703341900884,4.0,0.0,0.08256638050079346,0.04300570487976074,0.020641595125198364,0.7411678780625134
classical_musicnet_2225__180s,classical_musicnet_2225,classical,discovery,180.0,acoustic_novelty_delay,24,2.6932747170814535,10.990114539861679,0.9186584949493408,0.627004474401474,0.9701809294344045,3.0,0.0,0.1263139843940735,0.06461751461029053,0.04210466146469116,0.6918443827730272
classical_musicnet_2225__180s,classical_musicnet_2225,classical,discovery,180.0,rhythm,24,2.302327632690279,11.788681030273438,1.5461328029632568,0.6954216361045837,0.9446476219247931,6.0,0.0,0.19839167594909668,0.07015210390090942,0.03306527932484945,0.8677098847812437
classical_musicnet_2225__300s,classical_musicnet_2225,classical,discovery,300.0,acoustic_novelty_delay,24,2.073879761818271,13.618442341685295,2.1699328422546387,0.6163017153739929,0.9231786698535314,3.0,0.0,0.17671313881874084,0.07812884449958801,0.05890437960624695,0.9767395546314376
classical_musicnet_2225__300s,classical_musicnet_2225,classical,discovery,300.0,rhythm,24,2.8696665339736414,11.729149475693703,1.5875532627105713,0.5818479359149933,0.9223352686357666,4.0,0.0,0.12534409761428833,0.05676603317260742,0.03133602440357208,0.7642465530778771
classical_musicnet_2227__180s,classical_musicnet_2227,classical,discovery,180.0,acoustic_novelty_delay,24,2.4727842547116206,11.154409617185593,1.0393472909927368,0.6523682177066803,0.9617867660557021,4.0,0.0,0.24806490540504456,0.09450709819793701,0.06201622635126114,0.9374522419893505
classical_musicnet_2227__180s,classical_musicnet_2227,classical,discovery,180.0,rhythm,24,3.1429914636604224,8.619026387110353,1.235286831855774,0.5924574136734009,0.902909667401907,3.0,1.0,0.1489577293395996,0.13570576906204224,0.0496525764465332,0.3238414647961455
classical_musicnet_2227__300s,classical_musicnet_2227,classical,discovery,300.0,acoustic_novelty_delay,24,2.4727842547116206,11.154409617185593,1.0393472909927368,0.6523682177066803,0.9617867660557021,4.0,0.0,0.24806490540504456,0.09450709819793701,0.06201622635126114,0.9374522419893505
classical_musicnet_2227__300s,classical_musicnet_2227,classical,discovery,300.0,rhythm,24,3.1429914636604224,8.619026387110353,1.235286831855774,0.5924574136734009,0.902909667401907,3.0,1.0,0.1489577293395996,0.13570576906204224,0.0496525764465332,0.3238414647961455
classical_musicnet_2228__180s,classical_musicnet_2228,classical,discovery,180.0,acoustic_novelty_delay,24,2.2504723641975275,12.541561961174011,2.2593321800231934,0.667519599199295,0.9294722985066411,4.0,1.0,0.24898439645767212,0.1600397229194641,0.06224609911441803,0.6562400713532169
classical_musicnet_2228__180s,classical_musicnet_2228,classical,discovery,180.0,rhythm,24,2.5239928448404845,8.887537576258183,1.7002145051956177,0.41152215003967285,0.894629430961563,2.0,0.0,0.017642855644226074,0.015406548976898193,0.008821427822113037,0.5484689881698109
classical_musicnet_2228__300s,classical_musicnet_2228,classical,discovery,300.0,acoustic_novelty_delay,24,2.2504723641975275,12.541561961174011,2.2593321800231934,0.667519599199295,0.9294722985066411,4.0,1.0,0.24898439645767212,0.1600397229194641,0.06224609911441803,0.6562400713532169
classical_musicnet_2228__300s,classical_musicnet_2228,classical,discovery,300.0,rhythm,24,2.5239928448404845,8.887537576258183,1.7002145051956177,0.41152215003967285,0.894629430961563,2.0,0.0,0.017642855644226074,0.015406548976898193,0.008821427822113037,0.5484689881698109
classical_musicnet_2229__180s,classical_musicnet_2229,classical,discovery,180.0,acoustic_novelty_delay,24,2.3330950392159333,12.791154339909554,3.1160309314727783,0.5946205854415894,0.8999468745694085,5.0,3.0,0.5090614557266235,0.12083601951599121,0.10181229114532471,0.990762379695967
classical_musicnet_2229__180s,classical_musicnet_2229,classical,discovery,180.0,rhythm,24,2.284649253546489,10.84827821701765,2.2893054485321045,0.5694288909435272,0.9043837411392204,2.0,0.0,0.05437654256820679,0.032086730003356934,0.027188271284103394,0.9764563182380219
classical_musicnet_2229__300s,classical_musicnet_2229,classical,discovery,300.0,acoustic_novelty_delay,24,2.232159476850425,14.476227015256882,2.710139036178589,0.6449158489704132,0.9134904425133388,5.0,2.0,0.5898328125476837,0.2609233856201172,0.11796656250953674,0.8798000149244426
classical_musicnet_2229__300s,classical_musicnet_2229,classical,discovery,300.0,rhythm,24,2.5026409036648793,11.032924339175224,1.849696397781372,0.6110667288303375,0.9270610336732711,3.0,1.0,0.11688777804374695,0.10268670320510864,0.038962592681248985,0.3711479608487469
classical_musicnet_2230__180s,classical_musicnet_2230,classical,discovery,180.0,acoustic_novelty_delay,24,2.1271893076239587,13.674296915531158,2.6002769470214844,0.5698403120040894,0.9355402599213645,5.0,0.0,0.17517977952957153,0.06573498249053955,0.03503595590591431,0.8225669144423684
classical_musicnet_2230__180s,classical_musicnet_2230,classical,discovery,180.0,rhythm,24,2.882650081110981,9.341093881055713,2.1912786960601807,0.42747698724269867,0.8484809548946401,2.0,1.0,0.17777907848358154,0.12607723474502563,0.08888953924179077,0.8697790960285264
classical_musicnet_2230__300s,classical_musicnet_2230,classical,discovery,300.0,acoustic_novelty_delay,24,2.1271893076239587,13.674296915531158,2.6002769470214844,0.5698403120040894,0.9355402599213645,5.0,0.0,0.17517977952957153,0.06573498249053955,0.03503595590591431,0.8225669144423684
classical_musicnet_2230__300s,classical_musicnet_2230,classical,discovery,300.0,rhythm,24,2.882650081110981,9.341093881055713,2.1912786960601807,0.42747698724269867,0.8484809548946401,2.0,1.0,0.17777907848358154,0.12607723474502563,0.08888953924179077,0.8697790960285264
classical_musicnet_2231__180s,classical_musicnet_2231,classical,discovery,180.0,acoustic_novelty_delay,24,2.5095017900149665,10.170249864459038,0.8665639758110046,0.4753884971141815,0.9776144458771353,4.0,2.0,0.38489195704460144,0.10419940948486328,0.09622298926115036,0.9972742265474932
classical_musicnet_2231__180s,classical_musicnet_2231,classical,discovery,180.0,rhythm,24,2.3847743398341485,9.964945018291473,1.596732497215271,0.598999410867691,0.9031304144544269,3.0,1.0,0.2100328803062439,0.18413549661636353,0.0700109601020813,0.3422609833152286
classical_musicnet_2231__300s,classical_musicnet_2231,classical,discovery,300.0,acoustic_novelty_delay,24,2.5095017900149665,10.170249864459038,0.8665639758110046,0.4753884971141815,0.9776144458771353,4.0,2.0,0.38489195704460144,0.10419940948486328,0.09622298926115036,0.9972742265474932
classical_musicnet_2231__300s,classical_musicnet_2231,classical,discovery,300.0,rhythm,24,2.3847743398341485,9.964945018291473,1.596732497215271,0.598999410867691,0.9031304144544269,3.0,1.0,0.2100328803062439,0.18413549661636353,0.0700109601020813,0.3422609833152286
classical_musicnet_2232__180s,classical_musicnet_2232,classical,discovery,180.0,acoustic_novelty_delay,24,2.315059287984572,12.135795801877975,1.9357709884643555,0.5217011570930481,0.9428413861711159,6.0,1.0,0.2596711218357086,0.11785787343978882,0.04327852030595144,0.7967025660233985
classical_musicnet_2232__180s,classical_musicnet_2232,classical,discovery,180.0,rhythm,24,2.9374711238837516,10.35171077400446,1.2242515087127686,0.6498302221298218,0.9400253574781753,2.0,1.0,0.23475748300552368,0.1411234736442566,0.11737874150276184,0.9702764004518745
classical_musicnet_2232__300s,classical_musicnet_2232,classical,discovery,300.0,acoustic_novelty_delay,24,2.315059287984572,12.135795801877975,1.9357709884643555,0.5217011570930481,0.9428413861711159,6.0,1.0,0.2596711218357086,0.11785787343978882,0.04327852030595144,0.7967025660233985
classical_musicnet_2232__300s,classical_musicnet_2232,classical,discovery,300.0,rhythm,24,2.9374711238837516,10.35171077400446,1.2242515087127686,0.6498302221298218,0.9400253574781753,2.0,1.0,0.23475748300552368,0.1411234736442566,0.11737874150276184,0.9702764004518745
classical_musicnet_2234__180s,classical_musicnet_2234,classical,discovery,180.0,acoustic_novelty_delay,24,1.5023378034448789,17.606471091508865,4.164468288421631,0.5501851141452789,0.8785612340627977,7.0,2.0,0.5088946223258972,0.1249116063117981,0.07269923176084246,0.9415137136777542
classical_musicnet_2234__180s,classical_musicnet_2234,classical,discovery,180.0,rhythm,24,2.2012373957918854,9.951807081699371,1.9819917678833008,0.45814405381679535,0.9220602926935744,5.0,1.0,0.3132001459598541,0.2005799412727356,0.06264002919197083,0.6319169873320163
classical_musicnet_2234__300s,classical_musicnet_2234,classical,discovery,300.0,acoustic_novelty_delay,24,1.5023378034448789,17.606471091508865,4.164468288421631,0.5501851141452789,0.8785612340627977,7.0,2.0,0.5088946223258972,0.1249116063117981,0.07269923176084246,0.9415137136777542
classical_musicnet_2234__300s,classical_musicnet_2234,classical,discovery,300.0,rhythm,24,2.2012373957918854,9.951807081699371,1.9819917678833008,0.45814405381679535,0.9220602926935744,5.0,1.0,0.3132001459598541,0.2005799412727356,0.06264002919197083,0.6319169873320163
classical_musicnet_2237__180s,classical_musicnet_2237,classical,discovery,180.0,acoustic_novelty_delay,24,2.3755872285093127,12.393212467432022,1.5881811380386353,0.6205579042434692,0.961787879742093,5.0,1.0,0.367022305727005,0.12920677661895752,0.073404461145401,0.931992399421397
classical_musicnet_2237__180s,classical_musicnet_2237,classical,discovery,180.0,rhythm,24,2.4871715800050858,10.588000558316708,1.907569169998169,0.42487965524196625,0.8662780636308363,7.0,0.0,0.0924040675163269,0.044335901737213135,0.013200581073760986,0.7240740626819401
classical_musicnet_2237__300s,classical_musicnet_2237,classical,discovery,300.0,acoustic_novelty_delay,24,2.3755872285093127,12.393212467432022,1.5881811380386353,0.6205579042434692,0.961787879742093,5.0,1.0,0.367022305727005,0.12920677661895752,0.073404461145401,0.931992399421397
classical_musicnet_2237__300s,classical_musicnet_2237,classical,discovery,300.0,rhythm,24,2.4871715800050858,10.588000558316708,1.907569169998169,0.42487965524196625,0.8662780636308363,7.0,0.0,0.0924040675163269,0.044335901737213135,0.013200581073760986,0.7240740626819401
classical_musicnet_2238__180s,classical_musicnet_2238,classical,discovery,180.0,acoustic_novelty_delay,24,1.7372253909284678,11.540697187185287,2.559741258621216,0.5170828998088837,0.9091812113316828,2.0,1.0,0.10409456491470337,0.10384076833724976,0.052047282457351685,0.02467621878131413
classical_musicnet_2238__180s,classical_musicnet_2238,classical,discovery,180.0,rhythm,24,1.9734762915149138,9.441105380654335,1.4208496809005737,0.48001375794410706,0.8922641821751249,2.0,0.0,0.018885433673858643,0.010660946369171143,0.009442716836929321,0.9879601795277595
classical_musicnet_2238__300s,classical_musicnet_2238,classical,discovery,300.0,acoustic_novelty_delay,24,1.7372253909284678,11.540697187185287,2.559741258621216,0.5170828998088837,0.9091812113316828,2.0,1.0,0.10409456491470337,0.10384076833724976,0.052047282457351685,0.02467621878131413
classical_musicnet_2238__300s,classical_musicnet_2238,classical,discovery,300.0,rhythm,24,1.9734762915149138,9.441105380654335,1.4208496809005737,0.48001375794410706,0.8922641821751249,2.0,0.0,0.018885433673858643,0.010660946369171143,0.009442716836929321,0.9879601795277595
classical_musicnet_2239__180s,classical_musicnet_2239,classical,discovery,180.0,acoustic_novelty_delay,24,2.231113267663818,12.556478589773178,1.6421232223510742,0.6117265820503235,0.963360704037344,5.0,1.0,0.2436770796775818,0.11318612098693848,0.048735415935516356,0.8477967505823504
classical_musicnet_2239__180s,classical_musicnet_2239,classical,discovery,180.0,rhythm,24,2.2535800954469,9.315480262041092,1.2875977754592896,0.3549037575721741,0.9150133755364569,8.0,0.0,0.25449618697166443,0.06454402208328247,0.031812023371458054,0.873925664312167
classical_musicnet_2239__300s,classical_musicnet_2239,classical,discovery,300.0,acoustic_novelty_delay,24,2.231113267663818,12.556478589773178,1.6421232223510742,0.6117265820503235,0.963360704037344,5.0,1.0,0.2436770796775818,0.11318612098693848,0.048735415935516356,0.8477967505823504
classical_musicnet_2239__300s,classical_musicnet_2239,classical,discovery,300.0,rhythm,24,2.2535800954469,9.315480262041092,1.2875977754592896,0.3549037575721741,0.9150133755364569,8.0,0.0,0.25449618697166443,0.06454402208328247,0.031812023371458054,0.873925664312167
classical_musicnet_2240__180s,classical_musicnet_2240,classical,discovery,180.0,acoustic_novelty_delay,24,1.9819004207079651,13.321040600538254,2.9160611629486084,0.560585618019104,0.9127601201411409,5.0,1.0,0.2549562454223633,0.16810107231140137,0.050991249084472653,0.6382979288806281
classical_musicnet_2240__180s,classical_musicnet_2240,classical,discovery,180.0,rhythm,24,3.25227636170189,8.5056426897645,1.3556166887283325,0.3995666205883026,0.8972349203357857,4.0,1.0,0.28560739755630493,0.17832857370376587,0.07140184938907623,0.6986268133590484
classical_musicnet_2240__300s,classical_musicnet_2240,classical,discovery,300.0,acoustic_novelty_delay,24,1.9819004207079651,13.321040600538254,2.9160611629486084,0.560585618019104,0.9127601201411409,5.0,1.0,0.2549562454223633,0.16810107231140137,0.050991249084472653,0.6382979288806281
classical_musicnet_2240__300s,classical_musicnet_2240,classical,discovery,300.0,rhythm,24,3.25227636170189,8.5056426897645,1.3556166887283325,0.3995666205883026,0.8972349203357857,4.0,1.0,0.28560739755630493,0.17832857370376587,0.07140184938907623,0.6986268133590484
classical_musicnet_2241__180s,classical_musicnet_2241,classical,discovery,180.0,acoustic_novelty_delay,24,2.373285784151544,11.058854013681412,1.3276774883270264,0.5520318746566772,0.9716731235500674,3.0,1.0,0.3553125858306885,0.1790427565574646,0.11843752861022949,0.942194715320515
classical_musicnet_2241__180s,classical_musicnet_2241,classical,discovery,180.0,rhythm,24,2.540328500445299,11.112417340278625,0.7953218221664429,0.6393277943134308,0.9774636379708972,4.0,1.0,0.2412542998790741,0.11543107032775879,0.060313574969768524,0.8453914372191345
classical_musicnet_2241__300s,classical_musicnet_2241,classical,discovery,300.0,acoustic_novelty_delay,24,3.1042798730324215,10.307320460677147,0.7782121300697327,0.5736917853355408,0.9727508920495671,7.0,1.0,0.27918529510498047,0.15261417627334595,0.03988361358642578,0.6784728056369778
classical_musicnet_2241__300s,classical_musicnet_2241,classical,discovery,300.0,rhythm,24,2.591605081083571,11.298707008361816,1.726157546043396,0.5592724978923798,0.9431961948421702,5.0,0.0,0.0924501121044159,0.054403483867645264,0.018490022420883177,0.7285388136993891
classical_musicnet_2242__180s,classical_musicnet_2242,classical,discovery,180.0,acoustic_novelty_delay,24,2.1471146366418923,12.403276279568672,1.249179482460022,0.6279397904872894,0.9650345503576256,4.0,1.0,0.2071230113506317,0.14935916662216187,0.05178075283765793,0.5316875876377833
classical_musicnet_2242__180s,classical_musicnet_2242,classical,discovery,180.0,rhythm,24,2.8006336892980226,11.94966745376587,1.383565902709961,0.5605393946170807,0.9725104646265003,5.0,0.0,0.1193118691444397,0.051480770111083984,0.02386237382888794,0.8515376169026468
classical_musicnet_2242__300s,classical_musicnet_2242,classical,discovery,300.0,acoustic_novelty_delay,24,2.237681794187659,11.389971241354942,1.3711237907409668,0.6298507452011108,0.9619234287514347,3.0,0.0,0.06720685958862305,0.04518240690231323,0.022402286529541016,0.7567848796920232
classical_musicnet_2242__300s,classical_musicnet_2242,classical,discovery,300.0,rhythm,24,2.5278798553881305,12.631456032395363,1.1677100658416748,0.7277856767177582,0.967072654028881,6.0,0.0,0.19137030839920044,0.05837252736091614,0.03189505139986674,0.8528482860890549
classical_musicnet_2243__180s,classical_musicnet_2243,classical,discovery,180.0,acoustic_novelty_delay,24,2.076742304192618,12.009236142039299,1.5739648342132568,0.5945926308631897,0.9570950740737436,4.0,1.0,0.31226038932800293,0.11065292358398438,0.07806509733200073,0.910531623879373
classical_musicnet_2243__180s,classical_musicnet_2243,classical,discovery,180.0,rhythm,24,2.0387647661131085,11.178759768605232,0.9137447476387024,0.5169350951910019,0.9845432578910073,4.0,0.0,0.1323888897895813,0.04101341962814331,0.033097222447395325,0.9806298211465898
classical_musicnet_2243__300s,classical_musicnet_2243,classical,discovery,300.0,acoustic_novelty_delay,24,2.932984067999103,10.159634947776794,0.8732691407203674,0.557586282491684,0.9812096959391214,4.0,0.0,0.10913220047950745,0.059689104557037354,0.02728305011987686,0.8339731227235252
classical_musicnet_2243__300s,classical_musicnet_2243,classical,discovery,300.0,rhythm,24,2.5404547356706564,12.126639530062675,1.6236010789871216,0.5961838662624359,0.9673140723556647,5.0,1.0,0.2906387746334076,0.10099613666534424,0.05812775492668152,0.8831925790813909
classical_musicnet_2244__180s,classical_musicnet_2244,classical,discovery,180.0,acoustic_novelty_delay,24,2.6776435688231146,10.989926874637604,0.8754692077636719,0.6372240483760834,0.97300118428867,11.0,2.0,0.4467780292034149,0.17456835508346558,0.04061618447303772,0.6504480577452937
classical_musicnet_2244__180s,classical_musicnet_2244,classical,discovery,180.0,rhythm,24,1.3896519179210856,13.669028371572495,1.5028575658798218,0.6546148359775543,0.9667282741356502,6.0,0.0,0.19412845373153687,0.0864209532737732,0.03235474228858948,0.7953035142872739
classical_musicnet_2244__300s,classical_musicnet_2244,classical,discovery,300.0,acoustic_novelty_delay,24,2.345269346457691,11.877938404679298,1.5629020929336548,0.5911057889461517,0.94322009332362,4.0,2.0,0.36532092094421387,0.1582556962966919,0.09133023023605347,0.8290605608804719
classical_musicnet_2244__300s,classical_musicnet_2244,classical,discovery,300.0,rhythm,24,1.7487338524323572,14.454744964838028,3.0039565563201904,0.5598607063293457,0.9265632126442019,6.0,1.0,0.28792405128479004,0.14446187019348145,0.04798734188079834,0.7217257966926598
classical_musicnet_2247__180s,classical_musicnet_2247,classical,discovery,180.0,acoustic_novelty_delay,24,2.1485196669379794,12.450619578361511,2.0624825954437256,0.5363982915878296,0.9508803604572146,6.0,1.0,0.27437520027160645,0.12798601388931274,0.04572920004526774,0.8039052860920569
classical_musicnet_2247__180s,classical_musicnet_2247,classical,discovery,180.0,rhythm,24,1.7877974533562848,11.374251399189234,3.7945101261138916,0.45455601811408997,0.8167464553176598,4.0,0.0,0.08844473958015442,0.0277327299118042,0.022111184895038605,0.9791093232751628
classical_musicnet_2247__300s,classical_musicnet_2247,classical,discovery,300.0,acoustic_novelty_delay,24,2.1485196669379794,12.450619578361511,2.0624825954437256,0.5363982915878296,0.9508803604572146,6.0,1.0,0.27437520027160645,0.12798601388931274,0.04572920004526774,0.8039052860920569
classical_musicnet_2247__300s,classical_musicnet_2247,classical,discovery,300.0,rhythm,24,1.7877974533562848,11.374251399189234,3.7945101261138916,0.45455601811408997,0.8167464553176598,4.0,0.0,0.08844473958015442,0.0277327299118042,0.022111184895038605,0.9791093232751628
classical_musicnet_2248__180s,classical_musicnet_2248,classical,discovery,180.0,acoustic_novelty_delay,24,2.179646549796405,12.932652026414871,2.249983787536621,0.5808893740177155,0.9509102758424998,4.0,1.0,0.3195684850215912,0.12216132879257202,0.0798921212553978,0.8890044341198534
classical_musicnet_2248__180s,classical_musicnet_2248,classical,discovery,180.0,rhythm,24,2.626331903676554,11.761486366391182,2.01765513420105,0.6598261594772339,0.8894886312893158,2.0,0.0,0.04787898063659668,0.04371953010559082,0.02393949031829834,0.42594950344809396
classical_musicnet_2248__300s,classical_musicnet_2248,classical,discovery,300.0,acoustic_novelty_delay,24,2.179646549796405,12.932652026414871,2.249983787536621,0.5808893740177155,0.9509102758424998,4.0,1.0,0.3195684850215912,0.12216132879257202,0.0798921212553978,0.8890044341198534
classical_musicnet_2248__300s,classical_musicnet_2248,classical,discovery,300.0,rhythm,24,2.626331903676554,11.761486366391182,2.01765513420105,0.6598261594772339,0.8894886312893158,2.0,0.0,0.04787898063659668,0.04371953010559082,0.02393949031829834,0.42594950344809396
classical_musicnet_2282__180s,classical_musicnet_2282,classical,discovery,180.0,acoustic_novelty_delay,24,2.693309294264388,10.817636728286743,0.9042946100234985,0.579643964767456,0.9720281765379146,4.0,2.0,0.37925097346305847,0.16768693923950195,0.09481274336576462,0.8630859815548241
classical_musicnet_2282__180s,classical_musicnet_2282,classical,discovery,180.0,rhythm,24,4.380563934618767,9.231689810752869,0.6908385157585144,0.4976233094930649,0.9643385591550898,2.0,1.0,0.17241287231445312,0.12383502721786499,0.08620643615722656,0.8578284227883515
classical_musicnet_2282__300s,classical_musicnet_2282,classical,discovery,300.0,acoustic_novelty_delay,24,2.7770166874323507,10.139791265130043,0.8833826184272766,0.5086614489555359,0.9741217990859387,3.0,0.0,0.14790654182434082,0.08407819271087646,0.04930218060811361,0.7583131920059161
classical_musicnet_2282__300s,classical_musicnet_2282,classical,discovery,300.0,rhythm,24,4.755310615297159,11.075930751860142,0.8174362182617188,0.5798200368881226,0.9778607927429736,7.0,1.0,0.4539639949798584,0.14478832483291626,0.06485199928283691,0.8701446738437504
classical_musicnet_2283__180s,classical_musicnet_2283,classical,discovery,180.0,acoustic_novelty_delay,24,2.4055815505124256,11.2720927298069,0.9265531897544861,0.6542106568813324,0.973480226671758,6.0,0.0,0.12758389115333557,0.0470464825630188,0.021263981858889263,0.8780376320950019
classical_musicnet_2283__180s,classical_musicnet_2283,classical,discovery,180.0,rhythm,24,2.075780754308629,11.422632396221161,1.3669124841690063,0.5060263276100159,0.9564810477237377,5.0,1.0,0.2665887176990509,0.17517033219337463,0.05331774353981018,0.6271971792937407
classical_musicnet_2283__300s,classical_musicnet_2283,classical,discovery,300.0,acoustic_novelty_delay,24,2.244519949781914,13.89339566230774,3.0354223251342773,0.6546487510204315,0.9186129580812867,4.0,2.0,0.314606249332428,0.11818891763687134,0.078651562333107,0.9178047037508819
classical_musicnet_2283__300s,classical_musicnet_2283,classical,discovery,300.0,rhythm,24,2.539650532318305,13.246112734079361,1.7432341575622559,0.6931433379650116,0.9295212620209566,4.0,0.0,0.10672670602798462,0.049382567405700684,0.026681676506996155,0.8415855027252448
classical_musicnet_2284__180s,classical_musicnet_2284,classical,discovery,180.0,acoustic_novelty_delay,24,2.3902940960382253,11.836171865463257,1.1959874629974365,0.5818670094013214,0.9701835917150143,5.0,1.0,0.2835087478160858,0.13024574518203735,0.05670174956321716,0.848635680783753
classical_musicnet_2284__180s,classical_musicnet_2284,classical,discovery,180.0,rhythm,24,3.5031532614289524,10.302207335829735,0.7296618223190308,0.5472331643104553,0.9808628013845925,6.0,1.0,0.3680986762046814,0.1560421884059906,0.0613497793674469,0.80744828068727
classical_musicnet_2284__300s,classical_musicnet_2284,classical,discovery,300.0,acoustic_novelty_delay,24,2.57545049580278,11.54685989022255,1.9681729078292847,0.5344899594783783,0.9410854985286162,5.0,2.0,0.5392889976501465,0.2534182667732239,0.1078577995300293,0.855250574045724
classical_musicnet_2284__300s,classical_musicnet_2284,classical,discovery,300.0,rhythm,24,3.581654178533,11.966076418757439,1.2219727039337158,0.6151520013809204,0.9667705842926053,3.0,0.0,0.09235036373138428,0.05377662181854248,0.030783454577128094,0.842679885294161
classical_musicnet_2285__180s,classical_musicnet_2285,classical,discovery,180.0,acoustic_novelty_delay,24,2.388507173457998,11.013766095042229,1.8707417249679565,0.5308332145214081,0.9470815371127751,5.0,0.0,0.19014203548431396,0.07145029306411743,0.038028407096862796,0.8144176145394719
classical_musicnet_2285__180s,classical_musicnet_2285,classical,discovery,180.0,rhythm,24,2.0040442316185483,9.66845615208149,1.0332036018371582,0.4588531106710434,0.9770320501720885,4.0,2.0,0.28717032074928284,0.14071238040924072,0.07179258018732071,0.7090945647693938
classical_musicnet_2285__300s,classical_musicnet_2285,classical,discovery,300.0,acoustic_novelty_delay,24,2.117641844293829,12.792138665914536,2.650517463684082,0.5869574546813965,0.9135870734428351,4.0,1.0,0.29630154371261597,0.11619997024536133,0.07407538592815399,0.896660218052822
classical_musicnet_2285__300s,classical_musicnet_2285,classical,discovery,300.0,rhythm,24,2.663481595589964,12.621051698923111,1.4836519956588745,0.6292111277580261,0.9489824705544921,6.0,0.0,0.1363404393196106,0.04335528612136841,0.022723406553268433,0.8385802597901342
classical_musicnet_2288__180s,classical_musicnet_2288,classical,discovery,180.0,acoustic_novelty_delay,24,2.4155402556492325,11.064048543572426,1.322768211364746,0.5857218205928802,0.9535446979027915,3.0,0.0,0.02645087242126465,0.014249622821807861,0.008816957473754883,0.9121849622788275
classical_musicnet_2288__180s,classical_musicnet_2288,classical,discovery,180.0,rhythm,24,2.7115694552964387,11.287227466702461,0.8732555508613586,0.5593231916427612,0.9855571869202135,4.0,1.0,0.24613839387893677,0.11234122514724731,0.06153459846973419,0.8358500734162312
classical_musicnet_2288__300s,classical_musicnet_2288,classical,discovery,300.0,acoustic_novelty_delay,24,2.8888597538265812,11.364442214369774,1.2032986879348755,0.5471660196781158,0.9582312788270071,2.0,1.0,0.1571366786956787,0.1389206051826477,0.07856833934783936,0.5175329182981973
classical_musicnet_2288__300s,classical_musicnet_2288,classical,discovery,300.0,rhythm,24,2.6152343384077987,11.920136883854866,1.493218183517456,0.5983106791973114,0.9605746503440644,5.0,1.0,0.2493848204612732,0.11409062147140503,0.04987696409225464,0.7379010659515377
classical_musicnet_2289__180s,classical_musicnet_2289,classical,discovery,180.0,acoustic_novelty_delay,24,2.364255106170238,12.07688893377781,0.9982175230979919,0.6558738946914673,0.9753466000470575,4.0,2.0,0.4391288161277771,0.15323787927627563,0.10978220403194427,0.945060703692617
classical_musicnet_2289__180s,classical_musicnet_2289,classical,discovery,180.0,rhythm,24,2.5269101421360145,11.619067445397377,0.9614163041114807,0.6810334324836731,0.9704022885537019,7.0,1.0,0.2821122705936432,0.10287755727767944,0.04030175294194903,0.7922927993538241
classical_musicnet_2289__300s,classical_musicnet_2289,classical,discovery,300.0,acoustic_novelty_delay,24,2.4500275707002444,12.028641700744629,1.5691487789154053,0.5745978951454163,0.9712073940805266,4.0,0.0,0.14676865935325623,0.08593711256980896,0.036692164838314056,0.7614400345695995
classical_musicnet_2289__300s,classical_musicnet_2289,classical,discovery,300.0,rhythm,24,2.287931579523206,14.426367208361626,2.666266441345215,0.5702520608901978,0.9003644918737314,5.0,1.0,0.21379899978637695,0.12674307823181152,0.04275979995727539,0.6961818656751597
classical_musicnet_2292__180s,classical_musicnet_2292,classical,discovery,180.0,acoustic_novelty_delay,24,2.5064338430280877,11.49524500966072,1.8906370401382446,0.5289925932884216,0.9531230290392204,5.0,1.0,0.21281084418296814,0.11356884241104126,0.042562168836593625,0.743898983067548
classical_musicnet_2292__180s,classical_musicnet_2292,classical,discovery,180.0,rhythm,24,2.0542886706989485,11.662851722911,2.163527727127075,0.4446951001882553,0.8699101460129759,5.0,0.0,0.14971056580543518,0.05172094702720642,0.029942113161087035,0.8989754106284409
classical_musicnet_2292__300s,classical_musicnet_2292,classical,discovery,300.0,acoustic_novelty_delay,24,2.5064338430280877,11.49524500966072,1.8906370401382446,0.5289925932884216,0.9531230290392204,5.0,1.0,0.21281084418296814,0.11356884241104126,0.042562168836593625,0.743898983067548
classical_musicnet_2292__300s,classical_musicnet_2292,classical,discovery,300.0,rhythm,24,2.0542886706989485,11.662851722911,2.163527727127075,0.4446951001882553,0.8699101460129759,5.0,0.0,0.14971056580543518,0.05172094702720642,0.029942113161087035,0.8989754106284409
classical_musicnet_2293__180s,classical_musicnet_2293,classical,discovery,180.0,acoustic_novelty_delay,24,2.3143220654081214,11.630127266049385,1.153728723526001,0.5814280807971954,0.9651948994433421,3.0,0.0,0.1622595191001892,0.06858789920806885,0.054086506366729736,0.9271520517261131
classical_musicnet_2293__180s,classical_musicnet_2293,classical,discovery,180.0,rhythm,24,3.072297504726584,10.290475353598595,1.2253201007843018,0.5959659814834595,0.9250557719493097,1.0,0.0,0.02804243564605713,0.02804243564605713,0.02804243564605713,-2.2204460492503128e-16
classical_musicnet_2293__300s,classical_musicnet_2293,classical,discovery,300.0,acoustic_novelty_delay,24,2.3107272023520213,12.63115668296814,2.2856433391571045,0.5209652483463287,0.944121417070331,6.0,0.0,0.33345872163772583,0.0808335542678833,0.055576453606287636,0.9315550947924705
classical_musicnet_2293__300s,classical_musicnet_2293,classical,discovery,300.0,rhythm,24,2.952773796104567,9.999558232724667,0.887001633644104,0.5338746011257172,0.9646142171917582,2.0,1.0,0.21447724103927612,0.1559874415397644,0.10723862051963806,0.8453245877263786
classical_musicnet_2294__180s,classical_musicnet_2294,classical,discovery,180.0,acoustic_novelty_delay,24,2.6946228822173173,11.35216511785984,1.0767897367477417,0.5279190838336945,0.9802092552623854,4.0,0.0,0.22502684593200684,0.09819400310516357,0.05625671148300171,0.8859665141178995
classical_musicnet_2294__180s,classical_musicnet_2294,classical,discovery,180.0,rhythm,24,2.445163640391012,12.381793066859245,1.1089282035827637,0.6172509789466858,0.9796357878923013,8.0,2.0,0.558030903339386,0.12849247455596924,0.06975386291742325,0.9091920908043144
classical_musicnet_2294__300s,classical_musicnet_2294,classical,discovery,300.0,acoustic_novelty_delay,24,2.373964487737411,12.848258092999458,2.16184401512146,0.6075016856193542,0.9524157275310725,5.0,0.0,0.20056074857711792,0.09128570556640625,0.04011214971542358,0.8027918629539263
classical_musicnet_2294__300s,classical_musicnet_2294,classical,discovery,300.0,rhythm,24,2.946205065867032,11.754037097096443,1.2701852321624756,0.6420470476150513,0.9467567025948479,5.0,1.0,0.3034401535987854,0.16132962703704834,0.06068803071975708,0.8027961725841215
classical_musicnet_2295__180s,classical_musicnet_2295,classical,discovery,180.0,acoustic_novelty_delay,24,2.276260812339723,11.220752403140068,0.9618778824806213,0.6523051857948303,0.9724704825901378,5.0,1.0,0.27768364548683167,0.14332890510559082,0.05553672909736633,0.6923375288662761
classical_musicnet_2295__180s,classical_musicnet_2295,classical,discovery,180.0,rhythm,24,2.46316754828751,10.86671556532383,0.9950311183929443,0.7046257555484772,0.954446390287651,2.0,1.0,0.21162045001983643,0.13425183296203613,0.10581022500991821,0.9472343239112019
classical_musicnet_2295__300s,classical_musicnet_2295,classical,discovery,300.0,acoustic_novelty_delay,24,2.4490430482562324,12.607655949890614,1.7355858087539673,0.6203300058841705,0.9400112039522089,5.0,2.0,0.3289632797241211,0.13065123558044434,0.06579265594482422,0.8530468341640652
classical_musicnet_2295__300s,classical_musicnet_2295,classical,discovery,300.0,rhythm,24,2.577271968569093,12.06401452422142,1.7254263162612915,0.5395711660385132,0.9607255639128568,4.0,0.0,0.22127825021743774,0.08277451992034912,0.055319562554359436,0.965597140608121
classical_musicnet_2296__180s,classical_musicnet_2296,classical,discovery,180.0,acoustic_novelty_delay,24,2.8452568757639685,10.777244552969933,0.9207272529602051,0.6188470423221588,0.971075061791318,7.0,1.0,0.46388745307922363,0.10280346870422363,0.0662696361541748,0.9505957909539924
classical_musicnet_2296__180s,classical_musicnet_2296,classical,discovery,180.0,rhythm,24,2.5537856026339245,10.422576278448105,0.9087179899215698,0.5227589011192322,0.9700181798044457,4.0,0.0,0.07847855985164642,0.04349452257156372,0.019619639962911606,0.738900417158686
classical_musicnet_2296__300s,classical_musicnet_2296,classical,discovery,300.0,acoustic_novelty_delay,24,2.5389950688632954,11.126030534505844,1.0850306749343872,0.5822263360023499,0.9793231643130866,3.0,2.0,0.3633430004119873,0.15680670738220215,0.12111433347066243,0.9468806989880589
classical_musicnet_2296__300s,classical_musicnet_2296,classical,discovery,300.0,rhythm,24,3.796767120633562,10.173434510827065,1.147365927696228,0.4866390526294708,0.9625051452307638,2.0,0.0,0.03425896167755127,0.03321272134780884,0.017129480838775635,0.19708861485295665
classical_musicnet_2297__180s,classical_musicnet_2297,classical,discovery,180.0,acoustic_novelty_delay,24,2.4110383942625377,10.722688049077988,1.0431267023086548,0.57485231757164,0.967130183822344,5.0,0.0,0.1924627423286438,0.06988072395324707,0.03849254846572876,0.8562284027013912
classical_musicnet_2297__180s,classical_musicnet_2297,classical,discovery,180.0,rhythm,24,3.2774072760207575,10.649732306599617,0.9793772101402283,0.6109207272529602,0.9660721416806305,3.0,0.0,0.09457588195800781,0.05070781707763672,0.0315252939860026,0.8676076058472336
classical_musicnet_2297__300s,classical_musicnet_2297,classical,discovery,300.0,acoustic_novelty_delay,24,2.384955359607651,11.231277137994766,0.7577717900276184,0.5656494200229645,0.9900182277992987,6.0,0.0,0.23689591884613037,0.08480978012084961,0.03948265314102173,0.8720353940933762
classical_musicnet_2297__300s,classical_musicnet_2297,classical,discovery,300.0,rhythm,24,2.8740789006467833,10.218257460277528,1.209510087966919,0.6539871692657471,0.9228388497468684,2.0,0.0,0.08310672640800476,0.06172284483909607,0.04155336320400238,0.8226542269535468
classical_musicnet_2298__180s,classical_musicnet_2298,classical,discovery,180.0,acoustic_novelty_delay,24,2.40816267423794,13.300685971975327,2.267535448074341,0.575881153345108,0.9432351793574261,7.0,1.0,0.318464994430542,0.1394067406654358,0.04549499920436314,0.8057985711828292
classical_musicnet_2298__180s,classical_musicnet_2298,classical,discovery,180.0,rhythm,24,3.0692124365078253,11.965113759040833,1.7232986688613892,0.5353192389011383,0.9539993970177486,5.0,0.0,0.16631442308425903,0.04223591089248657,0.033262884616851805,0.9712070238585542
classical_musicnet_2298__300s,classical_musicnet_2298,classical,discovery,300.0,acoustic_novelty_delay,24,2.40816267423794,13.300685971975327,2.267535448074341,0.575881153345108,0.9432351793574261,7.0,1.0,0.318464994430542,0.1394067406654358,0.04549499920436314,0.8057985711828292
classical_musicnet_2298__300s,classical_musicnet_2298,classical,discovery,300.0,rhythm,24,3.0692124365078253,11.965113759040833,1.7232986688613892,0.5353192389011383,0.9539993970177486,5.0,0.0,0.16631442308425903,0.04223591089248657,0.033262884616851805,0.9712070238585542
classical_musicnet_2300__180s,classical_musicnet_2300,classical,discovery,180.0,acoustic_novelty_delay,24,2.1386788885062114,12.993673354387283,1.9791680574417114,0.606573611497879,0.9251753864990331,3.0,0.0,0.14076149463653564,0.0724562406539917,0.04692049821217855,0.667684578620516
classical_musicnet_2300__180s,classical_musicnet_2300,classical,discovery,180.0,rhythm,24,2.435630496498298,10.412039436399937,0.871731162071228,0.6319731771945953,0.9592407093448168,4.0,2.0,0.3127429187297821,0.1051604151725769,0.07818572968244553,0.9547872706635225
classical_musicnet_2300__300s,classical_musicnet_2300,classical,discovery,300.0,acoustic_novelty_delay,24,2.5735040726129865,11.858941122889519,1.1125133037567139,0.593561440706253,0.9691463720384126,6.0,0.0,0.27708256244659424,0.07937318086624146,0.04618042707443237,0.8862005469047198
classical_musicnet_2300__300s,classical_musicnet_2300,classical,discovery,300.0,rhythm,24,3.0196183946269306,9.63302450813353,1.1931918859481812,0.5375223457813263,0.9470484796842531,4.0,1.0,0.2778266668319702,0.16390162706375122,0.06945666670799255,0.754792869320818
classical_musicnet_2302__180s,classical_musicnet_2302,classical,discovery,180.0,acoustic_novelty_delay,24,2.100140450383538,14.252544641494751,3.543745517730713,0.5770359933376312,0.9018781953364542,5.0,0.0,0.11941277980804443,0.045381784439086914,0.023882555961608886,0.7202249083890212
classical_musicnet_2302__180s,classical_musicnet_2302,classical,discovery,180.0,rhythm,24,2.4420554299404564,13.644326880574226,2.841501235961914,0.5776560008525848,0.9009906915332233,4.0,0.0,0.20876502990722656,0.07371735572814941,0.05219125747680664,0.8769152104363823
classical_musicnet_2302__300s,classical_musicnet_2302,classical,discovery,300.0,acoustic_novelty_delay,24,2.100140450383538,14.252544641494751,3.543745517730713,0.5770359933376312,0.9018781953364542,5.0,0.0,0.11941277980804443,0.045381784439086914,0.023882555961608886,0.7202249083890212
classical_musicnet_2302__300s,classical_musicnet_2302,classical,discovery,300.0,rhythm,24,2.4420554299404564,13.644326880574226,2.841501235961914,0.5776560008525848,0.9009906915332233,4.0,0.0,0.20876502990722656,0.07371735572814941,0.05219125747680664,0.8769152104363823
classical_musicnet_2303__180s,classical_musicnet_2303,classical,discovery,180.0,acoustic_novelty_delay,24,2.325005638736709,11.125916242599487,1.1902004480361938,0.5748163461685181,0.9590168001649108,5.0,0.0,0.12598338723182678,0.04801344871520996,0.025196677446365355,0.9136146378043493
classical_musicnet_2303__180s,classical_musicnet_2303,classical,discovery,180.0,rhythm,24,2.2863871689000046,10.830718196928501,2.8203065395355225,0.39413513243198395,0.8432349768506818,3.0,0.0,0.061303168535232544,0.04286426305770874,0.020434389511744182,0.6190587266175964
classical_musicnet_2303__300s,classical_musicnet_2303,classical,discovery,300.0,acoustic_novelty_delay,24,2.325005638736709,11.125916242599487,1.1902004480361938,0.5748163461685181,0.9590168001649108,5.0,0.0,0.12598338723182678,0.04801344871520996,0.025196677446365355,0.9136146378043493
classical_musicnet_2303__300s,classical_musicnet_2303,classical,discovery,300.0,rhythm,24,2.2863871689000046,10.830718196928501,2.8203065395355225,0.39413513243198395,0.8432349768506818,3.0,0.0,0.061303168535232544,0.04286426305770874,0.020434389511744182,0.6190587266175964
classical_musicnet_2304__180s,classical_musicnet_2304,classical,discovery,180.0,acoustic_novelty_delay,24,2.649458393974526,10.932474374771118,0.7656679153442383,0.5647075176239014,0.9868607419948191,5.0,3.0,0.5597526431083679,0.2616906762123108,0.11195052862167358,0.6901224902313179
classical_musicnet_2304__180s,classical_musicnet_2304,classical,discovery,180.0,rhythm,24,2.3267165646569286,10.724067211151123,1.6384608745574951,0.5008581131696701,0.890831633849098,6.0,0.0,0.11898341774940491,0.08975398540496826,0.019830569624900818,0.48349520623585074
classical_musicnet_2304__300s,classical_musicnet_2304,classical,discovery,300.0,acoustic_novelty_delay,24,2.259504946877245,11.590012967586517,1.1591765880584717,0.5397033393383026,0.9667395385219051,6.0,2.0,0.47375547885894775,0.1394493579864502,0.07895924647649129,0.8961150450956318
classical_musicnet_2304__300s,classical_musicnet_2304,classical,discovery,300.0,rhythm,24,2.3840733146671864,8.928798042237759,1.5754657983779907,0.49123433232307434,0.90687408097679,2.0,0.0,0.13755512237548828,0.09088897705078125,0.06877756118774414,0.9241031833509621
classical_musicnet_2305__180s,classical_musicnet_2305,classical,discovery,180.0,acoustic_novelty_delay,24,1.711885921461734,14.262788243591785,3.9836418628692627,0.6121629178524017,0.8653545642843633,3.0,0.0,0.09895059466362,0.08925896883010864,0.03298353155454,0.3434394420078448
classical_musicnet_2305__180s,classical_musicnet_2305,classical,discovery,180.0,rhythm,24,2.733145831023653,7.622934630140662,1.2193366289138794,0.37857791781425476,0.8875858034965277,3.0,0.0,0.053447023034095764,0.030205488204956055,0.01781567434469859,0.8730608815651141
classical_musicnet_2305__300s,classical_musicnet_2305,classical,discovery,300.0,acoustic_novelty_delay,24,1.711885921461734,14.262788243591785,3.9836418628692627,0.6121629178524017,0.8653545642843633,3.0,0.0,0.09895059466362,0.08925896883010864,0.03298353155454,0.3434394420078448
classical_musicnet_2305__300s,classical_musicnet_2305,classical,discovery,300.0,rhythm,24,2.733145831023653,7.622934630140662,1.2193366289138794,0.37857791781425476,0.8875858034965277,3.0,0.0,0.053447023034095764,0.030205488204956055,0.01781567434469859,0.8730608815651141
classical_musicnet_2307__180s,classical_musicnet_2307,classical,discovery,180.0,acoustic_novelty_delay,24,2.7396655865183974,11.193384528160095,0.968762218952179,0.5954565405845642,0.9733918329317905,6.0,1.0,0.39741355180740356,0.12808012962341309,0.06623559196790059,0.9162408114666779
classical_musicnet_2307__180s,classical_musicnet_2307,classical,discovery,180.0,rhythm,24,3.4746141513028355,8.547402791678905,1.076416015625,0.5347146689891815,0.9383321963479923,3.0,0.0,0.09917998313903809,0.06418246030807495,0.03305999437967936,0.6580398608621003
classical_musicnet_2307__300s,classical_musicnet_2307,classical,discovery,300.0,acoustic_novelty_delay,24,2.7396655865183974,11.193384528160095,0.968762218952179,0.5954565405845642,0.9733918329317905,6.0,1.0,0.39741355180740356,0.12808012962341309,0.06623559196790059,0.9162408114666779
classical_musicnet_2307__300s,classical_musicnet_2307,classical,discovery,300.0,rhythm,24,3.4746141513028355,8.547402791678905,1.076416015625,0.5347146689891815,0.9383321963479923,3.0,0.0,0.09917998313903809,0.06418246030807495,0.03305999437967936,0.6580398608621003
classical_musicnet_2308__180s,classical_musicnet_2308,classical,discovery,180.0,acoustic_novelty_delay,24,2.300501187438358,12.626027882099152,2.3569772243499756,0.609533280134201,0.9427710411494252,6.0,0.0,0.3525562584400177,0.0909949541091919,0.05875937640666962,0.9257004227043194
classical_musicnet_2308__180s,classical_musicnet_2308,classical,discovery,180.0,rhythm,24,2.998096918785069,5.584333784878254,0.9930669069290161,0.25387120246887207,0.8520834582361363,5.0,0.0,0.04213611036539078,0.020734533667564392,0.008427222073078156,0.8249765765562597
classical_musicnet_2308__300s,classical_musicnet_2308,classical,discovery,300.0,acoustic_novelty_delay,24,2.300501187438358,12.626027882099152,2.3569772243499756,0.609533280134201,0.9427710411494252,6.0,0.0,0.3525562584400177,0.0909949541091919,0.05875937640666962,0.9257004227043194
classical_musicnet_2308__300s,classical_musicnet_2308,classical,discovery,300.0,rhythm,24,2.998096918785069,5.584333784878254,0.9930669069290161,0.25387120246887207,0.8520834582361363,5.0,0.0,0.04213611036539078,0.020734533667564392,0.008427222073078156,0.8249765765562597
classical_musicnet_2310__180s,classical_musicnet_2310,classical,discovery,180.0,acoustic_novelty_delay,24,1.4670433513042447,17.280271112918854,4.504936695098877,0.5925327241420746,0.866381759561533,9.0,3.0,0.5523503422737122,0.15603530406951904,0.06137226025263468,0.812145060705335
classical_musicnet_2310__180s,classical_musicnet_2310,classical,discovery,180.0,rhythm,24,2.128409111069841,11.711359895765781,2.709146022796631,0.5621138215065002,0.8915991780444866,4.0,0.0,0.13696816563606262,0.08715996146202087,0.034242041409015656,0.7077207264709703
classical_musicnet_2310__300s,classical_musicnet_2310,classical,discovery,300.0,acoustic_novelty_delay,24,1.4670433513042447,17.280271112918854,4.504936695098877,0.5925327241420746,0.866381759561533,9.0,3.0,0.5523503422737122,0.15603530406951904,0.06137226025263468,0.812145060705335
classical_musicnet_2310__300s,classical_musicnet_2310,classical,discovery,300.0,rhythm,24,2.128409111069841,11.711359895765781,2.709146022796631,0.5621138215065002,0.8915991780444866,4.0,0.0,0.13696816563606262,0.08715996146202087,0.034242041409015656,0.7077207264709703
classical_musicnet_2313__180s,classical_musicnet_2313,classical,discovery,180.0,acoustic_novelty_delay,24,2.7587072113619326,11.39602279663086,1.7967116832733154,0.5303661823272705,0.9437471209808559,5.0,1.0,0.21904733777046204,0.1176268458366394,0.04380946755409241,0.7929120374125823
classical_musicnet_2313__180s,classical_musicnet_2313,classical,discovery,180.0,rhythm,24,3.98366746390903,9.672278746962547,0.9167506098747253,0.4964760094881058,0.9649464326936639,2.0,0.0,0.023205816745758057,0.020261049270629883,0.011602908372879028,0.5488686360392754
classical_musicnet_2313__300s,classical_musicnet_2313,classical,discovery,300.0,acoustic_novelty_delay,24,2.376748258350308,12.109400913119316,1.2983289957046509,0.6412633061408997,0.9504210743660857,7.0,2.0,0.3973260521888733,0.14333218336105347,0.05676086459841047,0.7612362943620655
classical_musicnet_2313__300s,classical_musicnet_2313,classical,discovery,300.0,rhythm,24,3.3823817817349857,11.576778270304203,1.1805449724197388,0.5873860120773315,0.9526006445835619,3.0,0.0,0.12153026461601257,0.05748194456100464,0.040510088205337524,0.9137846781366141
classical_musicnet_2314__180s,classical_musicnet_2314,classical,discovery,180.0,acoustic_novelty_delay,24,2.4566285519909887,10.900462374091148,0.9919270277023315,0.560493528842926,0.9723649193541434,4.0,2.0,0.37360069155693054,0.12723612785339355,0.09340017288923264,0.9246478664449597
classical_musicnet_2314__180s,classical_musicnet_2314,classical,discovery,180.0,rhythm,24,2.881975758141429,11.674060329794884,1.054782748222351,0.6525856554508209,0.9734378637401727,4.0,0.0,0.1847139596939087,0.07114559412002563,0.04617848992347717,0.8395493015918313
classical_musicnet_2314__300s,classical_musicnet_2314,classical,discovery,300.0,acoustic_novelty_delay,24,2.3771343675918883,10.56522136926651,1.1230547428131104,0.48956575989723206,0.9712456435651131,3.0,1.0,0.20689010620117188,0.1337708830833435,0.06896336873372395,0.7972933350269243
classical_musicnet_2314__300s,classical_musicnet_2314,classical,discovery,300.0,rhythm,24,3.1104090569391536,11.050674721598625,1.209886908531189,0.6063106954097748,0.9683289513640977,7.0,0.0,0.11955523490905762,0.03300511837005615,0.017079319272722517,0.8706586354426487
classical_musicnet_2315__180s,classical_musicnet_2315,classical,discovery,180.0,acoustic_novelty_delay,24,2.139932041396378,13.574762061238289,2.106686592102051,0.5790388286113739,0.9479750846336547,7.0,0.0,0.28171437978744507,0.08287930488586426,0.04024491139820644,0.9067494863433209
classical_musicnet_2315__180s,classical_musicnet_2315,classical,discovery,180.0,rhythm,24,3.9908262128181846,8.885552980005741,0.9218703508377075,0.4800417721271515,0.9558403889557378,1.0,0.0,0.015872597694396973,0.015872597694396973,0.015872597694396973,-2.2204460492503128e-16
classical_musicnet_2315__300s,classical_musicnet_2315,classical,discovery,300.0,acoustic_novelty_delay,24,2.0661123764229856,11.986446678638458,1.0061419010162354,0.5955059230327606,0.9787101945435518,9.0,1.0,0.44530099630355835,0.11643385887145996,0.04947788847817315,0.8936317238814658
classical_musicnet_2315__300s,classical_musicnet_2315,classical,discovery,300.0,rhythm,24,3.1513740454908588,10.30609880387783,0.9503965377807617,0.6626192927360535,0.9328097735589174,4.0,1.0,0.26364848017692566,0.2151152491569519,0.06591212004423141,0.42664308646966537
classical_musicnet_2325__180s,classical_musicnet_2325,classical,discovery,180.0,acoustic_novelty_delay,24,2.034847678938657,13.164044171571732,1.8942837715148926,0.6050998270511627,0.9258030832168143,4.0,0.0,0.13884299993515015,0.051779597997665405,0.03471074998378754,0.9682043398913414
classical_musicnet_2325__180s,classical_musicnet_2325,classical,discovery,180.0,rhythm,24,2.7581666782414143,11.219953924417496,1.0083578824996948,0.5823994576931,0.9785190068257769,6.0,1.0,0.33512142300605774,0.11875665187835693,0.05585357050100962,0.8680730199978677
classical_musicnet_2325__300s,classical_musicnet_2325,classical,discovery,300.0,acoustic_novelty_delay,24,1.9220370355147804,11.36639754474163,1.299474835395813,0.5475174188613892,0.9631384798711783,4.0,1.0,0.2753896713256836,0.20597028732299805,0.0688474178314209,0.5347345458587612
classical_musicnet_2325__300s,classical_musicnet_2325,classical,discovery,300.0,rhythm,24,3.3445741961078914,10.937686666846275,1.1319451332092285,0.5728721618652344,0.9768823059681806,3.0,2.0,0.36638063192367554,0.19463831186294556,0.12212687730789185,0.9093638851706028
classical_musicnet_2335__180s,classical_musicnet_2335,classical,discovery,180.0,acoustic_novelty_delay,24,2.7323746751512656,11.64597000181675,0.8456160426139832,0.6120685040950775,0.9812864062876356,6.0,1.0,0.33144575357437134,0.12273567914962769,0.05524095892906189,0.8883509642415445
classical_musicnet_2335__180s,classical_musicnet_2335,classical,discovery,180.0,rhythm,24,2.86771942259111,11.41374896466732,1.622532844543457,0.5497322678565979,0.9646145584061119,3.0,0.0,0.18809053301811218,0.07863473892211914,0.06269684433937073,0.9833463078679939
classical_musicnet_2335__300s,classical_musicnet_2335,classical,discovery,300.0,acoustic_novelty_delay,24,2.68314198900703,10.434864565730095,0.6819815635681152,0.5880986452102661,0.982120498120815,8.0,1.0,0.282802551984787,0.12167584896087646,0.03535031899809837,0.6602580407175946
classical_musicnet_2335__300s,classical_musicnet_2335,classical,discovery,300.0,rhythm,24,2.5248734136888595,12.338746890425682,1.3333287239074707,0.6165019273757935,0.972483016821269,5.0,2.0,0.37282243371009827,0.16617774963378906,0.07456448674201965,0.8009941725337321
classical_musicnet_2336__180s,classical_musicnet_2336,classical,discovery,180.0,acoustic_novelty_delay,24,2.690369546857149,11.662118881940842,1.008054494857788,0.5524490177631378,0.9691256725376491,4.0,1.0,0.38451242446899414,0.11306720972061157,0.09612810611724854,0.9963083823825392
classical_musicnet_2336__180s,classical_musicnet_2336,classical,discovery,180.0,rhythm,24,3.050492717349243,12.215439200401306,1.2629616260528564,0.6601798236370087,0.9687647282275273,1.0,0.0,0.04799121618270874,0.04799121618270874,0.04799121618270874,-2.2204460492503128e-16
classical_musicnet_2336__300s,classical_musicnet_2336,classical,discovery,300.0,acoustic_novelty_delay,24,2.3058340256254266,12.169957414269447,1.4810340404510498,0.6373617351055145,0.9439351618866275,2.0,0.0,0.027659982442855835,0.025086253881454468,0.013829991221427917,0.4465653102136332
classical_musicnet_2336__300s,classical_musicnet_2336,classical,discovery,300.0,rhythm,24,3.1322314948987193,11.334043875336647,1.1952534914016724,0.5995156168937683,0.9748327863681179,4.0,0.0,0.24315506219863892,0.0853307843208313,0.06078876554965973,0.9455780445902872
classical_musicnet_2341__180s,classical_musicnet_2341,classical,discovery,180.0,acoustic_novelty_delay,24,2.729389173972738,10.322685897350311,1.0464342832565308,0.5154202580451965,0.976490699146644,5.0,2.0,0.3079192638397217,0.143976628780365,0.061583852767944335,0.638277666128531
classical_musicnet_2341__180s,classical_musicnet_2341,classical,discovery,180.0,rhythm,24,2.4741157529284337,11.90565425157547,1.5654338598251343,0.6145413815975189,0.9543929538052917,1.0,0.0,0.0549299418926239,0.0549299418926239,0.0549299418926239,-2.2204460492503128e-16
classical_musicnet_2341__300s,classical_musicnet_2341,classical,discovery,300.0,acoustic_novelty_delay,24,2.2872614804390277,11.118124082684517,1.070834994316101,0.4664227217435837,0.9681070365274473,4.0,0.0,0.08385348320007324,0.043012917041778564,0.02096337080001831,0.8470668491976575
classical_musicnet_2341__300s,classical_musicnet_2341,classical,discovery,300.0,rhythm,24,2.2990587088891674,11.23477566242218,0.8955205082893372,0.6375089883804321,0.9738761394975408,4.0,1.0,0.16694706678390503,0.10948854684829712,0.04173676669597626,0.7188192600090745
classical_musicnet_2345__180s,classical_musicnet_2345,classical,discovery,180.0,acoustic_novelty_delay,24,2.174260754845868,11.330258071422577,0.8045703172683716,0.648734450340271,0.9799483758855484,4.0,0.0,0.11773175001144409,0.07176768779754639,0.029432937502861023,0.7428752939630189
classical_musicnet_2345__180s,classical_musicnet_2345,classical,discovery,180.0,rhythm,24,3.3542408379718642,11.01854059100151,1.1645272970199585,0.5609635412693024,0.9670085783438309,4.0,0.0,0.09380209445953369,0.06011396646499634,0.023450523614883423,0.6902865864156711
classical_musicnet_2345__300s,classical_musicnet_2345,classical,discovery,300.0,acoustic_novelty_delay,24,2.177569420241381,10.572289362549782,0.9609965085983276,0.543569415807724,0.9667906051977434,3.0,0.0,0.13520610332489014,0.06734973192214966,0.045068701108296715,0.9467316571572396
classical_musicnet_2345__300s,classical_musicnet_2345,classical,discovery,300.0,rhythm,24,2.876834635345187,11.762460440397263,1.013509750366211,0.6098135411739349,0.984298240594806,7.0,1.0,0.34153205156326294,0.10966527462005615,0.04879029308046613,0.7781135988801309
classical_musicnet_2350__180s,classical_musicnet_2350,classical,discovery,180.0,acoustic_novelty_delay,24,2.431063171330064,10.687445551156998,0.9047204852104187,0.5426207482814789,0.9749814219024746,5.0,1.0,0.335226833820343,0.1728021502494812,0.06704536676406861,0.786717647274158
classical_musicnet_2350__180s,classical_musicnet_2350,classical,discovery,180.0,rhythm,24,2.668870604400955,9.123560652136803,2.098776340484619,0.39727063477039337,0.8886095188332387,3.0,0.0,0.11661115288734436,0.05874580144882202,0.038870384295781456,0.8402578100708449
classical_musicnet_2350__300s,classical_musicnet_2350,classical,discovery,300.0,acoustic_novelty_delay,24,1.7747773725061036,15.669306740164757,4.220411777496338,0.576199471950531,0.8610001876985971,5.0,0.0,0.17853307723999023,0.0755876898765564,0.035706615447998045,0.7713656520996224
classical_musicnet_2350__300s,classical_musicnet_2350,classical,discovery,300.0,rhythm,24,3.227067636321901,7.546312479302287,1.10764741897583,0.4106566607952118,0.9144421295501596,1.0,0.0,0.05898994207382202,0.05898994207382202,0.05898994207382202,-2.2204460492503128e-16
classical_musicnet_2359__180s,classical_musicnet_2359,classical,discovery,180.0,acoustic_novelty_delay,24,2.2810090802040914,11.105898447334766,1.2086752653121948,0.5029585659503937,0.9682970419524761,5.0,1.0,0.28116822242736816,0.11889916658401489,0.05623364448547363,0.7338525969522728
classical_musicnet_2359__180s,classical_musicnet_2359,classical,discovery,180.0,rhythm,24,3.143101522057573,10.945355623960495,0.8466906547546387,0.6136742532253265,0.9809016112180057,3.0,1.0,0.15447241067886353,0.10788166522979736,0.05149080355962118,0.7206171022897272
classical_musicnet_2359__300s,classical_musicnet_2359,classical,discovery,300.0,acoustic_novelty_delay,24,2.4908563218234985,11.047275245189667,1.0767735242843628,0.4947545528411865,0.9612520811259143,4.0,1.0,0.22641026973724365,0.1121034026145935,0.05660256743431091,0.8967996213616626
classical_musicnet_2359__300s,classical_musicnet_2359,classical,discovery,300.0,rhythm,24,2.9647222668206012,11.925916694104671,1.22830069065094,0.6829825341701508,0.966236754682642,4.0,0.0,0.08856764435768127,0.04084652662277222,0.02214191108942032,0.838771623989924
classical_musicnet_2364__180s,classical_musicnet_2364,classical,discovery,180.0,acoustic_novelty_delay,24,2.0953900298160115,11.260061755776405,1.4263962507247925,0.5782982409000397,0.9476695946706507,3.0,0.0,0.05396556854248047,0.03480231761932373,0.01798852284749349,0.7778812104545918
classical_musicnet_2364__180s,classical_musicnet_2364,classical,discovery,180.0,rhythm,24,3.4639640876985096,11.908412329852581,1.0774234533309937,0.6677340269088745,0.9575728863140822,3.0,0.0,0.09273213148117065,0.0417630672454834,0.030910710493723553,0.9286436186009966
classical_musicnet_2364__300s,classical_musicnet_2364,classical,discovery,300.0,acoustic_novelty_delay,24,2.0125152595934646,11.384799182415009,1.6674809455871582,0.508884996175766,0.9496812019282973,5.0,1.0,0.3649071753025055,0.12247782945632935,0.0729814350605011,0.8461759192216393
classical_musicnet_2364__300s,classical_musicnet_2364,classical,discovery,300.0,rhythm,24,3.6243191768124454,11.913327932357788,1.2995671033859253,0.5527920722961426,0.9765571336531765,2.0,0.0,0.09254211187362671,0.06240713596343994,0.046271055936813354,0.9104046586882887
classical_musicnet_2371__180s,classical_musicnet_2371,classical,discovery,180.0,acoustic_novelty_delay,24,2.408506635159255,11.953109383583069,1.1791744232177734,0.6007342636585236,0.9686561219303487,8.0,1.0,0.2669753432273865,0.11697971820831299,0.03337191790342331,0.6570720407675543
classical_musicnet_2371__180s,classical_musicnet_2371,classical,discovery,180.0,rhythm,24,3.2884707223520837,10.153660327196121,0.7133548259735107,0.5573071241378784,0.9775079225860375,5.0,0.0,0.14075309038162231,0.04210782051086426,0.028150618076324463,0.9410950592063485
classical_musicnet_2371__300s,classical_musicnet_2371,classical,discovery,300.0,acoustic_novelty_delay,24,2.17516777517808,14.29558178782463,2.677368402481079,0.5570381879806519,0.9213975233900379,6.0,2.0,0.3503260612487793,0.12317723035812378,0.05838767687479655,0.7786085306407968
classical_musicnet_2371__300s,classical_musicnet_2371,classical,discovery,300.0,rhythm,24,2.919831671723804,9.851497799158096,0.966433584690094,0.6185342073440552,0.9428542366336657,6.0,0.0,0.1639246642589569,0.06338804960250854,0.027320777376492817,0.784628914342649
classical_musicnet_2372__180s,classical_musicnet_2372,classical,discovery,180.0,acoustic_novelty_delay,24,2.3099501099884154,12.012973070144653,1.5204968452453613,0.5809430778026581,0.9651739397125128,8.0,2.0,0.6008917391300201,0.14204218983650208,0.07511146739125252,0.9507904595810026
classical_musicnet_2372__180s,classical_musicnet_2372,classical,discovery,180.0,rhythm,24,3.438325520958898,11.18395683169365,1.1088958978652954,0.5676654577255249,0.9657976845196643,6.0,2.0,0.4806741178035736,0.22179508209228516,0.08011235296726227,0.7374693352113146
classical_musicnet_2372__300s,classical_musicnet_2372,classical,discovery,300.0,acoustic_novelty_delay,24,2.147863392303805,12.368008196353912,2.349087953567505,0.5552498698234558,0.9273857717825833,4.0,0.0,0.10167735815048218,0.03381901979446411,0.025419339537620544,0.9764360664070713
classical_musicnet_2372__300s,classical_musicnet_2372,classical,discovery,300.0,rhythm,24,3.2443978658835793,11.189237877726555,1.3378620147705078,0.5794671475887299,0.9642088726107874,5.0,1.0,0.22841602563858032,0.1012117862701416,0.045683205127716064,0.8923929381450053
classical_musicnet_2374__180s,classical_musicnet_2374,classical,discovery,180.0,acoustic_novelty_delay,24,2.586632996546556,11.25125777721405,0.7454795837402344,0.6233364045619965,0.9793375024040061,10.0,3.0,0.638002336025238,0.18216508626937866,0.0638002336025238,0.8430518795091497
classical_musicnet_2374__180s,classical_musicnet_2374,classical,discovery,180.0,rhythm,24,2.725251235325917,11.555328384041786,0.8201155066490173,0.620521068572998,0.9838725574165096,7.0,1.0,0.3580256700515747,0.10368776321411133,0.0511465242930821,0.8905838426298311
classical_musicnet_2374__300s,classical_musicnet_2374,classical,discovery,300.0,acoustic_novelty_delay,24,2.671563620871005,12.501413196325302,2.2562057971954346,0.6257905662059784,0.9318886709813219,5.0,1.0,0.3828091621398926,0.1746617555618286,0.07656183242797851,0.8563791224068068
classical_musicnet_2374__300s,classical_musicnet_2374,classical,discovery,300.0,rhythm,24,2.707886527750512,11.2935855910182,1.6211789846420288,0.58393594622612,0.9458663553869944,8.0,1.0,0.4374147653579712,0.1173505187034607,0.0546768456697464,0.9075087019631939
classical_musicnet_2381__180s,classical_musicnet_2381,classical,discovery,180.0,acoustic_novelty_delay,24,2.1112327234838015,12.38885310292244,1.9655143022537231,0.6220550537109375,0.9313616706299145,6.0,1.0,0.23124614357948303,0.10546696186065674,0.03854102392991384,0.8168029186432678
classical_musicnet_2381__180s,classical_musicnet_2381,classical,discovery,180.0,rhythm,24,3.1094449194470513,10.733294263482094,1.1829025745391846,0.61489337682724,0.9645808934210157,2.0,0.0,0.0363849401473999,0.020779311656951904,0.01819247007369995,0.9853656369098853
classical_musicnet_2381__300s,classical_musicnet_2381,classical,discovery,300.0,acoustic_novelty_delay,24,2.2297779942250413,11.965082690119743,1.9439114332199097,0.5240074992179871,0.9493744598580024,3.0,0.0,0.08467137813568115,0.06801789999008179,0.02822379271189372,0.5256389099207343
classical_musicnet_2381__300s,classical_musicnet_2381,classical,discovery,300.0,rhythm,24,3.0372178796934595,9.740552440285683,0.8030326962471008,0.5933817327022552,0.9550102767137838,3.0,0.0,0.095184326171875,0.03976571559906006,0.031728108723958336,0.9858662566393381
classical_musicnet_2382__180s,classical_musicnet_2382,classical,discovery,180.0,acoustic_novelty_delay,24,1.8108075894316076,13.810776442289352,1.972533941268921,0.6544520258903503,0.925545808175218,3.0,1.0,0.43327197432518005,0.40772271156311035,0.14442399144172668,0.2230438598463495
classical_musicnet_2382__180s,classical_musicnet_2382,classical,discovery,180.0,rhythm,24,3.0763523471910728,10.994646042585373,0.9152933955192566,0.6257391273975372,0.9785221297686374,4.0,0.0,0.15056034922599792,0.07290136814117432,0.03764008730649948,0.8739707399677346
classical_musicnet_2382__300s,classical_musicnet_2382,classical,discovery,300.0,acoustic_novelty_delay,24,1.8108075894316076,13.810776442289352,1.972533941268921,0.6544520258903503,0.925545808175218,3.0,1.0,0.43327197432518005,0.40772271156311035,0.14442399144172668,0.2230438598463495
classical_musicnet_2382__300s,classical_musicnet_2382,classical,discovery,300.0,rhythm,24,3.0763523471910728,10.994646042585373,0.9152933955192566,0.6257391273975372,0.9785221297686374,4.0,0.0,0.15056034922599792,0.07290136814117432,0.03764008730649948,0.8739707399677346
classical_musicnet_2383__180s,classical_musicnet_2383,classical,discovery,180.0,acoustic_novelty_delay,24,2.3124349160219078,10.833210714161396,0.8875125646591187,0.5568775832653046,0.9782498296712425,6.0,0.0,0.20344138145446777,0.055627524852752686,0.033906896909077965,0.9111451032406522
classical_musicnet_2383__180s,classical_musicnet_2383,classical,discovery,180.0,rhythm,24,2.7025249585582727,10.619507849216461,1.400393009185791,0.5069767981767654,0.966744387049658,4.0,0.0,0.12298557162284851,0.061652541160583496,0.030746392905712128,0.7251187379179836
classical_musicnet_2383__300s,classical_musicnet_2383,classical,discovery,300.0,acoustic_novelty_delay,24,2.1611773392610845,12.188707828521729,0.8731459379196167,0.5969929695129395,0.9888866357890513,7.0,1.0,0.4694378972053528,0.12166255712509155,0.06706255674362183,0.949153979460614
classical_musicnet_2383__300s,classical_musicnet_2383,classical,discovery,300.0,rhythm,24,2.3327720906772047,10.7494508177042,1.147634506225586,0.5659252256155014,0.9450760118208692,1.0,0.0,0.06928962469100952,0.06928962469100952,0.06928962469100952,-2.2204460492503128e-16
classical_musicnet_2389__180s,classical_musicnet_2389,classical,discovery,180.0,acoustic_novelty_delay,24,2.390802477395753,11.014912754297256,1.1083729267120361,0.558256596326828,0.9633644037334042,5.0,3.0,0.49395546317100525,0.16253727674484253,0.09879109263420105,0.8721728745862715
classical_musicnet_2389__180s,classical_musicnet_2389,classical,discovery,180.0,rhythm,24,2.6422437535010594,12.013170685619116,1.5631797313690186,0.6894794702529907,0.9337114195558901,3.0,1.0,0.23772472143173218,0.1673792600631714,0.07924157381057739,0.7082937569569413
classical_musicnet_2389__300s,classical_musicnet_2389,classical,discovery,300.0,acoustic_novelty_delay,24,2.746572080477768,11.053218483924866,0.8561277985572815,0.6133349239826202,0.9791350837793762,6.0,0.0,0.39376306533813477,0.09240078926086426,0.06562717755635579,0.9688584624264064
classical_musicnet_2389__300s,classical_musicnet_2389,classical,discovery,300.0,rhythm,24,2.6409743969232915,11.777215257287025,0.9155697822570801,0.5829943120479584,0.9749791124909679,6.0,0.0,0.2509806454181671,0.07504165172576904,0.04183010756969452,0.9175256285780449
classical_musicnet_2390__180s,classical_musicnet_2390,classical,discovery,180.0,acoustic_novelty_delay,24,2.619406793684788,11.916208654642105,0.818025529384613,0.6519615352153778,0.9825833940767491,5.0,0.0,0.19890427589416504,0.09550797939300537,0.03978085517883301,0.7764319696828844
classical_musicnet_2390__180s,classical_musicnet_2390,classical,discovery,180.0,rhythm,24,2.2344094480128294,12.248082488775253,1.4748135805130005,0.5940431952476501,0.9731668417456097,5.0,1.0,0.19538229703903198,0.11758053302764893,0.039076459407806394,0.6865354472885367
classical_musicnet_2390__300s,classical_musicnet_2390,classical,discovery,300.0,acoustic_novelty_delay,24,2.284175009589741,13.022658556699753,2.14691424369812,0.5834951102733612,0.9443925329216352,7.0,0.0,0.3100363314151764,0.08193695545196533,0.044290904487882345,0.8889407576114274
classical_musicnet_2390__300s,classical_musicnet_2390,classical,discovery,300.0,rhythm,24,2.0724200186530877,13.428947806358337,1.8507658243179321,0.589471161365509,0.9553969706998513,2.0,1.0,0.1126510500907898,0.10279834270477295,0.0563255250453949,0.4279417203081174
classical_musicnet_2393__180s,classical_musicnet_2393,classical,discovery,180.0,acoustic_novelty_delay,24,2.462084772657806,12.092632725834846,1.0289077758789062,0.621251255273819,0.9744164222226706,2.0,0.0,0.03668281435966492,0.02382117509841919,0.01834140717983246,0.9346183894966009
classical_musicnet_2393__180s,classical_musicnet_2393,classical,discovery,180.0,rhythm,24,2.465583143708594,11.834602430462837,0.9471828937530518,0.7728837430477142,0.968143880197151,4.0,0.0,0.156447172164917,0.09117847681045532,0.03911179304122925,0.68604712991206
classical_musicnet_2393__300s,classical_musicnet_2393,classical,discovery,300.0,acoustic_novelty_delay,24,2.380969118305565,11.076303541660309,1.0002473592758179,0.5951908081769943,0.9725368372852498,4.0,2.0,0.3764076232910156,0.15632206201553345,0.0941019058227539,0.8896036935270916
classical_musicnet_2393__300s,classical_musicnet_2393,classical,discovery,300.0,rhythm,24,2.783357410869847,10.873228028416634,0.8223457336425781,0.555441677570343,0.9823760610901497,4.0,0.0,0.1705470085144043,0.08890217542648315,0.042636752128601074,0.7948853733940393
classical_musicnet_2398__180s,classical_musicnet_2398,classical,discovery,180.0,acoustic_novelty_delay,24,2.7330256854942654,10.793422982096672,0.9061316251754761,0.5489513576030731,0.9847433925290624,6.0,1.0,0.42327529191970825,0.14544767141342163,0.07054588198661804,0.9114550621419103
classical_musicnet_2398__180s,classical_musicnet_2398,classical,discovery,180.0,rhythm,24,3.13641470600648,12.58282619714737,1.2030880451202393,0.6075947880744934,0.975334282703599,10.0,2.0,0.5514535307884216,0.13568103313446045,0.05514535307884216,0.8375296043079694
classical_musicnet_2398__300s,classical_musicnet_2398,classical,discovery,300.0,acoustic_novelty_delay,24,2.470479182133447,10.334670439362526,0.683991551399231,0.5676116347312927,0.9871426666585028,10.0,3.0,0.6238839328289032,0.1292574405670166,0.06238839328289032,0.8718750138486336
classical_musicnet_2398__300s,classical_musicnet_2398,classical,discovery,300.0,rhythm,24,3.0610014857033603,9.566680669784546,0.7030839920043945,0.5235416889190674,0.9785784142237611,3.0,0.0,0.15369927883148193,0.09233826398849487,0.05123309294382731,0.7268057578423777
classical_musicnet_2404__180s,classical_musicnet_2404,classical,discovery,180.0,acoustic_novelty_delay,24,2.2482624400488596,11.19039972126484,1.2088395357131958,0.5547028183937073,0.9625663443657695,4.0,0.0,0.1524164080619812,0.09500551223754883,0.0381041020154953,0.6614179499430722
classical_musicnet_2404__180s,classical_musicnet_2404,classical,discovery,180.0,rhythm,24,3.2240267974602337,11.15787748992443,1.1256226301193237,0.6243488788604736,0.9595705244797281,3.0,0.0,0.11231416463851929,0.061355412006378174,0.03743805487950643,0.8841937538044822
classical_musicnet_2404__300s,classical_musicnet_2404,classical,discovery,300.0,acoustic_novelty_delay,24,2.5506975146078483,11.23529152572155,1.1209933757781982,0.5527364015579224,0.9634502417282722,4.0,0.0,0.05121505260467529,0.030138343572616577,0.012803763151168823,0.714421433440468
classical_musicnet_2404__300s,classical_musicnet_2404,classical,discovery,300.0,rhythm,24,3.0724434268702954,11.837037324905396,1.1980500221252441,0.6919419765472412,0.9645088634174278,4.0,0.0,0.15738898515701294,0.06555914878845215,0.039347246289253235,0.9330928142600482
classical_musicnet_2406__180s,classical_musicnet_2406,classical,discovery,180.0,acoustic_novelty_delay,24,2.089280425877607,12.036636739969254,1.7781708240509033,0.5922792851924896,0.9608994416876403,8.0,5.0,0.9128886461257935,0.19388526678085327,0.11411108076572418,0.938319978234568
classical_musicnet_2406__180s,classical_musicnet_2406,classical,discovery,180.0,rhythm,24,3.0280176483157613,9.716046653687954,0.9072942137718201,0.5794022679328918,0.9496656143292155,1.0,0.0,0.009756743907928467,0.009756743907928467,0.009756743907928467,-2.2204460492503128e-16
classical_musicnet_2406__300s,classical_musicnet_2406,classical,discovery,300.0,acoustic_novelty_delay,24,1.946200607034931,12.58131206035614,1.6708667278289795,0.5529573261737823,0.9558349677557295,5.0,1.0,0.30072030425071716,0.12684214115142822,0.060144060850143434,0.8426046111830965
classical_musicnet_2406__300s,classical_musicnet_2406,classical,discovery,300.0,rhythm,24,2.842573780960992,8.678652603179216,0.9790854454040527,0.5608021169900894,0.9243067512543557,3.0,2.0,0.3556676506996155,0.20854026079177856,0.1185558835665385,0.7457929416043998
classical_musicnet_2411__180s,classical_musicnet_2411,classical,discovery,180.0,acoustic_novelty_delay,24,2.333257701959344,12.87349022179842,1.8887511491775513,0.6882070004940033,0.946069133419957,4.0,0.0,0.1063770055770874,0.06442171335220337,0.02659425139427185,0.7265645382280357
classical_musicnet_2411__180s,classical_musicnet_2411,classical,discovery,180.0,rhythm,24,3.262322383426901,11.175294131040573,1.1856192350387573,0.5638290047645569,0.9726540972901809,8.0,1.0,0.42546382546424866,0.10079264640808105,0.05318297818303108,0.9321725865963274
classical_musicnet_2411__300s,classical_musicnet_2411,classical,discovery,300.0,acoustic_novelty_delay,24,2.333257701959344,12.87349022179842,1.8887511491775513,0.6882070004940033,0.946069133419957,4.0,0.0,0.1063770055770874,0.06442171335220337,0.02659425139427185,0.7265645382280357
classical_musicnet_2411__300s,classical_musicnet_2411,classical,discovery,300.0,rhythm,24,3.262322383426901,11.175294131040573,1.1856192350387573,0.5638290047645569,0.9726540972901809,8.0,1.0,0.42546382546424866,0.10079264640808105,0.05318297818303108,0.9321725865963274
classical_musicnet_2423__180s,classical_musicnet_2423,classical,discovery,180.0,acoustic_novelty_delay,24,2.5753636817956336,11.309018582105637,0.9224987030029297,0.5600131452083588,0.9806823962024422,5.0,2.0,0.35063105821609497,0.12087678909301758,0.070126211643219,0.8340446746482733
classical_musicnet_2423__180s,classical_musicnet_2423,classical,discovery,180.0,rhythm,24,2.87986240962225,10.816906213760376,0.9096921682357788,0.6481228470802307,0.9585459535895445,5.0,0.0,0.21918082237243652,0.0657416582107544,0.04383616447448731,0.9617424606009717
classical_musicnet_2423__300s,classical_musicnet_2423,classical,discovery,300.0,acoustic_novelty_delay,24,2.6889031511842845,11.711183473467827,0.9770424365997314,0.6406902372837067,0.9737051539162641,6.0,0.0,0.22255584597587585,0.06955242156982422,0.03709264099597931,0.9150921044166048
classical_musicnet_2423__300s,classical_musicnet_2423,classical,discovery,300.0,rhythm,24,3.6586561248621434,10.102543286979198,1.4056761264801025,0.48885707557201385,0.9274513802522055,4.0,0.0,0.10048481822013855,0.06887257099151611,0.025121204555034637,0.6259875826694244
classical_musicnet_2432__180s,classical_musicnet_2432,classical,discovery,180.0,acoustic_novelty_delay,24,2.0851636177435586,9.799437388777733,1.053676724433899,0.5282849669456482,0.9679255678584608,5.0,1.0,0.193019837141037,0.12744611501693726,0.038603967428207396,0.6322479223026584
classical_musicnet_2432__180s,classical_musicnet_2432,classical,discovery,180.0,rhythm,24,2.237115970006801,9.93696279078722,1.156722903251648,0.5026560425758362,0.93136692619215,2.0,0.0,0.06079655885696411,0.04482001066207886,0.030398279428482056,0.8309230096754456
classical_musicnet_2432__300s,classical_musicnet_2432,classical,discovery,300.0,acoustic_novelty_delay,24,2.4378537009903796,12.196931183338165,2.1550681591033936,0.5448464155197144,0.9468299641248179,4.0,1.0,0.21618115901947021,0.16009318828582764,0.054045289754867554,0.5534777660813401
classical_musicnet_2432__300s,classical_musicnet_2432,classical,discovery,300.0,rhythm,24,2.2667437935230796,10.988720253109932,1.718013048171997,0.5413667559623718,0.9400810171198939,3.0,1.0,0.16484364867210388,0.11945343017578125,0.054947882890701294,0.5632383957778448
classical_musicnet_2433__180s,classical_musicnet_2433,classical,discovery,180.0,acoustic_novelty_delay,24,2.5305159302880105,9.409922756254673,1.083057165145874,0.5405619144439697,0.943954287643156,3.0,0.0,0.10295957326889038,0.06213468313217163,0.03431985775629679,0.8608295311137547
classical_musicnet_2433__180s,classical_musicnet_2433,classical,discovery,180.0,rhythm,24,1.3720582193496114,13.887171380221844,3.433772087097168,0.6346359550952911,0.8228965260772356,3.0,0.0,0.21418586373329163,0.09690457582473755,0.07139528791109721,0.8847065609604885
classical_musicnet_2433__300s,classical_musicnet_2433,classical,discovery,300.0,acoustic_novelty_delay,24,2.129524605564314,11.093884870409966,1.1982250213623047,0.566557377576828,0.9524246775772025,3.0,2.0,0.3774475157260895,0.19177746772766113,0.12581583857536316,0.906788909734041
classical_musicnet_2433__300s,classical_musicnet_2433,classical,discovery,300.0,rhythm,24,2.6295310125386053,9.950095035135746,1.048239827156067,0.5105753391981125,0.9534189931833289,4.0,0.0,0.07939061522483826,0.05314555764198303,0.019847653806209564,0.6205761080910446
classical_musicnet_2442__180s,classical_musicnet_2442,classical,discovery,180.0,acoustic_novelty_delay,24,1.9084738622509538,14.037384569644928,2.5067408084869385,0.5610767602920532,0.9408352739444751,4.0,0.0,0.05356168746948242,0.03546041250228882,0.013390421867370605,0.6951616675919504
classical_musicnet_2442__180s,classical_musicnet_2442,classical,discovery,180.0,rhythm,24,3.8801719993367025,10.023810967803001,1.033486247062683,0.5160894393920898,0.9486929167762453,4.0,0.0,0.09517571330070496,0.07144159078598022,0.02379392832517624,0.5715003330908891
classical_musicnet_2442__300s,classical_musicnet_2442,classical,discovery,300.0,acoustic_novelty_delay,24,1.9084738622509538,14.037384569644928,2.5067408084869385,0.5610767602920532,0.9408352739444751,4.0,0.0,0.05356168746948242,0.03546041250228882,0.013390421867370605,0.6951616675919504
classical_musicnet_2442__300s,classical_musicnet_2442,classical,discovery,300.0,rhythm,24,3.8801719993367025,10.023810967803001,1.033486247062683,0.5160894393920898,0.9486929167762453,4.0,0.0,0.09517571330070496,0.07144159078598022,0.02379392832517624,0.5715003330908891
classical_musicnet_2444__180s,classical_musicnet_2444,classical,discovery,180.0,acoustic_novelty_delay,24,2.585004898468245,10.106330662965775,0.8408589959144592,0.5392846763134003,0.9790845367170409,7.0,1.0,0.428140789270401,0.10464084148406982,0.06116296989577157,0.9636751949229021
classical_musicnet_2444__180s,classical_musicnet_2444,classical,discovery,180.0,rhythm,24,2.524118755505829,10.478744223713875,0.8640589118003845,0.5782031416893005,0.9659066933351279,5.0,1.0,0.2736719250679016,0.13033711910247803,0.05473438501358032,0.8597588477368117
classical_musicnet_2444__300s,classical_musicnet_2444,classical,discovery,300.0,acoustic_novelty_delay,24,2.20793638777921,12.202405586838722,1.2913694381713867,0.5769076943397522,0.9705114226494859,9.0,2.0,0.47843384742736816,0.11055678129196167,0.05315931638081869,0.8997934688261857
classical_musicnet_2444__300s,classical_musicnet_2444,classical,discovery,300.0,rhythm,24,3.328826059291927,11.17659193277359,0.8278544545173645,0.5633009076118469,0.9797017276489103,4.0,0.0,0.21822208166122437,0.09887498617172241,0.05455552041530609,0.8752297752139019
classical_musicnet_2462__180s,classical_musicnet_2462,classical,discovery,180.0,acoustic_novelty_delay,24,2.5417829052980085,11.146293297410011,0.8976198434829712,0.6155616939067841,0.9754948412004663,3.0,1.0,0.16734755039215088,0.12197959423065186,0.05578251679738363,0.590332321484792
classical_musicnet_2462__180s,classical_musicnet_2462,classical,discovery,180.0,rhythm,24,2.717385910915514,12.054934859275818,1.0870364904403687,0.6784183382987976,0.9790926360095881,8.0,0.0,0.26904135942459106,0.06458240747451782,0.03363016992807388,0.9056512850867748
classical_musicnet_2462__300s,classical_musicnet_2462,classical,discovery,300.0,acoustic_novelty_delay,24,2.4776320532313267,11.254158824682236,0.8120600581169128,0.6070882380008698,0.9811138051921741,3.0,0.0,0.21613121032714844,0.09273189306259155,0.07204373677571614,0.9267022979059103
classical_musicnet_2462__300s,classical_musicnet_2462,classical,discovery,300.0,rhythm,24,2.7573304415758253,11.839440241456032,0.7536414265632629,0.6423558294773102,0.9867393473488367,8.0,1.0,0.41963469982147217,0.13826191425323486,0.05245433747768402,0.9109792656916033
classical_musicnet_2463__180s,classical_musicnet_2463,classical,discovery,180.0,acoustic_novelty_delay,24,2.2826014223752553,11.692891046404839,1.3470995426177979,0.5447587072849274,0.9714844391995702,4.0,1.0,0.207712322473526,0.11666560173034668,0.0519280806183815,0.8297378182618954
classical_musicnet_2463__180s,classical_musicnet_2463,classical,discovery,180.0,rhythm,24,2.6415877554435325,12.465873971581459,0.9570528268814087,0.618406355381012,0.9813491745544881,7.0,1.0,0.36420267820358276,0.15104079246520996,0.05202895402908325,0.7937413131220854
classical_musicnet_2463__300s,classical_musicnet_2463,classical,discovery,300.0,acoustic_novelty_delay,24,2.304712335073074,11.331530749797821,1.1582952737808228,0.5815659165382385,0.974065290129018,6.0,1.0,0.2597527801990509,0.10086184740066528,0.04329213003317515,0.7464235541468207
classical_musicnet_2463__300s,classical_musicnet_2463,classical,discovery,300.0,rhythm,24,2.629039214403365,12.16059410572052,0.8282412886619568,0.6040975749492645,0.9876080253551255,6.0,1.0,0.4392431974411011,0.13447004556655884,0.07320719957351685,0.9078559504629171
classical_musicnet_2466__180s,classical_musicnet_2466,classical,discovery,180.0,acoustic_novelty_delay,24,2.0144111747579383,12.666404038667679,1.9905444383621216,0.5896426439285278,0.9525868794841404,3.0,1.0,0.23239445686340332,0.11718511581420898,0.07746481895446777,0.9058761366568352
classical_musicnet_2466__180s,classical_musicnet_2466,classical,discovery,180.0,rhythm,24,2.3553130762170826,12.161246463656425,1.6336323022842407,0.6454303860664368,0.941729125662908,3.0,0.0,0.030415236949920654,0.021330535411834717,0.010138412316640219,0.7150641765325946
classical_musicnet_2466__300s,classical_musicnet_2466,classical,discovery,300.0,acoustic_novelty_delay,24,2.2904909419801642,10.7074633538723,0.9902886748313904,0.513866513967514,0.9724366148198639,5.0,1.0,0.2908586263656616,0.10594964027404785,0.05817172527313232,0.8787599619123995
classical_musicnet_2466__300s,classical_musicnet_2466,classical,discovery,300.0,rhythm,24,2.539176027509688,12.726951986551285,1.4802401065826416,0.6830832064151764,0.9640326048451711,7.0,1.0,0.3850051164627075,0.13075357675552368,0.05500073092324393,0.869329268259062
classical_musicnet_2472__180s,classical_musicnet_2472,classical,discovery,180.0,acoustic_novelty_delay,24,2.3113856487888733,11.181013405323029,0.706584632396698,0.565200001001358,0.9915322799809689,5.0,2.0,0.5010098218917847,0.15181046724319458,0.10020196437835693,0.9541974474626631
classical_musicnet_2472__180s,classical_musicnet_2472,classical,discovery,180.0,rhythm,24,2.9548442635742544,11.10397194325924,1.469782829284668,0.5942878723144531,0.9595134305386551,3.0,0.0,0.0663512647151947,0.045161664485931396,0.022117088238398235,0.7313575253815273
classical_musicnet_2472__300s,classical_musicnet_2472,classical,discovery,300.0,acoustic_novelty_delay,24,2.022644836314379,12.36694547533989,2.185159921646118,0.5524483919143677,0.9501380207889942,5.0,1.0,0.34214484691619873,0.14497292041778564,0.06842896938323975,0.8661727986791575
classical_musicnet_2472__300s,classical_musicnet_2472,classical,discovery,300.0,rhythm,24,2.6318223029653067,11.950734242796898,1.2127302885055542,0.6244202256202698,0.9624886092555894,5.0,0.0,0.23845458030700684,0.09434187412261963,0.04769091606140137,0.8164999866368529
classical_musicnet_2476__180s,classical_musicnet_2476,classical,discovery,180.0,acoustic_novelty_delay,24,1.8704018588734135,11.170392073690891,1.3663816452026367,0.5766141414642334,0.9604345809500325,3.0,0.0,0.11853599548339844,0.04598122835159302,0.03951199849446615,0.9822683216809335
classical_musicnet_2476__180s,classical_musicnet_2476,classical,discovery,180.0,rhythm,24,2.9346787401644967,10.040773302316666,1.2944358587265015,0.5470983684062958,0.9509975451025656,2.0,0.0,0.11201941967010498,0.09454017877578735,0.05600970983505249,0.6247453867461754
classical_musicnet_2476__300s,classical_musicnet_2476,classical,discovery,300.0,acoustic_novelty_delay,24,2.0679158246932996,11.613719940185547,1.2220209836959839,0.6856412887573242,0.9637155285125146,4.0,0.0,0.25218865275382996,0.08287817239761353,0.06304716318845749,0.9613036251528622
classical_musicnet_2476__300s,classical_musicnet_2476,classical,discovery,300.0,rhythm,24,2.699133712073003,9.772875815629959,1.0688459873199463,0.6060092151165009,0.9310397444653161,1.0,1.0,0.18392682075500488,0.18392682075500488,0.18392682075500488,-2.2204460492503128e-16
classical_musicnet_2477__180s,classical_musicnet_2477,classical,discovery,180.0,acoustic_novelty_delay,24,2.3259332702764954,11.144327044487,0.9197269678115845,0.6159336566925049,0.9728094203919178,5.0,1.0,0.3648257255554199,0.15030252933502197,0.07296514511108398,0.8596782489443133
classical_musicnet_2477__180s,classical_musicnet_2477,classical,discovery,180.0,rhythm,24,2.5988838988505525,11.016493611037731,1.3935116529464722,0.59170201420784,0.9503198683995578,7.0,2.0,0.3423555791378021,0.12185513973236084,0.04890793987682888,0.7969129093479009
classical_musicnet_2477__300s,classical_musicnet_2477,classical,discovery,300.0,acoustic_novelty_delay,24,2.4798143343295287,11.125214040279388,1.0746259689331055,0.5555570423603058,0.9717589154425114,4.0,0.0,0.14653944969177246,0.07148867845535278,0.036634862422943115,0.7464921078183173
classical_musicnet_2477__300s,classical_musicnet_2477,classical,discovery,300.0,rhythm,24,3.0817094794782722,9.209418796934187,0.7258466482162476,0.5192619115114212,0.9576028714339124,3.0,1.0,0.14587154984474182,0.11204075813293457,0.048623849948247276,0.5226953360114192
classical_musicnet_2478__180s,classical_musicnet_2478,classical,discovery,180.0,acoustic_novelty_delay,24,1.754352617593999,14.138836845755577,2.132718324661255,0.6953781545162201,0.9317829816053231,1.0,0.0,0.025803208351135254,0.025803208351135254,0.025803208351135254,-2.2204460492503128e-16
classical_musicnet_2478__180s,classical_musicnet_2478,classical,discovery,180.0,rhythm,24,2.7046154688256547,11.118089333176613,1.1133224964141846,0.5438812673091888,0.9719656508471244,1.0,1.0,0.1427651345729828,0.1427651345729828,0.1427651345729828,-2.2204460492503128e-16
classical_musicnet_2478__300s,classical_musicnet_2478,classical,discovery,300.0,acoustic_novelty_delay,24,2.682967529537092,10.590574890375137,1.200110912322998,0.7293028235435486,0.9273002150965344,4.0,0.0,0.20755994319915771,0.08184260129928589,0.05188998579978943,0.9240140982597301
classical_musicnet_2478__300s,classical_musicnet_2478,classical,discovery,300.0,rhythm,24,2.383657150111027,12.74152147397399,1.5199826955795288,0.6062785089015961,0.9230437817791523,2.0,0.0,0.057784318923950195,0.033654212951660156,0.028892159461975098,0.9803140409981371
classical_musicnet_2481__180s,classical_musicnet_2481,classical,discovery,180.0,acoustic_novelty_delay,24,2.27954963590911,9.088889569044113,0.7509616017341614,0.5121438801288605,0.9689259871240571,3.0,1.0,0.18811511993408203,0.13507449626922607,0.06270503997802734,0.5810103376990201
classical_musicnet_2481__180s,classical_musicnet_2481,classical,discovery,180.0,rhythm,24,3.2946598624963155,10.54346452653408,1.1002569198608398,0.6055412292480469,0.9494605098830331,2.0,0.0,0.08377659320831299,0.043166279792785645,0.041888296604156494,0.9993284523716156
classical_musicnet_2481__300s,classical_musicnet_2481,classical,discovery,300.0,acoustic_novelty_delay,24,2.9206766843147585,8.965379655361176,1.0416290760040283,0.5156983882188797,0.9337457411140399,3.0,0.0,0.04090714454650879,0.03164094686508179,0.013635714848836264,0.5248781103600312
classical_musicnet_2481__300s,classical_musicnet_2481,classical,discovery,300.0,rhythm,24,3.2124670656307397,11.253472089767456,1.0170271396636963,0.6137307584285736,0.9764702348291826,4.0,1.0,0.312749981880188,0.23021292686462402,0.078187495470047,0.4697709999467973
classical_musicnet_2482__180s,classical_musicnet_2482,classical,discovery,180.0,acoustic_novelty_delay,24,2.4917112390503986,9.714948371052742,0.9705419540405273,0.5163326263427734,0.9672764411998671,5.0,0.0,0.10967221856117249,0.0430789589881897,0.0219344437122345,0.8491345876520565
classical_musicnet_2482__180s,classical_musicnet_2482,classical,discovery,180.0,rhythm,24,3.1978674255118706,11.370113790035248,1.1771644353866577,0.6143674850463867,0.9743800197584013,4.0,1.0,0.26596274971961975,0.1251288652420044,0.06649068742990494,0.816027761720171
classical_musicnet_2482__300s,classical_musicnet_2482,classical,discovery,300.0,acoustic_novelty_delay,24,2.0057042986319757,11.514621838927269,1.0750027894973755,0.5789155960083008,0.963628063311934,6.0,1.0,0.35363873839378357,0.12349045276641846,0.058939789732297264,0.9148799984846564
classical_musicnet_2482__300s,classical_musicnet_2482,classical,discovery,300.0,rhythm,24,3.2646540094304486,9.801999904215336,0.7912707328796387,0.5947349667549133,0.9669053816020621,3.0,0.0,0.12778952717781067,0.06477022171020508,0.042596509059270225,0.7144874275178841
classical_musicnet_2483__180s,classical_musicnet_2483,classical,discovery,180.0,acoustic_novelty_delay,24,2.2123478045336507,11.559669971466064,2.491025447845459,0.6167934834957123,0.892898416364866,0.0,0.0,0.0,0.0,0.0,0.0
classical_musicnet_2483__180s,classical_musicnet_2483,classical,discovery,180.0,rhythm,24,2.516580177726877,12.045065119862556,1.4533568620681763,0.7067509591579437,0.9564038837587465,4.0,0.0,0.10844087600708008,0.060825228691101074,0.02711021900177002,0.8062362909996353
classical_musicnet_2483__300s,classical_musicnet_2483,classical,discovery,300.0,acoustic_novelty_delay,24,2.070446835707239,12.283743038773537,1.3107852935791016,0.5335492193698883,0.9492739108297107,4.0,1.0,0.20252516865730286,0.11432147026062012,0.050631292164325714,0.709668171187097
classical_musicnet_2483__300s,classical_musicnet_2483,classical,discovery,300.0,rhythm,24,2.392353203975005,12.979858696460724,1.5043376684188843,0.633636862039566,0.9719225552794024,4.0,0.0,0.18761524558067322,0.06260555982589722,0.046903811395168304,0.8752978896122832
classical_musicnet_2486__180s,classical_musicnet_2486,classical,discovery,180.0,acoustic_novelty_delay,24,2.206369958887849,11.159998431801796,0.9995272159576416,0.5775900185108185,0.9690023020873443,5.0,0.0,0.31363645195961,0.09591639041900635,0.062727290391922,0.9349622401620321
classical_musicnet_2486__180s,classical_musicnet_2486,classical,discovery,180.0,rhythm,24,2.606738326708375,11.356813911348581,0.9571186304092407,0.7931142747402191,0.942782938250071,7.0,2.0,0.6284967660903931,0.2283264398574829,0.08978525229862758,0.8147060588513997
classical_musicnet_2486__300s,classical_musicnet_2486,classical,discovery,300.0,acoustic_novelty_delay,24,2.1636687178746943,11.99792069196701,2.042170286178589,0.5290054380893707,0.9580236804959166,5.0,2.0,0.4118947982788086,0.1543034315109253,0.08237895965576172,0.9151346574182325
classical_musicnet_2486__300s,classical_musicnet_2486,classical,discovery,300.0,rhythm,24,2.1578439488361925,11.963390491902828,1.7335559129714966,0.6908880174160004,0.8673177032586589,5.0,0.0,0.12218008935451508,0.04875364899635315,0.024436017870903014,0.8399743593885648
classical_musicnet_2491__180s,classical_musicnet_2491,classical,discovery,180.0,acoustic_novelty_delay,24,2.6608420930721297,10.293636932969093,0.899328887462616,0.5616079270839691,0.9812692601150238,4.0,2.0,0.390928715467453,0.22750705480575562,0.09773217886686325,0.7280383260710851
classical_musicnet_2491__180s,classical_musicnet_2491,classical,discovery,180.0,rhythm,24,2.9438533990805977,9.769751384854317,0.8965393304824829,0.6077306568622589,0.9580490258546233,2.0,0.0,0.06939780712127686,0.05320852994918823,0.03469890356063843,0.78368928177631
classical_musicnet_2491__300s,classical_musicnet_2491,classical,discovery,300.0,acoustic_novelty_delay,24,2.3530265870393525,12.082630336284637,1.000603199005127,0.6166866421699524,0.9768720061693132,7.0,2.0,0.5688950419425964,0.18501591682434082,0.08127072027751378,0.8980736442248928
classical_musicnet_2491__300s,classical_musicnet_2491,classical,discovery,300.0,rhythm,24,2.9186174654491417,10.493895575404167,1.5159902572631836,0.638342022895813,0.9177472112156297,4.0,1.0,0.23780125379562378,0.11305689811706543,0.059450313448905945,0.8357142877859187
classical_musicnet_2492__180s,classical_musicnet_2492,classical,discovery,180.0,acoustic_novelty_delay,24,2.3703732410185108,11.560139209032059,1.1630467176437378,0.6152668595314026,0.9596687642204333,4.0,1.0,0.2216833233833313,0.1381884217262268,0.055420830845832825,0.7712453841075672
classical_musicnet_2492__180s,classical_musicnet_2492,classical,discovery,180.0,rhythm,24,3.315508788880124,11.530467167496681,1.2348164319992065,0.5826464593410492,0.972091350542322,4.0,1.0,0.20875003933906555,0.14356833696365356,0.05218750983476639,0.5796686189178141
classical_musicnet_2492__300s,classical_musicnet_2492,classical,discovery,300.0,acoustic_novelty_delay,24,2.436749675217178,8.923243433237076,0.9356309175491333,0.4577067345380783,0.9690725970029908,3.0,0.0,0.05783933401107788,0.048168838024139404,0.019279778003692627,0.5047097777970997
classical_musicnet_2492__300s,classical_musicnet_2492,classical,discovery,300.0,rhythm,24,3.361317986784496,10.784657150506973,1.052381992340088,0.6139487624168396,0.9672749291376678,3.0,1.0,0.23040813207626343,0.10910052061080933,0.07680271069208781,0.9455464757253192
classical_musicnet_2494__180s,classical_musicnet_2494,classical,discovery,180.0,acoustic_novelty_delay,24,2.0555583496661893,11.321738734841347,1.953941822052002,0.5972417891025543,0.9204211961470274,3.0,0.0,0.03372591733932495,0.016491830348968506,0.01124197244644165,0.7791483002228453
classical_musicnet_2494__180s,classical_musicnet_2494,classical,discovery,180.0,rhythm,24,3.176175072722379,11.252441063523293,1.1882420778274536,0.6655173301696777,0.9421734233370792,3.0,0.0,0.032586678862571716,0.022407114505767822,0.010862226287523905,0.7243772636700128
classical_musicnet_2494__300s,classical_musicnet_2494,classical,discovery,300.0,acoustic_novelty_delay,24,2.2108533714115115,10.644720032811165,1.4892044067382812,0.6067663431167603,0.9219765671053609,3.0,1.0,0.26231759786605835,0.15562427043914795,0.08743919928868611,0.8702801494152994
classical_musicnet_2494__300s,classical_musicnet_2494,classical,discovery,300.0,rhythm,24,3.293843325571049,10.845989868044853,1.3310497999191284,0.5975316762924194,0.9428210793973759,5.0,0.0,0.28547269105911255,0.0986374020576477,0.05709453821182251,0.8896632948694342
classical_musicnet_2497__180s,classical_musicnet_2497,classical,discovery,180.0,acoustic_novelty_delay,24,2.1096647922806744,13.389298290014267,2.178516387939453,0.6007822751998901,0.9325928642082018,6.0,1.0,0.34895214438438416,0.12339013814926147,0.05815869073073069,0.9269160572230921
classical_musicnet_2497__180s,classical_musicnet_2497,classical,discovery,180.0,rhythm,24,3.3545966273769134,10.991596892476082,0.7686532139778137,0.6060143709182739,0.9783731214762577,4.0,0.0,0.18473133444786072,0.07792750000953674,0.04618283361196518,0.8828814612713489
classical_musicnet_2497__300s,classical_musicnet_2497,classical,discovery,300.0,acoustic_novelty_delay,24,2.5436193266077414,10.619743332266808,1.245324969291687,0.5724076926708221,0.9567031670636076,4.0,2.0,0.33232998847961426,0.16014069318771362,0.08308249711990356,0.69740626413979
classical_musicnet_2497__300s,classical_musicnet_2497,classical,discovery,300.0,rhythm,24,3.457914953167741,10.71638236567378,1.100401520729065,0.6021605432033539,0.937929846202448,3.0,1.0,0.25844013690948486,0.21613913774490356,0.08614671230316162,0.5075371219834699
classical_musicnet_2505__180s,classical_musicnet_2505,classical,discovery,180.0,acoustic_novelty_delay,24,2.1944246602072637,11.132161021232605,1.084080696105957,0.5836431980133057,0.9613088228434237,6.0,1.0,0.35115721821784973,0.10187220573425293,0.05852620303630829,0.927841850746454
classical_musicnet_2505__180s,classical_musicnet_2505,classical,discovery,180.0,rhythm,24,2.3344183606530247,9.191651582717896,1.6932982206344604,0.602458730340004,0.8595809311951491,1.0,0.0,0.0027173757553100586,0.0027173757553100586,0.0027173757553100586,-2.2204460492503128e-16
classical_musicnet_2505__300s,classical_musicnet_2505,classical,discovery,300.0,acoustic_novelty_delay,24,2.3622146353972484,10.673148147761822,1.0431839227676392,0.601625919342041,0.9564661126979103,2.0,0.0,0.1491296887397766,0.08596181869506836,0.0745648443698883,0.9830816069674208
classical_musicnet_2505__300s,classical_musicnet_2505,classical,discovery,300.0,rhythm,24,3.4057120810302672,8.346789747476578,0.9061779975891113,0.5372828543186188,0.9348072504537667,4.0,0.0,0.08747982978820801,0.02770000696182251,0.021869957447052002,0.9586881307294685
classical_musicnet_2507__180s,classical_musicnet_2507,classical,discovery,180.0,acoustic_novelty_delay,24,2.4276197253419514,11.03783854842186,0.945923924446106,0.6063212156295776,0.9774785237822593,6.0,1.0,0.3181537389755249,0.10805690288543701,0.053025623162587486,0.8033168774159911
classical_musicnet_2507__180s,classical_musicnet_2507,classical,discovery,180.0,rhythm,24,2.7399916761344647,12.249817624688148,1.1053742170333862,0.7202960550785065,0.9680016545124879,4.0,0.0,0.09729766845703125,0.04120916128158569,0.024324417114257812,0.7987606733208805
classical_musicnet_2507__300s,classical_musicnet_2507,classical,discovery,300.0,acoustic_novelty_delay,24,2.7115875627836123,10.785350903868675,1.1893364191055298,0.5903757810592651,0.9591380949419674,5.0,0.0,0.1420743465423584,0.06591007113456726,0.02841486930847168,0.6380738584951704
classical_musicnet_2507__300s,classical_musicnet_2507,classical,discovery,300.0,rhythm,24,3.048738353300624,12.26306526362896,1.4653836488723755,0.6404629945755005,0.9523596529498942,1.0,1.0,0.13416564464569092,0.13416564464569092,0.13416564464569092,-2.2204460492503128e-16
classical_musicnet_2509__180s,classical_musicnet_2509,classical,discovery,180.0,acoustic_novelty_delay,24,1.9720313227268407,13.411578893661499,2.1106438636779785,0.6958815157413483,0.9269539329067041,2.0,0.0,0.034445881843566895,0.02023908495903015,0.017222940921783447,0.9777630196923972
classical_musicnet_2509__180s,classical_musicnet_2509,classical,discovery,180.0,rhythm,24,3.0414439940020763,11.495632901787758,1.004785180091858,0.655205249786377,0.9663939702097037,3.0,0.0,0.18082359433174133,0.0951043963432312,0.06027453144391378,0.7582761487343045
classical_musicnet_2509__300s,classical_musicnet_2509,classical,discovery,300.0,acoustic_novelty_delay,24,1.781996843514593,13.437094986438751,2.40590763092041,0.5559901297092438,0.9402200006714108,6.0,1.0,0.3014236092567444,0.16118422150611877,0.0502372682094574,0.6983939905632105
classical_musicnet_2509__300s,classical_musicnet_2509,classical,discovery,300.0,rhythm,24,2.929373066748827,10.432902544736862,0.9027846455574036,0.5424073934555054,0.9690459763859095,3.0,1.0,0.18497511744499207,0.1435455083847046,0.061658372481664024,0.5960077830990712
classical_musicnet_2514__180s,classical_musicnet_2514,classical,discovery,180.0,acoustic_novelty_delay,24,2.322230520052194,11.575200408697128,1.2543573379516602,0.5592188835144043,0.9820619224239862,9.0,2.0,0.5946422517299652,0.2060491442680359,0.06607136130332947,0.8232284136520399
classical_musicnet_2514__180s,classical_musicnet_2514,classical,discovery,180.0,rhythm,24,2.063041832691724,11.814690716564655,1.7648669481277466,0.570051446557045,0.9018931327811898,4.0,0.0,0.10053321719169617,0.04548603296279907,0.025133304297924042,0.8028566499035119
classical_musicnet_2514__300s,classical_musicnet_2514,classical,discovery,300.0,acoustic_novelty_delay,24,2.446468603727323,11.703955739736557,1.7290799617767334,0.5596440136432648,0.9485071887317489,4.0,0.0,0.1832447350025177,0.08524838089942932,0.045811183750629425,0.8426585049459766
classical_musicnet_2514__300s,classical_musicnet_2514,classical,discovery,300.0,rhythm,24,2.8613195103832414,9.8634432554245,1.2035540342330933,0.58795166015625,0.9291832581037238,3.0,0.0,0.11697907745838165,0.04043978452682495,0.03899302581946055,0.9994493082506223
classical_musicnet_2516__180s,classical_musicnet_2516,classical,discovery,180.0,acoustic_novelty_delay,24,2.636379123925536,10.306040026247501,0.8810735940933228,0.5861797630786896,0.9722712494862543,8.0,2.0,0.6614623665809631,0.18522953987121582,0.08268279582262039,0.8938574366481308
classical_musicnet_2516__180s,classical_musicnet_2516,classical,discovery,180.0,rhythm,24,2.5960962179590243,12.004402413964272,1.807294487953186,0.6231503188610077,0.9471172695631906,3.0,0.0,0.1568150818347931,0.0651516318321228,0.05227169394493103,0.9797815761295924
classical_musicnet_2516__300s,classical_musicnet_2516,classical,discovery,300.0,acoustic_novelty_delay,24,2.370481179200902,10.841420203447342,0.7489020228385925,0.614769458770752,0.9853031139300985,6.0,1.0,0.32106325030326843,0.10123789310455322,0.0535105417172114,0.8879054039050397
classical_musicnet_2516__300s,classical_musicnet_2516,classical,discovery,300.0,rhythm,24,3.130827563541236,11.785501420497894,1.2234841585159302,0.5851737558841705,0.9679650460341143,6.0,0.0,0.24384844303131104,0.08037656545639038,0.04064140717188517,0.9115775287925693
classical_musicnet_2521__180s,classical_musicnet_2521,classical,discovery,180.0,acoustic_novelty_delay,24,2.468708235547653,11.63063870370388,1.0569636821746826,0.5907388627529144,0.9794330720585669,4.0,1.0,0.21958202123641968,0.13944464921951294,0.05489550530910492,0.7512937247654502
classical_musicnet_2521__180s,classical_musicnet_2521,classical,discovery,180.0,rhythm,24,2.603352130455672,12.933076649904251,1.815761685371399,0.5923159718513489,0.968869079175537,4.0,0.0,0.13718855381011963,0.07577085494995117,0.03429713845252991,0.7170456124499666
classical_musicnet_2521__300s,classical_musicnet_2521,classical,discovery,300.0,acoustic_novelty_delay,24,2.107784104795735,11.873392105102539,1.257380485534668,0.5879881680011749,0.9633981605217367,7.0,3.0,0.579150915145874,0.13554108142852783,0.08273584502083915,0.9480056164574034
classical_musicnet_2521__300s,classical_musicnet_2521,classical,discovery,300.0,rhythm,24,2.7770180766360237,12.524330615997314,1.34114408493042,0.510975569486618,0.9721115094924714,5.0,2.0,0.36002272367477417,0.15538495779037476,0.07200454473495484,0.7811021336973797
classical_musicnet_2527__180s,classical_musicnet_2527,classical,discovery,180.0,acoustic_novelty_delay,24,2.2453764356868704,12.894877508282661,1.5137730836868286,0.6007984578609467,0.9105378262615079,4.0,0.0,0.15285250544548035,0.08958399295806885,0.03821312636137009,0.7986060078118791
classical_musicnet_2527__180s,classical_musicnet_2527,classical,discovery,180.0,rhythm,24,3.449524410471036,10.232854038476944,0.9333586096763611,0.6568661034107208,0.9570257683532508,5.0,0.0,0.10442918539047241,0.03998976945877075,0.020885837078094483,0.8611370397339739
classical_musicnet_2527__300s,classical_musicnet_2527,classical,discovery,300.0,acoustic_novelty_delay,24,2.114180585170702,11.10511527955532,0.9390308260917664,0.6145956516265869,0.9709324149103046,7.0,1.0,0.31739675998687744,0.1090165376663208,0.045342394283839633,0.8510152634438982
classical_musicnet_2527__300s,classical_musicnet_2527,classical,discovery,300.0,rhythm,24,3.611564259111968,11.215516209602356,1.844888687133789,0.5965415835380554,0.9259285518473583,4.0,1.0,0.26602643728256226,0.1450514793395996,0.06650660932064056,0.7700637302789496
classical_musicnet_2528__180s,classical_musicnet_2528,classical,discovery,180.0,acoustic_novelty_delay,24,2.478368084417518,10.490589037537575,0.7823121547698975,0.556935727596283,0.979363583527022,4.0,1.0,0.18596675992012024,0.1549258530139923,0.04649168998003006,0.43679780723382045
classical_musicnet_2528__180s,classical_musicnet_2528,classical,discovery,180.0,rhythm,24,2.595170076123593,11.304298505187035,1.6328905820846558,0.6998291909694672,0.9199051147734726,1.0,1.0,0.11591655015945435,0.11591655015945435,0.11591655015945435,-2.2204460492503128e-16
classical_musicnet_2528__300s,classical_musicnet_2528,classical,discovery,300.0,acoustic_novelty_delay,24,2.596230613957605,9.915287524461746,1.1574947834014893,0.5201444327831268,0.9614720665311652,3.0,2.0,0.2778758406639099,0.15468257665634155,0.0926252802213033,0.7099771835517351
classical_musicnet_2528__300s,classical_musicnet_2528,classical,discovery,300.0,rhythm,24,2.777648516642967,10.99233566224575,1.3151289224624634,0.5893196165561676,0.9444999489469513,3.0,1.0,0.15635943412780762,0.1050296425819397,0.052119811375935875,0.696665881381393
classical_musicnet_2529__180s,classical_musicnet_2529,classical,discovery,180.0,acoustic_novelty_delay,24,2.2696337256880934,11.474853813648224,0.7030006647109985,0.5669333338737488,0.9908940296437084,7.0,1.0,0.41119951009750366,0.14505451917648315,0.058742787156786234,0.8707587428111552
classical_musicnet_2529__180s,classical_musicnet_2529,classical,discovery,180.0,rhythm,24,3.44377591572934,9.62456714361906,1.5994760990142822,0.47597484290599823,0.9392047897706749,3.0,0.0,0.10194152593612671,0.05605131387710571,0.03398050864537557,0.910360432266493
classical_musicnet_2529__300s,classical_musicnet_2529,classical,discovery,300.0,acoustic_novelty_delay,24,2.2150045146041464,12.582839325070381,2.6025888919830322,0.5498822033405304,0.926881436694244,4.0,0.0,0.10977298021316528,0.039737582206726074,0.02744324505329132,0.9727642334390738
classical_musicnet_2529__300s,classical_musicnet_2529,classical,discovery,300.0,rhythm,24,3.9916399640416627,8.514090336859226,0.8884533643722534,0.5267030298709869,0.9412038796164193,1.0,0.0,0.01979243755340576,0.01979243755340576,0.01979243755340576,-2.2204460492503128e-16
classical_musicnet_2530__180s,classical_musicnet_2530,classical,discovery,180.0,acoustic_novelty_delay,24,1.4959616326755605,17.035941436886787,3.304633855819702,0.6081557869911194,0.861527998622047,3.0,0.0,0.1071951687335968,0.07290175557136536,0.035731722911198936,0.6822168380497265
classical_musicnet_2530__180s,classical_musicnet_2530,classical,discovery,180.0,rhythm,24,3.200180559521028,10.836123645305634,0.7956057190895081,0.5933018922805786,0.9738011128776993,4.0,0.0,0.17695719003677368,0.09967595338821411,0.04423929750919342,0.7409392356682313
classical_musicnet_2530__300s,classical_musicnet_2530,classical,discovery,300.0,acoustic_novelty_delay,24,1.8392805587219057,11.784609615802765,1.885563611984253,0.5869035422801971,0.9328334757733612,5.0,1.0,0.35956287384033203,0.11150997877120972,0.07191257476806641,0.9341791932415676
classical_musicnet_2530__300s,classical_musicnet_2530,classical,discovery,300.0,rhythm,24,3.0490832412314193,9.957481794059277,0.8098454475402832,0.5574243664741516,0.959981361545115,3.0,0.0,0.060605406761169434,0.03466922044754028,0.020201802253723145,0.7569639515400908
classical_musicnet_2532__180s,classical_musicnet_2532,classical,discovery,180.0,acoustic_novelty_delay,24,1.8826677783045067,12.330526530742645,2.1092827320098877,0.5295044481754303,0.9353224244794964,4.0,1.0,0.32040858268737793,0.13210159540176392,0.08010214567184448,0.7914134072656452
classical_musicnet_2532__180s,classical_musicnet_2532,classical,discovery,180.0,rhythm,24,4.092604975226523,11.942101955413818,1.012537956237793,0.5889134109020233,0.9745003853346551,5.0,2.0,0.3631027042865753,0.13003802299499512,0.07262054085731506,0.9037680062613489
classical_musicnet_2532__300s,classical_musicnet_2532,classical,discovery,300.0,acoustic_novelty_delay,24,1.9081537752088518,10.203521944582462,1.4422868490219116,0.47991394996643066,0.9536208263506917,3.0,0.0,0.16985636949539185,0.0791073739528656,0.05661878983179728,0.9304884943428231
classical_musicnet_2532__300s,classical_musicnet_2532,classical,discovery,300.0,rhythm,24,3.032974254642012,12.647126391530037,1.3177109956741333,0.7079803049564362,0.9714177182255049,4.0,0.0,0.1644490361213684,0.07399606704711914,0.0411122590303421,0.9215196036583742
classical_musicnet_2533__180s,classical_musicnet_2533,classical,discovery,180.0,acoustic_novelty_delay,24,2.149409372254691,10.762792989611626,1.0315744876861572,0.6417402923107147,0.9572346427640658,3.0,1.0,0.2221035361289978,0.12930873036384583,0.07403451204299927,0.8524204830043065
classical_musicnet_2533__180s,classical_musicnet_2533,classical,discovery,180.0,rhythm,24,2.988349059038225,9.281335946172476,0.9939775466918945,0.7020630836486816,0.9061956631058258,6.0,0.0,0.12435871362686157,0.06397837400436401,0.020726452271143597,0.6589253973063612
classical_musicnet_2533__300s,classical_musicnet_2533,classical,discovery,300.0,acoustic_novelty_delay,24,2.4853319658394115,11.463828481733799,1.644010066986084,0.556695818901062,0.963367392129376,5.0,1.0,0.47337934374809265,0.26365405321121216,0.09467586874961853,0.7937397631748748
classical_musicnet_2533__300s,classical_musicnet_2533,classical,discovery,300.0,rhythm,24,3.4305143553159025,9.670559573918581,1.03328537940979,0.566094845533371,0.9443606888165559,6.0,1.0,0.30981770157814026,0.10627597570419312,0.05163628359635671,0.8583393280176896
classical_musicnet_2538__180s,classical_musicnet_2538,classical,discovery,180.0,acoustic_novelty_delay,24,2.4913396657360147,11.87680684030056,1.2977008819580078,0.634079784154892,0.9701819076501584,0.0,0.0,0.0,0.0,0.0,0.0
classical_musicnet_2538__180s,classical_musicnet_2538,classical,discovery,180.0,rhythm,24,3.463816836776491,9.330964908003807,0.8686227798461914,0.5192787647247314,0.9651802215723108,7.0,1.0,0.357532262802124,0.12905395030975342,0.05107603754316058,0.8124993075042353
classical_musicnet_2538__300s,classical_musicnet_2538,classical,discovery,300.0,acoustic_novelty_delay,24,2.329941922204955,13.28934858739376,2.1933367252349854,0.5699423551559448,0.9538947090726344,9.0,2.0,0.5177524089813232,0.11893045902252197,0.05752804544236925,0.8971811386382776
classical_musicnet_2538__300s,classical_musicnet_2538,classical,discovery,300.0,rhythm,24,3.835657724794202,9.338267717510462,1.0519379377365112,0.502370223402977,0.9534756055420248,5.0,0.0,0.17626872658729553,0.08275315165519714,0.035253745317459104,0.7534485393967918
classical_musicnet_2555__180s,classical_musicnet_2555,classical,discovery,180.0,acoustic_novelty_delay,24,2.384838322292737,11.733815267682076,1.254197120666504,0.5236770510673523,0.9794497985516569,5.0,1.0,0.4831479787826538,0.28685837984085083,0.09662959575653077,0.7148131964999753
classical_musicnet_2555__180s,classical_musicnet_2555,classical,discovery,180.0,rhythm,24,3.79674713982957,9.580348715186119,0.8901799917221069,0.5539751350879669,0.9549554107553454,3.0,2.0,0.30670005083084106,0.13556522130966187,0.10223335027694702,0.9107227666837295
classical_musicnet_2555__300s,classical_musicnet_2555,classical,discovery,300.0,acoustic_novelty_delay,24,2.3193476792061007,11.157730489969254,1.0005830526351929,0.5574007928371429,0.9834564299754188,6.0,1.0,0.3179621398448944,0.18415343761444092,0.05299368997414907,0.7055393677992036
classical_musicnet_2555__300s,classical_musicnet_2555,classical,discovery,300.0,rhythm,24,3.9756271021998635,9.20668825507164,0.8467116951942444,0.5320327877998352,0.9483143113270173,2.0,0.0,0.09036913514137268,0.07660621404647827,0.04518456757068634,0.6155580795154328
classical_musicnet_2557__180s,classical_musicnet_2557,classical,discovery,180.0,acoustic_novelty_delay,24,2.530049812839125,10.986351057887077,1.0404472351074219,0.5618753135204315,0.9722108851031024,7.0,0.0,0.20719844102859497,0.06011378765106201,0.029599777289799283,0.9140746073608496
classical_musicnet_2557__180s,classical_musicnet_2557,classical,discovery,180.0,rhythm,24,3.337726555367027,10.36445777863264,0.7754738330841064,0.6988653838634491,0.9577525897151321,6.0,2.0,0.36161938309669495,0.12064385414123535,0.06026989718278249,0.8658388377857944
classical_musicnet_2557__300s,classical_musicnet_2557,classical,discovery,300.0,acoustic_novelty_delay,24,2.5671384030206554,11.423764124512672,1.2297046184539795,0.5711368918418884,0.9728220953311797,7.0,3.0,0.6931970119476318,0.1846371293067932,0.0990281445639474,0.9167977548166276
classical_musicnet_2557__300s,classical_musicnet_2557,classical,discovery,300.0,rhythm,24,2.422545549086056,11.165353775024414,1.062466025352478,0.631680965423584,0.9660397640269021,6.0,0.0,0.16647294163703918,0.06486469507217407,0.027745490272839863,0.8007356497421113
classical_musicnet_2582__180s,classical_musicnet_2582,classical,discovery,180.0,acoustic_novelty_delay,24,2.4217395954504566,11.280506029725075,0.7918936610221863,0.5995100736618042,0.9807438538376066,11.0,2.0,0.5966183543205261,0.1621195673942566,0.05423803221095692,0.8470195113116329
classical_musicnet_2582__180s,classical_musicnet_2582,classical,discovery,180.0,rhythm,24,2.70297786995403,11.31994353234768,1.1503970623016357,0.5612986385822296,0.9563191873740078,5.0,1.0,0.24550005793571472,0.13625162839889526,0.049100011587142944,0.7775715810706428
classical_musicnet_2582__300s,classical_musicnet_2582,classical,discovery,300.0,acoustic_novelty_delay,24,2.4311112480607733,10.76915192604065,1.229086995124817,0.5111155360937119,0.9773185060628538,2.0,1.0,0.210229754447937,0.13684087991714478,0.1051148772239685,0.9332517361393614
classical_musicnet_2582__300s,classical_musicnet_2582,classical,discovery,300.0,rhythm,24,2.845415612042494,12.195095911622047,2.017296552658081,0.5201948881149292,0.9402348170371241,5.0,2.0,0.5052839517593384,0.23594194650650024,0.10105679035186768,0.8057015124721514
classical_musicnet_2586__180s,classical_musicnet_2586,classical,discovery,180.0,acoustic_novelty_delay,24,2.209826921367903,10.681334272027016,1.027854084968567,0.4867965430021286,0.9719063339297126,4.0,1.0,0.25705525279045105,0.1423000693321228,0.06426381319761276,0.8050145311692621
classical_musicnet_2586__180s,classical_musicnet_2586,classical,discovery,180.0,rhythm,24,3.0509786397006766,11.36721920967102,0.9985656142234802,0.6277025640010834,0.9777128541497192,7.0,2.0,0.49744275212287903,0.11149388551712036,0.07106325030326843,0.9320271987673548
classical_musicnet_2586__300s,classical_musicnet_2586,classical,discovery,300.0,acoustic_novelty_delay,24,2.217775943305294,12.931489750742912,1.8884787559509277,0.5976879596710205,0.9250539297284371,6.0,0.0,0.23765286803245544,0.09853264689445496,0.039608811338742576,0.8054306951575029
classical_musicnet_2586__300s,classical_musicnet_2586,classical,discovery,300.0,rhythm,24,3.235807596906213,8.893070738762617,1.1619917154312134,0.484281986951828,0.9208033320231397,3.0,0.0,0.0597190260887146,0.04582768678665161,0.019906342029571533,0.5038942729268895
classical_musicnet_2590__180s,classical_musicnet_2590,classical,discovery,180.0,acoustic_novelty_delay,24,2.301997541382674,10.769738167524338,1.35546875,0.5900084376335144,0.9476441977225072,3.0,0.0,0.0867176353931427,0.0714300274848938,0.0289058784643809,0.5211674414067288
classical_musicnet_2590__180s,classical_musicnet_2590,classical,discovery,180.0,rhythm,24,3.3792269224635474,10.281720854341984,1.2368719577789307,0.5648403763771057,0.9159872399031103,5.0,1.0,0.34698933362960815,0.21018004417419434,0.06939786672592163,0.7104157172230363
classical_musicnet_2590__300s,classical_musicnet_2590,classical,discovery,300.0,acoustic_novelty_delay,24,2.683007248171055,10.323292091488838,1.2979276180267334,0.5052421689033508,0.950970429891338,2.0,0.0,0.10264250636100769,0.07634636759757996,0.051321253180503845,0.8209447556483574
classical_musicnet_2590__300s,classical_musicnet_2590,classical,discovery,300.0,rhythm,24,2.5920228089155897,10.431971423327923,1.9552497863769531,0.5848018527030945,0.9119012320127392,3.0,1.0,0.20149904489517212,0.17396914958953857,0.0671663482983907,0.4306316726926222
classical_musicnet_2603__180s,classical_musicnet_2603,classical,discovery,180.0,acoustic_novelty_delay,24,2.302836348160916,9.155021362006664,0.7397907376289368,0.5377397239208221,0.9609630593892043,0.0,0.0,0.0,0.0,0.0,0.0
classical_musicnet_2603__180s,classical_musicnet_2603,classical,discovery,180.0,rhythm,24,2.6092489783739,12.433618567883968,1.412394404411316,0.7840536534786224,0.9259827769144041,5.0,0.0,0.1320837140083313,0.05749654769897461,0.02641674280166626,0.8573043072094492
classical_musicnet_2603__300s,classical_musicnet_2603,classical,discovery,300.0,acoustic_novelty_delay,24,1.8576748000337662,11.945914693176746,1.2131904363632202,0.6142630577087402,0.9590703388640459,4.0,0.0,0.11671999096870422,0.06930339336395264,0.029179997742176056,0.7302792586068871
classical_musicnet_2603__300s,classical_musicnet_2603,classical,discovery,300.0,rhythm,24,2.64799561276359,14.755685210227966,2.4083950519561768,0.6606293022632599,0.9148466126729665,1.0,0.0,0.027469754219055176,0.027469754219055176,0.027469754219055176,-2.2204460492503128e-16
classical_musicnet_2608__180s,classical_musicnet_2608,classical,discovery,180.0,acoustic_novelty_delay,24,2.478810906986269,11.87907925248146,1.1625241041183472,0.6151411533355713,0.9670412005326361,6.0,1.0,0.4001573324203491,0.1897081732749939,0.06669288873672485,0.7028794751722931
classical_musicnet_2608__180s,classical_musicnet_2608,classical,discovery,180.0,rhythm,24,3.0938194148782725,11.472838371992111,0.9422411322593689,0.6137001216411591,0.9788349130094551,6.0,0.0,0.2902718186378479,0.08287018537521362,0.04837863643964132,0.9124836830728412
classical_musicnet_2608__300s,classical_musicnet_2608,classical,discovery,300.0,acoustic_novelty_delay,24,2.325733033975227,11.62287387251854,0.9253175258636475,0.5962326228618622,0.9776532010529511,8.0,2.0,0.5352752804756165,0.13426250219345093,0.06690941005945206,0.8937868945585068
classical_musicnet_2608__300s,classical_musicnet_2608,classical,discovery,300.0,rhythm,24,3.3113767993585794,10.869842328131199,1.0697846412658691,0.6111480891704559,0.9630158446361287,1.0,0.0,0.005013585090637207,0.005013585090637207,0.005013585090637207,-2.2204460492503128e-16
classical_musicnet_2619__180s,classical_musicnet_2619,classical,discovery,180.0,acoustic_novelty_delay,24,2.596847212642891,11.103527784347534,1.1742180585861206,0.5240266025066376,0.9757025639498554,4.0,1.0,0.23095309734344482,0.11466801166534424,0.057738274335861206,0.8182251191278569
classical_musicnet_2619__180s,classical_musicnet_2619,classical,discovery,180.0,rhythm,24,3.778254963988708,8.415201667696238,0.9445120096206665,0.4747620075941086,0.9324770994496314,2.0,0.0,0.07192742824554443,0.036070942878723145,0.03596371412277222,0.9999935873335934
classical_musicnet_2619__300s,classical_musicnet_2619,classical,discovery,300.0,acoustic_novelty_delay,24,2.618558277819811,11.510502126067877,1.4028675556182861,0.6620419025421143,0.9405326093661898,3.0,0.0,0.10414990782737732,0.055257320404052734,0.034716635942459106,0.8183791374977654
classical_musicnet_2619__300s,classical_musicnet_2619,classical,discovery,300.0,rhythm,24,2.947917177589965,11.626476965844631,1.870042324066162,0.616998702287674,0.9275971121157979,4.0,0.0,0.2020443081855774,0.08695149421691895,0.05051107704639435,0.7675947398963825
classical_musicnet_2622__180s,classical_musicnet_2622,classical,discovery,180.0,acoustic_novelty_delay,24,1.936937187119633,11.482978031039238,1.849689245223999,0.49506455659866333,0.9534834510799822,5.0,2.0,0.4480840861797333,0.18549734354019165,0.08961681723594665,0.7891488817702044
classical_musicnet_2622__180s,classical_musicnet_2622,classical,discovery,180.0,rhythm,24,2.6937985274316247,10.218684673309326,1.3763337135314941,0.5252173393964767,0.9494854796423045,4.0,0.0,0.055117011070251465,0.032749056816101074,0.013779252767562866,0.7680256425932502
classical_musicnet_2622__300s,classical_musicnet_2622,classical,discovery,300.0,acoustic_novelty_delay,24,2.4182736982817734,12.137859746813774,1.656220555305481,0.5986294150352478,0.9430722335896841,7.0,1.0,0.4224262833595276,0.16826629638671875,0.06034661190850394,0.8571619522107977
classical_musicnet_2622__300s,classical_musicnet_2622,classical,discovery,300.0,rhythm,24,2.612831720200983,10.046723820269108,0.7646691799163818,0.6181950867176056,0.9663265350271246,4.0,0.0,0.15960043668746948,0.0879892110824585,0.03990010917186737,0.6258240426321369
classical_musicnet_2628__180s,classical_musicnet_2628,classical,discovery,180.0,acoustic_novelty_delay,24,2.048312409094048,12.50454330444336,2.139197826385498,0.6538096070289612,0.9367281961679927,2.0,0.0,0.108915776014328,0.08054456114768982,0.054457888007164,0.8274813562763
classical_musicnet_2628__180s,classical_musicnet_2628,classical,discovery,180.0,rhythm,24,2.871444874229908,9.92121022939682,0.8247673511505127,0.5573617517948151,0.9716709298669025,8.0,1.0,0.4367845058441162,0.13395625352859497,0.054598063230514526,0.8845093633911058
classical_musicnet_2628__300s,classical_musicnet_2628,classical,discovery,300.0,acoustic_novelty_delay,24,2.048312409094048,12.50454330444336,2.139197826385498,0.6538096070289612,0.9367281961679927,2.0,0.0,0.108915776014328,0.08054456114768982,0.054457888007164,0.8274813562763
classical_musicnet_2628__300s,classical_musicnet_2628,classical,discovery,300.0,rhythm,24,2.871444874229908,9.92121022939682,0.8247673511505127,0.5573617517948151,0.9716709298669025,8.0,1.0,0.4367845058441162,0.13395625352859497,0.054598063230514526,0.8845093633911058
classical_musicnet_2629__180s,classical_musicnet_2629,classical,discovery,180.0,acoustic_novelty_delay,24,2.69352546861698,9.787073910236359,0.8487274050712585,0.50855752825737,0.9768840551280294,5.0,2.0,0.43857014179229736,0.18055081367492676,0.08771402835845947,0.7501013434413573
classical_musicnet_2629__180s,classical_musicnet_2629,classical,discovery,180.0,rhythm,24,2.6644403046588554,11.129368083551526,1.5142321586608887,0.49577194452285767,0.9336802370491201,4.0,0.0,0.09629309177398682,0.05724656581878662,0.024073272943496704,0.6565373192182076
classical_musicnet_2629__300s,classical_musicnet_2629,classical,discovery,300.0,acoustic_novelty_delay,24,2.256755789929165,9.634473279118538,0.8271047472953796,0.4747290164232254,0.9731866012924943,6.0,2.0,0.4473506510257721,0.12961441278457642,0.07455844183762868,0.9040132646209765
classical_musicnet_2629__300s,classical_musicnet_2629,classical,discovery,300.0,rhythm,24,2.9914653755842022,10.758360490202904,0.969327449798584,0.6158740818500519,0.9756355187181852,6.0,1.0,0.2549854516983032,0.13476169109344482,0.04249757528305054,0.6622345782711374
classical_musicnet_2633__180s,classical_musicnet_2633,classical,discovery,180.0,acoustic_novelty_delay,24,2.4240948633229804,10.38037857413292,1.1552841663360596,0.5819111466407776,0.9574510174861774,6.0,1.0,0.2435249388217926,0.12438738346099854,0.0405874898036321,0.6282535151785418
classical_musicnet_2633__180s,classical_musicnet_2633,classical,discovery,180.0,rhythm,24,2.6341606769950023,10.27443177998066,0.9386293292045593,0.49601973593235016,0.9803224769241662,3.0,0.0,0.12798744440078735,0.06520748138427734,0.042662481466929116,0.9106446903381049
classical_musicnet_2633__300s,classical_musicnet_2633,classical,discovery,300.0,acoustic_novelty_delay,24,2.3895011440894613,12.587640583515167,2.090837001800537,0.5435881018638611,0.9363365743001785,5.0,2.0,0.4198697805404663,0.13822221755981445,0.08397395610809326,0.9483529558203149
classical_musicnet_2633__300s,classical_musicnet_2633,classical,discovery,300.0,rhythm,24,3.117942788450395,11.256057113409042,1.2155684232711792,0.592387318611145,0.9407901812004988,3.0,1.0,0.14797016978263855,0.13311517238616943,0.04932338992754618,0.3596993111334788
classical_musicnet_2659__180s,classical_musicnet_2659,classical,discovery,180.0,acoustic_novelty_delay,24,2.2760210178303826,11.996966570615768,1.2388441562652588,0.5967313945293427,0.9756375562443448,8.0,2.0,0.4891582727432251,0.14607441425323486,0.06114478409290314,0.8514128709516283
classical_musicnet_2659__180s,classical_musicnet_2659,classical,discovery,180.0,rhythm,24,1.781733228140458,13.459861936513335,3.3965423107147217,0.5915871560573578,0.8873372011162998,4.0,0.0,0.1563582420349121,0.054469168186187744,0.03908956050872803,0.9215419330082943
classical_musicnet_2659__300s,classical_musicnet_2659,classical,discovery,300.0,acoustic_novelty_delay,24,2.2760210178303826,11.996966570615768,1.2388441562652588,0.5967313945293427,0.9756375562443448,8.0,2.0,0.4891582727432251,0.14607441425323486,0.06114478409290314,0.8514128709516283
classical_musicnet_2659__300s,classical_musicnet_2659,classical,discovery,300.0,rhythm,24,1.781733228140458,13.459861936513335,3.3965423107147217,0.5915871560573578,0.8873372011162998,4.0,0.0,0.1563582420349121,0.054469168186187744,0.03908956050872803,0.9215419330082943
classical_musicnet_2677__180s,classical_musicnet_2677,classical,discovery,180.0,acoustic_novelty_delay,24,2.4031104847732982,12.206970065832138,1.7182644605636597,0.6421197056770325,0.9286779411995792,4.0,1.0,0.19968628883361816,0.10496935248374939,0.04992157220840454,0.7991617177868334
classical_musicnet_2677__180s,classical_musicnet_2677,classical,discovery,180.0,rhythm,24,3.362575558734458,10.025471583008766,1.0841022729873657,0.5793365240097046,0.9600458204239218,5.0,1.0,0.25067222118377686,0.15138113498687744,0.05013444423675537,0.6734171475462647
classical_musicnet_2677__300s,classical_musicnet_2677,classical,discovery,300.0,acoustic_novelty_delay,24,2.443562897715328,11.381802894175053,1.6166133880615234,0.5204814076423645,0.9474992273731202,4.0,1.0,0.23118698596954346,0.10266238451004028,0.057796746492385864,0.8188957222533818
classical_musicnet_2677__300s,classical_musicnet_2677,classical,discovery,300.0,rhythm,24,3.5502376929974107,11.509063675999641,1.0551904439926147,0.5887253284454346,0.9700086823239701,7.0,1.0,0.42596185207366943,0.17980432510375977,0.06085169315338135,0.8096484987590234
classical_musicnet_2678__180s,classical_musicnet_2678,classical,discovery,180.0,acoustic_novelty_delay,24,2.5334056135831102,11.026242688298225,1.156321406364441,0.5580688118934631,0.9779757667837375,7.0,2.0,0.5833038687705994,0.1825653314590454,0.08332912411008563,0.904679190990969
classical_musicnet_2678__180s,classical_musicnet_2678,classical,discovery,180.0,rhythm,24,3.1033999464082376,10.72122898697853,1.2451523542404175,0.6109887659549713,0.9634573645602469,2.0,1.0,0.16852104663848877,0.15279430150985718,0.08426052331924438,0.44746254682795916
classical_musicnet_2678__300s,classical_musicnet_2678,classical,discovery,300.0,acoustic_novelty_delay,24,2.425595683940385,9.903862610459328,0.6901938915252686,0.5503033995628357,0.9760536409137851,2.0,1.0,0.2263088822364807,0.13075244426727295,0.11315444111824036,0.982481681838944
classical_musicnet_2678__300s,classical_musicnet_2678,classical,discovery,300.0,rhythm,24,2.907417786450101,11.66992761939764,1.2738908529281616,0.6294806599617004,0.9623046772118353,6.0,1.0,0.3363431692123413,0.16853690147399902,0.05605719486872355,0.6784330866947424
classical_musopen_0ddcc98bc949__180s,classical_musopen_0ddcc98bc949,classical,discovery,180.0,acoustic_novelty_delay,24,2.143269080265628,11.629404529929161,1.8357126712799072,0.5515108406543732,0.9428580725840958,3.0,1.0,0.16317570209503174,0.12978869676589966,0.05439190069834391,0.5110301860435474
classical_musopen_0ddcc98bc949__180s,classical_musopen_0ddcc98bc949,classical,discovery,180.0,rhythm,24,2.611629736955221,10.843432039022446,1.6468002796173096,0.5742323994636536,0.9350629329485225,6.0,0.0,0.1883414089679718,0.061644285917282104,0.0313902348279953,0.8771272806174134
classical_musopen_0ddcc98bc949__300s,classical_musopen_0ddcc98bc949,classical,discovery,300.0,acoustic_novelty_delay,24,2.143269080265628,11.629404529929161,1.8357126712799072,0.5515108406543732,0.9428580725840958,3.0,1.0,0.16317570209503174,0.12978869676589966,0.05439190069834391,0.5110301860435474
classical_musopen_0ddcc98bc949__300s,classical_musopen_0ddcc98bc949,classical,discovery,300.0,rhythm,24,2.611629736955221,10.843432039022446,1.6468002796173096,0.5742323994636536,0.9350629329485225,6.0,0.0,0.1883414089679718,0.061644285917282104,0.0313902348279953,0.8771272806174134
classical_musopen_12241f03c895__180s,classical_musopen_12241f03c895,classical,discovery,180.0,acoustic_novelty_delay,24,2.5186656708044257,11.92600317299366,1.8819645643234253,0.5700140297412872,0.9520434318463066,5.0,2.0,0.491327166557312,0.19531655311584473,0.0982654333114624,0.8339967424768545
classical_musopen_12241f03c895__180s,classical_musopen_12241f03c895,classical,discovery,180.0,rhythm,24,3.4586946814922723,8.784464612603188,0.7103787064552307,0.4869653582572937,0.9701841943407102,4.0,1.0,0.30041295289993286,0.16661357879638672,0.07510323822498322,0.7657156663836423
classical_musopen_12241f03c895__300s,classical_musopen_12241f03c895,classical,discovery,300.0,acoustic_novelty_delay,24,2.5186656708044257,11.92600317299366,1.8819645643234253,0.5700140297412872,0.9520434318463066,5.0,2.0,0.491327166557312,0.19531655311584473,0.0982654333114624,0.8339967424768545
classical_musopen_12241f03c895__300s,classical_musopen_12241f03c895,classical,discovery,300.0,rhythm,24,3.4586946814922723,8.784464612603188,0.7103787064552307,0.4869653582572937,0.9701841943407102,4.0,1.0,0.30041295289993286,0.16661357879638672,0.07510323822498322,0.7657156663836423
classical_musopen_12be103565ed__180s,classical_musopen_12be103565ed,classical,discovery,180.0,acoustic_novelty_delay,24,2.5007660498999758,12.072616904973984,1.2080854177474976,0.6472183763980865,0.9708047483643827,4.0,0.0,0.028876423835754395,0.01903754472732544,0.007219105958938599,0.6773386353795937
classical_musopen_12be103565ed__180s,classical_musopen_12be103565ed,classical,discovery,180.0,rhythm,24,2.721027918770189,11.840614795684814,1.1211562156677246,0.67544886469841,0.9622372196635479,6.0,2.0,0.39650171995162964,0.16572999954223633,0.06608361999193828,0.7240395737844468
classical_musopen_12be103565ed__300s,classical_musopen_12be103565ed,classical,discovery,300.0,acoustic_novelty_delay,24,2.5345361058179434,9.870003588497639,0.7512412667274475,0.5329443514347076,0.9737926807571295,5.0,1.0,0.3651098310947418,0.1631554365158081,0.07302196621894837,0.8543640460135168
classical_musopen_12be103565ed__300s,classical_musopen_12be103565ed,classical,discovery,300.0,rhythm,24,3.1162088542893445,10.252373814582825,1.1999484300613403,0.5852497518062592,0.9567837924599804,5.0,1.0,0.2914019227027893,0.1393418312072754,0.05828038454055786,0.8047297014063066
classical_musopen_1551871968d3__180s,classical_musopen_1551871968d3,classical,discovery,180.0,acoustic_novelty_delay,24,2.0789535222684514,11.412033915519714,1.4663927555084229,0.5135435163974762,0.9578666538322954,4.0,0.0,0.118003249168396,0.08243411779403687,0.029500812292099,0.6415055309485183
classical_musopen_1551871968d3__180s,classical_musopen_1551871968d3,classical,discovery,180.0,rhythm,24,1.986108680602542,14.265477821230888,2.0959813594818115,0.5571098625659943,0.9389152443479971,5.0,0.0,0.22130036354064941,0.09395968914031982,0.044260072708129886,0.8265520153165979
classical_musopen_1551871968d3__300s,classical_musopen_1551871968d3,classical,discovery,300.0,acoustic_novelty_delay,24,2.0789535222684514,11.412033915519714,1.4663927555084229,0.5135435163974762,0.9578666538322954,4.0,0.0,0.118003249168396,0.08243411779403687,0.029500812292099,0.6415055309485183
classical_musopen_1551871968d3__300s,classical_musopen_1551871968d3,classical,discovery,300.0,rhythm,24,1.986108680602542,14.265477821230888,2.0959813594818115,0.5571098625659943,0.9389152443479971,5.0,0.0,0.22130036354064941,0.09395968914031982,0.044260072708129886,0.8265520153165979
classical_musopen_19bfd66ce0b8__180s,classical_musopen_19bfd66ce0b8,classical,discovery,180.0,acoustic_novelty_delay,24,2.6132541320019858,10.252526625990868,0.8731696009635925,0.5872412323951721,0.9656199454199209,2.0,1.0,0.11707061529159546,0.10450625419616699,0.05853530764579773,0.4917879119053283
classical_musopen_19bfd66ce0b8__180s,classical_musopen_19bfd66ce0b8,classical,discovery,180.0,rhythm,24,2.6520073691493713,10.48968230187893,1.0605508089065552,0.5303711891174316,0.9629042332927497,4.0,1.0,0.3208639621734619,0.14892852306365967,0.08021599054336548,0.8665512088697656
classical_musopen_19bfd66ce0b8__300s,classical_musopen_19bfd66ce0b8,classical,discovery,300.0,acoustic_novelty_delay,24,2.6132541320019858,10.252526625990868,0.8731696009635925,0.5872412323951721,0.9656199454199209,2.0,1.0,0.11707061529159546,0.10450625419616699,0.05853530764579773,0.4917879119053283
classical_musopen_19bfd66ce0b8__300s,classical_musopen_19bfd66ce0b8,classical,discovery,300.0,rhythm,24,2.6520073691493713,10.48968230187893,1.0605508089065552,0.5303711891174316,0.9629042332927497,4.0,1.0,0.3208639621734619,0.14892852306365967,0.08021599054336548,0.8665512088697656
classical_musopen_22818b508e94__180s,classical_musopen_22818b508e94,classical,discovery,180.0,acoustic_novelty_delay,24,2.656110173824925,11.277461230754852,1.3971993923187256,0.5764239728450775,0.9699501375689418,6.0,0.0,0.24781262874603271,0.08909988403320312,0.041302104791005455,0.9125355115727883
classical_musopen_22818b508e94__180s,classical_musopen_22818b508e94,classical,discovery,180.0,rhythm,24,2.10547119748938,11.875071749091148,1.0879454612731934,0.6974888145923615,0.9597765475039348,3.0,0.0,0.19861933588981628,0.08355361223220825,0.06620644529660542,0.9604775569725691
classical_musopen_22818b508e94__300s,classical_musopen_22818b508e94,classical,discovery,300.0,acoustic_novelty_delay,24,2.656110173824925,11.277461230754852,1.3971993923187256,0.5764239728450775,0.9699501375689418,6.0,0.0,0.24781262874603271,0.08909988403320312,0.041302104791005455,0.9125355115727883
classical_musopen_22818b508e94__300s,classical_musopen_22818b508e94,classical,discovery,300.0,rhythm,24,2.10547119748938,11.875071749091148,1.0879454612731934,0.6974888145923615,0.9597765475039348,3.0,0.0,0.19861933588981628,0.08355361223220825,0.06620644529660542,0.9604775569725691
classical_musopen_2431e0d1cb75__180s,classical_musopen_2431e0d1cb75,classical,discovery,180.0,acoustic_novelty_delay,24,1.622099898671718,15.200721502304077,5.086172580718994,0.5751159191131592,0.8453530257567815,4.0,2.0,0.23811087012290955,0.11761474609375,0.059527717530727386,0.6786063358065926
classical_musopen_2431e0d1cb75__180s,classical_musopen_2431e0d1cb75,classical,discovery,180.0,rhythm,24,2.3753556533736253,12.819526970386505,1.8187355995178223,0.6115486323833466,0.9434961798925974,7.0,1.0,0.3035915493965149,0.10814958810806274,0.04337022134235927,0.8418063827840927
classical_musopen_2431e0d1cb75__300s,classical_musopen_2431e0d1cb75,classical,discovery,300.0,acoustic_novelty_delay,24,1.622099898671718,15.200721502304077,5.086172580718994,0.5751159191131592,0.8453530257567815,4.0,2.0,0.23811087012290955,0.11761474609375,0.059527717530727386,0.6786063358065926
classical_musopen_2431e0d1cb75__300s,classical_musopen_2431e0d1cb75,classical,discovery,300.0,rhythm,24,2.3753556533736253,12.819526970386505,1.8187355995178223,0.6115486323833466,0.9434961798925974,7.0,1.0,0.3035915493965149,0.10814958810806274,0.04337022134235927,0.8418063827840927
classical_musopen_267eb0cfe9bf__180s,classical_musopen_267eb0cfe9bf,classical,discovery,180.0,acoustic_novelty_delay,24,2.0729144555974095,11.674643985927105,1.4279732704162598,0.6299374103546143,0.9526973378853127,4.0,1.0,0.26327434182167053,0.12405604124069214,0.06581858545541763,0.8913874318644941
classical_musopen_267eb0cfe9bf__180s,classical_musopen_267eb0cfe9bf,classical,discovery,180.0,rhythm,24,3.0337815790378597,11.951534658670425,1.60359787940979,0.6270771324634552,0.9588888130854848,3.0,0.0,0.20903217792510986,0.09214287996292114,0.06967739264170329,0.961308376238988
classical_musopen_267eb0cfe9bf__300s,classical_musopen_267eb0cfe9bf,classical,discovery,300.0,acoustic_novelty_delay,24,2.1440276723718275,12.119241669774055,1.6713043451309204,0.5928712487220764,0.9442919943380926,8.0,2.0,0.5169597864151001,0.13111251592636108,0.06461997330188751,0.8990065236046091
classical_musopen_267eb0cfe9bf__300s,classical_musopen_267eb0cfe9bf,classical,discovery,300.0,rhythm,24,3.243032571732577,13.25085762143135,1.453278660774231,0.6244798898696899,0.9570236997966254,7.0,1.0,0.2970453202724457,0.10263204574584961,0.04243504575320652,0.7401037300660922
classical_musopen_26a41c433b68__180s,classical_musopen_26a41c433b68,classical,discovery,180.0,acoustic_novelty_delay,24,1.408881628377209,14.435880199074745,2.4957871437072754,0.6482173800468445,0.9025474677586733,5.0,2.0,0.2846341133117676,0.11054253578186035,0.056926822662353514,0.8270924417897071
classical_musopen_26a41c433b68__180s,classical_musopen_26a41c433b68,classical,discovery,180.0,rhythm,24,3.5658098322346996,9.764592561870813,1.0945861339569092,0.49542732536792755,0.9564062251737424,4.0,0.0,0.1818569302558899,0.08943095803260803,0.04546423256397247,0.8693230265682005
classical_musopen_26a41c433b68__300s,classical_musopen_26a41c433b68,classical,discovery,300.0,acoustic_novelty_delay,24,1.408881628377209,14.435880199074745,2.4957871437072754,0.6482173800468445,0.9025474677586733,5.0,2.0,0.2846341133117676,0.11054253578186035,0.056926822662353514,0.8270924417897071
classical_musopen_26a41c433b68__300s,classical_musopen_26a41c433b68,classical,discovery,300.0,rhythm,24,3.5658098322346996,9.764592561870813,1.0945861339569092,0.49542732536792755,0.9564062251737424,4.0,0.0,0.1818569302558899,0.08943095803260803,0.04546423256397247,0.8693230265682005
classical_musopen_39eaf7f62acd__180s,classical_musopen_39eaf7f62acd,classical,discovery,180.0,acoustic_novelty_delay,24,2.543508748355273,11.816789865493774,0.8859949111938477,0.5824328362941742,0.9791210228539872,6.0,1.0,0.38326090574264526,0.1393769383430481,0.06387681762377422,0.9089082228659741
classical_musopen_39eaf7f62acd__180s,classical_musopen_39eaf7f62acd,classical,discovery,180.0,rhythm,24,2.972825348509933,11.418574623763561,1.2330299615859985,0.5876699388027191,0.9567304890511719,2.0,1.0,0.12628620862960815,0.10231119394302368,0.06314310431480408,0.7011505705146232
classical_musopen_39eaf7f62acd__300s,classical_musopen_39eaf7f62acd,classical,discovery,300.0,acoustic_novelty_delay,24,2.835355184048562,10.759115114808083,1.1749988794326782,0.5568802356719971,0.9674298038361961,7.0,1.0,0.274608850479126,0.10150337219238281,0.03922983578273228,0.7500303571654926
classical_musopen_39eaf7f62acd__300s,classical_musopen_39eaf7f62acd,classical,discovery,300.0,rhythm,24,3.8637304688669927,8.749231934547424,1.0059531927108765,0.43448033928871155,0.9637748267879623,2.0,1.0,0.1359553337097168,0.10523021221160889,0.0679776668548584,0.7709627272611834
classical_musopen_3d194a9bdaa5__180s,classical_musopen_3d194a9bdaa5,classical,discovery,180.0,acoustic_novelty_delay,24,2.3525101985658425,12.745640248060226,2.5754809379577637,0.6536866724491119,0.9155744043253605,7.0,1.0,0.3588791638612747,0.1754755973815918,0.0512684519801821,0.7370849382952037
classical_musopen_3d194a9bdaa5__180s,classical_musopen_3d194a9bdaa5,classical,discovery,180.0,rhythm,24,3.646662859870389,10.25254638493061,0.9872486591339111,0.5556603372097015,0.9766019197358308,4.0,2.0,0.43667423725128174,0.20345234870910645,0.10916855931282043,0.8140085455090456
classical_musopen_3d194a9bdaa5__300s,classical_musopen_3d194a9bdaa5,classical,discovery,300.0,acoustic_novelty_delay,24,2.3525101985658425,12.745640248060226,2.5754809379577637,0.6536866724491119,0.9155744043253605,7.0,1.0,0.3588791638612747,0.1754755973815918,0.0512684519801821,0.7370849382952037
classical_musopen_3d194a9bdaa5__300s,classical_musopen_3d194a9bdaa5,classical,discovery,300.0,rhythm,24,3.646662859870389,10.25254638493061,0.9872486591339111,0.5556603372097015,0.9766019197358308,4.0,2.0,0.43667423725128174,0.20345234870910645,0.10916855931282043,0.8140085455090456
classical_musopen_3f120e57880d__180s,classical_musopen_3f120e57880d,classical,discovery,180.0,acoustic_novelty_delay,24,1.5171396653687574,13.44362011551857,3.392427444458008,0.5176476091146469,0.8704458070109636,2.0,0.0,0.06595095992088318,0.060107409954071045,0.03297547996044159,0.43179449233633566
classical_musopen_3f120e57880d__180s,classical_musopen_3f120e57880d,classical,discovery,180.0,rhythm,24,3.0756535492333406,10.33336491882801,1.0211782455444336,0.526931643486023,0.9644595250713203,3.0,0.0,0.10679304599761963,0.06280171871185303,0.03559768199920654,0.8439397100142774
classical_musopen_3f120e57880d__300s,classical_musopen_3f120e57880d,classical,discovery,300.0,acoustic_novelty_delay,24,1.8194776236031953,14.11784940958023,3.062756299972534,0.5898158252239227,0.9039886599789984,3.0,0.0,0.19087716937065125,0.09008669853210449,0.06362572312355042,0.9614318999770154
classical_musopen_3f120e57880d__300s,classical_musopen_3f120e57880d,classical,discovery,300.0,rhythm,24,3.751036576436583,11.00175629556179,1.0246754884719849,0.5611687898635864,0.9681174540609802,4.0,0.0,0.19056767225265503,0.0876392126083374,0.04764191806316376,0.9124007041317399
classical_musopen_4832911d08b7__180s,classical_musopen_4832911d08b7,classical,discovery,180.0,acoustic_novelty_delay,24,2.0345337229204974,12.902342986315489,3.186149835586548,0.5292133390903473,0.8931691502138369,4.0,0.0,0.24608469009399414,0.0703057050704956,0.061521172523498535,0.9860796876651193
classical_musopen_4832911d08b7__180s,classical_musopen_4832911d08b7,classical,discovery,180.0,rhythm,24,2.9544394943406016,11.512167781591415,0.86427903175354,0.6426795721054077,0.9792485913613533,4.0,1.0,0.20132774114608765,0.11338150501251221,0.05033193528652191,0.8159247681501627
classical_musopen_4832911d08b7__300s,classical_musopen_4832911d08b7,classical,discovery,300.0,acoustic_novelty_delay,24,2.0345337229204974,12.902342986315489,3.186149835586548,0.5292133390903473,0.8931691502138369,4.0,0.0,0.24608469009399414,0.0703057050704956,0.061521172523498535,0.9860796876651193
classical_musopen_4832911d08b7__300s,classical_musopen_4832911d08b7,classical,discovery,300.0,rhythm,24,2.9544394943406016,11.512167781591415,0.86427903175354,0.6426795721054077,0.9792485913613533,4.0,1.0,0.20132774114608765,0.11338150501251221,0.05033193528652191,0.8159247681501627
classical_musopen_4ebac9c72c1e__180s,classical_musopen_4ebac9c72c1e,classical,discovery,180.0,acoustic_novelty_delay,24,2.0844206436070216,12.033531472086906,1.4848333597183228,0.5787923336029053,0.96443657303814,5.0,1.0,0.3080557584762573,0.1059306263923645,0.06161115169525146,0.8737066822084112
classical_musopen_4ebac9c72c1e__180s,classical_musopen_4ebac9c72c1e,classical,discovery,180.0,rhythm,24,1.9892519179001875,10.159346655011177,2.061248540878296,0.48213063180446625,0.918561047127708,5.0,0.0,0.091936856508255,0.03424745798110962,0.018387371301651002,0.9032937602674236
classical_musopen_4ebac9c72c1e__300s,classical_musopen_4ebac9c72c1e,classical,discovery,300.0,acoustic_novelty_delay,24,2.0844206436070216,12.033531472086906,1.4848333597183228,0.5787923336029053,0.96443657303814,5.0,1.0,0.3080557584762573,0.1059306263923645,0.06161115169525146,0.8737066822084112
classical_musopen_4ebac9c72c1e__300s,classical_musopen_4ebac9c72c1e,classical,discovery,300.0,rhythm,24,1.9892519179001875,10.159346655011177,2.061248540878296,0.48213063180446625,0.918561047127708,5.0,0.0,0.091936856508255,0.03424745798110962,0.018387371301651002,0.9032937602674236
classical_musopen_5b78471c4c9d__180s,classical_musopen_5b78471c4c9d,classical,discovery,180.0,acoustic_novelty_delay,24,1.8058448682148254,12.846471950411797,2.6510720252990723,0.5420615971088409,0.9255202657962678,3.0,0.0,0.0729006826877594,0.057990461587905884,0.024300227562586468,0.49884773646263975
classical_musopen_5b78471c4c9d__180s,classical_musopen_5b78471c4c9d,classical,discovery,180.0,rhythm,24,2.568772320017824,7.918845470994711,1.3477033376693726,0.3379100412130356,0.9166846582315903,2.0,1.0,0.1696069836616516,0.15447336435317993,0.0848034918308258,0.43388628369210575
classical_musopen_5b78471c4c9d__300s,classical_musopen_5b78471c4c9d,classical,discovery,300.0,acoustic_novelty_delay,24,1.8058448682148254,12.846471950411797,2.6510720252990723,0.5420615971088409,0.9255202657962678,3.0,0.0,0.0729006826877594,0.057990461587905884,0.024300227562586468,0.49884773646263975
classical_musopen_5b78471c4c9d__300s,classical_musopen_5b78471c4c9d,classical,discovery,300.0,rhythm,24,2.568772320017824,7.918845470994711,1.3477033376693726,0.3379100412130356,0.9166846582315903,2.0,1.0,0.1696069836616516,0.15447336435317993,0.0848034918308258,0.43388628369210575
classical_musopen_5f1728c240a1__180s,classical_musopen_5f1728c240a1,classical,discovery,180.0,acoustic_novelty_delay,24,2.367220936352542,11.837303042411804,1.699180245399475,0.5562757551670074,0.9601785252095317,6.0,2.0,0.4081805348396301,0.1570495367050171,0.06803008913993835,0.8056046685254503
classical_musopen_5f1728c240a1__180s,classical_musopen_5f1728c240a1,classical,discovery,180.0,rhythm,24,2.7329024672718343,11.622146479785442,1.5184742212295532,0.6539402604103088,0.9543453714664502,5.0,1.0,0.4079464077949524,0.11760258674621582,0.08158928155899048,0.9550709871876588
classical_musopen_5f1728c240a1__300s,classical_musopen_5f1728c240a1,classical,discovery,300.0,acoustic_novelty_delay,24,2.1043730078172986,10.764828905463219,0.9853479266166687,0.5180673599243164,0.9744852456880156,6.0,0.0,0.13709890842437744,0.054720282554626465,0.022849818070729572,0.8888532555756758
classical_musopen_5f1728c240a1__300s,classical_musopen_5f1728c240a1,classical,discovery,300.0,rhythm,24,2.7959784919507964,11.623373344540596,0.7747319340705872,0.6843738853931427,0.9825761621030319,6.0,0.0,0.40214425325393677,0.09471476078033447,0.06702404220898946,0.9584534158149691
classical_musopen_6288d37e8273__180s,classical_musopen_6288d37e8273,classical,discovery,180.0,acoustic_novelty_delay,24,2.1704523821727526,11.353413492441177,1.3143877983093262,0.5516582727432251,0.94842713844332,4.0,0.0,0.2161250114440918,0.0863722562789917,0.05403125286102295,0.8923905499384042
classical_musopen_6288d37e8273__180s,classical_musopen_6288d37e8273,classical,discovery,180.0,rhythm,24,3.8308659378412147,10.731577053666115,1.3235830068588257,0.4765554219484329,0.9351560185550895,5.0,0.0,0.1283475160598755,0.07022732496261597,0.025669503211975097,0.6878356866525713
classical_musopen_6288d37e8273__300s,classical_musopen_6288d37e8273,classical,discovery,300.0,acoustic_novelty_delay,24,2.1704523821727526,11.353413492441177,1.3143877983093262,0.5516582727432251,0.94842713844332,4.0,0.0,0.2161250114440918,0.0863722562789917,0.05403125286102295,0.8923905499384042
classical_musopen_6288d37e8273__300s,classical_musopen_6288d37e8273,classical,discovery,300.0,rhythm,24,3.8308659378412147,10.731577053666115,1.3235830068588257,0.4765554219484329,0.9351560185550895,5.0,0.0,0.1283475160598755,0.07022732496261597,0.025669503211975097,0.6878356866525713
classical_musopen_67f1921ea1d2__180s,classical_musopen_67f1921ea1d2,classical,discovery,180.0,acoustic_novelty_delay,24,2.176077664667489,13.42121970653534,3.4296138286590576,0.5330747067928314,0.9083217777285955,9.0,1.0,0.4713723063468933,0.1571335792541504,0.052374700705210366,0.8443035976962295
classical_musopen_67f1921ea1d2__180s,classical_musopen_67f1921ea1d2,classical,discovery,180.0,rhythm,24,2.426169794988171,11.785548970103264,1.169979453086853,0.6586887538433075,0.960737723446583,3.0,1.0,0.19006294012069702,0.1333470344543457,0.06335431337356567,0.626688988035635
classical_musopen_67f1921ea1d2__300s,classical_musopen_67f1921ea1d2,classical,discovery,300.0,acoustic_novelty_delay,24,2.176077664667489,13.42121970653534,3.4296138286590576,0.5330747067928314,0.9083217777285955,9.0,1.0,0.4713723063468933,0.1571335792541504,0.052374700705210366,0.8443035976962295
classical_musopen_67f1921ea1d2__300s,classical_musopen_67f1921ea1d2,classical,discovery,300.0,rhythm,24,2.426169794988171,11.785548970103264,1.169979453086853,0.6586887538433075,0.960737723446583,3.0,1.0,0.19006294012069702,0.1333470344543457,0.06335431337356567,0.626688988035635
classical_musopen_6911e41c184d__180s,classical_musopen_6911e41c184d,classical,discovery,180.0,acoustic_novelty_delay,24,2.1696312232773005,10.605355754494667,0.9762513637542725,0.5404843688011169,0.971533353174818,6.0,2.0,0.4267837405204773,0.19925743341445923,0.07113062342007954,0.7343451253904375
classical_musopen_6911e41c184d__180s,classical_musopen_6911e41c184d,classical,discovery,180.0,rhythm,24,2.7518007378046994,11.110049646347761,1.8943787813186646,0.5439264476299286,0.9373243894312232,4.0,1.0,0.19803667068481445,0.1391674280166626,0.04950916767120361,0.6514078264528756
classical_musopen_6911e41c184d__300s,classical_musopen_6911e41c184d,classical,discovery,300.0,acoustic_novelty_delay,24,2.1696312232773005,10.605355754494667,0.9762513637542725,0.5404843688011169,0.971533353174818,6.0,2.0,0.4267837405204773,0.19925743341445923,0.07113062342007954,0.7343451253904375
classical_musopen_6911e41c184d__300s,classical_musopen_6911e41c184d,classical,discovery,300.0,rhythm,24,2.7518007378046994,11.110049646347761,1.8943787813186646,0.5439264476299286,0.9373243894312232,4.0,1.0,0.19803667068481445,0.1391674280166626,0.04950916767120361,0.6514078264528756
classical_musopen_6c30622a4e97__180s,classical_musopen_6c30622a4e97,classical,discovery,180.0,acoustic_novelty_delay,24,2.724470702931869,10.813294775784016,0.8705809712409973,0.590131402015686,0.9688126869999426,8.0,2.0,0.5383363962173462,0.20016610622406006,0.06729204952716827,0.807840299961067
classical_musopen_6c30622a4e97__180s,classical_musopen_6c30622a4e97,classical,discovery,180.0,rhythm,24,3.1571170489681437,10.361320815980434,0.8385223150253296,0.6222801208496094,0.960766429814085,1.0,0.0,0.05896514654159546,0.05896514654159546,0.05896514654159546,-2.2204460492503128e-16
classical_musopen_6c30622a4e97__300s,classical_musopen_6c30622a4e97,classical,discovery,300.0,acoustic_novelty_delay,24,2.724470702931869,10.813294775784016,0.8705809712409973,0.590131402015686,0.9688126869999426,8.0,2.0,0.5383363962173462,0.20016610622406006,0.06729204952716827,0.807840299961067
classical_musopen_6c30622a4e97__300s,classical_musopen_6c30622a4e97,classical,discovery,300.0,rhythm,24,3.1571170489681437,10.361320815980434,0.8385223150253296,0.6222801208496094,0.960766429814085,1.0,0.0,0.05896514654159546,0.05896514654159546,0.05896514654159546,-2.2204460492503128e-16
classical_musopen_738d2a0f7b4c__180s,classical_musopen_738d2a0f7b4c,classical,discovery,180.0,acoustic_novelty_delay,24,2.3979768059117497,10.35438857972622,0.7553914785385132,0.5675063133239746,0.9781467122102669,2.0,1.0,0.2143149971961975,0.13932079076766968,0.10715749859809875,0.934001185574823
classical_musopen_738d2a0f7b4c__180s,classical_musopen_738d2a0f7b4c,classical,discovery,180.0,rhythm,24,2.1785495126283703,11.15177258849144,0.9836702346801758,0.5939304828643799,0.9734853557504768,3.0,0.0,0.10426175594329834,0.06972277164459229,0.03475391864776611,0.7706065863673761
classical_musopen_738d2a0f7b4c__300s,classical_musopen_738d2a0f7b4c,classical,discovery,300.0,acoustic_novelty_delay,24,2.3979768059117497,10.35438857972622,0.7553914785385132,0.5675063133239746,0.9781467122102669,2.0,1.0,0.2143149971961975,0.13932079076766968,0.10715749859809875,0.934001185574823
classical_musopen_738d2a0f7b4c__300s,classical_musopen_738d2a0f7b4c,classical,discovery,300.0,rhythm,24,2.1785495126283703,11.15177258849144,0.9836702346801758,0.5939304828643799,0.9734853557504768,3.0,0.0,0.10426175594329834,0.06972277164459229,0.03475391864776611,0.7706065863673761
classical_musopen_76480b1bf8fd__180s,classical_musopen_76480b1bf8fd,classical,discovery,180.0,acoustic_novelty_delay,24,2.588700765994722,9.882694102823734,1.0165398120880127,0.6124999225139618,0.9570135702458852,4.0,0.0,0.26347804069519043,0.08789390325546265,0.06586951017379761,0.9591815901928116
classical_musopen_76480b1bf8fd__180s,classical_musopen_76480b1bf8fd,classical,discovery,180.0,rhythm,24,2.364638992714961,12.43404446542263,1.5351548194885254,0.614002525806427,0.9621969707864771,4.0,2.0,0.27456972002983093,0.13168716430664062,0.06864243000745773,0.7351803472365238
classical_musopen_76480b1bf8fd__300s,classical_musopen_76480b1bf8fd,classical,discovery,300.0,acoustic_novelty_delay,24,2.357783620269667,10.646890476346016,0.948190450668335,0.5747571289539337,0.9666346154555046,5.0,1.0,0.24627470970153809,0.10454553365707397,0.04925494194030762,0.7814167417917891
classical_musopen_76480b1bf8fd__300s,classical_musopen_76480b1bf8fd,classical,discovery,300.0,rhythm,24,3.373844626155684,10.92151428759098,0.8125786781311035,0.5863378047943115,0.9743677672150023,2.0,1.0,0.17049765586853027,0.15532225370407104,0.08524882793426514,0.43314497138684177
classical_musopen_860ce064b48c__180s,classical_musopen_860ce064b48c,classical,discovery,180.0,acoustic_novelty_delay,24,1.7499656328380988,14.828348323702812,1.9126474857330322,0.5861978828907013,0.9092123701193461,5.0,0.0,0.28329429030418396,0.09862291812896729,0.05665885806083679,0.8995458937668147
classical_musopen_860ce064b48c__180s,classical_musopen_860ce064b48c,classical,discovery,180.0,rhythm,24,2.2772859335656745,12.99370090663433,3.231696844100952,0.5632376670837402,0.8989929754596354,3.0,1.0,0.1928960680961609,0.1112399697303772,0.06429868936538696,0.8138005080032112
classical_musopen_860ce064b48c__300s,classical_musopen_860ce064b48c,classical,discovery,300.0,acoustic_novelty_delay,24,1.7499656328380988,14.828348323702812,1.9126474857330322,0.5861978828907013,0.9092123701193461,5.0,0.0,0.28329429030418396,0.09862291812896729,0.05665885806083679,0.8995458937668147
classical_musopen_860ce064b48c__300s,classical_musopen_860ce064b48c,classical,discovery,300.0,rhythm,24,2.2772859335656745,12.99370090663433,3.231696844100952,0.5632376670837402,0.8989929754596354,3.0,1.0,0.1928960680961609,0.1112399697303772,0.06429868936538696,0.8138005080032112
classical_musopen_8c1a75b7bf5d__180s,classical_musopen_8c1a75b7bf5d,classical,discovery,180.0,acoustic_novelty_delay,24,2.3890774848456577,11.179789327085018,2.0124948024749756,0.5139010846614838,0.9400439084536443,4.0,3.0,0.41065624356269836,0.1744663119316101,0.10266406089067459,0.8726504596527643
classical_musopen_8c1a75b7bf5d__180s,classical_musopen_8c1a75b7bf5d,classical,discovery,180.0,rhythm,24,2.9837792259079197,12.246080160140991,1.532914161682129,0.5615765750408173,0.9728414577751894,5.0,0.0,0.2067340910434723,0.07297974824905396,0.04134681820869446,0.9198396475786054
classical_musopen_8c1a75b7bf5d__300s,classical_musopen_8c1a75b7bf5d,classical,discovery,300.0,acoustic_novelty_delay,24,2.9559315813572287,10.853758171200752,1.2077970504760742,0.6184330582618713,0.9503344977543657,4.0,1.0,0.1273421049118042,0.10379284620285034,0.03183552622795105,0.4577098051379524
classical_musopen_8c1a75b7bf5d__300s,classical_musopen_8c1a75b7bf5d,classical,discovery,300.0,rhythm,24,3.5198610207566814,11.332374304533005,1.3332923650741577,0.5636420249938965,0.9586599923420739,4.0,1.0,0.2220267653465271,0.1082492470741272,0.055506691336631775,0.7694018812528303
classical_musopen_8f00b775156a__180s,classical_musopen_8f00b775156a,classical,discovery,180.0,acoustic_novelty_delay,24,2.137394948581804,11.700945317745209,1.494207739830017,0.5586050152778625,0.9712176307704125,5.0,1.0,0.30036842823028564,0.17609715461730957,0.060073685646057126,0.7093611474648724
classical_musopen_8f00b775156a__180s,classical_musopen_8f00b775156a,classical,discovery,180.0,rhythm,24,2.941104155017852,9.700034022331238,0.9470914602279663,0.5005487203598022,0.9741866213717432,3.0,1.0,0.1653602123260498,0.10442537069320679,0.05512007077534994,0.8267607339064224
classical_musopen_8f00b775156a__300s,classical_musopen_8f00b775156a,classical,discovery,300.0,acoustic_novelty_delay,24,2.313167181721977,12.217006921768188,1.332655429840088,0.668092668056488,0.9477636487649063,4.0,0.0,0.13904434442520142,0.05932602286338806,0.034761086106300354,0.9459486650407722
classical_musopen_8f00b775156a__300s,classical_musopen_8f00b775156a,classical,discovery,300.0,rhythm,24,3.2048944697304167,8.979295443743467,1.008767008781433,0.5473340451717377,0.9365013586883189,3.0,0.0,0.15898758172988892,0.06943517923355103,0.05299586057662964,0.9703618028428525
classical_musopen_909c6ffb1fa0__180s,classical_musopen_909c6ffb1fa0,classical,discovery,180.0,acoustic_novelty_delay,24,2.4026315167194587,11.822515711188316,1.2101445198059082,0.6374830603599548,0.9525509667160065,6.0,1.0,0.32666781544685364,0.1521351933479309,0.05444463590780894,0.7952943872083752
classical_musopen_909c6ffb1fa0__180s,classical_musopen_909c6ffb1fa0,classical,discovery,180.0,rhythm,24,2.6238474127503997,10.780706033110619,1.1630216836929321,0.5598333775997162,0.9683264126639616,4.0,1.0,0.17325258255004883,0.12169134616851807,0.04331314563751221,0.6400699124940743
classical_musopen_909c6ffb1fa0__300s,classical_musopen_909c6ffb1fa0,classical,discovery,300.0,acoustic_novelty_delay,24,2.31438193332132,10.892266243696213,0.899954080581665,0.5510556101799011,0.9775246114058876,2.0,0.0,0.08923342823982239,0.04938405752182007,0.044616714119911194,0.9917485237121415
classical_musopen_909c6ffb1fa0__300s,classical_musopen_909c6ffb1fa0,classical,discovery,300.0,rhythm,24,2.3331386696058116,12.952798187732697,1.7888818979263306,0.5901077091693878,0.9567034870296969,3.0,1.0,0.20498192310333252,0.1574884057044983,0.06832730770111084,0.6389049160319134
classical_musopen_90f0e736fe47__180s,classical_musopen_90f0e736fe47,classical,discovery,180.0,acoustic_novelty_delay,24,1.988057963206619,14.317054212093353,4.014104843139648,0.6136668920516968,0.8756108133121187,3.0,2.0,0.3122367262840271,0.1497672200202942,0.10407890876134236,0.9435091984722819
classical_musopen_90f0e736fe47__180s,classical_musopen_90f0e736fe47,classical,discovery,180.0,rhythm,24,3.02663341428787,10.66699729859829,0.8876940608024597,0.5252560973167419,0.9827070283415835,5.0,2.0,0.4550350308418274,0.157376229763031,0.09100700616836548,0.838554008575848
classical_musopen_90f0e736fe47__300s,classical_musopen_90f0e736fe47,classical,discovery,300.0,acoustic_novelty_delay,24,1.988057963206619,14.317054212093353,4.014104843139648,0.6136668920516968,0.8756108133121187,3.0,2.0,0.3122367262840271,0.1497672200202942,0.10407890876134236,0.9435091984722819
classical_musopen_90f0e736fe47__300s,classical_musopen_90f0e736fe47,classical,discovery,300.0,rhythm,24,3.02663341428787,10.66699729859829,0.8876940608024597,0.5252560973167419,0.9827070283415835,5.0,2.0,0.4550350308418274,0.157376229763031,0.09100700616836548,0.838554008575848
classical_musopen_9887c7fd8762__180s,classical_musopen_9887c7fd8762,classical,discovery,180.0,acoustic_novelty_delay,24,1.4870327562798304,15.134099677205086,3.8953683376312256,0.6298064291477203,0.8846130643085263,7.0,2.0,0.4065096974372864,0.1400122046470642,0.05807281391961234,0.8383874386390057
classical_musopen_9887c7fd8762__180s,classical_musopen_9887c7fd8762,classical,discovery,180.0,rhythm,24,3.1346705443272525,9.247497748583555,1.201809048652649,0.4824104756116867,0.9535673626005662,5.0,0.0,0.27791619300842285,0.0969548225402832,0.05558323860168457,0.8541926532751667
classical_musopen_9887c7fd8762__300s,classical_musopen_9887c7fd8762,classical,discovery,300.0,acoustic_novelty_delay,24,1.4870327562798304,15.134099677205086,3.8953683376312256,0.6298064291477203,0.8846130643085263,7.0,2.0,0.4065096974372864,0.1400122046470642,0.05807281391961234,0.8383874386390057
classical_musopen_9887c7fd8762__300s,classical_musopen_9887c7fd8762,classical,discovery,300.0,rhythm,24,3.1346705443272525,9.247497748583555,1.201809048652649,0.4824104756116867,0.9535673626005662,5.0,0.0,0.27791619300842285,0.0969548225402832,0.05558323860168457,0.8541926532751667
classical_musopen_9d607b626772__180s,classical_musopen_9d607b626772,classical,discovery,180.0,acoustic_novelty_delay,24,1.291789893354336,15.137397713959217,2.3732333183288574,0.6757375597953796,0.8762511975659112,5.0,1.0,0.2664436399936676,0.15712475776672363,0.05328872799873352,0.5935463200066972
classical_musopen_9d607b626772__180s,classical_musopen_9d607b626772,classical,discovery,180.0,rhythm,24,3.7360193672566053,8.774749100208282,0.7406258583068848,0.4863852858543396,0.9607246109775457,1.0,0.0,0.0003032684326171875,0.0003032684326171875,0.0003032684326171875,-2.2204460492503128e-16
classical_musopen_9d607b626772__300s,classical_musopen_9d607b626772,classical,discovery,300.0,acoustic_novelty_delay,24,1.2298688678180105,15.06427925825119,3.411686897277832,0.5722447037696838,0.8944998065814483,5.0,1.0,0.3006049394607544,0.1525079607963562,0.06012098789215088,0.7857127578455071
classical_musopen_9d607b626772__300s,classical_musopen_9d607b626772,classical,discovery,300.0,rhythm,24,3.373018239190472,10.432672947645187,1.134995698928833,0.5505247712135315,0.9437887870829899,0.0,0.0,0.0,0.0,0.0,0.0
classical_musopen_af6a2556f0c9__180s,classical_musopen_af6a2556f0c9,classical,discovery,180.0,acoustic_novelty_delay,24,2.4327421959715165,10.204222589731216,0.8129861950874329,0.5519699156284332,0.9778892035716877,4.0,2.0,0.2321675419807434,0.1065400242805481,0.05804188549518585,0.7062316174570906
classical_musopen_af6a2556f0c9__180s,classical_musopen_af6a2556f0c9,classical,discovery,180.0,rhythm,24,3.8208797484035895,10.22917528450489,0.9731515645980835,0.513265460729599,0.9783650209624791,5.0,0.0,0.20036983489990234,0.0925564169883728,0.04007396697998047,0.7733433999540748
classical_musopen_af6a2556f0c9__300s,classical_musopen_af6a2556f0c9,classical,discovery,300.0,acoustic_novelty_delay,24,2.4327421959715165,10.204222589731216,0.8129861950874329,0.5519699156284332,0.9778892035716877,4.0,2.0,0.2321675419807434,0.1065400242805481,0.05804188549518585,0.7062316174570906
classical_musopen_af6a2556f0c9__300s,classical_musopen_af6a2556f0c9,classical,discovery,300.0,rhythm,24,3.8208797484035895,10.22917528450489,0.9731515645980835,0.513265460729599,0.9783650209624791,5.0,0.0,0.20036983489990234,0.0925564169883728,0.04007396697998047,0.7733433999540748
classical_musopen_bb045bab8875__180s,classical_musopen_bb045bab8875,classical,discovery,180.0,acoustic_novelty_delay,24,2.3321001471659946,12.834471821784973,2.0438859462738037,0.6152959764003754,0.942483021797558,7.0,1.0,0.5514079928398132,0.16862893104553223,0.07877257040568761,0.9178623087258589
classical_musopen_bb045bab8875__180s,classical_musopen_bb045bab8875,classical,discovery,180.0,rhythm,24,2.386841379019226,13.000808745622635,1.8325530290603638,0.7183016240596771,0.940179954729545,4.0,1.0,0.3385539650917053,0.19186145067214966,0.08463849127292633,0.7882221979435956
classical_musopen_bb045bab8875__300s,classical_musopen_bb045bab8875,classical,discovery,300.0,acoustic_novelty_delay,24,2.3321001471659946,12.834471821784973,2.0438859462738037,0.6152959764003754,0.942483021797558,7.0,1.0,0.5514079928398132,0.16862893104553223,0.07877257040568761,0.9178623087258589
classical_musopen_bb045bab8875__300s,classical_musopen_bb045bab8875,classical,discovery,300.0,rhythm,24,2.386841379019226,13.000808745622635,1.8325530290603638,0.7183016240596771,0.940179954729545,4.0,1.0,0.3385539650917053,0.19186145067214966,0.08463849127292633,0.7882221979435956
classical_musopen_c080ce7f8b19__180s,classical_musopen_c080ce7f8b19,classical,discovery,180.0,acoustic_novelty_delay,24,2.555621871039321,11.420817762613297,0.8693606853485107,0.5963988602161407,0.9825721834785077,4.0,0.0,0.19910785555839539,0.08075499534606934,0.049776963889598846,0.9499346310702241
classical_musopen_c080ce7f8b19__180s,classical_musopen_c080ce7f8b19,classical,discovery,180.0,rhythm,24,3.2519444356172853,10.810133621096611,1.295548677444458,0.5617690980434418,0.9550473347469991,4.0,2.0,0.37344080209732056,0.11013436317443848,0.09336020052433014,0.9926125300133669
classical_musopen_c080ce7f8b19__300s,classical_musopen_c080ce7f8b19,classical,discovery,300.0,acoustic_novelty_delay,24,2.2286513706805753,10.834590390324593,1.0457110404968262,0.5567386448383331,0.9760226926817891,5.0,1.0,0.1562885046005249,0.10038381814956665,0.03125770092010498,0.5892879792945769
classical_musopen_c080ce7f8b19__300s,classical_musopen_c080ce7f8b19,classical,discovery,300.0,rhythm,24,3.1959056752488237,9.9210414737463,1.19312584400177,0.5031580179929733,0.9550949081876207,3.0,0.0,0.12431108951568604,0.05347588658332825,0.04143702983856201,0.9681967287019856
classical_musopen_c6602c75c700__180s,classical_musopen_c6602c75c700,classical,discovery,180.0,acoustic_novelty_delay,24,3.0038523124795455,10.678258270025253,0.9496625065803528,0.6065416038036346,0.97302328410687,4.0,0.0,0.15109527111053467,0.08711332082748413,0.03777381777763367,0.7650670257936445
classical_musopen_c6602c75c700__180s,classical_musopen_c6602c75c700,classical,discovery,180.0,rhythm,24,3.0145431020005056,12.582278303802013,1.6700700521469116,0.6191894710063934,0.949190030606035,7.0,3.0,0.5832574963569641,0.18121123313903809,0.0833224994795663,0.8317491640136074
classical_musopen_c6602c75c700__300s,classical_musopen_c6602c75c700,classical,discovery,300.0,acoustic_novelty_delay,24,2.548542047663302,11.248184025287628,1.4261181354522705,0.5007526278495789,0.9640740286873547,6.0,2.0,0.3673875331878662,0.12836045026779175,0.061231255531311035,0.8694196158641851
classical_musopen_c6602c75c700__300s,classical_musopen_c6602c75c700,classical,discovery,300.0,rhythm,24,3.0696318981597255,12.05396094918251,1.5594714879989624,0.6003500819206238,0.9627026218052536,5.0,0.0,0.1543075442314148,0.06292784214019775,0.03086150884628296,0.8543265410436542
classical_musopen_c678e65ee624__180s,classical_musopen_c678e65ee624,classical,discovery,180.0,acoustic_novelty_delay,24,1.789240113537138,13.592119999229908,1.933571457862854,0.6442505419254303,0.9228993134590173,4.0,0.0,0.08664363622665405,0.034743666648864746,0.021660909056663513,0.958512206565165
classical_musopen_c678e65ee624__180s,classical_musopen_c678e65ee624,classical,discovery,180.0,rhythm,24,1.8253702533771463,12.790564835071564,2.152662515640259,0.5699611604213715,0.9266333536625824,4.0,1.0,0.30624568462371826,0.1522619128227234,0.07656142115592957,0.8695755148583195
classical_musopen_c678e65ee624__300s,classical_musopen_c678e65ee624,classical,discovery,300.0,acoustic_novelty_delay,24,1.789240113537138,13.592119999229908,1.933571457862854,0.6442505419254303,0.9228993134590173,4.0,0.0,0.08664363622665405,0.034743666648864746,0.021660909056663513,0.958512206565165
classical_musopen_c678e65ee624__300s,classical_musopen_c678e65ee624,classical,discovery,300.0,rhythm,24,1.8253702533771463,12.790564835071564,2.152662515640259,0.5699611604213715,0.9266333536625824,4.0,1.0,0.30624568462371826,0.1522619128227234,0.07656142115592957,0.8695755148583195
classical_musopen_c787198261a5__180s,classical_musopen_c787198261a5,classical,discovery,180.0,acoustic_novelty_delay,24,2.2261482076196595,11.768920689821243,1.4570286273956299,0.5441059768199921,0.9685774094617917,5.0,0.0,0.20798218250274658,0.07898062467575073,0.04159643650054932,0.8304457397334506
classical_musopen_c787198261a5__180s,classical_musopen_c787198261a5,classical,discovery,180.0,rhythm,24,3.0440894476899105,6.710474111139774,0.8942263126373291,0.3327614516019821,0.8868139537153881,0.0,0.0,0.0,0.0,0.0,0.0
classical_musopen_c787198261a5__300s,classical_musopen_c787198261a5,classical,discovery,300.0,acoustic_novelty_delay,24,2.2261482076196595,11.768920689821243,1.4570286273956299,0.5441059768199921,0.9685774094617917,5.0,0.0,0.20798218250274658,0.07898062467575073,0.04159643650054932,0.8304457397334506
classical_musopen_c787198261a5__300s,classical_musopen_c787198261a5,classical,discovery,300.0,rhythm,24,3.0440894476899105,6.710474111139774,0.8942263126373291,0.3327614516019821,0.8868139537153881,0.0,0.0,0.0,0.0,0.0,0.0
classical_musopen_c867a2eeaae9__180s,classical_musopen_c867a2eeaae9,classical,discovery,180.0,acoustic_novelty_delay,24,1.9584439002302578,11.998022377490997,1.6432490348815918,0.5497431457042694,0.9733956103774124,8.0,3.0,0.7334955930709839,0.19514811038970947,0.09168694913387299,0.9136803655573091
classical_musopen_c867a2eeaae9__180s,classical_musopen_c867a2eeaae9,classical,discovery,180.0,rhythm,24,2.403991511218601,11.08512695133686,1.3160401582717896,0.5391000509262085,0.9495818078012097,6.0,0.0,0.2522068917751312,0.07159680128097534,0.04203448196252187,0.8897810983962414
classical_musopen_c867a2eeaae9__300s,classical_musopen_c867a2eeaae9,classical,discovery,300.0,acoustic_novelty_delay,24,1.9584439002302578,11.998022377490997,1.6432490348815918,0.5497431457042694,0.9733956103774124,8.0,3.0,0.7334955930709839,0.19514811038970947,0.09168694913387299,0.9136803655573091
classical_musopen_c867a2eeaae9__300s,classical_musopen_c867a2eeaae9,classical,discovery,300.0,rhythm,24,2.403991511218601,11.08512695133686,1.3160401582717896,0.5391000509262085,0.9495818078012097,6.0,0.0,0.2522068917751312,0.07159680128097534,0.04203448196252187,0.8897810983962414
classical_musopen_cc8d87d2b00c__180s,classical_musopen_cc8d87d2b00c,classical,discovery,180.0,acoustic_novelty_delay,24,2.4269293263359866,11.693379431962967,1.122054100036621,0.6308667063713074,0.9686130562447295,6.0,1.0,0.5141251385211945,0.23839938640594482,0.08568752308686574,0.8155725259195614
classical_musopen_cc8d87d2b00c__180s,classical_musopen_cc8d87d2b00c,classical,discovery,180.0,rhythm,24,2.0542705159615506,13.887241773307323,2.540757179260254,0.5915540754795074,0.9080300256975633,5.0,0.0,0.14600875973701477,0.07486018538475037,0.029201751947402953,0.8356094172522189
classical_musopen_cc8d87d2b00c__300s,classical_musopen_cc8d87d2b00c,classical,discovery,300.0,acoustic_novelty_delay,24,2.4269293263359866,11.693379431962967,1.122054100036621,0.6308667063713074,0.9686130562447295,6.0,1.0,0.5141251385211945,0.23839938640594482,0.08568752308686574,0.8155725259195614
classical_musopen_cc8d87d2b00c__300s,classical_musopen_cc8d87d2b00c,classical,discovery,300.0,rhythm,24,2.0542705159615506,13.887241773307323,2.540757179260254,0.5915540754795074,0.9080300256975633,5.0,0.0,0.14600875973701477,0.07486018538475037,0.029201751947402953,0.8356094172522189
classical_musopen_cd013009d6d8__180s,classical_musopen_cd013009d6d8,classical,discovery,180.0,acoustic_novelty_delay,24,2.419799067675706,11.944206357002258,1.6500673294067383,0.5123496651649475,0.9508587170014942,4.0,1.0,0.42701104283332825,0.2045130729675293,0.10675276070833206,0.9044408567930045
classical_musopen_cd013009d6d8__180s,classical_musopen_cd013009d6d8,classical,discovery,180.0,rhythm,24,2.7282507994647522,11.57649827003479,1.4900383949279785,0.5849699378013611,0.9541518781837398,2.0,0.0,0.1087816059589386,0.087796151638031,0.0543908029794693,0.7075269092775428
classical_musopen_cd013009d6d8__300s,classical_musopen_cd013009d6d8,classical,discovery,300.0,acoustic_novelty_delay,24,2.1975710204099204,13.556801214814186,1.409325361251831,0.5447012186050415,0.9580316443811437,5.0,1.0,0.24515584111213684,0.13020426034927368,0.04903116822242737,0.8147462927368969
classical_musopen_cd013009d6d8__300s,classical_musopen_cd013009d6d8,classical,discovery,300.0,rhythm,24,3.472057279260171,10.857941076159477,1.2527694702148438,0.5352492183446884,0.9689102905820468,2.0,0.0,0.024757802486419678,0.021147310733795166,0.012378901243209839,0.5993120628555335
classical_musopen_d2e3d82ad3e8__180s,classical_musopen_d2e3d82ad3e8,classical,discovery,180.0,acoustic_novelty_delay,24,1.8024434021533087,13.074317030608654,2.2981925010681152,0.6867935657501221,0.9159908185497798,4.0,1.0,0.2250170111656189,0.13007426261901855,0.056254252791404724,0.7495127516238365
classical_musopen_d2e3d82ad3e8__180s,classical_musopen_d2e3d82ad3e8,classical,discovery,180.0,rhythm,24,3.678784769176303,10.063524290919304,1.1104907989501953,0.5787568986415863,0.9628811261856874,8.0,1.0,0.3238711357116699,0.12219876050949097,0.04048389196395874,0.8262076976506421
classical_musopen_d2e3d82ad3e8__300s,classical_musopen_d2e3d82ad3e8,classical,discovery,300.0,acoustic_novelty_delay,24,2.1833477481187464,11.142538957297802,1.1505327224731445,0.6178341209888458,0.9439185628442212,2.0,1.0,0.20381873846054077,0.13159871101379395,0.10190936923027039,0.9378797427030383
classical_musopen_d2e3d82ad3e8__300s,classical_musopen_d2e3d82ad3e8,classical,discovery,300.0,rhythm,24,3.4728863647708943,8.61685560271144,0.7646597623825073,0.6249337792396545,0.9080395830290797,3.0,0.0,0.08776712417602539,0.037648558616638184,0.02925570805867513,0.9585673689843823
classical_musopen_d3fcd3c28c74__180s,classical_musopen_d3fcd3c28c74,classical,discovery,180.0,acoustic_novelty_delay,24,2.0624080097738,13.49211372435093,1.635653018951416,0.5158775746822357,0.9456142398113325,5.0,0.0,0.29936811327934265,0.09057879447937012,0.05987362265586853,0.9147647238476782
classical_musopen_d3fcd3c28c74__180s,classical_musopen_d3fcd3c28c74,classical,discovery,180.0,rhythm,24,2.4548767730023053,7.700822360813618,0.8630374073982239,0.4752967059612274,0.9094265124297233,2.0,0.0,0.042557865381240845,0.03373858332633972,0.021278932690620422,0.7361552256894034
classical_musopen_d3fcd3c28c74__300s,classical_musopen_d3fcd3c28c74,classical,discovery,300.0,acoustic_novelty_delay,24,2.2678698893492437,10.21873353421688,0.7428547739982605,0.5112431943416595,0.9854082117630173,5.0,1.0,0.45812487602233887,0.1633356809616089,0.09162497520446777,0.9470621152789073
classical_musopen_d3fcd3c28c74__300s,classical_musopen_d3fcd3c28c74,classical,discovery,300.0,rhythm,24,2.847856042419946,9.34890516102314,1.2925443649291992,0.6025351285934448,0.8920726397039758,3.0,0.0,0.10225951671600342,0.056275367736816406,0.03408650557200114,0.9099331366811327
classical_musopen_d70f00840b98__180s,classical_musopen_d70f00840b98,classical,discovery,180.0,acoustic_novelty_delay,24,2.4583237386685024,10.02226971834898,0.6295855045318604,0.4860011786222458,0.9876708994526873,6.0,1.0,0.3208101987838745,0.11306238174438477,0.05346836646397909,0.935961394294572
classical_musopen_d70f00840b98__180s,classical_musopen_d70f00840b98,classical,discovery,180.0,rhythm,24,2.301440871571655,11.360062405467033,1.7206475734710693,0.5743679404258728,0.9404381489519978,4.0,0.0,0.0962088406085968,0.03162717819213867,0.0240522101521492,0.9509926089972226
classical_musopen_d70f00840b98__300s,classical_musopen_d70f00840b98,classical,discovery,300.0,acoustic_novelty_delay,24,2.4583237386685024,10.02226971834898,0.6295855045318604,0.4860011786222458,0.9876708994526873,6.0,1.0,0.3208101987838745,0.11306238174438477,0.05346836646397909,0.935961394294572
classical_musopen_d70f00840b98__300s,classical_musopen_d70f00840b98,classical,discovery,300.0,rhythm,24,2.301440871571655,11.360062405467033,1.7206475734710693,0.5743679404258728,0.9404381489519978,4.0,0.0,0.0962088406085968,0.03162717819213867,0.0240522101521492,0.9509926089972226
classical_musopen_d95ec9d17c06__180s,classical_musopen_d95ec9d17c06,classical,discovery,180.0,acoustic_novelty_delay,24,2.3943626782394944,10.405074074864388,0.6669667363166809,0.5211322605609894,0.9841355905035363,3.0,2.0,0.3971666693687439,0.24016660451889038,0.1323888897895813,0.7206923142662608
classical_musopen_d95ec9d17c06__180s,classical_musopen_d95ec9d17c06,classical,discovery,180.0,rhythm,24,2.4231444508553066,11.598233088850975,2.154721975326538,0.6549219787120819,0.9183747144771982,3.0,0.0,0.03790031373500824,0.023625776171684265,0.012633437911669413,0.8221060225732494
classical_musopen_d95ec9d17c06__300s,classical_musopen_d95ec9d17c06,classical,discovery,300.0,acoustic_novelty_delay,24,2.3943626782394944,10.405074074864388,0.6669667363166809,0.5211322605609894,0.9841355905035363,3.0,2.0,0.3971666693687439,0.24016660451889038,0.1323888897895813,0.7206923142662608
classical_musopen_d95ec9d17c06__300s,classical_musopen_d95ec9d17c06,classical,discovery,300.0,rhythm,24,2.4231444508553066,11.598233088850975,2.154721975326538,0.6549219787120819,0.9183747144771982,3.0,0.0,0.03790031373500824,0.023625776171684265,0.012633437911669413,0.8221060225732494
classical_musopen_dbfd3cb8056d__180s,classical_musopen_dbfd3cb8056d,classical,discovery,180.0,acoustic_novelty_delay,24,2.4437113169941234,10.682545207440853,1.1502894163131714,0.5587962865829468,0.9552183705659947,5.0,2.0,0.4576694667339325,0.26438236236572266,0.0915338933467865,0.6437062965271388
classical_musopen_dbfd3cb8056d__180s,classical_musopen_dbfd3cb8056d,classical,discovery,180.0,rhythm,24,2.740977862166288,10.899929128587246,1.2283157110214233,0.6021284759044647,0.9377105655310242,2.0,0.0,0.04146885871887207,0.024096012115478516,0.020734429359436035,0.9809556313318362
classical_musopen_dbfd3cb8056d__300s,classical_musopen_dbfd3cb8056d,classical,discovery,300.0,acoustic_novelty_delay,24,2.9715847903850943,10.661671608686447,1.192246437072754,0.5372945070266724,0.9619666267296467,2.0,2.0,0.2600499987602234,0.13470035791397095,0.1300249993801117,0.999067144689996
classical_musopen_dbfd3cb8056d__300s,classical_musopen_dbfd3cb8056d,classical,discovery,300.0,rhythm,24,2.9860443376118653,12.561574280261993,1.397560477256775,0.554614394903183,0.9682020879348201,1.0,0.0,0.010610371828079224,0.010610371828079224,0.010610371828079224,-2.2204460492503128e-16
classical_musopen_dc68b3cf3d10__180s,classical_musopen_dc68b3cf3d10,classical,discovery,180.0,acoustic_novelty_delay,24,2.2660945559870678,11.35083344578743,0.9592968821525574,0.5563640296459198,0.9813032227584956,5.0,2.0,0.3027745187282562,0.12983959913253784,0.06055490374565124,0.7867450670978097
classical_musopen_dc68b3cf3d10__180s,classical_musopen_dc68b3cf3d10,classical,discovery,180.0,rhythm,24,3.3126447419543714,9.853394322097301,1.055448293685913,0.6004358530044556,0.9429700591495073,4.0,0.0,0.15478190779685974,0.0694831907749176,0.038695476949214935,0.8233454107330842
classical_musopen_dc68b3cf3d10__300s,classical_musopen_dc68b3cf3d10,classical,discovery,300.0,acoustic_novelty_delay,24,2.311584340132253,10.499950870871544,0.856907844543457,0.5386167168617249,0.9752852988702755,5.0,1.0,0.42156505584716797,0.2034602165222168,0.0843130111694336,0.7903833081347759
classical_musopen_dc68b3cf3d10__300s,classical_musopen_dc68b3cf3d10,classical,discovery,300.0,rhythm,24,3.2006819722754325,7.851993003860116,1.2274487018585205,0.473824679851532,0.8671709462707018,3.0,0.0,0.10257065296173096,0.07405352592468262,0.03419021765391032,0.6966441474527442
classical_musopen_e0aa0ba751f5__180s,classical_musopen_e0aa0ba751f5,classical,discovery,180.0,acoustic_novelty_delay,24,2.299786414621721,11.499158337712288,1.8709489107131958,0.6409450769424438,0.9320243621033915,5.0,1.0,0.2599422335624695,0.10371863842010498,0.0519884467124939,0.9186797790133777
classical_musopen_e0aa0ba751f5__180s,classical_musopen_e0aa0ba751f5,classical,discovery,180.0,rhythm,24,3.127598858370205,12.00745177268982,1.0270088911056519,0.6759393215179443,0.9701396936165009,3.0,1.0,0.20770716667175293,0.15071862936019897,0.06923572222391765,0.6324620219955251
classical_musopen_e0aa0ba751f5__300s,classical_musopen_e0aa0ba751f5,classical,discovery,300.0,acoustic_novelty_delay,24,2.270861407404572,11.618262276053429,1.9666335582733154,0.48924511671066284,0.9401927789577762,2.0,0.0,0.0737108588218689,0.058986127376556396,0.03685542941093445,0.7214546334734261
classical_musopen_e0aa0ba751f5__300s,classical_musopen_e0aa0ba751f5,classical,discovery,300.0,rhythm,24,2.696995561248311,11.484947763383389,1.5348002910614014,0.6955977380275726,0.9378263714092874,1.0,1.0,0.10387402772903442,0.10387402772903442,0.10387402772903442,-2.2204460492503128e-16
classical_musopen_e0dc320f51e3__180s,classical_musopen_e0dc320f51e3,classical,discovery,180.0,acoustic_novelty_delay,24,2.2110583683514293,12.198193222284317,2.2915608882904053,0.54634028673172,0.9363289899776249,5.0,1.0,0.2525957226753235,0.13689613342285156,0.050519144535064696,0.7898540562633075
classical_musopen_e0dc320f51e3__180s,classical_musopen_e0dc320f51e3,classical,discovery,180.0,rhythm,24,2.766204300285092,10.092597365379333,0.9442488551139832,0.5941614806652069,0.969157837801514,3.0,0.0,0.08112061023712158,0.05184316635131836,0.02704020341237386,0.8224603306898968
classical_musopen_e0dc320f51e3__300s,classical_musopen_e0dc320f51e3,classical,discovery,300.0,acoustic_novelty_delay,24,2.2110583683514293,12.198193222284317,2.2915608882904053,0.54634028673172,0.9363289899776249,5.0,1.0,0.2525957226753235,0.13689613342285156,0.050519144535064696,0.7898540562633075
classical_musopen_e0dc320f51e3__300s,classical_musopen_e0dc320f51e3,classical,discovery,300.0,rhythm,24,2.766204300285092,10.092597365379333,0.9442488551139832,0.5941614806652069,0.969157837801514,3.0,0.0,0.08112061023712158,0.05184316635131836,0.02704020341237386,0.8224603306898968
classical_musopen_e979457eb8b9__180s,classical_musopen_e979457eb8b9,classical,discovery,180.0,acoustic_novelty_delay,24,1.3345351148614042,18.082825914025307,6.1444993019104,0.6265904307365417,0.8288923429449082,6.0,0.0,0.1710261106491089,0.07067948579788208,0.028504351774851482,0.8608097224193079
classical_musopen_e979457eb8b9__180s,classical_musopen_e979457eb8b9,classical,discovery,180.0,rhythm,24,1.9174966887965046,11.295417133718729,1.6568784713745117,0.7028501927852631,0.8535459535401504,3.0,0.0,0.104044109582901,0.05392986536026001,0.034681369860967,0.9168880373642078
classical_musopen_e979457eb8b9__300s,classical_musopen_e979457eb8b9,classical,discovery,300.0,acoustic_novelty_delay,24,1.8843747614690884,11.651656702160835,2.110755205154419,0.583670437335968,0.9236146602765468,5.0,1.0,0.2825678884983063,0.1092979907989502,0.056513577699661255,0.9021183852689667
classical_musopen_e979457eb8b9__300s,classical_musopen_e979457eb8b9,classical,discovery,300.0,rhythm,24,2.0635225242974626,12.206981647759676,2.2930004596710205,0.45734576880931854,0.8864326916648892,2.0,0.0,0.05506110191345215,0.035033583641052246,0.027530550956726074,0.9457379801726168
classical_musopen_f1de65f9d30b__180s,classical_musopen_f1de65f9d30b,classical,discovery,180.0,acoustic_novelty_delay,24,2.2449511891685843,10.609179615974426,1.130476474761963,0.6225963532924652,0.9563716940859154,3.0,0.0,0.15578949451446533,0.07052898406982422,0.05192983150482178,0.9353047143868848
classical_musopen_f1de65f9d30b__180s,classical_musopen_f1de65f9d30b,classical,discovery,180.0,rhythm,24,3.0229154156407376,10.293823897838593,1.9438390731811523,0.4910351186990738,0.9237062400908195,1.0,0.0,0.07742494344711304,0.07742494344711304,0.07742494344711304,-2.2204460492503128e-16
classical_musopen_f1de65f9d30b__300s,classical_musopen_f1de65f9d30b,classical,discovery,300.0,acoustic_novelty_delay,24,2.2449511891685843,10.609179615974426,1.130476474761963,0.6225963532924652,0.9563716940859154,3.0,0.0,0.15578949451446533,0.07052898406982422,0.05192983150482178,0.9353047143868848
classical_musopen_f1de65f9d30b__300s,classical_musopen_f1de65f9d30b,classical,discovery,300.0,rhythm,24,3.0229154156407376,10.293823897838593,1.9438390731811523,0.4910351186990738,0.9237062400908195,1.0,0.0,0.07742494344711304,0.07742494344711304,0.07742494344711304,-2.2204460492503128e-16
focus_jamendo_1027423__180s,focus_jamendo_1027423,focus,discovery,180.0,acoustic_novelty_delay,24,2.019466256586519,13.149914026260376,2.7655229568481445,0.536931186914444,0.9190847205046913,6.0,1.0,0.4252987504005432,0.1625688076019287,0.0708831250667572,0.8810509188932313
focus_jamendo_1027423__180s,focus_jamendo_1027423,focus,discovery,180.0,rhythm,24,1.9312870588490707,12.618428820744157,1.913772463798523,1.0028206706047058,0.8166169164965346,6.0,1.0,0.2652802914381027,0.16475272178649902,0.044213381906350456,0.5756020256188301
focus_jamendo_1027423__300s,focus_jamendo_1027423,focus,discovery,300.0,acoustic_novelty_delay,24,1.696695488033838,16.23831832408905,3.149507522583008,0.5902100801467896,0.86305500989267,2.0,1.0,0.1316659152507782,0.10368004441261292,0.0658329576253891,0.7463328072976102
focus_jamendo_1027423__300s,focus_jamendo_1027423,focus,discovery,300.0,rhythm,24,2.8817153280165964,9.179313111118972,1.2144211530685425,0.7110453248023987,0.8465604802256899,1.0,0.0,0.028797388076782227,0.028797388076782227,0.028797388076782227,-2.2204460492503128e-16
focus_jamendo_1027427__180s,focus_jamendo_1027427,focus,discovery,180.0,acoustic_novelty_delay,24,2.572970715607579,10.789592951536179,1.3845173120498657,0.5289394557476044,0.9710704479678078,5.0,0.0,0.24321842193603516,0.07894033193588257,0.04864368438720703,0.8946735205630231
focus_jamendo_1027427__180s,focus_jamendo_1027427,focus,discovery,180.0,rhythm,24,2.991762130261117,10.380163375288248,1.1892505884170532,0.6443773508071899,0.9168987986180686,1.0,0.0,0.05375039577484131,0.05375039577484131,0.05375039577484131,-2.2204460492503128e-16
focus_jamendo_1027427__300s,focus_jamendo_1027427,focus,discovery,300.0,acoustic_novelty_delay,24,2.3599604664999867,11.543862104415894,1.6210829019546509,0.4910733699798584,0.9485472026021124,4.0,1.0,0.2006567120552063,0.102283775806427,0.050164178013801575,0.7911984017810331
focus_jamendo_1027427__300s,focus_jamendo_1027427,focus,discovery,300.0,rhythm,24,3.5264015645769082,9.911839418113232,1.1371986865997314,0.5562698841094971,0.9402416729594979,4.0,2.0,0.3480316400527954,0.1397702693939209,0.08700791001319885,0.7869440772692006
focus_jamendo_1027938__180s,focus_jamendo_1027938,focus,discovery,180.0,acoustic_novelty_delay,24,2.461202601851712,12.326383203268051,2.3769264221191406,0.597196489572525,0.9034438009604582,3.0,0.0,0.10169923305511475,0.05868685245513916,0.03389974435170492,0.8051591052939686
focus_jamendo_1027938__180s,focus_jamendo_1027938,focus,discovery,180.0,rhythm,24,1.9133315234019026,11.189501114189625,1.8509979248046875,0.6544584035873413,0.902742863761252,4.0,0.0,0.10612428188323975,0.049264609813690186,0.026531070470809937,0.8580221786521852
focus_jamendo_1027938__300s,focus_jamendo_1027938,focus,discovery,300.0,acoustic_novelty_delay,24,2.1063634895815686,10.407718881964684,0.9321107268333435,0.6611700654029846,0.9658585885420304,6.0,1.0,0.48411825299263,0.26823151111602783,0.08068637549877167,0.6689013805649707
focus_jamendo_1027938__300s,focus_jamendo_1027938,focus,discovery,300.0,rhythm,24,1.957324030857496,11.078597377985716,1.7768524885177612,0.7360067963600159,0.8752700836867191,1.0,1.0,0.2601187229156494,0.2601187229156494,0.2601187229156494,-2.2204460492503128e-16
focus_jamendo_1027941__180s,focus_jamendo_1027941,focus,discovery,180.0,acoustic_novelty_delay,24,2.3987332948938374,10.677930518984795,1.1349073648452759,0.5238077640533447,0.971932397384622,3.0,1.0,0.22916173934936523,0.14504599571228027,0.0763872464497884,0.8197292792704045
focus_jamendo_1027941__180s,focus_jamendo_1027941,focus,discovery,180.0,rhythm,24,1.7610232854020897,9.635415684431791,1.601504921913147,0.3842615783214569,0.9132052713599677,7.0,1.0,0.40643954277038574,0.13865616917610168,0.05806279182434082,0.8865702766849508
focus_jamendo_1027941__300s,focus_jamendo_1027941,focus,discovery,300.0,acoustic_novelty_delay,24,2.5439793341651518,11.58159039914608,0.9649129509925842,0.6138408482074738,0.9814136111086105,4.0,1.0,0.2364494800567627,0.1518760323524475,0.059112370014190674,0.7098246096962109
focus_jamendo_1027941__300s,focus_jamendo_1027941,focus,discovery,300.0,rhythm,24,1.8969611202816377,12.33351588435471,2.2479629516601562,0.7031978070735931,0.8092329219973352,3.0,0.0,0.07902193069458008,0.047363340854644775,0.026340643564860027,0.7680947805149301
focus_jamendo_1056129__180s,focus_jamendo_1056129,focus,discovery,180.0,acoustic_novelty_delay,24,2.884173384955882,10.736451238393784,1.160980463027954,0.5324166119098663,0.9749837143718385,4.0,1.0,0.27589815855026245,0.13363176584243774,0.06897453963756561,0.7798880501687753
focus_jamendo_1056129__180s,focus_jamendo_1056129,focus,discovery,180.0,rhythm,24,2.5434812467447925,10.158359855413437,0.8606655597686768,0.5805691182613373,0.9646441392088684,6.0,0.0,0.2612082213163376,0.09195750951766968,0.04353470355272293,0.9095953995302318
focus_jamendo_1056129__300s,focus_jamendo_1056129,focus,discovery,300.0,acoustic_novelty_delay,24,2.300446882182645,10.526165053248405,0.8577342629432678,0.5435216724872589,0.9837098486939672,7.0,2.0,0.5791257321834564,0.23845148086547852,0.08273224745477949,0.722235333340672
focus_jamendo_1056129__300s,focus_jamendo_1056129,focus,discovery,300.0,rhythm,24,3.4996574635656383,8.5955860754475,1.0292396545410156,0.47212284803390503,0.9279316534626837,2.0,0.0,0.05260145664215088,0.03860825300216675,0.02630072832107544,0.8357000018825756
focus_jamendo_1056135__180s,focus_jamendo_1056135,focus,discovery,180.0,acoustic_novelty_delay,24,2.265568945969731,11.67761805653572,1.3789019584655762,0.5484685301780701,0.9575046776679826,4.0,1.0,0.307096004486084,0.14245033264160156,0.076774001121521,0.8945277104070106
focus_jamendo_1056135__180s,focus_jamendo_1056135,focus,discovery,180.0,rhythm,24,3.387418748567028,10.902863807976246,1.3465421199798584,0.5635692179203033,0.9449618523956768,3.0,0.0,0.18147188425064087,0.07818222045898438,0.06049062808354696,0.9251091698281266
focus_jamendo_1056135__300s,focus_jamendo_1056135,focus,discovery,300.0,acoustic_novelty_delay,24,2.265568945969731,11.67761805653572,1.3789019584655762,0.5484685301780701,0.9575046776679826,4.0,1.0,0.307096004486084,0.14245033264160156,0.076774001121521,0.8945277104070106
focus_jamendo_1056135__300s,focus_jamendo_1056135,focus,discovery,300.0,rhythm,24,3.387418748567028,10.902863807976246,1.3465421199798584,0.5635692179203033,0.9449618523956768,3.0,0.0,0.18147188425064087,0.07818222045898438,0.06049062808354696,0.9251091698281266
focus_jamendo_1081641__180s,focus_jamendo_1081641,focus,discovery,180.0,acoustic_novelty_delay,24,2.4172666255596686,11.304871335625648,1.1678529977798462,0.595543384552002,0.9677837495895735,3.0,2.0,0.24569082260131836,0.10770761966705322,0.08189694086710612,0.9099022928549574
focus_jamendo_1081641__180s,focus_jamendo_1081641,focus,discovery,180.0,rhythm,24,1.3414255076491117,10.880543619394302,1.8626221418380737,0.459485799074173,0.8851351228221772,4.0,0.0,0.1412504017353058,0.09423086047172546,0.03531260043382645,0.6698850646951713
focus_jamendo_1081641__300s,focus_jamendo_1081641,focus,discovery,300.0,acoustic_novelty_delay,24,2.670857742512327,10.802566230297089,0.9948820471763611,0.5564763844013214,0.9764796301611072,4.0,0.0,0.2546003460884094,0.08804696798324585,0.06365008652210236,0.9751726647106979
focus_jamendo_1081641__300s,focus_jamendo_1081641,focus,discovery,300.0,rhythm,24,2.582280331998624,11.008576549589634,1.8132611513137817,0.7151468694210052,0.911721936144526,4.0,2.0,0.3816891312599182,0.22874736785888672,0.09542228281497955,0.7333711101726273
focus_jamendo_1081643__180s,focus_jamendo_1081643,focus,discovery,180.0,acoustic_novelty_delay,24,2.3766185600984024,12.356747388839722,1.178812026977539,0.6193028390407562,0.9811360922599623,5.0,2.0,0.3269856572151184,0.15766513347625732,0.06539713144302368,0.7823610708474787
focus_jamendo_1081643__180s,focus_jamendo_1081643,focus,discovery,180.0,rhythm,24,2.7187701586769704,7.3042984046041965,1.3487015962600708,0.43319806456565857,0.8818018655089425,1.0,0.0,0.017957687377929688,0.017957687377929688,0.017957687377929688,-2.2204460492503128e-16
focus_jamendo_1081643__300s,focus_jamendo_1081643,focus,discovery,300.0,acoustic_novelty_delay,24,2.5313068460025434,13.261018916964531,2.7328078746795654,0.5368939638137817,0.9179446273351666,5.0,2.0,0.4290592074394226,0.1716862916946411,0.08581184148788452,0.8377429027379141
focus_jamendo_1081643__300s,focus_jamendo_1081643,focus,discovery,300.0,rhythm,24,2.749239169576845,8.100198293104768,1.3197263479232788,0.4196117967367172,0.8307313512798952,0.0,0.0,0.0,0.0,0.0,0.0
focus_jamendo_1092684__180s,focus_jamendo_1092684,focus,discovery,180.0,acoustic_novelty_delay,24,2.5326483674129836,11.840746030211449,1.4571374654769897,0.5747867226600647,0.9545093471679386,5.0,0.0,0.10130232572555542,0.05062741041183472,0.020260465145111085,0.8164669830107177
focus_jamendo_1092684__180s,focus_jamendo_1092684,focus,discovery,180.0,rhythm,24,0.5077118978740393,17.775491509586573,5.2499613761901855,0.8085145056247711,0.7461038160003828,5.0,0.0,0.20212316513061523,0.09572702646255493,0.04042463302612305,0.7164909842381244
focus_jamendo_1092684__300s,focus_jamendo_1092684,focus,discovery,300.0,acoustic_novelty_delay,24,2.8644806802608125,11.218314975500107,0.9177072048187256,0.5545675158500671,0.9830197188818925,6.0,0.0,0.20414578914642334,0.05673310160636902,0.03402429819107056,0.9355624219197978
focus_jamendo_1092684__300s,focus_jamendo_1092684,focus,discovery,300.0,rhythm,24,1.799010665132804,5.198832586407661,1.8223813772201538,0.20684728771448135,0.737071957113916,7.0,0.0,0.05199204385280609,0.022923648357391357,0.0074274348361151555,0.6290255237631664
focus_jamendo_1101389__180s,focus_jamendo_1101389,focus,discovery,180.0,acoustic_novelty_delay,24,2.3187074075841965,11.928721770644188,1.5157461166381836,0.5388806164264679,0.9609820644673795,6.0,0.0,0.24431636929512024,0.08150872588157654,0.04071939488252004,0.8523373843276597
focus_jamendo_1101389__180s,focus_jamendo_1101389,focus,discovery,180.0,rhythm,24,3.7337762236370624,5.831277345307171,0.9205216765403748,0.33770501613616943,0.9063088455161592,1.0,0.0,0.015809297561645508,0.015809297561645508,0.015809297561645508,-2.2204460492503128e-16
focus_jamendo_1101389__300s,focus_jamendo_1101389,focus,discovery,300.0,acoustic_novelty_delay,24,2.56488649875607,10.893619060516357,0.9782640933990479,0.6085276305675507,0.9679663498296264,5.0,0.0,0.17035996913909912,0.08062916994094849,0.03407199382781982,0.7259775865446071
focus_jamendo_1101389__300s,focus_jamendo_1101389,focus,discovery,300.0,rhythm,24,1.320203059165726,9.586843052878976,2.733485460281372,0.32285767793655396,0.7579807010118396,2.0,0.0,0.038390010595321655,0.03364965319633484,0.019195005297660828,0.5392789451482888
focus_jamendo_1101393__180s,focus_jamendo_1101393,focus,discovery,180.0,acoustic_novelty_delay,24,2.5361850094341554,12.26300710439682,0.9833030104637146,0.6972327828407288,0.9751128351481327,3.0,1.0,0.18883401155471802,0.10007423162460327,0.06294467051823933,0.9123346677057228
focus_jamendo_1101393__180s,focus_jamendo_1101393,focus,discovery,180.0,rhythm,24,1.410008614270203,11.06811062246561,2.595557451248169,0.45848260819911957,0.7823653081888151,6.0,1.0,0.17202705144882202,0.10327902436256409,0.028671175241470337,0.6245551956272475
focus_jamendo_1101393__300s,focus_jamendo_1101393,focus,discovery,300.0,acoustic_novelty_delay,24,2.5411712490800156,10.722037196159363,0.970550000667572,0.6043341755867004,0.9753651173331694,2.0,1.0,0.2618143558502197,0.210582435131073,0.13090717792510986,0.7132041792375263
focus_jamendo_1101393__300s,focus_jamendo_1101393,focus,discovery,300.0,rhythm,24,2.3764073831291967,10.706640936434269,1.437300443649292,0.5917501151561737,0.9504641635476048,5.0,1.0,0.27429038286209106,0.13979846239089966,0.054858076572418216,0.8418661851999558
focus_jamendo_1106739__180s,focus_jamendo_1106739,focus,discovery,180.0,acoustic_novelty_delay,24,2.3430196563363843,11.035042867064476,1.0137380361557007,0.5647473335266113,0.9659688690833652,5.0,0.0,0.3413039445877075,0.09289097785949707,0.0682607889175415,0.9877775824854195
focus_jamendo_1106739__180s,focus_jamendo_1106739,focus,discovery,180.0,rhythm,24,3.6940237071155426,9.721216011792421,0.8069173693656921,0.5820707380771637,0.9574133409302832,8.0,2.0,0.6390174925327301,0.22688013315200806,0.07987718656659126,0.8340858977670005
focus_jamendo_1106739__300s,focus_jamendo_1106739,focus,discovery,300.0,acoustic_novelty_delay,24,2.3430196563363843,11.035042867064476,1.0137380361557007,0.5647473335266113,0.9659688690833652,5.0,0.0,0.3413039445877075,0.09289097785949707,0.0682607889175415,0.9877775824854195
focus_jamendo_1106739__300s,focus_jamendo_1106739,focus,discovery,300.0,rhythm,24,3.6940237071155426,9.721216011792421,0.8069173693656921,0.5820707380771637,0.9574133409302832,8.0,2.0,0.6390174925327301,0.22688013315200806,0.07987718656659126,0.8340858977670005
focus_jamendo_1106747__180s,focus_jamendo_1106747,focus,discovery,180.0,acoustic_novelty_delay,24,2.6133907289572282,11.634740605950356,1.1592828035354614,0.7096658945083618,0.9635550355244175,5.0,2.0,0.4042454659938812,0.16759872436523438,0.08084909319877624,0.8207830029641716
focus_jamendo_1106747__180s,focus_jamendo_1106747,focus,discovery,180.0,rhythm,24,1.9737860739943995,10.673459451645613,1.8221992254257202,0.8286724984645844,0.8623642657577122,2.0,0.0,0.08497217297554016,0.0450073778629303,0.04248608648777008,0.997458135732538
focus_jamendo_1106747__300s,focus_jamendo_1106747,focus,discovery,300.0,acoustic_novelty_delay,24,2.601392141272618,9.631493479013443,0.8078687787055969,0.5020394772291183,0.969788753956491,4.0,1.0,0.40677058696746826,0.2111823558807373,0.10169264674186707,0.867117387473656
focus_jamendo_1106747__300s,focus_jamendo_1106747,focus,discovery,300.0,rhythm,24,2.554538393483453,10.830722406506538,1.4131667613983154,0.4817807078361511,0.9696989383827338,3.0,0.0,0.18377450108528137,0.08755570650100708,0.061258167028427124,0.9419952275507498
focus_jamendo_1128146__180s,focus_jamendo_1128146,focus,discovery,180.0,acoustic_novelty_delay,24,2.638088374510069,11.350118577480316,1.1826165914535522,0.5248406529426575,0.969878863837095,7.0,1.0,0.43457621335983276,0.10182571411132812,0.06208231619426182,0.9455094289838021
focus_jamendo_1128146__180s,focus_jamendo_1128146,focus,discovery,180.0,rhythm,24,2.630826211889789,11.465333491563797,0.7147438526153564,0.5891612768173218,0.9899166125614196,9.0,3.0,0.7081289887428284,0.15312570333480835,0.07868099874920315,0.8993324168268314
focus_jamendo_1128146__300s,focus_jamendo_1128146,focus,discovery,300.0,acoustic_novelty_delay,24,2.0790730183567523,15.879390627145767,4.5062079429626465,0.5590039789676666,0.8781243373183046,3.0,0.0,0.14542245864868164,0.07815146446228027,0.04847415288289388,0.915120207156372
focus_jamendo_1128146__300s,focus_jamendo_1128146,focus,discovery,300.0,rhythm,24,3.2236554199949543,10.679077502340078,1.4701228141784668,0.5250129103660583,0.9327848282877637,3.0,1.0,0.19119036197662354,0.10919415950775146,0.06373012065887451,0.892000218709185
focus_jamendo_1128147__180s,focus_jamendo_1128147,focus,discovery,180.0,acoustic_novelty_delay,24,2.4987948098399473,10.950841560959816,0.7921658158302307,0.5591914653778076,0.983623739347787,9.0,0.0,0.4460427165031433,0.07958376407623291,0.04956030183368259,0.9522549003309323
focus_jamendo_1128147__180s,focus_jamendo_1128147,focus,discovery,180.0,rhythm,24,2.734030028827221,10.025585740804672,1.072849154472351,0.685104101896286,0.9401481042415117,3.0,1.0,0.1343752145767212,0.12384140491485596,0.044791738192240395,0.29949954717472793
focus_jamendo_1128147__300s,focus_jamendo_1128147,focus,discovery,300.0,acoustic_novelty_delay,24,2.648527219775107,11.661463484168053,2.2115683555603027,0.5488899052143097,0.933288704453525,3.0,1.0,0.2917878031730652,0.1748388409614563,0.0972626010576884,0.8656248637668045
focus_jamendo_1128147__300s,focus_jamendo_1128147,focus,discovery,300.0,rhythm,24,3.4151267786840505,7.657226394396275,1.392695426940918,0.5591620355844498,0.8781813614196888,2.0,1.0,0.1764211654663086,0.14921116828918457,0.0882105827331543,0.6203332269136222
focus_jamendo_1130216__180s,focus_jamendo_1130216,focus,discovery,180.0,acoustic_novelty_delay,24,2.69089522110354,10.939648911356926,1.0444951057434082,0.5809856355190277,0.9795760849186476,4.0,1.0,0.2751506567001343,0.10619151592254639,0.06878766417503357,0.9054577636921898
focus_jamendo_1130216__180s,focus_jamendo_1130216,focus,discovery,180.0,rhythm,24,3.3262691843483037,12.614616066217422,1.346585750579834,0.6272320747375488,0.9631928227618339,3.0,0.0,0.2455977201461792,0.08659452199935913,0.08186590671539307,0.9989296518855053
focus_jamendo_1130216__300s,focus_jamendo_1130216,focus,discovery,300.0,acoustic_novelty_delay,24,2.888338406811344,10.871219083666801,0.9384618997573853,0.6402216255664825,0.9713298841554691,3.0,0.0,0.06736844778060913,0.05658215284347534,0.022456149260203045,0.48261763508005906
focus_jamendo_1130216__300s,focus_jamendo_1130216,focus,discovery,300.0,rhythm,24,3.2511423091557297,12.109040930867195,1.2494827508926392,0.627922922372818,0.9726424243217211,3.0,1.0,0.22811263799667358,0.1510968804359436,0.07603754599889119,0.6933226511579607
focus_jamendo_1130360__180s,focus_jamendo_1130360,focus,discovery,180.0,acoustic_novelty_delay,24,2.8442746097237444,10.846925899386406,1.3555692434310913,0.5569669008255005,0.9663494108478377,3.0,2.0,0.4605938792228699,0.3040761351585388,0.15353129307428995,0.7110726138093918
focus_jamendo_1130360__180s,focus_jamendo_1130360,focus,discovery,180.0,rhythm,24,2.813171332069585,11.313956633210182,1.3390268087387085,0.6591927707195282,0.96052710489259,6.0,0.0,0.17013689875602722,0.05586230754852295,0.028356149792671204,0.8480737759200611
focus_jamendo_1130360__300s,focus_jamendo_1130360,focus,discovery,300.0,acoustic_novelty_delay,24,2.4931914415249183,9.720915257930756,0.8253040313720703,0.47679993510246277,0.9839426447950665,4.0,0.0,0.14307954907417297,0.04947194457054138,0.03576988726854324,0.9280531108902617
focus_jamendo_1130360__300s,focus_jamendo_1130360,focus,discovery,300.0,rhythm,24,2.6239923081928915,9.670152708888054,0.8579868674278259,0.5740203559398651,0.9631799480139817,4.0,0.0,0.3448273539543152,0.09463155269622803,0.0862068384885788,0.9922678091554641
focus_jamendo_1130372__180s,focus_jamendo_1130372,focus,discovery,180.0,acoustic_novelty_delay,24,2.5735277313296843,10.450594291090965,0.8315194845199585,0.5963554084300995,0.974040594044355,6.0,1.0,0.429110586643219,0.14240384101867676,0.07151843110720317,0.9039588075488633
focus_jamendo_1130372__180s,focus_jamendo_1130372,focus,discovery,180.0,rhythm,24,4.824388910869024,7.762127939611673,0.7642223238945007,0.4507918506860733,0.9414060055089819,4.0,0.0,0.23445838689804077,0.08296722173690796,0.05861459672451019,0.92460394008973
focus_jamendo_1130372__300s,focus_jamendo_1130372,focus,discovery,300.0,acoustic_novelty_delay,24,2.132757342400896,11.671053685247898,1.2680121660232544,0.5861987173557281,0.970276992454996,7.0,0.0,0.3248809576034546,0.08456134796142578,0.046411565371922085,0.937869620816535
focus_jamendo_1130372__300s,focus_jamendo_1130372,focus,discovery,300.0,rhythm,24,4.127333067685205,9.102735675871372,0.8074319362640381,0.4982104152441025,0.9613557594627494,4.0,1.0,0.20408734679222107,0.11635527014732361,0.05102183669805527,0.8316959663830634
focus_jamendo_1130830__180s,focus_jamendo_1130830,focus,discovery,180.0,acoustic_novelty_delay,24,2.1657068593873805,11.208350598812103,1.0471901893615723,0.6777395606040955,0.9587399594451852,5.0,0.0,0.1709045171737671,0.04962790012359619,0.03418090343475342,0.9491728064755219
focus_jamendo_1130830__180s,focus_jamendo_1130830,focus,discovery,180.0,rhythm,24,2.4676212567732367,12.145751163363457,1.1652591228485107,0.5952238440513611,0.9564829258086339,2.0,0.0,0.05837357044219971,0.0481797456741333,0.029186785221099854,0.6681892949164925
focus_jamendo_1130830__300s,focus_jamendo_1130830,focus,discovery,300.0,acoustic_novelty_delay,24,2.4057213938655972,10.876259997487068,1.2068642377853394,0.7134348750114441,0.944672508748645,3.0,1.0,0.18938526511192322,0.10975492000579834,0.06312842170397441,0.6290520799749304
focus_jamendo_1130830__300s,focus_jamendo_1130830,focus,discovery,300.0,rhythm,24,2.8199758238829213,10.816891551017761,1.9092859029769897,0.639931857585907,0.9171737283604705,3.0,1.0,0.17084169387817383,0.14327764511108398,0.05694723129272461,0.5008653309687575
focus_jamendo_1154856__180s,focus_jamendo_1154856,focus,discovery,180.0,acoustic_novelty_delay,24,2.342225148248564,11.110446214675903,2.1816720962524414,0.44881531596183777,0.926887781282834,3.0,0.0,0.05092960596084595,0.04268229007720947,0.016976535320281982,0.5003527552903844
focus_jamendo_1154856__180s,focus_jamendo_1154856,focus,discovery,180.0,rhythm,24,1.8752694228945723,9.770524262450635,1.06284499168396,0.7515121400356293,0.8991270696027399,6.0,2.0,0.40381433069705963,0.20998263359069824,0.06730238844950993,0.6982351533729503
focus_jamendo_1154856__300s,focus_jamendo_1154856,focus,discovery,300.0,acoustic_novelty_delay,24,1.923247745927817,10.835897848010063,1.5991473197937012,0.5706275701522827,0.9319272512725887,2.0,0.0,0.10060259699821472,0.0666952133178711,0.05030129849910736,0.9219607427765374
focus_jamendo_1154856__300s,focus_jamendo_1154856,focus,discovery,300.0,rhythm,24,1.8472357983324654,9.07975671812892,2.08247447013855,0.4040612727403641,0.8143095901833118,4.0,0.0,0.12189905345439911,0.04244965314865112,0.030474763363599777,0.8413813306076877
focus_jamendo_1154857__180s,focus_jamendo_1154857,focus,discovery,180.0,acoustic_novelty_delay,24,2.421208498124195,11.074294075369835,0.7615978717803955,0.5486438274383545,0.9873020478042872,6.0,0.0,0.2823590040206909,0.08362245559692383,0.047059834003448486,0.9184011892255038
focus_jamendo_1154857__180s,focus_jamendo_1154857,focus,discovery,180.0,rhythm,24,2.4943306469741797,10.350177069194615,1.2432769536972046,0.7935833930969238,0.8914249974442121,0.0,0.0,0.0,0.0,0.0,0.0
focus_jamendo_1154857__300s,focus_jamendo_1154857,focus,discovery,300.0,acoustic_novelty_delay,24,2.4196382509673766,10.62991388142109,0.7233886122703552,0.5675784647464752,0.9881068431963711,5.0,3.0,0.37325483560562134,0.11258703470230103,0.07465096712112426,0.8847286745778004
focus_jamendo_1154857__300s,focus_jamendo_1154857,focus,discovery,300.0,rhythm,24,1.8865703928119324,12.932734657078981,2.8026387691497803,0.7764520645141602,0.8222087903419015,6.0,1.0,0.24385705590248108,0.17536520957946777,0.04064284265041351,0.4805591596411234
focus_jamendo_1156277__180s,focus_jamendo_1156277,focus,discovery,180.0,acoustic_novelty_delay,24,2.7214859961199616,10.962577044963837,0.8797833919525146,0.536596029996872,0.9808857741848073,4.0,0.0,0.1268945336341858,0.058495938777923584,0.03172363340854645,0.9137177303296571
focus_jamendo_1156277__180s,focus_jamendo_1156277,focus,discovery,180.0,rhythm,24,2.6549771038668513,10.252641174942255,0.996096670627594,0.6037879586219788,0.955940528820357,2.0,0.0,0.04162001609802246,0.02772963047027588,0.02081000804901123,0.9187048744655644
focus_jamendo_1156277__300s,focus_jamendo_1156277,focus,discovery,300.0,acoustic_novelty_delay,24,2.356993886967261,11.418234676122665,1.3371371030807495,0.5603501498699188,0.9716600277008086,6.0,0.0,0.23809075355529785,0.08735096454620361,0.03968179225921631,0.7861291065204677
focus_jamendo_1156277__300s,focus_jamendo_1156277,focus,discovery,300.0,rhythm,24,2.4145017943787876,9.695008710026741,1.0433355569839478,0.47746506333351135,0.9690013800700796,4.0,0.0,0.18936783075332642,0.09149056673049927,0.047341957688331604,0.9024685185092899
focus_jamendo_1250838__180s,focus_jamendo_1250838,focus,discovery,180.0,acoustic_novelty_delay,24,2.1184747966549313,11.049653679132462,1.8583085536956787,0.4996238499879837,0.9409707822882124,3.0,1.0,0.208224356174469,0.14633536338806152,0.069408118724823,0.7133733512317422
focus_jamendo_1250838__180s,focus_jamendo_1250838,focus,discovery,180.0,rhythm,24,0.49903026953056123,23.083322390913963,8.768895149230957,0.8355649411678314,0.6522404449729001,4.0,0.0,0.07129864394664764,0.029615819454193115,0.01782466098666191,0.9142546491247833
focus_jamendo_1250838__300s,focus_jamendo_1250838,focus,discovery,300.0,acoustic_novelty_delay,24,2.5402865703208577,11.10449829697609,0.8398465514183044,0.5517836809158325,0.9830057800887502,8.0,1.0,0.4610937833786011,0.13685286045074463,0.057636722922325134,0.8484027648480358
focus_jamendo_1250838__300s,focus_jamendo_1250838,focus,discovery,300.0,rhythm,24,0.5191643280226625,28.538104087114334,14.30821704864502,0.8040158748626709,0.5757114349634387,4.0,0.0,0.0559806227684021,0.034661829471588135,0.013995155692100525,0.7546094160613499
focus_jamendo_1302666__180s,focus_jamendo_1302666,focus,discovery,180.0,acoustic_novelty_delay,24,2.7794205985931804,11.200569421052933,0.9131729006767273,0.5556305348873138,0.9851324282078073,7.0,1.0,0.4277896285057068,0.11602306365966797,0.06111280407224383,0.918176505831019
focus_jamendo_1302666__180s,focus_jamendo_1302666,focus,discovery,180.0,rhythm,24,2.0257628076660774,10.797733470797539,1.9825763702392578,0.5271192044019699,0.9297614333464546,4.0,0.0,0.14930972456932068,0.0645250678062439,0.03732743114233017,0.8763393066191986
focus_jamendo_1302666__300s,focus_jamendo_1302666,focus,discovery,300.0,acoustic_novelty_delay,24,2.4115740935471512,10.423967525362968,0.7453585863113403,0.5465824604034424,0.9762989273614323,2.0,1.0,0.1734200119972229,0.13724911212921143,0.08671000599861145,0.738748073358401
focus_jamendo_1302666__300s,focus_jamendo_1302666,focus,discovery,300.0,rhythm,24,1.9412621657547455,11.031248539686203,1.1724047660827637,0.5671239197254181,0.9535586157924159,6.0,0.0,0.24425145983695984,0.07195389270782471,0.04070857663949331,0.8571257064846616
focus_jamendo_1442910__180s,focus_jamendo_1442910,focus,discovery,180.0,acoustic_novelty_delay,24,1.953292093146962,12.273048043251038,2.260312080383301,0.6011291146278381,0.9279559292408102,4.0,0.0,0.1103011965751648,0.04929143190383911,0.0275752991437912,0.7744143374296043
focus_jamendo_1442910__180s,focus_jamendo_1442910,focus,discovery,180.0,rhythm,24,2.1953433385216305,11.090333878993988,1.8928537368774414,0.5400769412517548,0.8974171176257257,3.0,0.0,0.04830154776573181,0.02412968873977661,0.016100515921910603,0.8728417550643992
focus_jamendo_1442910__300s,focus_jamendo_1442910,focus,discovery,300.0,acoustic_novelty_delay,24,2.3044430614418774,14.294227048754692,2.3760032653808594,0.6234877705574036,0.9044417739487971,5.0,1.0,0.3393339514732361,0.2186124324798584,0.06786679029464722,0.6897101218991867
focus_jamendo_1442910__300s,focus_jamendo_1442910,focus,discovery,300.0,rhythm,24,2.6650922136992543,8.946809403598309,1.4173303842544556,0.5351370275020599,0.9313429402380967,2.0,0.0,0.10925564169883728,0.07509088516235352,0.05462782084941864,0.8962709791375839
focus_jamendo_1450425__180s,focus_jamendo_1450425,focus,discovery,180.0,acoustic_novelty_delay,24,2.4469977046339797,10.261393576860428,0.8314968943595886,0.5529745817184448,0.9728231822730234,4.0,2.0,0.34315288066864014,0.14271634817123413,0.08578822016716003,0.815536812478311
focus_jamendo_1450425__180s,focus_jamendo_1450425,focus,discovery,180.0,rhythm,24,1.3415006692631732,14.533770199865103,3.6464169025421143,0.4914484769105911,0.751227745427308,1.0,0.0,0.0031298398971557617,0.0031298398971557617,0.0031298398971557617,-2.2204460492503128e-16
focus_jamendo_1450425__300s,focus_jamendo_1450425,focus,discovery,300.0,acoustic_novelty_delay,24,2.1624060268408654,11.165609627962112,0.827724039554596,0.5756820738315582,0.9813029860500606,7.0,2.0,0.6784542202949524,0.23219048976898193,0.09692203147070748,0.8986218444721646
focus_jamendo_1450425__300s,focus_jamendo_1450425,focus,discovery,300.0,rhythm,24,2.6530615000620386,7.57236597314477,1.7663583755493164,0.4041086807847023,0.8243067331904592,3.0,0.0,0.01125633716583252,0.00853419303894043,0.00375211238861084,0.6154793843518946
focus_jamendo_1502253__180s,focus_jamendo_1502253,focus,discovery,180.0,acoustic_novelty_delay,24,2.1267002624706492,11.357665725052357,1.0863169431686401,0.650210976600647,0.9671254454570543,5.0,0.0,0.07562345266342163,0.03358781337738037,0.015124690532684327,0.8765428026572054
focus_jamendo_1502253__180s,focus_jamendo_1502253,focus,discovery,180.0,rhythm,24,3.950958091959917,6.502110147383064,0.9659960865974426,0.46057556569576263,0.804254262103865,0.0,0.0,0.0,0.0,0.0,0.0
focus_jamendo_1502253__300s,focus_jamendo_1502253,focus,discovery,300.0,acoustic_novelty_delay,24,2.0754821566093327,11.484459467232227,1.4801325798034668,0.6047887802124023,0.9573550667411949,5.0,0.0,0.1315106451511383,0.038322269916534424,0.02630212903022766,0.9354310096783397
focus_jamendo_1502253__300s,focus_jamendo_1502253,focus,discovery,300.0,rhythm,24,4.006822059213421,6.339163822121918,0.9148448705673218,0.498484268784523,0.7966134527274004,1.0,0.0,0.0010509788990020752,0.0010509788990020752,0.0010509788990020752,-2.2204460492503128e-16
focus_jamendo_1522319__180s,focus_jamendo_1522319,focus,discovery,180.0,acoustic_novelty_delay,24,2.102259475614045,10.957535520195961,1.190168857574463,0.5525967478752136,0.9671185420987577,3.0,1.0,0.2023347020149231,0.16220158338546753,0.06744490067164104,0.5767942298997422
focus_jamendo_1522319__180s,focus_jamendo_1522319,focus,discovery,180.0,rhythm,24,1.327825743238964,10.278612416237593,1.6800289154052734,0.5899572521448135,0.8043667291642358,3.0,2.0,0.23686766624450684,0.12467485666275024,0.07895588874816895,0.6642184217314769
focus_jamendo_1522319__300s,focus_jamendo_1522319,focus,discovery,300.0,acoustic_novelty_delay,24,1.0029574815517421,26.506417885422707,9.959720611572266,0.6097991168498993,0.6987616668655943,6.0,0.0,0.360283762216568,0.08694946765899658,0.06004729370276133,0.9593707786484316
focus_jamendo_1522319__300s,focus_jamendo_1522319,focus,discovery,300.0,rhythm,24,2.008043432552186,11.444370061159134,2.4581520557403564,0.45940668880939484,0.9065071578456468,5.0,0.0,0.1898246705532074,0.06647711992263794,0.03796493411064148,0.8544486179373446
focus_jamendo_1522321__180s,focus_jamendo_1522321,focus,discovery,180.0,acoustic_novelty_delay,24,2.622955600571082,11.223593324422836,0.8267539739608765,0.5613301992416382,0.9830522964159668,8.0,1.0,0.32093149423599243,0.1123661994934082,0.040116436779499054,0.8474089577737809
focus_jamendo_1522321__180s,focus_jamendo_1522321,focus,discovery,180.0,rhythm,24,1.192865952270778,8.168973669409752,1.8798532485961914,0.3698398768901825,0.8197374787076136,5.0,0.0,0.06204080581665039,0.03355395793914795,0.012408161163330078,0.7561256110909568
focus_jamendo_1522321__300s,focus_jamendo_1522321,focus,discovery,300.0,acoustic_novelty_delay,24,1.2623431221703982,24.472120612859726,8.959222793579102,0.5735646486282349,0.7311051721861287,7.0,3.0,0.4898010492324829,0.13466745615005493,0.06997157846178327,0.80261826172677
focus_jamendo_1522321__300s,focus_jamendo_1522321,focus,discovery,300.0,rhythm,24,1.61657610813026,14.948839623481035,2.9139151573181152,0.7480092942714691,0.8761366767006273,1.0,0.0,0.03438079357147217,0.03438079357147217,0.03438079357147217,-2.2204460492503128e-16
focus_jamendo_1522332__180s,focus_jamendo_1522332,focus,discovery,180.0,acoustic_novelty_delay,24,2.736473184158257,11.124521166086197,1.078348159790039,0.5332922339439392,0.9722310656894876,4.0,1.0,0.3577124774456024,0.17048227787017822,0.0894281193614006,0.8936906961910213
focus_jamendo_1522332__180s,focus_jamendo_1522332,focus,discovery,180.0,rhythm,24,2.7609318474782087,11.289155319333076,1.374815821647644,0.6120198965072632,0.9350749742582196,3.0,1.0,0.11751413345336914,0.10229218006134033,0.03917137781778971,0.43076932416947733
focus_jamendo_1522332__300s,focus_jamendo_1522332,focus,discovery,300.0,acoustic_novelty_delay,24,1.9813602295930903,18.250022687017918,6.3577752113342285,0.5552209317684174,0.7987464541213048,5.0,0.0,0.23579749464988708,0.09242075681686401,0.047159498929977416,0.8228845341186699
focus_jamendo_1522332__300s,focus_jamendo_1522332,focus,discovery,300.0,rhythm,24,2.5046214026441938,11.412426177412271,1.4590730667114258,0.64247727394104,0.9006851123426218,2.0,0.0,0.0435771644115448,0.026639968156814575,0.0217885822057724,0.9639367831196244
focus_jamendo_1522335__180s,focus_jamendo_1522335,focus,discovery,180.0,acoustic_novelty_delay,24,2.6232781479055847,12.247342348098755,1.0720136165618896,0.6090686023235321,0.9831296035291472,5.0,0.0,0.23897188901901245,0.07917630672454834,0.04779437780380249,0.8656253491414174
focus_jamendo_1522335__180s,focus_jamendo_1522335,focus,discovery,180.0,rhythm,24,1.9963103712628816,11.372059881687164,1.8760712146759033,0.7815284132957458,0.855002126301948,3.0,0.0,0.1615791916847229,0.0667765736579895,0.0538597305615743,0.9862208090076312
focus_jamendo_1522335__300s,focus_jamendo_1522335,focus,discovery,300.0,acoustic_novelty_delay,24,1.1697913059731961,21.632715120911598,7.983939170837402,0.580976128578186,0.7436818151263257,7.0,2.0,0.6079038977622986,0.16998958587646484,0.08684341396604266,0.8923442486848703
focus_jamendo_1522335__300s,focus_jamendo_1522335,focus,discovery,300.0,rhythm,24,2.318792752852148,10.36038525402546,1.9509435892105103,0.4404653459787369,0.9253888040715024,4.0,1.0,0.22383838891983032,0.10762989521026611,0.05595959722995758,0.7528232298880001
focus_jamendo_1542218__180s,focus_jamendo_1542218,focus,discovery,180.0,acoustic_novelty_delay,24,1.9874588726134763,11.056847378611565,1.0727134943008423,0.6213488578796387,0.9685851324663111,6.0,0.0,0.25974148511886597,0.09087741374969482,0.043290247519811,0.8385333232010338
focus_jamendo_1542218__180s,focus_jamendo_1542218,focus,discovery,180.0,rhythm,24,0.8176158286578958,12.77997382543981,2.2828385829925537,0.5104276239871979,0.8264385291996906,3.0,0.0,0.12154829502105713,0.06003880500793457,0.04051609834035238,0.8873469068129421
focus_jamendo_1542218__300s,focus_jamendo_1542218,focus,discovery,300.0,acoustic_novelty_delay,24,2.2483743092753175,11.208333596587181,1.071279525756836,0.618023157119751,0.9570820323970374,3.0,0.0,0.17744985222816467,0.06977996230125427,0.05914995074272156,0.9824551326350461
focus_jamendo_1542218__300s,focus_jamendo_1542218,focus,discovery,300.0,rhythm,24,3.3994911918452733,7.1145755015313625,1.0575052499771118,0.36502864956855774,0.9081383065991289,3.0,0.0,0.10223400592803955,0.09793317317962646,0.034078001976013184,0.18056137831850402
focus_jamendo_1560365__180s,focus_jamendo_1560365,focus,discovery,180.0,acoustic_novelty_delay,24,2.412170563818141,11.144697666168213,0.7484139800071716,0.5644400119781494,0.9892238009977073,8.0,0.0,0.32715052366256714,0.088276207447052,0.04089381545782089,0.8859189953311607
focus_jamendo_1560365__180s,focus_jamendo_1560365,focus,discovery,180.0,rhythm,24,2.193041728921611,11.67374650388956,1.93840754032135,0.7452816069126129,0.8797176920238221,2.0,1.0,0.1597794145345688,0.10949963331222534,0.0798897072672844,0.8985048303066971
focus_jamendo_1560365__300s,focus_jamendo_1560365,focus,discovery,300.0,acoustic_novelty_delay,24,2.481075690385368,12.534517481923103,1.6990686655044556,0.5883743762969971,0.9513910881598002,3.0,0.0,0.12148886919021606,0.06698757410049438,0.04049628973007202,0.8330997406305558
focus_jamendo_1560365__300s,focus_jamendo_1560365,focus,discovery,300.0,rhythm,24,3.7539826123244846,6.791201465763152,1.4238197803497314,0.32627104222774506,0.7862232059974934,0.0,0.0,0.0,0.0,0.0,0.0
focus_jamendo_1575999__180s,focus_jamendo_1575999,focus,discovery,180.0,acoustic_novelty_delay,24,2.4124686217780047,11.270437926054,1.0083073377609253,0.5880220830440521,0.9600267474151967,5.0,1.0,0.2632850110530853,0.11484813690185547,0.05265700221061707,0.7549901834109789
focus_jamendo_1575999__180s,focus_jamendo_1575999,focus,discovery,180.0,rhythm,24,1.935986377473546,12.184308424592018,2.1879818439483643,0.5604243278503418,0.8921029813800389,1.0,0.0,0.008343815803527832,0.008343815803527832,0.008343815803527832,-2.2204460492503128e-16
focus_jamendo_1575999__300s,focus_jamendo_1575999,focus,discovery,300.0,acoustic_novelty_delay,24,2.532041736897707,11.934511974453926,1.254230260848999,0.708175390958786,0.9620486296577516,6.0,0.0,0.3650837242603302,0.09621235728263855,0.0608472873767217,0.8967607867899441
focus_jamendo_1575999__300s,focus_jamendo_1575999,focus,discovery,300.0,rhythm,24,2.5599835635877684,9.972131796181202,1.5531517267227173,0.5790621638298035,0.935492528594539,2.0,0.0,0.0968022346496582,0.08948284387588501,0.0484011173248291,0.38652510931034106
focus_jamendo_1576036__180s,focus_jamendo_1576036,focus,discovery,180.0,acoustic_novelty_delay,24,2.375781211581534,13.637940764427185,2.3447513580322266,0.5686876475811005,0.9449408545442272,7.0,0.0,0.25495827198028564,0.08175116777420044,0.03642261028289795,0.869130117755668
focus_jamendo_1576036__180s,focus_jamendo_1576036,focus,discovery,180.0,rhythm,24,2.4336568166240022,9.809866558760405,1.3166351318359375,0.48880907893180847,0.9401262841115506,3.0,0.0,0.06031787395477295,0.04395514726638794,0.020105957984924316,0.7031740120183937
focus_jamendo_1576036__300s,focus_jamendo_1576036,focus,discovery,300.0,acoustic_novelty_delay,24,2.6042254671832037,13.105490177869797,1.959358811378479,0.5617383122444153,0.9553331921252727,8.0,1.0,0.3439539670944214,0.10693073272705078,0.04299424588680267,0.7772275568092321
focus_jamendo_1576036__300s,focus_jamendo_1576036,focus,discovery,300.0,rhythm,24,1.7473242335005548,11.848356172442436,3.473334550857544,0.5733713805675507,0.8331308255303054,4.0,1.0,0.1322595775127411,0.10258662700653076,0.03306489437818527,0.4875557867326901
focus_jamendo_1610713__180s,focus_jamendo_1610713,focus,discovery,180.0,acoustic_novelty_delay,24,2.3025154779044867,11.405489414930344,0.8451350331306458,0.5963484942913055,0.9835555955140531,4.0,2.0,0.3373079299926758,0.15530985593795776,0.08432698249816895,0.734857060067498
focus_jamendo_1610713__180s,focus_jamendo_1610713,focus,discovery,180.0,rhythm,24,2.7158556777163865,12.470804125070572,1.068584680557251,0.6787155866622925,0.9778183016073824,5.0,1.0,0.24310049414634705,0.10056835412979126,0.04862009882926941,0.9024210534680632
focus_jamendo_1610713__300s,focus_jamendo_1610713,focus,discovery,300.0,acoustic_novelty_delay,24,2.581295494313922,12.293716564774513,0.9821778535842896,0.5891380310058594,0.9811678607606882,7.0,2.0,0.3972536623477936,0.15194278955459595,0.05675052319254194,0.7661292317043323
focus_jamendo_1610713__300s,focus_jamendo_1610713,focus,discovery,300.0,rhythm,24,2.6468438609959315,11.74816158413887,0.7850089073181152,0.6281384229660034,0.9831222574094104,4.0,1.0,0.14337903261184692,0.11536997556686401,0.03584475815296173,0.4862279666059965
focus_jamendo_1617037__180s,focus_jamendo_1617037,focus,discovery,180.0,acoustic_novelty_delay,24,2.405731410806247,11.717408075928688,1.1584372520446777,0.5675616264343262,0.9605091912963228,3.0,0.0,0.12257003784179688,0.09259724617004395,0.04085667928059896,0.6599159800060417
focus_jamendo_1617037__180s,focus_jamendo_1617037,focus,discovery,180.0,rhythm,24,4.180016077445879,6.476663833484054,0.9112234711647034,0.42913421988487244,0.8889485685589347,2.0,0.0,0.06720677018165588,0.06640160083770752,0.03360338509082794,0.09365367090101971
focus_jamendo_1617037__300s,focus_jamendo_1617037,focus,discovery,300.0,acoustic_novelty_delay,24,2.5506261164363666,10.425534844398499,1.6179341077804565,0.5259027779102325,0.9328238331085439,1.0,0.0,0.001795649528503418,0.001795649528503418,0.001795649528503418,-2.2204460492503128e-16
focus_jamendo_1617037__300s,focus_jamendo_1617037,focus,discovery,300.0,rhythm,24,4.318654470955279,7.456480585038662,1.2472258806228638,0.434171199798584,0.9071444811793768,3.0,0.0,0.014419138431549072,0.0066672563552856445,0.004806379477183024,0.8283737904989857
focus_jamendo_1619099__180s,focus_jamendo_1619099,focus,discovery,180.0,acoustic_novelty_delay,24,2.000949049704723,13.865721583366394,4.727560520172119,0.5525888502597809,0.8310148957500755,4.0,1.0,0.35085529088974,0.21601563692092896,0.087713822722435,0.7715954360721159
focus_jamendo_1619099__180s,focus_jamendo_1619099,focus,discovery,180.0,rhythm,24,3.438309609521009,7.944789008703083,1.0457390546798706,0.5353049635887146,0.8854663971640321,2.0,1.0,0.17832130193710327,0.1628085970878601,0.08916065096855164,0.42635238751313054
focus_jamendo_1619099__300s,focus_jamendo_1619099,focus,discovery,300.0,acoustic_novelty_delay,24,2.000949049704723,13.865721583366394,4.727560520172119,0.5525888502597809,0.8310148957500755,4.0,1.0,0.35085529088974,0.21601563692092896,0.087713822722435,0.7715954360721159
focus_jamendo_1619099__300s,focus_jamendo_1619099,focus,discovery,300.0,rhythm,24,3.438309609521009,7.944789008703083,1.0457390546798706,0.5353049635887146,0.8854663971640321,2.0,1.0,0.17832130193710327,0.1628085970878601,0.08916065096855164,0.42635238751313054
focus_jamendo_1632069__180s,focus_jamendo_1632069,focus,discovery,180.0,acoustic_novelty_delay,24,2.5146504238029026,11.75390775501728,1.2634164094924927,0.6527349352836609,0.967415496132236,6.0,1.0,0.18031352758407593,0.13147640228271484,0.03005225459734599,0.5170390361572491
focus_jamendo_1632069__180s,focus_jamendo_1632069,focus,discovery,180.0,rhythm,24,2.2810309088550085,11.858419962227345,1.9256141185760498,0.8806828856468201,0.8741443451410238,6.0,0.0,0.15099313855171204,0.0399399995803833,0.025165523091952007,0.8731074586906503
focus_jamendo_1632069__300s,focus_jamendo_1632069,focus,discovery,300.0,acoustic_novelty_delay,24,2.661086605446858,11.119797751307487,1.1972297430038452,0.5686704814434052,0.9640595190654255,2.0,0.0,0.02213752269744873,0.01602885127067566,0.011068761348724365,0.8498623494009978
focus_jamendo_1632069__300s,focus_jamendo_1632069,focus,discovery,300.0,rhythm,24,3.038036763590143,9.134385533630848,0.9723725914955139,0.5636280328035355,0.9159610926948761,1.0,0.0,0.04521816968917847,0.04521816968917847,0.04521816968917847,-2.2204460492503128e-16
focus_jamendo_1632088__180s,focus_jamendo_1632088,focus,discovery,180.0,acoustic_novelty_delay,24,2.4174749974675036,9.66228699684143,0.8008514642715454,0.5225107669830322,0.9743332044322381,2.0,0.0,0.014712154865264893,0.013133883476257324,0.007356077432632446,0.491646610628929
focus_jamendo_1632088__180s,focus_jamendo_1632088,focus,discovery,180.0,rhythm,24,2.0805049765497152,8.470704071223736,2.338256597518921,0.3998432457447052,0.8043867354115668,2.0,0.0,0.005644470453262329,0.0034748613834381104,0.0028222352266311646,0.9610753253802364
focus_jamendo_1632088__300s,focus_jamendo_1632088,focus,discovery,300.0,acoustic_novelty_delay,24,2.4174749974675036,9.66228699684143,0.8008514642715454,0.5225107669830322,0.9743332044322381,2.0,0.0,0.014712154865264893,0.013133883476257324,0.007356077432632446,0.491646610628929
focus_jamendo_1632088__300s,focus_jamendo_1632088,focus,discovery,300.0,rhythm,24,2.0805049765497152,8.470704071223736,2.338256597518921,0.3998432457447052,0.8043867354115668,2.0,0.0,0.005644470453262329,0.0034748613834381104,0.0028222352266311646,0.9610753253802364
focus_jamendo_1646629__180s,focus_jamendo_1646629,focus,discovery,180.0,acoustic_novelty_delay,24,2.4403697384487493,12.324837267398834,1.0908958911895752,0.6219202876091003,0.9796776909115463,4.0,0.0,0.150373637676239,0.09299713373184204,0.03759340941905975,0.7367275758251322
focus_jamendo_1646629__180s,focus_jamendo_1646629,focus,discovery,180.0,rhythm,24,3.948069012246188,9.950126696377993,0.9095162749290466,0.5122042596340179,0.9686505829553471,6.0,1.0,0.5416154861450195,0.2723047137260437,0.0902692476908366,0.82337903949418
focus_jamendo_1646629__300s,focus_jamendo_1646629,focus,discovery,300.0,acoustic_novelty_delay,24,2.442640311486245,10.673986494541168,0.9222275614738464,0.5533254742622375,0.9795848338141135,5.0,1.0,0.40840959548950195,0.14131677150726318,0.08168191909790039,0.9551653679591054
focus_jamendo_1646629__300s,focus_jamendo_1646629,focus,discovery,300.0,rhythm,24,4.165543087942177,8.39466218650341,0.6437379717826843,0.4882477670907974,0.9628125056984789,4.0,1.0,0.2530774772167206,0.10991770029067993,0.06326936930418015,0.9005903939848988
focus_jamendo_1647617__180s,focus_jamendo_1647617,focus,discovery,180.0,acoustic_novelty_delay,24,2.3915832335778546,12.19461227953434,1.8236236572265625,0.5949806571006775,0.939860086519509,2.0,0.0,0.08914884924888611,0.0810287594795227,0.044574424624443054,0.44007983968258796
focus_jamendo_1647617__180s,focus_jamendo_1647617,focus,discovery,180.0,rhythm,24,2.94156360324736,12.200484529137611,1.0791765451431274,0.6303116381168365,0.9829281510044582,9.0,1.0,0.5034403204917908,0.11500877141952515,0.05593781338797675,0.9113507258951532
focus_jamendo_1647617__300s,focus_jamendo_1647617,focus,discovery,300.0,acoustic_novelty_delay,24,2.524354212850213,11.151364982128143,1.469954252243042,0.5244369506835938,0.9596538551059728,3.0,1.0,0.16548389196395874,0.10001611709594727,0.05516129732131958,0.7164940105846102
focus_jamendo_1647617__300s,focus_jamendo_1647617,focus,discovery,300.0,rhythm,24,3.2412053014222257,10.53526596724987,1.1273890733718872,0.6021220684051514,0.9567570713560094,5.0,1.0,0.2633628845214844,0.12191283702850342,0.05267257690429687,0.8648575139316022
focus_jamendo_1667339__180s,focus_jamendo_1667339,focus,discovery,180.0,acoustic_novelty_delay,24,2.169744493737703,10.554160937666893,0.9616742134094238,0.5894283950328827,0.9715645454058442,4.0,1.0,0.19231584668159485,0.10544347763061523,0.04807896167039871,0.7045324037670537
focus_jamendo_1667339__180s,focus_jamendo_1667339,focus,discovery,180.0,rhythm,24,2.8596293200258796,10.27730062045157,1.5846806764602661,0.5671892464160919,0.8972866290451347,2.0,0.0,0.026129767298698425,0.014918282628059387,0.013064883649349213,0.9854340997571096
focus_jamendo_1667339__300s,focus_jamendo_1667339,focus,discovery,300.0,acoustic_novelty_delay,24,1.878563078862038,10.537850603461266,1.1734647750854492,0.5560909509658813,0.968415897201538,6.0,1.0,0.41171643137931824,0.11101329326629639,0.06861940522988637,0.9591760363299975
focus_jamendo_1667339__300s,focus_jamendo_1667339,focus,discovery,300.0,rhythm,24,3.7119621538987744,10.218203581869602,1.0073119401931763,0.6083267033100128,0.9409293552974712,4.0,0.0,0.28635910153388977,0.08914217352867126,0.07158977538347244,0.9863092778674679
focus_jamendo_1668128__180s,focus_jamendo_1668128,focus,discovery,180.0,acoustic_novelty_delay,24,2.313168000562192,10.295911684632301,1.0934982299804688,0.6208798587322235,0.9277421460339642,5.0,2.0,0.4617048501968384,0.19983291625976562,0.09234097003936767,0.8049781834392243
focus_jamendo_1668128__180s,focus_jamendo_1668128,focus,discovery,180.0,rhythm,24,0.8324717108867101,15.968328520655632,4.330325126647949,0.4908246248960495,0.7817926370071093,3.0,0.0,0.036533623933792114,0.02774447202682495,0.012177874644597372,0.5962606660771426
focus_jamendo_1668128__300s,focus_jamendo_1668128,focus,discovery,300.0,acoustic_novelty_delay,24,2.5444208752638255,9.966326728463173,1.180536150932312,0.5114136040210724,0.9433592691624484,4.0,0.0,0.21274837851524353,0.0782734751701355,0.05318709462881088,0.972120667069064
focus_jamendo_1668128__300s,focus_jamendo_1668128,focus,discovery,300.0,rhythm,24,2.846576808078926,9.130770117044449,0.9391791224479675,0.6638279259204865,0.9221563177109608,5.0,0.0,0.20126013457775116,0.09099471569061279,0.04025202691555023,0.8596083408988269
focus_jamendo_1684978__180s,focus_jamendo_1684978,focus,discovery,180.0,acoustic_novelty_delay,24,2.0534267427094233,12.433773204684258,2.7137110233306885,0.5680413246154785,0.9244100384767449,7.0,3.0,0.7655182182788849,0.23305034637451172,0.10935974546841212,0.8588282810435164
focus_jamendo_1684978__180s,focus_jamendo_1684978,focus,discovery,180.0,rhythm,24,2.6775462090269233,10.73315678536892,0.9079664945602417,0.5055650025606155,0.9781261925968593,8.0,0.0,0.23605188727378845,0.08650588989257812,0.029506485909223557,0.777649072303605
focus_jamendo_1684978__300s,focus_jamendo_1684978,focus,discovery,300.0,acoustic_novelty_delay,24,2.2593239198012003,11.429335370659828,1.4950494766235352,0.5994644463062286,0.9581151794656508,6.0,0.0,0.19169974327087402,0.05468344688415527,0.03194995721181234,0.9072502686900029
focus_jamendo_1684978__300s,focus_jamendo_1684978,focus,discovery,300.0,rhythm,24,3.0122070170554913,11.178453594446182,1.1348388195037842,0.5399943590164185,0.9615604829006772,3.0,0.0,0.11179086565971375,0.04124215245246887,0.03726362188657125,0.9964636833453377
focus_jamendo_1684979__180s,focus_jamendo_1684979,focus,discovery,180.0,acoustic_novelty_delay,24,2.259005733978415,10.437281847000122,1.1593713760375977,0.5831932425498962,0.9554640807635526,5.0,0.0,0.2369549572467804,0.06553909182548523,0.04739099144935608,0.968698857015655
focus_jamendo_1684979__180s,focus_jamendo_1684979,focus,discovery,180.0,rhythm,24,2.1050738672107627,10.857198460027575,1.4146960973739624,0.7820147573947906,0.830792982582303,1.0,0.0,0.060298919677734375,0.060298919677734375,0.060298919677734375,-2.2204460492503128e-16
focus_jamendo_1684979__300s,focus_jamendo_1684979,focus,discovery,300.0,acoustic_novelty_delay,24,2.259005733978415,10.437281847000122,1.1593713760375977,0.5831932425498962,0.9554640807635526,5.0,0.0,0.2369549572467804,0.06553909182548523,0.04739099144935608,0.968698857015655
focus_jamendo_1684979__300s,focus_jamendo_1684979,focus,discovery,300.0,rhythm,24,2.1050738672107627,10.857198460027575,1.4146960973739624,0.7820147573947906,0.830792982582303,1.0,0.0,0.060298919677734375,0.060298919677734375,0.060298919677734375,-2.2204460492503128e-16
focus_jamendo_1692446__180s,focus_jamendo_1692446,focus,discovery,180.0,acoustic_novelty_delay,24,2.408264312713709,11.960523530840874,1.0524715185165405,0.5298822522163391,0.9756253654538846,7.0,2.0,0.3867899179458618,0.13793623447418213,0.055255702563694546,0.7227047769911658
focus_jamendo_1692446__180s,focus_jamendo_1692446,focus,discovery,180.0,rhythm,24,3.0366679636833016,9.77277410030365,0.8700101375579834,0.4965769946575165,0.9689758681111126,2.0,0.0,0.04853734374046326,0.037954092025756836,0.02426867187023163,0.7565788433280041
focus_jamendo_1692446__300s,focus_jamendo_1692446,focus,discovery,300.0,acoustic_novelty_delay,24,2.2182278949918275,10.923385590314865,1.3513373136520386,0.5010199099779129,0.9712351012946381,4.0,2.0,0.3107621967792511,0.15247005224227905,0.07769054919481277,0.6781136791623971
focus_jamendo_1692446__300s,focus_jamendo_1692446,focus,discovery,300.0,rhythm,24,2.633036991214121,11.870366767048836,2.616819143295288,0.6293257176876068,0.9056132371646842,2.0,0.0,0.08273494243621826,0.07753780484199524,0.04136747121810913,0.3385262184044759
focus_jamendo_1699096__180s,focus_jamendo_1699096,focus,discovery,180.0,acoustic_novelty_delay,24,2.4745597414448532,11.016704648733139,1.1697962284088135,0.5789652764797211,0.9756028326288296,3.0,1.0,0.23448657989501953,0.18787872791290283,0.07816219329833984,0.566709475019873
focus_jamendo_1699096__180s,focus_jamendo_1699096,focus,discovery,180.0,rhythm,24,1.1186921456838064,13.170027375221252,3.4723312854766846,0.49086980521678925,0.748904311868101,3.0,1.0,0.3330328166484833,0.308215856552124,0.11101093888282776,0.27513239476227336
focus_jamendo_1699096__300s,focus_jamendo_1699096,focus,discovery,300.0,acoustic_novelty_delay,24,2.5121872498227367,11.678207844495773,1.5997414588928223,0.47217796742916107,0.9622550212029365,6.0,0.0,0.27558788657188416,0.07867884635925293,0.04593131442864736,0.924740323436169
focus_jamendo_1699096__300s,focus_jamendo_1699096,focus,discovery,300.0,rhythm,24,3.617259501030521,8.945165392011404,1.15910804271698,0.5061923116445541,0.9120774986142992,4.0,0.0,0.10121233761310577,0.054395198822021484,0.025303084403276443,0.6452545177465161
focus_jamendo_1704604__180s,focus_jamendo_1704604,focus,discovery,180.0,acoustic_novelty_delay,24,1.8403084671683858,12.820057272911072,3.482863664627075,0.5766564309597015,0.8830325298086503,5.0,0.0,0.18149065971374512,0.06319868564605713,0.03629813194274902,0.9443132393068202
focus_jamendo_1704604__180s,focus_jamendo_1704604,focus,discovery,180.0,rhythm,24,1.498931539664453,14.567237600684166,5.061497688293457,0.3022819459438324,0.7060477181109118,5.0,0.0,0.11029070615768433,0.03602397441864014,0.022058141231536866,0.9563915010004141
focus_jamendo_1704604__300s,focus_jamendo_1704604,focus,discovery,300.0,acoustic_novelty_delay,24,2.207089671173663,12.469447135925293,1.6993279457092285,0.6423630714416504,0.9534897631712033,3.0,0.0,0.0876721739768982,0.067233145236969,0.029224057992299397,0.6063329813016676
focus_jamendo_1704604__300s,focus_jamendo_1704604,focus,discovery,300.0,rhythm,24,2.521499234563578,7.69741205702303,1.0794504880905151,0.39611147344112396,0.8997039381430921,1.0,0.0,0.024154365062713623,0.024154365062713623,0.024154365062713623,-2.2204460492503128e-16
focus_jamendo_1705713__180s,focus_jamendo_1705713,focus,discovery,180.0,acoustic_novelty_delay,24,1.8422230057253968,13.461988314986229,2.2224605083465576,0.6681432127952576,0.9252718686722186,7.0,2.0,0.3856644630432129,0.1278771460056305,0.05509492329188755,0.852467295925022
focus_jamendo_1705713__180s,focus_jamendo_1705713,focus,discovery,180.0,rhythm,24,3.9906620609111574,7.755130525678396,1.2100764513015747,0.4522395431995392,0.908739972890931,2.0,0.0,0.049524664878845215,0.03439831733703613,0.024762332439422607,0.8878282524326647
focus_jamendo_1705713__300s,focus_jamendo_1705713,focus,discovery,300.0,acoustic_novelty_delay,24,1.8422230057253968,13.461988314986229,2.2224605083465576,0.6681432127952576,0.9252718686722186,7.0,2.0,0.3856644630432129,0.1278771460056305,0.05509492329188755,0.852467295925022
focus_jamendo_1705713__300s,focus_jamendo_1705713,focus,discovery,300.0,rhythm,24,3.9906620609111574,7.755130525678396,1.2100764513015747,0.4522395431995392,0.908739972890931,2.0,0.0,0.049524664878845215,0.03439831733703613,0.024762332439422607,0.8878282524326647
focus_jamendo_1706218__180s,focus_jamendo_1706218,focus,discovery,180.0,acoustic_novelty_delay,24,2.4379734988038266,10.190641030669212,0.6359136700630188,0.5304766893386841,0.9859470954893967,4.0,1.0,0.28600361943244934,0.11741620302200317,0.07150090485811234,0.9132046497838974
focus_jamendo_1706218__180s,focus_jamendo_1706218,focus,discovery,180.0,rhythm,24,2.662401553325413,10.20587296038866,0.8316748142242432,0.6435587108135223,0.9599916273239104,6.0,2.0,0.42839282751083374,0.13403624296188354,0.07139880458513896,0.8556326472762277
focus_jamendo_1706218__300s,focus_jamendo_1706218,focus,discovery,300.0,acoustic_novelty_delay,24,2.349803792339312,10.760396674275398,1.1427569389343262,0.5217236280441284,0.9681394043736349,4.0,0.0,0.22691738605499268,0.06908279657363892,0.05672934651374817,0.98571319064945
focus_jamendo_1706218__300s,focus_jamendo_1706218,focus,discovery,300.0,rhythm,24,2.3420078971760763,11.164202332496643,1.3892486095428467,0.7720938622951508,0.9290385388108775,5.0,2.0,0.2778018116950989,0.11550921201705933,0.05556036233901977,0.7768933071092912
focus_jamendo_1709689__180s,focus_jamendo_1709689,focus,discovery,180.0,acoustic_novelty_delay,24,2.7320639430339613,10.885581493377686,0.7802533507347107,0.5958368182182312,0.9770374978428024,5.0,1.0,0.29783234000205994,0.11397767066955566,0.05956646800041199,0.9012450944319523
focus_jamendo_1709689__180s,focus_jamendo_1709689,focus,discovery,180.0,rhythm,24,2.3255997303665956,10.9028951972723,1.226327657699585,0.6696383655071259,0.9373048752247106,2.0,0.0,0.04946419596672058,0.028739064931869507,0.02473209798336029,0.9809817697834784
focus_jamendo_1709689__300s,focus_jamendo_1709689,focus,discovery,300.0,acoustic_novelty_delay,24,2.623319342847347,11.142677590250969,1.184255838394165,0.5371547043323517,0.9662081970178333,6.0,1.0,0.29457807540893555,0.11524498462677002,0.04909634590148926,0.8519177552479807
focus_jamendo_1709689__300s,focus_jamendo_1709689,focus,discovery,300.0,rhythm,24,2.4120798528759826,12.855689257383347,1.578911542892456,0.577517569065094,0.9599426757993733,7.0,0.0,0.3495889902114868,0.09701037406921387,0.04994128431592669,0.9105132038093059
focus_jamendo_1780015__180s,focus_jamendo_1780015,focus,discovery,180.0,acoustic_novelty_delay,24,2.470703595232292,10.113355323672295,0.8410417437553406,0.49652962386608124,0.9857879602265157,4.0,0.0,0.17160457372665405,0.08585917949676514,0.04290114343166351,0.7825876928147303
focus_jamendo_1780015__180s,focus_jamendo_1780015,focus,discovery,180.0,rhythm,24,2.5042323069206516,9.369055047631264,0.7921723127365112,0.5918952524662018,0.9510206545705633,4.0,1.0,0.28349466621875763,0.1704126000404358,0.07087366655468941,0.7694918726575641
focus_jamendo_1780015__300s,focus_jamendo_1780015,focus,discovery,300.0,acoustic_novelty_delay,24,2.39289846822151,11.918277353048325,2.2752373218536377,0.5511558651924133,0.9246694604478971,2.0,0.0,0.0078582763671875,0.007481575012207031,0.00392913818359375,0.27756752990837785
focus_jamendo_1780015__300s,focus_jamendo_1780015,focus,discovery,300.0,rhythm,24,2.893097392060446,9.619274847209454,1.9437897205352783,0.49700768291950226,0.9075489085393559,6.0,0.0,0.11733713746070862,0.033998310565948486,0.01955618957678477,0.923592707218955
focus_jamendo_1785989__180s,focus_jamendo_1785989,focus,discovery,180.0,acoustic_novelty_delay,24,2.37252079529191,10.117299690842628,0.7963642477989197,0.5348334014415741,0.970782852066964,3.0,0.0,0.07919105887413025,0.042465925216674805,0.026397019624710083,0.6690407470982589
focus_jamendo_1785989__180s,focus_jamendo_1785989,focus,discovery,180.0,rhythm,24,2.364876399592646,9.831211687996984,1.387404441833496,0.779273509979248,0.8505986385797722,1.0,0.0,0.002877071499824524,0.002877071499824524,0.002877071499824524,-2.2204460492503128e-16
focus_jamendo_1785989__300s,focus_jamendo_1785989,focus,discovery,300.0,acoustic_novelty_delay,24,1.8461942084595768,11.897648960351944,2.3727784156799316,0.5498907268047333,0.9138867717070692,2.0,0.0,0.05165940523147583,0.04269534349441528,0.025829702615737915,0.6656993554106191
focus_jamendo_1785989__300s,focus_jamendo_1785989,focus,discovery,300.0,rhythm,24,3.676271403487042,7.0610974337905645,1.3690266609191895,0.43158526718616486,0.7944323164268506,2.0,0.0,0.009062737226486206,0.005717337131500244,0.004531368613243103,0.9500078749137539
focus_jamendo_1797025__180s,focus_jamendo_1797025,focus,discovery,180.0,acoustic_novelty_delay,24,2.6104102197705763,11.251222878694534,0.8236273527145386,0.5575721859931946,0.9897544444845305,7.0,2.0,0.3700619339942932,0.13295787572860718,0.052865990570613315,0.8248793834793517
focus_jamendo_1797025__180s,focus_jamendo_1797025,focus,discovery,180.0,rhythm,24,3.388598543321148,9.020003888756037,0.8903445601463318,0.5804565846920013,0.9421420990795326,4.0,0.0,0.17625302076339722,0.08181828260421753,0.044063255190849304,0.7911642457246312
focus_jamendo_1797025__300s,focus_jamendo_1797025,focus,discovery,300.0,acoustic_novelty_delay,24,2.733599678485669,10.322804510593414,1.0677742958068848,0.515782818198204,0.9646984003870188,5.0,0.0,0.292680561542511,0.08850562572479248,0.0585361123085022,0.9752222283873025
focus_jamendo_1797025__300s,focus_jamendo_1797025,focus,discovery,300.0,rhythm,24,3.7547252720256283,10.170511120930314,0.9605379104614258,0.5337511301040649,0.953172526741148,5.0,1.0,0.28472843766212463,0.12755775451660156,0.056945687532424925,0.8637176933475881
focus_jamendo_1798830__180s,focus_jamendo_1798830,focus,discovery,180.0,acoustic_novelty_delay,24,2.5817109357489874,11.692723631858826,1.2045223712921143,0.6239137649536133,0.9741913578132202,2.0,0.0,0.08825215697288513,0.06380623579025269,0.044126078486442566,0.8513319824459897
focus_jamendo_1798830__180s,focus_jamendo_1798830,focus,discovery,180.0,rhythm,24,1.6518078105012863,11.999010747298598,2.6916301250457764,0.8680116236209869,0.8049203579527575,0.0,0.0,0.0,0.0,0.0,0.0
focus_jamendo_1798830__300s,focus_jamendo_1798830,focus,discovery,300.0,acoustic_novelty_delay,24,1.8388470372147951,13.87486433237791,3.216846466064453,0.5854686796665192,0.9171846204983292,5.0,0.0,0.21829691529273987,0.08228111267089844,0.043659383058547975,0.9052503667634076
focus_jamendo_1798830__300s,focus_jamendo_1798830,focus,discovery,300.0,rhythm,24,1.4660618907919822,12.324908275157213,4.203522682189941,0.38432201743125916,0.7653797945265837,5.0,0.0,0.0744922012090683,0.025528043508529663,0.01489844024181366,0.9094026227063804
focus_jamendo_1823875__180s,focus_jamendo_1823875,focus,discovery,180.0,acoustic_novelty_delay,24,2.622534335074041,11.426459938287735,1.1364606618881226,0.5849961638450623,0.9692918960371955,2.0,1.0,0.15354228019714355,0.10871851444244385,0.07677114009857178,0.8712027200120837
focus_jamendo_1823875__180s,focus_jamendo_1823875,focus,discovery,180.0,rhythm,24,0.49444282452631744,18.4488987326622,7.233675956726074,0.8398025929927826,0.6808924216866303,3.0,1.0,0.3148237466812134,0.3049888610839844,0.10494124889373779,0.14003781514578875
focus_jamendo_1823875__300s,focus_jamendo_1823875,focus,discovery,300.0,acoustic_novelty_delay,24,2.530203674747555,11.786209225654602,1.1558725833892822,0.5648554265499115,0.9782732821003803,7.0,2.0,0.4670770764350891,0.10630905628204346,0.06672529663358416,0.9613539557252524
focus_jamendo_1823875__300s,focus_jamendo_1823875,focus,discovery,300.0,rhythm,24,1.517757570501792,7.6263961317017674,3.3173410892486572,0.28185397386550903,0.6866519404640429,4.0,0.0,0.10495799779891968,0.0932324230670929,0.02623949944972992,0.30075586225516643
focus_jamendo_1823902__180s,focus_jamendo_1823902,focus,discovery,180.0,acoustic_novelty_delay,24,2.3998852035775045,11.93941354751587,1.0396473407745361,0.615519255399704,0.9840824778636336,8.0,2.0,0.6472611129283905,0.22670596837997437,0.08090763911604881,0.8401134556531172
focus_jamendo_1823902__180s,focus_jamendo_1823902,focus,discovery,180.0,rhythm,24,2.572953575765874,9.215702027082443,1.1869815587997437,0.6666707396507263,0.8786338255331699,3.0,1.0,0.14939355850219727,0.1263597011566162,0.04979785283406576,0.4834540820968234
focus_jamendo_1823902__300s,focus_jamendo_1823902,focus,discovery,300.0,acoustic_novelty_delay,24,2.060322020166439,11.99204432964325,1.9689762592315674,0.5197719633579254,0.9512558424249904,6.0,3.0,0.5884323120117188,0.15330839157104492,0.09807205200195312,0.9518949872279102
focus_jamendo_1823902__300s,focus_jamendo_1823902,focus,discovery,300.0,rhythm,24,0.9643629666281087,14.398129489272833,3.9239251613616943,0.576865553855896,0.8096235276470406,5.0,0.0,0.25239089131355286,0.09917402267456055,0.050478178262710574,0.8381607733638842
focus_jamendo_1824127__180s,focus_jamendo_1824127,focus,discovery,180.0,acoustic_novelty_delay,24,2.533205704170764,11.872893273830414,0.927878737449646,0.5957373082637787,0.9801549765873502,5.0,2.0,0.3293166756629944,0.13226693868637085,0.06586333513259887,0.7677916946197556
focus_jamendo_1824127__180s,focus_jamendo_1824127,focus,discovery,180.0,rhythm,24,3.1284729437812335,9.27939748764038,0.9370177984237671,0.6335217356681824,0.914535685609023,3.0,1.0,0.2842411398887634,0.1988477110862732,0.09474704662958781,0.5779208507472364
focus_jamendo_1824127__300s,focus_jamendo_1824127,focus,discovery,300.0,acoustic_novelty_delay,24,2.2777533481549126,10.71181945502758,0.8213798999786377,0.5860800445079803,0.9777292487766294,4.0,0.0,0.12632858753204346,0.05830460786819458,0.031582146883010864,0.9053160386608954
focus_jamendo_1824127__300s,focus_jamendo_1824127,focus,discovery,300.0,rhythm,24,3.352031646842243,8.752403251826763,0.8006085157394409,0.5577857792377472,0.9337585733734919,5.0,2.0,0.33063387870788574,0.11777651309967041,0.06612677574157715,0.8345477515975751
focus_jamendo_1826551__180s,focus_jamendo_1826551,focus,discovery,180.0,acoustic_novelty_delay,24,2.635042725933345,10.699868366122246,0.731706440448761,0.5420140027999878,0.9841615816337327,4.0,2.0,0.42223668098449707,0.18907499313354492,0.10555917024612427,0.9069463268682852
focus_jamendo_1826551__180s,focus_jamendo_1826551,focus,discovery,180.0,rhythm,24,2.1153750496980783,13.742869791574776,2.487718105316162,0.7822622954845428,0.849336428492885,1.0,0.0,0.06690719723701477,0.06690719723701477,0.06690719723701477,-2.2204460492503128e-16
focus_jamendo_1826551__300s,focus_jamendo_1826551,focus,discovery,300.0,acoustic_novelty_delay,24,2.8957766917653993,11.42016452550888,1.5173925161361694,0.5247068107128143,0.9632298388267706,4.0,0.0,0.09400320053100586,0.04266840219497681,0.023500800132751465,0.7288601165625299
focus_jamendo_1826551__300s,focus_jamendo_1826551,focus,discovery,300.0,rhythm,24,3.5346036803513625,7.043442459776998,1.0391725301742554,0.39287741482257843,0.9472522792126528,1.0,0.0,0.015923619270324707,0.015923619270324707,0.015923619270324707,-2.2204460492503128e-16
focus_jamendo_1826554__180s,focus_jamendo_1826554,focus,discovery,180.0,acoustic_novelty_delay,24,2.633867766436504,9.574549317359924,0.8771018385887146,0.48735038936138153,0.9726338159280988,7.0,0.0,0.17573082447052002,0.07279294729232788,0.025104403495788574,0.8778214502100503
focus_jamendo_1826554__180s,focus_jamendo_1826554,focus,discovery,180.0,rhythm,24,2.885340818177013,11.423919960856438,1.1621547937393188,0.6186504662036896,0.9673638981614867,5.0,1.0,0.3960772156715393,0.14229989051818848,0.07921544313430787,0.9326240538929574
focus_jamendo_1826554__300s,focus_jamendo_1826554,focus,discovery,300.0,acoustic_novelty_delay,24,2.5598894388407274,11.255981013178825,0.9364144206047058,0.5938917398452759,0.9822170221638076,9.0,3.0,0.8431382775306702,0.29195278882980347,0.09368203083674113,0.8509957586460503
focus_jamendo_1826554__300s,focus_jamendo_1826554,focus,discovery,300.0,rhythm,24,2.573146452906217,11.122096747159958,1.0096747875213623,0.5730021595954895,0.9628773193029121,6.0,1.0,0.41736459732055664,0.16286790370941162,0.06956076622009277,0.9103675663645991
focus_jamendo_1833203__180s,focus_jamendo_1833203,focus,discovery,180.0,acoustic_novelty_delay,24,2.540783144634639,10.967292323708534,1.0349352359771729,0.6290733814239502,0.9581104070966796,4.0,0.0,0.13752037286758423,0.05275428295135498,0.03438009321689606,0.9259105630510946
focus_jamendo_1833203__180s,focus_jamendo_1833203,focus,discovery,180.0,rhythm,24,1.6415209786177885,11.491359546780586,2.233616828918457,0.5440304279327393,0.8646626321532089,5.0,1.0,0.516831248998642,0.371116042137146,0.10336624979972839,0.5952689279503878
focus_jamendo_1833203__300s,focus_jamendo_1833203,focus,discovery,300.0,acoustic_novelty_delay,24,2.5336189944883594,10.342326328158379,1.094881534576416,0.5887439846992493,0.9482180421284021,2.0,1.0,0.1266782283782959,0.10650086402893066,0.06333911418914795,0.632585363875538
focus_jamendo_1833203__300s,focus_jamendo_1833203,focus,discovery,300.0,rhythm,24,1.2064440999161472,17.664682984352112,3.937910795211792,0.7133972346782684,0.7841828692875,1.0,0.0,0.040299952030181885,0.040299952030181885,0.040299952030181885,-2.2204460492503128e-16
focus_jamendo_1835124__180s,focus_jamendo_1835124,focus,discovery,180.0,acoustic_novelty_delay,24,2.723393291727356,11.373072326183319,1.3402405977249146,0.5809201002120972,0.9650873227595326,4.0,1.0,0.263008713722229,0.14317578077316284,0.06575217843055725,0.7833452839133688
focus_jamendo_1835124__180s,focus_jamendo_1835124,focus,discovery,180.0,rhythm,24,2.0255465130192487,7.486101198941469,1.4103792905807495,0.32062089443206787,0.8173656104851521,1.0,0.0,0.006133556365966797,0.006133556365966797,0.006133556365966797,-2.2204460492503128e-16
focus_jamendo_1835124__300s,focus_jamendo_1835124,focus,discovery,300.0,acoustic_novelty_delay,24,2.6429355528774363,11.500280112028122,1.0296905040740967,0.5875006318092346,0.9836856869370598,5.0,3.0,0.40072911977767944,0.12268489599227905,0.08014582395553589,0.866287487435676
focus_jamendo_1835124__300s,focus_jamendo_1835124,focus,discovery,300.0,rhythm,24,2.8397076119626385,6.6318459417670965,1.379659652709961,0.3179541677236557,0.8603181349495319,5.0,0.0,0.191226065158844,0.08290344476699829,0.038245213031768796,0.7923180247375248
focus_jamendo_1838283__180s,focus_jamendo_1838283,focus,discovery,180.0,acoustic_novelty_delay,24,2.487005111634703,11.444990277290344,1.3125380277633667,0.5434522330760956,0.9770433685590534,6.0,1.0,0.46356096863746643,0.14023169875144958,0.07726016143957774,0.956198797595998
focus_jamendo_1838283__180s,focus_jamendo_1838283,focus,discovery,180.0,rhythm,24,0.8347820568636746,16.07785540819168,4.961777210235596,0.4584261327981949,0.6563794204069859,5.0,0.0,0.09130038321018219,0.051249027252197266,0.018260076642036438,0.6800158851682394
focus_jamendo_1838283__300s,focus_jamendo_1838283,focus,discovery,300.0,acoustic_novelty_delay,24,2.3192734426771757,11.68003123998642,1.570704460144043,0.5451912879943848,0.9591155264115063,6.0,2.0,0.4470043182373047,0.14672231674194336,0.07450071970621745,0.8253765835171795
focus_jamendo_1838283__300s,focus_jamendo_1838283,focus,discovery,300.0,rhythm,24,0.8727116806140576,12.292437322437763,2.1072030067443848,0.4956340491771698,0.8483558757017325,6.0,3.0,0.5006102323532104,0.16588342189788818,0.08343503872553508,0.8252498845255382
focus_jamendo_1838287__180s,focus_jamendo_1838287,focus,discovery,180.0,acoustic_novelty_delay,24,2.6665139245342444,10.92932802438736,0.8062093257904053,0.641565352678299,0.9706314383504387,8.0,1.0,0.5351821184158325,0.2042798399925232,0.06689776480197906,0.8513416747599845
focus_jamendo_1838287__180s,focus_jamendo_1838287,focus,discovery,180.0,rhythm,24,1.9109562896688668,6.155957046896219,1.4070327281951904,0.26491744816303253,0.9051338637098986,4.0,0.0,0.06136798858642578,0.03739941120147705,0.015341997146606445,0.7228577023385202
focus_jamendo_1838287__300s,focus_jamendo_1838287,focus,discovery,300.0,acoustic_novelty_delay,24,2.2824487458944613,12.579951420426369,1.6884973049163818,0.5893352031707764,0.9526191504671784,7.0,2.0,0.3584290146827698,0.1347324252128601,0.051204144954681396,0.8013409263877249
focus_jamendo_1838287__300s,focus_jamendo_1838287,focus,discovery,300.0,rhythm,24,2.8176481552631727,4.62847301363945,0.9959368705749512,0.21962269395589828,0.8982250619027451,5.0,0.0,0.04357844591140747,0.014650076627731323,0.008715689182281494,0.9271596347687457
focus_jamendo_1842470__180s,focus_jamendo_1842470,focus,discovery,180.0,acoustic_novelty_delay,24,2.1707116709033922,12.322253927588463,1.7390494346618652,0.6554994881153107,0.9550467794456025,6.0,1.0,0.25967854261398315,0.10316330194473267,0.04327975710233053,0.8864089501413482
focus_jamendo_1842470__180s,focus_jamendo_1842470,focus,discovery,180.0,rhythm,24,0.44109238126836015,29.22196364402771,15.056685447692871,0.9442685544490814,0.5375614366339091,3.0,0.0,0.10301429033279419,0.09266805648803711,0.03433809677759806,0.3135735577969833
focus_jamendo_1842470__300s,focus_jamendo_1842470,focus,discovery,300.0,acoustic_novelty_delay,24,2.2057279967987364,11.336795821785927,1.3399828672409058,0.5331072211265564,0.95706599680495,3.0,0.0,0.06922048330307007,0.03564411401748657,0.02307349443435669,0.9048792753600241
focus_jamendo_1842470__300s,focus_jamendo_1842470,focus,discovery,300.0,rhythm,24,1.883303824813194,9.281490372493863,1.5503863096237183,0.6563013046979904,0.8167738866146742,6.0,0.0,0.1955137848854065,0.0892733782529831,0.03258563081423441,0.5668635125615091
focus_jamendo_1842472__180s,focus_jamendo_1842472,focus,discovery,180.0,acoustic_novelty_delay,24,2.4500415850252457,11.386790052056313,1.0799394845962524,0.5619435608386993,0.979856111958666,5.0,1.0,0.5264343619346619,0.32663649320602417,0.10528687238693238,0.7358151610807786
focus_jamendo_1842472__180s,focus_jamendo_1842472,focus,discovery,180.0,rhythm,24,1.2859179372484197,11.350614186376333,2.226149559020996,0.3560074120759964,0.8037546694634062,7.0,1.0,0.35400551557540894,0.13088616728782654,0.050572216510772705,0.7288570581655033
focus_jamendo_1842472__300s,focus_jamendo_1842472,focus,discovery,300.0,acoustic_novelty_delay,24,2.824965798595308,11.682807445526123,1.0865452289581299,0.5946327745914459,0.9835217891359549,9.0,3.0,0.7295781970024109,0.20547783374786377,0.08106424411137898,0.8432889230726642
focus_jamendo_1842472__300s,focus_jamendo_1842472,focus,discovery,300.0,rhythm,24,0.9116672812665403,13.003747005015612,4.181995868682861,0.5633417069911957,0.7708660257385749,5.0,1.0,0.2466408610343933,0.12953972816467285,0.049328172206878663,0.7545543169092257
focus_jamendo_1844721__180s,focus_jamendo_1844721,focus,discovery,180.0,acoustic_novelty_delay,24,2.9446215667029856,10.084556922316551,1.086480975151062,0.5338627099990845,0.9653105121242544,1.0,0.0,0.0015465021133422852,0.0015465021133422852,0.0015465021133422852,-2.2204460492503128e-16
focus_jamendo_1844721__180s,focus_jamendo_1844721,focus,discovery,180.0,rhythm,24,1.2975748774340765,10.03742989897728,2.5999226570129395,0.3348340541124344,0.835038145724067,2.0,1.0,0.13702672719955444,0.12009081244468689,0.06851336359977722,0.5396090366809263
focus_jamendo_1844721__300s,focus_jamendo_1844721,focus,discovery,300.0,acoustic_novelty_delay,24,2.23876716716423,11.850178524851799,2.9906530380249023,0.4549526423215866,0.9019398894124026,4.0,0.0,0.13095948100090027,0.07019364833831787,0.03273987025022507,0.8075611018571244
focus_jamendo_1844721__300s,focus_jamendo_1844721,focus,discovery,300.0,rhythm,24,2.769388338337093,9.341388761997223,1.2981451749801636,0.46133412420749664,0.9036689541284049,1.0,1.0,0.1048269271850586,0.1048269271850586,0.1048269271850586,-2.2204460492503128e-16
focus_jamendo_1847333__180s,focus_jamendo_1847333,focus,discovery,180.0,acoustic_novelty_delay,24,2.4441742775439446,10.229505479335785,0.7947654724121094,0.5265259146690369,0.986099108540329,3.0,0.0,0.1737176775932312,0.07996582984924316,0.057905892531077065,0.9532058044970801
focus_jamendo_1847333__180s,focus_jamendo_1847333,focus,discovery,180.0,rhythm,24,3.7116828082093924,9.18999820202589,1.3967030048370361,0.4650474786758423,0.9175671106179683,4.0,0.0,0.1673034131526947,0.064110666513443,0.041825853288173676,0.9442416539716755
focus_jamendo_1847333__300s,focus_jamendo_1847333,focus,discovery,300.0,acoustic_novelty_delay,24,2.6266861353815463,11.959195628762245,1.5172913074493408,0.5711473226547241,0.9469667473329237,4.0,1.0,0.20982050895690918,0.1362755298614502,0.052455127239227295,0.7420097863448948
focus_jamendo_1847333__300s,focus_jamendo_1847333,focus,discovery,300.0,rhythm,24,3.475391349746326,9.983223244547844,1.158308744430542,0.590136855840683,0.9248816622944243,4.0,0.0,0.09210622310638428,0.04873877763748169,0.02302655577659607,0.8563529110465719
focus_jamendo_1847530__180s,focus_jamendo_1847530,focus,discovery,180.0,acoustic_novelty_delay,24,2.03031351327907,11.58649905025959,1.7989972829818726,0.5377964079380035,0.9281309616232527,4.0,0.0,0.18821263313293457,0.07993268966674805,0.04705315828323364,0.8503668852542087
focus_jamendo_1847530__180s,focus_jamendo_1847530,focus,discovery,180.0,rhythm,24,2.1866791341804372,9.861877365037799,1.3927600383758545,0.6565242409706116,0.8940404883187139,6.0,1.0,0.3099963068962097,0.18944644927978516,0.051666051149368286,0.6258060125082568
focus_jamendo_1847530__300s,focus_jamendo_1847530,focus,discovery,300.0,acoustic_novelty_delay,24,2.6060051468863583,8.540851563215256,0.9161233305931091,0.43021559715270996,0.955042630416878,3.0,0.0,0.044346585869789124,0.030457407236099243,0.014782195289929708,0.7588538473053013
focus_jamendo_1847530__300s,focus_jamendo_1847530,focus,discovery,300.0,rhythm,24,2.3663282851703547,11.448470152914524,1.734174370765686,0.5408777296543121,0.9052559516985685,4.0,0.0,0.10325932502746582,0.0697517991065979,0.025814831256866455,0.6667031569583699
focus_jamendo_1850576__180s,focus_jamendo_1850576,focus,discovery,180.0,acoustic_novelty_delay,24,1.701270257872975,14.282272517681122,3.4874157905578613,0.6075264811515808,0.8892704773479644,3.0,1.0,0.19544023275375366,0.15696829557418823,0.06514674425125122,0.5173665353135665
focus_jamendo_1850576__180s,focus_jamendo_1850576,focus,discovery,180.0,rhythm,24,3.646427130107491,10.077256418764591,1.611057162284851,0.5640002191066742,0.9370948972059583,4.0,1.0,0.2742517590522766,0.12668168544769287,0.06856293976306915,0.8935510687324194
focus_jamendo_1850576__300s,focus_jamendo_1850576,focus,discovery,300.0,acoustic_novelty_delay,24,1.701270257872975,14.282272517681122,3.4874157905578613,0.6075264811515808,0.8892704773479644,3.0,1.0,0.19544023275375366,0.15696829557418823,0.06514674425125122,0.5173665353135665
focus_jamendo_1850576__300s,focus_jamendo_1850576,focus,discovery,300.0,rhythm,24,3.646427130107491,10.077256418764591,1.611057162284851,0.5640002191066742,0.9370948972059583,4.0,1.0,0.2742517590522766,0.12668168544769287,0.06856293976306915,0.8935510687324194
focus_jamendo_1856292__180s,focus_jamendo_1856292,focus,discovery,180.0,acoustic_novelty_delay,24,2.299377547795609,12.83770427107811,1.4102295637130737,0.5488598048686981,0.9577944642275338,5.0,2.0,0.4386417865753174,0.19148552417755127,0.08772835731506348,0.8305293002557479
focus_jamendo_1856292__180s,focus_jamendo_1856292,focus,discovery,180.0,rhythm,24,0.8866921289993922,14.777634929865599,2.8798797130584717,0.5732707381248474,0.8477936050328205,7.0,2.0,0.35276278853416443,0.1096196174621582,0.050394684076309204,0.749606243784101
focus_jamendo_1856292__300s,focus_jamendo_1856292,focus,discovery,300.0,acoustic_novelty_delay,24,2.343238233708842,12.732606709003448,1.6495671272277832,0.5701096951961517,0.9531335881094908,3.0,1.0,0.21987974643707275,0.1569843292236328,0.07329324881235759,0.5550833803266055
focus_jamendo_1856292__300s,focus_jamendo_1856292,focus,discovery,300.0,rhythm,24,1.3462380573736508,11.1605791375041,1.6211298704147339,0.41089823842048645,0.8944408486647497,7.0,2.0,0.40554702281951904,0.11623591184616089,0.05793528897421701,0.8878804455472155
focus_jamendo_1866931__180s,focus_jamendo_1866931,focus,discovery,180.0,acoustic_novelty_delay,24,2.468127955240716,12.785500913858414,1.6851474046707153,0.6547470390796661,0.9666580328130431,6.0,0.0,0.1593429446220398,0.08242928981781006,0.026557157437006634,0.6998354796909365
focus_jamendo_1866931__180s,focus_jamendo_1866931,focus,discovery,180.0,rhythm,24,0.6028984950407191,16.1894427575171,5.839535236358643,0.66285440325737,0.7008104145664681,3.0,0.0,0.02667945623397827,0.012760818004608154,0.008893152077992758,0.9395932231762805
focus_jamendo_1866931__300s,focus_jamendo_1866931,focus,discovery,300.0,acoustic_novelty_delay,24,2.559347267077351,10.574973329901695,0.8359073400497437,0.57074835896492,0.9747361662464706,5.0,3.0,0.48109859228134155,0.14565110206604004,0.09621971845626831,0.9239764132700287
focus_jamendo_1866931__300s,focus_jamendo_1866931,focus,discovery,300.0,rhythm,24,0.7648976144594327,14.94365550763905,2.3633360862731934,0.5782648324966431,0.8459822018744907,3.0,1.0,0.31793397665023804,0.20335626602172852,0.10597799221674602,0.8183188374730458
focus_jamendo_1869522__180s,focus_jamendo_1869522,focus,discovery,180.0,acoustic_novelty_delay,24,2.3628648780547543,10.671084553003311,1.1425749063491821,0.44713345170021057,0.9694904615789881,1.0,0.0,0.06254994869232178,0.06254994869232178,0.06254994869232178,-2.2204460492503128e-16
focus_jamendo_1869522__180s,focus_jamendo_1869522,focus,discovery,180.0,rhythm,24,1.8378253956353268,9.326804475858808,1.9749195575714111,0.38154037296772003,0.7905542093346573,2.0,0.0,0.011341065168380737,0.006031244993209839,0.005670532584190369,0.997079129674554
focus_jamendo_1869522__300s,focus_jamendo_1869522,focus,discovery,300.0,acoustic_novelty_delay,24,2.988666727962871,9.406979113817215,0.8524518013000488,0.5573217868804932,0.9721946060613859,2.0,0.0,0.09389492869377136,0.09220921993255615,0.04694746434688568,0.1297883881016814
focus_jamendo_1869522__300s,focus_jamendo_1869522,focus,discovery,300.0,rhythm,24,2.088436097675905,10.520447187125683,1.732557773590088,0.5757447183132172,0.9191687859809028,6.0,0.0,0.2047419250011444,0.07154318690299988,0.0341236541668574,0.8332124587070662
focus_jamendo_1871445__180s,focus_jamendo_1871445,focus,discovery,180.0,acoustic_novelty_delay,24,2.3198617180232524,11.662659406661987,1.5183511972427368,0.6310085952281952,0.9440728695009457,5.0,2.0,0.4972110688686371,0.14543533325195312,0.09944221377372742,0.9551009106940215
focus_jamendo_1871445__180s,focus_jamendo_1871445,focus,discovery,180.0,rhythm,24,1.9736148619238998,11.46080268919468,1.5673930644989014,0.5942131280899048,0.9246444414403637,5.0,0.0,0.1987902820110321,0.05986475944519043,0.03975805640220642,0.8956041923470991
focus_jamendo_1871445__300s,focus_jamendo_1871445,focus,discovery,300.0,acoustic_novelty_delay,24,2.4798277807787805,11.796732008457184,1.4728561639785767,0.5003835409879684,0.949849713829732,6.0,0.0,0.17702636122703552,0.04372137784957886,0.029504393537839253,0.9697316771188651
focus_jamendo_1871445__300s,focus_jamendo_1871445,focus,discovery,300.0,rhythm,24,1.3832405961873353,15.335592150688171,3.0406510829925537,0.6329207420349121,0.8357240469486386,6.0,1.0,0.34051403403282166,0.13294941186904907,0.056752339005470276,0.7792010502290169
focus_jamendo_1874522__180s,focus_jamendo_1874522,focus,discovery,180.0,acoustic_novelty_delay,24,1.843499367417194,12.13507291674614,1.769294023513794,0.6147878766059875,0.920017229479796,0.0,0.0,0.0,0.0,0.0,0.0
focus_jamendo_1874522__180s,focus_jamendo_1874522,focus,discovery,180.0,rhythm,24,3.3967372542296053,10.09015417098999,1.0648308992385864,0.5438402891159058,0.9775375875786555,3.0,0.0,0.09707117080688477,0.06424492597579956,0.03235705693562826,0.7527326928544835
focus_jamendo_1874522__300s,focus_jamendo_1874522,focus,discovery,300.0,acoustic_novelty_delay,24,1.843499367417194,12.13507291674614,1.769294023513794,0.6147878766059875,0.920017229479796,0.0,0.0,0.0,0.0,0.0,0.0
focus_jamendo_1874522__300s,focus_jamendo_1874522,focus,discovery,300.0,rhythm,24,3.3967372542296053,10.09015417098999,1.0648308992385864,0.5438402891159058,0.9775375875786555,3.0,0.0,0.09707117080688477,0.06424492597579956,0.03235705693562826,0.7527326928544835
focus_jamendo_1879604__180s,focus_jamendo_1879604,focus,discovery,180.0,acoustic_novelty_delay,24,2.7340938210816663,10.861730888485909,1.487029790878296,0.5455434620380402,0.9531653847549083,5.0,1.0,0.24673861265182495,0.11250418424606323,0.04934772253036499,0.8737677838789497
focus_jamendo_1879604__180s,focus_jamendo_1879604,focus,discovery,180.0,rhythm,24,3.0664803630297555,8.782316789031029,1.1753491163253784,0.6477951407432556,0.8725075293220139,2.0,0.0,0.0132216215133667,0.012006282806396484,0.00661081075668335,0.4428480778364454
focus_jamendo_1879604__300s,focus_jamendo_1879604,focus,discovery,300.0,acoustic_novelty_delay,24,2.7340938210816663,10.861730888485909,1.487029790878296,0.5455434620380402,0.9531653847549083,5.0,1.0,0.24673861265182495,0.11250418424606323,0.04934772253036499,0.8737677838789497
focus_jamendo_1879604__300s,focus_jamendo_1879604,focus,discovery,300.0,rhythm,24,3.0664803630297555,8.782316789031029,1.1753491163253784,0.6477951407432556,0.8725075293220139,2.0,0.0,0.0132216215133667,0.012006282806396484,0.00661081075668335,0.4428480778364454
focus_jamendo_1881280__180s,focus_jamendo_1881280,focus,discovery,180.0,acoustic_novelty_delay,24,2.712924249651211,10.657008036971092,1.339029312133789,0.5672145187854767,0.965790258599213,6.0,0.0,0.3618199825286865,0.09407538175582886,0.060303330421447754,0.9488597652582406
focus_jamendo_1881280__180s,focus_jamendo_1881280,focus,discovery,180.0,rhythm,24,3.387476512189409,9.076253278180957,1.2485966682434082,0.6343891322612762,0.9053140625768977,2.0,1.0,0.18290191888809204,0.11698949337005615,0.09145095944404602,0.9429901645608636
focus_jamendo_1881280__300s,focus_jamendo_1881280,focus,discovery,300.0,acoustic_novelty_delay,24,2.712924249651211,10.657008036971092,1.339029312133789,0.5672145187854767,0.965790258599213,6.0,0.0,0.3618199825286865,0.09407538175582886,0.060303330421447754,0.9488597652582406
focus_jamendo_1881280__300s,focus_jamendo_1881280,focus,discovery,300.0,rhythm,24,3.387476512189409,9.076253278180957,1.2485966682434082,0.6343891322612762,0.9053140625768977,2.0,1.0,0.18290191888809204,0.11698949337005615,0.09145095944404602,0.9429901645608636
focus_jamendo_1885488__180s,focus_jamendo_1885488,focus,discovery,180.0,acoustic_novelty_delay,24,2.468747413708393,12.46276219189167,1.377691388130188,0.6127876341342926,0.9700088734051289,3.0,1.0,0.2604038715362549,0.14838522672653198,0.08680129051208496,0.8852572452787547
focus_jamendo_1885488__180s,focus_jamendo_1885488,focus,discovery,180.0,rhythm,24,2.390939142619552,10.542543277144432,1.7648603916168213,0.46927568316459656,0.9269715975206382,4.0,0.0,0.14452210068702698,0.06536966562271118,0.036130525171756744,0.8737229855496219
focus_jamendo_1885488__300s,focus_jamendo_1885488,focus,discovery,300.0,acoustic_novelty_delay,24,2.7325556951083385,10.185292065143585,1.1934760808944702,0.5486254096031189,0.9676346921297079,5.0,1.0,0.3774017095565796,0.16698294878005981,0.07548034191131592,0.7955118238221872
focus_jamendo_1885488__300s,focus_jamendo_1885488,focus,discovery,300.0,rhythm,24,2.838778350962818,10.394966997206211,1.5685001611709595,0.6165280044078827,0.8893267044062342,2.0,0.0,0.08202263712882996,0.05946192145347595,0.04101131856441498,0.8486247333497325
focus_jamendo_1890389__180s,focus_jamendo_1890389,focus,discovery,180.0,acoustic_novelty_delay,24,2.5361996306624675,8.86691264808178,0.7177920341491699,0.49415332078933716,0.9662623427392305,2.0,0.0,0.06859306991100311,0.05743381381034851,0.034296534955501556,0.6407010416778911
focus_jamendo_1890389__180s,focus_jamendo_1890389,focus,discovery,180.0,rhythm,24,1.4631802635768119,12.340410282835364,2.5433831214904785,0.7007987201213837,0.8256194371146923,4.0,0.0,0.27864354848861694,0.0986894965171814,0.06966088712215424,0.9450908728785717
focus_jamendo_1890389__300s,focus_jamendo_1890389,focus,discovery,300.0,acoustic_novelty_delay,24,2.108797236568578,11.705222681164742,1.624936580657959,0.5644114315509796,0.95527962007589,8.0,2.0,0.4856598675251007,0.15053176879882812,0.06070748344063759,0.8110779594480381
focus_jamendo_1890389__300s,focus_jamendo_1890389,focus,discovery,300.0,rhythm,24,1.8601133409539414,9.182561479508877,1.43539559841156,0.36697040498256683,0.842352723475133,6.0,0.0,0.07702267169952393,0.026821553707122803,0.012837111949920654,0.8407935723594311
focus_jamendo_1890394__180s,focus_jamendo_1890394,focus,discovery,180.0,acoustic_novelty_delay,24,1.9726228358263085,11.378127753734589,1.2993977069854736,0.4914553314447403,0.964684633404039,4.0,0.0,0.11150410771369934,0.053066134452819824,0.027876026928424835,0.7400604016938716
focus_jamendo_1890394__180s,focus_jamendo_1890394,focus,discovery,180.0,rhythm,24,1.4705985543862714,10.115072943270206,1.221071720123291,0.61798095703125,0.916613622819612,4.0,0.0,0.13550180196762085,0.07491534948348999,0.03387545049190521,0.7863682360846944
focus_jamendo_1890394__300s,focus_jamendo_1890394,focus,discovery,300.0,acoustic_novelty_delay,24,2.0039493193112428,13.462893083691597,1.677089810371399,0.6311417818069458,0.9389339121900343,4.0,1.0,0.2213975489139557,0.10155123472213745,0.05534938722848892,0.9061147901741826
focus_jamendo_1890394__300s,focus_jamendo_1890394,focus,discovery,300.0,rhythm,24,0.9012084948670325,15.027820914052427,5.740177154541016,0.5007209926843643,0.7128032206101582,1.0,0.0,0.06812122464179993,0.06812122464179993,0.06812122464179993,-2.2204460492503128e-16
focus_jamendo_1890497__180s,focus_jamendo_1890497,focus,discovery,180.0,acoustic_novelty_delay,24,2.3380140080293246,12.945372223854065,2.032907009124756,0.5282931327819824,0.9448922986537627,7.0,3.0,0.4997221827507019,0.15010851621627808,0.07138888325010027,0.8796084416051942
focus_jamendo_1890497__180s,focus_jamendo_1890497,focus,discovery,180.0,rhythm,24,1.8499479589899424,9.6199304535985,2.3314945697784424,0.4116370975971222,0.8143638454979737,3.0,1.0,0.14697250723838806,0.12475508451461792,0.048990835746129356,0.4776627703079522
focus_jamendo_1890497__300s,focus_jamendo_1890497,focus,discovery,300.0,acoustic_novelty_delay,24,2.8194238002774794,10.761396810412407,0.9536064267158508,0.5449876189231873,0.9746993210276815,4.0,0.0,0.16491010785102844,0.07947224378585815,0.04122752696275711,0.8370644264270355
focus_jamendo_1890497__300s,focus_jamendo_1890497,focus,discovery,300.0,rhythm,24,1.7370353013887891,9.837794075720012,1.7965234518051147,0.5413104742765427,0.8216987905135638,3.0,0.0,0.10934944450855255,0.0662611722946167,0.03644981483618418,0.743530813084876
focus_jamendo_1890501__180s,focus_jamendo_1890501,focus,discovery,180.0,acoustic_novelty_delay,24,3.051097930705476,9.686268419027328,0.9637416005134583,0.5257855355739594,0.9534664033258812,6.0,0.0,0.2564653158187866,0.0988847017288208,0.042744219303131104,0.7751179448553525
focus_jamendo_1890501__180s,focus_jamendo_1890501,focus,discovery,180.0,rhythm,24,1.5291003839502322,9.608567159622908,1.4430903196334839,0.4457334727048874,0.827395847988724,0.0,0.0,0.0,0.0,0.0,0.0
focus_jamendo_1890501__300s,focus_jamendo_1890501,focus,discovery,300.0,acoustic_novelty_delay,24,2.034434506365475,11.746998623013496,1.6542025804519653,0.5522741079330444,0.9367541438801857,5.0,0.0,0.07525917887687683,0.031922221183776855,0.015051835775375366,0.7495174853170584
focus_jamendo_1890501__300s,focus_jamendo_1890501,focus,discovery,300.0,rhythm,24,1.3637073667768298,8.858022455126047,2.363461971282959,0.39947764575481415,0.7626541745336309,6.0,0.0,0.11429664492607117,0.0501057505607605,0.01904944082101186,0.7402539117011652
focus_jamendo_1891400__180s,focus_jamendo_1891400,focus,discovery,180.0,acoustic_novelty_delay,24,2.286144589100252,10.98485343158245,1.5046026706695557,0.6182489693164825,0.9510688200672084,1.0,0.0,0.01906120777130127,0.01906120777130127,0.01906120777130127,-2.2204460492503128e-16
focus_jamendo_1891400__180s,focus_jamendo_1891400,focus,discovery,180.0,rhythm,24,4.2558501935537905,6.399196079932153,1.0155857801437378,0.3545287847518921,0.8792172249955695,2.0,0.0,0.07498785853385925,0.0590897798538208,0.037493929266929626,0.7453048001627706
focus_jamendo_1891400__300s,focus_jamendo_1891400,focus,discovery,300.0,acoustic_novelty_delay,24,2.4141078806770304,12.357399612665176,1.5362598896026611,0.5792176425457001,0.9422728840577906,6.0,3.0,0.5474761128425598,0.1341707706451416,0.09124601880709331,0.9623630871137921
focus_jamendo_1891400__300s,focus_jamendo_1891400,focus,discovery,300.0,rhythm,24,4.432495114804125,5.125583424698561,0.976509153842926,0.3256765753030777,0.8700966476479832,1.0,0.0,0.009009301662445068,0.009009301662445068,0.009009301662445068,-2.2204460492503128e-16
focus_jamendo_1894575__180s,focus_jamendo_1894575,focus,discovery,180.0,acoustic_novelty_delay,24,2.5788844168096077,11.744695410132408,1.6278772354125977,0.5236294865608215,0.9695434773250835,10.0,3.0,0.6771803498268127,0.2775893807411194,0.06771803498268128,0.7434400628829997
focus_jamendo_1894575__180s,focus_jamendo_1894575,focus,discovery,180.0,rhythm,24,0.664326059649663,10.32358100451529,2.711256504058838,0.49593400955200195,0.786480812449626,6.0,1.0,0.35368824005126953,0.2333076000213623,0.05894804000854492,0.6512459527718099
focus_jamendo_1894575__300s,focus_jamendo_1894575,focus,discovery,300.0,acoustic_novelty_delay,24,2.305913228660154,13.91987706720829,3.055680990219116,0.5609863102436066,0.9073771288845982,6.0,2.0,0.40225040912628174,0.19995969533920288,0.0670417348543803,0.6892808502445275
focus_jamendo_1894575__300s,focus_jamendo_1894575,focus,discovery,300.0,rhythm,24,0.7582025508170022,14.832359137013555,7.036010265350342,0.40954121947288513,0.6274250197201647,8.0,0.0,0.13022823631763458,0.042462050914764404,0.016278529539704323,0.802686287077272
focus_jamendo_1894851__180s,focus_jamendo_1894851,focus,discovery,180.0,acoustic_novelty_delay,24,2.421793852949345,10.92114306986332,1.1788276433944702,0.5807162821292877,0.9533921393638707,5.0,1.0,0.4832175374031067,0.2103593349456787,0.09664350748062134,0.8907392832088877
focus_jamendo_1894851__180s,focus_jamendo_1894851,focus,discovery,180.0,rhythm,24,1.3146655265232847,9.858573727309704,2.254913806915283,0.5981229245662689,0.7829042501711722,2.0,1.0,0.23503372073173523,0.23243486881256104,0.11751686036586761,0.08772397621352215
focus_jamendo_1894851__300s,focus_jamendo_1894851,focus,discovery,300.0,acoustic_novelty_delay,24,2.3601120824141923,12.416167944669724,1.9913243055343628,0.6315355598926544,0.9310108652293525,7.0,1.0,0.3939582109451294,0.12746334075927734,0.05627974442073277,0.925719399420286
focus_jamendo_1894851__300s,focus_jamendo_1894851,focus,discovery,300.0,rhythm,24,1.0392780586220927,11.352972440421581,3.4584100246429443,0.4113404452800751,0.7699538365287188,5.0,0.0,0.06419727206230164,0.02754470705986023,0.012839454412460326,0.740233664199532
focus_jamendo_1895201__180s,focus_jamendo_1895201,focus,discovery,180.0,acoustic_novelty_delay,24,2.307940733728029,10.766657173633575,0.934233546257019,0.5684448182582855,0.9840824014430479,6.0,3.0,0.5311230719089508,0.1951351761817932,0.08852051198482513,0.7863962551120008
focus_jamendo_1895201__180s,focus_jamendo_1895201,focus,discovery,180.0,rhythm,24,2.0284698571109994,11.488397277891636,2.0896799564361572,0.742952436208725,0.8939332667084493,3.0,0.0,0.12287512421607971,0.07890284061431885,0.04095837473869324,0.7104712366154008
focus_jamendo_1895201__300s,focus_jamendo_1895201,focus,discovery,300.0,acoustic_novelty_delay,24,2.7398162531543377,9.68676571547985,0.763371467590332,0.5311674028635025,0.983763097209989,5.0,1.0,0.3828451335430145,0.17381155490875244,0.07656902670860291,0.8013304561051356
focus_jamendo_1895201__300s,focus_jamendo_1895201,focus,discovery,300.0,rhythm,24,2.0175818624701076,9.42940342053771,1.7934712171554565,0.5099482536315918,0.8901227093531315,1.0,0.0,0.04401719570159912,0.04401719570159912,0.04401719570159912,-2.2204460492503128e-16
focus_jamendo_1895276__180s,focus_jamendo_1895276,focus,discovery,180.0,acoustic_novelty_delay,24,2.9980618651680686,8.744319185614586,0.6341938376426697,0.4873787611722946,0.9821093502640786,1.0,0.0,0.061214983463287354,0.061214983463287354,0.061214983463287354,-2.2204460492503128e-16
focus_jamendo_1895276__180s,focus_jamendo_1895276,focus,discovery,180.0,rhythm,24,1.8006585338115528,7.954562431201339,1.99607515335083,0.36593183875083923,0.7771096116213654,3.0,0.0,0.030569404363632202,0.023963749408721924,0.010189801454544067,0.5517939649263102
focus_jamendo_1895276__300s,focus_jamendo_1895276,focus,discovery,300.0,acoustic_novelty_delay,24,2.723067383312359,10.43538761138916,1.6361095905303955,0.4726769030094147,0.9349463740546413,3.0,0.0,0.12714755535125732,0.09583276510238647,0.042382518450419106,0.663448280961758
focus_jamendo_1895276__300s,focus_jamendo_1895276,focus,discovery,300.0,rhythm,24,1.2064249847233848,11.527021719142795,3.586390495300293,0.6020215600728989,0.701690268895453,0.0,0.0,0.0,0.0,0.0,0.0
focus_jamendo_1897824__180s,focus_jamendo_1897824,focus,discovery,180.0,acoustic_novelty_delay,24,2.6517019159104804,9.928354807198048,0.7633402347564697,0.501572921872139,0.9772567612265238,3.0,1.0,0.21945980191230774,0.14453840255737305,0.07315326730410258,0.7995290717430271
focus_jamendo_1897824__180s,focus_jamendo_1897824,focus,discovery,180.0,rhythm,24,2.6943149659470835,10.412229672074318,1.3051201105117798,0.5881956517696381,0.9099234293881769,1.0,0.0,0.030924111604690552,0.030924111604690552,0.030924111604690552,-2.2204460492503128e-16
focus_jamendo_1897824__300s,focus_jamendo_1897824,focus,discovery,300.0,acoustic_novelty_delay,24,2.4673023469909356,14.172508254647255,3.3667163848876953,0.5753111243247986,0.9069131989516065,4.0,1.0,0.2859242558479309,0.10514336824417114,0.07148106396198273,0.9480734148655189
focus_jamendo_1897824__300s,focus_jamendo_1897824,focus,discovery,300.0,rhythm,24,2.4279699056684176,10.745580285787582,1.8466763496398926,0.7344037294387817,0.8651964538723319,4.0,1.0,0.18328113853931427,0.17718791961669922,0.04582028463482857,0.12852728764272772
focus_jamendo_1900645__180s,focus_jamendo_1900645,focus,discovery,180.0,acoustic_novelty_delay,24,2.1466673853178184,11.534241616725922,1.2848588228225708,0.5677454769611359,0.9748142291195808,5.0,0.0,0.22089260816574097,0.05287027359008789,0.04417852163314819,0.9886839599316475
focus_jamendo_1900645__180s,focus_jamendo_1900645,focus,discovery,180.0,rhythm,24,2.47777234701858,10.225046813488007,0.7468414306640625,0.5125856101512909,0.9858945010750061,3.0,1.0,0.219407320022583,0.14073467254638672,0.07313577334086101,0.8079043334904591
focus_jamendo_1900645__300s,focus_jamendo_1900645,focus,discovery,300.0,acoustic_novelty_delay,24,2.072438099763838,13.986876904964447,1.7809005975723267,0.6948148608207703,0.9501896259847142,6.0,1.0,0.21127772331237793,0.10961508750915527,0.035212953885396324,0.8007552798056982
focus_jamendo_1900645__300s,focus_jamendo_1900645,focus,discovery,300.0,rhythm,24,2.7265487867236233,10.285952344536781,1.5145701169967651,0.5293519794940948,0.9306810194866784,1.0,0.0,0.01798802614212036,0.01798802614212036,0.01798802614212036,-2.2204460492503128e-16
focus_jamendo_1900646__180s,focus_jamendo_1900646,focus,discovery,180.0,acoustic_novelty_delay,24,2.4067664746388937,10.650717437267303,0.8274436593055725,0.5324752330780029,0.9829538835339849,5.0,0.0,0.23374420404434204,0.09593331813812256,0.04674884080886841,0.8919639343878379
focus_jamendo_1900646__180s,focus_jamendo_1900646,focus,discovery,180.0,rhythm,24,3.37238525097676,11.049688577651978,1.4186255931854248,0.509866014122963,0.958649589113641,3.0,1.0,0.1322653889656067,0.10642892122268677,0.04408846298853556,0.5482184914855462
focus_jamendo_1900646__300s,focus_jamendo_1900646,focus,discovery,300.0,acoustic_novelty_delay,24,2.3250205734481186,12.110884293913841,1.8045562505722046,0.5426356792449951,0.9622380066844608,4.0,2.0,0.3403129577636719,0.11482524871826172,0.08507823944091797,0.953603019704005
focus_jamendo_1900646__300s,focus_jamendo_1900646,focus,discovery,300.0,rhythm,24,3.6108847149477166,10.90436552464962,1.0327140092849731,0.5201558470726013,0.9682749291563327,3.0,1.0,0.3217204809188843,0.19993925094604492,0.10724016030629475,0.8365130460849628
focus_jamendo_1900840__180s,focus_jamendo_1900840,focus,discovery,180.0,acoustic_novelty_delay,24,2.6381641929379587,10.839876040816307,0.8370985984802246,0.5482853651046753,0.9871227521127138,5.0,2.0,0.4805440306663513,0.17815029621124268,0.09610880613327026,0.9175066393250947
focus_jamendo_1900840__180s,focus_jamendo_1900840,focus,discovery,180.0,rhythm,24,0.8401694770534547,18.72188814729452,8.163436889648438,0.6183420121669769,0.674968992012576,2.0,0.0,0.10483473539352417,0.062387049198150635,0.052417367696762085,0.9737453823910979
focus_jamendo_1900840__300s,focus_jamendo_1900840,focus,discovery,300.0,acoustic_novelty_delay,24,2.4858994061703186,11.008484557271004,0.7699386477470398,0.5324517786502838,0.9897370531491007,6.0,1.0,0.27346527576446533,0.11138206720352173,0.045577545960744224,0.7852112314146373
focus_jamendo_1900840__300s,focus_jamendo_1900840,focus,discovery,300.0,rhythm,24,2.3793148590348925,10.811090373899788,1.435569405555725,0.7677875757217407,0.8653242082006397,1.0,0.0,0.0038060545921325684,0.0038060545921325684,0.0038060545921325684,-2.2204460492503128e-16
focus_jamendo_1900848__180s,focus_jamendo_1900848,focus,discovery,180.0,acoustic_novelty_delay,24,2.721677044864051,9.93143630772829,0.986020028591156,0.6328875422477722,0.9530090284935855,4.0,0.0,0.18548303842544556,0.07447028160095215,0.04637075960636139,0.8519315190948231
focus_jamendo_1900848__180s,focus_jamendo_1900848,focus,discovery,180.0,rhythm,24,0.7544765913474599,18.37250217795372,10.401158332824707,0.5034879595041275,0.531226700048393,4.0,1.0,0.2282196283340454,0.1313645839691162,0.05705490708351135,0.7209044169063633
focus_jamendo_1900848__300s,focus_jamendo_1900848,focus,discovery,300.0,acoustic_novelty_delay,24,2.5289825925375724,10.918132662773132,0.9275723099708557,0.5609141290187836,0.9810470632470918,9.0,0.0,0.41164812445640564,0.08507174253463745,0.045738680495156184,0.9097022980344313
focus_jamendo_1900848__300s,focus_jamendo_1900848,focus,discovery,300.0,rhythm,24,1.7956373894969175,10.37509526591748,2.754934310913086,0.5692660510540009,0.7352961490151698,4.0,0.0,0.15616539120674133,0.08670960366725922,0.03904134780168533,0.5137054749284758
focus_jamendo_1900849__180s,focus_jamendo_1900849,focus,discovery,180.0,acoustic_novelty_delay,24,2.5522628306682202,11.964020073413849,1.378702998161316,0.5810937583446503,0.9680279565420992,4.0,1.0,0.16142725944519043,0.13923591375350952,0.04035681486129761,0.3559718945835818
focus_jamendo_1900849__180s,focus_jamendo_1900849,focus,discovery,180.0,rhythm,24,2.370965566035755,7.9849147230852395,2.678361415863037,0.26960016041994095,0.6325135690593043,0.0,0.0,0.0,0.0,0.0,0.0
focus_jamendo_1900849__300s,focus_jamendo_1900849,focus,discovery,300.0,acoustic_novelty_delay,24,2.614836060808346,11.941415399312973,1.3658483028411865,0.6107515394687653,0.9762645243027076,6.0,2.0,0.4715430736541748,0.1702449917793274,0.0785905122756958,0.840444013891652
focus_jamendo_1900849__300s,focus_jamendo_1900849,focus,discovery,300.0,rhythm,24,2.6233612591888096,7.637461565434933,0.8643337488174438,0.6000319719314575,0.8504719264401512,3.0,0.0,0.03348089009523392,0.020745500922203064,0.011160296698411306,0.6116718023141209
focus_jamendo_1900865__180s,focus_jamendo_1900865,focus,discovery,180.0,acoustic_novelty_delay,24,2.7410501063799853,10.482554152607918,1.328279733657837,0.5071265250444412,0.9682643038186832,3.0,1.0,0.3221450746059418,0.19113647937774658,0.10738169153531392,0.8610766493652581
focus_jamendo_1900865__180s,focus_jamendo_1900865,focus,discovery,180.0,rhythm,24,2.079268896109125,7.594363682437688,0.9396470189094543,0.6249617040157318,0.8325333597636645,1.0,0.0,0.04436996579170227,0.04436996579170227,0.04436996579170227,-2.2204460492503128e-16
focus_jamendo_1900865__300s,focus_jamendo_1900865,focus,discovery,300.0,acoustic_novelty_delay,24,2.7410501063799853,10.482554152607918,1.328279733657837,0.5071265250444412,0.9682643038186832,3.0,1.0,0.3221450746059418,0.19113647937774658,0.10738169153531392,0.8610766493652581
focus_jamendo_1900865__300s,focus_jamendo_1900865,focus,discovery,300.0,rhythm,24,2.079268896109125,7.594363682437688,0.9396470189094543,0.6249617040157318,0.8325333597636645,1.0,0.0,0.04436996579170227,0.04436996579170227,0.04436996579170227,-2.2204460492503128e-16
focus_jamendo_1902125__180s,focus_jamendo_1902125,focus,discovery,180.0,acoustic_novelty_delay,24,2.5386432646766037,12.255817085504532,1.7872928380966187,0.6445677280426025,0.9534898758400393,4.0,1.0,0.23491019010543823,0.11528202891349792,0.05872754752635956,0.8603798836662927
focus_jamendo_1902125__180s,focus_jamendo_1902125,focus,discovery,180.0,rhythm,24,1.1985158762463008,12.449774511158466,5.975643157958984,0.34803996980190277,0.6210237676513953,4.0,0.0,0.07865864038467407,0.05317032337188721,0.019664660096168518,0.614118102024488
focus_jamendo_1902125__300s,focus_jamendo_1902125,focus,discovery,300.0,acoustic_novelty_delay,24,2.174140872978099,14.567180722951889,3.260702133178711,0.6098467409610748,0.9017211264934495,4.0,1.0,0.2879622280597687,0.18018245697021484,0.07199055701494217,0.7155681581946635
focus_jamendo_1902125__300s,focus_jamendo_1902125,focus,discovery,300.0,rhythm,24,2.5567419570478274,11.05623959004879,1.5033968687057495,0.45614446699619293,0.9371364540387904,4.0,2.0,0.38820376992225647,0.18243825435638428,0.09705094248056412,0.8546763897226405
focus_jamendo_1906544__180s,focus_jamendo_1906544,focus,discovery,180.0,acoustic_novelty_delay,24,2.6403305185082173,11.10923407971859,1.0038763284683228,0.6464706361293793,0.9670427087403946,4.0,1.0,0.1980210542678833,0.12274253368377686,0.049505263566970825,0.761131125913324
focus_jamendo_1906544__180s,focus_jamendo_1906544,focus,discovery,180.0,rhythm,24,3.3374172323502407,9.576236579567194,0.8188466429710388,0.549683004617691,0.9574510821855503,4.0,0.0,0.16939082741737366,0.07535567879676819,0.042347706854343414,0.8097445667704443
focus_jamendo_1906544__300s,focus_jamendo_1906544,focus,discovery,300.0,acoustic_novelty_delay,24,2.5585919801067627,11.727102667093277,0.752971887588501,0.6159948110580444,0.9894324003832574,8.0,3.0,0.8089227378368378,0.26713651418685913,0.10111534222960472,0.7667599944106
focus_jamendo_1906544__300s,focus_jamendo_1906544,focus,discovery,300.0,rhythm,24,3.3508053267769045,8.581008274108171,0.8867847323417664,0.5910533964633942,0.9122715652308186,5.0,0.0,0.1233985498547554,0.03601329028606415,0.02467970997095108,0.938283088494601
focus_jamendo_1916203__180s,focus_jamendo_1916203,focus,discovery,180.0,acoustic_novelty_delay,24,2.215127761414493,12.158327773213387,1.4007127285003662,0.48581793904304504,0.9463567347549179,4.0,2.0,0.25822505354881287,0.12990331649780273,0.06455626338720322,0.70695612592075
focus_jamendo_1916203__180s,focus_jamendo_1916203,focus,discovery,180.0,rhythm,24,1.5205902587078377,7.864707550033927,1.3526757955551147,0.35555677115917206,0.8261315141480523,5.0,0.0,0.13819745182991028,0.09315955638885498,0.027639490365982056,0.44927926557658276
focus_jamendo_1916203__300s,focus_jamendo_1916203,focus,discovery,300.0,acoustic_novelty_delay,24,2.6779410049940933,12.214640349149704,2.371579885482788,0.48422135412693024,0.9119872015799957,4.0,2.0,0.3356451988220215,0.1530141830444336,0.08391129970550537,0.8581021388510952
focus_jamendo_1916203__300s,focus_jamendo_1916203,focus,discovery,300.0,rhythm,24,2.483572021604785,9.912197600118816,1.8057465553283691,0.6204122006893158,0.7968753014806857,4.0,0.0,0.05158214271068573,0.019190311431884766,0.012895535677671432,0.7955833899663699
focus_jamendo_1920476__180s,focus_jamendo_1920476,focus,discovery,180.0,acoustic_novelty_delay,24,2.5559385960273895,12.50132805109024,1.4267572164535522,0.6521400511264801,0.9729858177797982,5.0,0.0,0.12776315212249756,0.06653326749801636,0.02555263042449951,0.77088165792243
focus_jamendo_1920476__180s,focus_jamendo_1920476,focus,discovery,180.0,rhythm,24,3.5314747519531924,10.834338217973709,1.1416593790054321,0.5579192638397217,0.9659653875665698,5.0,1.0,0.29808610677719116,0.14763730764389038,0.05961722135543823,0.8175127551870128
focus_jamendo_1920476__300s,focus_jamendo_1920476,focus,discovery,300.0,acoustic_novelty_delay,24,2.5559385960273895,12.50132805109024,1.4267572164535522,0.6521400511264801,0.9729858177797982,5.0,0.0,0.12776315212249756,0.06653326749801636,0.02555263042449951,0.77088165792243
focus_jamendo_1920476__300s,focus_jamendo_1920476,focus,discovery,300.0,rhythm,24,3.5314747519531924,10.834338217973709,1.1416593790054321,0.5579192638397217,0.9659653875665698,5.0,1.0,0.29808610677719116,0.14763730764389038,0.05961722135543823,0.8175127551870128
focus_jamendo_1921939__180s,focus_jamendo_1921939,focus,discovery,180.0,acoustic_novelty_delay,24,2.565954940764554,12.127864584326744,1.3558671474456787,0.6461337804794312,0.9601731935251225,4.0,3.0,0.49779099225997925,0.18997594714164734,0.12444774806499481,0.8575810301502189
focus_jamendo_1921939__180s,focus_jamendo_1921939,focus,discovery,180.0,rhythm,24,3.9722850847649838,10.264006972312927,0.9672690033912659,0.514858067035675,0.9712792710487985,5.0,0.0,0.11534115672111511,0.0634840726852417,0.023068231344223023,0.7043717839379547
focus_jamendo_1921939__300s,focus_jamendo_1921939,focus,discovery,300.0,acoustic_novelty_delay,24,1.4648262745609477,14.544297002255917,3.752645254135132,0.5569925010204315,0.8712460584295278,2.0,0.0,0.03898102045059204,0.029549777507781982,0.01949051022529602,0.7982589654522523
focus_jamendo_1921939__300s,focus_jamendo_1921939,focus,discovery,300.0,rhythm,24,3.5366327459960663,10.649006615392864,1.1581670045852661,0.57673180103302,0.9516840318864789,2.0,0.0,0.11684072017669678,0.08023691177368164,0.05842036008834839,0.8969229355493761
focus_jamendo_1923890__180s,focus_jamendo_1923890,focus,discovery,180.0,acoustic_novelty_delay,24,1.5134324398404404,12.977148562669754,2.9708073139190674,0.5680787861347198,0.8759858177743493,3.0,0.0,0.1532720923423767,0.07508790493011475,0.0510906974474589,0.8024791611322597
focus_jamendo_1923890__180s,focus_jamendo_1923890,focus,discovery,180.0,rhythm,24,1.9229016879816867,11.28721534460783,1.3095027208328247,0.5316734313964844,0.935001756819079,3.0,1.0,0.2511548399925232,0.2020554542541504,0.08371827999750774,0.5523997866135323
focus_jamendo_1923890__300s,focus_jamendo_1923890,focus,discovery,300.0,acoustic_novelty_delay,24,0.9312179706643958,17.858920767903328,6.707037925720215,0.4745578020811081,0.7746747611627471,6.0,0.0,0.352316290140152,0.0936020016670227,0.05871938169002533,0.959834131144427
focus_jamendo_1923890__300s,focus_jamendo_1923890,focus,discovery,300.0,rhythm,24,3.7011199886823745,9.41772723197937,0.9558228254318237,0.4739060550928116,0.9622283427561791,4.0,0.0,0.23768067359924316,0.07469922304153442,0.05942016839981079,0.9789644956059498
focus_jamendo_1924920__180s,focus_jamendo_1924920,focus,discovery,180.0,acoustic_novelty_delay,24,2.701489294651856,11.767234563827515,1.243195652961731,0.5499659180641174,0.9612379543302123,3.0,0.0,0.09764626622200012,0.08147037029266357,0.032548755407333374,0.49700699961181666
focus_jamendo_1924920__180s,focus_jamendo_1924920,focus,discovery,180.0,rhythm,24,0.8359894859363197,11.961106233298779,5.077844619750977,0.36544229090213776,0.6404007265219541,8.0,0.0,0.04102691262960434,0.017173610627651215,0.0051283640787005424,0.8193094564453477
focus_jamendo_1924920__300s,focus_jamendo_1924920,focus,discovery,300.0,acoustic_novelty_delay,24,2.7197651210810654,11.956629827618599,1.8790842294692993,0.5582765936851501,0.9565851938507566,6.0,0.0,0.3130989074707031,0.09525644779205322,0.05218315124511719,0.9522536878662364
focus_jamendo_1924920__300s,focus_jamendo_1924920,focus,discovery,300.0,rhythm,24,2.472573129867496,10.912503108382225,0.7880969047546387,0.5941971838474274,0.97588221446343,3.0,0.0,0.1040647029876709,0.06522625684738159,0.03468823432922363,0.6883428335460521
focus_jamendo_1924921__180s,focus_jamendo_1924921,focus,discovery,180.0,acoustic_novelty_delay,24,2.9036595682673982,11.046743661165237,1.1981391906738281,0.5553637444972992,0.9744693014343425,7.0,4.0,0.6441390514373779,0.14694923162460327,0.092019864491054,0.9374970910501298
focus_jamendo_1924921__180s,focus_jamendo_1924921,focus,discovery,180.0,rhythm,24,0.848974767503982,18.120030514895916,5.832970142364502,0.5446245968341827,0.7612913049539569,4.0,1.0,0.3302755355834961,0.18769735097885132,0.08256888389587402,0.7628416338782765
focus_jamendo_1924921__300s,focus_jamendo_1924921,focus,discovery,300.0,acoustic_novelty_delay,24,2.8532162060892743,11.961327724158764,1.6109848022460938,0.5056218206882477,0.9416348037489771,6.0,1.0,0.2592117190361023,0.12396210432052612,0.043201953172683716,0.7014812321226893
focus_jamendo_1924921__300s,focus_jamendo_1924921,focus,discovery,300.0,rhythm,24,1.991097327163125,11.23104445450008,1.8058267831802368,0.7744071781635284,0.8683856645864433,6.0,0.0,0.18846547603607178,0.07874707877635956,0.03141091267267863,0.7470879964800521
focus_jamendo_1926373__180s,focus_jamendo_1926373,focus,discovery,180.0,acoustic_novelty_delay,24,2.182561687527306,11.58182968199253,1.1514415740966797,0.5052441954612732,0.9747107542602836,6.0,2.0,0.47544848918914795,0.15222656726837158,0.07924141486485799,0.8900448744002984
focus_jamendo_1926373__180s,focus_jamendo_1926373,focus,discovery,180.0,rhythm,24,1.8425191995313108,8.797550157643855,3.149407148361206,0.24582648277282715,0.7259826689415638,4.0,0.0,0.10979224741458893,0.0671858936548233,0.027448061853647232,0.7400786899180841
focus_jamendo_1926373__300s,focus_jamendo_1926373,focus,discovery,300.0,acoustic_novelty_delay,24,2.257385271999267,11.446778163313866,1.529669165611267,0.5496836006641388,0.9551938104076328,4.0,0.0,0.1336299180984497,0.0785340666770935,0.03340747952461243,0.7752561503694072
focus_jamendo_1926373__300s,focus_jamendo_1926373,focus,discovery,300.0,rhythm,24,2.2910678297347644,8.955934703350067,0.9198834300041199,0.5879103690385818,0.925431776759622,4.0,1.0,0.29723235964775085,0.19286257028579712,0.07430808991193771,0.6679772974410761
focus_jamendo_1929250__180s,focus_jamendo_1929250,focus,discovery,180.0,acoustic_novelty_delay,24,2.5731288588218675,10.708088278770447,0.9506606459617615,0.539114385843277,0.9782676746580427,5.0,0.0,0.20386892557144165,0.07009345293045044,0.04077378511428833,0.8735665723953848
focus_jamendo_1929250__180s,focus_jamendo_1929250,focus,discovery,180.0,rhythm,24,3.311082362457292,9.029890522360802,1.397024154663086,0.41678833961486816,0.9027394037847599,7.0,1.0,0.30584222078323364,0.10611510276794434,0.043691745826176236,0.8272621085022767
focus_jamendo_1929250__300s,focus_jamendo_1929250,focus,discovery,300.0,acoustic_novelty_delay,24,2.636050615632898,11.871249318122864,0.6812628507614136,0.592752605676651,0.995422681554421,9.0,4.0,0.8674989342689514,0.21637481451034546,0.09638877047432794,0.9031075008559535
focus_jamendo_1929250__300s,focus_jamendo_1929250,focus,discovery,300.0,rhythm,24,3.430188996626044,8.410789676010609,1.3405096530914307,0.6790966987609863,0.8590640927753018,2.0,1.0,0.18309208750724792,0.16764295101165771,0.09154604375362396,0.41742415005571726
focus_jamendo_1931218__180s,focus_jamendo_1931218,focus,discovery,180.0,acoustic_novelty_delay,24,2.5786939263780253,9.626912668347359,0.7266550064086914,0.497771292924881,0.9805251742355772,5.0,0.0,0.13198328018188477,0.0714452862739563,0.026396656036376955,0.7090251306733594
focus_jamendo_1931218__180s,focus_jamendo_1931218,focus,discovery,180.0,rhythm,24,1.2057739680931676,6.975948587059975,1.4908277988433838,0.3146190643310547,0.7764899994037217,3.0,0.0,0.008538693189620972,0.006671905517578125,0.0028462310632069907,0.6062044673526593
focus_jamendo_1931218__300s,focus_jamendo_1931218,focus,discovery,300.0,acoustic_novelty_delay,24,2.2369967300832747,11.03197180479765,1.2117395401000977,0.5559210479259491,0.9651839820028894,4.0,2.0,0.3367452621459961,0.10818594694137573,0.08418631553649902,0.9342812483060947
focus_jamendo_1931218__300s,focus_jamendo_1931218,focus,discovery,300.0,rhythm,24,2.1004149746616037,12.229245295748115,2.7842330932617188,0.5872220396995544,0.8486554279532916,5.0,0.0,0.1352202594280243,0.07624483108520508,0.02704405188560486,0.727924882311077
focus_jamendo_1935622__180s,focus_jamendo_1935622,focus,discovery,180.0,acoustic_novelty_delay,24,2.63812437135163,11.190586611628532,1.0634046792984009,0.5789201259613037,0.9718246932387318,6.0,0.0,0.2213250994682312,0.07369256019592285,0.036887516578038536,0.7256459459789173
focus_jamendo_1935622__180s,focus_jamendo_1935622,focus,discovery,180.0,rhythm,24,3.118112086449001,10.31044579623267,1.3138493299484253,0.6051376461982727,0.9089813151048779,5.0,4.0,0.621176540851593,0.18948817253112793,0.12423530817031861,0.9374228424907983
focus_jamendo_1935622__300s,focus_jamendo_1935622,focus,discovery,300.0,acoustic_novelty_delay,24,2.292367455687966,11.866800591349602,1.4394910335540771,0.6466728746891022,0.9605982896691931,2.0,1.0,0.2553042769432068,0.23030734062194824,0.1276521384716034,0.462336407683456
focus_jamendo_1935622__300s,focus_jamendo_1935622,focus,discovery,300.0,rhythm,24,1.8633508494781443,10.885792316868901,1.5989676713943481,0.6775629222393036,0.9108223569005589,5.0,1.0,0.26841384172439575,0.12629759311676025,0.05368276834487915,0.858833357477492
focus_jamendo_1935873__180s,focus_jamendo_1935873,focus,discovery,180.0,acoustic_novelty_delay,24,2.384694519100969,11.211923271417618,0.9824371337890625,0.5890204012393951,0.9801708863514047,7.0,2.0,0.43050068616867065,0.14705193042755127,0.061500098024095805,0.8160439599220377
focus_jamendo_1935873__180s,focus_jamendo_1935873,focus,discovery,180.0,rhythm,24,2.547470700022684,11.379423195496202,1.243953824043274,0.7584315836429596,0.9387399796144928,4.0,3.0,0.5148448944091797,0.27090710401535034,0.12871122360229492,0.7438654898822968
focus_jamendo_1935873__300s,focus_jamendo_1935873,focus,discovery,300.0,acoustic_novelty_delay,24,1.3010415879583213,20.37985672056675,9.851746559143066,0.5720192193984985,0.721844737399747,5.0,2.0,0.35297900438308716,0.11840564012527466,0.07059580087661743,0.8988628587942317
focus_jamendo_1935873__300s,focus_jamendo_1935873,focus,discovery,300.0,rhythm,24,2.808313430007619,9.286995641887188,0.814258337020874,0.602706253528595,0.9353185089722551,2.0,1.0,0.17496263980865479,0.16878753900527954,0.08748131990432739,0.22028187060425639
focus_jamendo_1935877__180s,focus_jamendo_1935877,focus,discovery,180.0,acoustic_novelty_delay,24,2.553788547998196,11.526351362466812,0.8823032975196838,0.5908315479755402,0.9781825749804152,5.0,2.0,0.3699374496936798,0.15257126092910767,0.07398748993873597,0.811815417048244
focus_jamendo_1935877__180s,focus_jamendo_1935877,focus,discovery,180.0,rhythm,24,0.8364708084997091,13.220744399353862,4.355188846588135,0.547035276889801,0.7083527237232429,7.0,0.0,0.0772683322429657,0.05188155174255371,0.011038333177566528,0.5626997204952959
focus_jamendo_1935877__300s,focus_jamendo_1935877,focus,discovery,300.0,acoustic_novelty_delay,24,2.462640847794497,15.31360748410225,4.885791778564453,0.6370257139205933,0.8300495803646035,2.0,0.0,0.07965850830078125,0.07859617471694946,0.039829254150390625,0.10217519608974492
focus_jamendo_1935877__300s,focus_jamendo_1935877,focus,discovery,300.0,rhythm,24,1.878933527737217,11.650273904204369,1.417142629623413,0.5267045199871063,0.9527404584814261,6.0,1.0,0.29098936915397644,0.12444502115249634,0.04849822819232941,0.7257088371277314
focus_jamendo_1942807__180s,focus_jamendo_1942807,focus,discovery,180.0,acoustic_novelty_delay,24,1.3728482024068982,21.104892179369926,5.560794353485107,0.617602527141571,0.8031650032536075,8.0,1.0,0.4204511046409607,0.12317943572998047,0.05255638808012009,0.8844612121755743
focus_jamendo_1942807__180s,focus_jamendo_1942807,focus,discovery,180.0,rhythm,24,3.671735974018262,7.3585426062345505,0.9922780990600586,0.45903758704662323,0.9302032781389904,1.0,1.0,0.14946001768112183,0.14946001768112183,0.14946001768112183,-2.2204460492503128e-16
focus_jamendo_1942807__300s,focus_jamendo_1942807,focus,discovery,300.0,acoustic_novelty_delay,24,1.3728482024068982,21.104892179369926,5.560794353485107,0.617602527141571,0.8031650032536075,8.0,1.0,0.4204511046409607,0.12317943572998047,0.05255638808012009,0.8844612121755743
focus_jamendo_1942807__300s,focus_jamendo_1942807,focus,discovery,300.0,rhythm,24,3.671735974018262,7.3585426062345505,0.9922780990600586,0.45903758704662323,0.9302032781389904,1.0,1.0,0.14946001768112183,0.14946001768112183,0.14946001768112183,-2.2204460492503128e-16
focus_jamendo_1953401__180s,focus_jamendo_1953401,focus,discovery,180.0,acoustic_novelty_delay,24,2.274601790029526,12.707965388894081,2.167567014694214,0.5977171361446381,0.9410228884497237,4.0,1.0,0.28129449486732483,0.1575167179107666,0.07032362371683121,0.7584523543640871
focus_jamendo_1953401__180s,focus_jamendo_1953401,focus,discovery,180.0,rhythm,24,0.41700087139465963,25.97621222399175,14.541227340698242,0.29330552369356155,0.5027698181946514,5.0,0.0,0.01778465509414673,0.011810481548309326,0.003556931018829346,0.5610137475399063
focus_jamendo_1953401__300s,focus_jamendo_1953401,focus,discovery,300.0,acoustic_novelty_delay,24,2.163055676951082,13.303254902362823,2.3746676445007324,0.5351296961307526,0.9425005235604375,7.0,0.0,0.2799193859100342,0.09532469511032104,0.03998848370143345,0.8281457101175784
focus_jamendo_1953401__300s,focus_jamendo_1953401,focus,discovery,300.0,rhythm,24,0.4081170943852947,25.277314722537994,12.187336921691895,0.858163446187973,0.5689480354598898,5.0,0.0,0.015017852187156677,0.005713164806365967,0.0030035704374313356,0.8646308427505955
focus_jamendo_1956108__180s,focus_jamendo_1956108,focus,discovery,180.0,acoustic_novelty_delay,24,2.197723369393515,13.220730632543564,2.311100721359253,0.6965329945087433,0.9356600896186352,4.0,0.0,0.20248964428901672,0.08590912818908691,0.05062241107225418,0.9158096817216599
focus_jamendo_1956108__180s,focus_jamendo_1956108,focus,discovery,180.0,rhythm,24,1.1342433334766437,14.93160405755043,4.753296852111816,0.4335065335035324,0.7893391472793547,1.0,1.0,0.12583637237548828,0.12583637237548828,0.12583637237548828,-2.2204460492503128e-16
focus_jamendo_1956108__300s,focus_jamendo_1956108,focus,discovery,300.0,acoustic_novelty_delay,24,2.6304617615180756,10.705973878502846,0.8958072066307068,0.588801920413971,0.9729611783860788,6.0,1.0,0.3836059272289276,0.16254925727844238,0.06393432120482127,0.8412960161762848
focus_jamendo_1956108__300s,focus_jamendo_1956108,focus,discovery,300.0,rhythm,24,2.3815082234882516,9.985646691173315,1.4404842853546143,0.5921555757522583,0.9182351579818727,5.0,1.0,0.289409875869751,0.17073816061019897,0.0578819751739502,0.7124809456705933
focus_jamendo_1957922__180s,focus_jamendo_1957922,focus,discovery,180.0,acoustic_novelty_delay,24,1.9630956991800081,15.197649672627449,4.367038726806641,0.5669166147708893,0.8437632726230249,4.0,0.0,0.2161647081375122,0.07808947563171387,0.05404117703437805,0.8931279629530368
focus_jamendo_1957922__180s,focus_jamendo_1957922,focus,discovery,180.0,rhythm,24,1.5127560258686539,11.161823444068432,2.427671194076538,0.5232611000537872,0.867874846363898,3.0,0.0,0.034990936517715454,0.021777033805847168,0.011663645505905151,0.7313166272522793
focus_jamendo_1957922__300s,focus_jamendo_1957922,focus,discovery,300.0,acoustic_novelty_delay,24,1.9630956991800081,15.197649672627449,4.367038726806641,0.5669166147708893,0.8437632726230249,4.0,0.0,0.2161647081375122,0.07808947563171387,0.05404117703437805,0.8931279629530368
focus_jamendo_1957922__300s,focus_jamendo_1957922,focus,discovery,300.0,rhythm,24,1.5127560258686539,11.161823444068432,2.427671194076538,0.5232611000537872,0.867874846363898,3.0,0.0,0.034990936517715454,0.021777033805847168,0.011663645505905151,0.7313166272522793
focus_jamendo_1963475__180s,focus_jamendo_1963475,focus,discovery,180.0,acoustic_novelty_delay,24,1.9660102131520039,10.537576600909233,1.0755155086517334,0.5428086221218109,0.9499474958659916,6.0,0.0,0.200216144323349,0.06132802367210388,0.03336935738722483,0.8400434799982278
focus_jamendo_1963475__180s,focus_jamendo_1963475,focus,discovery,180.0,rhythm,24,1.8664037359711,12.695031217299402,2.3590919971466064,0.7567860186100006,0.8135444580509449,3.0,0.0,0.08178295195102692,0.05957673490047455,0.02726098398367564,0.6810535798626346
focus_jamendo_1963475__300s,focus_jamendo_1963475,focus,discovery,300.0,acoustic_novelty_delay,24,2.0532361932343868,9.795294851064682,0.8458524346351624,0.5996499061584473,0.9561969118923075,4.0,1.0,0.20221787691116333,0.13620400428771973,0.05055446922779083,0.6975689526533818
focus_jamendo_1963475__300s,focus_jamendo_1963475,focus,discovery,300.0,rhythm,24,1.8574773505344957,12.829955108463764,2.1195309162139893,0.8218860030174255,0.8493261980242465,3.0,0.0,0.1131298840045929,0.06249034404754639,0.037709961334864296,0.7518586001702996
focus_jamendo_1967104__180s,focus_jamendo_1967104,focus,discovery,180.0,acoustic_novelty_delay,24,2.2576533561907954,11.610824078321457,0.90499347448349,0.6530605554580688,0.9740379585758979,6.0,1.0,0.4115530252456665,0.1450425386428833,0.06859217087427776,0.9111842619949406
focus_jamendo_1967104__180s,focus_jamendo_1967104,focus,discovery,180.0,rhythm,24,2.777867535071315,10.500985190272331,1.4075835943222046,0.6234360337257385,0.95019633740793,4.0,1.0,0.2047637701034546,0.15067684650421143,0.05119094252586365,0.5284798128922322
focus_jamendo_1967104__300s,focus_jamendo_1967104,focus,discovery,300.0,acoustic_novelty_delay,24,2.191094404337926,11.809268429875374,1.5553261041641235,0.5824687778949738,0.9415538123212208,3.0,0.0,0.08744877576828003,0.037291765213012695,0.02914959192276001,0.9336771402291446
focus_jamendo_1967104__300s,focus_jamendo_1967104,focus,discovery,300.0,rhythm,24,2.673876339748837,10.515827134251595,0.8295881748199463,0.6666381061077118,0.9703560676636821,5.0,0.0,0.17404526472091675,0.05900782346725464,0.03480905294418335,0.7711765927916331
focus_jamendo_1967111__180s,focus_jamendo_1967111,focus,discovery,180.0,acoustic_novelty_delay,24,2.3085148504886934,10.609662249684334,0.7686431407928467,0.5193158090114594,0.9872010139687949,7.0,1.0,0.3933789134025574,0.22754770517349243,0.05619698762893677,0.6581591082883917
focus_jamendo_1967111__180s,focus_jamendo_1967111,focus,discovery,180.0,rhythm,24,2.577533056608754,10.197895292192698,1.1610543727874756,0.73690065741539,0.9045437200926537,3.0,1.0,0.2291087508201599,0.11549478769302368,0.07636958360671997,0.8361676658249423
focus_jamendo_1967111__300s,focus_jamendo_1967111,focus,discovery,300.0,acoustic_novelty_delay,24,2.7060979752137433,11.605282247066498,1.5375181436538696,0.5428292751312256,0.9544052368379388,2.0,0.0,0.14030784368515015,0.09771692752838135,0.07015392184257507,0.8855912147443384
focus_jamendo_1967111__300s,focus_jamendo_1967111,focus,discovery,300.0,rhythm,24,3.7112604322055813,6.562620406039059,0.999893844127655,0.4055291563272476,0.8764755861123715,3.0,0.0,0.1329978108406067,0.08148729801177979,0.04433260361353556,0.6606154990667652
focus_jamendo_1968379__180s,focus_jamendo_1968379,focus,discovery,180.0,acoustic_novelty_delay,24,2.3948673300457566,12.213462948799133,1.2779875993728638,0.571451872587204,0.9681494260168008,6.0,2.0,0.5077624022960663,0.13298290967941284,0.08462706704934438,0.9714121003695784
focus_jamendo_1968379__180s,focus_jamendo_1968379,focus,discovery,180.0,rhythm,24,1.878750983175188,11.64616715721786,2.7409658432006836,0.5456831753253937,0.8039285173158436,4.0,1.0,0.3622087091207504,0.23424577713012695,0.0905521772801876,0.6933903180786801
focus_jamendo_1968379__300s,focus_jamendo_1968379,focus,discovery,300.0,acoustic_novelty_delay,24,2.211954305038919,10.44425082206726,1.0261207818984985,0.5587199628353119,0.9756633952718684,4.0,1.0,0.20921292901039124,0.11898499727249146,0.05230323225259781,0.6905431693744302
focus_jamendo_1968379__300s,focus_jamendo_1968379,focus,discovery,300.0,rhythm,24,2.973347445738543,8.581324454396963,1.2165166139602661,0.677981972694397,0.8239300918280377,3.0,0.0,0.05347619950771332,0.04122069478034973,0.017825399835904438,0.597325289194574
focus_jamendo_1969508__180s,focus_jamendo_1969508,focus,discovery,180.0,acoustic_novelty_delay,24,1.4885438430708482,16.636018507182598,4.943934917449951,0.5908142030239105,0.8337582564029746,3.0,0.0,0.07745996117591858,0.03822082281112671,0.025819987058639526,0.916991113800104
focus_jamendo_1969508__180s,focus_jamendo_1969508,focus,discovery,180.0,rhythm,24,2.6305372431160383,8.979943834245205,1.376927375793457,0.3994482308626175,0.9460813940059561,4.0,0.0,0.12846475839614868,0.045770883560180664,0.03211618959903717,0.9657873420295765
focus_jamendo_1969508__300s,focus_jamendo_1969508,focus,discovery,300.0,acoustic_novelty_delay,24,1.4885438430708482,16.636018507182598,4.943934917449951,0.5908142030239105,0.8337582564029746,3.0,0.0,0.07745996117591858,0.03822082281112671,0.025819987058639526,0.916991113800104
focus_jamendo_1969508__300s,focus_jamendo_1969508,focus,discovery,300.0,rhythm,24,2.6305372431160383,8.979943834245205,1.376927375793457,0.3994482308626175,0.9460813940059561,4.0,0.0,0.12846475839614868,0.045770883560180664,0.03211618959903717,0.9657873420295765
focus_jamendo_1978485__180s,focus_jamendo_1978485,focus,discovery,180.0,acoustic_novelty_delay,24,2.382820770114638,11.034382969141006,1.0038244724273682,0.59358811378479,0.9732467231416325,4.0,0.0,0.1837722659111023,0.08330637216567993,0.045943066477775574,0.9035902316669375
focus_jamendo_1978485__180s,focus_jamendo_1978485,focus,discovery,180.0,rhythm,24,2.478756306250653,10.367192938923836,1.4687286615371704,0.5362370908260345,0.943257403756748,4.0,0.0,0.11918655037879944,0.035229891538619995,0.02979663759469986,0.9899120179274866
focus_jamendo_1978485__300s,focus_jamendo_1978485,focus,discovery,300.0,acoustic_novelty_delay,24,2.6789857520293303,10.342754542827606,1.1927473545074463,0.49523547291755676,0.9720770285340414,6.0,1.0,0.47355711460113525,0.18974757194519043,0.07892618576685588,0.8686002726074833
focus_jamendo_1978485__300s,focus_jamendo_1978485,focus,discovery,300.0,rhythm,24,3.0649985313854344,9.806502725929022,1.1038719415664673,0.6046419739723206,0.9476053907154686,2.0,1.0,0.1469668745994568,0.1025383472442627,0.0734834372997284,0.884087879121214
focus_jamendo_1978695__180s,focus_jamendo_1978695,focus,discovery,180.0,acoustic_novelty_delay,24,2.3170789479974396,11.62701603770256,0.9813507795333862,0.5476070046424866,0.9856735268474706,7.0,1.0,0.458625853061676,0.21081924438476562,0.06551797900881086,0.8032938214721389
focus_jamendo_1978695__180s,focus_jamendo_1978695,focus,discovery,180.0,rhythm,24,2.3415318443171262,11.514804147183895,1.4795132875442505,0.7105349898338318,0.9161839769635032,4.0,0.0,0.26689255237579346,0.08796292543411255,0.06672313809394836,0.9638173878091998
focus_jamendo_1978695__300s,focus_jamendo_1978695,focus,discovery,300.0,acoustic_novelty_delay,24,2.362501477895819,12.356487706303596,1.3909446001052856,0.6032624840736389,0.9744093295548873,7.0,1.0,0.39405113458633423,0.13959747552871704,0.056293019226619175,0.8632165130366284
focus_jamendo_1978695__300s,focus_jamendo_1978695,focus,discovery,300.0,rhythm,24,2.5613225242759343,11.633573681116104,1.1609736680984497,0.7793168723583221,0.9153297379573588,3.0,0.0,0.020791947841644287,0.0090218186378479,0.006930649280548096,0.9705654470857298
focus_jamendo_1979493__180s,focus_jamendo_1979493,focus,discovery,180.0,acoustic_novelty_delay,24,2.5099783104108453,11.578700557351112,1.4156625270843506,0.6037787795066833,0.9627537950037272,5.0,0.0,0.2632983922958374,0.08528923988342285,0.05265967845916748,0.8552758856765723
focus_jamendo_1979493__180s,focus_jamendo_1979493,focus,discovery,180.0,rhythm,24,1.971021627287457,9.724922370165586,1.2630400657653809,0.6520175635814667,0.8721722478938494,3.0,1.0,0.11573636531829834,0.1069716215133667,0.03857878843943278,0.2917130694621757
focus_jamendo_1979493__300s,focus_jamendo_1979493,focus,discovery,300.0,acoustic_novelty_delay,24,2.325299253880316,9.506784364581108,1.3317720890045166,0.42170898616313934,0.9388731612603824,1.0,0.0,0.025460541248321533,0.025460541248321533,0.025460541248321533,-2.2204460492503128e-16
focus_jamendo_1979493__300s,focus_jamendo_1979493,focus,discovery,300.0,rhythm,24,0.7228106839844977,13.883060164749622,3.3322653770446777,0.4768529087305069,0.7533007713173195,4.0,0.0,0.06269961595535278,0.05871015787124634,0.015674903988838196,0.2081031552878206
focus_jamendo_1980501__180s,focus_jamendo_1980501,focus,discovery,180.0,acoustic_novelty_delay,24,2.493075863395884,11.048499420285225,1.1685229539871216,0.5816523432731628,0.9659868790788048,5.0,1.0,0.36914074420928955,0.21388816833496094,0.07382814884185791,0.6925530166078008
focus_jamendo_1980501__180s,focus_jamendo_1980501,focus,discovery,180.0,rhythm,24,0.8357831728493477,13.049834072589874,2.4819202423095703,0.6952768564224243,0.8386728683316139,5.0,1.0,0.2173977792263031,0.15159106254577637,0.04347955584526062,0.564168174002033
focus_jamendo_1980501__300s,focus_jamendo_1980501,focus,discovery,300.0,acoustic_novelty_delay,24,2.0720891237515078,16.027197018265724,5.375051021575928,0.5489029288291931,0.8432945110609256,5.0,1.0,0.2596721351146698,0.1129300594329834,0.05193442702293396,0.8386044661408917
focus_jamendo_1980501__300s,focus_jamendo_1980501,focus,discovery,300.0,rhythm,24,2.855322602209746,9.933808244764805,1.3111697435379028,0.5469602346420288,0.9343862671330618,4.0,2.0,0.2723051905632019,0.12365686893463135,0.06807629764080048,0.7637487654957342
focus_jamendo_1981814__180s,focus_jamendo_1981814,focus,discovery,180.0,acoustic_novelty_delay,24,2.47544909798423,10.875255346298218,0.7637212872505188,0.5375016927719116,0.9790723797270962,9.0,2.0,0.5271337628364563,0.11129599809646606,0.058570418092939586,0.9095583044777861
focus_jamendo_1981814__180s,focus_jamendo_1981814,focus,discovery,180.0,rhythm,24,2.9693940597493254,10.835763059556484,1.3033066987991333,0.6606701016426086,0.9340093265767473,5.0,2.0,0.42686909437179565,0.14092624187469482,0.08537381887435913,0.9038132677422182
focus_jamendo_1981814__300s,focus_jamendo_1981814,focus,discovery,300.0,acoustic_novelty_delay,24,2.5248071349191807,10.846973568201065,1.0365588665008545,0.4961956888437271,0.9744496996496366,6.0,1.0,0.236508309841156,0.11663246154785156,0.039418051640192665,0.6963104663991683
focus_jamendo_1981814__300s,focus_jamendo_1981814,focus,discovery,300.0,rhythm,24,2.879401782040933,11.413772940635681,1.3567938804626465,0.6499787867069244,0.9532517431390027,5.0,4.0,0.7502514719963074,0.23046064376831055,0.15005029439926149,0.9579667009424973
focus_jamendo_1983051__180s,focus_jamendo_1983051,focus,discovery,180.0,acoustic_novelty_delay,24,2.550302003268611,11.928424060344696,1.0349317789077759,0.5877101421356201,0.9852490238725461,12.0,2.0,0.803623616695404,0.18571680784225464,0.066968634724617,0.8863727575803994
focus_jamendo_1983051__180s,focus_jamendo_1983051,focus,discovery,180.0,rhythm,24,0.46382447933414434,21.00011772289872,8.035761833190918,0.8264962732791901,0.6314896611657113,6.0,0.0,0.022935420274734497,0.00671619176864624,0.003822570045789083,0.8000857568523051
focus_jamendo_1983051__300s,focus_jamendo_1983051,focus,discovery,300.0,acoustic_novelty_delay,24,1.640710389038357,18.844596937298775,7.254554748535156,0.5184143483638763,0.7289339235367169,3.0,0.0,0.04830905795097351,0.02870151400566101,0.01610301931699117,0.8498676865218409
focus_jamendo_1983051__300s,focus_jamendo_1983051,focus,discovery,300.0,rhythm,24,2.6538785844495827,11.224607422947884,1.1114915609359741,0.6190199553966522,0.9596442154058268,7.0,0.0,0.28262051939964294,0.06552523374557495,0.04037435991423471,0.95444513244007
focus_jamendo_1983056__180s,focus_jamendo_1983056,focus,discovery,180.0,acoustic_novelty_delay,24,1.7868734591001838,7.060468070209026,1.194674015045166,0.31653670966625214,0.9205094117384979,0.0,0.0,0.0,0.0,0.0,0.0
focus_jamendo_1983056__180s,focus_jamendo_1983056,focus,discovery,180.0,rhythm,24,0.7548274720266985,16.079390101134777,4.799539089202881,0.6410035789012909,0.763497940549409,5.0,1.0,0.2667190432548523,0.20472270250320435,0.05334380865097046,0.5001227032205418
focus_jamendo_1983056__300s,focus_jamendo_1983056,focus,discovery,300.0,acoustic_novelty_delay,24,2.02813316570085,12.369508996605873,2.9495997428894043,0.799254834651947,0.8195112102436801,2.0,0.0,0.015609845519065857,0.008427992463111877,0.0078049227595329285,0.9953980402929516
focus_jamendo_1983056__300s,focus_jamendo_1983056,focus,discovery,300.0,rhythm,24,2.894028160933363,10.490021392703056,1.2679533958435059,0.5576826632022858,0.9563507258157102,6.0,1.0,0.38278040289878845,0.1511615514755249,0.06379673381646474,0.8109759542699929
focus_jamendo_1983239__180s,focus_jamendo_1983239,focus,discovery,180.0,acoustic_novelty_delay,24,2.2189755717767627,12.062092751264572,0.860872745513916,0.6288498938083649,0.987230085838348,5.0,3.0,0.4961289167404175,0.1654130220413208,0.09922578334808349,0.9429491339760523
focus_jamendo_1983239__180s,focus_jamendo_1983239,focus,discovery,180.0,rhythm,24,2.6379786536145775,9.914513982832432,0.8306118249893188,0.5874412953853607,0.9466648056375717,4.0,1.0,0.2745681405067444,0.12710434198379517,0.0686420351266861,0.8721014372417207
focus_jamendo_1983239__300s,focus_jamendo_1983239,focus,discovery,300.0,acoustic_novelty_delay,24,2.386264185187157,12.809167727828026,1.615901231765747,0.5907117128372192,0.9585116657506265,6.0,1.0,0.3624729514122009,0.17980116605758667,0.06041215856870016,0.8118278964067173
focus_jamendo_1983239__300s,focus_jamendo_1983239,focus,discovery,300.0,rhythm,24,2.3182065958484435,10.899607568979263,0.8698546886444092,0.62747722864151,0.9670337949440378,4.0,0.0,0.17355144023895264,0.0837554931640625,0.04338786005973816,0.8772273910591156
focus_jamendo_1983242__180s,focus_jamendo_1983242,focus,discovery,180.0,acoustic_novelty_delay,24,2.27117158317656,12.75675493478775,1.1387306451797485,0.6508278846740723,0.9757653764801045,5.0,3.0,0.5603666603565216,0.1735021471977234,0.11207333207130432,0.9328102992473536
focus_jamendo_1983242__180s,focus_jamendo_1983242,focus,discovery,180.0,rhythm,24,2.6297391078905106,10.94989262521267,1.2269989252090454,0.6016333997249603,0.9539221631989407,3.0,1.0,0.21624386310577393,0.12649649381637573,0.07208128770192464,0.8716321311235944
focus_jamendo_1983242__300s,focus_jamendo_1983242,focus,discovery,300.0,acoustic_novelty_delay,24,1.985231560032632,14.741606771945953,3.063108444213867,0.629332959651947,0.9051148819799858,5.0,0.0,0.13508126139640808,0.05514216423034668,0.027016252279281616,0.9234618495246593
focus_jamendo_1983242__300s,focus_jamendo_1983242,focus,discovery,300.0,rhythm,24,2.8648082399409827,8.70812076330185,0.9952599406242371,0.43357761204242706,0.945381722038311,4.0,1.0,0.23879364132881165,0.12717092037200928,0.05969841033220291,0.7683157848912341
focus_jamendo_1985293__180s,focus_jamendo_1985293,focus,discovery,180.0,acoustic_novelty_delay,24,2.532594426816173,11.75281272828579,1.0863016843795776,0.5560067594051361,0.9829598266722414,5.0,1.0,0.31469857692718506,0.18088775873184204,0.06293971538543701,0.6646087950278465
focus_jamendo_1985293__180s,focus_jamendo_1985293,focus,discovery,180.0,rhythm,24,2.461316498340125,9.127134248614311,1.1524149179458618,0.5424967110157013,0.9372727272638814,2.0,0.0,0.057892680168151855,0.04072749614715576,0.028946340084075928,0.8769704466039827
focus_jamendo_1985293__300s,focus_jamendo_1985293,focus,discovery,300.0,acoustic_novelty_delay,24,2.7176303453888067,11.103725358843803,0.9449368715286255,0.5631474256515503,0.9782125539085658,4.0,0.0,0.2538053095340729,0.09279590845108032,0.06345132738351822,0.946469800543861
focus_jamendo_1985293__300s,focus_jamendo_1985293,focus,discovery,300.0,rhythm,24,3.093289654675963,9.39531522989273,0.7757857441902161,0.6001265943050385,0.94373907001734,5.0,1.0,0.3927512764930725,0.21723836660385132,0.07855025529861451,0.7055170008338496
focus_jamendo_1985295__180s,focus_jamendo_1985295,focus,discovery,180.0,acoustic_novelty_delay,24,2.738879022935231,10.661008819937706,0.8748935461044312,0.551673173904419,0.9701150336106201,3.0,0.0,0.11755692958831787,0.05819195508956909,0.03918564319610596,0.7989012486155033
focus_jamendo_1985295__180s,focus_jamendo_1985295,focus,discovery,180.0,rhythm,24,2.745203085373901,7.245117142796516,1.105315089225769,0.39246074855327606,0.9288954015529409,1.0,0.0,0.00817716121673584,0.00817716121673584,0.00817716121673584,-2.2204460492503128e-16
focus_jamendo_1985295__300s,focus_jamendo_1985295,focus,discovery,300.0,acoustic_novelty_delay,24,2.695555132417346,11.072227537631989,0.7600459456443787,0.5685014724731445,0.9897489170560668,4.0,0.0,0.1486595869064331,0.06595158576965332,0.037164896726608276,0.821486503175117
focus_jamendo_1985295__300s,focus_jamendo_1985295,focus,discovery,300.0,rhythm,24,3.305963469637019,5.528872546739876,0.8686218857765198,0.28451453149318695,0.8221457760512348,1.0,0.0,0.01124526560306549,0.01124526560306549,0.01124526560306549,-2.2204460492503128e-16
focus_jamendo_1986013__180s,focus_jamendo_1986013,focus,discovery,180.0,acoustic_novelty_delay,24,1.9373438202436408,11.460567355155945,1.2342199087142944,0.494740828871727,0.9770637244989905,5.0,1.0,0.45894891023635864,0.19678360223770142,0.09178978204727173,0.8912637852186588
focus_jamendo_1986013__180s,focus_jamendo_1986013,focus,discovery,180.0,rhythm,24,0.5204877738597091,24.199795857071877,9.737992286682129,0.8441916406154633,0.6016061741516128,3.0,0.0,0.006685487926006317,0.003388643264770508,0.002228495975335439,0.7940962316464982
focus_jamendo_1986013__300s,focus_jamendo_1986013,focus,discovery,300.0,acoustic_novelty_delay,24,1.3266967575162805,20.91815160214901,8.623090744018555,0.5461648404598236,0.7347921233071182,5.0,0.0,0.1791388988494873,0.08036118745803833,0.03582777976989746,0.8133549160119101
focus_jamendo_1986013__300s,focus_jamendo_1986013,focus,discovery,300.0,rhythm,24,2.589628156473239,6.979063698090613,0.8778533935546875,0.5671146363019943,0.83507621526663,1.0,0.0,0.018832266330718994,0.018832266330718994,0.018832266330718994,-2.2204460492503128e-16
focus_jamendo_1989577__180s,focus_jamendo_1989577,focus,discovery,180.0,acoustic_novelty_delay,24,1.7821686568980697,13.091419026255608,1.6978241205215454,0.61819127202034,0.9417793399216361,6.0,1.0,0.2917300760746002,0.12712466716766357,0.0486216793457667,0.7977268165543644
focus_jamendo_1989577__180s,focus_jamendo_1989577,focus,discovery,180.0,rhythm,24,1.6116967719827104,9.295854087918997,4.024715900421143,0.25837621837854385,0.647980849614481,2.0,0.0,0.01067402958869934,0.006002545356750488,0.00533701479434967,0.9887535646066117
focus_jamendo_1989577__300s,focus_jamendo_1989577,focus,discovery,300.0,acoustic_novelty_delay,24,2.3307544540641105,12.516542568802834,2.3194990158081055,0.5677440762519836,0.9455090367909238,5.0,1.0,0.2688242793083191,0.12254637479782104,0.05376485586166382,0.8121051051200586
focus_jamendo_1989577__300s,focus_jamendo_1989577,focus,discovery,300.0,rhythm,24,1.7992959662409602,6.774141710717231,1.236942172050476,0.28833451867103577,0.7590079252492361,5.0,0.0,0.0311545729637146,0.022571921348571777,0.00623091459274292,0.5243843931781329
focus_jamendo_1993496__180s,focus_jamendo_1993496,focus,discovery,180.0,acoustic_novelty_delay,24,2.5970046385683965,10.380178399384022,0.9391875863075256,0.5891836285591125,0.9540091071305137,3.0,0.0,0.09554316103458405,0.09269970655441284,0.03184772034486135,0.14025114264081956
focus_jamendo_1993496__180s,focus_jamendo_1993496,focus,discovery,180.0,rhythm,24,2.1012402299830315,9.939636245369911,2.344038963317871,0.5677701234817505,0.8480480858256852,1.0,0.0,0.018986225128173828,0.018986225128173828,0.018986225128173828,-2.2204460492503128e-16
focus_jamendo_1993496__300s,focus_jamendo_1993496,focus,discovery,300.0,acoustic_novelty_delay,24,2.5970046385683965,10.380178399384022,0.9391875863075256,0.5891836285591125,0.9540091071305137,3.0,0.0,0.09554316103458405,0.09269970655441284,0.03184772034486135,0.14025114264081956
focus_jamendo_1993496__300s,focus_jamendo_1993496,focus,discovery,300.0,rhythm,24,2.1012402299830315,9.939636245369911,2.344038963317871,0.5677701234817505,0.8480480858256852,1.0,0.0,0.018986225128173828,0.018986225128173828,0.018986225128173828,-2.2204460492503128e-16
focus_jamendo_2002309__180s,focus_jamendo_2002309,focus,discovery,180.0,acoustic_novelty_delay,24,1.792789855176847,12.434974923729897,2.362609386444092,0.5046024322509766,0.8858898451073235,5.0,2.0,0.4661025404930115,0.2368679642677307,0.0932205080986023,0.7684843409721086
focus_jamendo_2002309__180s,focus_jamendo_2002309,focus,discovery,180.0,rhythm,24,0.4392412268483432,29.756774343550205,15.27907943725586,0.8618726134300232,0.5515572717829587,3.0,0.0,0.06975864619016647,0.038411371409893036,0.023252882063388824,0.7955331710659587
focus_jamendo_2002309__300s,focus_jamendo_2002309,focus,discovery,300.0,acoustic_novelty_delay,24,1.9633621060258586,17.63154247403145,4.834238529205322,0.663467139005661,0.8578998951237373,2.0,0.0,0.033478617668151855,0.0329168438911438,0.016739308834075928,0.12295818379449387
focus_jamendo_2002309__300s,focus_jamendo_2002309,focus,discovery,300.0,rhythm,24,1.1934009357879307,11.400695111602545,3.0183067321777344,0.4498535096645355,0.7728300384109332,6.0,2.0,0.2999788522720337,0.13243958353996277,0.04999647537867228,0.6782146396056165
focus_jamendo_2005032__180s,focus_jamendo_2005032,focus,discovery,180.0,acoustic_novelty_delay,24,1.839335541372797,15.735235929489136,3.7038400173187256,0.5266818702220917,0.8668808219540635,5.0,1.0,0.3457431197166443,0.19686418771743774,0.06914862394332885,0.7593740146209987
focus_jamendo_2005032__180s,focus_jamendo_2005032,focus,discovery,180.0,rhythm,24,2.6211777456917833,11.660037279129028,1.785285234451294,0.6933584213256836,0.9210605797082388,3.0,0.0,0.14007136225700378,0.08325135707855225,0.04669045408566793,0.8133131836757178
focus_jamendo_2005032__300s,focus_jamendo_2005032,focus,discovery,300.0,acoustic_novelty_delay,24,1.6434757845132892,11.839722394943237,1.6446276903152466,0.5577770173549652,0.9600826098206876,5.0,1.0,0.34207379817962646,0.15159714221954346,0.06841475963592529,0.8408216039191444
focus_jamendo_2005032__300s,focus_jamendo_2005032,focus,discovery,300.0,rhythm,24,2.6083838644281894,10.861830942332745,1.2626004219055176,0.6698870062828064,0.9366181785868767,2.0,0.0,0.029299229383468628,0.018636614084243774,0.014649614691734314,0.9458901417677693
focus_jamendo_2005033__180s,focus_jamendo_2005033,focus,discovery,180.0,acoustic_novelty_delay,24,2.5709869122300075,11.704536497592926,1.1422637701034546,0.6768700778484344,0.9610521267645493,2.0,1.0,0.24551427364349365,0.17017996311187744,0.12275713682174683,0.8894954467882552
focus_jamendo_2005033__180s,focus_jamendo_2005033,focus,discovery,180.0,rhythm,24,2.238996906512136,11.31338918954134,1.3555485010147095,0.7114346921443939,0.9080197016855169,5.0,0.0,0.17012345790863037,0.09493464231491089,0.03402469158172607,0.62985608066273
focus_jamendo_2005033__300s,focus_jamendo_2005033,focus,discovery,300.0,acoustic_novelty_delay,24,2.1360384842496716,10.94024059176445,0.7630952000617981,0.5884614884853363,0.9852955412617269,7.0,2.0,0.5271293222904205,0.22267484664916992,0.07530418889863151,0.7384993496438571
focus_jamendo_2005033__300s,focus_jamendo_2005033,focus,discovery,300.0,rhythm,24,2.5670130986193893,12.300676506012678,2.0633668899536133,0.8337827920913696,0.8691088210893803,2.0,1.0,0.16732901334762573,0.14527040719985962,0.08366450667381287,0.5624295546018497
focus_jamendo_2009953__180s,focus_jamendo_2009953,focus,discovery,180.0,acoustic_novelty_delay,24,2.1813243736276764,10.719676896929741,1.5029423236846924,0.6518428325653076,0.9288205170526425,4.0,0.0,0.12066465616226196,0.06722497940063477,0.03016616404056549,0.8370320034622847
focus_jamendo_2009953__180s,focus_jamendo_2009953,focus,discovery,180.0,rhythm,24,1.8398274120562217,8.997636677697301,1.9831793308258057,0.2903602123260498,0.806058085753205,3.0,0.0,0.0593704879283905,0.03582248091697693,0.019790162642796833,0.7944532448928802
focus_jamendo_2009953__300s,focus_jamendo_2009953,focus,discovery,300.0,acoustic_novelty_delay,24,2.1813243736276764,10.719676896929741,1.5029423236846924,0.6518428325653076,0.9288205170526425,4.0,0.0,0.12066465616226196,0.06722497940063477,0.03016616404056549,0.8370320034622847
focus_jamendo_2009953__300s,focus_jamendo_2009953,focus,discovery,300.0,rhythm,24,1.8398274120562217,8.997636677697301,1.9831793308258057,0.2903602123260498,0.806058085753205,3.0,0.0,0.0593704879283905,0.03582248091697693,0.019790162642796833,0.7944532448928802
focus_jamendo_2015074__180s,focus_jamendo_2015074,focus,discovery,180.0,acoustic_novelty_delay,24,2.1783310193759533,12.158966153860092,1.6732120513916016,0.481402724981308,0.933570387809844,1.0,0.0,0.08675748109817505,0.08675748109817505,0.08675748109817505,-2.2204460492503128e-16
focus_jamendo_2015074__180s,focus_jamendo_2015074,focus,discovery,180.0,rhythm,24,3.6166924030385914,4.682396376505494,1.1280735731124878,0.24514617770910263,0.7338245115083784,3.0,0.0,0.029695630073547363,0.029175519943237305,0.009898543357849121,0.0899884673911649
focus_jamendo_2015074__300s,focus_jamendo_2015074,focus,discovery,300.0,acoustic_novelty_delay,24,2.1783310193759533,12.158966153860092,1.6732120513916016,0.481402724981308,0.933570387809844,1.0,0.0,0.08675748109817505,0.08675748109817505,0.08675748109817505,-2.2204460492503128e-16
focus_jamendo_2015074__300s,focus_jamendo_2015074,focus,discovery,300.0,rhythm,24,3.6166924030385914,4.682396376505494,1.1280735731124878,0.24514617770910263,0.7338245115083784,3.0,0.0,0.029695630073547363,0.029175519943237305,0.009898543357849121,0.0899884673911649
focus_jamendo_2019707__180s,focus_jamendo_2019707,focus,discovery,180.0,acoustic_novelty_delay,24,2.2587881708855058,11.539394542574883,0.8051304817199707,0.5467379093170166,0.9896303682439639,5.0,0.0,0.17878228425979614,0.07128757238388062,0.03575645685195923,0.8138715906194491
focus_jamendo_2019707__180s,focus_jamendo_2019707,focus,discovery,180.0,rhythm,24,2.1724387694305634,8.638683885335922,0.7327528595924377,0.5282687246799469,0.9684970544972152,2.0,0.0,0.03467440605163574,0.031305789947509766,0.01733720302581787,0.4598954212214242
focus_jamendo_2019707__300s,focus_jamendo_2019707,focus,discovery,300.0,acoustic_novelty_delay,24,2.4299318840186896,12.079903185367584,0.9765200018882751,0.6232678294181824,0.9848529282624015,6.0,2.0,0.4148637056350708,0.16381216049194336,0.06914395093917847,0.8146733472512249
focus_jamendo_2019707__300s,focus_jamendo_2019707,focus,discovery,300.0,rhythm,24,2.63604046385745,10.817351050674915,1.7810157537460327,0.6462552845478058,0.9177562204055671,4.0,1.0,0.23235516250133514,0.17840564250946045,0.058088790625333786,0.470240276826066
focus_jamendo_2023052__180s,focus_jamendo_2023052,focus,discovery,180.0,acoustic_novelty_delay,24,2.2474316685208144,11.349717900156975,1.6657698154449463,0.5770528316497803,0.9602362769058437,3.0,0.0,0.11783766746520996,0.05779874324798584,0.03927922248840332,0.9322891811881849
focus_jamendo_2023052__180s,focus_jamendo_2023052,focus,discovery,180.0,rhythm,24,0.7623925507801381,12.390385262668133,4.817433834075928,0.5785431563854218,0.7212625955921561,6.0,0.0,0.151256263256073,0.06476640701293945,0.0252093772093455,0.7722598962180979
focus_jamendo_2023052__300s,focus_jamendo_2023052,focus,discovery,300.0,acoustic_novelty_delay,24,2.4079186266348747,11.708824038505554,1.2465003728866577,0.5379378497600555,0.9668987303829278,8.0,3.0,0.6887007355690002,0.21250271797180176,0.08608759194612503,0.8852067380470378
focus_jamendo_2023052__300s,focus_jamendo_2023052,focus,discovery,300.0,rhythm,24,1.7997125682802493,9.453385865781456,1.7254184484481812,0.875340074300766,0.7282438329796819,4.0,0.0,0.02716021239757538,0.020461678504943848,0.006790053099393845,0.5259417979138469
focus_jamendo_2023746__180s,focus_jamendo_2023746,focus,discovery,180.0,acoustic_novelty_delay,24,2.1938003863605693,11.248599618673325,1.1478019952774048,0.5511507391929626,0.9696580176124124,3.0,1.0,0.22584044933319092,0.14846736192703247,0.0752801497777303,0.7787375995776241
focus_jamendo_2023746__180s,focus_jamendo_2023746,focus,discovery,180.0,rhythm,24,1.2378444350051174,11.732337614521384,2.898037910461426,0.467048779129982,0.7689971999092626,3.0,0.0,0.023085802793502808,0.013734638690948486,0.0076952675978342695,0.8229293396448101
focus_jamendo_2023746__300s,focus_jamendo_2023746,focus,discovery,300.0,acoustic_novelty_delay,24,1.3229656830253407,21.077080328017473,11.798370361328125,0.5519704520702362,0.6332627414216799,4.0,0.0,0.08579561114311218,0.041746318340301514,0.021448902785778046,0.9040096944012157
focus_jamendo_2023746__300s,focus_jamendo_2023746,focus,discovery,300.0,rhythm,24,2.5935722760734237,10.302209589630365,1.5242518186569214,0.5849888920783997,0.8832183149461645,2.0,0.0,0.05603545904159546,0.04835104942321777,0.02801772952079773,0.5766855551984218
focus_jamendo_2026945__180s,focus_jamendo_2026945,focus,discovery,180.0,acoustic_novelty_delay,24,2.4688145322129715,10.855730891227722,1.4426027536392212,0.5520542860031128,0.9547252877505824,3.0,1.0,0.20347869396209717,0.15772348642349243,0.06782623132069905,0.6237419455984511
focus_jamendo_2026945__180s,focus_jamendo_2026945,focus,discovery,180.0,rhythm,24,1.3906497835942506,11.591145638376474,5.07400369644165,0.54763163626194,0.6880130728395781,5.0,0.0,0.03378678858280182,0.015801385045051575,0.006757357716560363,0.7923935233556563
focus_jamendo_2026945__300s,focus_jamendo_2026945,focus,discovery,300.0,acoustic_novelty_delay,24,2.394494131641417,11.112005636096,1.823538064956665,0.5467254221439362,0.9523194664023655,5.0,2.0,0.4339250326156616,0.16317176818847656,0.08678500652313233,0.8620123271142948
focus_jamendo_2026945__300s,focus_jamendo_2026945,focus,discovery,300.0,rhythm,24,1.8075053709637476,9.737527627497911,3.7273805141448975,0.4217987507581711,0.7411070673680701,5.0,0.0,0.10184317827224731,0.048520803451538086,0.020368635654449463,0.7595139616881872
focus_jamendo_2027198__180s,focus_jamendo_2027198,focus,discovery,180.0,acoustic_novelty_delay,24,2.739726384513907,12.458897069096565,1.6857783794403076,0.5739591121673584,0.9672621251826589,4.0,1.0,0.37903255224227905,0.18323475122451782,0.09475813806056976,0.9022608828169835
focus_jamendo_2027198__180s,focus_jamendo_2027198,focus,discovery,180.0,rhythm,24,0.9117612474581257,16.79544964618981,5.616613864898682,0.5126712471246719,0.7511796915602998,5.0,2.0,0.3705980181694031,0.20270895957946777,0.07411960363388062,0.7084720613413001
focus_jamendo_2027198__300s,focus_jamendo_2027198,focus,discovery,300.0,acoustic_novelty_delay,24,2.4936676330262717,11.693011149764061,1.4371100664138794,0.5874246656894684,0.9677187958709319,6.0,2.0,0.35751548409461975,0.13340222835540771,0.05958591401576996,0.757544902295075
focus_jamendo_2027198__300s,focus_jamendo_2027198,focus,discovery,300.0,rhythm,24,0.8463711272393664,14.288332968950272,4.872851848602295,0.5207417011260986,0.7674677337611849,5.0,0.0,0.10070857405662537,0.03961372375488281,0.020141714811325075,0.8126378429424087
focus_jamendo_2027199__180s,focus_jamendo_2027199,focus,discovery,180.0,acoustic_novelty_delay,24,2.491249182787279,10.838520139455795,1.6438348293304443,0.4943198710680008,0.9537903716718,4.0,0.0,0.17060083150863647,0.07001608610153198,0.04265020787715912,0.8852644876355011
focus_jamendo_2027199__180s,focus_jamendo_2027199,focus,discovery,180.0,rhythm,24,0.8207283949707784,16.651788998395205,6.862115859985352,0.5079671889543533,0.7163174394405526,3.0,1.0,0.19105783104896545,0.11745360493659973,0.06368594368298848,0.7894874230118555
focus_jamendo_2027199__300s,focus_jamendo_2027199,focus,discovery,300.0,acoustic_novelty_delay,24,2.7826335929807824,11.808674335479736,1.0360051393508911,0.5910242795944214,0.9849604693797961,6.0,1.0,0.35994601249694824,0.10437953472137451,0.05999100208282471,0.9429999291268223
focus_jamendo_2027199__300s,focus_jamendo_2027199,focus,discovery,300.0,rhythm,24,0.9914284251493889,15.318874962627888,4.95043420791626,0.49954189360141754,0.7809947918565001,3.0,0.0,0.03656715154647827,0.03403270244598389,0.012189050515492758,0.26807654324148616
focus_jamendo_2032139__180s,focus_jamendo_2032139,focus,discovery,180.0,acoustic_novelty_delay,24,2.6338431771828974,11.605905205011368,1.0063774585723877,0.6052854359149933,0.9767074295412778,6.0,1.0,0.23775458335876465,0.14143848419189453,0.03962576389312744,0.6425156809715125
focus_jamendo_2032139__180s,focus_jamendo_2032139,focus,discovery,180.0,rhythm,24,1.2150882159797254,13.455620251595974,3.6923439502716064,0.6045530289411545,0.8157617208782613,3.0,1.0,0.2506615221500397,0.18145346641540527,0.08355384071667989,0.706517172962715
focus_jamendo_2032139__300s,focus_jamendo_2032139,focus,discovery,300.0,acoustic_novelty_delay,24,1.8190353371712273,14.428872235119343,3.876544713973999,0.6878369748592377,0.8708693862289603,6.0,0.0,0.1677727997303009,0.062049269676208496,0.027962133288383484,0.9045028004986793
focus_jamendo_2032139__300s,focus_jamendo_2032139,focus,discovery,300.0,rhythm,24,3.117712046056631,10.308078994508833,1.292985200881958,0.5857734084129333,0.9231225439247391,4.0,2.0,0.3218085467815399,0.14944958686828613,0.08045213669538498,0.7865038634130648
focus_jamendo_2032187__180s,focus_jamendo_2032187,focus,discovery,180.0,acoustic_novelty_delay,24,2.104809643837987,13.397119984030724,2.584526777267456,0.5578365921974182,0.9297669861921427,4.0,1.0,0.28906524181365967,0.10457658767700195,0.07226631045341492,0.888081965606671
focus_jamendo_2032187__180s,focus_jamendo_2032187,focus,discovery,180.0,rhythm,24,0.5042503795434691,22.033822521567345,9.443986892700195,0.7492817044258118,0.6304077857854194,5.0,0.0,0.1621989607810974,0.0799098014831543,0.032439792156219484,0.8184819642991553
focus_jamendo_2032187__300s,focus_jamendo_2032187,focus,discovery,300.0,acoustic_novelty_delay,24,2.4609936458929322,11.978466860949993,2.8747410774230957,0.5601991415023804,0.8932072564313435,5.0,1.0,0.23188373446464539,0.12877929210662842,0.046376746892929074,0.7706705689894238
focus_jamendo_2032187__300s,focus_jamendo_2032187,focus,discovery,300.0,rhythm,24,0.684466261589409,17.094438696280122,7.309504508972168,0.5356443524360657,0.6753085637485918,4.0,0.0,0.06274384260177612,0.04778265953063965,0.01568596065044403,0.5429672472478215
focus_jamendo_2032670__180s,focus_jamendo_2032670,focus,discovery,180.0,acoustic_novelty_delay,24,2.5880723167495714,10.971146829426289,0.9017521739006042,0.6274774074554443,0.9683141027955147,3.0,1.0,0.22388401627540588,0.16614747047424316,0.0746280054251353,0.6634319382677989
focus_jamendo_2032670__180s,focus_jamendo_2032670,focus,discovery,180.0,rhythm,24,3.0918011052943957,7.480888161808252,0.905349850654602,0.46343936026096344,0.9105182954134049,2.0,0.0,0.08411562442779541,0.058085352182388306,0.042057812213897705,0.8925470877892542
focus_jamendo_2032670__300s,focus_jamendo_2032670,focus,discovery,300.0,acoustic_novelty_delay,24,2.5880723167495714,10.971146829426289,0.9017521739006042,0.6274774074554443,0.9683141027955147,3.0,1.0,0.22388401627540588,0.16614747047424316,0.0746280054251353,0.6634319382677989
focus_jamendo_2032670__300s,focus_jamendo_2032670,focus,discovery,300.0,rhythm,24,3.0918011052943957,7.480888161808252,0.905349850654602,0.46343936026096344,0.9105182954134049,2.0,0.0,0.08411562442779541,0.058085352182388306,0.042057812213897705,0.8925470877892542
focus_jamendo_2034075__180s,focus_jamendo_2034075,focus,discovery,180.0,acoustic_novelty_delay,24,2.417709851052998,11.465002357959747,1.552764892578125,0.5415807664394379,0.9656938443031318,6.0,0.0,0.2147601842880249,0.07854169607162476,0.03579336404800415,0.8815975474102368
focus_jamendo_2034075__180s,focus_jamendo_2034075,focus,discovery,180.0,rhythm,24,3.595373778615657,7.009278839454055,0.9996775984764099,0.48212824761867523,0.897873577438477,4.0,0.0,0.046454787254333496,0.017675161361694336,0.011613696813583374,0.9390239408841731
focus_jamendo_2034075__300s,focus_jamendo_2034075,focus,discovery,300.0,acoustic_novelty_delay,24,2.935995380285651,12.377728253602982,1.386987328529358,0.6155148148536682,0.9547923014640152,4.0,0.0,0.07577818632125854,0.036686480045318604,0.018944546580314636,0.8637157705860489
focus_jamendo_2034075__300s,focus_jamendo_2034075,focus,discovery,300.0,rhythm,24,3.149902503686101,7.352872890420258,1.1413418054580688,0.5207603871822357,0.879646763532504,4.0,1.0,0.18410572409629822,0.11099016666412354,0.046026431024074554,0.7453621749966213
focus_jamendo_2034860__180s,focus_jamendo_2034860,focus,discovery,180.0,acoustic_novelty_delay,24,2.5969247537163502,10.809604585170746,1.8585127592086792,0.4841848611831665,0.947462503971397,6.0,0.0,0.16017377376556396,0.05887120962142944,0.026695628960927326,0.836217008723906
focus_jamendo_2034860__180s,focus_jamendo_2034860,focus,discovery,180.0,rhythm,24,1.6915822156192464,11.258615612983704,1.9583481550216675,0.6904972493648529,0.8591493002993583,4.0,0.0,0.10852137207984924,0.056249797344207764,0.02713034301996231,0.8147315043247909
focus_jamendo_2034860__300s,focus_jamendo_2034860,focus,discovery,300.0,acoustic_novelty_delay,24,2.1284142812722338,13.257098950445652,2.361846923828125,0.7518140971660614,0.9183893988912007,4.0,1.0,0.24253618717193604,0.11625093221664429,0.06063404679298401,0.8556915092794954
focus_jamendo_2034860__300s,focus_jamendo_2034860,focus,discovery,300.0,rhythm,24,1.1479458196927008,14.162685569375753,4.79580020904541,0.5120243281126022,0.767754785325166,5.0,1.0,0.30910786986351013,0.19092285633087158,0.06182157397270203,0.6798214097015913
focus_jamendo_2035379__180s,focus_jamendo_2035379,focus,discovery,180.0,acoustic_novelty_delay,24,2.417709851052998,11.465002357959747,1.552764892578125,0.5415807664394379,0.9656938443031318,6.0,0.0,0.2147601842880249,0.07854169607162476,0.03579336404800415,0.8815975474102368
focus_jamendo_2035379__180s,focus_jamendo_2035379,focus,discovery,180.0,rhythm,24,3.595373778615657,7.009278839454055,0.9996775984764099,0.48212824761867523,0.897873577438477,4.0,0.0,0.046454787254333496,0.017675161361694336,0.011613696813583374,0.9390239408841731
focus_jamendo_2035379__300s,focus_jamendo_2035379,focus,discovery,300.0,acoustic_novelty_delay,24,2.935995380285651,12.377728253602982,1.386987328529358,0.6155148148536682,0.9547923014640152,4.0,0.0,0.07577818632125854,0.036686480045318604,0.018944546580314636,0.8637157705860489
focus_jamendo_2035379__300s,focus_jamendo_2035379,focus,discovery,300.0,rhythm,24,3.149902503686101,7.352872890420258,1.1413418054580688,0.5207603871822357,0.879646763532504,4.0,1.0,0.18410572409629822,0.11099016666412354,0.046026431024074554,0.7453621749966213
focus_jamendo_2035939__180s,focus_jamendo_2035939,focus,discovery,180.0,acoustic_novelty_delay,24,2.3443404380502697,11.507319822907448,1.328593373298645,0.48454299569129944,0.9606842232714748,4.0,1.0,0.22379839420318604,0.11239993572235107,0.05594959855079651,0.7597990100918123
focus_jamendo_2035939__180s,focus_jamendo_2035939,focus,discovery,180.0,rhythm,24,1.7673361834868802,10.362169386353344,2.3162221908569336,0.5385212004184723,0.7331508334901896,2.0,0.0,0.008768051862716675,0.005564272403717041,0.004384025931358337,0.9470684383040595
focus_jamendo_2035939__300s,focus_jamendo_2035939,focus,discovery,300.0,acoustic_novelty_delay,24,2.140454595444324,12.002436988055706,1.305418848991394,0.6392012536525726,0.9675468134712737,4.0,1.0,0.26977771520614624,0.14477819204330444,0.06744442880153656,0.7296722387524656
focus_jamendo_2035939__300s,focus_jamendo_2035939,focus,discovery,300.0,rhythm,24,1.803684879282713,9.90506561473012,3.0553030967712402,0.4496114104986191,0.6971831243488419,3.0,0.0,0.00467662513256073,0.0036832988262176514,0.00155887504418691,0.6046193896183316
focus_jamendo_2039455__180s,focus_jamendo_2039455,focus,discovery,180.0,acoustic_novelty_delay,24,2.359964958682927,8.911624416708946,0.8567038774490356,0.44129830598831177,0.9648915373396206,1.0,0.0,0.035687148571014404,0.035687148571014404,0.035687148571014404,-2.2204460492503128e-16
focus_jamendo_2039455__180s,focus_jamendo_2039455,focus,discovery,180.0,rhythm,24,0.9417802093120622,18.491685373708606,5.771859169006348,0.4966045916080475,0.7258136430380939,7.0,3.0,0.82520392537117,0.4056239128112793,0.11788627505302429,0.7338497606889949
focus_jamendo_2039455__300s,focus_jamendo_2039455,focus,discovery,300.0,acoustic_novelty_delay,24,2.918473211800139,8.827310986816883,1.029250144958496,0.4659464955329895,0.9430365586370082,2.0,0.0,0.09705415368080139,0.060585975646972656,0.048527076840400696,0.9549855984112112
focus_jamendo_2039455__300s,focus_jamendo_2039455,focus,discovery,300.0,rhythm,24,2.3806903008457088,11.639657221734524,1.9745948314666748,0.6576134264469147,0.8734964705766132,2.0,0.0,0.036192625761032104,0.020955130457878113,0.018096312880516052,0.9819216769568005
focus_jamendo_2039456__180s,focus_jamendo_2039456,focus,discovery,180.0,acoustic_novelty_delay,24,2.436229040865951,10.32831533998251,1.200918197631836,0.565758615732193,0.9392035341084507,3.0,0.0,0.1382240355014801,0.09818601608276367,0.04607467850049337,0.5894990998468375
focus_jamendo_2039456__180s,focus_jamendo_2039456,focus,discovery,180.0,rhythm,24,2.0470986802960716,9.092609176412225,1.8084628582000732,0.5915591418743134,0.8315126313412157,3.0,0.0,0.11573521792888641,0.06816290318965912,0.03857840597629547,0.6390431257728039
focus_jamendo_2039456__300s,focus_jamendo_2039456,focus,discovery,300.0,acoustic_novelty_delay,24,2.7342605639366626,10.66677013039589,0.7802397608757019,0.6107407510280609,0.9736375396005998,4.0,1.0,0.3767435550689697,0.17559367418289185,0.09418588876724243,0.9200299419072515
focus_jamendo_2039456__300s,focus_jamendo_2039456,focus,discovery,300.0,rhythm,24,2.1943044643668217,13.312430445104837,3.413715124130249,0.6949630379676819,0.8445374399057229,5.0,0.0,0.12787818908691406,0.04011732339859009,0.025575637817382812,0.9457608355900456
focus_jamendo_2039515__180s,focus_jamendo_2039515,focus,discovery,180.0,acoustic_novelty_delay,24,2.5189847342609353,11.74061193317175,1.2380305528640747,0.5691826641559601,0.9705603700350173,5.0,2.0,0.42793363332748413,0.17158806324005127,0.08558672666549683,0.8459572464601083
focus_jamendo_2039515__180s,focus_jamendo_2039515,focus,discovery,180.0,rhythm,24,1.1967587865282932,12.141365970484912,4.2255401611328125,0.43459352850914,0.6680504702910479,5.0,1.0,0.45806148648262024,0.44123339653015137,0.09161229729652405,0.10370070269857068
focus_jamendo_2039515__300s,focus_jamendo_2039515,focus,discovery,300.0,acoustic_novelty_delay,24,2.578815448982306,10.877355217933655,1.0499842166900635,0.5673922002315521,0.9745814709725581,4.0,1.0,0.18940043449401855,0.10309410095214844,0.04735010862350464,0.7740430264657943
focus_jamendo_2039515__300s,focus_jamendo_2039515,focus,discovery,300.0,rhythm,24,1.1025791097055602,12.25511448085308,3.2990787029266357,0.5177274942398071,0.7089461655261103,2.0,0.0,0.0005669593811035156,0.0005230605602264404,0.0002834796905517578,0.39305293705159106
focus_jamendo_2039520__180s,focus_jamendo_2039520,focus,discovery,180.0,acoustic_novelty_delay,24,2.422484416634958,10.573142692446709,0.9761746525764465,0.5063639432191849,0.9740288072453246,4.0,0.0,0.16264522075653076,0.058992981910705566,0.04066130518913269,0.9116811087906722
focus_jamendo_2039520__180s,focus_jamendo_2039520,focus,discovery,180.0,rhythm,24,0.9160833487651937,13.231207195669413,4.410771369934082,0.5581577718257904,0.7779434894733674,5.0,0.0,0.2596706748008728,0.08816981315612793,0.05193413496017456,0.763223212088621
focus_jamendo_2039520__300s,focus_jamendo_2039520,focus,discovery,300.0,acoustic_novelty_delay,24,2.214915930399055,12.125075921416283,1.9360913038253784,0.5368895530700684,0.9547297473686742,5.0,2.0,0.3292245864868164,0.13673925399780273,0.06584491729736328,0.7851388580277578
focus_jamendo_2039520__300s,focus_jamendo_2039520,focus,discovery,300.0,rhythm,24,2.6750996916830267,9.795893713831902,1.1638338565826416,0.5913066565990448,0.9254288658220211,3.0,1.0,0.2486335039138794,0.13556510210037231,0.0828778346379598,0.7789996627095668
focus_jamendo_2041944__180s,focus_jamendo_2041944,focus,discovery,180.0,acoustic_novelty_delay,24,2.5502758532402683,12.060712337493896,1.2996933460235596,0.569132387638092,0.9747065292283005,8.0,1.0,0.4433455467224121,0.1873672604560852,0.055418193340301514,0.8149529395106978
focus_jamendo_2041944__180s,focus_jamendo_2041944,focus,discovery,180.0,rhythm,24,0.8709203915995326,12.066735461354256,2.866741180419922,0.5231016874313354,0.8066655640380471,5.0,1.0,0.3119511902332306,0.12918740510940552,0.06239023804664612,0.8492721760389191
focus_jamendo_2041944__300s,focus_jamendo_2041944,focus,discovery,300.0,acoustic_novelty_delay,24,2.7741259118350583,11.274000987410545,1.3403337001800537,0.6378395855426788,0.9558449983887576,1.0,0.0,0.08950680494308472,0.08950680494308472,0.08950680494308472,-2.2204460492503128e-16
focus_jamendo_2041944__300s,focus_jamendo_2041944,focus,discovery,300.0,rhythm,24,0.755055816139786,13.47910688817501,3.4841482639312744,0.5513333678245544,0.7711214570104138,5.0,3.0,0.4859278202056885,0.1865134835243225,0.09718556404113769,0.7642254141525616
focus_jamendo_2041947__180s,focus_jamendo_2041947,focus,discovery,180.0,acoustic_novelty_delay,24,2.4029350630593025,11.68341363221407,1.3821001052856445,0.6246432363986969,0.9556516728425453,5.0,0.0,0.21837076544761658,0.07195630669593811,0.04367415308952331,0.9114621120935362
focus_jamendo_2041947__180s,focus_jamendo_2041947,focus,discovery,180.0,rhythm,24,0.7248411574423086,13.357976719737053,4.052552700042725,0.5094881355762482,0.7584201914860587,6.0,0.0,0.10960793495178223,0.05584359169006348,0.01826798915863037,0.7360983950986116
focus_jamendo_2041947__300s,focus_jamendo_2041947,focus,discovery,300.0,acoustic_novelty_delay,24,1.9856148529167101,17.850986793637276,6.011734962463379,0.5921026170253754,0.8249072253859294,6.0,2.0,0.4198964536190033,0.1562880277633667,0.06998274226983388,0.8219790790545878
focus_jamendo_2041947__300s,focus_jamendo_2041947,focus,discovery,300.0,rhythm,24,1.8277587989708493,11.820526644587517,2.3022265434265137,0.4847583919763565,0.9187082507796507,3.0,0.0,0.13313454389572144,0.07057249546051025,0.044378181298573814,0.8335860282557837
focus_jamendo_2042978__180s,focus_jamendo_2042978,focus,discovery,180.0,acoustic_novelty_delay,24,2.3866016980953777,11.788567334413528,1.311334490776062,0.686172217130661,0.9533376089201931,5.0,0.0,0.19348713755607605,0.09111616015434265,0.03869742751121521,0.6927610243274955
focus_jamendo_2042978__180s,focus_jamendo_2042978,focus,discovery,180.0,rhythm,24,1.9904264215168586,13.330030933022499,2.764899969100952,0.7821901142597198,0.8861101236481342,3.0,0.0,0.18257638812065125,0.08747079968452454,0.06085879604021708,0.9514411639717121
focus_jamendo_2042978__300s,focus_jamendo_2042978,focus,discovery,300.0,acoustic_novelty_delay,24,2.5070025793032293,12.408552139997482,1.4423527717590332,0.5706808865070343,0.9495883383627255,5.0,0.0,0.23004958033561707,0.09994488954544067,0.046009916067123416,0.7522702323499901
focus_jamendo_2042978__300s,focus_jamendo_2042978,focus,discovery,300.0,rhythm,24,1.1927473816366345,16.11203707754612,5.65130615234375,0.5795537531375885,0.7822150285818561,2.0,1.0,0.1753297746181488,0.11275970935821533,0.0876648873090744,0.940054965917317
focus_jamendo_2043688__180s,focus_jamendo_2043688,focus,discovery,180.0,acoustic_novelty_delay,24,2.4251759094829213,10.245335146784782,1.0199897289276123,0.5343019068241119,0.9727421857105129,4.0,0.0,0.22237110137939453,0.09452652931213379,0.05559277534484863,0.760652121439664
focus_jamendo_2043688__180s,focus_jamendo_2043688,focus,discovery,180.0,rhythm,24,0.39676953471394266,22.711258433759212,10.285444259643555,0.8662355542182922,0.624826732431736,3.0,0.0,0.1171196699142456,0.08558160066604614,0.0390398899714152,0.5838221460663396
focus_jamendo_2043688__300s,focus_jamendo_2043688,focus,discovery,300.0,acoustic_novelty_delay,24,2.5506702121407994,15.25923416018486,3.5111565589904785,0.5698281824588776,0.8827056491505855,4.0,1.0,0.27952706813812256,0.12958192825317383,0.06988176703453064,0.9195473866848725
focus_jamendo_2043688__300s,focus_jamendo_2043688,focus,discovery,300.0,rhythm,24,2.1296380332158464,7.214535437524319,2.2311758995056152,0.25561271607875824,0.7477985392565805,2.0,0.0,0.044251590967178345,0.04317872226238251,0.022125795483589172,0.16465207628451628
focus_jamendo_2055767__180s,focus_jamendo_2055767,focus,discovery,180.0,acoustic_novelty_delay,24,2.364272378546446,10.44574250280857,0.6497597694396973,0.5507250428199768,0.9845745501289866,5.0,2.0,0.46367478370666504,0.20873332023620605,0.092734956741333,0.8511035276166962
focus_jamendo_2055767__180s,focus_jamendo_2055767,focus,discovery,180.0,rhythm,24,2.661308853726761,10.001633651554585,2.056529998779297,0.5114963501691818,0.8955946059882014,1.0,0.0,0.024278342723846436,0.024278342723846436,0.024278342723846436,-2.2204460492503128e-16
focus_jamendo_2055767__300s,focus_jamendo_2055767,focus,discovery,300.0,acoustic_novelty_delay,24,2.632032826813651,11.856164425611496,1.3759433031082153,0.7152403593063354,0.9638798468696603,5.0,1.0,0.2709752023220062,0.11055546998977661,0.054195040464401247,0.7765103371713649
focus_jamendo_2055767__300s,focus_jamendo_2055767,focus,discovery,300.0,rhythm,24,3.1543149255821885,10.823596883565187,1.2027060985565186,0.6140613853931427,0.9427612052548571,3.0,1.0,0.12827903032302856,0.11718618869781494,0.04275967677434286,0.27192126057318927
focus_jamendo_2057382__180s,focus_jamendo_2057382,focus,discovery,180.0,acoustic_novelty_delay,24,2.093550067355962,12.015046492218971,1.6055192947387695,0.6265412271022797,0.9527806788165287,5.0,0.0,0.13649722933769226,0.058891117572784424,0.027299445867538453,0.7897099559583114
focus_jamendo_2057382__180s,focus_jamendo_2057382,focus,discovery,180.0,rhythm,24,0.6893687819054541,21.42259567603469,9.784311294555664,0.6323447227478027,0.6240567865055663,3.0,1.0,0.28985702991485596,0.18204855918884277,0.09661900997161865,0.7366036351796179
focus_jamendo_2057382__300s,focus_jamendo_2057382,focus,discovery,300.0,acoustic_novelty_delay,24,2.209596265225408,12.57967934012413,2.1540534496307373,0.5531652867794037,0.9359461127050435,6.0,1.0,0.25141122937202454,0.11459934711456299,0.04190187156200409,0.7764069190846378
focus_jamendo_2057382__300s,focus_jamendo_2057382,focus,discovery,300.0,rhythm,24,1.0788795786979863,13.638726776465774,5.564564228057861,0.5214926600456238,0.6722883502303698,4.0,0.0,0.12061959505081177,0.07349419593811035,0.030154898762702942,0.5007072000480005
focus_jamendo_2057691__180s,focus_jamendo_2057691,focus,discovery,180.0,acoustic_novelty_delay,24,2.234801041671722,11.884013891220093,1.5147818326950073,0.5545284748077393,0.9685222580673923,6.0,3.0,0.8309368789196014,0.24749088287353516,0.13848947981993356,0.9384052540520804
focus_jamendo_2057691__180s,focus_jamendo_2057691,focus,discovery,180.0,rhythm,24,1.350165374810013,12.254044477827847,2.770017147064209,0.5647153854370117,0.7751112640768102,3.0,0.0,0.036178916692733765,0.03526663780212402,0.012059638897577921,0.12298679162206655
focus_jamendo_2057691__300s,focus_jamendo_2057691,focus,discovery,300.0,acoustic_novelty_delay,24,2.1889087530376905,12.940586000680923,2.7326526641845703,0.5304372012615204,0.9332457391775015,3.0,3.0,0.46690142154693604,0.20422494411468506,0.155633807182312,0.9781281631071874
focus_jamendo_2057691__300s,focus_jamendo_2057691,focus,discovery,300.0,rhythm,24,2.7032213375558554,11.428947284817696,1.5596890449523926,0.6210183799266815,0.9507057566340799,5.0,1.0,0.2928367257118225,0.16501319408416748,0.0585673451423645,0.6972800773085018
focus_jamendo_2125861__180s,focus_jamendo_2125861,focus,discovery,180.0,acoustic_novelty_delay,24,2.2914061076008925,12.112654864788055,1.1989796161651611,0.5866856575012207,0.9597619775570763,3.0,1.0,0.2063259482383728,0.17282050848007202,0.0687753160794576,0.5038845900279517
focus_jamendo_2125861__180s,focus_jamendo_2125861,focus,discovery,180.0,rhythm,24,0.8928598426356233,12.27566746994853,3.427842617034912,0.4846254736185074,0.7717433384451201,4.0,0.0,0.057006120681762695,0.036630332469940186,0.014251530170440674,0.6396104959222073
focus_jamendo_2125861__300s,focus_jamendo_2125861,focus,discovery,300.0,acoustic_novelty_delay,24,2.5053401288376844,10.0379488915205,1.0241296291351318,0.5832877159118652,0.9515260153455499,5.0,0.0,0.13332784175872803,0.06817406415939331,0.026665568351745605,0.7811455414142985
focus_jamendo_2125861__300s,focus_jamendo_2125861,focus,discovery,300.0,rhythm,24,0.6033339202797201,19.692794270813465,6.446854591369629,0.695441335439682,0.7534366049571135,6.0,1.0,0.3052723705768585,0.17617464065551758,0.05087872842947642,0.7180586485044291
focus_jamendo_2127098__180s,focus_jamendo_2127098,focus,discovery,180.0,acoustic_novelty_delay,24,2.479884734635257,11.076327472925186,0.7712217569351196,0.5889802575111389,0.979581209727615,4.0,0.0,0.13579225540161133,0.06151285767555237,0.03394806385040283,0.7770698825294107
focus_jamendo_2127098__180s,focus_jamendo_2127098,focus,discovery,180.0,rhythm,24,1.1209354307224109,12.40233614295721,2.5630650520324707,0.5135020166635513,0.8521118909349255,3.0,0.0,0.0801452100276947,0.042266398668289185,0.026715070009231567,0.9120357649206371
focus_jamendo_2127098__300s,focus_jamendo_2127098,focus,discovery,300.0,acoustic_novelty_delay,24,2.164308840304788,12.287360362708569,1.217197299003601,0.7049174904823303,0.9544924586739506,4.0,1.0,0.23261046409606934,0.13685345649719238,0.058152616024017334,0.72103980338016
focus_jamendo_2127098__300s,focus_jamendo_2127098,focus,discovery,300.0,rhythm,24,1.0888326683592398,12.625592093914747,2.191880464553833,0.42701682448387146,0.8333024863853368,6.0,0.0,0.257499635219574,0.08537560701370239,0.04291660586992899,0.8489018725386079
focus_jamendo_2127108__180s,focus_jamendo_2127108,focus,discovery,180.0,acoustic_novelty_delay,24,2.108073810617242,11.512177497148514,1.2760322093963623,0.5624839067459106,0.9760743954562288,7.0,0.0,0.3525876998901367,0.08497172594070435,0.050369671412876675,0.8929292386851262
focus_jamendo_2127108__180s,focus_jamendo_2127108,focus,discovery,180.0,rhythm,24,1.8659553826745703,10.316984437406063,3.1912693977355957,0.6339062452316284,0.7602915566837981,3.0,0.0,0.161027193069458,0.08525848388671875,0.05367573102315267,0.8596695309726698
focus_jamendo_2127108__300s,focus_jamendo_2127108,focus,discovery,300.0,acoustic_novelty_delay,24,2.408163479562597,10.656350657343864,1.2364864349365234,0.4938858598470688,0.9698669815303356,4.0,1.0,0.1873508095741272,0.10701453685760498,0.0468377023935318,0.8279595684774895
focus_jamendo_2127108__300s,focus_jamendo_2127108,focus,discovery,300.0,rhythm,24,0.929060273791848,12.70736413821578,4.074141979217529,0.40631425380706787,0.7536377363277853,4.0,0.0,0.10829305648803711,0.06716775894165039,0.027073264122009277,0.7778402056384749
focus_jamendo_2127649__180s,focus_jamendo_2127649,focus,discovery,180.0,acoustic_novelty_delay,24,2.3888347749128327,11.932452276349068,1.3913984298706055,0.6102328896522522,0.9512859987056469,2.0,0.0,0.11265766620635986,0.09179401397705078,0.05632883310317993,0.6913111467036069
focus_jamendo_2127649__180s,focus_jamendo_2127649,focus,discovery,180.0,rhythm,24,0.9466366251968101,9.718547582626343,2.120994806289673,0.4429182857275009,0.8489772609548112,2.0,0.0,0.026081383228302002,0.017161160707473755,0.013040691614151001,0.9267338182543922
focus_jamendo_2127649__300s,focus_jamendo_2127649,focus,discovery,300.0,acoustic_novelty_delay,24,2.8157281814650714,10.27858455479145,0.8576042652130127,0.5138425081968307,0.9727559953963897,4.0,0.0,0.18780452013015747,0.0867915153503418,0.04695113003253937,0.7932709064094812
focus_jamendo_2127649__300s,focus_jamendo_2127649,focus,discovery,300.0,rhythm,24,1.5629047185994098,9.492624888196588,1.2668448686599731,0.5369354039430618,0.9094651905289909,3.0,0.0,0.18052083253860474,0.08130890130996704,0.060173610846201576,0.9688993043932234
focus_jamendo_2129421__180s,focus_jamendo_2129421,focus,discovery,180.0,acoustic_novelty_delay,24,2.882518505371878,11.02445738017559,0.8690195679664612,0.5086279213428497,0.9802086056615826,5.0,0.0,0.19521719217300415,0.09924393892288208,0.03904343843460083,0.7703266644688069
focus_jamendo_2129421__180s,focus_jamendo_2129421,focus,discovery,180.0,rhythm,24,3.230593487434251,9.93473208323121,1.0161257982254028,0.5473139882087708,0.9406114926035971,2.0,0.0,0.015533149242401123,0.014953196048736572,0.0077665746212005615,0.22994387212499226
focus_jamendo_2129421__300s,focus_jamendo_2129421,focus,discovery,300.0,acoustic_novelty_delay,24,1.4812710736517285,22.882161140441895,6.867071628570557,0.61409130692482,0.7578525440581215,8.0,2.0,0.601586252450943,0.1400335431098938,0.07519828155636787,0.9283441212615376
focus_jamendo_2129421__300s,focus_jamendo_2129421,focus,discovery,300.0,rhythm,24,2.2640255757770777,11.16636373102665,1.0696724653244019,0.6417095363140106,0.9555786709100734,3.0,0.0,0.08960029482841492,0.045590102672576904,0.029866764942804973,0.8875304416217321
focus_jamendo_2160158__180s,focus_jamendo_2160158,focus,discovery,180.0,acoustic_novelty_delay,24,2.367490276654655,11.432829335331917,1.087104082107544,0.6223195195198059,0.9704849540237238,4.0,1.0,0.15658128261566162,0.11755049228668213,0.039145320653915405,0.45213993140540487
focus_jamendo_2160158__180s,focus_jamendo_2160158,focus,discovery,180.0,rhythm,24,1.1976559951603543,8.023314045742154,3.4262020587921143,0.27679017186164856,0.6641283639043972,3.0,0.0,0.030431151390075684,0.015965819358825684,0.010143717130025228,0.859726484634084
focus_jamendo_2160158__300s,focus_jamendo_2160158,focus,discovery,300.0,acoustic_novelty_delay,24,2.2449729568111754,10.05691184103489,0.7257683277130127,0.5407865941524506,0.9814269724260786,8.0,1.0,0.3551129400730133,0.15845507383346558,0.04438911750912666,0.7848828131454108
focus_jamendo_2160158__300s,focus_jamendo_2160158,focus,discovery,300.0,rhythm,24,0.8515921501507019,12.193612975999713,3.945314884185791,0.5357595980167389,0.742088823659309,6.0,0.0,0.10453175008296967,0.04563260078430176,0.01742195834716161,0.759298126085829
focus_jamendo_2178516__180s,focus_jamendo_2178516,focus,discovery,180.0,acoustic_novelty_delay,24,2.532747156882552,12.589085280895233,1.3491839170455933,0.5946823954582214,0.972241950658032,5.0,0.0,0.23871630430221558,0.058673858642578125,0.047743260860443115,0.9921800213734258
focus_jamendo_2178516__180s,focus_jamendo_2178516,focus,discovery,180.0,rhythm,24,2.3904117195505092,10.569744303822517,1.016473412513733,0.6345744431018829,0.9530510005160571,3.0,1.0,0.1322052776813507,0.12150144577026367,0.04406842589378357,0.27972352488932384
focus_jamendo_2178516__300s,focus_jamendo_2178516,focus,discovery,300.0,acoustic_novelty_delay,24,3.104047033528869,10.355024740099907,0.950238823890686,0.5393038988113403,0.9736539402782727,7.0,1.0,0.3459247648715973,0.10183078050613403,0.04941782355308533,0.8743978077091479
focus_jamendo_2178516__300s,focus_jamendo_2178516,focus,discovery,300.0,rhythm,24,2.597295583469345,12.468723461031914,1.9750531911849976,0.6963591277599335,0.9446095536126702,5.0,1.0,0.32748332619667053,0.12670278549194336,0.0654966652393341,0.8966049225975106
focus_jamendo_2178517__180s,focus_jamendo_2178517,focus,discovery,180.0,acoustic_novelty_delay,24,2.6674878644374256,10.451527118682861,0.8756324648857117,0.5207884013652802,0.9759410130302101,6.0,2.0,0.6724090576171875,0.18199515342712402,0.11206817626953125,0.9615062309964191
focus_jamendo_2178517__180s,focus_jamendo_2178517,focus,discovery,180.0,rhythm,24,2.3743556718849135,10.999786410480738,1.3386036157608032,0.6655547916889191,0.9096312983872745,0.0,0.0,0.0,0.0,0.0,0.0
focus_jamendo_2178517__300s,focus_jamendo_2178517,focus,discovery,300.0,acoustic_novelty_delay,24,2.2031827847043113,11.533291064202785,1.2982673645019531,0.6117555201053619,0.9488487056916878,5.0,1.0,0.2607680857181549,0.16330844163894653,0.05215361714363098,0.6884070893142297
focus_jamendo_2178517__300s,focus_jamendo_2178517,focus,discovery,300.0,rhythm,24,2.414796900084723,11.514685958623886,1.184165358543396,0.6970073580741882,0.945082949047795,4.0,0.0,0.06352353096008301,0.03144043684005737,0.015880882740020752,0.8543427447604661
focus_jamendo_2178866__180s,focus_jamendo_2178866,focus,discovery,180.0,acoustic_novelty_delay,24,2.018774776956312,12.106967687606812,1.6854326725006104,0.5771289169788361,0.9490014961770377,4.0,0.0,0.18051669001579285,0.06435394287109375,0.04512917250394821,0.9794206693684165
focus_jamendo_2178866__180s,focus_jamendo_2178866,focus,discovery,180.0,rhythm,24,3.202792010113379,12.575081884860992,1.8077324628829956,0.6897672116756439,0.9376940545990302,3.0,1.0,0.16909348964691162,0.11035335063934326,0.05636449654897054,0.7060248904919864
focus_jamendo_2178866__300s,focus_jamendo_2178866,focus,discovery,300.0,acoustic_novelty_delay,24,2.648231059962596,11.924897372722626,1.595975399017334,0.6548763513565063,0.9291695368194892,7.0,1.0,0.3225722908973694,0.17877399921417236,0.046081755842481344,0.6179817892928591
focus_jamendo_2178866__300s,focus_jamendo_2178866,focus,discovery,300.0,rhythm,24,3.16595581340985,8.262553988024592,1.0493919849395752,0.5632501244544983,0.9113628231283637,0.0,0.0,0.0,0.0,0.0,0.0
focus_jamendo_2180121__180s,focus_jamendo_2180121,focus,discovery,180.0,acoustic_novelty_delay,24,2.304035005962403,10.629293993115425,0.9200071692466736,0.5896631479263306,0.9657536936681986,3.0,0.0,0.14457660913467407,0.06592357158660889,0.04819220304489136,0.9563993592665379
focus_jamendo_2180121__180s,focus_jamendo_2180121,focus,discovery,180.0,rhythm,24,2.9412365574133372,11.362685350701213,1.5667861700057983,0.676984965801239,0.9253861561963074,2.0,1.0,0.19669228792190552,0.16658180952072144,0.09834614396095276,0.6175049604145312
focus_jamendo_2180121__300s,focus_jamendo_2180121,focus,discovery,300.0,acoustic_novelty_delay,24,2.0895780874608185,13.117863684892654,3.2464869022369385,0.529391884803772,0.9088306615239597,2.0,0.0,0.056066811084747314,0.02991265058517456,0.028033405542373657,0.9967559660736784
focus_jamendo_2180121__300s,focus_jamendo_2180121,focus,discovery,300.0,rhythm,24,0.953546299994165,14.079229339957237,3.8618428707122803,0.499297097325325,0.844457503578666,5.0,2.0,0.49042052030563354,0.16515713930130005,0.0980841040611267,0.9007748796769259
focus_jamendo_2180126__180s,focus_jamendo_2180126,focus,discovery,180.0,acoustic_novelty_delay,24,2.0633977138196524,13.162158370018005,2.7580130100250244,0.5279885232448578,0.9128165609670762,5.0,0.0,0.2058166265487671,0.08834952116012573,0.04116332530975342,0.8215623780896448
focus_jamendo_2180126__180s,focus_jamendo_2180126,focus,discovery,180.0,rhythm,24,2.1319891996817386,7.404052882455289,1.977140188217163,0.3494916260242462,0.7257496709101616,1.0,1.0,0.1067056655883789,0.1067056655883789,0.1067056655883789,-2.2204460492503128e-16
focus_jamendo_2180126__300s,focus_jamendo_2180126,focus,discovery,300.0,acoustic_novelty_delay,24,2.282628675531935,10.681245520710945,0.9624847769737244,0.6309934854507446,0.9598806937079006,1.0,0.0,0.0030663609504699707,0.0030663609504699707,0.0030663609504699707,-2.2204460492503128e-16
focus_jamendo_2180126__300s,focus_jamendo_2180126,focus,discovery,300.0,rhythm,24,2.535027500222695,5.480456600431353,1.6181936264038086,0.19991687685251236,0.7250062573463709,3.0,0.0,0.04675203561782837,0.03326445817947388,0.015584011872609457,0.6337823753064193
focus_jamendo_2196880__180s,focus_jamendo_2196880,focus,discovery,180.0,acoustic_novelty_delay,24,2.6988232963886674,11.760820798575878,0.9738714098930359,0.7017415165901184,0.9633127145087645,3.0,1.0,0.22999978065490723,0.18711286783218384,0.07666659355163574,0.5250482058317497
focus_jamendo_2196880__180s,focus_jamendo_2196880,focus,discovery,180.0,rhythm,24,2.3310450838452343,13.253896683454514,1.7853018045425415,0.6681406795978546,0.947095010871293,5.0,1.0,0.23119086027145386,0.13898921012878418,0.046238172054290774,0.7214946850545562
focus_jamendo_2196880__300s,focus_jamendo_2196880,focus,discovery,300.0,acoustic_novelty_delay,24,2.6988232963886674,11.760820798575878,0.9738714098930359,0.7017415165901184,0.9633127145087645,3.0,1.0,0.22999978065490723,0.18711286783218384,0.07666659355163574,0.5250482058317497
focus_jamendo_2196880__300s,focus_jamendo_2196880,focus,discovery,300.0,rhythm,24,2.3310450838452343,13.253896683454514,1.7853018045425415,0.6681406795978546,0.947095010871293,5.0,1.0,0.23119086027145386,0.13898921012878418,0.046238172054290774,0.7214946850545562
focus_jamendo_2200501__180s,focus_jamendo_2200501,focus,discovery,180.0,acoustic_novelty_delay,24,2.296777286608501,10.660513758659363,1.0182147026062012,0.5234263241291046,0.9660930214192023,5.0,3.0,0.48518699407577515,0.1287265419960022,0.09703739881515502,0.9561390580494985
focus_jamendo_2200501__180s,focus_jamendo_2200501,focus,discovery,180.0,rhythm,24,1.5613217251971325,10.58525738492608,1.4290891885757446,0.7314232587814331,0.8784950733328979,3.0,0.0,0.05548396706581116,0.032615602016448975,0.018494655688603718,0.8418407602642566
focus_jamendo_2200501__300s,focus_jamendo_2200501,focus,discovery,300.0,acoustic_novelty_delay,24,2.374391672075445,12.04591053724289,1.3883062601089478,0.5876213610172272,0.9404048980623716,2.0,0.0,0.09070003032684326,0.05651277303695679,0.04535001516342163,0.955842450568056
focus_jamendo_2200501__300s,focus_jamendo_2200501,focus,discovery,300.0,rhythm,24,1.928239682025783,11.557528481818736,1.8648523092269897,0.6327213048934937,0.8476549595878582,2.0,0.0,0.06440627574920654,0.04837191104888916,0.03220313787460327,0.8096201148279822
focus_jamendo_2201166__180s,focus_jamendo_2201166,focus,discovery,180.0,acoustic_novelty_delay,24,2.683321158845394,9.522635862231255,0.907109797000885,0.5416696071624756,0.966463794321264,5.0,0.0,0.18754950165748596,0.06832003593444824,0.03750990033149719,0.7894204911243901
focus_jamendo_2201166__180s,focus_jamendo_2201166,focus,discovery,180.0,rhythm,24,0.629381680616812,14.775930490344763,4.410977840423584,0.6004234254360199,0.749711562222058,4.0,0.0,0.06356894969940186,0.04448515176773071,0.015892237424850464,0.6526063517100817
focus_jamendo_2201166__300s,focus_jamendo_2201166,focus,discovery,300.0,acoustic_novelty_delay,24,2.468307306265041,11.458377659320831,1.1098556518554688,0.5301742404699326,0.9747421333788935,5.0,2.0,0.32624343037605286,0.11720049381256104,0.06524868607521057,0.8751384510606336
focus_jamendo_2201166__300s,focus_jamendo_2201166,focus,discovery,300.0,rhythm,24,0.9277185604802798,11.775812385603786,2.36865234375,0.5658877789974213,0.8054386524771546,2.0,0.0,0.019449859857559204,0.019162505865097046,0.009724929928779602,0.11099437105949816
focus_jamendo_2201227__180s,focus_jamendo_2201227,focus,discovery,180.0,acoustic_novelty_delay,24,2.668061304059189,11.229704976081848,1.9853767156600952,0.5024442225694656,0.9484877340072972,4.0,0.0,0.15015393495559692,0.05181121826171875,0.03753848373889923,0.9444982174256666
focus_jamendo_2201227__180s,focus_jamendo_2201227,focus,discovery,180.0,rhythm,24,2.732735489383402,11.350662291049957,0.8068859577178955,0.674015998840332,0.9809006457095554,2.0,0.0,0.08970814943313599,0.06063002347946167,0.04485407471656799,0.9088283580311418
focus_jamendo_2201227__300s,focus_jamendo_2201227,focus,discovery,300.0,acoustic_novelty_delay,24,2.668061304059189,11.229704976081848,1.9853767156600952,0.5024442225694656,0.9484877340072972,4.0,0.0,0.15015393495559692,0.05181121826171875,0.03753848373889923,0.9444982174256666
focus_jamendo_2201227__300s,focus_jamendo_2201227,focus,discovery,300.0,rhythm,24,2.732735489383402,11.350662291049957,0.8068859577178955,0.674015998840332,0.9809006457095554,2.0,0.0,0.08970814943313599,0.06063002347946167,0.04485407471656799,0.9088283580311418
focus_jamendo_2203332__180s,focus_jamendo_2203332,focus,discovery,180.0,acoustic_novelty_delay,24,2.4960904621039615,10.44418366998434,0.8500610589981079,0.488004207611084,0.9788261014830957,5.0,0.0,0.20686745643615723,0.077181875705719,0.041373491287231445,0.881519033759806
focus_jamendo_2203332__180s,focus_jamendo_2203332,focus,discovery,180.0,rhythm,24,1.315725489765443,9.571940179914236,1.7267874479293823,0.3540346324443817,0.8312318641746588,3.0,0.0,0.09580528736114502,0.054178714752197266,0.03193509578704834,0.8367206019238956
focus_jamendo_2203332__300s,focus_jamendo_2203332,focus,discovery,300.0,acoustic_novelty_delay,24,2.420219194648094,13.16482238471508,1.6467472314834595,0.6066958904266357,0.9665523941572194,9.0,2.0,0.47233814001083374,0.13353997468948364,0.052482015556759305,0.8366277953448545
focus_jamendo_2203332__300s,focus_jamendo_2203332,focus,discovery,300.0,rhythm,24,1.0300583929733402,11.397451912984252,2.2066054344177246,0.5894022583961487,0.8160223935237996,5.0,1.0,0.17727941274642944,0.10502958297729492,0.03545588254928589,0.7228255494767513
focus_jamendo_2205840__180s,focus_jamendo_2205840,focus,discovery,180.0,acoustic_novelty_delay,24,2.3838914530137285,11.792333170771599,1.7270821332931519,0.5249412357807159,0.9591538396139033,6.0,1.0,0.3172450363636017,0.1124817430973053,0.052874172727266945,0.8847570903253152
focus_jamendo_2205840__180s,focus_jamendo_2205840,focus,discovery,180.0,rhythm,24,0.9738423423889012,15.957462206482887,7.951900959014893,0.4301103204488754,0.6361335005775389,4.0,0.0,0.060400187969207764,0.026172131299972534,0.015100046992301941,0.8963618069266853
focus_jamendo_2205840__300s,focus_jamendo_2205840,focus,discovery,300.0,acoustic_novelty_delay,24,2.699425460146542,11.460759341716766,0.8855567574501038,0.6186306774616241,0.9812023575187033,6.0,2.0,0.48920708894729614,0.18173187971115112,0.08153451482454936,0.8131057399202724
focus_jamendo_2205840__300s,focus_jamendo_2205840,focus,discovery,300.0,rhythm,24,0.9472960346423671,16.537370149046183,3.657118797302246,0.6186960935592651,0.7598350783618114,3.0,0.0,0.07001593708992004,0.03444644808769226,0.023338645696640015,0.9411179883714149
focus_jamendo_2206772__180s,focus_jamendo_2206772,focus,discovery,180.0,acoustic_novelty_delay,24,2.4947272740186346,10.755455903708935,1.7709672451019287,0.5712883472442627,0.9418000405457293,3.0,1.0,0.25486835837364197,0.1644446849822998,0.08495611945788066,0.7849337636329138
focus_jamendo_2206772__180s,focus_jamendo_2206772,focus,discovery,180.0,rhythm,24,2.8057610537776023,10.079925172030926,1.3039731979370117,0.5810666382312775,0.9367158069436717,1.0,0.0,0.007695436477661133,0.007695436477661133,0.007695436477661133,-2.2204460492503128e-16
focus_jamendo_2206772__300s,focus_jamendo_2206772,focus,discovery,300.0,acoustic_novelty_delay,24,2.4947272740186346,10.755455903708935,1.7709672451019287,0.5712883472442627,0.9418000405457293,3.0,1.0,0.25486835837364197,0.1644446849822998,0.08495611945788066,0.7849337636329138
focus_jamendo_2206772__300s,focus_jamendo_2206772,focus,discovery,300.0,rhythm,24,2.8057610537776023,10.079925172030926,1.3039731979370117,0.5810666382312775,0.9367158069436717,1.0,0.0,0.007695436477661133,0.007695436477661133,0.007695436477661133,-2.2204460492503128e-16
focus_jamendo_2209988__180s,focus_jamendo_2209988,focus,discovery,180.0,acoustic_novelty_delay,24,2.416238893483855,11.28107488155365,1.3001660108566284,0.54429891705513,0.9392931798009676,6.0,2.0,0.37282711267471313,0.16879796981811523,0.06213785211245219,0.7647419216798779
focus_jamendo_2209988__180s,focus_jamendo_2209988,focus,discovery,180.0,rhythm,24,0.7004025703887624,19.542251847684383,9.900805473327637,0.5660034418106079,0.620357340195757,3.0,0.0,0.07106772065162659,0.06126219034194946,0.023689240217208862,0.44135942830518426
focus_jamendo_2209988__300s,focus_jamendo_2209988,focus,discovery,300.0,acoustic_novelty_delay,24,2.292476144920661,12.450710371136665,1.2996289730072021,0.5962953865528107,0.9590435539856114,6.0,0.0,0.1798762083053589,0.05712687969207764,0.029979368050893147,0.866415615044676
focus_jamendo_2209988__300s,focus_jamendo_2209988,focus,discovery,300.0,rhythm,24,2.15361376441008,11.272614158689976,1.1408510208129883,0.6319207549095154,0.9507245052402278,5.0,2.0,0.33663955330848694,0.1408909559249878,0.06732791066169738,0.8009092848736223
focus_jamendo_2215208__180s,focus_jamendo_2215208,focus,discovery,180.0,acoustic_novelty_delay,24,2.3909414119097847,12.264692351222038,1.0945816040039062,0.5710974931716919,0.9721517128025315,9.0,1.0,0.53199702501297,0.15584403276443481,0.059110780556996666,0.9004187247132831
focus_jamendo_2215208__180s,focus_jamendo_2215208,focus,discovery,180.0,rhythm,24,2.2411168776147328,12.664742320775986,2.360177993774414,0.6915011405944824,0.857150950039904,3.0,1.0,0.18410706520080566,0.11125677824020386,0.06136902173360189,0.8314512832861399
focus_jamendo_2215208__300s,focus_jamendo_2215208,focus,discovery,300.0,acoustic_novelty_delay,24,2.7651759203094404,11.159445494413376,1.0307872295379639,0.5394091904163361,0.9826688623530834,8.0,2.0,0.5895470976829529,0.15966683626174927,0.07369338721036911,0.8893900982141237
focus_jamendo_2215208__300s,focus_jamendo_2215208,focus,discovery,300.0,rhythm,24,3.3715344294756298,8.95577509701252,0.8562928438186646,0.5319914519786835,0.9621997236542948,6.0,1.0,0.2273940145969391,0.12750202417373657,0.03789900243282318,0.6447155427896439
focus_jamendo_2215209__180s,focus_jamendo_2215209,focus,discovery,180.0,acoustic_novelty_delay,24,1.844737332566428,12.440967533737421,1.9792876243591309,0.6331234276294708,0.9326011758135412,4.0,0.0,0.13601833581924438,0.08405625820159912,0.034004583954811096,0.6735586685122135
focus_jamendo_2215209__180s,focus_jamendo_2215209,focus,discovery,180.0,rhythm,24,0.7095048327138178,22.601395823061466,6.129772186279297,0.6779380738735199,0.723804705625554,2.0,0.0,0.11545825004577637,0.07548373937606812,0.057729125022888184,0.9306512249749356
focus_jamendo_2215209__300s,focus_jamendo_2215209,focus,discovery,300.0,acoustic_novelty_delay,24,1.79550330567253,12.393187269568443,2.7588846683502197,0.5726720690727234,0.9158107152062658,4.0,2.0,0.3320411145687103,0.14311164617538452,0.08301027864217758,0.8520887820131617
focus_jamendo_2215209__300s,focus_jamendo_2215209,focus,discovery,300.0,rhythm,24,1.5889949154695449,13.667553813196719,3.4251232147216797,0.3829178810119629,0.727246271286839,3.0,0.0,0.018645375967025757,0.017084360122680664,0.006215125322341919,0.30857226116451925
focus_jamendo_2234790__180s,focus_jamendo_2234790,focus,discovery,180.0,acoustic_novelty_delay,24,2.8004793974998066,10.461686953902245,0.6208304762840271,0.5314846634864807,0.9903506635223577,7.0,2.0,0.4222686290740967,0.11001962423324585,0.060324089867728095,0.8638488208176919
focus_jamendo_2234790__180s,focus_jamendo_2234790,focus,discovery,180.0,rhythm,24,2.210703628277722,8.493573615327477,0.9925523400306702,0.5153120160102844,0.915263326535535,2.0,0.0,0.04187712073326111,0.023027896881103516,0.020938560366630554,0.9928056645862882
focus_jamendo_2234790__300s,focus_jamendo_2234790,focus,discovery,300.0,acoustic_novelty_delay,24,2.697733672472746,11.06101168692112,0.8704152703285217,0.6435369849205017,0.96793987089125,2.0,1.0,0.20633602142333984,0.15072524547576904,0.10316801071166992,0.8407686889683703
focus_jamendo_2234790__300s,focus_jamendo_2234790,focus,discovery,300.0,rhythm,24,2.6633112949896756,8.62172450684011,1.35830557346344,0.583098292350769,0.8583789929268641,4.0,0.0,0.12565991282463074,0.04636263847351074,0.031414978206157684,0.9650263493344265
focus_jamendo_2234792__180s,focus_jamendo_2234792,focus,discovery,180.0,acoustic_novelty_delay,24,2.6646356075362325,11.295261651277542,1.0056926012039185,0.5820256769657135,0.9781167340568185,6.0,2.0,0.3021280765533447,0.1099352240562439,0.05035467942555746,0.7673472216801308
focus_jamendo_2234792__180s,focus_jamendo_2234792,focus,discovery,180.0,rhythm,24,0.7811206947711583,12.961172997951508,7.183746814727783,0.462540864944458,0.6206184535417371,3.0,0.0,0.06918266415596008,0.045891910791397095,0.023060888051986694,0.7115670787021584
focus_jamendo_2234792__300s,focus_jamendo_2234792,focus,discovery,300.0,acoustic_novelty_delay,24,2.488525019213715,11.254369348287582,0.7552207708358765,0.6468888819217682,0.983568816657238,9.0,1.0,0.5117747187614441,0.16974616050720215,0.056863857640160456,0.8563064334864214
focus_jamendo_2234792__300s,focus_jamendo_2234792,focus,discovery,300.0,rhythm,24,2.5521813638022706,8.960885575041175,0.8943063616752625,0.7128152251243591,0.9175673130234596,4.0,1.0,0.2826291024684906,0.15359485149383545,0.07065727561712265,0.8427807680429492
focus_jamendo_2235775__180s,focus_jamendo_2235775,focus,discovery,180.0,acoustic_novelty_delay,24,2.646607957280244,11.290120109915733,1.6118276119232178,0.5770340859889984,0.9431682974215556,2.0,1.0,0.20112907886505127,0.10141515731811523,0.10056453943252563,0.999948390576895
focus_jamendo_2235775__180s,focus_jamendo_2235775,focus,discovery,180.0,rhythm,24,1.4697176282974929,9.050778956152499,2.5997812747955322,0.4201856404542923,0.7584394089189429,3.0,1.0,0.31906723976135254,0.1683802604675293,0.10635574658711751,0.9064812592131843
focus_jamendo_2235775__300s,focus_jamendo_2235775,focus,discovery,300.0,acoustic_novelty_delay,24,1.7280656344382248,18.930311173200607,7.259486198425293,0.5424155294895172,0.7738709780434355,3.0,0.0,0.2231801450252533,0.09573054313659668,0.07439338167508443,0.9819359122541583
focus_jamendo_2235775__300s,focus_jamendo_2235775,focus,discovery,300.0,rhythm,24,2.205898911931846,9.552265542559326,1.6393324136734009,0.4808524250984192,0.9294008928460189,4.0,1.0,0.3641559034585953,0.1453372836112976,0.09103897586464882,0.9528816951335461
focus_jamendo_2255191__180s,focus_jamendo_2255191,focus,discovery,180.0,acoustic_novelty_delay,24,2.399056939429617,10.940323889255524,1.2109615802764893,0.5330073237419128,0.967465079174132,6.0,0.0,0.19939184188842773,0.07071435451507568,0.03323197364807129,0.7892659387365226
focus_jamendo_2255191__180s,focus_jamendo_2255191,focus,discovery,180.0,rhythm,24,1.873862961291762,12.19103010930121,2.836982011795044,0.7713261842727661,0.8213316029395377,4.0,2.0,0.4743767976760864,0.20422542095184326,0.1185941994190216,0.846294647642951
focus_jamendo_2255191__300s,focus_jamendo_2255191,focus,discovery,300.0,acoustic_novelty_delay,24,2.521605370494357,11.356429651379585,1.0602829456329346,0.6471272110939026,0.9704324163548805,2.0,1.0,0.3493530750274658,0.3022547960281372,0.1746765375137329,0.5704988712155665
focus_jamendo_2255191__300s,focus_jamendo_2255191,focus,discovery,300.0,rhythm,24,2.2201434514314973,9.654474097304046,1.7415956258773804,0.7615060806274414,0.8427072901954495,2.0,0.0,0.04901383817195892,0.024777650833129883,0.02450691908597946,0.9999119652134998
focus_jamendo_2257645__180s,focus_jamendo_2257645,focus,discovery,180.0,acoustic_novelty_delay,24,2.664331727302475,11.369021192193031,0.9318253397941589,0.5553114712238312,0.9792082828716349,6.0,2.0,0.4198002219200134,0.13720417022705078,0.06996670365333557,0.870889557697842
focus_jamendo_2257645__180s,focus_jamendo_2257645,focus,discovery,180.0,rhythm,24,1.3055268697840503,11.957492712885141,1.9618421792984009,0.7889856398105621,0.8389683529629479,4.0,0.0,0.1499987542629242,0.05439305305480957,0.03749968856573105,0.9056988680479267
focus_jamendo_2257645__300s,focus_jamendo_2257645,focus,discovery,300.0,acoustic_novelty_delay,24,2.481114053700157,11.649356976151466,1.251448154449463,0.579562783241272,0.9739681508079232,4.0,1.0,0.24683022499084473,0.10433030128479004,0.06170755624771118,0.90719087585125
focus_jamendo_2257645__300s,focus_jamendo_2257645,focus,discovery,300.0,rhythm,24,0.7179112859517309,13.346061831340194,2.5640933513641357,0.5475234985351562,0.7789445024390219,4.0,0.0,0.2054188847541809,0.09567016363143921,0.05135472118854523,0.879579372180575
focus_jamendo_2259996__180s,focus_jamendo_2259996,focus,discovery,180.0,acoustic_novelty_delay,24,2.0299635124480915,11.432944655418396,1.6886084079742432,0.530114620923996,0.9551067093136272,2.0,0.0,0.11353933811187744,0.08275860548019409,0.05676966905593872,0.8430413829436891
focus_jamendo_2259996__180s,focus_jamendo_2259996,focus,discovery,180.0,rhythm,24,2.2020132406025326,11.581716548651457,1.468669056892395,0.693326324224472,0.9081438045717514,3.0,0.0,0.054852038621902466,0.04049143195152283,0.018284012873967487,0.6454058409254538
focus_jamendo_2259996__300s,focus_jamendo_2259996,focus,discovery,300.0,acoustic_novelty_delay,24,2.380822989997622,11.690172791481018,1.0698977708816528,0.5469841659069061,0.9794257427556022,4.0,1.0,0.3098454177379608,0.18570631742477417,0.0774613544344902,0.802334210004597
focus_jamendo_2259996__300s,focus_jamendo_2259996,focus,discovery,300.0,rhythm,24,2.5396047216668283,9.052651658654213,0.742624819278717,0.5640297532081604,0.9608588518702514,3.0,0.0,0.07211989164352417,0.036382198333740234,0.024039963881174724,0.7142835270481
focus_jamendo_2260000__180s,focus_jamendo_2260000,focus,discovery,180.0,acoustic_novelty_delay,24,2.8347334348477093,10.711386308073997,0.8981190919876099,0.5888788104057312,0.9774494703470599,7.0,0.0,0.24267324805259705,0.09590625762939453,0.03466760686465672,0.8033431921020633
focus_jamendo_2260000__180s,focus_jamendo_2260000,focus,discovery,180.0,rhythm,24,1.960948214756102,9.126532793045044,1.4446187019348145,0.5129197984933853,0.9173385157789122,1.0,0.0,0.007075011730194092,0.007075011730194092,0.007075011730194092,-2.2204460492503128e-16
focus_jamendo_2260000__300s,focus_jamendo_2260000,focus,discovery,300.0,acoustic_novelty_delay,24,2.302553488099315,11.902409978210926,2.443718910217285,0.570724368095398,0.9182574214667528,5.0,1.0,0.1685713231563568,0.13336950540542603,0.03371426463127136,0.4975422904692301
focus_jamendo_2260000__300s,focus_jamendo_2260000,focus,discovery,300.0,rhythm,24,2.768283851592723,10.392416704446077,1.2382769584655762,0.637175440788269,0.9211671478100161,0.0,0.0,0.0,0.0,0.0,0.0
focus_jamendo_2266423__180s,focus_jamendo_2266423,focus,discovery,180.0,acoustic_novelty_delay,24,2.822595730485431,12.036281034350395,0.9781108498573303,0.6362413465976715,0.9756995650290146,8.0,1.0,0.43780314922332764,0.1964133381843567,0.054725393652915955,0.8015498157666163
focus_jamendo_2266423__180s,focus_jamendo_2266423,focus,discovery,180.0,rhythm,24,2.5520492429283124,9.786555923521519,1.0156331062316895,0.6868741810321808,0.9171034146267258,3.0,1.0,0.18140745162963867,0.1512444019317627,0.06046915054321289,0.49913047266828003
focus_jamendo_2266423__300s,focus_jamendo_2266423,focus,discovery,300.0,acoustic_novelty_delay,24,2.4227498775522065,10.738108694553375,1.1223360300064087,0.5134575366973877,0.9641555450581428,3.0,0.0,0.1527026891708374,0.08104139566421509,0.050900896390279136,0.9089730142270906
focus_jamendo_2266423__300s,focus_jamendo_2266423,focus,discovery,300.0,rhythm,24,2.6559440865827075,10.834202714264393,1.169175148010254,0.6273419260978699,0.9562324677540981,4.0,1.0,0.22693204879760742,0.1334574818611145,0.056733012199401855,0.7504539770664381
focus_jamendo_2269943__180s,focus_jamendo_2269943,focus,discovery,180.0,acoustic_novelty_delay,24,2.512100809138471,12.11175125837326,1.3676830530166626,0.5865888595581055,0.9718139295701816,6.0,0.0,0.24272695183753967,0.09430664777755737,0.04045449197292328,0.8540819159823885
focus_jamendo_2269943__180s,focus_jamendo_2269943,focus,discovery,180.0,rhythm,24,1.801384177079369,5.541389545425773,1.8980181217193604,0.21094869822263718,0.7283009454966357,4.0,0.0,0.01874333620071411,0.009433463215827942,0.004685834050178528,0.7258419055733513
focus_jamendo_2269943__300s,focus_jamendo_2269943,focus,discovery,300.0,acoustic_novelty_delay,24,2.5383196836220665,11.64786283671856,1.5831530094146729,0.5572485029697418,0.9573833251900272,3.0,2.0,0.22932898998260498,0.11383211612701416,0.07644299666086833,0.6899363936276925
focus_jamendo_2269943__300s,focus_jamendo_2269943,focus,discovery,300.0,rhythm,24,0.6713587500998082,11.755152698606253,2.698173999786377,0.47713322937488556,0.7375938666442312,5.0,0.0,0.18958091735839844,0.09279799461364746,0.03791618347167969,0.7122683607179817
focus_jamendo_2276079__180s,focus_jamendo_2276079,focus,discovery,180.0,acoustic_novelty_delay,24,2.774248195602424,10.011636838316917,0.7231854796409607,0.5141297578811646,0.9838715365703905,2.0,0.0,0.03257471323013306,0.029848098754882812,0.01628735661506653,0.4150958028684315
focus_jamendo_2276079__180s,focus_jamendo_2276079,focus,discovery,180.0,rhythm,24,0.8416444931076643,12.82335039973259,4.08742094039917,0.5030703991651535,0.7045120100919521,4.0,0.0,0.11112809181213379,0.05849623680114746,0.027782022953033447,0.7943906793975274
focus_jamendo_2276079__300s,focus_jamendo_2276079,focus,discovery,300.0,acoustic_novelty_delay,24,2.7963255806989604,10.989777401089668,1.1060843467712402,0.5974534749984741,0.9532919329575325,2.0,0.0,0.1453479826450348,0.09618774056434631,0.0726739913225174,0.9231094868441472
focus_jamendo_2276079__300s,focus_jamendo_2276079,focus,discovery,300.0,rhythm,24,0.46176592964569074,17.06024131923914,3.8919053077697754,0.6156708598136902,0.7044833141544393,4.0,0.0,0.03087085485458374,0.018664956092834473,0.007717713713645935,0.7534146510713952
focus_jamendo_2276080__180s,focus_jamendo_2276080,focus,discovery,180.0,acoustic_novelty_delay,24,2.5841057803796468,10.887892663478851,1.1178034543991089,0.5541384816169739,0.9701591526045357,4.0,2.0,0.3623329997062683,0.1571480631828308,0.09058324992656708,0.8468798723971032
focus_jamendo_2276080__180s,focus_jamendo_2276080,focus,discovery,180.0,rhythm,24,1.7971879575483949,6.376716792583466,1.6451252698898315,0.2461494356393814,0.7977054012437989,3.0,0.0,0.03013545274734497,0.020437419414520264,0.010045150915781656,0.5847221388183932
focus_jamendo_2276080__300s,focus_jamendo_2276080,focus,discovery,300.0,acoustic_novelty_delay,24,2.6845151148880735,10.456190973520279,0.8731008172035217,0.5013942420482635,0.9825876400567233,6.0,2.0,0.4110029935836792,0.11470174789428711,0.0685004989306132,0.8994593025239304
focus_jamendo_2276080__300s,focus_jamendo_2276080,focus,discovery,300.0,rhythm,24,1.8133289169814826,7.895468960516155,1.8284399509429932,0.3629544675350189,0.7891429656620137,1.0,0.0,0.010975360870361328,0.010975360870361328,0.010975360870361328,-2.2204460492503128e-16
focus_jamendo_2279515__180s,focus_jamendo_2279515,focus,discovery,180.0,acoustic_novelty_delay,24,2.7366439784428707,11.473592966794968,0.8814072012901306,0.5807236135005951,0.9816631942787155,9.0,2.0,0.7735052406787872,0.17813730239868164,0.08594502674208747,0.9404518205624395
focus_jamendo_2279515__180s,focus_jamendo_2279515,focus,discovery,180.0,rhythm,24,1.6844946585714422,13.918743431568146,2.3853487968444824,0.7296540439128876,0.8748639828222626,5.0,1.0,0.18394342064857483,0.11188206076622009,0.03678868412971496,0.6531004289441789
focus_jamendo_2279515__300s,focus_jamendo_2279515,focus,discovery,300.0,acoustic_novelty_delay,24,2.4003251408272144,14.592251345515251,3.2618961334228516,0.5780855417251587,0.9191439629047097,9.0,2.0,0.4585128426551819,0.15252268314361572,0.05094587140613132,0.7782829397152031
focus_jamendo_2279515__300s,focus_jamendo_2279515,focus,discovery,300.0,rhythm,24,1.6593430837999807,14.47977501153946,2.3158533573150635,0.5807264447212219,0.922281068243621,5.0,0.0,0.15036708116531372,0.05448275804519653,0.030073416233062745,0.8860022301348379
focus_jamendo_2280562__180s,focus_jamendo_2280562,focus,discovery,180.0,acoustic_novelty_delay,24,2.2390154564478832,11.610880091786385,1.3336701393127441,0.67697873711586,0.9428592947075267,5.0,1.0,0.2586991786956787,0.16120648384094238,0.051739835739135744,0.7286357004435354
focus_jamendo_2280562__180s,focus_jamendo_2280562,focus,discovery,180.0,rhythm,24,1.811712373244517,11.472334483638406,2.202014684677124,0.7209113836288452,0.843657102566993,4.0,0.0,0.03532224893569946,0.031063422560691833,0.008830562233924866,0.33981659423395105
focus_jamendo_2280562__300s,focus_jamendo_2280562,focus,discovery,300.0,acoustic_novelty_delay,24,2.759724575730494,11.20195084810257,2.4660868644714355,0.5828822553157806,0.9061001453510074,2.0,1.0,0.26283589005470276,0.20870286226272583,0.13141794502735138,0.7336842923253161
focus_jamendo_2280562__300s,focus_jamendo_2280562,focus,discovery,300.0,rhythm,24,1.9006281358409152,13.663565021008253,2.0206291675567627,1.0126698911190033,0.8374180702135948,3.0,0.0,0.019308537244796753,0.008462607860565186,0.006436179081598918,0.9195331768672728
classical_musicnet_2112__180s,classical_musicnet_2112,classical,holdout,180.0,acoustic_novelty_delay,24,2.630719836740318,11.543001040816307,1.6828844547271729,0.5277208983898163,0.9610058671386447,6.0,1.0,0.30062395334243774,0.1206849217414856,0.050103992223739624,0.7725784310010743
classical_musicnet_2112__180s,classical_musicnet_2112,classical,holdout,180.0,rhythm,24,3.3856152459579145,9.740317396819592,0.9757233262062073,0.546924352645874,0.9603932918887089,2.0,0.0,0.043668389320373535,0.0418703556060791,0.021834194660186768,0.24765255426326394
classical_musicnet_2112__300s,classical_musicnet_2112,classical,holdout,300.0,acoustic_novelty_delay,24,2.804033277293911,10.068670779466629,0.882611870765686,0.538733720779419,0.9694959813412951,4.0,2.0,0.3405333459377289,0.14260870218276978,0.08513333648443222,0.8831359201149945
classical_musicnet_2112__300s,classical_musicnet_2112,classical,holdout,300.0,rhythm,24,3.22704159818287,10.518801771104336,1.4314992427825928,0.5304836630821228,0.9392843431278113,4.0,0.0,0.1563919484615326,0.07317161560058594,0.03909798711538315,0.7338085909322514
classical_musicnet_2113__180s,classical_musicnet_2113,classical,holdout,180.0,acoustic_novelty_delay,24,2.019169707769467,12.160032153129578,1.4631974697113037,0.6180070638656616,0.9422020694289603,3.0,1.0,0.1478300392627716,0.11449986696243286,0.0492766797542572,0.62211088305506
classical_musicnet_2113__180s,classical_musicnet_2113,classical,holdout,180.0,rhythm,24,2.673283680225695,11.19217100739479,0.7588327527046204,0.6095897257328033,0.9822164701395342,5.0,0.0,0.1291859745979309,0.06216925382614136,0.025837194919586182,0.6574438780635548
classical_musicnet_2113__300s,classical_musicnet_2113,classical,holdout,300.0,acoustic_novelty_delay,24,2.1484692466479283,10.394479304552078,0.865892767906189,0.5618716180324554,0.9715460874873026,4.0,1.0,0.2346748411655426,0.10798951983451843,0.05866871029138565,0.7700875365391032
classical_musicnet_2113__300s,classical_musicnet_2113,classical,holdout,300.0,rhythm,24,2.659562029471915,13.408847838640213,1.3638904094696045,0.726089209318161,0.9656110930957486,3.0,0.0,0.061381399631500244,0.03994530439376831,0.020460466543833416,0.7998622465833424
classical_musicnet_2114__180s,classical_musicnet_2114,classical,holdout,180.0,acoustic_novelty_delay,24,2.7079018040762715,10.753306150436401,1.0920518636703491,0.5174911618232727,0.9573546166705572,3.0,1.0,0.2386968731880188,0.10852372646331787,0.07956562439600627,0.9610350123778262
classical_musicnet_2114__180s,classical_musicnet_2114,classical,holdout,180.0,rhythm,24,3.440255764817232,11.077991835772991,0.835122287273407,0.5919676423072815,0.9720725803226624,3.0,1.0,0.17690801620483398,0.12697851657867432,0.058969338734944664,0.6753283984832806
classical_musicnet_2114__300s,classical_musicnet_2114,classical,holdout,300.0,acoustic_novelty_delay,24,2.550135165455665,10.483429431915283,0.6623998284339905,0.5195752382278442,0.9925638176462314,6.0,2.0,0.4288274049758911,0.14214855432510376,0.07147123416264851,0.8926225090109469
classical_musicnet_2114__300s,classical_musicnet_2114,classical,holdout,300.0,rhythm,24,3.0302236752209124,12.304211020469666,0.9929913282394409,0.6038636267185211,0.9803399983721514,4.0,0.0,0.13044774532318115,0.0694229006767273,0.03261193633079529,0.85715146130022
classical_musicnet_2116__180s,classical_musicnet_2116,classical,holdout,180.0,acoustic_novelty_delay,24,1.7902372454204105,12.289195775985718,2.6434032917022705,0.5504715442657471,0.9210005360209743,6.0,0.0,0.08795684576034546,0.03078979253768921,0.01465947429339091,0.8445737398687027
classical_musicnet_2116__180s,classical_musicnet_2116,classical,holdout,180.0,rhythm,24,2.6925213758998057,10.3160699903965,1.320534586906433,0.5309858024120331,0.9463291464349785,3.0,0.0,0.0969039797782898,0.04242861270904541,0.03230132659276327,0.9233420741902092
classical_musicnet_2116__300s,classical_musicnet_2116,classical,holdout,300.0,acoustic_novelty_delay,24,2.540304649088562,10.829041972756386,0.8351654410362244,0.6333440840244293,0.969571066142465,4.0,1.0,0.2333807349205017,0.1288154125213623,0.05834518373012543,0.7470624397953515
classical_musicnet_2116__300s,classical_musicnet_2116,classical,holdout,300.0,rhythm,24,2.892815852466847,10.707010835409164,0.7136018872261047,0.5730077624320984,0.9790324255647288,6.0,1.0,0.26008111238479614,0.10532593727111816,0.04334685206413269,0.8634732604457587
classical_musicnet_2117__180s,classical_musicnet_2117,classical,holdout,180.0,acoustic_novelty_delay,24,2.5594763027498777,11.38740959763527,0.8477815985679626,0.6919675469398499,0.9720150461483406,7.0,1.0,0.3069104850292206,0.14777451753616333,0.04384435500417437,0.7949210210050438
classical_musicnet_2117__180s,classical_musicnet_2117,classical,holdout,180.0,rhythm,24,2.8801798620190304,10.410493865609169,1.0844167470932007,0.5781780183315277,0.9716181108813469,3.0,1.0,0.2643265426158905,0.20047283172607422,0.08810884753863017,0.6517064533524297
classical_musicnet_2117__300s,classical_musicnet_2117,classical,holdout,300.0,acoustic_novelty_delay,24,2.63786148311383,11.436440661549568,1.5487980842590332,0.6272986531257629,0.9551959889666154,3.0,0.0,0.11643624305725098,0.08204483985900879,0.03881208101908366,0.7349195635189598
classical_musicnet_2117__300s,classical_musicnet_2117,classical,holdout,300.0,rhythm,24,2.4531299523234464,12.165989980101585,1.535291075706482,0.586332380771637,0.9492184579013263,4.0,0.0,0.12392419576644897,0.06388354301452637,0.030981048941612244,0.7572202914592063
classical_musicnet_2118__180s,classical_musicnet_2118,classical,holdout,180.0,acoustic_novelty_delay,24,2.173547496079508,11.149305433034897,0.8792506456375122,0.545695036649704,0.9749703078791762,2.0,0.0,0.18546649813652039,0.09706944227218628,0.09273324906826019,0.9984222099525397
classical_musicnet_2118__180s,classical_musicnet_2118,classical,holdout,180.0,rhythm,24,2.5822509254530024,12.763514146208763,1.5164945125579834,0.6783653497695923,0.9526195759965921,8.0,1.0,0.5383590459823608,0.20677626132965088,0.0672948807477951,0.7738677720108783
classical_musicnet_2118__300s,classical_musicnet_2118,classical,holdout,300.0,acoustic_novelty_delay,24,2.483897622235231,11.4798863530159,0.9326887726783752,0.6006084680557251,0.9842416845847382,5.0,2.0,0.3954198360443115,0.1749545931816101,0.07908396720886231,0.8122170662054464
classical_musicnet_2118__300s,classical_musicnet_2118,classical,holdout,300.0,rhythm,24,2.8855928311893053,11.962521642446518,0.9398297071456909,0.5974611043930054,0.9861305518649971,10.0,1.0,0.5990316569805145,0.12254542112350464,0.05990316569805145,0.9203193642421883
classical_musicnet_2119__180s,classical_musicnet_2119,classical,holdout,180.0,acoustic_novelty_delay,24,2.4842748322330523,12.160386472940445,1.3218462467193604,0.5905996561050415,0.969339454545097,5.0,1.0,0.3014126420021057,0.12453806400299072,0.06028252840042114,0.8029142324865084
classical_musicnet_2119__180s,classical_musicnet_2119,classical,holdout,180.0,rhythm,24,3.046276000954168,10.063507303595543,0.6596828103065491,0.5783649384975433,0.9854546414445057,6.0,2.0,0.3559364676475525,0.13199400901794434,0.059322744607925415,0.7800418454697446
classical_musicnet_2119__300s,classical_musicnet_2119,classical,holdout,300.0,acoustic_novelty_delay,24,2.2849631608685073,13.666121125221252,1.9301111698150635,0.6208202838897705,0.9485159165088174,5.0,1.0,0.25778472423553467,0.10581040382385254,0.051556944847106934,0.8088771586030838
classical_musicnet_2119__300s,classical_musicnet_2119,classical,holdout,300.0,rhythm,24,2.7701281172023027,11.105436980724335,1.0032625198364258,0.6037949919700623,0.9664064829820961,4.0,1.0,0.26423150300979614,0.11300665140151978,0.06605787575244904,0.7976524460078427
classical_musicnet_2127__180s,classical_musicnet_2127,classical,holdout,180.0,acoustic_novelty_delay,24,2.275827343565715,10.785770907998085,1.2486741542816162,0.5398718416690826,0.9570596967259819,3.0,1.0,0.34233519434928894,0.2938299775123596,0.11411173144976298,0.4466604652262155
classical_musicnet_2127__180s,classical_musicnet_2127,classical,holdout,180.0,rhythm,24,2.8484015029261225,13.03802327811718,1.6957354545593262,0.7093757688999176,0.9578648373349424,5.0,1.0,0.22193694114685059,0.123058021068573,0.04438738822937012,0.7430526906855601
classical_musicnet_2127__300s,classical_musicnet_2127,classical,holdout,300.0,acoustic_novelty_delay,24,1.8239465757519997,12.120060369372368,1.3339086771011353,0.5970812439918518,0.9521894918798949,6.0,1.0,0.3393429219722748,0.10638773441314697,0.0565571536620458,0.9034029315791642
classical_musicnet_2127__300s,classical_musicnet_2127,classical,holdout,300.0,rhythm,24,2.453663878406175,11.851370021700859,1.4324926137924194,0.61514613032341,0.9642159305518169,8.0,1.0,0.2567138075828552,0.1030626893043518,0.0320892259478569,0.8315509726353234
classical_musicnet_2131__180s,classical_musicnet_2131,classical,holdout,180.0,acoustic_novelty_delay,24,2.5155188145787237,12.806464359164238,1.8239893913269043,0.6300925314426422,0.9471993608301489,4.0,1.0,0.2509675621986389,0.19161099195480347,0.06274189054965973,0.5703103228912708
classical_musicnet_2131__180s,classical_musicnet_2131,classical,holdout,180.0,rhythm,24,2.7176967647112615,12.009258151054382,0.7869014143943787,0.6264418363571167,0.9833699706591069,4.0,1.0,0.22394508123397827,0.12814438343048096,0.05598627030849457,0.7723283011331817
classical_musicnet_2131__300s,classical_musicnet_2131,classical,holdout,300.0,acoustic_novelty_delay,24,2.2457794463585916,13.929424464702606,2.9246716499328613,0.5807698369026184,0.8848710434685064,4.0,1.0,0.2620178759098053,0.1482294499874115,0.06550446897745132,0.7326224864390078
classical_musicnet_2131__300s,classical_musicnet_2131,classical,holdout,300.0,rhythm,24,2.5356674941642305,10.550700545310974,1.4484273195266724,0.5547394752502441,0.9414104482107878,3.0,1.0,0.1483057141304016,0.10362732410430908,0.0494352380434672,0.7344186813248638
classical_musicnet_2138__180s,classical_musicnet_2138,classical,holdout,180.0,acoustic_novelty_delay,24,2.4478039638843843,11.548196256160736,1.1184557676315308,0.5613640248775482,0.964328171883649,6.0,2.0,0.49471360445022583,0.16277074813842773,0.08245226740837097,0.9401392846979407
classical_musicnet_2138__180s,classical_musicnet_2138,classical,holdout,180.0,rhythm,24,2.744408490870552,11.661275163292885,1.1893664598464966,0.5749865174293518,0.9752995052024216,7.0,2.0,0.49721211194992065,0.16007673740386963,0.07103030170713152,0.8177271114471965
classical_musicnet_2138__300s,classical_musicnet_2138,classical,holdout,300.0,acoustic_novelty_delay,24,2.676118518702097,11.989126667380333,1.1233922243118286,0.5326049029827118,0.9656721959009061,4.0,1.0,0.3290072977542877,0.1638929843902588,0.08225182443857193,0.8704443954871276
classical_musicnet_2138__300s,classical_musicnet_2138,classical,holdout,300.0,rhythm,24,2.897283226921,12.06146277487278,1.2833727598190308,0.6635469794273376,0.9716417372621209,5.0,1.0,0.26992321014404297,0.10473215579986572,0.053984642028808594,0.8575309955024485
classical_musicnet_2140__180s,classical_musicnet_2140,classical,holdout,180.0,acoustic_novelty_delay,24,2.466836778246667,10.991826504468918,0.8129085302352905,0.6380950808525085,0.9733234767272848,3.0,2.0,0.45874524116516113,0.21636945009231567,0.15291508038838705,0.8819740726715724
classical_musicnet_2140__180s,classical_musicnet_2140,classical,holdout,180.0,rhythm,24,2.7461012726511798,11.537923023104668,0.9958966970443726,0.6576796472072601,0.9696284166713657,4.0,0.0,0.0496002733707428,0.03229665756225586,0.0124000683426857,0.5504481025638635
classical_musicnet_2140__300s,classical_musicnet_2140,classical,holdout,300.0,acoustic_novelty_delay,24,2.411771882677266,11.721100449562073,1.837735652923584,0.5556101202964783,0.9474517819102397,4.0,1.0,0.23309773206710815,0.11177372932434082,0.05827443301677704,0.7436749100915611
classical_musicnet_2140__300s,classical_musicnet_2140,classical,holdout,300.0,rhythm,24,2.4803712932424196,13.916277751326561,2.042917490005493,0.6841149032115936,0.9540345855168696,6.0,1.0,0.3706369400024414,0.1918441653251648,0.061772823333740234,0.7647827126624793
classical_musicnet_2147__180s,classical_musicnet_2147,classical,holdout,180.0,acoustic_novelty_delay,24,2.458999869647979,11.072898387908936,1.4471386671066284,0.5794545412063599,0.9397426493690784,1.0,0.0,0.012568354606628418,0.012568354606628418,0.012568354606628418,-2.2204460492503128e-16
classical_musicnet_2147__180s,classical_musicnet_2147,classical,holdout,180.0,rhythm,24,2.8676140204565375,10.685214694589376,0.9057069420814514,0.6263173818588257,0.9581425920205425,2.0,0.0,0.07239913940429688,0.04584813117980957,0.03619956970214844,0.948128951120074
classical_musicnet_2147__300s,classical_musicnet_2147,classical,holdout,300.0,acoustic_novelty_delay,24,2.4166871422252996,10.15810675919056,0.8120411038398743,0.5618385374546051,0.9763271033630049,5.0,1.0,0.36507943272590637,0.15518242120742798,0.07301588654518128,0.8129651290320428
classical_musicnet_2147__300s,classical_musicnet_2147,classical,holdout,300.0,rhythm,24,2.5598057688036135,12.262192130088806,0.7627502083778381,0.6436968147754669,0.985575567526787,7.0,2.0,0.5549169778823853,0.14959275722503662,0.07927385398319789,0.9076992151705744
classical_musicnet_2148__180s,classical_musicnet_2148,classical,holdout,180.0,acoustic_novelty_delay,24,2.324933580983906,11.534981846809387,1.0769269466400146,0.5884339511394501,0.9760668823122287,5.0,0.0,0.1607075035572052,0.060758113861083984,0.03214150071144104,0.8627218422474406
classical_musicnet_2148__180s,classical_musicnet_2148,classical,holdout,180.0,rhythm,24,3.5439557966520647,10.142809353768826,1.0530043840408325,0.5562524795532227,0.967137808197007,6.0,0.0,0.21248814463615417,0.09550249576568604,0.03541469077269236,0.8472233590831963
classical_musicnet_2148__300s,classical_musicnet_2148,classical,holdout,300.0,acoustic_novelty_delay,24,2.3688476028424805,10.367389686405659,0.8835315108299255,0.5133343636989594,0.9729150078587162,3.0,0.0,0.14917415380477905,0.07611370086669922,0.04972471793492635,0.9028199926126842
classical_musicnet_2148__300s,classical_musicnet_2148,classical,holdout,300.0,rhythm,24,2.8943264662781516,9.991418868303299,0.7925165295600891,0.491950199007988,0.9847016794899343,2.0,1.0,0.15759241580963135,0.10375982522964478,0.07879620790481567,0.9263356930476315
classical_musicnet_2149__180s,classical_musicnet_2149,classical,holdout,180.0,acoustic_novelty_delay,24,2.4157943274893645,10.35151407122612,0.9416911602020264,0.48720595240592957,0.9804210959633146,3.0,1.0,0.296904981136322,0.21885907649993896,0.09896832704544067,0.6328664432184764
classical_musicnet_2149__180s,classical_musicnet_2149,classical,holdout,180.0,rhythm,24,2.359852314342768,12.114901848137379,0.9348825216293335,0.5692451298236847,0.974601380603508,4.0,1.0,0.26719921827316284,0.15453511476516724,0.06679980456829071,0.7393438901991833
classical_musicnet_2149__300s,classical_musicnet_2149,classical,holdout,300.0,acoustic_novelty_delay,24,2.608897380252059,11.1217932254076,1.2665152549743652,0.5206202268600464,0.9757165672798742,5.0,2.0,0.397424578666687,0.14462292194366455,0.07948491573333741,0.856565565692343
classical_musicnet_2149__300s,classical_musicnet_2149,classical,holdout,300.0,rhythm,24,2.3794869830552448,11.315768152475357,0.8799338936805725,0.6055327355861664,0.9813593868707574,6.0,2.0,0.4096708595752716,0.17677432298660278,0.0682784765958786,0.7130123731971159
classical_musicnet_2150__180s,classical_musicnet_2150,classical,holdout,180.0,acoustic_novelty_delay,24,2.3674412271287992,11.718236178159714,1.2371692657470703,0.5477708876132965,0.9768329010271921,8.0,1.0,0.2383628487586975,0.10070586204528809,0.02979535609483719,0.7278820649272727
classical_musicnet_2150__180s,classical_musicnet_2150,classical,holdout,180.0,rhythm,24,3.5517684706268633,10.926885485649109,0.7841847538948059,0.6103970408439636,0.9787684671059319,3.0,1.0,0.2836129665374756,0.19746184349060059,0.09453765551249187,0.7245072004068843
classical_musicnet_2150__300s,classical_musicnet_2150,classical,holdout,300.0,acoustic_novelty_delay,24,2.2773079740204496,11.114505648612976,1.0094867944717407,0.567084550857544,0.9712938314342918,4.0,0.0,0.10517913103103638,0.05586719512939453,0.026294782757759094,0.7548833258669965
classical_musicnet_2150__300s,classical_musicnet_2150,classical,holdout,300.0,rhythm,24,3.502166568396632,10.597099602222443,0.7028259634971619,0.5743996500968933,0.9773551718239069,4.0,2.0,0.3208286762237549,0.13291531801223755,0.08020716905593872,0.7975921419126951
classical_musicnet_2151__180s,classical_musicnet_2151,classical,holdout,180.0,acoustic_novelty_delay,24,2.4499180554291495,11.355587407946587,1.5571951866149902,0.6654864549636841,0.9443926340547673,1.0,1.0,0.11604905128479004,0.11604905128479004,0.11604905128479004,-2.2204460492503128e-16
classical_musicnet_2151__180s,classical_musicnet_2151,classical,holdout,180.0,rhythm,24,3.416543833827885,12.147227510809898,1.4641274213790894,0.5526064932346344,0.9645083999808375,4.0,1.0,0.3037566542625427,0.12430119514465332,0.07593916356563568,0.9111442058387403
classical_musicnet_2151__300s,classical_musicnet_2151,classical,holdout,300.0,acoustic_novelty_delay,24,2.6944569053437246,10.06689539551735,1.064109206199646,0.6577108502388,0.9557558896320006,5.0,1.0,0.24088144302368164,0.11499720811843872,0.04817628860473633,0.8755475251419699
classical_musicnet_2151__300s,classical_musicnet_2151,classical,holdout,300.0,rhythm,24,3.5542754916699355,12.255446672439575,1.1089919805526733,0.6682820022106171,0.96012494343651,5.0,1.0,0.36223524808883667,0.16334247589111328,0.07244704961776734,0.8884049205421808
classical_musicnet_2154__180s,classical_musicnet_2154,classical,holdout,180.0,acoustic_novelty_delay,24,1.984541060226587,10.902081280946732,1.1227355003356934,0.6066839694976807,0.9537033737086791,3.0,1.0,0.1662222146987915,0.13021409511566162,0.05540740489959717,0.5808151013527746
classical_musicnet_2154__180s,classical_musicnet_2154,classical,holdout,180.0,rhythm,24,3.205699208197392,10.383603066205978,1.193534255027771,0.5657539665699005,0.9613162106372427,2.0,0.0,0.012089073657989502,0.008844733238220215,0.006044536828994751,0.8391154406992187
classical_musicnet_2154__300s,classical_musicnet_2154,classical,holdout,300.0,acoustic_novelty_delay,24,2.1436947911813613,12.30591119080782,2.3251163959503174,0.5395022332668304,0.8890949244630949,3.0,0.0,0.08672718703746796,0.04812738299369812,0.02890906234582265,0.9057935004775501
classical_musicnet_2154__300s,classical_musicnet_2154,classical,holdout,300.0,rhythm,24,2.99818107759594,9.88878521323204,0.7766963839530945,0.6261850297451019,0.9692261152390353,2.0,0.0,0.07985031604766846,0.05526655912399292,0.03992515802383423,0.8907029344764605
classical_musicnet_2155__180s,classical_musicnet_2155,classical,holdout,180.0,acoustic_novelty_delay,24,2.0452208649358328,10.677073538303375,1.4904303550720215,0.5347118377685547,0.9548648751110668,4.0,0.0,0.14626237750053406,0.09196421504020691,0.036565594375133514,0.7506961518479979
classical_musicnet_2155__180s,classical_musicnet_2155,classical,holdout,180.0,rhythm,24,3.169032151584052,9.993694484233856,1.0830693244934082,0.5670290291309357,0.9554957157211792,4.0,0.0,0.05093878507614136,0.025183379650115967,0.01273469626903534,0.8214795849832226
classical_musicnet_2155__300s,classical_musicnet_2155,classical,holdout,300.0,acoustic_novelty_delay,24,2.3612641876028087,12.429420441389084,1.7878565788269043,0.5372834205627441,0.9502061429155841,4.0,0.0,0.10944604873657227,0.08845224976539612,0.027361512184143066,0.503726343878145
classical_musicnet_2155__300s,classical_musicnet_2155,classical,holdout,300.0,rhythm,24,2.9842250040224267,10.475485980510712,0.7467250227928162,0.5186502635478973,0.9867033894559762,3.0,0.0,0.19203871488571167,0.08321863412857056,0.06401290496190389,0.9728580011200815
classical_musicnet_2156__180s,classical_musicnet_2156,classical,holdout,180.0,acoustic_novelty_delay,24,1.9300947450943235,11.639388456940651,1.0856540203094482,0.5870030224323273,0.9764854308458679,5.0,3.0,0.5432301759719849,0.20487672090530396,0.10864603519439697,0.8475567182041795
classical_musicnet_2156__180s,classical_musicnet_2156,classical,holdout,180.0,rhythm,24,2.5634081756627314,12.114060282707214,0.7942678928375244,0.6289945244789124,0.9856507394807136,6.0,0.0,0.31113719940185547,0.07928872108459473,0.05185619990030924,0.9691597578201852
classical_musicnet_2156__300s,classical_musicnet_2156,classical,holdout,300.0,acoustic_novelty_delay,24,1.8824742308502835,14.68461725115776,2.134770393371582,0.7465826570987701,0.9125704952940467,5.0,0.0,0.1697370707988739,0.05446517467498779,0.03394741415977478,0.954613587671682
classical_musicnet_2156__300s,classical_musicnet_2156,classical,holdout,300.0,rhythm,24,2.766720771875785,15.323488891124725,1.73573637008667,0.7406071424484253,0.9520692670835187,6.0,1.0,0.35411208868026733,0.10276079177856445,0.05901868144671122,0.8562229695503998
classical_musicnet_2157__180s,classical_musicnet_2157,classical,holdout,180.0,acoustic_novelty_delay,24,2.411872112672449,10.394936189055443,0.8283225297927856,0.49636371433734894,0.9803299041506663,7.0,2.0,0.42871755361557007,0.14328455924987793,0.0612453648022243,0.7954988602930543
classical_musicnet_2157__180s,classical_musicnet_2157,classical,holdout,180.0,rhythm,24,3.0506131504581977,9.927660182118416,1.3846206665039062,0.44034916162490845,0.9382270690160742,5.0,1.0,0.3094025254249573,0.1606121063232422,0.061880505084991454,0.8385098139223297
classical_musicnet_2157__300s,classical_musicnet_2157,classical,holdout,300.0,acoustic_novelty_delay,24,2.8507957654559686,10.681033998727798,0.7708995938301086,0.5199967175722122,0.9823463249697496,5.0,1.0,0.29274317622184753,0.1526687741279602,0.058548635244369505,0.7863273423716021
classical_musicnet_2157__300s,classical_musicnet_2157,classical,holdout,300.0,rhythm,24,2.98372872860584,10.325561758130789,0.9386903643608093,0.7218679487705231,0.9431111369964207,6.0,1.0,0.3017630875110626,0.1664755940437317,0.05029384791851044,0.7470057000230904
classical_musicnet_2158__180s,classical_musicnet_2158,classical,holdout,180.0,acoustic_novelty_delay,24,2.479404890183353,10.703804105520248,1.010143518447876,0.5200689136981964,0.9813326125054342,7.0,0.0,0.2498496174812317,0.08662933111190796,0.035692802497318814,0.7997648892576646
classical_musicnet_2158__180s,classical_musicnet_2158,classical,holdout,180.0,rhythm,24,1.9436096506655085,11.746583625674248,2.0807173252105713,0.49812912940979004,0.9413641378529303,7.0,0.0,0.24754935503005981,0.09149503707885742,0.03536419357572283,0.7583465624581096
classical_musicnet_2158__300s,classical_musicnet_2158,classical,holdout,300.0,acoustic_novelty_delay,24,2.7750025579335444,11.118556082248688,0.9797159433364868,0.5940190851688385,0.9757863208684175,6.0,1.0,0.3405267000198364,0.14846652746200562,0.05675445000330607,0.796083920564844
classical_musicnet_2158__300s,classical_musicnet_2158,classical,holdout,300.0,rhythm,24,1.9206071593101195,11.634427636861801,1.0196247100830078,0.6452493965625763,0.9768082921155933,6.0,2.0,0.39070141315460205,0.1497812271118164,0.06511690219243367,0.7582640825217816
classical_musicnet_2159__180s,classical_musicnet_2159,classical,holdout,180.0,acoustic_novelty_delay,24,2.168358817314974,10.731566719710827,1.1260144710540771,0.5524810552597046,0.9739948098584796,3.0,1.0,0.14629638195037842,0.1083783507347107,0.04876546065012614,0.6481616287696107
classical_musicnet_2159__180s,classical_musicnet_2159,classical,holdout,180.0,rhythm,24,1.8788401798819665,10.876971423625946,1.4817672967910767,0.49726419150829315,0.9539203257553598,6.0,1.0,0.3037267327308655,0.13473200798034668,0.05062112212181091,0.845110512110597
classical_musicnet_2159__300s,classical_musicnet_2159,classical,holdout,300.0,acoustic_novelty_delay,24,2.6797493216856734,10.966769747436047,0.9219540953636169,0.5726590156555176,0.9734647962173678,5.0,2.0,0.3869436979293823,0.1572442650794983,0.07738873958587647,0.8753304830197355
classical_musicnet_2159__300s,classical_musicnet_2159,classical,holdout,300.0,rhythm,24,2.096625182487373,11.35852724313736,1.7710222005844116,0.5847182869911194,0.9350771532704476,5.0,0.0,0.19229215383529663,0.07143831253051758,0.03845843076705933,0.9041181674995244
classical_musicnet_2160__180s,classical_musicnet_2160,classical,holdout,180.0,acoustic_novelty_delay,24,2.324629590193882,11.545901462435722,1.1164387464523315,0.5725196003913879,0.9737922193077195,6.0,0.0,0.2196422815322876,0.08459267020225525,0.036607046922047935,0.7971227279879557
classical_musicnet_2160__180s,classical_musicnet_2160,classical,holdout,180.0,rhythm,24,1.435013825259557,10.318321071565151,1.4508216381072998,0.450387179851532,0.9484606294705936,4.0,1.0,0.28973791003227234,0.13255268335342407,0.07243447750806808,0.9223905802817476
classical_musicnet_2160__300s,classical_musicnet_2160,classical,holdout,300.0,acoustic_novelty_delay,24,2.836425386049732,11.108472019433975,0.8925564289093018,0.6534065306186676,0.9689761826871834,5.0,1.0,0.340971440076828,0.15475451946258545,0.0681942880153656,0.8545721801882171
classical_musicnet_2160__300s,classical_musicnet_2160,classical,holdout,300.0,rhythm,24,1.2866107238047637,11.635316133499146,1.4214714765548706,0.5027841627597809,0.97984482060055,4.0,1.0,0.3342963457107544,0.14737361669540405,0.0835740864276886,0.9360122603577603
classical_musicnet_2161__180s,classical_musicnet_2161,classical,holdout,180.0,acoustic_novelty_delay,24,2.270493430413852,11.453478962182999,1.8010519742965698,0.5298369526863098,0.9512965615544717,6.0,0.0,0.1806018352508545,0.06986618041992188,0.030100305875142414,0.8832395863956294
classical_musicnet_2161__180s,classical_musicnet_2161,classical,holdout,180.0,rhythm,24,2.0795821030918136,11.471338666975498,1.761009931564331,0.48501190543174744,0.9127267570163884,4.0,0.0,0.07549327611923218,0.040467679500579834,0.018873319029808044,0.8585335760588686
classical_musicnet_2161__300s,classical_musicnet_2161,classical,holdout,300.0,acoustic_novelty_delay,24,2.037277976930293,12.759624391794205,2.035360097885132,0.5639128684997559,0.9581586881575275,3.0,0.0,0.18579334020614624,0.09481662511825562,0.061931113402048744,0.8467341101127429
classical_musicnet_2161__300s,classical_musicnet_2161,classical,holdout,300.0,rhythm,24,2.112573840670896,11.230429530143738,1.0697165727615356,0.645635336637497,0.9591543487910469,6.0,1.0,0.36151939630508423,0.1552862524986267,0.06025323271751404,0.8423366424508719
classical_musicnet_2166__180s,classical_musicnet_2166,classical,holdout,180.0,acoustic_novelty_delay,24,2.8184207041119946,10.08789050579071,1.0684888362884521,0.551557332277298,0.9663755530010822,2.0,0.0,0.05728593468666077,0.0436287522315979,0.028642967343330383,0.7923757028674175
classical_musicnet_2166__180s,classical_musicnet_2166,classical,holdout,180.0,rhythm,24,1.9532129418751785,11.96827732399106,1.8559596538543701,0.6872318983078003,0.9330756090847657,2.0,1.0,0.16666579246520996,0.10361668467521667,0.08333289623260498,0.9568300971262951
classical_musicnet_2166__300s,classical_musicnet_2166,classical,holdout,300.0,acoustic_novelty_delay,24,2.4270995782701,11.554896980524063,1.21263587474823,0.5829198062419891,0.9695327219678245,3.0,1.0,0.2573195993900299,0.13235843181610107,0.08577319979667664,0.9146088859425621
classical_musicnet_2166__300s,classical_musicnet_2166,classical,holdout,300.0,rhythm,24,2.4302091913705954,9.882289923727512,1.490142583847046,0.49274152517318726,0.9217634660175997,5.0,0.0,0.144694983959198,0.0794273316860199,0.0289389967918396,0.7359604893681948
classical_musicnet_2167__180s,classical_musicnet_2167,classical,holdout,180.0,acoustic_novelty_delay,24,2.5635457192853566,10.69269785284996,0.9262416362762451,0.5868450701236725,0.9761422243251978,6.0,2.0,0.3804474174976349,0.16262972354888916,0.06340790291627248,0.7630716894180065
classical_musicnet_2167__180s,classical_musicnet_2167,classical,holdout,180.0,rhythm,24,2.817466597159796,11.077741757035255,1.1705152988433838,0.4972064644098282,0.9580708791944457,2.0,0.0,0.1669626235961914,0.09625643491744995,0.0834813117980957,0.9830408540032858
classical_musicnet_2167__300s,classical_musicnet_2167,classical,holdout,300.0,acoustic_novelty_delay,24,2.03165004114653,15.337383717298508,2.9894044399261475,0.7233656644821167,0.8827563689015687,5.0,0.0,0.1507698893547058,0.06674295663833618,0.03015397787094116,0.7652995165977583
classical_musicnet_2167__300s,classical_musicnet_2167,classical,holdout,300.0,rhythm,24,2.7186355957716017,12.988812506198883,1.8007310628890991,0.5535922050476074,0.9424308890073357,4.0,1.0,0.21266019344329834,0.16373461484909058,0.053165048360824585,0.5118233870260112
classical_musicnet_2168__180s,classical_musicnet_2168,classical,holdout,180.0,acoustic_novelty_delay,24,2.824761570629755,10.572897005826235,1.0688753128051758,0.5375289022922516,0.9643076463230787,3.0,1.0,0.2123768925666809,0.1474548578262329,0.07079229752222697,0.721305695723281
classical_musicnet_2168__180s,classical_musicnet_2168,classical,holdout,180.0,rhythm,24,2.5833381015461137,12.769661694765091,1.5516856908798218,0.5665177553892136,0.9437687897917783,4.0,0.0,0.03610128164291382,0.009955137968063354,0.009025320410728455,0.9983876091941664
classical_musicnet_2168__300s,classical_musicnet_2168,classical,holdout,300.0,acoustic_novelty_delay,24,2.6872716256023166,10.971716582775116,1.128261685371399,0.6393252909183502,0.9599723872944611,6.0,0.0,0.20889613032341003,0.08818709850311279,0.03481602172056834,0.82565340929718
classical_musicnet_2168__300s,classical_musicnet_2168,classical,holdout,300.0,rhythm,24,2.5678873130469357,10.059277698397636,0.8020885586738586,0.6322959363460541,0.9528102793086658,3.0,1.0,0.18634957075119019,0.14130723476409912,0.062116523583730064,0.6436658528284882
classical_musicnet_2169__180s,classical_musicnet_2169,classical,holdout,180.0,acoustic_novelty_delay,24,2.577778504243085,10.04675404727459,0.9961454272270203,0.5361269414424896,0.973629149312833,8.0,0.0,0.21764737367630005,0.07961112260818481,0.027205921709537506,0.8200936775906272
classical_musicnet_2169__180s,classical_musicnet_2169,classical,holdout,180.0,rhythm,24,3.04511246395125,10.965456917881966,1.189238429069519,0.5630290806293488,0.9604142478669112,4.0,1.0,0.2372046709060669,0.14921212196350098,0.059301167726516724,0.67437500549827
classical_musicnet_2169__300s,classical_musicnet_2169,classical,holdout,300.0,acoustic_novelty_delay,24,2.4786716353220655,9.8855255022645,1.087035894393921,0.5652388036251068,0.9424696694283038,4.0,1.0,0.1412244439125061,0.10628217458724976,0.035306110978126526,0.502729540557011
classical_musicnet_2169__300s,classical_musicnet_2169,classical,holdout,300.0,rhythm,24,2.530052915109696,10.78637270629406,0.9213114380836487,0.5895318984985352,0.9686392345326527,6.0,2.0,0.4019727408885956,0.10435277223587036,0.06699545681476593,0.9047487066588089
classical_musicnet_2177__180s,classical_musicnet_2177,classical,holdout,180.0,acoustic_novelty_delay,24,2.4776471390665114,12.43164573609829,1.8134132623672485,0.6302358210086823,0.9575749531789681,4.0,1.0,0.23543095588684082,0.10318058729171753,0.058857738971710205,0.8731629750639638
classical_musicnet_2177__180s,classical_musicnet_2177,classical,holdout,180.0,rhythm,24,2.1810346043997075,12.32198253273964,1.1035481691360474,0.5741926431655884,0.9750044868966724,6.0,1.0,0.23265111446380615,0.11269211769104004,0.03877518574396769,0.7334365110517406
classical_musicnet_2177__300s,classical_musicnet_2177,classical,holdout,300.0,acoustic_novelty_delay,24,2.4576556625760317,10.13551178574562,0.7973036170005798,0.5330703854560852,0.9829856659337852,5.0,3.0,0.5643192231655121,0.18030023574829102,0.11286384463310242,0.8477018137216278
classical_musicnet_2177__300s,classical_musicnet_2177,classical,holdout,300.0,rhythm,24,2.877955520769653,10.25562347471714,1.0845354795455933,0.508745551109314,0.9706710020836538,2.0,0.0,0.08711311221122742,0.049254000186920166,0.04355655610561371,0.987622217197272
classical_musicnet_2178__180s,classical_musicnet_2178,classical,holdout,180.0,acoustic_novelty_delay,24,2.3438866246426517,11.956278711557388,1.5460189580917358,0.5921694040298462,0.9578461373631976,2.0,0.0,0.0423644483089447,0.03162989020347595,0.02118222415447235,0.8166008314503038
classical_musicnet_2178__180s,classical_musicnet_2178,classical,holdout,180.0,rhythm,24,3.5609764012877143,10.537746325135231,1.0511924028396606,0.5355457365512848,0.9791553412714148,4.0,1.0,0.26694434881210327,0.1536860466003418,0.06673608720302582,0.7466206318463693
classical_musicnet_2178__300s,classical_musicnet_2178,classical,holdout,300.0,acoustic_novelty_delay,24,2.2465052360839457,11.11328050494194,1.7466275691986084,0.539689689874649,0.9580822185013339,2.0,0.0,0.009669303894042969,0.005487322807312012,0.004834651947021484,0.986813504693078
classical_musicnet_2178__300s,classical_musicnet_2178,classical,holdout,300.0,rhythm,24,3.2078630334619422,10.4014876447618,1.3536021709442139,0.6075287759304047,0.9196791579899287,6.0,0.0,0.17055165767669678,0.0735366940498352,0.028425276279449463,0.8848524966102645
classical_musicnet_2179__180s,classical_musicnet_2179,classical,holdout,180.0,acoustic_novelty_delay,24,2.2028269670863834,10.867871850728989,0.9274540543556213,0.638210654258728,0.9722783394238668,2.0,2.0,0.2349785566329956,0.13301891088485718,0.1174892783164978,0.9873601445755084
classical_musicnet_2179__180s,classical_musicnet_2179,classical,holdout,180.0,rhythm,24,2.5301865686350347,11.691457223147154,1.4347586631774902,0.7082926630973816,0.9313261222984573,4.0,1.0,0.17249387502670288,0.11231344938278198,0.04312346875667572,0.5930277367522424
classical_musicnet_2179__300s,classical_musicnet_2179,classical,holdout,300.0,acoustic_novelty_delay,24,2.6632494020804187,11.370148867368698,0.8980146646499634,0.49560342729091644,0.9840004632971345,7.0,1.0,0.3508749306201935,0.14222371578216553,0.05012499008859907,0.8237542853961815
classical_musicnet_2179__300s,classical_musicnet_2179,classical,holdout,300.0,rhythm,24,2.8260665494105224,10.710063323378563,1.1136345863342285,0.6488589346408844,0.9472420826329153,5.0,0.0,0.12964516878128052,0.05896010994911194,0.025929033756256104,0.7448890248644329
classical_musicnet_2180__180s,classical_musicnet_2180,classical,holdout,180.0,acoustic_novelty_delay,24,2.4018951936056716,10.687388628721237,1.125914454460144,0.5501741468906403,0.978040400582678,3.0,1.0,0.27150052785873413,0.1988828182220459,0.09050017595291138,0.6323036521340086
classical_musicnet_2180__180s,classical_musicnet_2180,classical,holdout,180.0,rhythm,24,2.944486143797614,10.768731907010078,0.8987572193145752,0.5574929416179657,0.9765795179919949,4.0,0.0,0.14183813333511353,0.06280708312988281,0.03545953333377838,0.9101632676177874
classical_musicnet_2180__300s,classical_musicnet_2180,classical,holdout,300.0,acoustic_novelty_delay,24,2.4705880005014977,11.687452241778374,1.0323677062988281,0.6068606376647949,0.9735666141156275,4.0,1.0,0.3008193373680115,0.16008150577545166,0.07520483434200287,0.7603196816398679
classical_musicnet_2180__300s,classical_musicnet_2180,classical,holdout,300.0,rhythm,24,3.2070329668964277,12.535156950354576,1.287237524986267,0.7092680335044861,0.9593316677373,3.0,0.0,0.11717891693115234,0.07253056764602661,0.03905963897705078,0.830509305835088
classical_musopen_00d18099ad17__180s,classical_musopen_00d18099ad17,classical,holdout,180.0,acoustic_novelty_delay,24,2.339663072078575,11.232936546206474,1.3541570901870728,0.6169663965702057,0.9523785067644986,3.0,0.0,0.12604719400405884,0.06841468811035156,0.04201573133468628,0.8726867386836065
classical_musopen_00d18099ad17__180s,classical_musopen_00d18099ad17,classical,holdout,180.0,rhythm,24,2.979393057354873,13.564942389726639,1.3231240510940552,0.597522497177124,0.9779741621266579,6.0,1.0,0.30277228355407715,0.14811068773269653,0.050462047259012856,0.7854486137257599
classical_musopen_00d18099ad17__300s,classical_musopen_00d18099ad17,classical,holdout,300.0,acoustic_novelty_delay,24,2.4102349483936516,10.69342316687107,1.0179768800735474,0.5966327488422394,0.9700869003411834,4.0,1.0,0.35187774896621704,0.11022830009460449,0.08796943724155426,0.9857260866665744
classical_musopen_00d18099ad17__300s,classical_musopen_00d18099ad17,classical,holdout,300.0,rhythm,24,3.1132436354404662,12.408419385552406,0.9247958064079285,0.6595469415187836,0.9799630315751796,7.0,0.0,0.2630314230918884,0.07225799560546875,0.03757591758455549,0.9144985292588417
classical_musopen_124b2ee448a3__180s,classical_musopen_124b2ee448a3,classical,holdout,180.0,acoustic_novelty_delay,24,2.641648484454449,11.224494695663452,1.054052472114563,0.5786214172840118,0.9773924438800734,5.0,0.0,0.1875733733177185,0.07676362991333008,0.037514674663543704,0.872392262310459
classical_musopen_124b2ee448a3__180s,classical_musopen_124b2ee448a3,classical,holdout,180.0,rhythm,24,2.693844602442333,11.430489808321,1.4090553522109985,0.498703196644783,0.9599254395661084,2.0,0.0,0.12230432033538818,0.0740119218826294,0.06115216016769409,0.9678609128159856
classical_musopen_124b2ee448a3__300s,classical_musopen_124b2ee448a3,classical,holdout,300.0,acoustic_novelty_delay,24,2.352213482534238,11.40347108989954,1.2786022424697876,0.5600583851337433,0.9610674422643117,7.0,1.0,0.5068978071212769,0.20776546001434326,0.07241397244589669,0.8437163610606121
classical_musopen_124b2ee448a3__300s,classical_musopen_124b2ee448a3,classical,holdout,300.0,rhythm,24,2.461470410226818,10.975227952003479,1.0746362209320068,0.6196865141391754,0.9675776701161253,5.0,0.0,0.29872938990592957,0.09660527110099792,0.05974587798118591,0.8820776340930316
classical_musopen_208080de49cd__180s,classical_musopen_208080de49cd,classical,holdout,180.0,acoustic_novelty_delay,24,2.27996777307576,11.630508184432983,0.9799110293388367,0.637190967798233,0.9818343598519661,6.0,1.0,0.40642979741096497,0.21183401346206665,0.06773829956849416,0.7691043405055109
classical_musopen_208080de49cd__180s,classical_musopen_208080de49cd,classical,holdout,180.0,rhythm,24,2.630494433147054,11.849158316850662,1.4644688367843628,0.5393392741680145,0.964481540386312,4.0,0.0,0.16277721524238586,0.054637759923934937,0.040694303810596466,0.9780122596149011
classical_musopen_208080de49cd__300s,classical_musopen_208080de49cd,classical,holdout,300.0,acoustic_novelty_delay,24,2.2720953317377957,9.739194855093956,1.0777066946029663,0.5361582040786743,0.959723163263761,4.0,0.0,0.05619266629219055,0.029095560312271118,0.014048166573047638,0.8557142241405916
classical_musopen_208080de49cd__300s,classical_musopen_208080de49cd,classical,holdout,300.0,rhythm,24,2.725616870660074,9.50256197154522,0.8532532453536987,0.5050785392522812,0.9634046488049005,3.0,0.0,0.08900225162506104,0.0341838002204895,0.02966741720835368,0.9919127531017615
classical_musopen_26b6da893e99__180s,classical_musopen_26b6da893e99,classical,holdout,180.0,acoustic_novelty_delay,24,1.9461214088738608,14.25091728568077,2.4732625484466553,0.61546590924263,0.9253449406890991,7.0,2.0,0.4024795591831207,0.11545374989509583,0.05749707988330296,0.8837114860486228
classical_musopen_26b6da893e99__180s,classical_musopen_26b6da893e99,classical,holdout,180.0,rhythm,24,3.0355639461022474,10.428095191717148,1.213004231452942,0.5930453240871429,0.9534201636139246,6.0,0.0,0.24873623251914978,0.07931053638458252,0.04145603875319163,0.8189475044859438
classical_musopen_26b6da893e99__300s,classical_musopen_26b6da893e99,classical,holdout,300.0,acoustic_novelty_delay,24,2.2716898108213854,10.548007115721703,1.0833234786987305,0.5306606292724609,0.9632269844449212,6.0,1.0,0.2731230556964874,0.12310343980789185,0.0455205092827479,0.7976036709692867
classical_musopen_26b6da893e99__300s,classical_musopen_26b6da893e99,classical,holdout,300.0,rhythm,24,2.2862957637680315,12.732132501900196,1.6126108169555664,0.7570886611938477,0.9401911516664081,4.0,2.0,0.32342416048049927,0.17279261350631714,0.08085604012012482,0.7368140418947667
classical_musopen_2bb770b12fae__180s,classical_musopen_2bb770b12fae,classical,holdout,180.0,acoustic_novelty_delay,24,1.6956282877468658,14.990836083889008,3.144749164581299,0.5931361317634583,0.9054192772747791,3.0,0.0,0.06595268845558167,0.027125686407089233,0.02198422948519389,0.9874937888345965
classical_musopen_2bb770b12fae__180s,classical_musopen_2bb770b12fae,classical,holdout,180.0,rhythm,24,3.487966696245307,10.871793434023857,0.9328944087028503,0.6018969416618347,0.9693161768908197,2.0,0.0,0.08904510736465454,0.07524585723876953,0.04452255368232727,0.6221373044463175
classical_musopen_2bb770b12fae__300s,classical_musopen_2bb770b12fae,classical,holdout,300.0,acoustic_novelty_delay,24,2.141476034206715,10.71690921485424,1.195465087890625,0.5760287046432495,0.9521580918306047,7.0,1.0,0.4109583795070648,0.15080881118774414,0.05870833992958069,0.8376803237129385
classical_musopen_2bb770b12fae__300s,classical_musopen_2bb770b12fae,classical,holdout,300.0,rhythm,24,2.966007453113243,11.86024059355259,1.5289530754089355,0.6141287088394165,0.9467811565766346,2.0,1.0,0.26342248916625977,0.23983943462371826,0.13171124458312988,0.4348843228034516
classical_musopen_2ca1fc27dc8e__180s,classical_musopen_2ca1fc27dc8e,classical,holdout,180.0,acoustic_novelty_delay,24,1.8744645822106758,12.87282183766365,2.6059255599975586,0.6001506447792053,0.9350477106977254,5.0,1.0,0.2831379771232605,0.1400068998336792,0.0566275954246521,0.773575707176365
classical_musopen_2ca1fc27dc8e__180s,classical_musopen_2ca1fc27dc8e,classical,holdout,180.0,rhythm,24,3.3176024985702472,10.68563049286604,0.858273983001709,0.5790056884288788,0.9795241469708421,3.0,1.0,0.15719902515411377,0.10769844055175781,0.052399675051371254,0.7644804811057644
classical_musopen_2ca1fc27dc8e__300s,classical_musopen_2ca1fc27dc8e,classical,holdout,300.0,acoustic_novelty_delay,24,2.404659639138547,10.069721229374409,1.0900243520736694,0.5441786795854568,0.9475490415247851,4.0,1.0,0.246739000082016,0.14933794736862183,0.061684750020504,0.7608073523504517
classical_musopen_2ca1fc27dc8e__300s,classical_musopen_2ca1fc27dc8e,classical,holdout,300.0,rhythm,24,2.55534051121998,10.73066234588623,0.8661287426948547,0.6375829577445984,0.967278429266212,4.0,0.0,0.13215336203575134,0.05072695016860962,0.033038340508937836,0.8822915490984569
classical_musopen_5118ccc9f4d0__180s,classical_musopen_5118ccc9f4d0,classical,holdout,180.0,acoustic_novelty_delay,24,1.6126078797537478,14.325843065977097,1.9569835662841797,0.617434948682785,0.9258954645387026,4.0,2.0,0.327412486076355,0.10816675424575806,0.08185312151908875,0.9627912600905566
classical_musopen_5118ccc9f4d0__180s,classical_musopen_5118ccc9f4d0,classical,holdout,180.0,rhythm,24,3.8566568982273397,9.526158079504967,1.0555192232131958,0.5111459791660309,0.958294564785842,2.0,0.0,0.036807894706726074,0.03617817163467407,0.018403947353363037,0.12488146490969702
classical_musopen_5118ccc9f4d0__300s,classical_musopen_5118ccc9f4d0,classical,holdout,300.0,acoustic_novelty_delay,24,1.8809792178864355,13.732844978570938,2.486175060272217,0.5447992533445358,0.9073585326921502,6.0,1.0,0.3463270664215088,0.14494037628173828,0.05772117773691813,0.8206830132389068
classical_musopen_5118ccc9f4d0__300s,classical_musopen_5118ccc9f4d0,classical,holdout,300.0,rhythm,24,3.2735252866348334,10.220111638307571,1.1152786016464233,0.5559481978416443,0.9583072420257496,3.0,0.0,0.08801113069057465,0.04541116952896118,0.029337043563524883,0.8908904237709881
classical_musopen_715f07ea34cd__180s,classical_musopen_715f07ea34cd,classical,holdout,180.0,acoustic_novelty_delay,24,2.5767427348592857,10.60780893266201,1.3056436777114868,0.5085601359605789,0.9460050391129214,4.0,0.0,0.0977168083190918,0.05269891023635864,0.02442920207977295,0.6619865093920312
classical_musopen_715f07ea34cd__180s,classical_musopen_715f07ea34cd,classical,holdout,180.0,rhythm,24,3.5662036424147816,11.900233715772629,1.1908503770828247,0.5922844111919403,0.9508432030600379,5.0,1.0,0.3166927099227905,0.18419837951660156,0.0633385419845581,0.7721519628587127
classical_musopen_715f07ea34cd__300s,classical_musopen_715f07ea34cd,classical,holdout,300.0,acoustic_novelty_delay,24,2.1466257925720127,11.321492299437523,1.1050807237625122,0.6241427659988403,0.969649924029482,8.0,0.0,0.2123909294605255,0.09150838851928711,0.02654886618256569,0.7185534700816854
classical_musopen_715f07ea34cd__300s,classical_musopen_715f07ea34cd,classical,holdout,300.0,rhythm,24,3.575586059379666,11.331254959106445,0.9357374906539917,0.5864867568016052,0.9746908507880002,4.0,1.0,0.29202955961227417,0.11514520645141602,0.07300738990306854,0.9424954925012513
classical_musopen_88dae15b633b__180s,classical_musopen_88dae15b633b,classical,holdout,180.0,acoustic_novelty_delay,24,2.2672936264803907,11.327898859977722,0.849086582660675,0.6320564448833466,0.9787990654597968,5.0,0.0,0.2164699137210846,0.07844489812850952,0.04329398274421692,0.9206725128557642
classical_musopen_88dae15b633b__180s,classical_musopen_88dae15b633b,classical,holdout,180.0,rhythm,24,3.479818474365345,9.208501785993576,0.9799990653991699,0.5540584921836853,0.9501187715616558,4.0,1.0,0.21555045247077942,0.15372192859649658,0.053887613117694855,0.6225102844793946
classical_musopen_88dae15b633b__300s,classical_musopen_88dae15b633b,classical,holdout,300.0,acoustic_novelty_delay,24,2.5292371991373974,11.206730917096138,0.8465180397033691,0.6075397729873657,0.9790247558619393,6.0,2.0,0.4010390043258667,0.17085987329483032,0.06683983405431111,0.6991369249152143
classical_musopen_88dae15b633b__300s,classical_musopen_88dae15b633b,classical,holdout,300.0,rhythm,24,3.253610467064098,11.789240255951881,1.016863226890564,0.6324047744274139,0.9650910390949474,7.0,4.0,0.5225524306297302,0.14651548862457275,0.0746503472328186,0.7964084709250949
classical_musopen_9a95a1b73779__180s,classical_musopen_9a95a1b73779,classical,holdout,180.0,acoustic_novelty_delay,24,2.3387336769670046,12.064307786524296,1.2160552740097046,0.594703733921051,0.9385151171896091,6.0,1.0,0.3151431381702423,0.11519116163253784,0.052523856361707054,0.8660940861012701
classical_musopen_9a95a1b73779__180s,classical_musopen_9a95a1b73779,classical,holdout,180.0,rhythm,24,2.9979134131716325,10.547731965780258,1.210661768913269,0.5819988250732422,0.9552488214776587,5.0,0.0,0.1396123170852661,0.07777166366577148,0.027922463417053223,0.7336856470574631
classical_musopen_9a95a1b73779__300s,classical_musopen_9a95a1b73779,classical,holdout,300.0,acoustic_novelty_delay,24,1.5767578235733133,14.938817262649536,2.975154161453247,0.5814622640609741,0.8769219860813007,2.0,0.0,0.059186846017837524,0.031129002571105957,0.029593423008918762,0.9980569058639038
classical_musopen_9a95a1b73779__300s,classical_musopen_9a95a1b73779,classical,holdout,300.0,rhythm,24,2.6357381097585497,11.344145506620407,0.8381702899932861,0.5799840986728668,0.9802637967175498,4.0,1.0,0.15439343452453613,0.10038429498672485,0.03859835863113403,0.7124014954748237
classical_musopen_e92198fc7b0d__180s,classical_musopen_e92198fc7b0d,classical,holdout,180.0,acoustic_novelty_delay,24,2.611567514773661,10.849786594510078,0.9657503962516785,0.6106278300285339,0.9705674098934927,5.0,0.0,0.21955227851867676,0.08386164903640747,0.04391045570373535,0.9009977528408409
classical_musopen_e92198fc7b0d__180s,classical_musopen_e92198fc7b0d,classical,holdout,180.0,rhythm,24,3.043881379754626,10.843393966555595,1.1387276649475098,0.5410890579223633,0.966285270501497,5.0,0.0,0.23966321349143982,0.09881925582885742,0.04793264269828797,0.8267913365067167
classical_musopen_e92198fc7b0d__300s,classical_musopen_e92198fc7b0d,classical,holdout,300.0,acoustic_novelty_delay,24,2.570490821518832,10.410796418786049,0.8934175968170166,0.515768826007843,0.9818694244471308,5.0,1.0,0.32042592763900757,0.11836206912994385,0.06408518552780151,0.8663879949127505
classical_musopen_e92198fc7b0d__300s,classical_musopen_e92198fc7b0d,classical,holdout,300.0,rhythm,24,2.99803204437221,11.724757447838783,1.2996026277542114,0.6610425412654877,0.95469818061108,4.0,0.0,0.12319225072860718,0.03675931692123413,0.030798062682151794,0.9582958010699032
classical_musopen_f0ef963b9b80__180s,classical_musopen_f0ef963b9b80,classical,holdout,180.0,acoustic_novelty_delay,24,2.404062262428444,11.991059601306915,1.2760231494903564,0.7494100034236908,0.953212380926273,5.0,2.0,0.3225030303001404,0.15384787321090698,0.06450060606002808,0.7210141564264433
classical_musopen_f0ef963b9b80__180s,classical_musopen_f0ef963b9b80,classical,holdout,180.0,rhythm,24,2.489846881727847,10.53164368122816,1.1492557525634766,0.5625406801700592,0.9546059148522054,4.0,1.0,0.17849719524383545,0.10669732093811035,0.04462429881095886,0.7146534948344395
classical_musopen_f0ef963b9b80__300s,classical_musopen_f0ef963b9b80,classical,holdout,300.0,acoustic_novelty_delay,24,1.9917444243084477,11.949251554906368,1.4250664710998535,0.6114271581172943,0.9447536408237535,6.0,0.0,0.329008013010025,0.08526498079299927,0.05483466883500417,0.950297873364998
classical_musopen_f0ef963b9b80__300s,classical_musopen_f0ef963b9b80,classical,holdout,300.0,rhythm,24,2.3262417499688985,12.113367304205894,1.5492063760757446,0.7357057332992554,0.9147449090521613,1.0,0.0,0.006875455379486084,0.006875455379486084,0.006875455379486084,-2.2204460492503128e-16
classical_musopen_f88042497771__180s,classical_musopen_f88042497771,classical,holdout,180.0,acoustic_novelty_delay,24,1.7720069961010818,11.136676594614983,1.337247610092163,0.5936852395534515,0.9586620384509792,5.0,0.0,0.12809258699417114,0.06026843190193176,0.02561851739883423,0.7013745606906214
classical_musopen_f88042497771__180s,classical_musopen_f88042497771,classical,holdout,180.0,rhythm,24,3.393037854375115,10.556234076619148,0.8061761856079102,0.5907250046730042,0.9757427220079291,5.0,1.0,0.2599627375602722,0.1356261968612671,0.05199254751205444,0.7753961526069508
classical_musopen_f88042497771__300s,classical_musopen_f88042497771,classical,holdout,300.0,acoustic_novelty_delay,24,2.874734716522034,11.15535432100296,1.5187727212905884,0.614110141992569,0.9450982772526654,2.0,0.0,0.11654815077781677,0.08192342519760132,0.058274075388908386,0.8776985771767282
classical_musopen_f88042497771__300s,classical_musopen_f88042497771,classical,holdout,300.0,rhythm,24,3.2105481509367957,10.334432274103165,0.8580933213233948,0.5708559453487396,0.9722908547677025,4.0,0.0,0.20425361394882202,0.09414833784103394,0.051063403487205505,0.9063309808935799
focus_jamendo_0016398__180s,focus_jamendo_0016398,focus,holdout,180.0,acoustic_novelty_delay,24,2.1510626839249785,12.22435313463211,1.253157615661621,0.6601429581642151,0.948735336094238,1.0,0.0,0.08898729085922241,0.08898729085922241,0.08898729085922241,-2.2204460492503128e-16
focus_jamendo_0016398__180s,focus_jamendo_0016398,focus,holdout,180.0,rhythm,24,3.4072204356266065,9.569644689559937,0.926287055015564,0.48096586763858795,0.9669534687921263,1.0,0.0,0.09649878740310669,0.09649878740310669,0.09649878740310669,-2.2204460492503128e-16
focus_jamendo_0016398__300s,focus_jamendo_0016398,focus,holdout,300.0,acoustic_novelty_delay,24,2.674645667086176,10.621349662542343,1.0295716524124146,0.5369328558444977,0.9671877909138619,2.0,0.0,0.07545021176338196,0.06132057309150696,0.03772510588169098,0.6957276254069722
focus_jamendo_0016398__300s,focus_jamendo_0016398,focus,holdout,300.0,rhythm,24,4.122144527774329,9.087895303964615,0.9150830507278442,0.4939953535795212,0.9603628038331183,3.0,0.0,0.13232636451721191,0.07787150144577026,0.04410878817240397,0.8699445449728316
focus_jamendo_0214220__180s,focus_jamendo_0214220,focus,holdout,180.0,acoustic_novelty_delay,24,2.2720709399701176,12.021686524152756,1.010048747062683,0.5519268214702606,0.9792655349203842,5.0,4.0,0.6754427552223206,0.2030489444732666,0.1350885510444641,0.9729245864173927
focus_jamendo_0214220__180s,focus_jamendo_0214220,focus,holdout,180.0,rhythm,24,2.277393664838369,10.823551043868065,1.4567227363586426,0.5367940962314606,0.9283739157215314,1.0,0.0,0.055455565452575684,0.055455565452575684,0.055455565452575684,-2.2204460492503128e-16
focus_jamendo_0214220__300s,focus_jamendo_0214220,focus,holdout,300.0,acoustic_novelty_delay,24,2.9054776993420215,10.602363049983978,1.08158540725708,0.5767388641834259,0.9708683005993975,3.0,1.0,0.1875547468662262,0.10899192094802856,0.06251824895540874,0.6658025407787465
focus_jamendo_0214220__300s,focus_jamendo_0214220,focus,holdout,300.0,rhythm,24,1.5477478699594078,12.747952550649643,3.553054094314575,0.6781698316335678,0.7902992178146083,3.0,0.0,0.13043341040611267,0.09759819507598877,0.043477803468704224,0.6627289969793694
focus_jamendo_1077172__180s,focus_jamendo_1077172,focus,holdout,180.0,acoustic_novelty_delay,24,2.012908808060129,13.61540687084198,2.3954479694366455,0.5334127247333527,0.9295950605416431,3.0,1.0,0.27501028776168823,0.14857083559036255,0.09167009592056274,0.9162394411432917
focus_jamendo_1077172__180s,focus_jamendo_1077172,focus,holdout,180.0,rhythm,24,3.5533488292033626,10.821036338806152,1.0231473445892334,0.64364093542099,0.9402537426669749,5.0,1.0,0.3748275339603424,0.18945658206939697,0.07496550679206848,0.810690647690893
focus_jamendo_1077172__300s,focus_jamendo_1077172,focus,holdout,300.0,acoustic_novelty_delay,24,2.012908808060129,13.61540687084198,2.3954479694366455,0.5334127247333527,0.9295950605416431,3.0,1.0,0.27501028776168823,0.14857083559036255,0.09167009592056274,0.9162394411432917
focus_jamendo_1077172__300s,focus_jamendo_1077172,focus,holdout,300.0,rhythm,24,3.5533488292033626,10.821036338806152,1.0231473445892334,0.64364093542099,0.9402537426669749,5.0,1.0,0.3748275339603424,0.18945658206939697,0.07496550679206848,0.810690647690893
focus_jamendo_1077186__180s,focus_jamendo_1077186,focus,holdout,180.0,acoustic_novelty_delay,24,2.4836761480220275,12.091186314821243,1.0244252681732178,0.6816269159317017,0.9737857644008583,6.0,1.0,0.21684032678604126,0.10003143548965454,0.03614005446434021,0.7959634065781126
focus_jamendo_1077186__180s,focus_jamendo_1077186,focus,holdout,180.0,rhythm,24,3.143165164471705,10.794708408415318,1.583053708076477,0.610262393951416,0.8963383579836812,1.0,0.0,0.042109131813049316,0.042109131813049316,0.042109131813049316,-2.2204460492503128e-16
focus_jamendo_1077186__300s,focus_jamendo_1077186,focus,holdout,300.0,acoustic_novelty_delay,24,2.039171787791058,11.229980140924454,0.868772566318512,0.6456416249275208,0.9770160834563453,9.0,3.0,0.5554860234260559,0.1400269865989685,0.06172066926956177,0.851020477024195
focus_jamendo_1077186__300s,focus_jamendo_1077186,focus,holdout,300.0,rhythm,24,4.596512051479216,8.467463061213493,1.2677061557769775,0.4895530492067337,0.8799431779369683,2.0,0.0,0.020670205354690552,0.0144728422164917,0.010335102677345276,0.8810720696245548
focus_jamendo_1093823__180s,focus_jamendo_1093823,focus,holdout,180.0,acoustic_novelty_delay,24,2.8827280651497116,11.554352700710297,1.0001715421676636,0.6227258443832397,0.9807300751505651,6.0,0.0,0.26746201515197754,0.06796056032180786,0.04457700252532959,0.894768529992095
focus_jamendo_1093823__180s,focus_jamendo_1093823,focus,holdout,180.0,rhythm,24,0.8864181596421978,10.7681043446064,3.794257879257202,0.47137095034122467,0.7156824891187132,3.0,0.0,0.013610541820526123,0.005362600088119507,0.004536847273508708,0.9913628257368902
focus_jamendo_1093823__300s,focus_jamendo_1093823,focus,holdout,300.0,acoustic_novelty_delay,24,2.5951353983562164,11.317794620990753,0.9559897184371948,0.5613613426685333,0.9836626232205758,6.0,2.0,0.4163777530193329,0.14106708765029907,0.06939629216988881,0.8658384553038909
focus_jamendo_1093823__300s,focus_jamendo_1093823,focus,holdout,300.0,rhythm,24,1.085518427263185,9.186370011419058,4.031153678894043,0.31716372072696686,0.6480155863497347,4.0,0.0,0.048189252614974976,0.03930461406707764,0.012047313153743744,0.3779077994190839
focus_jamendo_1093829__180s,focus_jamendo_1093829,focus,holdout,180.0,acoustic_novelty_delay,24,2.571703706745649,11.02524434030056,1.0539608001708984,0.6175708174705505,0.9692032646534793,5.0,2.0,0.331062376499176,0.1362190842628479,0.0662124752998352,0.7189821284857043
focus_jamendo_1093829__180s,focus_jamendo_1093829,focus,holdout,180.0,rhythm,24,0.5959318635274411,19.19476382061839,9.930206298828125,0.7162724137306213,0.5814959372260546,7.0,2.0,0.44592827558517456,0.2814185619354248,0.06370403936931066,0.4411559360090524
focus_jamendo_1093829__300s,focus_jamendo_1093829,focus,holdout,300.0,acoustic_novelty_delay,24,2.65222723638073,11.003597065806389,0.8477320075035095,0.5380194187164307,0.9776093038404959,3.0,2.0,0.3010590076446533,0.1510525941848755,0.10035300254821777,0.787417552826807
focus_jamendo_1093829__300s,focus_jamendo_1093829,focus,holdout,300.0,rhythm,24,1.980179444413499,11.777007692027837,2.7035741806030273,0.905507892370224,0.7710013776254633,2.0,0.0,0.12960118055343628,0.08586664497852325,0.06480059027671814,0.9223622373648557
focus_jamendo_1129320__180s,focus_jamendo_1129320,focus,holdout,180.0,acoustic_novelty_delay,24,1.4966875102094583,15.590542897582054,5.205216407775879,0.5987773537635803,0.8123610617098691,4.0,1.0,0.17593681812286377,0.10848456621170044,0.04398420453071594,0.7822917124001372
focus_jamendo_1129320__180s,focus_jamendo_1129320,focus,holdout,180.0,rhythm,24,2.454469790416037,10.651096036657691,1.7059890031814575,0.7344997525215149,0.8864803823371068,1.0,0.0,0.06618428230285645,0.06618428230285645,0.06618428230285645,-2.2204460492503128e-16
focus_jamendo_1129320__300s,focus_jamendo_1129320,focus,holdout,300.0,acoustic_novelty_delay,24,1.8472622690890061,13.981136456131935,3.3209335803985596,0.7116760313510895,0.870296581162627,4.0,0.0,0.12245588004589081,0.05279099941253662,0.030613970011472702,0.8598841524911051
focus_jamendo_1129320__300s,focus_jamendo_1129320,focus,holdout,300.0,rhythm,24,2.557949382627365,10.948233231902122,1.4649535417556763,0.5001158863306046,0.9202043304670832,2.0,1.0,0.13968929648399353,0.10395503044128418,0.06984464824199677,0.8203613804358191
focus_jamendo_1129323__180s,focus_jamendo_1129323,focus,holdout,180.0,acoustic_novelty_delay,24,1.7894913350958195,14.499988958239555,3.6402344703674316,0.5630444884300232,0.9091495387276076,7.0,2.0,0.46973884105682373,0.13790345191955566,0.06710554872240339,0.867549060794067
focus_jamendo_1129323__180s,focus_jamendo_1129323,focus,holdout,180.0,rhythm,24,3.50133452245466,9.72588824480772,1.085883378982544,0.569629967212677,0.9527662304959073,2.0,1.0,0.1410679817199707,0.12328991293907166,0.07053399085998535,0.5464346013949758
focus_jamendo_1129323__300s,focus_jamendo_1129323,focus,holdout,300.0,acoustic_novelty_delay,24,1.7894913350958195,14.499988958239555,3.6402344703674316,0.5630444884300232,0.9091495387276076,7.0,2.0,0.46973884105682373,0.13790345191955566,0.06710554872240339,0.867549060794067
focus_jamendo_1129323__300s,focus_jamendo_1129323,focus,holdout,300.0,rhythm,24,3.50133452245466,9.72588824480772,1.085883378982544,0.569629967212677,0.9527662304959073,2.0,1.0,0.1410679817199707,0.12328991293907166,0.07053399085998535,0.5464346013949758
focus_jamendo_1154294__180s,focus_jamendo_1154294,focus,holdout,180.0,acoustic_novelty_delay,24,2.71330331739192,9.507090270519257,0.7554686069488525,0.5950445532798767,0.9666195653291568,4.0,1.0,0.15261605381965637,0.10334795713424683,0.03815401345491409,0.6453474185595065
focus_jamendo_1154294__180s,focus_jamendo_1154294,focus,holdout,180.0,rhythm,24,2.4243730614687835,11.808601787313819,2.1774532794952393,0.7036316692829132,0.8703417010871408,3.0,0.0,0.0331181138753891,0.02692173421382904,0.011039371291796366,0.5045239797093558
focus_jamendo_1154294__300s,focus_jamendo_1154294,focus,holdout,300.0,acoustic_novelty_delay,24,2.1152407484579716,11.473822474479675,1.5608153343200684,0.5577042102813721,0.9408407987013917,5.0,1.0,0.42626142501831055,0.2486705780029297,0.08525228500366211,0.7569597429895604
focus_jamendo_1154294__300s,focus_jamendo_1154294,focus,holdout,300.0,rhythm,24,1.8366529831080887,11.664793903008103,2.63590145111084,0.5498039424419403,0.8274911644969605,6.0,0.0,0.18415263295173645,0.0628899335861206,0.030692105491956074,0.8967919431577248
focus_jamendo_1154298__180s,focus_jamendo_1154298,focus,holdout,180.0,acoustic_novelty_delay,24,2.289624964679092,10.962462469935417,1.041380763053894,0.5649815797805786,0.9773160791322254,4.0,2.0,0.5231311917304993,0.22029584646224976,0.13078279793262482,0.9287753401797333
focus_jamendo_1154298__180s,focus_jamendo_1154298,focus,holdout,180.0,rhythm,24,2.7763278807515395,10.502235472202301,0.9578799605369568,0.6146106719970703,0.9704637960667415,3.0,0.0,0.1611328423023224,0.07410985231399536,0.05371094743410746,0.9656560388902382
focus_jamendo_1154298__300s,focus_jamendo_1154298,focus,holdout,300.0,acoustic_novelty_delay,24,2.4195808969636152,11.914415284991264,1.3115174770355225,0.5353816449642181,0.9573401090768008,5.0,1.0,0.3477756977081299,0.13569462299346924,0.06955513954162598,0.9097516279282556
focus_jamendo_1154298__300s,focus_jamendo_1154298,focus,holdout,300.0,rhythm,24,2.6443385541167297,10.010794632136822,1.3681539297103882,0.49353937804698944,0.9439494098092751,3.0,0.0,0.08419254422187805,0.07413378357887268,0.028064181407292683,0.34484767007728423
focus_jamendo_1248571__180s,focus_jamendo_1248571,focus,holdout,180.0,acoustic_novelty_delay,24,2.5469669340356953,11.794848680496216,0.8913154006004333,0.6412245333194733,0.9744970993291926,7.0,3.0,0.5638471841812134,0.20982396602630615,0.08054959774017334,0.813526563417399
focus_jamendo_1248571__180s,focus_jamendo_1248571,focus,holdout,180.0,rhythm,24,2.5764279620094825,7.722071535885334,1.051118016242981,0.3887016922235489,0.9096573661674848,2.0,0.0,0.048518478870391846,0.0281832218170166,0.024259239435195923,0.9810436826655711
focus_jamendo_1248571__300s,focus_jamendo_1248571,focus,holdout,300.0,acoustic_novelty_delay,24,2.898575396943556,10.042989864945412,0.6676908135414124,0.5339907109737396,0.9836390005361325,9.0,1.0,0.4457548260688782,0.18689078092575073,0.04952831400765313,0.7931031513691602
focus_jamendo_1248571__300s,focus_jamendo_1248571,focus,holdout,300.0,rhythm,24,1.4099249789252075,12.529218912124634,2.4744207859039307,0.42204102873802185,0.890460216508167,5.0,0.0,0.1864064633846283,0.09782081842422485,0.03728129267692566,0.7485850216292274
focus_jamendo_1272579__180s,focus_jamendo_1272579,focus,holdout,180.0,acoustic_novelty_delay,24,2.5814781748133875,12.159468978643417,1.397855281829834,0.650711715221405,0.9620892473001512,6.0,0.0,0.24599039554595947,0.0848357081413269,0.04099839925765991,0.8388838132094987
focus_jamendo_1272579__180s,focus_jamendo_1272579,focus,holdout,180.0,rhythm,24,2.677519107309565,11.557925917208195,1.2134348154067993,0.675230473279953,0.9448359920339849,3.0,0.0,0.09763866662979126,0.05805861949920654,0.03254622220993042,0.8702900597917683
focus_jamendo_1272579__300s,focus_jamendo_1272579,focus,holdout,300.0,acoustic_novelty_delay,24,1.9372275092439004,14.360035985708237,4.160831451416016,0.5959219932556152,0.8756099942256059,4.0,0.0,0.25358790159225464,0.09444296360015869,0.06339697539806366,0.9644007257880889
focus_jamendo_1272579__300s,focus_jamendo_1272579,focus,holdout,300.0,rhythm,24,3.0990995117696443,9.793743968009949,1.0066354274749756,0.5799846947193146,0.9531364689295814,2.0,0.0,0.07379281520843506,0.0632275938987732,0.03689640760421753,0.5924915586257283
focus_jamendo_1569329__180s,focus_jamendo_1569329,focus,holdout,180.0,acoustic_novelty_delay,24,2.050691376296337,12.488210842013359,2.613882303237915,0.46122725307941437,0.9033952726123329,5.0,1.0,0.28883785009384155,0.13649895787239075,0.05776757001876831,0.7566036618358649
focus_jamendo_1569329__180s,focus_jamendo_1569329,focus,holdout,180.0,rhythm,24,2.8713495440713395,10.256288694217801,1.2668977975845337,0.6468385756015778,0.9236842166229761,6.0,1.0,0.252244770526886,0.13673371076583862,0.04204079508781433,0.7097134106870332
focus_jamendo_1569329__300s,focus_jamendo_1569329,focus,holdout,300.0,acoustic_novelty_delay,24,2.0734400871298213,11.245086833834648,2.282534122467041,0.44191451370716095,0.8922251953264888,0.0,0.0,0.0,0.0,0.0,0.0
focus_jamendo_1569329__300s,focus_jamendo_1569329,focus,holdout,300.0,rhythm,24,3.10005442973457,9.732033032923937,1.1710398197174072,0.6038532257080078,0.9201899191340195,3.0,2.0,0.2596328854560852,0.11910486221313477,0.0865442951520284,0.9206842981451017
focus_jamendo_1569330__180s,focus_jamendo_1569330,focus,holdout,180.0,acoustic_novelty_delay,24,2.8524144750920772,11.16860007122159,1.1585736274719238,0.528529018163681,0.9531416820917054,2.0,0.0,0.08150243759155273,0.053728461265563965,0.04075121879577637,0.9255581999359329
focus_jamendo_1569330__180s,focus_jamendo_1569330,focus,holdout,180.0,rhythm,24,1.4011726184727473,14.506781093776226,3.6130456924438477,0.42212049663066864,0.7004930177065523,0.0,0.0,0.0,0.0,0.0,0.0
focus_jamendo_1569330__300s,focus_jamendo_1569330,focus,holdout,300.0,acoustic_novelty_delay,24,2.7733291278701273,11.072418347001076,1.6256933212280273,0.49144451320171356,0.9387159941263138,4.0,1.0,0.26373156905174255,0.13222235441207886,0.06593289226293564,0.8443475163988343
focus_jamendo_1569330__300s,focus_jamendo_1569330,focus,holdout,300.0,rhythm,24,1.8492328384989762,12.533155024051666,3.175994396209717,0.6164741516113281,0.7941256599531183,2.0,0.0,0.05268096923828125,0.052330076694488525,0.026340484619140625,0.05773493838593536
focus_jamendo_1597868__180s,focus_jamendo_1597868,focus,holdout,180.0,acoustic_novelty_delay,24,1.834962215148591,13.13991066813469,2.299562454223633,0.5909700989723206,0.9066484044981792,4.0,1.0,0.3143380284309387,0.17367422580718994,0.07858450710773468,0.7017059334426293
focus_jamendo_1597868__180s,focus_jamendo_1597868,focus,holdout,180.0,rhythm,24,1.939942227585179,11.590841956436634,1.143936038017273,0.8271787762641907,0.922160002729674,2.0,1.0,0.14348512887954712,0.11124134063720703,0.07174256443977356,0.7686905438608234
focus_jamendo_1597868__300s,focus_jamendo_1597868,focus,holdout,300.0,acoustic_novelty_delay,24,1.9059986267767273,9.81188815832138,0.7776496410369873,0.5549856126308441,0.9754315769585278,5.0,0.0,0.22850662469863892,0.09236586093902588,0.04570132493972778,0.7997948503172939
focus_jamendo_1597868__300s,focus_jamendo_1597868,focus,holdout,300.0,rhythm,24,2.6374970507519566,9.237071320414543,0.8963384032249451,0.686105489730835,0.9068862234416878,2.0,0.0,0.024677380919456482,0.023722752928733826,0.012338690459728241,0.2362270355182709
focus_jamendo_1606551__180s,focus_jamendo_1606551,focus,holdout,180.0,acoustic_novelty_delay,24,2.5516274451349314,11.546061284840107,1.2074583768844604,0.5450491607189178,0.9634726013170526,4.0,1.0,0.276094913482666,0.22417205572128296,0.0690237283706665,0.46975670920747525
focus_jamendo_1606551__180s,focus_jamendo_1606551,focus,holdout,180.0,rhythm,24,3.519537552523995,7.690404053777456,1.4492641687393188,0.463231697678566,0.9117321001849332,2.0,0.0,0.029033243656158447,0.021641552448272705,0.014516621828079224,0.8184786599267466
focus_jamendo_1606551__300s,focus_jamendo_1606551,focus,holdout,300.0,acoustic_novelty_delay,24,2.114418029498199,11.286375418305397,1.025671124458313,0.5993333160877228,0.9738586013300222,3.0,1.0,0.20036554336547852,0.10495102405548096,0.0667885144551595,0.7483057340820528
focus_jamendo_1606551__300s,focus_jamendo_1606551,focus,holdout,300.0,rhythm,24,5.455020977899847,5.035118247382343,0.999758780002594,0.25662826746702194,0.847966139463291,0.0,0.0,0.0,0.0,0.0,0.0
focus_jamendo_1621763__180s,focus_jamendo_1621763,focus,holdout,180.0,acoustic_novelty_delay,24,2.6018159502197147,11.449169874191284,0.8762620091438293,0.56349116563797,0.984506624783579,5.0,2.0,0.33207041025161743,0.14448928833007812,0.06641408205032348,0.7965056827157445
focus_jamendo_1621763__180s,focus_jamendo_1621763,focus,holdout,180.0,rhythm,24,2.9346870909286236,11.417638748884201,1.0710432529449463,0.6521008908748627,0.9541939687654282,4.0,1.0,0.30674219131469727,0.14557784795761108,0.07668554782867432,0.9074145194744355
focus_jamendo_1621763__300s,focus_jamendo_1621763,focus,holdout,300.0,acoustic_novelty_delay,24,2.3270232090105165,11.601009756326675,0.9452255964279175,0.6054224073886871,0.9793623724726775,7.0,2.0,0.561532199382782,0.11464190483093262,0.08021888562611171,0.9284395644672694
focus_jamendo_1621763__300s,focus_jamendo_1621763,focus,holdout,300.0,rhythm,24,2.7848910401112246,12.355400055646896,2.3743746280670166,0.6537922024726868,0.9278849334105463,4.0,2.0,0.45537155866622925,0.1995295286178589,0.11384288966655731,0.7809611224299382
focus_jamendo_1672165__180s,focus_jamendo_1672165,focus,holdout,180.0,acoustic_novelty_delay,24,2.0844004294145666,12.39059129357338,1.7326096296310425,0.7066308259963989,0.9551473220202099,4.0,0.0,0.1384558379650116,0.04959899187088013,0.0346139594912529,0.8696302186466964
focus_jamendo_1672165__180s,focus_jamendo_1672165,focus,holdout,180.0,rhythm,24,2.8177303684674593,9.33986360579729,1.0561740398406982,0.4877300560474396,0.9457872443561128,4.0,0.0,0.06200289726257324,0.03582829236984253,0.01550072431564331,0.7418691245143848
focus_jamendo_1672165__300s,focus_jamendo_1672165,focus,holdout,300.0,acoustic_novelty_delay,24,1.9712454933501133,11.999441713094711,0.9999833703041077,0.6842755973339081,0.976313800876305,6.0,1.0,0.23650595545768738,0.11882069706916809,0.0394176592429479,0.7338816613664535
focus_jamendo_1672165__300s,focus_jamendo_1672165,focus,holdout,300.0,rhythm,24,3.4433896012571608,8.586593098938465,0.8016902208328247,0.5216652899980545,0.9365144437381843,0.0,0.0,0.0,0.0,0.0,0.0
focus_jamendo_1677808__180s,focus_jamendo_1677808,focus,holdout,180.0,acoustic_novelty_delay,24,2.5294430644134924,10.778600871562958,1.3628889322280884,0.5157166123390198,0.9559035417004758,5.0,0.0,0.24601823091506958,0.0802951455116272,0.04920364618301391,0.8464562523371812
focus_jamendo_1677808__180s,focus_jamendo_1677808,focus,holdout,180.0,rhythm,24,2.2755031498995777,8.65869916509837,1.5948007106781006,0.43372805416584015,0.857115382497955,3.0,0.0,0.17757676541805267,0.07302986085414886,0.05919225513935089,0.9552601775579913
focus_jamendo_1677808__300s,focus_jamendo_1677808,focus,holdout,300.0,acoustic_novelty_delay,24,2.809034950538681,11.27880273759365,0.939639687538147,0.6158401668071747,0.9746321864496011,7.0,0.0,0.28791728615760803,0.07967248558998108,0.04113104087965829,0.8828979513925549
focus_jamendo_1677808__300s,focus_jamendo_1677808,focus,holdout,300.0,rhythm,24,1.8441201486909429,10.0728848464787,2.0192930698394775,0.6980207562446594,0.8549339106897698,3.0,2.0,0.24770908057689667,0.1153872013092041,0.08256969352563222,0.8515705460668276
focus_jamendo_1677809__180s,focus_jamendo_1677809,focus,holdout,180.0,acoustic_novelty_delay,24,2.291105631586885,9.596848994493484,1.2434511184692383,0.5414621233940125,0.9259803501351366,3.0,0.0,0.08451676368713379,0.041465312242507935,0.02817225456237793,0.9437396348058185
focus_jamendo_1677809__180s,focus_jamendo_1677809,focus,holdout,180.0,rhythm,24,1.2842585338822325,14.147318467497826,2.9037845134735107,0.7001872956752777,0.8816663544462042,4.0,0.0,0.10572195053100586,0.0678439736366272,0.026430487632751465,0.7446930371401205
focus_jamendo_1677809__300s,focus_jamendo_1677809,focus,holdout,300.0,acoustic_novelty_delay,24,2.379661050142678,10.242993548512459,1.3400503396987915,0.7045531570911407,0.9265425874805898,2.0,0.0,0.0840737372636795,0.08215343952178955,0.04203686863183975,0.15710579255017632
focus_jamendo_1677809__300s,focus_jamendo_1677809,focus,holdout,300.0,rhythm,24,3.134607350836,10.687977574765682,1.018175721168518,0.6036604046821594,0.9575682293396016,3.0,0.0,0.09556657075881958,0.050463706254959106,0.03185552358627319,0.8901479809384684
focus_jamendo_1683418__180s,focus_jamendo_1683418,focus,holdout,180.0,acoustic_novelty_delay,24,2.600649038326636,10.035452857613564,0.8345966935157776,0.5448156595230103,0.977848954736777,5.0,1.0,0.3497784733772278,0.18602949380874634,0.06995569467544556,0.8231748879811536
focus_jamendo_1683418__180s,focus_jamendo_1683418,focus,holdout,180.0,rhythm,24,0.32266024048985675,38.55843807756901,22.61680793762207,0.28442610800266266,0.4449319153803455,5.0,0.0,0.029037922620773315,0.012639045715332031,0.005807584524154663,0.7937176240324213
focus_jamendo_1683418__300s,focus_jamendo_1683418,focus,holdout,300.0,acoustic_novelty_delay,24,2.7176962073237116,11.320044934749603,0.6717621684074402,0.602613627910614,0.9888287934401295,9.0,3.0,0.6534835696220398,0.13973629474639893,0.07260928551355998,0.9186181365566507
focus_jamendo_1683418__300s,focus_jamendo_1683418,focus,holdout,300.0,rhythm,24,1.3703707151117224,10.504447328858078,4.9513163566589355,0.43767407536506653,0.6216294111662344,5.0,0.0,0.023659784346818924,0.018815279006958008,0.004731956869363785,0.44493837090543986
focus_jamendo_1685030__180s,focus_jamendo_1685030,focus,holdout,180.0,acoustic_novelty_delay,24,2.233735573902707,13.759409815073013,1.9455626010894775,0.5774141550064087,0.9485175039672182,8.0,1.0,0.34976261854171753,0.12060630321502686,0.04372032731771469,0.7935958466816256
focus_jamendo_1685030__180s,focus_jamendo_1685030,focus,holdout,180.0,rhythm,24,4.556501225732731,6.868204170837998,0.896223783493042,0.4337940812110901,0.9165737474977483,2.0,0.0,0.09571605920791626,0.057165324687957764,0.04785802960395813,0.9725430115731479
focus_jamendo_1685030__300s,focus_jamendo_1685030,focus,holdout,300.0,acoustic_novelty_delay,24,1.8839997019198027,16.080309450626373,5.573898792266846,0.5905798971652985,0.8418730573761841,4.0,2.0,0.4822261929512024,0.1710156798362732,0.1205565482378006,0.9527848575193594
focus_jamendo_1685030__300s,focus_jamendo_1685030,focus,holdout,300.0,rhythm,24,5.059600606704029,6.4544382486492395,0.7988908290863037,0.3719244450330734,0.8970960826501672,1.0,0.0,0.007958680391311646,0.007958680391311646,0.007958680391311646,-2.2204460492503128e-16
focus_jamendo_1685032__180s,focus_jamendo_1685032,focus,holdout,180.0,acoustic_novelty_delay,24,2.580581306896251,11.666707336902618,2.1614253520965576,0.5487571358680725,0.9425705001216622,4.0,0.0,0.23543167114257812,0.08672237396240234,0.05885791778564453,0.9738301282494859
focus_jamendo_1685032__180s,focus_jamendo_1685032,focus,holdout,180.0,rhythm,24,2.735450323659331,10.506534803658724,1.3592242002487183,0.5815268158912659,0.934498659471565,2.0,1.0,0.18017852306365967,0.10423398017883301,0.09008926153182983,0.9821439435800402
focus_jamendo_1685032__300s,focus_jamendo_1685032,focus,holdout,300.0,acoustic_novelty_delay,24,2.56180479507817,12.303543776273727,1.5223904848098755,0.6433772146701813,0.9611316889666308,7.0,1.0,0.4487408995628357,0.1562415361404419,0.06410584279469081,0.8274057498035571
focus_jamendo_1685032__300s,focus_jamendo_1685032,focus,holdout,300.0,rhythm,24,3.387081581775118,8.823516435339116,1.413395881652832,0.4342373311519623,0.9088680431255284,1.0,0.0,0.0008041858673095703,0.0008041858673095703,0.0008041858673095703,-2.2204460492503128e-16
focus_jamendo_1744930__180s,focus_jamendo_1744930,focus,holdout,180.0,acoustic_novelty_delay,24,1.6389244356991282,13.053872495889664,2.6774888038635254,0.5967483818531036,0.9314607234205854,5.0,3.0,0.6064406633377075,0.27543944120407104,0.1212881326675415,0.8480146507103957
focus_jamendo_1744930__180s,focus_jamendo_1744930,focus,holdout,180.0,rhythm,24,1.6390527138113162,12.848814710974693,2.1934502124786377,0.8390060067176819,0.8313306441471661,4.0,0.0,0.10631468892097473,0.0450901985168457,0.026578672230243683,0.9233695645254381
focus_jamendo_1744930__300s,focus_jamendo_1744930,focus,holdout,300.0,acoustic_novelty_delay,24,1.9281275460931377,11.15255269408226,1.017126441001892,0.5675057172775269,0.9767236857745046,6.0,0.0,0.2547353506088257,0.0613553524017334,0.04245589176813761,0.9414269636447655
focus_jamendo_1744930__300s,focus_jamendo_1744930,focus,holdout,300.0,rhythm,24,1.8362084011813056,11.605858270078897,1.5814059972763062,1.0015830993652344,0.8694555116081778,1.0,0.0,0.04805910587310791,0.04805910587310791,0.04805910587310791,-2.2204460492503128e-16
focus_jamendo_1798108__180s,focus_jamendo_1798108,focus,holdout,180.0,acoustic_novelty_delay,24,2.3852536986074773,9.594030380249023,0.7759837508201599,0.5703206956386566,0.9682765198014226,4.0,1.0,0.2150740623474121,0.10779643058776855,0.05376851558685303,0.8937419678532165
focus_jamendo_1798108__180s,focus_jamendo_1798108,focus,holdout,180.0,rhythm,24,2.6156421574284554,10.035054441541433,1.0277823209762573,0.5601592659950256,0.9576713409265413,6.0,1.0,0.3128175139427185,0.19413530826568604,0.052136252323786415,0.6221006552689401
focus_jamendo_1798108__300s,focus_jamendo_1798108,focus,holdout,300.0,acoustic_novelty_delay,24,2.1027156208924387,11.942813873291016,1.2195510864257812,0.5482958257198334,0.9700074197098683,6.0,0.0,0.24773144721984863,0.09136217832565308,0.04128857453664144,0.7570510580070594
focus_jamendo_1798108__300s,focus_jamendo_1798108,focus,holdout,300.0,rhythm,24,2.6181562318050204,11.233055859804153,1.316347360610962,0.5912611186504364,0.9563890203199216,2.0,0.0,0.07503312826156616,0.06534570455551147,0.03751656413078308,0.5549884967337991
focus_jamendo_1811125__180s,focus_jamendo_1811125,focus,holdout,180.0,acoustic_novelty_delay,24,2.4694409275602816,10.02591797709465,0.7647585868835449,0.6220633089542389,0.959527545701435,5.0,0.0,0.1259067952632904,0.04900681972503662,0.02518135905265808,0.8064042320933753
focus_jamendo_1811125__180s,focus_jamendo_1811125,focus,holdout,180.0,rhythm,24,0.8078088898418716,11.172069245018065,2.851911783218384,0.5169853568077087,0.7986081225132722,1.0,0.0,0.009269416332244873,0.009269416332244873,0.009269416332244873,-2.2204460492503128e-16
focus_jamendo_1811125__300s,focus_jamendo_1811125,focus,holdout,300.0,acoustic_novelty_delay,24,2.2326387892154727,12.071951180696487,1.525205135345459,0.5630725920200348,0.9398930319907179,4.0,0.0,0.2697144150733948,0.09739774465560913,0.0674286037683487,0.9492294233333811
focus_jamendo_1811125__300s,focus_jamendo_1811125,focus,holdout,300.0,rhythm,24,1.7903051957497562,10.666149068623781,2.0224695205688477,0.7037282884120941,0.842481950107896,2.0,0.0,0.10961923003196716,0.07269911468029022,0.05480961501598358,0.9217267558807216
focus_jamendo_1832577__180s,focus_jamendo_1832577,focus,holdout,180.0,acoustic_novelty_delay,24,2.132112480550947,10.962927669286728,1.7325249910354614,0.4604819267988205,0.9480289124564154,5.0,2.0,0.5437707304954529,0.21193552017211914,0.10875414609909058,0.9155293123164301
focus_jamendo_1832577__180s,focus_jamendo_1832577,focus,holdout,180.0,rhythm,24,1.5650670781354734,14.980347447097301,3.180060386657715,0.5083924680948257,0.8145146064189888,1.0,0.0,0.05876991152763367,0.05876991152763367,0.05876991152763367,-2.2204460492503128e-16
focus_jamendo_1832577__300s,focus_jamendo_1832577,focus,holdout,300.0,acoustic_novelty_delay,24,2.3574850469861084,10.234398610889912,1.362900972366333,0.5688252151012421,0.9363377004160441,5.0,1.0,0.284955158829689,0.18053549528121948,0.056991031765937804,0.6322889051706964
focus_jamendo_1832577__300s,focus_jamendo_1832577,focus,holdout,300.0,rhythm,24,2.6567852385513104,9.289361145347357,2.212059497833252,0.44328950345516205,0.8217734677464104,1.0,0.0,0.006570249795913696,0.006570249795913696,0.006570249795913696,-2.2204460492503128e-16
focus_jamendo_1865466__180s,focus_jamendo_1865466,focus,holdout,180.0,acoustic_novelty_delay,24,2.4309969473934405,11.480261400341988,1.1697499752044678,0.5541680753231049,0.9639118642931191,4.0,2.0,0.3215840756893158,0.14639222621917725,0.08039601892232895,0.8193168503077283
focus_jamendo_1865466__180s,focus_jamendo_1865466,focus,holdout,180.0,rhythm,24,2.74070343252881,8.32123278081417,1.497252345085144,0.5052268505096436,0.8724362515043239,3.0,0.0,0.03350333124399185,0.013444453477859497,0.011167777081330618,0.9871545692331444
focus_jamendo_1865466__300s,focus_jamendo_1865466,focus,holdout,300.0,acoustic_novelty_delay,24,2.0086740675310812,15.082836747169495,3.698793649673462,0.5799325704574585,0.8893787983427143,6.0,1.0,0.3531527519226074,0.1359918713569641,0.058858791987101235,0.877126951650859
focus_jamendo_1865466__300s,focus_jamendo_1865466,focus,holdout,300.0,rhythm,24,3.650830196538325,5.523170750241183,1.5453808307647705,0.3739389032125473,0.7575711620130845,1.0,0.0,0.01818639039993286,0.01818639039993286,0.01818639039993286,-2.2204460492503128e-16
focus_jamendo_1871951__180s,focus_jamendo_1871951,focus,holdout,180.0,acoustic_novelty_delay,24,2.541892486542568,11.439611822366714,0.9721224308013916,0.5444227457046509,0.9827685318610433,4.0,0.0,0.09568920731544495,0.06541311740875244,0.023922301828861237,0.6691406084148185
focus_jamendo_1871951__180s,focus_jamendo_1871951,focus,holdout,180.0,rhythm,24,0.46035555985875143,21.565121971070766,6.455031394958496,0.8230599761009216,0.6750275780329854,4.0,0.0,0.04990207403898239,0.034939609467983246,0.012475518509745598,0.570204039171558
focus_jamendo_1871951__300s,focus_jamendo_1871951,focus,holdout,300.0,acoustic_novelty_delay,24,2.526256359276865,11.820153668522835,1.0997533798217773,0.59943488240242,0.9745733660010383,3.0,0.0,0.15072959661483765,0.0950613021850586,0.05024319887161255,0.8120941781670998
focus_jamendo_1871951__300s,focus_jamendo_1871951,focus,holdout,300.0,rhythm,24,0.7669567914218716,12.468199640512466,2.4596312046051025,0.5776433944702148,0.7761849485100681,3.0,0.0,0.0137251615524292,0.005408048629760742,0.004575053850809733,0.9838954932492168
focus_jamendo_1898926__180s,focus_jamendo_1898926,focus,holdout,180.0,acoustic_novelty_delay,24,2.6816458420508136,10.767568126320839,1.1938015222549438,0.5601594150066376,0.9578045791796004,4.0,0.0,0.21937143802642822,0.080177903175354,0.054842859506607056,0.9314145162759403
focus_jamendo_1898926__180s,focus_jamendo_1898926,focus,holdout,180.0,rhythm,24,1.020405929063119,12.828792460262775,3.4873640537261963,0.6210994571447372,0.7949005479716051,5.0,2.0,0.4497208893299103,0.269999623298645,0.08994417786598205,0.5571455591925762
focus_jamendo_1898926__300s,focus_jamendo_1898926,focus,holdout,300.0,acoustic_novelty_delay,24,2.3873707564382425,11.480439402163029,2.635650157928467,0.5587284862995148,0.884823282627618,3.0,1.0,0.2226966917514801,0.1047777533531189,0.0742322305838267,0.948972951030062
focus_jamendo_1898926__300s,focus_jamendo_1898926,focus,holdout,300.0,rhythm,24,2.2014419927724362,12.310522019863129,2.302454948425293,0.44593358039855957,0.8652413693642695,3.0,0.0,0.11944213509559631,0.05113738775253296,0.03981404503186544,0.9451906212865743
focus_jamendo_1900437__180s,focus_jamendo_1900437,focus,holdout,180.0,acoustic_novelty_delay,24,2.453486075153392,11.195795595645905,0.9802096486091614,0.5282016098499298,0.9675091112346197,4.0,0.0,0.1401856243610382,0.06551578640937805,0.03504640609025955,0.8485175627156231
focus_jamendo_1900437__180s,focus_jamendo_1900437,focus,holdout,180.0,rhythm,24,3.39626704813915,9.62660638988018,0.9544386267662048,0.5391625761985779,0.9580441126900016,3.0,1.0,0.21423649787902832,0.15903031826019287,0.0714121659596761,0.6625936994899991
focus_jamendo_1900437__300s,focus_jamendo_1900437,focus,holdout,300.0,acoustic_novelty_delay,24,2.6491953182651815,10.880602464079857,0.8506069779396057,0.5648670196533203,0.9797527931802544,3.0,1.0,0.17487341165542603,0.12325853109359741,0.05829113721847534,0.7372166839764002
focus_jamendo_1900437__300s,focus_jamendo_1900437,focus,holdout,300.0,rhythm,24,2.90471217279286,11.357462368905544,1.249622106552124,0.6543489396572113,0.947290103162042,5.0,1.0,0.3080098628997803,0.10557538270950317,0.06160197257995605,0.9164161288297692
focus_jamendo_1900439__180s,focus_jamendo_1900439,focus,holdout,180.0,acoustic_novelty_delay,24,2.4419217146534393,12.24344815313816,1.2689851522445679,0.6960489153862,0.9577049904844659,5.0,0.0,0.10700485110282898,0.04138427972793579,0.021400970220565797,0.8593268276622272
focus_jamendo_1900439__180s,focus_jamendo_1900439,focus,holdout,180.0,rhythm,24,2.1130162411073927,11.915918968617916,2.9643516540527344,0.6535094380378723,0.8612883362327475,4.0,1.0,0.35200390219688416,0.29961174726486206,0.08800097554922104,0.330625031469439
focus_jamendo_1900439__300s,focus_jamendo_1900439,focus,holdout,300.0,acoustic_novelty_delay,24,3.088623519016404,10.07698006927967,1.035180926322937,0.5317519009113312,0.9542421084333887,1.0,0.0,0.00542372465133667,0.00542372465133667,0.00542372465133667,-2.2204460492503128e-16
focus_jamendo_1900439__300s,focus_jamendo_1900439,focus,holdout,300.0,rhythm,24,2.7886097497152504,12.664814367890358,1.7916702032089233,0.63895183801651,0.9530095487777853,4.0,2.0,0.4020376205444336,0.23599982261657715,0.1005094051361084,0.7672829518901307
focus_jamendo_1932519__180s,focus_jamendo_1932519,focus,holdout,180.0,acoustic_novelty_delay,24,2.2828455080155923,10.385271102190018,0.9373451471328735,0.5646457970142365,0.9624861798197907,3.0,0.0,0.07828560471534729,0.061172932386398315,0.02609520157178243,0.6139746366726875
focus_jamendo_1932519__180s,focus_jamendo_1932519,focus,holdout,180.0,rhythm,24,1.4919917660386903,9.761574663221836,1.2183974981307983,0.6228137016296387,0.8768731770444111,4.0,1.0,0.46131542325019836,0.3308204412460327,0.11532885581254959,0.5953066318932024
focus_jamendo_1932519__300s,focus_jamendo_1932519,focus,holdout,300.0,acoustic_novelty_delay,24,2.6858594940440046,10.193206042051315,0.8668727278709412,0.572509765625,0.9737731447967977,4.0,0.0,0.14791437983512878,0.05842059850692749,0.036978594958782196,0.8856614463444261
focus_jamendo_1932519__300s,focus_jamendo_1932519,focus,holdout,300.0,rhythm,24,0.7563273776318458,16.86515786126256,5.899712562561035,0.5256551802158356,0.747053840510511,4.0,0.0,0.19557559490203857,0.09406232833862305,0.048893898725509644,0.7583781741221921
focus_jamendo_1939376__180s,focus_jamendo_1939376,focus,holdout,180.0,acoustic_novelty_delay,24,2.601782970206516,11.541132509708405,1.3671722412109375,0.49946004152297974,0.9673912651872331,5.0,0.0,0.242719829082489,0.08913618326187134,0.0485439658164978,0.9254050890891001
focus_jamendo_1939376__180s,focus_jamendo_1939376,focus,holdout,180.0,rhythm,24,0.9771175621653019,10.910616025328636,1.8508609533309937,0.5292293578386307,0.8880314311100025,4.0,1.0,0.282392293214798,0.13141152262687683,0.0705980733036995,0.8890034438245351
focus_jamendo_1939376__300s,focus_jamendo_1939376,focus,holdout,300.0,acoustic_novelty_delay,24,2.373841086828824,11.113417595624924,0.9373224377632141,0.5460315644741058,0.9872232870813596,4.0,0.0,0.10790437459945679,0.05242198705673218,0.026976093649864197,0.8877421552263792
focus_jamendo_1939376__300s,focus_jamendo_1939376,focus,holdout,300.0,rhythm,24,2.756385856998529,12.366352511569858,1.8009450435638428,0.7016855180263519,0.9277884942034358,8.0,1.0,0.3263239860534668,0.1058969795703888,0.04079049825668335,0.8486749322151776
focus_jamendo_1964726__180s,focus_jamendo_1964726,focus,holdout,180.0,acoustic_novelty_delay,24,2.796773221305015,10.15130415558815,0.6978856325149536,0.5058609843254089,0.9899666734608028,2.0,0.0,0.1243545413017273,0.06291574239730835,0.06217727065086365,0.9998982441904665
focus_jamendo_1964726__180s,focus_jamendo_1964726,focus,holdout,180.0,rhythm,24,2.2944785944856214,10.031811244785786,1.630615472793579,0.6265479326248169,0.9087513063609584,2.0,0.0,0.1100119948387146,0.059004902839660645,0.0550059974193573,0.996184162089978
focus_jamendo_1964726__300s,focus_jamendo_1964726,focus,holdout,300.0,acoustic_novelty_delay,24,2.627651918527208,10.653228670358658,0.8335002660751343,0.49776677787303925,0.9902413784943928,5.0,1.0,0.41946732997894287,0.2047288417816162,0.08389346599578858,0.8211134888566816
focus_jamendo_1964726__300s,focus_jamendo_1964726,focus,holdout,300.0,rhythm,24,2.0457128055904263,11.479112821631134,2.301971435546875,0.6799856126308441,0.8659902625481416,3.0,1.0,0.2819671034812927,0.2357158064842224,0.09398903449376424,0.47929177403200846
focus_jamendo_1964742__180s,focus_jamendo_1964742,focus,holdout,180.0,acoustic_novelty_delay,24,2.8849399752493925,10.683059111237526,0.9466525912284851,0.5902551412582397,0.9647787379739398,4.0,1.0,0.21213853359222412,0.10753273963928223,0.05303463339805603,0.7318894197795919
focus_jamendo_1964742__180s,focus_jamendo_1964742,focus,holdout,180.0,rhythm,24,1.8654769974905312,13.366430910304189,2.530322790145874,0.8860554397106171,0.8082223286570258,3.0,0.0,0.03932003676891327,0.028547704219818115,0.01310667892297109,0.6524935354911894
focus_jamendo_1964742__300s,focus_jamendo_1964742,focus,holdout,300.0,acoustic_novelty_delay,24,2.7816414337497273,11.318501770496368,1.188424825668335,0.5890128016471863,0.9652402304237522,6.0,0.0,0.23801597952842712,0.09499979019165039,0.03966932992140452,0.8414830194934589
focus_jamendo_1964742__300s,focus_jamendo_1964742,focus,holdout,300.0,rhythm,24,2.180487962736799,11.488828677684069,1.4350309371948242,0.5663828551769257,0.9022279787998895,5.0,0.0,0.2584758400917053,0.0887824296951294,0.051695168018341064,0.8667251841503959
focus_jamendo_1976281__180s,focus_jamendo_1976281,focus,holdout,180.0,acoustic_novelty_delay,24,2.263353626758388,11.500794261693954,1.1807994842529297,0.524249404668808,0.9653542261789254,7.0,2.0,0.5360104143619537,0.3047865629196167,0.07657291633742196,0.6080515004126867
focus_jamendo_1976281__180s,focus_jamendo_1976281,focus,holdout,180.0,rhythm,24,1.508194287464816,11.73895176127553,2.076838254928589,0.6023239493370056,0.8792495623902579,4.0,0.0,0.04677397012710571,0.017014503479003906,0.011693492531776428,0.9212473990923011
focus_jamendo_1976281__300s,focus_jamendo_1976281,focus,holdout,300.0,acoustic_novelty_delay,24,2.5108738834654236,10.994162678718567,0.8474380970001221,0.5343364179134369,0.9877715555003354,5.0,1.0,0.2907460331916809,0.17726480960845947,0.058149206638336184,0.6426045968301956
focus_jamendo_1976281__300s,focus_jamendo_1976281,focus,holdout,300.0,rhythm,24,2.3726992336048935,11.748277131468058,2.419358968734741,0.6307222843170166,0.9043629964687862,4.0,2.0,0.3118531107902527,0.14680832624435425,0.07796327769756317,0.8258381328341445
focus_jamendo_1976293__180s,focus_jamendo_1976293,focus,holdout,180.0,acoustic_novelty_delay,24,2.7660711657203993,10.470492199063301,0.7691238522529602,0.562766045331955,0.9810923455331223,5.0,1.0,0.27641838788986206,0.16237300634384155,0.05528367757797241,0.6840199136223696
focus_jamendo_1976293__180s,focus_jamendo_1976293,focus,holdout,180.0,rhythm,24,1.3010753358230915,8.509279849007726,1.7799707651138306,0.3698587864637375,0.8365638529711396,2.0,0.0,0.12022721767425537,0.08350062370300293,0.060113608837127686,0.8878827054184842
focus_jamendo_1976293__300s,focus_jamendo_1976293,focus,holdout,300.0,acoustic_novelty_delay,24,2.49869683196217,10.289995715022087,0.7507936954498291,0.5491308271884918,0.9856702370043039,7.0,1.0,0.34132683277130127,0.1003725528717041,0.04876097611018589,0.7928308750652996
focus_jamendo_1976293__300s,focus_jamendo_1976293,focus,holdout,300.0,rhythm,24,1.9280583618518563,9.111619602888823,0.9380902051925659,0.5656566023826599,0.9381895908345564,4.0,0.0,0.19139379262924194,0.08603572845458984,0.047848448157310486,0.8543732344206842
focus_jamendo_1989240__180s,focus_jamendo_1989240,focus,holdout,180.0,acoustic_novelty_delay,24,2.295170584704451,12.039960265159607,0.9555188417434692,0.6540805995464325,0.9731949307359933,5.0,2.0,0.28875431418418884,0.11068183183670044,0.057750862836837766,0.7826578020625115
focus_jamendo_1989240__180s,focus_jamendo_1989240,focus,holdout,180.0,rhythm,24,0.8519723632591629,14.10048222541809,3.8447940349578857,0.5128540992736816,0.7552163646359416,4.0,0.0,0.07148084044456482,0.028016120195388794,0.017870210111141205,0.9021647281140477
focus_jamendo_1989240__300s,focus_jamendo_1989240,focus,holdout,300.0,acoustic_novelty_delay,24,2.111004647981482,12.967937931418419,2.645602226257324,0.5932850241661072,0.9165083833585893,3.0,1.0,0.1964341104030609,0.15800392627716064,0.06547803680102031,0.5639990517677012
focus_jamendo_1989240__300s,focus_jamendo_1989240,focus,holdout,300.0,rhythm,24,0.602043134028482,25.099069498479366,8.79089069366455,0.6933304965496063,0.6079973333985343,5.0,0.0,0.04165762662887573,0.023815929889678955,0.008331525325775146,0.6400057005379415
focus_jamendo_1997549__180s,focus_jamendo_1997549,focus,holdout,180.0,acoustic_novelty_delay,24,2.1572201267316524,11.335731416940689,1.216308832168579,0.5539790987968445,0.9572825568169234,1.0,0.0,0.014245450496673584,0.014245450496673584,0.014245450496673584,-2.2204460492503128e-16
focus_jamendo_1997549__180s,focus_jamendo_1997549,focus,holdout,180.0,rhythm,24,0.47162535878673184,23.109758906066418,10.890022277832031,0.8874090313911438,0.6098100779058373,6.0,0.0,0.04050840437412262,0.01706111431121826,0.006751400729020436,0.801425163063934
focus_jamendo_1997549__300s,focus_jamendo_1997549,focus,holdout,300.0,acoustic_novelty_delay,24,2.1039509688426694,13.37934385240078,2.118924379348755,0.5781432688236237,0.9268286995991999,3.0,1.0,0.22111201286315918,0.12881624698638916,0.07370400428771973,0.8787159182675339
focus_jamendo_1997549__300s,focus_jamendo_1997549,focus,holdout,300.0,rhythm,24,0.9122720007142655,9.976861786097288,2.985368490219116,0.4562031924724579,0.7741455722724423,5.0,0.0,0.04127800464630127,0.017825424671173096,0.008255600929260254,0.7589038719436495
focus_jamendo_2029578__180s,focus_jamendo_2029578,focus,holdout,180.0,acoustic_novelty_delay,24,1.640531765168671,17.817087844014168,5.878344535827637,0.563496321439743,0.8196122583455195,3.0,0.0,0.19360941648483276,0.0709342360496521,0.06453647216161092,0.9977394050670366
focus_jamendo_2029578__180s,focus_jamendo_2029578,focus,holdout,180.0,rhythm,24,2.7439533328387844,10.457821175456047,1.4847557544708252,0.49009330570697784,0.9482135030304177,1.0,0.0,0.046066224575042725,0.046066224575042725,0.046066224575042725,-2.2204460492503128e-16
focus_jamendo_2029578__300s,focus_jamendo_2029578,focus,holdout,300.0,acoustic_novelty_delay,24,1.640531765168671,17.817087844014168,5.878344535827637,0.563496321439743,0.8196122583455195,3.0,0.0,0.19360941648483276,0.0709342360496521,0.06453647216161092,0.9977394050670366
focus_jamendo_2029578__300s,focus_jamendo_2029578,focus,holdout,300.0,rhythm,24,2.7439533328387844,10.457821175456047,1.4847557544708252,0.49009330570697784,0.9482135030304177,1.0,0.0,0.046066224575042725,0.046066224575042725,0.046066224575042725,-2.2204460492503128e-16
focus_jamendo_2060537__180s,focus_jamendo_2060537,focus,holdout,180.0,acoustic_novelty_delay,24,2.610245740197935,10.60387833416462,0.7168205976486206,0.5733120143413544,0.987459051297758,6.0,3.0,0.5746192932128906,0.15353912115097046,0.09576988220214844,0.9397480086827052
focus_jamendo_2060537__180s,focus_jamendo_2060537,focus,holdout,180.0,rhythm,24,3.0460849082327526,5.342432669363916,1.0797538757324219,0.32220442593097687,0.856372854490189,2.0,0.0,0.015316113829612732,0.010481476783752441,0.007658056914806366,0.899595819596208
focus_jamendo_2060537__300s,focus_jamendo_2060537,focus,holdout,300.0,acoustic_novelty_delay,24,2.6922833207738943,10.837060883641243,1.1213315725326538,0.545096218585968,0.9723061725791834,6.0,0.0,0.18129298090934753,0.06568264961242676,0.03021549681822459,0.8994444427121787
focus_jamendo_2060537__300s,focus_jamendo_2060537,focus,holdout,300.0,rhythm,24,3.679201433925497,8.393285859376192,1.2426915168762207,0.5271966755390167,0.8939517693487478,2.0,0.0,0.034974709153175354,0.02287156879901886,0.017487354576587677,0.9304945465015172
focus_jamendo_2169943__180s,focus_jamendo_2169943,focus,holdout,180.0,acoustic_novelty_delay,24,2.4760864220150802,11.25220587849617,1.1481733322143555,0.5977227091789246,0.9807440377878885,6.0,2.0,0.4980863928794861,0.15958476066589355,0.08301439881324768,0.8774700897154085
focus_jamendo_2169943__180s,focus_jamendo_2169943,focus,holdout,180.0,rhythm,24,3.288325295552659,9.27839569747448,0.9327495694160461,0.49297845363616943,0.9643928304822136,3.0,0.0,0.06127512454986572,0.05022299289703369,0.020425041516621906,0.5376221569297208
focus_jamendo_2169943__300s,focus_jamendo_2169943,focus,holdout,300.0,acoustic_novelty_delay,24,2.549698854184677,10.990141913294792,1.7700424194335938,0.5478940308094025,0.9357078249604991,3.0,1.0,0.26095452904701233,0.18168491125106812,0.08698484301567078,0.743805352895888
focus_jamendo_2169943__300s,focus_jamendo_2169943,focus,holdout,300.0,rhythm,24,2.6750259999877084,11.277972400188446,0.9952799677848816,0.6311164200305939,0.9637004561477289,4.0,0.0,0.17253470420837402,0.07002449035644531,0.043133676052093506,0.9562235824669146
focus_jamendo_2207645__180s,focus_jamendo_2207645,focus,holdout,180.0,acoustic_novelty_delay,24,2.508071363056422,9.344727650284767,1.1185704469680786,0.5010693222284317,0.9488605321895223,3.0,0.0,0.11814358830451965,0.05377855896949768,0.03938119610150655,0.9392662545347156
focus_jamendo_2207645__180s,focus_jamendo_2207645,focus,holdout,180.0,rhythm,24,1.5538591682674752,14.687649000436068,2.955954074859619,0.7576848268508911,0.8444027252842626,1.0,0.0,0.004057049751281738,0.004057049751281738,0.004057049751281738,-2.2204460492503128e-16
focus_jamendo_2207645__300s,focus_jamendo_2207645,focus,holdout,300.0,acoustic_novelty_delay,24,2.1409098724525055,10.973541602492332,1.5912647247314453,0.5559529364109039,0.9368809420014623,4.0,0.0,0.07331812381744385,0.03827071189880371,0.018329530954360962,0.8557826220754996
focus_jamendo_2207645__300s,focus_jamendo_2207645,focus,holdout,300.0,rhythm,24,2.1488834291314327,13.099435109645128,1.734572172164917,1.1464801728725433,0.8015098753007651,2.0,1.0,0.3509775251150131,0.34639477729797363,0.17548876255750656,0.1004385509570143
focus_jamendo_2274006__180s,focus_jamendo_2274006,focus,holdout,180.0,acoustic_novelty_delay,24,2.4603986492775483,13.474694594740868,2.3501288890838623,0.6568959057331085,0.9461445990587587,4.0,1.0,0.2001362442970276,0.11499154567718506,0.0500340610742569,0.7820618325535408
focus_jamendo_2274006__180s,focus_jamendo_2274006,focus,holdout,180.0,rhythm,24,2.499537522112642,7.197208344936371,1.348557710647583,0.41445814073085785,0.8674735074824115,2.0,0.0,0.02637520432472229,0.021004706621170044,0.013187602162361145,0.729107682955451
focus_jamendo_2274006__300s,focus_jamendo_2274006,focus,holdout,300.0,acoustic_novelty_delay,24,2.4603986492775483,13.474694594740868,2.3501288890838623,0.6568959057331085,0.9461445990587587,4.0,1.0,0.2001362442970276,0.11499154567718506,0.0500340610742569,0.7820618325535408
focus_jamendo_2274006__300s,focus_jamendo_2274006,focus,holdout,300.0,rhythm,24,2.499537522112642,7.197208344936371,1.348557710647583,0.41445814073085785,0.8674735074824115,2.0,0.0,0.02637520432472229,0.021004706621170044,0.013187602162361145,0.729107682955451
classical_musicnet_1727__180s,classical_musicnet_1727,classical,validation,180.0,acoustic_novelty_delay,24,2.5948233413818227,10.60241785645485,0.9224553108215332,0.5213782787322998,0.9763552730550522,3.0,0.0,0.04018858075141907,0.025204122066497803,0.013396193583806356,0.7244041890299546
classical_musicnet_1727__180s,classical_musicnet_1727,classical,validation,180.0,rhythm,24,2.777971725835549,10.547992676496506,0.8869895935058594,0.7169757783412933,0.9556072081361066,4.0,0.0,0.14546999335289001,0.07937872409820557,0.036367498338222504,0.7980467117537563
classical_musicnet_1727__300s,classical_musicnet_1727,classical,validation,300.0,acoustic_novelty_delay,24,2.4677866105037163,11.612199023365974,1.296895146369934,0.5649255514144897,0.9667189728269693,4.0,1.0,0.28980910778045654,0.16849493980407715,0.07245227694511414,0.7856187771457389
classical_musicnet_1727__300s,classical_musicnet_1727,classical,validation,300.0,rhythm,24,2.2536695605160464,11.084523797035217,1.8121349811553955,0.5175462067127228,0.9378347783909587,5.0,0.0,0.14283087849617004,0.05221480131149292,0.02856617569923401,0.8675730939457843
classical_musicnet_1728__180s,classical_musicnet_1728,classical,validation,180.0,acoustic_novelty_delay,24,2.3175933548459007,11.003310307860374,0.9144230484962463,0.6340837776660919,0.9757265829038958,5.0,2.0,0.38177067041397095,0.13675177097320557,0.07635413408279419,0.9211261746353255
classical_musicnet_1728__180s,classical_musicnet_1728,classical,validation,180.0,rhythm,24,3.2629947317639236,10.537235543131828,0.8919819593429565,0.5341786444187164,0.9782232950750192,4.0,1.0,0.26653701066970825,0.15028893947601318,0.06663425266742706,0.770674356889305
classical_musicnet_1728__300s,classical_musicnet_1728,classical,validation,300.0,acoustic_novelty_delay,24,2.437091952390372,13.523786157369614,1.6995652914047241,0.5415896475315094,0.9212041438439037,5.0,1.0,0.2910689413547516,0.12548598647117615,0.05821378827095032,0.8387030390746132
classical_musicnet_1728__300s,classical_musicnet_1728,classical,validation,300.0,rhythm,24,2.945185393398265,10.063810050487518,1.5242325067520142,0.5313824713230133,0.950788046210737,3.0,0.0,0.07132518291473389,0.035693585872650146,0.02377506097157796,0.9077588155258453
classical_musicnet_1729__180s,classical_musicnet_1729,classical,validation,180.0,acoustic_novelty_delay,24,2.523229439292056,12.545210063457489,1.5874884128570557,0.5743276178836823,0.948429354765404,5.0,2.0,0.2808946669101715,0.14518481492996216,0.0561789333820343,0.6539686734034797
classical_musicnet_1729__180s,classical_musicnet_1729,classical,validation,180.0,rhythm,24,2.3789286741792983,11.854051545262337,1.6385834217071533,0.5368156135082245,0.9508058708909888,6.0,0.0,0.1993820071220398,0.07759320735931396,0.033230334520339966,0.8805080064302072
classical_musicnet_1729__300s,classical_musicnet_1729,classical,validation,300.0,acoustic_novelty_delay,24,2.619536491163071,11.934348121285439,1.2365834712982178,0.5857225060462952,0.9690054312232418,6.0,0.0,0.23315328359603882,0.09804379940032959,0.038858880599339805,0.8959003312837545
classical_musicnet_1729__300s,classical_musicnet_1729,classical,validation,300.0,rhythm,24,2.5219291227992757,11.540275573730469,1.4565508365631104,0.5805580317974091,0.9645288415427486,5.0,0.0,0.1773928701877594,0.0599437952041626,0.03547857403755188,0.9191263105655295
classical_musicnet_1730__180s,classical_musicnet_1730,classical,validation,180.0,acoustic_novelty_delay,24,2.5046511662265285,12.357328936457634,1.562246561050415,0.5740396082401276,0.9537701201201336,5.0,0.0,0.29271990060806274,0.09497678279876709,0.05854398012161255,0.8594078284765763
classical_musicnet_1730__180s,classical_musicnet_1730,classical,validation,180.0,rhythm,24,2.836323212984807,11.695042192935944,1.1411921977996826,0.6273910999298096,0.9643230274934742,2.0,0.0,0.06042027473449707,0.037108659744262695,0.030210137367248535,0.962051937010153
classical_musicnet_1730__300s,classical_musicnet_1730,classical,validation,300.0,acoustic_novelty_delay,24,2.2742842818708544,12.105301350355148,1.8583331108093262,0.5308805704116821,0.9557476670244169,4.0,0.0,0.11798328161239624,0.0593600869178772,0.02949582040309906,0.7614382683884912
classical_musicnet_1730__300s,classical_musicnet_1730,classical,validation,300.0,rhythm,24,2.8585630926653955,11.342984646558762,1.323596477508545,0.7087501883506775,0.9519424195740689,3.0,0.0,0.08168819546699524,0.031894952058792114,0.027229398488998413,0.9726630788883227
classical_musicnet_1739__180s,classical_musicnet_1739,classical,validation,180.0,acoustic_novelty_delay,24,2.170935708401463,13.40509233623743,2.699819803237915,0.5693377405405045,0.9087447286521667,2.0,1.0,0.16882392764091492,0.13986098766326904,0.08441196382045746,0.6612543525415593
classical_musicnet_1739__180s,classical_musicnet_1739,classical,validation,180.0,rhythm,24,3.3633168315728312,10.904580518603325,1.31464421749115,0.5384394079446793,0.9698778107844329,4.0,1.0,0.23918211460113525,0.11408007144927979,0.059795528650283813,0.8544084218376872
classical_musicnet_1739__300s,classical_musicnet_1739,classical,validation,300.0,acoustic_novelty_delay,24,2.0277209000514427,12.263729974627495,2.226632595062256,0.6302160024642944,0.9357016042811339,4.0,0.0,0.1453649401664734,0.05778706073760986,0.03634123504161835,0.8941569933908612
classical_musicnet_1739__300s,classical_musicnet_1739,classical,validation,300.0,rhythm,24,3.4326331252103053,11.89229927957058,0.9568187594413757,0.6009331345558167,0.9817885426630761,8.0,2.0,0.5797059535980225,0.15247267484664917,0.07246324419975281,0.8900809697168828
classical_musicnet_1742__180s,classical_musicnet_1742,classical,validation,180.0,acoustic_novelty_delay,24,2.2467467321683694,10.079036682844162,1.0559709072113037,0.5737792551517487,0.9525262452478891,6.0,1.0,0.379448264837265,0.2527189254760742,0.0632413774728775,0.602083274297541
classical_musicnet_1742__180s,classical_musicnet_1742,classical,validation,180.0,rhythm,24,2.3691723340721724,11.624967902898788,1.7221523523330688,0.49224531650543213,0.9076512510818014,2.0,0.0,0.0761391818523407,0.03942316770553589,0.03806959092617035,0.9990878937009924
classical_musicnet_1742__300s,classical_musicnet_1742,classical,validation,300.0,acoustic_novelty_delay,24,1.9061763365438613,13.760380372405052,2.273090362548828,0.5613109469413757,0.9247030025181471,3.0,0.0,0.143154114484787,0.06495478749275208,0.047718038161595665,0.8714631945792395
classical_musicnet_1742__300s,classical_musicnet_1742,classical,validation,300.0,rhythm,24,2.398689330170021,10.464584414847195,1.4132696390151978,0.5403791964054108,0.9431391418020525,1.0,1.0,0.2059093713760376,0.2059093713760376,0.2059093713760376,-2.2204460492503128e-16
classical_musicnet_1763__180s,classical_musicnet_1763,classical,validation,180.0,acoustic_novelty_delay,24,2.516562240005976,9.285069927573204,0.9114797115325928,0.5302056968212128,0.9617565045974759,1.0,0.0,0.017563998699188232,0.017563998699188232,0.017563998699188232,-2.2204460492503128e-16
classical_musicnet_1763__180s,classical_musicnet_1763,classical,validation,180.0,rhythm,24,2.643934643396332,11.390998005867004,1.305321216583252,0.6012357473373413,0.9658546963683545,5.0,1.0,0.22496148943901062,0.11086440086364746,0.044992297887802124,0.8481221199126346
classical_musicnet_1763__300s,classical_musicnet_1763,classical,validation,300.0,acoustic_novelty_delay,24,2.4152015918664924,10.984180986881256,1.2185430526733398,0.5764816701412201,0.9680786400210749,1.0,0.0,0.015016943216323853,0.015016943216323853,0.015016943216323853,-2.2204460492503128e-16
classical_musicnet_1763__300s,classical_musicnet_1763,classical,validation,300.0,rhythm,24,2.232166557880081,12.833683043718338,1.5378938913345337,0.6583995521068573,0.9630462351408811,4.0,1.0,0.3227909505367279,0.19699090719223022,0.08069773763418198,0.7566359290090715
classical_musicnet_1764__180s,classical_musicnet_1764,classical,validation,180.0,acoustic_novelty_delay,24,2.7453124913244746,10.193450346589088,1.0555052757263184,0.46883903443813324,0.9600027621905349,5.0,2.0,0.45330771803855896,0.14775121212005615,0.0906615436077118,0.8773579322443342
classical_musicnet_1764__180s,classical_musicnet_1764,classical,validation,180.0,rhythm,24,3.31442939772058,10.590162105858326,0.9473340511322021,0.5665417611598969,0.9481144275871202,6.0,0.0,0.16988816857337952,0.08436691761016846,0.02831469476222992,0.7128141774297487
classical_musicnet_1764__300s,classical_musicnet_1764,classical,validation,300.0,acoustic_novelty_delay,24,2.5229262308836455,11.251338124275208,1.4259865283966064,0.552736908197403,0.9585442382795669,4.0,1.0,0.23544055223464966,0.13844412565231323,0.058860138058662415,0.7784195714078261
classical_musicnet_1764__300s,classical_musicnet_1764,classical,validation,300.0,rhythm,24,3.2126397917360965,8.923027850687504,0.9939469695091248,0.6118433773517609,0.9147458485583134,1.0,1.0,0.1450176239013672,0.1450176239013672,0.1450176239013672,-2.2204460492503128e-16
classical_musicnet_1765__180s,classical_musicnet_1765,classical,validation,180.0,acoustic_novelty_delay,24,2.7957701258946903,10.63276132941246,1.131186604499817,0.5242820084095001,0.9732992612295065,3.0,0.0,0.1223495602607727,0.07516741752624512,0.040783186753590904,0.712984401394778
classical_musicnet_1765__180s,classical_musicnet_1765,classical,validation,180.0,rhythm,24,2.6082388892753876,10.101560488343239,0.8395235538482666,0.5696878135204315,0.9713368116883997,5.0,1.0,0.33774033188819885,0.1407102346420288,0.06754806637763977,0.8643857770519241
classical_musicnet_1765__300s,classical_musicnet_1765,classical,validation,300.0,acoustic_novelty_delay,24,2.339622335022476,11.768676325678825,0.9882578253746033,0.5673232674598694,0.9781849719509078,5.0,1.0,0.4086498022079468,0.2063007354736328,0.08172996044158935,0.8106502244683628
classical_musicnet_1765__300s,classical_musicnet_1765,classical,validation,300.0,rhythm,24,2.9022576377670353,10.973802618682384,0.9397845268249512,0.6573987603187561,0.9569691862523522,5.0,2.0,0.394248366355896,0.19210416078567505,0.0788496732711792,0.7429151404536322
classical_musicnet_1766__180s,classical_musicnet_1766,classical,validation,180.0,acoustic_novelty_delay,24,2.5347763200196063,9.967364557087421,1.2671549320220947,0.5071190595626831,0.9621531611582484,5.0,1.0,0.2427714467048645,0.10568279027938843,0.0485542893409729,0.8911643594835386
classical_musicnet_1766__180s,classical_musicnet_1766,classical,validation,180.0,rhythm,24,3.489644501696155,11.11378499865532,1.075541615486145,0.566949337720871,0.9770549698081188,3.0,1.0,0.23001629114151,0.12745463848114014,0.07667209704717,0.7717723577468469
classical_musicnet_1766__300s,classical_musicnet_1766,classical,validation,300.0,acoustic_novelty_delay,24,2.485112659470505,10.885203197598457,0.9920515418052673,0.5537110269069672,0.9806488225446145,6.0,2.0,0.4745998680591583,0.2130112648010254,0.07909997800985973,0.7689075741744469
classical_musicnet_1766__300s,classical_musicnet_1766,classical,validation,300.0,rhythm,24,3.3697056037101314,10.862877741456032,0.8209971785545349,0.6188099682331085,0.9718921945363996,5.0,0.0,0.20887503027915955,0.07944899797439575,0.04177500605583191,0.7917897129001281
classical_musicnet_1805__180s,classical_musicnet_1805,classical,validation,180.0,acoustic_novelty_delay,24,2.579499979432044,10.857836857438087,1.097430944442749,0.5243147313594818,0.9614135012426106,4.0,0.0,0.14855659008026123,0.0657547116279602,0.03713914752006531,0.7466377488168587
classical_musicnet_1805__180s,classical_musicnet_1805,classical,validation,180.0,rhythm,24,2.1582808623208862,11.26514357328415,1.017242431640625,0.5235725939273834,0.9723122068556583,2.0,0.0,0.06318053603172302,0.04685810208320618,0.03159026801586151,0.8242400770868523
classical_musicnet_1805__300s,classical_musicnet_1805,classical,validation,300.0,acoustic_novelty_delay,24,2.047168090067749,12.406629532575607,1.6375550031661987,0.5507450997829437,0.951175839478657,3.0,1.0,0.2434159517288208,0.11317431926727295,0.0811386505762736,0.9608186764317158
classical_musicnet_1805__300s,classical_musicnet_1805,classical,validation,300.0,rhythm,24,2.3632401755495174,12.085201174020767,1.0400010347366333,0.6590789258480072,0.9680531679634854,4.0,0.0,0.06572771072387695,0.043399930000305176,0.01643192768096924,0.7126168698744467
classical_musicnet_1807__180s,classical_musicnet_1807,classical,validation,180.0,acoustic_novelty_delay,24,2.3545408926252076,12.383469566702843,1.542918086051941,0.6198059022426605,0.9444191492994489,6.0,3.0,0.5495420694351196,0.18856167793273926,0.09159034490585327,0.8136522219034978
classical_musicnet_1807__180s,classical_musicnet_1807,classical,validation,180.0,rhythm,24,2.7820747568829765,12.021428264677525,0.867475152015686,0.6459664106369019,0.9805106311537151,5.0,0.0,0.2844868302345276,0.09522998332977295,0.05689736604690552,0.9103767189112478
classical_musicnet_1807__300s,classical_musicnet_1807,classical,validation,300.0,acoustic_novelty_delay,24,2.505934485117026,9.399581417441368,1.3268760442733765,0.4769169092178345,0.9579146294813785,3.0,0.0,0.0944470465183258,0.05019831657409668,0.03148234883944193,0.8824764260758728
classical_musicnet_1807__300s,classical_musicnet_1807,classical,validation,300.0,rhythm,24,2.711785055226092,10.373279944062233,0.8001815676689148,0.6250373125076294,0.9705657885673735,2.0,0.0,0.04211711883544922,0.03108149766921997,0.02105855941772461,0.829782630527199
classical_musicnet_1811__180s,classical_musicnet_1811,classical,validation,180.0,acoustic_novelty_delay,24,2.5232491896308513,11.347865134477615,1.5546945333480835,0.5735936760902405,0.9632918906696398,5.0,2.0,0.3730156719684601,0.15385746955871582,0.07460313439369201,0.8159080432322539
classical_musicnet_1811__180s,classical_musicnet_1811,classical,validation,180.0,rhythm,24,1.5862419546473387,13.749143429100513,3.7460484504699707,0.7772365212440491,0.8211305077158855,4.0,1.0,0.19422456622123718,0.17190062999725342,0.048556141555309296,0.29129344580380606
classical_musicnet_1811__300s,classical_musicnet_1811,classical,validation,300.0,acoustic_novelty_delay,24,2.4680801731633792,11.570061773061752,1.296636700630188,0.5526928007602692,0.9776539129292309,7.0,0.0,0.24935001134872437,0.07081717252731323,0.035621430192674906,0.905721451673506
classical_musicnet_1811__300s,classical_musicnet_1811,classical,validation,300.0,rhythm,24,1.576862654327552,11.833899641409516,2.072835683822632,0.5273144543170929,0.847464931698897,6.0,1.0,0.2216641902923584,0.1003217101097107,0.036944031715393066,0.7833134518943166
classical_musicnet_1812__180s,classical_musicnet_1812,classical,validation,180.0,acoustic_novelty_delay,24,2.604769103753739,10.31200198829174,0.949953019618988,0.5256776511669159,0.9803358631374736,2.0,1.0,0.19549280405044556,0.1532212495803833,0.09774640202522278,0.75322498255141
classical_musicnet_1812__180s,classical_musicnet_1812,classical,validation,180.0,rhythm,24,2.629541400303746,10.666405990719795,1.2143789529800415,0.5984141230583191,0.9549420320787173,4.0,0.0,0.17740237712860107,0.06706547737121582,0.04435059428215027,0.8093631087909285
classical_musicnet_1812__300s,classical_musicnet_1812,classical,validation,300.0,acoustic_novelty_delay,24,2.7534021521013727,11.021899476647377,0.9809172749519348,0.5823878347873688,0.9762634191611538,5.0,1.0,0.261637419462204,0.13173657655715942,0.052327483892440796,0.7880784428807028
classical_musicnet_1812__300s,classical_musicnet_1812,classical,validation,300.0,rhythm,24,2.1146393543999147,11.911039344966412,1.0525059700012207,0.5703779757022858,0.960770017140738,4.0,0.0,0.17226696014404297,0.06718248128890991,0.04306674003601074,0.910820428115419
classical_musicnet_1813__180s,classical_musicnet_1813,classical,validation,180.0,acoustic_novelty_delay,24,2.848880850090333,9.479700453579426,0.914682924747467,0.5477529913187027,0.9536202442561027,3.0,0.0,0.03535434603691101,0.017671823501586914,0.01178478201230367,0.8768961453302905
classical_musicnet_1813__180s,classical_musicnet_1813,classical,validation,180.0,rhythm,24,3.309592666170696,10.374284580349922,1.1110060214996338,0.570305347442627,0.9621513500795217,2.0,0.0,0.07046681642532349,0.04704141616821289,0.03523340821266174,0.91739151326427
classical_musicnet_1813__300s,classical_musicnet_1813,classical,validation,300.0,acoustic_novelty_delay,24,2.2584554569992594,10.458466738462448,0.8292999267578125,0.580143392086029,0.9828804075895671,7.0,1.0,0.5031636357307434,0.2942984700202942,0.0718805193901062,0.6415285686757819
classical_musicnet_1813__300s,classical_musicnet_1813,classical,validation,300.0,rhythm,24,2.772131522118014,11.180631905794144,0.8504400849342346,0.6604999899864197,0.9773944078413852,4.0,0.0,0.17080479860305786,0.09354841709136963,0.042701199650764465,0.796919066553661
classical_musicnet_1817__180s,classical_musicnet_1817,classical,validation,180.0,acoustic_novelty_delay,24,2.541480599917924,10.421747781336308,1.0985937118530273,0.5987128615379333,0.9585601077685826,7.0,1.0,0.3422930836677551,0.14375299215316772,0.048899011952536445,0.7742030847638025
classical_musicnet_1817__180s,classical_musicnet_1817,classical,validation,180.0,rhythm,24,2.5621052676076763,9.945095419883728,0.8567817807197571,0.6099387407302856,0.9582751735472027,3.0,0.0,0.06446433067321777,0.04575970768928528,0.021488110224405926,0.7168978756467389
classical_musicnet_1817__300s,classical_musicnet_1817,classical,validation,300.0,acoustic_novelty_delay,24,2.8212039496756436,11.425181955099106,0.9754692912101746,0.5972064733505249,0.964773921014826,2.0,0.0,0.057821303606033325,0.03262743353843689,0.028910651803016663,0.9880445607229877
classical_musicnet_1817__300s,classical_musicnet_1817,classical,validation,300.0,rhythm,24,3.2093793026385846,12.326936334371567,1.229905128479004,0.6173779964447021,0.9792901814552559,3.0,2.0,0.414334774017334,0.22881841659545898,0.13811159133911133,0.826239390164206
classical_musicnet_1818__180s,classical_musicnet_1818,classical,validation,180.0,acoustic_novelty_delay,24,2.2269549103683772,13.443077221512794,2.5356318950653076,0.6099950671195984,0.9186495098396011,6.0,2.0,0.41384780406951904,0.2029467225074768,0.0689746340115865,0.7196079723245629
classical_musicnet_1818__180s,classical_musicnet_1818,classical,validation,180.0,rhythm,24,2.4749454230160466,11.224071472883224,1.1710450649261475,0.7191264033317566,0.947655798651591,1.0,0.0,0.027758777141571045,0.027758777141571045,0.027758777141571045,-2.2204460492503128e-16
classical_musicnet_1818__300s,classical_musicnet_1818,classical,validation,300.0,acoustic_novelty_delay,24,2.3756040518699475,10.53337736427784,1.1362661123275757,0.5159767717123032,0.9737788446353811,3.0,0.0,0.16781747341156006,0.06581240892410278,0.055939157803853355,0.9890169817685172
classical_musicnet_1818__300s,classical_musicnet_1818,classical,validation,300.0,rhythm,24,2.492762132712172,12.158160239458084,1.599710464477539,0.6708854138851166,0.9430574202179614,2.0,0.0,0.12473830580711365,0.08303377032279968,0.062369152903556824,0.9192954721107823
classical_musicnet_1819__180s,classical_musicnet_1819,classical,validation,180.0,acoustic_novelty_delay,24,2.7744295486803887,10.408942505717278,0.8412570357322693,0.5207556486129761,0.9784602960579871,5.0,1.0,0.2500733733177185,0.12088292837142944,0.0500146746635437,0.7482318635228038
classical_musicnet_1819__180s,classical_musicnet_1819,classical,validation,180.0,rhythm,24,2.8367027671568312,11.873791754245758,1.4018348455429077,0.5677431225776672,0.9710855479681102,4.0,0.0,0.2971521019935608,0.08707684278488159,0.0742880254983902,0.9950430133164253
classical_musicnet_1819__300s,classical_musicnet_1819,classical,validation,300.0,acoustic_novelty_delay,24,2.7744295486803887,10.408942505717278,0.8412570357322693,0.5207556486129761,0.9784602960579871,5.0,1.0,0.2500733733177185,0.12088292837142944,0.0500146746635437,0.7482318635228038
classical_musicnet_1819__300s,classical_musicnet_1819,classical,validation,300.0,rhythm,24,2.8367027671568312,11.873791754245758,1.4018348455429077,0.5677431225776672,0.9710855479681102,4.0,0.0,0.2971521019935608,0.08707684278488159,0.0742880254983902,0.9950430133164253
classical_musicnet_1828__180s,classical_musicnet_1828,classical,validation,180.0,acoustic_novelty_delay,24,2.5143941336073565,12.110796570777893,1.2535864114761353,0.6714605093002319,0.9702414844680857,5.0,0.0,0.2988428771495819,0.09412050247192383,0.059768575429916385,0.9692326918292059
classical_musicnet_1828__180s,classical_musicnet_1828,classical,validation,180.0,rhythm,24,2.3966147142092473,12.834794282913208,2.1289260387420654,0.5171954929828644,0.9354797420100349,5.0,0.0,0.17615795135498047,0.051200270652770996,0.035231590270996094,0.9609135979941339
classical_musicnet_1828__300s,classical_musicnet_1828,classical,validation,300.0,acoustic_novelty_delay,24,2.4511663216164576,11.219235226511955,0.7346068620681763,0.5640682280063629,0.9898826813637776,7.0,1.0,0.5134937167167664,0.10528099536895752,0.07335624524525233,0.9551427888328395
classical_musicnet_1828__300s,classical_musicnet_1828,classical,validation,300.0,rhythm,24,3.076627793452021,11.844420611858368,1.474981427192688,0.5472216606140137,0.9560253037912297,2.0,1.0,0.16129380464553833,0.11757290363311768,0.08064690232276917,0.8429868902620269
classical_musicnet_1829__180s,classical_musicnet_1829,classical,validation,180.0,acoustic_novelty_delay,24,2.180619272623733,10.909924179315567,0.8132436275482178,0.5233659446239471,0.9865333991263943,8.0,1.0,0.4428597688674927,0.13328438997268677,0.055357471108436584,0.8733993311593937
classical_musicnet_1829__180s,classical_musicnet_1829,classical,validation,180.0,rhythm,24,2.7784118524740222,13.341840013861656,2.1726629734039307,0.6906294226646423,0.9433595809772323,2.0,1.0,0.20708411931991577,0.1447240114212036,0.10354205965995789,0.8826729052192793
classical_musicnet_1829__300s,classical_musicnet_1829,classical,validation,300.0,acoustic_novelty_delay,24,2.3013462561928133,10.92516079545021,0.8499302268028259,0.5732272565364838,0.9803438422845108,6.0,1.0,0.22377389669418335,0.12359273433685303,0.037295649449030556,0.7707826262519818
classical_musicnet_1829__300s,classical_musicnet_1829,classical,validation,300.0,rhythm,24,2.4226421231819684,12.062231302261353,0.9974921941757202,0.7443806529045105,0.9625720187713553,5.0,1.0,0.28027957677841187,0.1286199688911438,0.05605591535568237,0.8264326498762773
classical_musicnet_1835__180s,classical_musicnet_1835,classical,validation,180.0,acoustic_novelty_delay,24,2.5098356627715885,10.231315314769745,1.0755970478057861,0.6102256178855896,0.9669075993004072,5.0,2.0,0.42548757791519165,0.1518411636352539,0.08509751558303832,0.8268802700312293
classical_musicnet_1835__180s,classical_musicnet_1835,classical,validation,180.0,rhythm,24,2.8214609330464073,12.647093519568443,1.3922778367996216,0.662299782037735,0.9744838648120134,8.0,3.0,0.6645457148551941,0.13895952701568604,0.08306821435689926,0.9423253402827259
classical_musicnet_1835__300s,classical_musicnet_1835,classical,validation,300.0,acoustic_novelty_delay,24,2.383875658611748,10.55774474143982,0.8772225975990295,0.5453891456127167,0.983437779386708,3.0,0.0,0.1259813904762268,0.085598886013031,0.041993796825408936,0.75008276651181
classical_musicnet_1835__300s,classical_musicnet_1835,classical,validation,300.0,rhythm,24,3.1192648409163497,11.451851636171341,1.318442463874817,0.6039948463439941,0.9504131930963168,4.0,0.0,0.1602964699268341,0.08150869607925415,0.04007411748170853,0.8279120014139906
classical_musicnet_1859__180s,classical_musicnet_1859,classical,validation,180.0,acoustic_novelty_delay,24,2.479512972208126,12.26205089688301,1.2728281021118164,0.5523805320262909,0.9728093234465953,6.0,0.0,0.21449339389801025,0.06469625234603882,0.03574889898300171,0.919113657827284
classical_musicnet_1859__180s,classical_musicnet_1859,classical,validation,180.0,rhythm,24,2.7494951788968125,12.60379995405674,1.3349500894546509,0.6361333727836609,0.97155489315272,9.0,1.0,0.41220059990882874,0.12630778551101685,0.04580006665653653,0.8756129377209324
classical_musicnet_1859__300s,classical_musicnet_1859,classical,validation,300.0,acoustic_novelty_delay,24,2.293327932979223,11.330558583140373,0.943472146987915,0.5752757787704468,0.9770768417417589,5.0,1.0,0.43587639927864075,0.13218194246292114,0.08717527985572815,0.9762866182572382
classical_musicnet_1859__300s,classical_musicnet_1859,classical,validation,300.0,rhythm,24,3.3162923277527483,11.78294637799263,0.8618680238723755,0.6333024799823761,0.9799667955433587,5.0,1.0,0.27598369121551514,0.12317734956741333,0.055196738243103026,0.8169711861589415
classical_musicnet_1872__180s,classical_musicnet_1872,classical,validation,180.0,acoustic_novelty_delay,24,2.615367486576865,11.401787102222443,0.783413827419281,0.5685359835624695,0.9881609564338303,6.0,1.0,0.3764073848724365,0.15515923500061035,0.06273456414540608,0.7791618347507406
classical_musicnet_1872__180s,classical_musicnet_1872,classical,validation,180.0,rhythm,24,2.5403137743063766,12.900902539491653,1.5734761953353882,0.7215869724750519,0.956929964116344,5.0,1.0,0.2616257071495056,0.10582941770553589,0.05232514142990112,0.9074202947709333
classical_musicnet_1872__300s,classical_musicnet_1872,classical,validation,300.0,acoustic_novelty_delay,24,2.5824607667339623,11.202960386872292,0.8260911107063293,0.544445127248764,0.9849192201791174,8.0,2.0,0.4709845185279846,0.12918967008590698,0.05887306481599808,0.9183669411900017
classical_musicnet_1872__300s,classical_musicnet_1872,classical,validation,300.0,rhythm,24,2.3200311659465003,12.482179500162601,3.495823383331299,0.6534769833087921,0.8525986435827819,3.0,0.0,0.031364500522613525,0.02193981409072876,0.010454833507537842,0.6886948250492463
classical_musicnet_1873__180s,classical_musicnet_1873,classical,validation,180.0,acoustic_novelty_delay,24,2.52451847292624,10.899715036153793,0.9419219493865967,0.6139756441116333,0.9660420766927248,4.0,0.0,0.09076517820358276,0.037696778774261475,0.02269129455089569,0.923036455095573
classical_musicnet_1873__180s,classical_musicnet_1873,classical,validation,180.0,rhythm,24,2.3977741889427895,11.639146864414215,0.8426713347434998,0.5790657103061676,0.9867434202178258,12.0,0.0,0.5310147106647491,0.08776220679283142,0.044251225888729095,0.9359590494956033
classical_musicnet_1873__300s,classical_musicnet_1873,classical,validation,300.0,acoustic_novelty_delay,24,2.92061450325778,10.814751610159874,1.0209550857543945,0.557498961687088,0.9785777748984287,2.0,0.0,0.01595968008041382,0.014050841331481934,0.00797984004020691,0.528220993097238
classical_musicnet_1873__300s,classical_musicnet_1873,classical,validation,300.0,rhythm,24,2.911276298067432,12.104232043027878,1.5625625848770142,0.6534079611301422,0.9585119827693759,7.0,0.0,0.2247498631477356,0.08554190397262573,0.03210712330681937,0.8503228099406027
classical_musicnet_1876__180s,classical_musicnet_1876,classical,validation,180.0,acoustic_novelty_delay,24,2.8168476987055517,9.734981186687946,0.7748876810073853,0.4999585598707199,0.9765237540103139,5.0,1.0,0.1636332869529724,0.10316604375839233,0.03272665739059448,0.6810829646807551
classical_musicnet_1876__180s,classical_musicnet_1876,classical,validation,180.0,rhythm,24,2.3110198049830735,11.764591567218304,1.0000226497650146,0.591539740562439,0.9686202630560599,3.0,1.0,0.27950653433799744,0.1660965085029602,0.09316884477933247,0.8706162048015993
classical_musicnet_1876__300s,classical_musicnet_1876,classical,validation,300.0,acoustic_novelty_delay,24,2.2208490529328397,11.42092926800251,0.8075936436653137,0.6415160596370697,0.981215395537392,4.0,1.0,0.2892687916755676,0.14949411153793335,0.0723171979188919,0.7768066213935331
classical_musicnet_1876__300s,classical_musicnet_1876,classical,validation,300.0,rhythm,24,2.659829415255678,12.222130537033081,0.8853361010551453,0.6043397784233093,0.9850158380760274,5.0,0.0,0.2365744709968567,0.09806317090988159,0.047314894199371335,0.8919982815246233
classical_musicnet_1893__180s,classical_musicnet_1893,classical,validation,180.0,acoustic_novelty_delay,24,2.4713003959603324,9.90148839354515,0.8372477293014526,0.6100004017353058,0.9599883322696624,4.0,0.0,0.10720476508140564,0.047562360763549805,0.02680119127035141,0.7700917048473993
classical_musicnet_1893__180s,classical_musicnet_1893,classical,validation,180.0,rhythm,24,2.890408287663873,10.56789743900299,0.7439167499542236,0.5568307042121887,0.9853332778805355,4.0,0.0,0.18024364113807678,0.0804833173751831,0.045060910284519196,0.9100428642078219
classical_musicnet_1893__300s,classical_musicnet_1893,classical,validation,300.0,acoustic_novelty_delay,24,2.5432685260755834,9.565092578530312,0.8115003705024719,0.4929251968860626,0.9798052601987811,6.0,1.0,0.5023217797279358,0.28271347284317017,0.08372029662132263,0.7115347704793366
classical_musicnet_1893__300s,classical_musicnet_1893,classical,validation,300.0,rhythm,24,2.8068630192710717,10.63694916665554,0.7744780778884888,0.5508655309677124,0.9850169102217556,7.0,1.0,0.37723609805107117,0.10866034030914307,0.05389087115015302,0.9097007226683854
classical_musopen_05c904fe5b10__180s,classical_musopen_05c904fe5b10,classical,validation,180.0,acoustic_novelty_delay,24,2.3126186665876642,11.2222188860178,0.8655846118927002,0.5727556943893433,0.9855132718292021,7.0,1.0,0.5173012018203735,0.18429559469223022,0.0739001716886248,0.8816586693329419
classical_musopen_05c904fe5b10__180s,classical_musopen_05c904fe5b10,classical,validation,180.0,rhythm,24,3.031755546337815,9.935851469635963,0.9989597797393799,0.5763324797153473,0.939662460190253,3.0,1.0,0.30023494362831116,0.228388249874115,0.10007831454277039,0.6024385930780498
classical_musopen_05c904fe5b10__300s,classical_musopen_05c904fe5b10,classical,validation,300.0,acoustic_novelty_delay,24,2.597921263588682,12.108755990862846,1.7409507036209106,0.5297369658946991,0.9470558195013223,5.0,0.0,0.2175365686416626,0.061247944831848145,0.04350731372833252,0.9784865232492659
classical_musopen_05c904fe5b10__300s,classical_musopen_05c904fe5b10,classical,validation,300.0,rhythm,24,3.718270495560061,8.409531258046627,0.9755902886390686,0.4823067933320999,0.9419774127127879,3.0,1.0,0.27807527780532837,0.23231172561645508,0.0926917592684428,0.4579791885278191
classical_musopen_0b7876dd110e__180s,classical_musopen_0b7876dd110e,classical,validation,180.0,acoustic_novelty_delay,24,2.4303448563249077,10.49826593697071,0.8134770393371582,0.5829674601554871,0.9811466377919399,5.0,2.0,0.4299237132072449,0.12960326671600342,0.08598474264144898,0.9275448482069706
classical_musopen_0b7876dd110e__180s,classical_musopen_0b7876dd110e,classical,validation,180.0,rhythm,24,3.119805564602588,11.534469649195671,1.1770402193069458,0.6528430283069611,0.9704529647534564,2.0,1.0,0.19369593262672424,0.11046892404556274,0.09684796631336212,0.9856840678831478
classical_musopen_0b7876dd110e__300s,classical_musopen_0b7876dd110e,classical,validation,300.0,acoustic_novelty_delay,24,2.342711312496574,11.168529331684113,0.9984906911849976,0.5444793701171875,0.9842784142085564,8.0,2.0,0.44123515486717224,0.1993272304534912,0.05515439435839653,0.756341868593568
classical_musopen_0b7876dd110e__300s,classical_musopen_0b7876dd110e,classical,validation,300.0,rhythm,24,2.869937804707754,11.828481048345566,1.0880216360092163,0.6712640821933746,0.9719331591816958,4.0,2.0,0.2985939383506775,0.18942981958389282,0.07464848458766937,0.5403578789152982
classical_musopen_1da5c488f898__180s,classical_musopen_1da5c488f898,classical,validation,180.0,acoustic_novelty_delay,24,2.486411184762398,12.984010457992554,1.9405457973480225,0.5346057116985321,0.9464866371826693,9.0,2.0,0.5302630066871643,0.14991220831871033,0.05891811185412937,0.8613713154936725
classical_musopen_1da5c488f898__180s,classical_musopen_1da5c488f898,classical,validation,180.0,rhythm,24,2.8480185396631916,12.007618635892868,0.9678252339363098,0.6737449765205383,0.9764968423823718,6.0,1.0,0.38560986518859863,0.12355637550354004,0.06426831086476643,0.8615260911452021
classical_musopen_1da5c488f898__300s,classical_musopen_1da5c488f898,classical,validation,300.0,acoustic_novelty_delay,24,2.18130109703519,11.997500523924828,1.2908952236175537,0.6614203751087189,0.9611554844789817,6.0,2.0,0.44620442390441895,0.15143728256225586,0.07436740398406982,0.8858520716309601
classical_musopen_1da5c488f898__300s,classical_musopen_1da5c488f898,classical,validation,300.0,rhythm,24,2.652500771724175,12.382429361343384,1.0800094604492188,0.7075822651386261,0.9755284873914628,8.0,0.0,0.31988435983657837,0.07960700988769531,0.039985544979572296,0.881513892915897
classical_musopen_215977f7d168__180s,classical_musopen_215977f7d168,classical,validation,180.0,acoustic_novelty_delay,24,2.192642428776959,10.887682855129242,0.9285329580307007,0.5011285543441772,0.9859693704763646,5.0,0.0,0.118277907371521,0.057032644748687744,0.0236555814743042,0.8135533913201759
classical_musopen_215977f7d168__180s,classical_musopen_215977f7d168,classical,validation,180.0,rhythm,24,3.120458666235862,10.444857750087976,0.8831651210784912,0.6285796761512756,0.9646520725195693,3.0,1.0,0.2802135944366455,0.18728142976760864,0.09340453147888184,0.7759273019367692
classical_musopen_215977f7d168__300s,classical_musopen_215977f7d168,classical,validation,300.0,acoustic_novelty_delay,24,1.8885436163006764,11.757477074861526,0.9087938070297241,0.6306940317153931,0.9842244494754303,7.0,2.0,0.5563898086547852,0.24743586778640747,0.07948425837925502,0.6907169020817673
classical_musopen_215977f7d168__300s,classical_musopen_215977f7d168,classical,validation,300.0,rhythm,24,3.0052089335379764,10.674727626144886,0.8413079977035522,0.6377575993537903,0.9647645047487453,3.0,0.0,0.13294488191604614,0.0708116888999939,0.044314960638682045,0.8903997389631951
classical_musopen_25c64baa9139__180s,classical_musopen_25c64baa9139,classical,validation,180.0,acoustic_novelty_delay,24,2.1464373142639745,12.73733365535736,2.0489630699157715,0.6489135026931763,0.9384680622138417,6.0,0.0,0.1791134476661682,0.07210427522659302,0.029852241277694702,0.7782681520653629
classical_musopen_25c64baa9139__180s,classical_musopen_25c64baa9139,classical,validation,180.0,rhythm,24,3.532503200824288,9.401501968502998,1.0445470809936523,0.46487513184547424,0.96474905250626,2.0,0.0,0.012618392705917358,0.0065295398235321045,0.006309196352958679,0.9991199949870665
classical_musopen_25c64baa9139__300s,classical_musopen_25c64baa9139,classical,validation,300.0,acoustic_novelty_delay,24,2.2236510852576297,12.055555254220963,1.719569444656372,0.5768260657787323,0.9575169278703806,7.0,0.0,0.27174386382102966,0.08706668019294739,0.03882055197443281,0.8318068235632337
classical_musopen_25c64baa9139__300s,classical_musopen_25c64baa9139,classical,validation,300.0,rhythm,24,2.6256882096103613,11.088076144456863,0.9059756994247437,0.5774359107017517,0.9712937933881514,1.0,0.0,0.0403420627117157,0.0403420627117157,0.0403420627117157,-2.2204460492503128e-16
classical_musopen_281136d63fb7__180s,classical_musopen_281136d63fb7,classical,validation,180.0,acoustic_novelty_delay,24,2.3349407317152777,11.69910691678524,1.3021057844161987,0.5449604094028473,0.9702111818527528,4.0,1.0,0.37813276052474976,0.15235066413879395,0.09453319013118744,0.9583918166362659
classical_musopen_281136d63fb7__180s,classical_musopen_281136d63fb7,classical,validation,180.0,rhythm,24,2.9552190782372625,11.405851647257805,0.7190079092979431,0.6266032457351685,0.9835507479644728,3.0,1.0,0.2684345245361328,0.14222419261932373,0.08947817484537761,0.8811313120401268
classical_musopen_281136d63fb7__300s,classical_musopen_281136d63fb7,classical,validation,300.0,acoustic_novelty_delay,24,2.1789460401540564,9.63111299276352,0.7766332626342773,0.46092642843723297,0.9825435578965778,2.0,0.0,0.1273910105228424,0.08797639608383179,0.0636955052614212,0.8924781537666231
classical_musopen_281136d63fb7__300s,classical_musopen_281136d63fb7,classical,validation,300.0,rhythm,24,3.3091406986248026,10.805176369845867,1.1404142379760742,0.5593375563621521,0.9545362154029101,4.0,1.0,0.2809382677078247,0.18220537900924683,0.07023456692695618,0.6984234131795954
classical_musopen_2873bce09ec4__180s,classical_musopen_2873bce09ec4,classical,validation,180.0,acoustic_novelty_delay,24,2.659685881426607,11.128544703125954,1.1526546478271484,0.5677319467067719,0.9767538394886505,5.0,0.0,0.08624270558357239,0.041523635387420654,0.017248541116714478,0.7785573094960381
classical_musopen_2873bce09ec4__180s,classical_musopen_2873bce09ec4,classical,validation,180.0,rhythm,24,3.101100948820047,11.863620653748512,1.2976033687591553,0.5900717079639435,0.9673502515055001,6.0,0.0,0.12031787633895874,0.036253541707992554,0.020052979389826458,0.9105000591600851
classical_musopen_2873bce09ec4__300s,classical_musopen_2873bce09ec4,classical,validation,300.0,acoustic_novelty_delay,24,2.559281439334824,10.669297188520432,1.2962253093719482,0.5621373653411865,0.960281560669996,3.0,1.0,0.18629014492034912,0.11594533920288086,0.06209671497344971,0.8083022354860726
classical_musopen_2873bce09ec4__300s,classical_musopen_2873bce09ec4,classical,validation,300.0,rhythm,24,3.4032379089352918,10.104965098202229,1.0979840755462646,0.5505613684654236,0.9582593551587307,3.0,0.0,0.1364801824092865,0.07075172662734985,0.04549339413642883,0.9308049701880576
classical_musopen_28b2abb46028__180s,classical_musopen_28b2abb46028,classical,validation,180.0,acoustic_novelty_delay,24,2.721888530764649,9.905022397637367,0.7777529954910278,0.5366706848144531,0.978967497706496,4.0,0.0,0.171336829662323,0.07914102077484131,0.04283420741558075,0.7976028756587826
classical_musopen_28b2abb46028__180s,classical_musopen_28b2abb46028,classical,validation,180.0,rhythm,24,2.9149154373251376,12.361860424280167,1.0751336812973022,0.6446810364723206,0.9778759391269697,5.0,1.0,0.2685176730155945,0.10704159736633301,0.0537035346031189,0.8244881325764369
classical_musopen_28b2abb46028__300s,classical_musopen_28b2abb46028,classical,validation,300.0,acoustic_novelty_delay,24,2.223594936646399,11.807119436562061,1.1069138050079346,0.5634832978248596,0.9703691836935386,5.0,2.0,0.33660250902175903,0.13529998064041138,0.06732050180435181,0.7869608856553566
classical_musopen_28b2abb46028__300s,classical_musopen_28b2abb46028,classical,validation,300.0,rhythm,24,3.0436334398910585,11.149402603507042,1.1107807159423828,0.6191366314888,0.9688002102881171,2.0,0.0,0.020784378051757812,0.01449844241142273,0.010392189025878906,0.8842478007269062
classical_musopen_33730045e3a6__180s,classical_musopen_33730045e3a6,classical,validation,180.0,acoustic_novelty_delay,24,2.6480132839677193,11.905877448618412,1.3479723930358887,0.5781002044677734,0.931594433424018,4.0,1.0,0.23311132192611694,0.10717463493347168,0.058277830481529236,0.8685670034920042
classical_musopen_33730045e3a6__180s,classical_musopen_33730045e3a6,classical,validation,180.0,rhythm,24,2.839052147612985,11.357147961854935,1.2921299934387207,0.5182743966579437,0.9780572420503674,5.0,0.0,0.2516506314277649,0.08187848329544067,0.05033012628555298,0.9515154122426477
classical_musopen_33730045e3a6__300s,classical_musopen_33730045e3a6,classical,validation,300.0,acoustic_novelty_delay,24,2.6106597702256975,11.399283215403557,1.301066517829895,0.6310259103775024,0.9558485804413145,4.0,2.0,0.324531614780426,0.12050807476043701,0.0811329036951065,0.8347819693231207
classical_musopen_33730045e3a6__300s,classical_musopen_33730045e3a6,classical,validation,300.0,rhythm,24,2.8087319566058273,13.0037182867527,2.4058594703674316,0.5731078386306763,0.9466808937848389,5.0,1.0,0.24586978554725647,0.11478471755981445,0.04917395710945129,0.7895484232417532
classical_musopen_373729be509d__180s,classical_musopen_373729be509d,classical,validation,180.0,acoustic_novelty_delay,24,1.9189299695509066,14.930927738547325,2.0567948818206787,0.5574853718280792,0.9181387732854565,5.0,1.0,0.2752511501312256,0.10977736115455627,0.055050230026245116,0.8045621013017912
classical_musopen_373729be509d__180s,classical_musopen_373729be509d,classical,validation,180.0,rhythm,24,3.1609680714906743,10.890007480978966,0.957538366317749,0.5974892675876617,0.9787028027873074,4.0,1.0,0.35779130458831787,0.20690381526947021,0.08944782614707947,0.7312409665315106
classical_musopen_373729be509d__300s,classical_musopen_373729be509d,classical,validation,300.0,acoustic_novelty_delay,24,1.9419618999436148,13.895922407507896,2.2832982540130615,0.6131224930286407,0.9453436701841916,8.0,0.0,0.3625360429286957,0.09652122855186462,0.04531700536608696,0.8651594971485538
classical_musopen_373729be509d__300s,classical_musopen_373729be509d,classical,validation,300.0,rhythm,24,3.0640631418045974,10.999492481350899,0.7856572270393372,0.554675817489624,0.982459070428885,5.0,2.0,0.32139623165130615,0.12701129913330078,0.06427924633026123,0.7190358579670416
classical_musopen_40a2fd43125a__180s,classical_musopen_40a2fd43125a,classical,validation,180.0,acoustic_novelty_delay,24,2.0904006011070644,11.279836803674698,1.065222978591919,0.6198334693908691,0.9618653294160557,5.0,0.0,0.14954227209091187,0.048746466636657715,0.02990845441818237,0.9321743636293248
classical_musopen_40a2fd43125a__180s,classical_musopen_40a2fd43125a,classical,validation,180.0,rhythm,24,3.9702189577433002,10.834864249452949,0.9810348749160767,0.5397739708423615,0.9678108459405006,5.0,0.0,0.17796611785888672,0.05807030200958252,0.03559322357177734,0.932453741421877
classical_musopen_40a2fd43125a__300s,classical_musopen_40a2fd43125a,classical,validation,300.0,acoustic_novelty_delay,24,1.8973446292006937,13.037443742156029,2.5470080375671387,0.6498937904834747,0.9171790121850699,2.0,1.0,0.1804833710193634,0.13218259811401367,0.0902416855096817,0.8380272132058019
classical_musopen_40a2fd43125a__300s,classical_musopen_40a2fd43125a,classical,validation,300.0,rhythm,24,2.7202509364674574,9.35555100440979,1.3612205982208252,0.6161891520023346,0.9125360995507664,1.0,0.0,0.011698424816131592,0.011698424816131592,0.011698424816131592,-2.2204460492503128e-16
classical_musopen_414d9c796be3__180s,classical_musopen_414d9c796be3,classical,validation,180.0,acoustic_novelty_delay,24,2.5929968260001903,11.405845612287521,1.1226152181625366,0.594556450843811,0.9741036517349145,5.0,1.0,0.2019108533859253,0.11713463068008423,0.04038217067718506,0.6627667956816645
classical_musopen_414d9c796be3__180s,classical_musopen_414d9c796be3,classical,validation,180.0,rhythm,24,2.4316051228236955,12.296880289912224,1.9360920190811157,0.6266342997550964,0.939355229901269,6.0,0.0,0.15618863701820374,0.04387146234512329,0.026031439503033955,0.9303689430215023
classical_musopen_414d9c796be3__300s,classical_musopen_414d9c796be3,classical,validation,300.0,acoustic_novelty_delay,24,2.251151527957238,10.700976237654686,1.0781562328338623,0.5286585986614227,0.9664643472215707,5.0,0.0,0.15995249152183533,0.07710206508636475,0.031990498304367065,0.8515349329286888
classical_musopen_414d9c796be3__300s,classical_musopen_414d9c796be3,classical,validation,300.0,rhythm,24,3.015914510446554,11.79152262210846,1.3034311532974243,0.5789467692375183,0.9758248090928318,7.0,1.0,0.30363398790359497,0.10294216871261597,0.04337628398622785,0.8359440367583776
classical_musopen_53427878778a__180s,classical_musopen_53427878778a,classical,validation,180.0,acoustic_novelty_delay,24,2.389408534879238,11.687469989061356,1.3175251483917236,0.5757339596748352,0.9604490804844574,6.0,0.0,0.20616406202316284,0.07847332954406738,0.034360677003860474,0.7332919358399623
classical_musopen_53427878778a__180s,classical_musopen_53427878778a,classical,validation,180.0,rhythm,24,3.4785915034215797,11.888400569558144,1.153699278831482,0.6410279870033264,0.9725336000285406,4.0,1.0,0.37724918127059937,0.16381090879440308,0.09431229531764984,0.9279791047677334
classical_musopen_53427878778a__300s,classical_musopen_53427878778a,classical,validation,300.0,acoustic_novelty_delay,24,2.1048569768902547,12.459311440587044,1.7243279218673706,0.5069167762994766,0.9476579647057966,4.0,0.0,0.12292587757110596,0.06866011023521423,0.03073146939277649,0.7130140844624668
classical_musopen_53427878778a__300s,classical_musopen_53427878778a,classical,validation,300.0,rhythm,24,3.4149859457692475,11.263404376804829,1.2223609685897827,0.6171863079071045,0.9640632210335972,5.0,0.0,0.21394354104995728,0.07113015651702881,0.042788708209991456,0.8140909803729747
classical_musopen_631eca7e6359__180s,classical_musopen_631eca7e6359,classical,validation,180.0,acoustic_novelty_delay,24,2.7343266317878587,10.578928232192993,0.9725155234336853,0.5491600334644318,0.9801215622267349,6.0,2.0,0.5916495323181152,0.18091541528701782,0.09860825538635254,0.9350020787160358
classical_musopen_631eca7e6359__180s,classical_musopen_631eca7e6359,classical,validation,180.0,rhythm,24,2.687659914935012,11.282707452774048,1.8254008293151855,0.5488736033439636,0.9396079999962524,3.0,0.0,0.11926248669624329,0.09955835342407227,0.03975416223208109,0.5117771565410222
classical_musopen_631eca7e6359__300s,classical_musopen_631eca7e6359,classical,validation,300.0,acoustic_novelty_delay,24,2.378476651267602,11.139128670096397,0.9564448595046997,0.5719057023525238,0.9835933332893633,7.0,1.0,0.47514086961746216,0.13806772232055664,0.06787726708820888,0.8735215129303618
classical_musopen_631eca7e6359__300s,classical_musopen_631eca7e6359,classical,validation,300.0,rhythm,24,2.735371258816518,12.267418444156647,0.9607419371604919,0.6202961504459381,0.9833858584886098,4.0,0.0,0.26467663049697876,0.07450699806213379,0.06616915762424469,0.9892449113410838
classical_musopen_66e009cc7ce8__180s,classical_musopen_66e009cc7ce8,classical,validation,180.0,acoustic_novelty_delay,24,2.4650448998747665,11.05481943488121,1.3223609924316406,0.5218662321567535,0.9686348181351683,5.0,1.0,0.31654810905456543,0.11826568841934204,0.06330962181091308,0.8904289185179748
classical_musopen_66e009cc7ce8__180s,classical_musopen_66e009cc7ce8,classical,validation,180.0,rhythm,24,3.5591443956950872,10.788925189524889,1.0381721258163452,0.6233703196048737,0.9483536365865978,2.0,1.0,0.1648097038269043,0.1361621618270874,0.08240485191345215,0.6663735161576185
classical_musopen_66e009cc7ce8__300s,classical_musopen_66e009cc7ce8,classical,validation,300.0,acoustic_novelty_delay,24,2.315679332318119,11.196021273732185,0.9201626181602478,0.5443276166915894,0.9799218009585199,5.0,1.0,0.2007361650466919,0.1443769931793213,0.04014723300933838,0.5526286356309275
classical_musopen_66e009cc7ce8__300s,classical_musopen_66e009cc7ce8,classical,validation,300.0,rhythm,24,4.406852518210331,9.64211018383503,0.9562385678291321,0.5046533942222595,0.964218551642141,6.0,0.0,0.26111501455307007,0.07377755641937256,0.043519169092178345,0.9056261541267927
classical_musopen_7c2a6aff83ae__180s,classical_musopen_7c2a6aff83ae,classical,validation,180.0,acoustic_novelty_delay,24,2.4970742000447674,11.752141930162907,1.4114941358566284,0.5981408059597015,0.956090651485395,6.0,1.0,0.2906883955001831,0.11253994703292847,0.04844806591669718,0.857381344827836
classical_musopen_7c2a6aff83ae__180s,classical_musopen_7c2a6aff83ae,classical,validation,180.0,rhythm,24,3.2420192568501274,11.737442523241043,1.2128429412841797,0.6407264769077301,0.9580174575863782,2.0,0.0,0.11732086539268494,0.06213819980621338,0.05866043269634247,0.9974630628391208
classical_musopen_7c2a6aff83ae__300s,classical_musopen_7c2a6aff83ae,classical,validation,300.0,acoustic_novelty_delay,24,2.153914114535537,10.547342702746391,0.7836104035377502,0.5629926025867462,0.976551451461791,5.0,0.0,0.2660118341445923,0.09048527479171753,0.053202366828918456,0.8055082406604159
classical_musopen_7c2a6aff83ae__300s,classical_musopen_7c2a6aff83ae,classical,validation,300.0,rhythm,24,3.1574500841717583,10.370591700077057,1.0879182815551758,0.5185350626707077,0.9648234685387909,2.0,0.0,0.09965944290161133,0.053112030029296875,0.049829721450805664,0.996867861671359
classical_musopen_85b8d83993e5__180s,classical_musopen_85b8d83993e5,classical,validation,180.0,acoustic_novelty_delay,24,2.4004393493222347,11.511692807078362,1.5021270513534546,0.547877311706543,0.9593556566674796,2.0,1.0,0.1290622353553772,0.12851911783218384,0.0645311176776886,0.03927178348158784
classical_musopen_85b8d83993e5__180s,classical_musopen_85b8d83993e5,classical,validation,180.0,rhythm,24,3.108664812199134,10.276116587221622,1.222123146057129,0.5084334462881088,0.9449007834457744,3.0,0.0,0.09810474514961243,0.06995576620101929,0.032701581716537476,0.7074342722022713
classical_musopen_85b8d83993e5__300s,classical_musopen_85b8d83993e5,classical,validation,300.0,acoustic_novelty_delay,24,2.801655392662615,10.995008334517479,1.0475419759750366,0.6896738409996033,0.9476639197848832,3.0,1.0,0.21491739153862,0.1175692081451416,0.07163913051287334,0.8640212508697447
classical_musopen_85b8d83993e5__300s,classical_musopen_85b8d83993e5,classical,validation,300.0,rhythm,24,2.542801289288415,9.755852602422237,0.8052818179130554,0.5880873501300812,0.9493433589302869,4.0,0.0,0.15956497192382812,0.08692091703414917,0.03989124298095703,0.8500780503706239
classical_musopen_8b402eee923c__180s,classical_musopen_8b402eee923c,classical,validation,180.0,acoustic_novelty_delay,24,2.0597975099889476,13.731998860836029,2.657302141189575,0.5766741931438446,0.9232822150642436,7.0,0.0,0.27969542145729065,0.0624159574508667,0.03995648877961295,0.9113963905511984
classical_musopen_8b402eee923c__180s,classical_musopen_8b402eee923c,classical,validation,180.0,rhythm,24,2.9774593005977072,10.812835857272148,1.2389389276504517,0.5369689166545868,0.9583721066357116,2.0,0.0,0.07807105779647827,0.0635489821434021,0.039035528898239136,0.6930517983233859
classical_musopen_8b402eee923c__300s,classical_musopen_8b402eee923c,classical,validation,300.0,acoustic_novelty_delay,24,1.8436028971762397,12.74626775085926,2.091456413269043,0.6591234803199768,0.9241706428647236,7.0,0.0,0.1547802984714508,0.045882195234298706,0.02211147121020726,0.892518988794529
classical_musopen_8b402eee923c__300s,classical_musopen_8b402eee923c,classical,validation,300.0,rhythm,24,2.365048587174577,10.805791020393372,0.8265798687934875,0.5191132426261902,0.9846627295205338,7.0,0.0,0.2256542444229126,0.07434773445129395,0.03223632063184466,0.8457362524816557
classical_musopen_97fae7a3dfae__180s,classical_musopen_97fae7a3dfae,classical,validation,180.0,acoustic_novelty_delay,24,2.5251408610314616,12.095984324812889,1.5810530185699463,0.5081702768802643,0.9599626537771145,3.0,0.0,0.08155253529548645,0.045610129833221436,0.027184178431828816,0.8549759156222827
classical_musopen_97fae7a3dfae__180s,classical_musopen_97fae7a3dfae,classical,validation,180.0,rhythm,24,3.016554615144932,12.261452823877335,1.415878415107727,0.5285996198654175,0.9618140181505385,0.0,0.0,0.0,0.0,0.0,0.0
classical_musopen_97fae7a3dfae__300s,classical_musopen_97fae7a3dfae,classical,validation,300.0,acoustic_novelty_delay,24,2.149066427553375,13.10822618752718,1.716991662979126,0.5503191649913788,0.9329665428178995,5.0,0.0,0.28502175211906433,0.08111870288848877,0.05700435042381287,0.9813826935080883
classical_musopen_97fae7a3dfae__300s,classical_musopen_97fae7a3dfae,classical,validation,300.0,rhythm,24,3.244972511708002,11.092948883771896,1.2740833759307861,0.5390891432762146,0.9736608340719862,3.0,0.0,0.08970025181770325,0.03711199760437012,0.029900083939234417,0.9643676608999892
classical_musopen_9e03803778c4__180s,classical_musopen_9e03803778c4,classical,validation,180.0,acoustic_novelty_delay,24,2.3035075275822994,12.69263643026352,1.817752480506897,0.5798012614250183,0.9562514751464808,8.0,1.0,0.5619440674781799,0.15541881322860718,0.07024300843477249,0.8934386550056362
classical_musopen_9e03803778c4__180s,classical_musopen_9e03803778c4,classical,validation,180.0,rhythm,24,3.3968417330619443,11.061427369713783,1.0822153091430664,0.6047321856021881,0.9604917084206487,7.0,1.0,0.37610307335853577,0.13535910844802856,0.053729010479790826,0.9097634224537623
classical_musopen_9e03803778c4__300s,classical_musopen_9e03803778c4,classical,validation,300.0,acoustic_novelty_delay,24,1.7693167453703973,11.771196126937866,1.3411113023757935,0.561016708612442,0.9764864482811995,7.0,0.0,0.24482619762420654,0.07107341289520264,0.03497517108917236,0.8892749080395621
classical_musopen_9e03803778c4__300s,classical_musopen_9e03803778c4,classical,validation,300.0,rhythm,24,3.249008564192375,9.097771652042866,0.831581711769104,0.5110663622617722,0.9500503560462702,4.0,0.0,0.1755741834640503,0.08495175838470459,0.04389354586601257,0.9039244689879355
classical_musopen_9e92b1162c06__180s,classical_musopen_9e92b1162c06,classical,validation,180.0,acoustic_novelty_delay,24,2.2274583550842673,11.3142758756876,0.9970934987068176,0.6398249566555023,0.9649704003231923,4.0,1.0,0.37578120827674866,0.20217996835708618,0.09394530206918716,0.8621291432040211
classical_musopen_9e92b1162c06__180s,classical_musopen_9e92b1162c06,classical,validation,180.0,rhythm,24,3.38557518015347,10.893859773874283,1.0754725933074951,0.5089544653892517,0.9653814264371984,2.0,0.0,0.08317452669143677,0.07542818784713745,0.041587263345718384,0.44684359989877936
classical_musopen_9e92b1162c06__300s,classical_musopen_9e92b1162c06,classical,validation,300.0,acoustic_novelty_delay,24,2.41188380536774,10.60957807302475,0.7752768397331238,0.5314944982528687,0.9836172134844319,7.0,1.0,0.3721057176589966,0.11865043640136719,0.05315795966557094,0.8810392808358505
classical_musopen_9e92b1162c06__300s,classical_musopen_9e92b1162c06,classical,validation,300.0,rhythm,24,2.8238762660478116,10.668772220611572,1.0186008214950562,0.7179327309131622,0.9457252229398854,5.0,1.0,0.25591883063316345,0.10500329732894897,0.05118376612663269,0.7839990066086973
classical_musopen_a1e65e9cab92__180s,classical_musopen_a1e65e9cab92,classical,validation,180.0,acoustic_novelty_delay,24,2.5106032245828347,10.086435437202454,0.8425014019012451,0.5567217171192169,0.973533085661224,5.0,1.0,0.30369803309440613,0.12295085191726685,0.060739606618881226,0.8028990863695925
classical_musopen_a1e65e9cab92__180s,classical_musopen_a1e65e9cab92,classical,validation,180.0,rhythm,24,2.4565995768452153,12.715498328208923,1.4075546264648438,0.6282489895820618,0.9690582646780393,4.0,1.0,0.3016428053379059,0.11058065295219421,0.07541070133447647,0.9661515367645553
classical_musopen_a1e65e9cab92__300s,classical_musopen_a1e65e9cab92,classical,validation,300.0,acoustic_novelty_delay,24,2.1737959654233237,11.555688455700874,1.5267492532730103,0.502394288778305,0.948725740488718,5.0,1.0,0.30219683051109314,0.2261936068534851,0.06043936610221863,0.5537242628253364
classical_musopen_a1e65e9cab92__300s,classical_musopen_a1e65e9cab92,classical,validation,300.0,rhythm,24,2.77070768723123,11.663331791758537,1.2009550333023071,0.6348506808280945,0.9553032369603051,4.0,1.0,0.22142893075942993,0.15809255838394165,0.05535723268985748,0.6083932434760131
classical_musopen_ad4d8a90f9bc__180s,classical_musopen_ad4d8a90f9bc,classical,validation,180.0,acoustic_novelty_delay,24,2.4829062246461144,11.430641233921051,0.9794082641601562,0.5657015740871429,0.9814276520005936,7.0,1.0,0.4328456521034241,0.10349047183990479,0.06183509315763201,0.9425954000018837
classical_musopen_ad4d8a90f9bc__180s,classical_musopen_ad4d8a90f9bc,classical,validation,180.0,rhythm,24,3.540210720171185,10.145344376564026,0.9164935350418091,0.5090312063694,0.9747694893272664,3.0,1.0,0.20665913820266724,0.1064862608909607,0.06888637940088908,0.858988368270795
classical_musopen_ad4d8a90f9bc__300s,classical_musopen_ad4d8a90f9bc,classical,validation,300.0,acoustic_novelty_delay,24,2.70896378582672,10.983452036976814,0.9336729645729065,0.4874933809041977,0.977745042296448,7.0,0.0,0.4761987030506134,0.09527528285980225,0.06802838615008763,0.9696400167858994
classical_musopen_ad4d8a90f9bc__300s,classical_musopen_ad4d8a90f9bc,classical,validation,300.0,rhythm,24,3.381311560638403,8.75516614690423,0.7405987977981567,0.508804589509964,0.9477650825347266,4.0,1.0,0.29598188400268555,0.19418245553970337,0.07399547100067139,0.7030713091084423
classical_musopen_b5e0f49dce63__180s,classical_musopen_b5e0f49dce63,classical,validation,180.0,acoustic_novelty_delay,24,2.063921651293064,11.570435047149658,1.1609113216400146,0.635456919670105,0.9603378835351581,1.0,0.0,0.04208698868751526,0.04208698868751526,0.04208698868751526,-2.2204460492503128e-16
classical_musopen_b5e0f49dce63__180s,classical_musopen_b5e0f49dce63,classical,validation,180.0,rhythm,24,3.4239772489964704,11.136579111218452,1.1066285371780396,0.5722788572311401,0.9663030303318766,4.0,2.0,0.32648736238479614,0.1277647614479065,0.08162184059619904,0.9148645467074938
classical_musopen_b5e0f49dce63__300s,classical_musopen_b5e0f49dce63,classical,validation,300.0,acoustic_novelty_delay,24,1.8814725664314835,12.056924231350422,1.523895263671875,0.6118341088294983,0.9302998863992042,6.0,3.0,0.45754632353782654,0.15232813358306885,0.07625772058963776,0.8467483721355005
classical_musopen_b5e0f49dce63__300s,classical_musopen_b5e0f49dce63,classical,validation,300.0,rhythm,24,3.3866476642073615,10.770124644041061,1.1207493543624878,0.5833088755607605,0.9613171447738866,7.0,0.0,0.11864882707595825,0.054974913597106934,0.016949832439422607,0.7930472284472203
classical_musopen_baea77fb0fba__180s,classical_musopen_baea77fb0fba,classical,validation,180.0,acoustic_novelty_delay,24,2.0816148516352673,10.605582192540169,0.6727138757705688,0.5712369978427887,0.9840366877122794,6.0,2.0,0.7147826254367828,0.36290234327316284,0.11913043757279713,0.7826255483955338
classical_musopen_baea77fb0fba__180s,classical_musopen_baea77fb0fba,classical,validation,180.0,rhythm,24,3.140468276646353,11.920902758836746,1.1543142795562744,0.6548541188240051,0.9454401491873285,5.0,1.0,0.2725905179977417,0.11863505840301514,0.05451810359954834,0.835847388383207
classical_musopen_baea77fb0fba__300s,classical_musopen_baea77fb0fba,classical,validation,300.0,acoustic_novelty_delay,24,2.1109513854689785,12.310526490211487,1.187821626663208,0.5227315425872803,0.9748356069499031,8.0,2.0,0.4823130965232849,0.1517108678817749,0.060289137065410614,0.8856885577039024
classical_musopen_baea77fb0fba__300s,classical_musopen_baea77fb0fba,classical,validation,300.0,rhythm,24,3.720739213752382,9.555354617536068,1.0663343667984009,0.6203561127185822,0.9355979691239521,1.0,0.0,0.023885369300842285,0.023885369300842285,0.023885369300842285,-2.2204460492503128e-16
classical_musopen_bb26f6675995__180s,classical_musopen_bb26f6675995,classical,validation,180.0,acoustic_novelty_delay,24,2.592813291104509,10.255244389176369,1.3724883794784546,0.5183559060096741,0.9613178344100696,5.0,0.0,0.2822910249233246,0.09722211956977844,0.05645820498466492,0.8529490076457753
classical_musopen_bb26f6675995__180s,classical_musopen_bb26f6675995,classical,validation,180.0,rhythm,24,2.8788777575148377,12.961737185716629,1.3879058361053467,0.677244246006012,0.9696234867072923,4.0,0.0,0.20013099908828735,0.08658528327941895,0.05003274977207184,0.8431205070014848
classical_musopen_bb26f6675995__300s,classical_musopen_bb26f6675995,classical,validation,300.0,acoustic_novelty_delay,24,1.8481141226612223,12.497213304042816,1.8909683227539062,0.5360950231552124,0.9389397561699222,4.0,3.0,0.4028613269329071,0.14148718118667603,0.10071533173322678,0.9328402511429109
classical_musopen_bb26f6675995__300s,classical_musopen_bb26f6675995,classical,validation,300.0,rhythm,24,2.4517013854376373,12.232895448803902,1.035240650177002,0.6849919557571411,0.9739579037685234,7.0,3.0,0.496614933013916,0.11670935153961182,0.07094499043055943,0.8822854867144269
classical_musopen_d80a81db9e9a__180s,classical_musopen_d80a81db9e9a,classical,validation,180.0,acoustic_novelty_delay,24,2.759587413566599,10.38502237200737,1.0100080966949463,0.5392500162124634,0.9760434456862302,5.0,0.0,0.2599295377731323,0.08127838373184204,0.05198590755462647,0.9253700526198693
classical_musopen_d80a81db9e9a__180s,classical_musopen_d80a81db9e9a,classical,validation,180.0,rhythm,24,3.706519316190623,10.481115683913231,1.0247060060501099,0.5529057383537292,0.9661813766636591,5.0,0.0,0.20805150270462036,0.06686520576477051,0.04161030054092407,0.9680748016542716
classical_musopen_d80a81db9e9a__300s,classical_musopen_d80a81db9e9a,classical,validation,300.0,acoustic_novelty_delay,24,2.2289591639209982,10.940394550561905,0.8041464686393738,0.6125615537166595,0.9823052728346513,7.0,1.0,0.39254701137542725,0.11329799890518188,0.05607814448220389,0.9144216410192694
classical_musopen_d80a81db9e9a__300s,classical_musopen_d80a81db9e9a,classical,validation,300.0,rhythm,24,3.3003629326365447,9.598944783210754,0.7885867357254028,0.5789235532283783,0.9672416184505919,5.0,2.0,0.29706844687461853,0.12400007247924805,0.05941368937492371,0.7399506979422527
classical_musopen_d89f306017d2__180s,classical_musopen_d89f306017d2,classical,validation,180.0,acoustic_novelty_delay,24,2.544720727470531,10.90190902352333,0.877338171005249,0.5207696259021759,0.984808225565625,6.0,1.0,0.30007851123809814,0.13321280479431152,0.05001308520634969,0.8442945646656503
classical_musopen_d89f306017d2__180s,classical_musopen_d89f306017d2,classical,validation,180.0,rhythm,24,2.9501589647432853,10.471348345279694,0.8756672739982605,0.5744273662567139,0.9748358352030494,5.0,0.0,0.2100871205329895,0.09098684787750244,0.0420174241065979,0.8241265031297221
classical_musopen_d89f306017d2__300s,classical_musopen_d89f306017d2,classical,validation,300.0,acoustic_novelty_delay,24,2.538270036896652,10.9472516477108,1.1160190105438232,0.6313921213150024,0.970934980083364,3.0,1.0,0.2604924440383911,0.18179720640182495,0.0868308146794637,0.7137355923486911
classical_musopen_d89f306017d2__300s,classical_musopen_d89f306017d2,classical,validation,300.0,rhythm,24,3.3224547271069986,9.746130928397179,0.7777784466743469,0.6117307245731354,0.9539687962090734,4.0,0.0,0.1309272050857544,0.06943893432617188,0.0327318012714386,0.8153350288656092
classical_musopen_d9826478969c__180s,classical_musopen_d9826478969c,classical,validation,180.0,acoustic_novelty_delay,24,2.191003264932302,11.449620768427849,1.149322748184204,0.5324419438838959,0.9725076930659909,3.0,0.0,0.21796882152557373,0.08645707368850708,0.07265627384185791,0.9912679694973704
classical_musopen_d9826478969c__180s,classical_musopen_d9826478969c,classical,validation,180.0,rhythm,24,3.102443049442293,10.98422084748745,0.9607497453689575,0.6189792454242706,0.9672754638563439,7.0,1.0,0.29641328752040863,0.1376481056213379,0.04234475536005838,0.6992997236769367
classical_musopen_d9826478969c__300s,classical_musopen_d9826478969c,classical,validation,300.0,acoustic_novelty_delay,24,1.9303028909776585,11.510226920247078,1.188855528831482,0.58149254322052,0.9715278766591204,7.0,0.0,0.31033384799957275,0.07811349630355835,0.04433340685708182,0.8840262771218432
classical_musopen_d9826478969c__300s,classical_musopen_d9826478969c,classical,validation,300.0,rhythm,24,2.8592282924504575,12.148541390895844,0.8609028458595276,0.6482816934585571,0.9799621713840683,7.0,1.0,0.4237595200538635,0.12376952171325684,0.06053707429340908,0.9244352156277922
classical_musopen_e09675b49c01__180s,classical_musopen_e09675b49c01,classical,validation,180.0,acoustic_novelty_delay,24,2.0619313999637203,11.604526080191135,1.309791088104248,0.5627710223197937,0.9506159278044964,5.0,3.0,0.7207787334918976,0.33997952938079834,0.14415574669837952,0.823336124708677
classical_musopen_e09675b49c01__180s,classical_musopen_e09675b49c01,classical,validation,180.0,rhythm,24,2.815567296330999,11.779325857758522,0.9254524111747742,0.6018181145191193,0.9757564880034143,5.0,0.0,0.13695138692855835,0.06173837184906006,0.02739027738571167,0.8097564058993212
classical_musopen_e09675b49c01__300s,classical_musopen_e09675b49c01,classical,validation,300.0,acoustic_novelty_delay,24,2.408385254427797,11.229351937770844,1.3049479722976685,0.6524524092674255,0.9461768340797636,3.0,0.0,0.17237266898155212,0.09854963421821594,0.057457556327184044,0.7100500378729878
classical_musopen_e09675b49c01__300s,classical_musopen_e09675b49c01,classical,validation,300.0,rhythm,24,2.533196908936904,12.756631761789322,0.8879845142364502,0.6576260924339294,0.9875540048932689,9.0,1.0,0.5717313885688782,0.20275628566741943,0.06352570984098646,0.8716000678542056
classical_musopen_e542fa316458__180s,classical_musopen_e542fa316458,classical,validation,180.0,acoustic_novelty_delay,24,2.3841901332415905,11.865308195352554,1.3290642499923706,0.6319568157196045,0.9737078773474136,3.0,1.0,0.20383965969085693,0.10763144493103027,0.06794655323028564,0.8170635891115255
classical_musopen_e542fa316458__180s,classical_musopen_e542fa316458,classical,validation,180.0,rhythm,24,3.4316958997139446,12.154610976576805,0.9878380298614502,0.6007281243801117,0.9813471451302069,7.0,0.0,0.1802200973033905,0.05235475301742554,0.025745728186198642,0.9211354283314158
classical_musopen_e542fa316458__300s,classical_musopen_e542fa316458,classical,validation,300.0,acoustic_novelty_delay,24,2.28935824498952,10.746202290058136,1.0499448776245117,0.621114045381546,0.9592545602146901,2.0,0.0,0.06004852056503296,0.03992104530334473,0.03002426028251648,0.9201382223496644
classical_musopen_e542fa316458__300s,classical_musopen_e542fa316458,classical,validation,300.0,rhythm,24,3.148851909115843,11.320444229058921,1.1780755519866943,0.5951901972293854,0.9644773904873198,7.0,1.0,0.44301843643188477,0.11370515823364258,0.06328834806169782,0.9024116883836054
classical_musopen_f6b26962c493__180s,classical_musopen_f6b26962c493,classical,validation,180.0,acoustic_novelty_delay,24,2.420431161355898,12.172469571232796,2.0933382511138916,0.49876998364925385,0.9340355789049225,2.0,0.0,0.09260088205337524,0.06335693597793579,0.04630044102668762,0.8997625769596892
classical_musopen_f6b26962c493__180s,classical_musopen_f6b26962c493,classical,validation,180.0,rhythm,24,3.267124255625535,9.782031998038292,0.6629819869995117,0.5086885094642639,0.9816808164849807,2.0,0.0,0.12759923934936523,0.08648288249969482,0.06379961967468262,0.90679048837241
classical_musopen_f6b26962c493__300s,classical_musopen_f6b26962c493,classical,validation,300.0,acoustic_novelty_delay,24,2.6637895526480664,11.244423106312752,0.9946318864822388,0.579164981842041,0.966222579959271,6.0,1.0,0.32018762826919556,0.11709368228912354,0.05336460471153259,0.8270330615764646
classical_musopen_f6b26962c493__300s,classical_musopen_f6b26962c493,classical,validation,300.0,rhythm,24,3.070874933735757,10.908493891358376,0.8657262921333313,0.6443823873996735,0.9599602949559111,3.0,1.0,0.2741023004055023,0.10868525505065918,0.09136743346850078,0.9896791913733028
classical_musopen_fcb18467286d__180s,classical_musopen_fcb18467286d,classical,validation,180.0,acoustic_novelty_delay,24,2.4760513108665916,11.826823368668556,1.240906834602356,0.6270624101161957,0.9718636455175614,8.0,1.0,0.3353186845779419,0.10034734010696411,0.04191483557224274,0.9013269605913063
classical_musopen_fcb18467286d__180s,classical_musopen_fcb18467286d,classical,validation,180.0,rhythm,24,2.950435666697145,13.33358809351921,1.774523138999939,0.6562713980674744,0.9622163048630149,5.0,0.0,0.15283268690109253,0.07213550806045532,0.030566537380218507,0.8185866194236074
classical_musopen_fcb18467286d__300s,classical_musopen_fcb18467286d,classical,validation,300.0,acoustic_novelty_delay,24,2.230024389899597,12.267396718263626,0.9607226252555847,0.5752068161964417,0.9824787806504808,6.0,0.0,0.29974305629730225,0.0951802134513855,0.04995717604955038,0.9242768061996748
classical_musopen_fcb18467286d__300s,classical_musopen_fcb18467286d,classical,validation,300.0,rhythm,24,3.270634323273606,11.761095494031906,1.1720161437988281,0.6265037357807159,0.9606404142477482,7.0,1.0,0.35773152112960815,0.10861128568649292,0.05110450301851545,0.8736328044693805
classical_musopen_fe9f4f266c55__180s,classical_musopen_fe9f4f266c55,classical,validation,180.0,acoustic_novelty_delay,24,2.521086830869711,11.909080535173416,1.1369385719299316,0.65345698595047,0.9641349935012357,5.0,0.0,0.2812719941139221,0.09913766384124756,0.05625439882278442,0.9084817958683901
classical_musopen_fe9f4f266c55__180s,classical_musopen_fe9f4f266c55,classical,validation,180.0,rhythm,24,3.463916485490111,10.210810974240303,1.0500200986862183,0.5295019149780273,0.9678181988882608,1.0,0.0,0.06113353371620178,0.06113353371620178,0.06113353371620178,-2.2204460492503128e-16
classical_musopen_fe9f4f266c55__300s,classical_musopen_fe9f4f266c55,classical,validation,300.0,acoustic_novelty_delay,24,2.2769135100270264,12.96561498939991,2.2894701957702637,0.5562641024589539,0.940883027012522,7.0,2.0,0.5496226847171783,0.23897546529769897,0.07851752638816833,0.8027314749761113
classical_musopen_fe9f4f266c55__300s,classical_musopen_fe9f4f266c55,classical,validation,300.0,rhythm,24,3.5467904247313524,9.63874189183116,0.9493573307991028,0.5793047845363617,0.9544403842559287,1.0,0.0,0.07102036476135254,0.07102036476135254,0.07102036476135254,-2.2204460492503128e-16
focus_jamendo_1068406__180s,focus_jamendo_1068406,focus,validation,180.0,acoustic_novelty_delay,24,2.5691219380659147,11.423569589853287,0.9460158348083496,0.5824327766895294,0.9830900427165434,6.0,1.0,0.4261881113052368,0.1623658537864685,0.07103135188420613,0.8516031462916487
focus_jamendo_1068406__180s,focus_jamendo_1068406,focus,validation,180.0,rhythm,24,3.245207385543508,7.760978899896145,1.1628742218017578,0.4879634976387024,0.8583734367987748,4.0,0.0,0.05730752646923065,0.037735044956207275,0.014326881617307663,0.6615370286169616
focus_jamendo_1068406__300s,focus_jamendo_1068406,focus,validation,300.0,acoustic_novelty_delay,24,2.671200910114481,11.900041103363037,2.133042097091675,0.5270682573318481,0.9435114197582977,5.0,0.0,0.15631914138793945,0.059939026832580566,0.03126382827758789,0.8183407846472549
focus_jamendo_1068406__300s,focus_jamendo_1068406,focus,validation,300.0,rhythm,24,4.355759575198498,6.801709972321987,1.058512568473816,0.4135110676288605,0.8083721005507074,3.0,0.0,0.05806811898946762,0.02877095341682434,0.019356039663155872,0.6749217476051466
focus_jamendo_1089784__180s,focus_jamendo_1089784,focus,validation,180.0,acoustic_novelty_delay,24,2.0199802435165037,12.54345166683197,2.761925220489502,0.5925208628177643,0.9140248040875769,5.0,1.0,0.36755305528640747,0.11627715826034546,0.07351061105728149,0.9184236374206253
focus_jamendo_1089784__180s,focus_jamendo_1089784,focus,validation,180.0,rhythm,24,1.9094415268311167,13.573198139667511,2.0769708156585693,0.5776344835758209,0.9125501779287041,4.0,0.0,0.14692160487174988,0.07058238983154297,0.03673040121793747,0.8872049055919623
focus_jamendo_1089784__300s,focus_jamendo_1089784,focus,validation,300.0,acoustic_novelty_delay,24,2.0199802435165037,12.54345166683197,2.761925220489502,0.5925208628177643,0.9140248040875769,5.0,1.0,0.36755305528640747,0.11627715826034546,0.07351061105728149,0.9184236374206253
focus_jamendo_1089784__300s,focus_jamendo_1089784,focus,validation,300.0,rhythm,24,1.9094415268311167,13.573198139667511,2.0769708156585693,0.5776344835758209,0.9125501779287041,4.0,0.0,0.14692160487174988,0.07058238983154297,0.03673040121793747,0.8872049055919623
focus_jamendo_1097142__180s,focus_jamendo_1097142,focus,validation,180.0,acoustic_novelty_delay,24,2.931205428659729,10.324564725160599,0.7063583731651306,0.5437464416027069,0.9830578815996389,3.0,1.0,0.2095022201538086,0.1101725697517395,0.06983407338460286,0.9276116518703252
focus_jamendo_1097142__180s,focus_jamendo_1097142,focus,validation,180.0,rhythm,24,3.245947519947152,9.779666110873222,0.8862899541854858,0.5042428523302078,0.9691288667615044,0.0,0.0,0.0,0.0,0.0,0.0
focus_jamendo_1097142__300s,focus_jamendo_1097142,focus,validation,300.0,acoustic_novelty_delay,24,2.7462761116227616,11.436329618096352,2.4114184379577637,0.47981466352939606,0.9153981032979461,5.0,1.0,0.21445924043655396,0.1129240095615387,0.042891848087310794,0.7305320577994505
focus_jamendo_1097142__300s,focus_jamendo_1097142,focus,validation,300.0,rhythm,24,3.3208743505954605,12.157687902450562,1.1356803178787231,0.5872189998626709,0.9660880699942767,3.0,1.0,0.22889846563339233,0.1206815242767334,0.07629948854446411,0.7594326873212967
focus_jamendo_1120647__180s,focus_jamendo_1120647,focus,validation,180.0,acoustic_novelty_delay,24,2.3650547653996075,11.520039290189743,1.8355828523635864,0.5277604162693024,0.9275839401741277,3.0,2.0,0.3508763313293457,0.20984840393066406,0.1169587771097819,0.7914922167306512
focus_jamendo_1120647__180s,focus_jamendo_1120647,focus,validation,180.0,rhythm,24,2.183076657103722,11.103430554270744,1.8630911111831665,0.6243910789489746,0.8684688087092478,3.0,0.0,0.038905344903469086,0.01995718479156494,0.012968448301156362,0.872645446043197
focus_jamendo_1120647__300s,focus_jamendo_1120647,focus,validation,300.0,acoustic_novelty_delay,24,2.3650547653996075,11.520039290189743,1.8355828523635864,0.5277604162693024,0.9275839401741277,3.0,2.0,0.3508763313293457,0.20984840393066406,0.1169587771097819,0.7914922167306512
focus_jamendo_1120647__300s,focus_jamendo_1120647,focus,validation,300.0,rhythm,24,2.183076657103722,11.103430554270744,1.8630911111831665,0.6243910789489746,0.8684688087092478,3.0,0.0,0.038905344903469086,0.01995718479156494,0.012968448301156362,0.872645446043197
focus_jamendo_1127596__180s,focus_jamendo_1127596,focus,validation,180.0,acoustic_novelty_delay,24,2.692634900471733,12.008610889315605,1.5934683084487915,0.5696092247962952,0.9593198503730388,5.0,1.0,0.22354131937026978,0.11679154634475708,0.04470826387405395,0.816649790036522
focus_jamendo_1127596__180s,focus_jamendo_1127596,focus,validation,180.0,rhythm,24,2.2302938647260184,10.564636282622814,1.865586519241333,0.6686835587024689,0.8466957669086853,3.0,0.0,0.0825960785150528,0.06859752535820007,0.027532026171684265,0.42420276424364944
focus_jamendo_1127596__300s,focus_jamendo_1127596,focus,validation,300.0,acoustic_novelty_delay,24,2.5560632197515707,11.63388104736805,1.4405003786087036,0.5352960228919983,0.9685235291855829,7.0,1.0,0.41101497411727905,0.17571038007736206,0.05871642487389701,0.79594727666926
focus_jamendo_1127596__300s,focus_jamendo_1127596,focus,validation,300.0,rhythm,24,1.8894011407305686,13.277499028481543,2.5875110626220703,0.8246618211269379,0.878042089254198,2.0,1.0,0.12309855222702026,0.10046279430389404,0.06154927611351013,0.6884987917501154
focus_jamendo_1128887__180s,focus_jamendo_1128887,focus,validation,180.0,acoustic_novelty_delay,24,2.5240163128375483,11.443279504776001,1.248101830482483,0.4832504838705063,0.9571288816849634,6.0,1.0,0.29982084035873413,0.12605273723602295,0.049970140059789024,0.7886355894677178
focus_jamendo_1128887__180s,focus_jamendo_1128887,focus,validation,180.0,rhythm,24,2.008991284892705,9.797536969184875,1.0714279413223267,0.47366680204868317,0.9673242825055969,4.0,0.0,0.08389151096343994,0.045555830001831055,0.020972877740859985,0.6894378770916888
focus_jamendo_1128887__300s,focus_jamendo_1128887,focus,validation,300.0,acoustic_novelty_delay,24,2.2549699855490566,12.98613415658474,1.7347720861434937,0.6092614233493805,0.9379402151403023,3.0,1.0,0.2173711061477661,0.13490861654281616,0.0724570353825887,0.7953523434078419
focus_jamendo_1128887__300s,focus_jamendo_1128887,focus,validation,300.0,rhythm,24,0.8613396289305906,11.143880870193243,3.7228565216064453,0.4828495681285858,0.7549515701620785,6.0,2.0,0.31424909830093384,0.1650179624557495,0.052374849716822304,0.5151030291939052
focus_jamendo_1156386__180s,focus_jamendo_1156386,focus,validation,180.0,acoustic_novelty_delay,24,2.7649919757664883,9.445037260651588,0.7779524326324463,0.5071479678153992,0.9771211165231805,5.0,1.0,0.2551345229148865,0.1447409987449646,0.051026904582977296,0.6797036493809745
focus_jamendo_1156386__180s,focus_jamendo_1156386,focus,validation,180.0,rhythm,24,2.9422940661326527,6.758417192846537,0.7207580208778381,0.3744688779115677,0.9038666758765509,1.0,0.0,0.014341294765472412,0.014341294765472412,0.014341294765472412,-2.2204460492503128e-16
focus_jamendo_1156386__300s,focus_jamendo_1156386,focus,validation,300.0,acoustic_novelty_delay,24,2.3507692318326354,11.72505596280098,1.015160322189331,0.6713683903217316,0.9691903131316676,5.0,0.0,0.2065785825252533,0.06953972578048706,0.041315716505050656,0.96220168333432
focus_jamendo_1156386__300s,focus_jamendo_1156386,focus,validation,300.0,rhythm,24,2.7752529743744145,9.009939147159457,1.7917747497558594,0.49596600234508514,0.8871001391666519,4.0,0.0,0.1279779076576233,0.05477100610733032,0.03199447691440582,0.795285451612131
focus_jamendo_1161853__180s,focus_jamendo_1161853,focus,validation,180.0,acoustic_novelty_delay,24,2.0771766118791897,11.533850207924843,1.5742264986038208,0.5713470578193665,0.9597010476779764,6.0,1.0,0.47503459453582764,0.17640918493270874,0.07917243242263794,0.9079966762468012
focus_jamendo_1161853__180s,focus_jamendo_1161853,focus,validation,180.0,rhythm,24,3.8617281202749,9.811391770839691,1.0217570066452026,0.498685821890831,0.9492553858294247,5.0,0.0,0.1385684311389923,0.04635155200958252,0.027713686227798462,0.9402159628960918
focus_jamendo_1161853__300s,focus_jamendo_1161853,focus,validation,300.0,acoustic_novelty_delay,24,2.0771766118791897,11.533850207924843,1.5742264986038208,0.5713470578193665,0.9597010476779764,6.0,1.0,0.47503459453582764,0.17640918493270874,0.07917243242263794,0.9079966762468012
focus_jamendo_1161853__300s,focus_jamendo_1161853,focus,validation,300.0,rhythm,24,3.8617281202749,9.811391770839691,1.0217570066452026,0.498685821890831,0.9492553858294247,5.0,0.0,0.1385684311389923,0.04635155200958252,0.027713686227798462,0.9402159628960918
focus_jamendo_1357893__180s,focus_jamendo_1357893,focus,validation,180.0,acoustic_novelty_delay,24,2.8703557851277486,10.84835071861744,0.9147005677223206,0.601686418056488,0.9729111702077097,4.0,0.0,0.12896442413330078,0.08380937576293945,0.032241106033325195,0.7413856124321493
focus_jamendo_1357893__180s,focus_jamendo_1357893,focus,validation,180.0,rhythm,24,2.7901750030652623,8.070109561085701,1.1056233644485474,0.4828574061393738,0.9369801400675605,1.0,0.0,0.0447121262550354,0.0447121262550354,0.0447121262550354,-2.2204460492503128e-16
focus_jamendo_1357893__300s,focus_jamendo_1357893,focus,validation,300.0,acoustic_novelty_delay,24,2.3396564404929925,11.132162719964981,0.970808207988739,0.5740371644496918,0.9759295290216375,3.0,1.0,0.23733609914779663,0.11935657262802124,0.07911203304926555,0.9371633810599272
focus_jamendo_1357893__300s,focus_jamendo_1357893,focus,validation,300.0,rhythm,24,3.270744379720642,9.222555555403233,1.000680685043335,0.5484430491924286,0.9302213929052588,1.0,0.0,0.0011243224143981934,0.0011243224143981934,0.0011243224143981934,-2.2204460492503128e-16
focus_jamendo_1496808__180s,focus_jamendo_1496808,focus,validation,180.0,acoustic_novelty_delay,24,2.3357826051976924,12.248243883252144,2.6465916633605957,0.5625134110450745,0.925188219789213,4.0,0.0,0.22097381949424744,0.09964865446090698,0.05524345487356186,0.8259545627961379
focus_jamendo_1496808__180s,focus_jamendo_1496808,focus,validation,180.0,rhythm,24,2.2329228146823508,12.02967794239521,1.5038989782333374,0.5701329410076141,0.939608065193396,3.0,1.0,0.236981600522995,0.1460588574409485,0.07899386684099834,0.8479305838726034
focus_jamendo_1496808__300s,focus_jamendo_1496808,focus,validation,300.0,acoustic_novelty_delay,24,2.3357826051976924,12.248243883252144,2.6465916633605957,0.5625134110450745,0.925188219789213,4.0,0.0,0.22097381949424744,0.09964865446090698,0.05524345487356186,0.8259545627961379
focus_jamendo_1496808__300s,focus_jamendo_1496808,focus,validation,300.0,rhythm,24,2.2329228146823508,12.02967794239521,1.5038989782333374,0.5701329410076141,0.939608065193396,3.0,1.0,0.236981600522995,0.1460588574409485,0.07899386684099834,0.8479305838726034
focus_jamendo_1549291__180s,focus_jamendo_1549291,focus,validation,180.0,acoustic_novelty_delay,24,2.8563130282111175,10.820675015449524,0.7492806315422058,0.5782348811626434,0.9823496990727039,6.0,1.0,0.37932658195495605,0.11456584930419922,0.06322109699249268,0.868714320199551
focus_jamendo_1549291__180s,focus_jamendo_1549291,focus,validation,180.0,rhythm,24,3.0989114933321016,8.200109522789717,1.1013875007629395,0.5642186403274536,0.9126182316373587,2.0,0.0,0.015245795249938965,0.0078277587890625,0.007622897624969482,0.999478954163062
focus_jamendo_1549291__300s,focus_jamendo_1549291,focus,validation,300.0,acoustic_novelty_delay,24,2.8563130282111175,10.820675015449524,0.7492806315422058,0.5782348811626434,0.9823496990727039,6.0,1.0,0.37932658195495605,0.11456584930419922,0.06322109699249268,0.868714320199551
focus_jamendo_1549291__300s,focus_jamendo_1549291,focus,validation,300.0,rhythm,24,3.0989114933321016,8.200109522789717,1.1013875007629395,0.5642186403274536,0.9126182316373587,2.0,0.0,0.015245795249938965,0.0078277587890625,0.007622897624969482,0.999478954163062
focus_jamendo_1550368__180s,focus_jamendo_1550368,focus,validation,180.0,acoustic_novelty_delay,24,2.6663889382046704,10.028328344225883,0.9829385876655579,0.6286180317401886,0.9638087561138025,3.0,2.0,0.32525211572647095,0.19361376762390137,0.10841737190882365,0.7099302775656267
focus_jamendo_1550368__180s,focus_jamendo_1550368,focus,validation,180.0,rhythm,24,0.821263203355062,17.154804788529873,8.161459922790527,0.4689900875091553,0.6463777355670652,5.0,0.0,0.06708037853240967,0.022079288959503174,0.013416075706481933,0.90211773481742
focus_jamendo_1550368__300s,focus_jamendo_1550368,focus,validation,300.0,acoustic_novelty_delay,24,2.5274159903446263,11.195643678307533,1.3842298984527588,0.62117138504982,0.9532697469142388,4.0,1.0,0.26945847272872925,0.138691246509552,0.06736461818218231,0.7752606491604807
focus_jamendo_1550368__300s,focus_jamendo_1550368,focus,validation,300.0,rhythm,24,1.8125181789893046,10.252016203477979,2.781527519226074,0.5688841789960861,0.7804561067207075,6.0,0.0,0.15924416482448578,0.0586700439453125,0.026540694137414295,0.8127786594935795
focus_jamendo_1571054__180s,focus_jamendo_1571054,focus,validation,180.0,acoustic_novelty_delay,24,2.2340141762031838,10.998551994562149,2.0835578441619873,0.49496179819107056,0.9344544298450733,2.0,0.0,0.05520787835121155,0.03963327407836914,0.027603939175605774,0.8583077238867469
focus_jamendo_1571054__180s,focus_jamendo_1571054,focus,validation,180.0,rhythm,24,4.772687365907461,5.7839213870465755,0.7951708436012268,0.2850113660097122,0.8848110471790733,0.0,0.0,0.0,0.0,0.0,0.0
focus_jamendo_1571054__300s,focus_jamendo_1571054,focus,validation,300.0,acoustic_novelty_delay,24,2.039629255518559,11.295167058706284,2.175837993621826,0.4898739606142044,0.9239078829963683,3.0,0.0,0.14506390690803528,0.08409261703491211,0.04835463563601176,0.8751390595382783
focus_jamendo_1571054__300s,focus_jamendo_1571054,focus,validation,300.0,rhythm,24,4.365336585294169,6.309781430289149,0.794125497341156,0.47199198603630066,0.8991301270317354,1.0,0.0,0.005619704723358154,0.005619704723358154,0.005619704723358154,-2.2204460492503128e-16
focus_jamendo_1597681__180s,focus_jamendo_1597681,focus,validation,180.0,acoustic_novelty_delay,24,2.8358451694262907,11.591687425971031,0.9634658098220825,0.624777764081955,0.9701573262705447,6.0,1.0,0.33627909421920776,0.11264806985855103,0.056046515703201294,0.8261076971301835
focus_jamendo_1597681__180s,focus_jamendo_1597681,focus,validation,180.0,rhythm,24,3.2310934108656206,7.424048900604248,0.9514762759208679,0.36190585792064667,0.9416845502115319,6.0,0.0,0.13450974225997925,0.05499464273452759,0.022418290376663208,0.7048447596387912
focus_jamendo_1597681__300s,focus_jamendo_1597681,focus,validation,300.0,acoustic_novelty_delay,24,2.3454934143540687,11.980057016015053,2.0195722579956055,0.5047616958618164,0.9526620471928567,7.0,2.0,0.4959830343723297,0.16203352808952332,0.0708547191960471,0.9017209949748086
focus_jamendo_1597681__300s,focus_jamendo_1597681,focus,validation,300.0,rhythm,24,3.4802348910492276,9.35518591105938,1.353980541229248,0.38557496666908264,0.8943015372549017,3.0,1.0,0.36299988627433777,0.33407914638519287,0.12099996209144592,0.2992512074719385
focus_jamendo_1630224__180s,focus_jamendo_1630224,focus,validation,180.0,acoustic_novelty_delay,24,2.197420786035856,11.913583844900131,1.0322160720825195,0.5738684237003326,0.9759872707005807,6.0,1.0,0.3685053586959839,0.11913293600082397,0.06141755978266398,0.8953405709500705
focus_jamendo_1630224__180s,focus_jamendo_1630224,focus,validation,180.0,rhythm,24,4.133785218165361,9.969546288251877,0.8937628865242004,0.6520290970802307,0.9186710763171966,2.0,0.0,0.07193970680236816,0.05192402005195618,0.03596985340118408,0.8530259661233229
focus_jamendo_1630224__300s,focus_jamendo_1630224,focus,validation,300.0,acoustic_novelty_delay,24,2.227793390508597,10.894917115569115,1.151972770690918,0.5684607028961182,0.9692919560967008,5.0,1.0,0.24273985624313354,0.10171234607696533,0.04854797124862671,0.8015638474361247
focus_jamendo_1630224__300s,focus_jamendo_1630224,focus,validation,300.0,rhythm,24,3.9146145898232723,9.574286803603172,0.9261561036109924,0.5674432218074799,0.9478334653704088,4.0,0.0,0.1131853461265564,0.07383376359939575,0.0282963365316391,0.7119851385512701
focus_jamendo_1633326__180s,focus_jamendo_1633326,focus,validation,180.0,acoustic_novelty_delay,24,2.3359238320683944,11.078563213348389,1.1705363988876343,0.5699317455291748,0.9681596214178243,7.0,3.0,0.6345165371894836,0.16980624198913574,0.09064521959849767,0.8997385018449839
focus_jamendo_1633326__180s,focus_jamendo_1633326,focus,validation,180.0,rhythm,24,1.4610210959592569,13.908326238393784,2.2779133319854736,0.5458727180957794,0.8553495345225938,2.0,1.0,0.16243618726730347,0.13645976781845093,0.08121809363365173,0.6341126008605085
focus_jamendo_1633326__300s,focus_jamendo_1633326,focus,validation,300.0,acoustic_novelty_delay,24,2.488337241287704,9.431429401040077,0.8528448343276978,0.5391687750816345,0.9672245237158144,3.0,2.0,0.502737820148468,0.26325273513793945,0.16757927338282266,0.9040896143495686
focus_jamendo_1633326__300s,focus_jamendo_1633326,focus,validation,300.0,rhythm,24,1.6355685069446957,13.064011260867119,3.2997934818267822,0.43520544469356537,0.7907742050949141,0.0,0.0,0.0,0.0,0.0,0.0
focus_jamendo_1650016__180s,focus_jamendo_1650016,focus,validation,180.0,acoustic_novelty_delay,24,2.4157610148767774,11.590175777673721,1.056837558746338,0.5274106562137604,0.9789156101230458,6.0,1.0,0.2885069251060486,0.11825621128082275,0.048084487517674766,0.817066201247503
focus_jamendo_1650016__180s,focus_jamendo_1650016,focus,validation,180.0,rhythm,24,0.7651573911329815,13.454118344932795,5.272904872894287,0.5025976002216339,0.6874502650109652,4.0,0.0,0.02748119831085205,0.012529850006103516,0.006870299577713013,0.9005056633884424
focus_jamendo_1650016__300s,focus_jamendo_1650016,focus,validation,300.0,acoustic_novelty_delay,24,2.6474788057544116,11.582710340619087,1.336320400238037,0.5138145834207535,0.9701103911895804,3.0,1.0,0.2352314591407776,0.11570000648498535,0.0784104863802592,0.911773998178795
focus_jamendo_1650016__300s,focus_jamendo_1650016,focus,validation,300.0,rhythm,24,0.5589038745476661,18.68995640426874,8.608158111572266,0.5993658900260925,0.6552437466583063,5.0,0.0,0.13944131135940552,0.06745308637619019,0.027888262271881105,0.724156612373684
focus_jamendo_1669925__180s,focus_jamendo_1669925,focus,validation,180.0,acoustic_novelty_delay,24,2.538708363692893,10.164393529295921,1.5637011528015137,0.4953250139951706,0.9444128381358511,2.0,0.0,0.11658883094787598,0.08759576082229614,0.05829441547393799,0.8091759742478513
focus_jamendo_1669925__180s,focus_jamendo_1669925,focus,validation,180.0,rhythm,24,2.0193956309422556,12.981842383742332,2.174647569656372,0.6971180140972137,0.8981929204265279,4.0,0.0,0.11718177795410156,0.08118331432342529,0.02929544448852539,0.5966423269370443
focus_jamendo_1669925__300s,focus_jamendo_1669925,focus,validation,300.0,acoustic_novelty_delay,24,2.0539638263474784,11.349267326295376,2.337331533432007,0.5627412497997284,0.9200288792708072,4.0,1.0,0.2547551691532135,0.19321095943450928,0.06368879228830338,0.4411061797435977
focus_jamendo_1669925__300s,focus_jamendo_1669925,focus,validation,300.0,rhythm,24,2.026461796633944,10.790868869051337,1.797728180885315,0.6251139640808105,0.8873695067395252,3.0,0.0,0.18460547924041748,0.0921088457107544,0.061535159746805825,0.8683421084889638
focus_jamendo_1700327__180s,focus_jamendo_1700327,focus,validation,180.0,acoustic_novelty_delay,24,3.0149819548658874,9.5438112616539,0.8046894073486328,0.46952101588249207,0.9766845731392069,3.0,1.0,0.22671645879745483,0.15048182010650635,0.07557215293248494,0.7538774439010695
focus_jamendo_1700327__180s,focus_jamendo_1700327,focus,validation,180.0,rhythm,24,2.5601570738850814,11.753977999091148,1.3586457967758179,0.6328212320804596,0.9458281116816211,8.0,0.0,0.32484176754951477,0.09867298603057861,0.040605220943689346,0.8567881073957767
focus_jamendo_1700327__300s,focus_jamendo_1700327,focus,validation,300.0,acoustic_novelty_delay,24,2.572608998593526,10.559826105833054,1.2910919189453125,0.5149952620267868,0.9657511926711504,3.0,0.0,0.13173353672027588,0.07524222135543823,0.04391117890675863,0.8877094510702578
focus_jamendo_1700327__300s,focus_jamendo_1700327,focus,validation,300.0,rhythm,24,3.7330968894638685,8.946557501330972,0.9835886359214783,0.5229649543762207,0.9402086908935244,3.0,0.0,0.06416964530944824,0.04389142990112305,0.021389881769816082,0.7340578180075132
focus_jamendo_1713602__180s,focus_jamendo_1713602,focus,validation,180.0,acoustic_novelty_delay,24,2.4240358235696338,13.429046675562859,2.138685941696167,0.588654488325119,0.9361680945313139,5.0,1.0,0.3802076280117035,0.1456981897354126,0.0760415256023407,0.8846995605831831
focus_jamendo_1713602__180s,focus_jamendo_1713602,focus,validation,180.0,rhythm,24,3.5695953729853076,10.693224221467972,1.1511383056640625,0.5736373066902161,0.9714193289504602,3.0,1.0,0.20624423027038574,0.11924576759338379,0.06874807675679524,0.7964690781770417
focus_jamendo_1713602__300s,focus_jamendo_1713602,focus,validation,300.0,acoustic_novelty_delay,24,2.4240358235696338,13.429046675562859,2.138685941696167,0.588654488325119,0.9361680945313139,5.0,1.0,0.3802076280117035,0.1456981897354126,0.0760415256023407,0.8846995605831831
focus_jamendo_1713602__300s,focus_jamendo_1713602,focus,validation,300.0,rhythm,24,3.5695953729853076,10.693224221467972,1.1511383056640625,0.5736373066902161,0.9714193289504602,3.0,1.0,0.20624423027038574,0.11924576759338379,0.06874807675679524,0.7964690781770417
focus_jamendo_1721937__180s,focus_jamendo_1721937,focus,validation,180.0,acoustic_novelty_delay,24,2.5826841512846235,9.36285299807787,0.7267616391181946,0.5088955014944077,0.9753005195730735,2.0,1.0,0.19531351327896118,0.13225722312927246,0.09765675663948059,0.9074501352218943
focus_jamendo_1721937__180s,focus_jamendo_1721937,focus,validation,180.0,rhythm,24,3.1529007384014447,8.908283494412899,0.9183801412582397,0.48738813400268555,0.9576608091470236,5.0,0.0,0.16544634103775024,0.06786298751831055,0.03308926820755005,0.7710022665042312
focus_jamendo_1721937__300s,focus_jamendo_1721937,focus,validation,300.0,acoustic_novelty_delay,24,2.711925380653568,9.497003808617592,0.8440441489219666,0.5745566487312317,0.9618338519998362,1.0,0.0,0.049147188663482666,0.049147188663482666,0.049147188663482666,-2.2204460492503128e-16
focus_jamendo_1721937__300s,focus_jamendo_1721937,focus,validation,300.0,rhythm,24,3.7386853635038664,9.58075719885528,1.1341500282287598,0.5017174184322357,0.9303320362094357,5.0,1.0,0.2712024450302124,0.20653283596038818,0.05424048900604248,0.5113658254639624
focus_jamendo_1755448__180s,focus_jamendo_1755448,focus,validation,180.0,acoustic_novelty_delay,24,2.2312114218988937,11.270612686872482,1.1923279762268066,0.6817847788333893,0.9492565336058018,3.0,0.0,0.11640700697898865,0.0665869414806366,0.03880233565966288,0.8387945644737606
focus_jamendo_1755448__180s,focus_jamendo_1755448,focus,validation,180.0,rhythm,24,1.800884641476947,6.786346863489598,1.3681457042694092,0.3259667605161667,0.7713642557175546,5.0,0.0,0.055130958557128906,0.024548649787902832,0.01102619171142578,0.8153654264639363
focus_jamendo_1755448__300s,focus_jamendo_1755448,focus,validation,300.0,acoustic_novelty_delay,24,1.9990146769371744,10.957121849060059,1.072461485862732,0.5303341150283813,0.9713637777193466,5.0,0.0,0.301624596118927,0.08953118324279785,0.0603249192237854,0.9203385416925379
focus_jamendo_1755448__300s,focus_jamendo_1755448,focus,validation,300.0,rhythm,24,0.6459864799522277,19.66997150145471,5.56351375579834,0.7954108715057373,0.648527974162596,3.0,1.0,0.2223106026649475,0.22032785415649414,0.07410353422164917,0.05148152721132332
focus_jamendo_1761112__180s,focus_jamendo_1761112,focus,validation,180.0,acoustic_novelty_delay,24,2.4432568108817665,10.941435188055038,0.9482240676879883,0.582810252904892,0.9777880324498814,6.0,2.0,0.48606815934181213,0.16464853286743164,0.08101135989030202,0.9052110796119676
focus_jamendo_1761112__180s,focus_jamendo_1761112,focus,validation,180.0,rhythm,24,2.3632282303717416,9.761440426111221,0.8944764137268066,0.4987557530403137,0.973688081417384,2.0,0.0,0.0651317834854126,0.04916572570800781,0.0325658917427063,0.8034752802473255
focus_jamendo_1761112__300s,focus_jamendo_1761112,focus,validation,300.0,acoustic_novelty_delay,24,2.5529408379085043,11.570746839046478,0.9574710726737976,0.5665007829666138,0.9750542211387662,6.0,1.0,0.4458264708518982,0.1371622085571289,0.0743044118086497,0.9296205899316009
focus_jamendo_1761112__300s,focus_jamendo_1761112,focus,validation,300.0,rhythm,24,2.7613356169767167,10.901933491230011,1.4587489366531372,0.5410492122173309,0.9670320189964803,5.0,0.0,0.14730298519134521,0.05458730459213257,0.029460597038269042,0.840574211767977
focus_jamendo_1786770__180s,focus_jamendo_1786770,focus,validation,180.0,acoustic_novelty_delay,24,1.5252032326262164,12.222855374217033,1.8547319173812866,0.610910028219223,0.9478715023800325,4.0,0.0,0.10770174860954285,0.0626673698425293,0.02692543715238571,0.7765377937425526
focus_jamendo_1786770__180s,focus_jamendo_1786770,focus,validation,180.0,rhythm,24,2.88450844792466,9.615860121324658,1.155526041984558,0.5508437603712082,0.91091064301459,4.0,0.0,0.14593249559402466,0.05267059803009033,0.036483123898506165,0.9118225725094481
focus_jamendo_1786770__300s,focus_jamendo_1786770,focus,validation,300.0,acoustic_novelty_delay,24,1.5252032326262164,12.222855374217033,1.8547319173812866,0.610910028219223,0.9478715023800325,4.0,0.0,0.10770174860954285,0.0626673698425293,0.02692543715238571,0.7765377937425526
focus_jamendo_1786770__300s,focus_jamendo_1786770,focus,validation,300.0,rhythm,24,2.88450844792466,9.615860121324658,1.155526041984558,0.5508437603712082,0.91091064301459,4.0,0.0,0.14593249559402466,0.05267059803009033,0.036483123898506165,0.9118225725094481
focus_jamendo_1787506__180s,focus_jamendo_1787506,focus,validation,180.0,acoustic_novelty_delay,24,2.5852509792369736,10.515290196985006,1.5218079090118408,0.49974581599235535,0.944899919769373,3.0,0.0,0.15470373630523682,0.07772624492645264,0.051567912101745605,0.941447660497695
focus_jamendo_1787506__180s,focus_jamendo_1787506,focus,validation,180.0,rhythm,24,5.607666470023542,7.2371041579172015,0.8158683776855469,0.43650785088539124,0.8982300803311305,2.0,0.0,0.04982343316078186,0.04740986227989197,0.02491171658039093,0.27974353567893007
focus_jamendo_1787506__300s,focus_jamendo_1787506,focus,validation,300.0,acoustic_novelty_delay,24,2.5852509792369736,10.515290196985006,1.5218079090118408,0.49974581599235535,0.944899919769373,3.0,0.0,0.15470373630523682,0.07772624492645264,0.051567912101745605,0.941447660497695
focus_jamendo_1787506__300s,focus_jamendo_1787506,focus,validation,300.0,rhythm,24,5.607666470023542,7.2371041579172015,0.8158683776855469,0.43650785088539124,0.8982300803311305,2.0,0.0,0.04982343316078186,0.04740986227989197,0.02491171658039093,0.27974353567893007
focus_jamendo_1789540__180s,focus_jamendo_1789540,focus,validation,180.0,acoustic_novelty_delay,24,1.9247549876581518,14.632702648639679,3.3647305965423584,0.6427221894264221,0.8784535901245799,5.0,1.0,0.20930388569831848,0.10928994417190552,0.0418607771396637,0.7563645572744614
focus_jamendo_1789540__180s,focus_jamendo_1789540,focus,validation,180.0,rhythm,24,1.279454972352163,17.014161800965667,5.206305980682373,0.6646819114685059,0.7295144840880919,3.0,1.0,0.12417390942573547,0.11159297823905945,0.04139130314191183,0.3118031533199612
focus_jamendo_1789540__300s,focus_jamendo_1789540,focus,validation,300.0,acoustic_novelty_delay,24,1.9247549876581518,14.632702648639679,3.3647305965423584,0.6427221894264221,0.8784535901245799,5.0,1.0,0.20930388569831848,0.10928994417190552,0.0418607771396637,0.7563645572744614
focus_jamendo_1789540__300s,focus_jamendo_1789540,focus,validation,300.0,rhythm,24,1.279454972352163,17.014161800965667,5.206305980682373,0.6646819114685059,0.7295144840880919,3.0,1.0,0.12417390942573547,0.11159297823905945,0.04139130314191183,0.3118031533199612
focus_jamendo_1809441__180s,focus_jamendo_1809441,focus,validation,180.0,acoustic_novelty_delay,24,2.2033982903022755,11.755894392728806,1.5258573293685913,0.5184811651706696,0.9706425401043117,3.0,0.0,0.12020817399024963,0.051157087087631226,0.040069391330083214,0.9223482461580459
focus_jamendo_1809441__180s,focus_jamendo_1809441,focus,validation,180.0,rhythm,24,2.672836071671708,12.420319240540266,2.5757176876068115,0.6522129774093628,0.8613434157970978,2.0,0.0,0.10259521007537842,0.05374103784561157,0.05129760503768921,0.9983627480761215
focus_jamendo_1809441__300s,focus_jamendo_1809441,focus,validation,300.0,acoustic_novelty_delay,24,2.7808589915048367,10.078966744244099,0.958031952381134,0.5798949897289276,0.9543409868718306,0.0,0.0,0.0,0.0,0.0,0.0
focus_jamendo_1809441__300s,focus_jamendo_1809441,focus,validation,300.0,rhythm,24,2.170310823751974,10.904830135405064,2.3925185203552246,0.6622530221939087,0.8583365110535252,2.0,0.0,0.035473138093948364,0.030881553888320923,0.017736569046974182,0.5558958233351665
focus_jamendo_1809751__180s,focus_jamendo_1809751,focus,validation,180.0,acoustic_novelty_delay,24,2.0894818104082837,12.183307841420174,1.4177650213241577,0.5106238722801208,0.9559894957651252,4.0,1.0,0.32022348046302795,0.15255367755889893,0.08005587011575699,0.8844421094520352
focus_jamendo_1809751__180s,focus_jamendo_1809751,focus,validation,180.0,rhythm,24,2.7996414306174566,8.03692963346839,1.166458010673523,0.5917274057865143,0.8699956269642228,3.0,0.0,0.07314275205135345,0.061928629875183105,0.024380917350451153,0.48518223865475224
focus_jamendo_1809751__300s,focus_jamendo_1809751,focus,validation,300.0,acoustic_novelty_delay,24,1.7619810594614738,12.561856061220169,2.1254022121429443,0.5724796950817108,0.9540397662294965,8.0,1.0,0.4479907155036926,0.16652804613113403,0.05599883943796158,0.8037710775717748
focus_jamendo_1809751__300s,focus_jamendo_1809751,focus,validation,300.0,rhythm,24,2.769429030592466,8.615263594314456,0.9616713523864746,0.6065093278884888,0.8969383382176218,2.0,0.0,0.06937231123447418,0.0587230920791626,0.03468615561723709,0.6185504057842371
focus_jamendo_1810290__180s,focus_jamendo_1810290,focus,validation,180.0,acoustic_novelty_delay,24,2.3293362606488905,10.927587568759918,0.8877571225166321,0.5833516418933868,0.9842723413919668,7.0,0.0,0.2670745551586151,0.08463230729103088,0.03815350787980216,0.8620070303059578
focus_jamendo_1810290__180s,focus_jamendo_1810290,focus,validation,180.0,rhythm,24,2.945567018280057,10.172437705099583,1.2440383434295654,0.5704765915870667,0.955714557541161,2.0,0.0,0.03925222158432007,0.03705108165740967,0.019626110792160034,0.3116703704377106
focus_jamendo_1810290__300s,focus_jamendo_1810290,focus,validation,300.0,acoustic_novelty_delay,24,2.3293362606488905,10.927587568759918,0.8877571225166321,0.5833516418933868,0.9842723413919668,7.0,0.0,0.2670745551586151,0.08463230729103088,0.03815350787980216,0.8620070303059578
focus_jamendo_1810290__300s,focus_jamendo_1810290,focus,validation,300.0,rhythm,24,2.945567018280057,10.172437705099583,1.2440383434295654,0.5704765915870667,0.955714557541161,2.0,0.0,0.03925222158432007,0.03705108165740967,0.019626110792160034,0.3116703704377106
focus_jamendo_1816033__180s,focus_jamendo_1816033,focus,validation,180.0,acoustic_novelty_delay,24,2.3237900202965105,11.038132846355438,1.592869758605957,0.5729755759239197,0.9538662114687279,4.0,0.0,0.1485966145992279,0.0503731369972229,0.037149153649806976,0.9164992968579628
focus_jamendo_1816033__180s,focus_jamendo_1816033,focus,validation,180.0,rhythm,24,1.645391962435974,12.634579902514815,2.1238462924957275,0.6728862226009369,0.8769611559271517,2.0,2.0,0.26290690898895264,0.13679468631744385,0.13145345449447632,0.9988087498849031
focus_jamendo_1816033__300s,focus_jamendo_1816033,focus,validation,300.0,acoustic_novelty_delay,24,2.174945945418046,11.877707347273827,1.6595441102981567,0.5317948758602142,0.9493603362940313,7.0,1.0,0.45974236726760864,0.1984902024269104,0.0656774810382298,0.7680814403685047
focus_jamendo_1816033__300s,focus_jamendo_1816033,focus,validation,300.0,rhythm,24,2.2802324209739506,11.575440376996994,1.5948103666305542,0.673186331987381,0.9351527795478735,5.0,0.0,0.12134253978729248,0.057847559452056885,0.024268507957458496,0.7363022180108
focus_jamendo_1828706__180s,focus_jamendo_1828706,focus,validation,180.0,acoustic_novelty_delay,24,1.936494608212963,15.77892218530178,3.3540730476379395,0.5242082178592682,0.882740805963132,3.0,0.0,0.10338610410690308,0.04870164394378662,0.034462034702301025,0.8382984354488319
focus_jamendo_1828706__180s,focus_jamendo_1828706,focus,validation,180.0,rhythm,24,2.471825703643675,10.96960537135601,1.1627795696258545,0.6349367797374725,0.9554542647293014,3.0,0.0,0.13623547554016113,0.07776296138763428,0.04541182518005371,0.870301314776567
focus_jamendo_1828706__300s,focus_jamendo_1828706,focus,validation,300.0,acoustic_novelty_delay,24,1.936494608212963,15.77892218530178,3.3540730476379395,0.5242082178592682,0.882740805963132,3.0,0.0,0.10338610410690308,0.04870164394378662,0.034462034702301025,0.8382984354488319
focus_jamendo_1828706__300s,focus_jamendo_1828706,focus,validation,300.0,rhythm,24,2.471825703643675,10.96960537135601,1.1627795696258545,0.6349367797374725,0.9554542647293014,3.0,0.0,0.13623547554016113,0.07776296138763428,0.04541182518005371,0.870301314776567
focus_jamendo_1858750__180s,focus_jamendo_1858750,focus,validation,180.0,acoustic_novelty_delay,24,2.192719226163136,12.758286982774734,2.476623296737671,0.5799998044967651,0.9374982492937185,5.0,0.0,0.2752457857131958,0.08105587959289551,0.05504915714263916,0.9284768201516403
focus_jamendo_1858750__180s,focus_jamendo_1858750,focus,validation,180.0,rhythm,24,2.604316859884381,7.566058598458767,0.9005210995674133,0.5320440232753754,0.8795206899730068,2.0,0.0,0.05707639455795288,0.03027123212814331,0.02853819727897644,0.9973382129731322
focus_jamendo_1858750__300s,focus_jamendo_1858750,focus,validation,300.0,acoustic_novelty_delay,24,2.192719226163136,12.758286982774734,2.476623296737671,0.5799998044967651,0.9374982492937185,5.0,0.0,0.2752457857131958,0.08105587959289551,0.05504915714263916,0.9284768201516403
focus_jamendo_1858750__300s,focus_jamendo_1858750,focus,validation,300.0,rhythm,24,2.604316859884381,7.566058598458767,0.9005210995674133,0.5320440232753754,0.8795206899730068,2.0,0.0,0.05707639455795288,0.03027123212814331,0.02853819727897644,0.9973382129731322
focus_jamendo_1864786__180s,focus_jamendo_1864786,focus,validation,180.0,acoustic_novelty_delay,24,2.049840302606164,11.639310657978058,1.7720026969909668,0.5045500248670578,0.9613745907158809,6.0,2.0,0.39179521799087524,0.1279943585395813,0.0652992029984792,0.8450616795681032
focus_jamendo_1864786__180s,focus_jamendo_1864786,focus,validation,180.0,rhythm,24,2.108076646831889,10.871187321841717,1.7445917129516602,0.6969139575958252,0.8614472205233986,4.0,0.0,0.12691271305084229,0.09759175777435303,0.03172817826271057,0.5290671451287944
focus_jamendo_1864786__300s,focus_jamendo_1864786,focus,validation,300.0,acoustic_novelty_delay,24,2.3430959253177175,12.107492864131927,1.6853690147399902,0.564343124628067,0.9476148748583886,0.0,0.0,0.0,0.0,0.0,0.0
focus_jamendo_1864786__300s,focus_jamendo_1864786,focus,validation,300.0,rhythm,24,0.8766942236360333,20.510608818382025,10.167640686035156,0.5665945708751678,0.657350089870428,4.0,0.0,0.10990995168685913,0.060420453548431396,0.027477487921714783,0.8464175922468964
focus_jamendo_1867616__180s,focus_jamendo_1867616,focus,validation,180.0,acoustic_novelty_delay,24,2.5396630701973693,11.69332255423069,0.9637407064437866,0.6661946177482605,0.9709514790135971,5.0,1.0,0.2950384020805359,0.1143922209739685,0.059007680416107176,0.8449295138911725
focus_jamendo_1867616__180s,focus_jamendo_1867616,focus,validation,180.0,rhythm,24,2.472797752026172,10.979713775217533,1.3390640020370483,0.604156881570816,0.9427712865398785,2.0,0.0,0.0521167516708374,0.05134087800979614,0.0260583758354187,0.11167923778299083
focus_jamendo_1867616__300s,focus_jamendo_1867616,focus,validation,300.0,acoustic_novelty_delay,24,2.5396630701973693,11.69332255423069,0.9637407064437866,0.6661946177482605,0.9709514790135971,5.0,1.0,0.2950384020805359,0.1143922209739685,0.059007680416107176,0.8449295138911725
focus_jamendo_1867616__300s,focus_jamendo_1867616,focus,validation,300.0,rhythm,24,2.472797752026172,10.979713775217533,1.3390640020370483,0.604156881570816,0.9427712865398785,2.0,0.0,0.0521167516708374,0.05134087800979614,0.0260583758354187,0.11167923778299083
focus_jamendo_1868247__180s,focus_jamendo_1868247,focus,validation,180.0,acoustic_novelty_delay,24,2.6860736380773647,11.968752056360245,1.0012232065200806,0.6650377213954926,0.9817379091472473,4.0,0.0,0.18206751346588135,0.07042568922042847,0.04551687836647034,0.8975159977565513
focus_jamendo_1868247__180s,focus_jamendo_1868247,focus,validation,180.0,rhythm,24,3.8402993923878617,11.730099394917488,1.537993311882019,0.586853563785553,0.946838819969743,5.0,1.0,0.31071746349334717,0.12261080741882324,0.062143492698669436,0.8923457810623682
focus_jamendo_1868247__300s,focus_jamendo_1868247,focus,validation,300.0,acoustic_novelty_delay,24,2.6860736380773647,11.968752056360245,1.0012232065200806,0.6650377213954926,0.9817379091472473,4.0,0.0,0.18206751346588135,0.07042568922042847,0.04551687836647034,0.8975159977565513
focus_jamendo_1868247__300s,focus_jamendo_1868247,focus,validation,300.0,rhythm,24,3.8402993923878617,11.730099394917488,1.537993311882019,0.586853563785553,0.946838819969743,5.0,1.0,0.31071746349334717,0.12261080741882324,0.062143492698669436,0.8923457810623682
focus_jamendo_1868257__180s,focus_jamendo_1868257,focus,validation,180.0,acoustic_novelty_delay,24,1.582425949959961,15.430730357766151,5.818004131317139,0.5473659634590149,0.8157158906510402,4.0,2.0,0.33097386360168457,0.14604318141937256,0.08274346590042114,0.8961846441796861
focus_jamendo_1868257__180s,focus_jamendo_1868257,focus,validation,180.0,rhythm,24,1.5132407388757247,13.62483601551503,2.9636285305023193,0.6892409324645996,0.8024313454285322,5.0,2.0,0.2943664491176605,0.10987195372581482,0.058873289823532106,0.8099169950577422
focus_jamendo_1868257__300s,focus_jamendo_1868257,focus,validation,300.0,acoustic_novelty_delay,24,1.582425949959961,15.430730357766151,5.818004131317139,0.5473659634590149,0.8157158906510402,4.0,2.0,0.33097386360168457,0.14604318141937256,0.08274346590042114,0.8961846441796861
focus_jamendo_1868257__300s,focus_jamendo_1868257,focus,validation,300.0,rhythm,24,1.5132407388757247,13.62483601551503,2.9636285305023193,0.6892409324645996,0.8024313454285322,5.0,2.0,0.2943664491176605,0.10987195372581482,0.058873289823532106,0.8099169950577422
focus_jamendo_1868402__180s,focus_jamendo_1868402,focus,validation,180.0,acoustic_novelty_delay,24,2.6297644687627884,11.320647925138474,0.8459441661834717,0.5831603109836578,0.9851555604736133,6.0,1.0,0.2065255045890808,0.10389852523803711,0.034420917431513466,0.7356812789911018
focus_jamendo_1868402__180s,focus_jamendo_1868402,focus,validation,180.0,rhythm,24,3.1662463741244844,7.924741784110665,0.7736133337020874,0.5393064916133881,0.9333720888596155,3.0,0.0,0.11682215332984924,0.08811718225479126,0.03894071777661642,0.5998030038347433
focus_jamendo_1868402__300s,focus_jamendo_1868402,focus,validation,300.0,acoustic_novelty_delay,24,2.408169102733959,11.418534830212593,0.8529180884361267,0.6031714379787445,0.9742214541218572,5.0,0.0,0.17126360535621643,0.07356026768684387,0.03425272107124329,0.9076903062976621
focus_jamendo_1868402__300s,focus_jamendo_1868402,focus,validation,300.0,rhythm,24,3.1599093771711875,8.967833653092384,0.8831632137298584,0.588150829076767,0.9313225964609498,3.0,1.0,0.22401148080825806,0.11930030584335327,0.07467049360275269,0.7661153611054591
focus_jamendo_1879434__180s,focus_jamendo_1879434,focus,validation,180.0,acoustic_novelty_delay,24,2.5011646888339394,11.124169543385506,0.8609175086021423,0.6147779524326324,0.979533850649721,5.0,2.0,0.4890131652355194,0.19372141361236572,0.09780263304710388,0.7688791262278527
focus_jamendo_1879434__180s,focus_jamendo_1879434,focus,validation,180.0,rhythm,24,1.9896485090332579,10.44536828249693,1.8626896142959595,0.6754153072834015,0.8253869299343182,0.0,0.0,0.0,0.0,0.0,0.0
focus_jamendo_1879434__300s,focus_jamendo_1879434,focus,validation,300.0,acoustic_novelty_delay,24,2.7053288644508617,11.587532460689545,0.9611608386039734,0.6115985214710236,0.9803446395556366,6.0,1.0,0.29833197593688965,0.18439888954162598,0.049721995989481606,0.6880759159864106
focus_jamendo_1879434__300s,focus_jamendo_1879434,focus,validation,300.0,rhythm,24,1.0016661398206783,12.492938051000237,2.0082926750183105,0.6754772067070007,0.8032561166889052,3.0,1.0,0.1863401234149933,0.1813216209411621,0.06211337447166443,0.1250671985395096
focus_jamendo_1901339__180s,focus_jamendo_1901339,focus,validation,180.0,acoustic_novelty_delay,24,2.5683072904717585,12.012812688946724,0.9284910559654236,0.5987644493579865,0.9865108814158156,9.0,3.0,0.5737820267677307,0.13387489318847656,0.06375355852974786,0.8232401868320133
focus_jamendo_1901339__180s,focus_jamendo_1901339,focus,validation,180.0,rhythm,24,3.721333902186565,10.384887337684631,0.8355472683906555,0.5686449706554413,0.9695704176922563,6.0,0.0,0.22192180156707764,0.0780143141746521,0.036986966927846275,0.879040150120536
focus_jamendo_1901339__300s,focus_jamendo_1901339,focus,validation,300.0,acoustic_novelty_delay,24,2.8822553716295483,10.754076272249222,0.8554508090019226,0.5038929879665375,0.9819844885719351,4.0,0.0,0.12015706300735474,0.04124361276626587,0.030039265751838684,0.9808632180322976
focus_jamendo_1901339__300s,focus_jamendo_1901339,focus,validation,300.0,rhythm,24,4.42801683663984,8.579825967550278,1.109553575515747,0.4779476821422577,0.9311289029007253,3.0,0.0,0.04816873371601105,0.023378193378448486,0.01605624457200368,0.8022866054333461
focus_jamendo_1906117__180s,focus_jamendo_1906117,focus,validation,180.0,acoustic_novelty_delay,24,1.855786256122438,13.870079427957535,2.262650489807129,0.5668566823005676,0.9295916442958834,5.0,1.0,0.24657508730888367,0.1075829267501831,0.04931501746177673,0.850754011828685
focus_jamendo_1906117__180s,focus_jamendo_1906117,focus,validation,180.0,rhythm,24,3.8111231656298505,7.818567607551813,0.9528093934059143,0.47383205592632294,0.9316868577545019,3.0,0.0,0.087729811668396,0.05494767427444458,0.029243270556132,0.7496973508103567
focus_jamendo_1906117__300s,focus_jamendo_1906117,focus,validation,300.0,acoustic_novelty_delay,24,2.2781708430249745,10.501623272895813,1.0213829278945923,0.5753657519817352,0.9624620225278321,3.0,0.0,0.13265526294708252,0.06776440143585205,0.04421842098236084,0.9388388618986324
focus_jamendo_1906117__300s,focus_jamendo_1906117,focus,validation,300.0,rhythm,24,4.4667804943748735,7.11014848574996,0.8191889524459839,0.4855799674987793,0.9094120333317409,4.0,1.0,0.2672589421272278,0.20600873231887817,0.06681473553180695,0.5162615453171387
focus_jamendo_1922056__180s,focus_jamendo_1922056,focus,validation,180.0,acoustic_novelty_delay,24,2.2894301956112812,11.354769676923752,1.262346625328064,0.5976287722587585,0.9681977400115378,4.0,0.0,0.1434292197227478,0.06100904941558838,0.03585730493068695,0.9326274452942817
focus_jamendo_1922056__180s,focus_jamendo_1922056,focus,validation,180.0,rhythm,24,2.9981013268549868,9.137998465448618,1.2075175046920776,0.46032585203647614,0.9584556744844144,1.0,1.0,0.13809919357299805,0.13809919357299805,0.13809919357299805,-2.2204460492503128e-16
focus_jamendo_1922056__300s,focus_jamendo_1922056,focus,validation,300.0,acoustic_novelty_delay,24,2.179623522281277,15.055898547172546,3.2409310340881348,0.5768859386444092,0.8920600779285153,6.0,2.0,0.4829367995262146,0.2355172336101532,0.08048946658770244,0.7293243909424264
focus_jamendo_1922056__300s,focus_jamendo_1922056,focus,validation,300.0,rhythm,24,2.8216384035326705,9.691227458417416,1.834337592124939,0.4259537011384964,0.9242603623794738,2.0,0.0,0.017742812633514404,0.016991078853607178,0.008871406316757202,0.25304757508918285
focus_jamendo_1928112__180s,focus_jamendo_1928112,focus,validation,180.0,acoustic_novelty_delay,24,2.3701314323569984,10.775386646389961,1.167517900466919,0.5508865118026733,0.963700092167713,3.0,0.0,0.16776379942893982,0.07469439506530762,0.05592126647631327,0.8847641355204536
focus_jamendo_1928112__180s,focus_jamendo_1928112,focus,validation,180.0,rhythm,24,2.8478654599550683,12.118378289043903,1.463994026184082,0.6949505805969238,0.9055135505888895,4.0,1.0,0.18071699142456055,0.14658647775650024,0.04517924785614014,0.49099539537627196
focus_jamendo_1928112__300s,focus_jamendo_1928112,focus,validation,300.0,acoustic_novelty_delay,24,2.543707820680311,8.778127193450928,1.0751166343688965,0.5469124913215637,0.9314655712651616,3.0,0.0,0.10829779505729675,0.04398718476295471,0.036099265019098915,0.9808758902551477
focus_jamendo_1928112__300s,focus_jamendo_1928112,focus,validation,300.0,rhythm,24,2.6944433252734266,11.15361013263464,1.385202407836914,0.6888667047023773,0.9235524859137282,4.0,1.0,0.3942248225212097,0.18453383445739746,0.09855620563030243,0.9126045292573457
focus_jamendo_1939637__180s,focus_jamendo_1939637,focus,validation,180.0,acoustic_novelty_delay,24,1.6984409109020904,13.810543239116669,3.561351776123047,0.5243863165378571,0.9063961652533066,6.0,2.0,0.4973142743110657,0.20366787910461426,0.08288571238517761,0.7986140474340285
focus_jamendo_1939637__180s,focus_jamendo_1939637,focus,validation,180.0,rhythm,24,1.5119157342736078,10.750718615017831,2.3777594566345215,0.6234078109264374,0.8450722998159079,5.0,1.0,0.2465273141860962,0.10295271873474121,0.04930546283721924,0.8937138304854269
focus_jamendo_1939637__300s,focus_jamendo_1939637,focus,validation,300.0,acoustic_novelty_delay,24,1.6984409109020904,13.810543239116669,3.561351776123047,0.5243863165378571,0.9063961652533066,6.0,2.0,0.4973142743110657,0.20366787910461426,0.08288571238517761,0.7986140474340285
focus_jamendo_1939637__300s,focus_jamendo_1939637,focus,validation,300.0,rhythm,24,1.5119157342736078,10.750718615017831,2.3777594566345215,0.6234078109264374,0.8450722998159079,5.0,1.0,0.2465273141860962,0.10295271873474121,0.04930546283721924,0.8937138304854269
focus_jamendo_1945054__180s,focus_jamendo_1945054,focus,validation,180.0,acoustic_novelty_delay,24,2.610792973250816,11.194919839501381,1.2179462909698486,0.5818147361278534,0.9610704706823382,4.0,0.0,0.1756153404712677,0.09996771812438965,0.043903835117816925,0.5838207584151353
focus_jamendo_1945054__180s,focus_jamendo_1945054,focus,validation,180.0,rhythm,24,1.8515746288528407,10.44385315850377,1.2847646474838257,0.644036203622818,0.8951295929757603,6.0,0.0,0.29420000314712524,0.08087563514709473,0.04903333385785421,0.9001179192986146
focus_jamendo_1945054__300s,focus_jamendo_1945054,focus,validation,300.0,acoustic_novelty_delay,24,3.1040006879242394,10.992713153362274,1.2200477123260498,0.5809335708618164,0.9547737889590677,2.0,0.0,0.08006870746612549,0.06762540340423584,0.040034353733062744,0.6232095529026612
focus_jamendo_1945054__300s,focus_jamendo_1945054,focus,validation,300.0,rhythm,24,2.0159163095987456,12.433663189411163,2.70892071723938,0.8127253651618958,0.8234520622127866,3.0,1.0,0.3543035089969635,0.2954745292663574,0.1181011696656545,0.47121106246895866
focus_jamendo_1957365__180s,focus_jamendo_1957365,focus,validation,180.0,acoustic_novelty_delay,24,2.3068469290971105,11.661169856786728,1.8842976093292236,0.5270874798297882,0.9570609826360448,3.0,1.0,0.19024255871772766,0.13661319017410278,0.06341418623924255,0.6498426176037096
focus_jamendo_1957365__180s,focus_jamendo_1957365,focus,validation,180.0,rhythm,24,1.2923876561593202,9.891930369660258,2.1379196643829346,0.3483492136001587,0.7901427291292745,7.0,1.0,0.26421207189559937,0.1288539171218872,0.03774458169937134,0.6838976804280843
focus_jamendo_1957365__300s,focus_jamendo_1957365,focus,validation,300.0,acoustic_novelty_delay,24,2.5736248373625283,14.706106849014759,3.8084797859191895,0.5755985975265503,0.8782923985413407,3.0,1.0,0.16894012689590454,0.1010165810585022,0.05631337563196818,0.752460954570574
focus_jamendo_1957365__300s,focus_jamendo_1957365,focus,validation,300.0,rhythm,24,2.785146226225786,10.061348654329777,1.4973115921020508,0.5597214102745056,0.9345417642231753,5.0,0.0,0.14842578768730164,0.05621209740638733,0.029685157537460326,0.8856257731096436
focus_jamendo_1959047__180s,focus_jamendo_1959047,focus,validation,180.0,acoustic_novelty_delay,24,2.380562040094686,11.850520685315132,1.5874967575073242,0.5058655887842178,0.9350423717232036,3.0,1.0,0.20101988315582275,0.10983967781066895,0.06700662771860759,0.8005171398045443
focus_jamendo_1959047__180s,focus_jamendo_1959047,focus,validation,180.0,rhythm,24,2.857434591023252,9.540698319673538,1.1785959005355835,0.5927976667881012,0.9451558975933207,1.0,1.0,0.13531333208084106,0.13531333208084106,0.13531333208084106,-2.2204460492503128e-16
focus_jamendo_1959047__300s,focus_jamendo_1959047,focus,validation,300.0,acoustic_novelty_delay,24,2.4431509274452767,12.075543493032455,1.121729850769043,0.6131826639175415,0.9757282801867764,8.0,1.0,0.3632906973361969,0.12130436301231384,0.04541133716702461,0.821729337206938
focus_jamendo_1959047__300s,focus_jamendo_1959047,focus,validation,300.0,rhythm,24,3.0495850166944356,11.357760302722454,1.4933546781539917,0.6428124010562897,0.9295931572221559,4.0,0.0,0.12823891639709473,0.05632442235946655,0.03205972909927368,0.8787297430147158
focus_jamendo_1962000__180s,focus_jamendo_1962000,focus,validation,180.0,acoustic_novelty_delay,24,2.698889464221568,10.027774065732956,1.2499711513519287,0.5131433606147766,0.9715527724351871,4.0,3.0,0.5148773193359375,0.24229800701141357,0.12871932983398438,0.7782913251706555
focus_jamendo_1962000__180s,focus_jamendo_1962000,focus,validation,180.0,rhythm,24,3.3694752640282055,9.55111637711525,0.7362663745880127,0.5548667311668396,0.971944129694986,6.0,1.0,0.48667842149734497,0.30288124084472656,0.0811130702495575,0.654432875247004
focus_jamendo_1962000__300s,focus_jamendo_1962000,focus,validation,300.0,acoustic_novelty_delay,24,2.5513568273855047,11.402778893709183,1.1797101497650146,0.6080861985683441,0.9701736474022539,5.0,1.0,0.21419617533683777,0.1033700704574585,0.04283923506736755,0.7673915699202243
focus_jamendo_1962000__300s,focus_jamendo_1962000,focus,validation,300.0,rhythm,24,2.878914552618588,9.55852361023426,2.115907907485962,0.40818430483341217,0.8946076766269614,2.0,0.0,0.05338871479034424,0.04449582099914551,0.02669435739517212,0.6497951166530879
focus_jamendo_1978794__180s,focus_jamendo_1978794,focus,validation,180.0,acoustic_novelty_delay,24,2.0093679469025414,13.30045959353447,2.6147592067718506,0.5531251728534698,0.9349675283211046,3.0,0.0,0.16904103755950928,0.09887689352035522,0.056347012519836426,0.8050751004707286
focus_jamendo_1978794__180s,focus_jamendo_1978794,focus,validation,180.0,rhythm,24,0.84666513958088,15.074631936848164,3.0061936378479004,0.5879959762096405,0.7710151433544654,5.0,1.0,0.20472100377082825,0.15261852741241455,0.04094420075416565,0.5501830831132157
focus_jamendo_1978794__300s,focus_jamendo_1978794,focus,validation,300.0,acoustic_novelty_delay,24,2.5768915819599245,12.525774747133255,1.7362253665924072,0.5717764496803284,0.940212348364978,6.0,2.0,0.3547869324684143,0.1566636562347412,0.05913115541140238,0.7626603820185948
focus_jamendo_1978794__300s,focus_jamendo_1978794,focus,validation,300.0,rhythm,24,0.9339816191710624,10.754886200651526,2.6277527809143066,0.4918007254600525,0.7748988763324702,5.0,0.0,0.07649627327919006,0.04623556137084961,0.015299254655838012,0.6087590347114268
focus_jamendo_1987334__180s,focus_jamendo_1987334,focus,validation,180.0,acoustic_novelty_delay,24,2.425631594094806,12.337730899453163,0.8538352251052856,0.6447380185127258,0.9820148136407959,9.0,2.0,0.4623829126358032,0.1226346492767334,0.051375879181755915,0.8464330352648882
focus_jamendo_1987334__180s,focus_jamendo_1987334,focus,validation,180.0,rhythm,24,1.8006757084739515,13.330561466515064,2.3641419410705566,0.8719629943370819,0.8487784063226715,1.0,0.0,0.0018878579139709473,0.0018878579139709473,0.0018878579139709473,-2.2204460492503128e-16
focus_jamendo_1987334__300s,focus_jamendo_1987334,focus,validation,300.0,acoustic_novelty_delay,24,2.3176389993300885,12.05300959944725,1.2294989824295044,0.5389325320720673,0.9681382595619283,4.0,0.0,0.15615427494049072,0.07292711734771729,0.03903856873512268,0.7195016688483304
focus_jamendo_1987334__300s,focus_jamendo_1987334,focus,validation,300.0,rhythm,24,1.362415529709362,14.68145614117384,3.117814779281616,0.6009936034679413,0.8323658548978888,3.0,0.0,0.08451583981513977,0.07361364364624023,0.02817194660504659,0.4299116809648836
focus_jamendo_1987580__180s,focus_jamendo_1987580,focus,validation,180.0,acoustic_novelty_delay,24,1.6040352389847672,12.453678652644157,2.244279146194458,0.49060162901878357,0.9296555738484373,2.0,1.0,0.1584959626197815,0.12871825695037842,0.07924798130989075,0.6970085854204591
focus_jamendo_1987580__180s,focus_jamendo_1987580,focus,validation,180.0,rhythm,24,2.2008786009624526,10.18568379431963,1.5541200637817383,0.6272863149642944,0.8622394271099671,3.0,0.0,0.047551169991493225,0.035185277462005615,0.01585038999716441,0.655712617532013
focus_jamendo_1987580__300s,focus_jamendo_1987580,focus,validation,300.0,acoustic_novelty_delay,24,1.8829556954298197,11.551411002874374,1.0485637187957764,0.7136585712432861,0.9596762903683701,2.0,1.0,0.15681779384613037,0.1474473476409912,0.07840889692306519,0.3264664942234847
focus_jamendo_1987580__300s,focus_jamendo_1987580,focus,validation,300.0,rhythm,24,1.909241426684597,11.459372535347939,2.050218105316162,0.7034121155738831,0.8634048786120858,3.0,0.0,0.09732416272163391,0.059385061264038086,0.03244138757387797,0.6293063711035366
focus_jamendo_1994905__180s,focus_jamendo_1994905,focus,validation,180.0,acoustic_novelty_delay,24,2.4959350781008895,10.887340411543846,0.9328059554100037,0.542757660150528,0.9784928201873095,4.0,1.0,0.3020310401916504,0.12243008613586426,0.0755077600479126,0.9553619347156433
focus_jamendo_1994905__180s,focus_jamendo_1994905,focus,validation,180.0,rhythm,24,3.098914709040966,10.586485609412193,0.9956425428390503,0.5979036688804626,0.9458376982564962,4.0,0.0,0.1983591467142105,0.07983708381652832,0.04958978667855263,0.8647566717279355
focus_jamendo_1994905__300s,focus_jamendo_1994905,focus,validation,300.0,acoustic_novelty_delay,24,2.8582253442560166,10.23241662979126,0.8220499753952026,0.5301688611507416,0.9819757695372142,6.0,2.0,0.3572845458984375,0.16057485342025757,0.05954742431640625,0.6507488093560364
focus_jamendo_1994905__300s,focus_jamendo_1994905,focus,validation,300.0,rhythm,24,2.420555372056212,9.63881379365921,0.7549049854278564,0.5767892897129059,0.961054254279209,4.0,0.0,0.20277899503707886,0.09254378080368042,0.050694748759269714,0.8863017936459956
focus_jamendo_2004625__180s,focus_jamendo_2004625,focus,validation,180.0,acoustic_novelty_delay,24,2.014735588473556,13.79427483677864,3.271042823791504,0.5307450294494629,0.9138248197538775,6.0,1.0,0.32292771339416504,0.13135653734207153,0.053821285565694175,0.8169976125888719
focus_jamendo_2004625__180s,focus_jamendo_2004625,focus,validation,180.0,rhythm,24,0.7415062228988416,17.840327417477965,9.836454391479492,0.5131889879703522,0.5669964727810914,3.0,0.0,0.06060132384300232,0.03425115346908569,0.020200441281000774,0.7433020062993233
focus_jamendo_2004625__300s,focus_jamendo_2004625,focus,validation,300.0,acoustic_novelty_delay,24,2.2949864824868316,14.508544102311134,3.551619052886963,0.5887527763843536,0.8919474585208991,4.0,1.0,0.2074373960494995,0.12451380491256714,0.05185934901237488,0.7050434775719432
focus_jamendo_2004625__300s,focus_jamendo_2004625,focus,validation,300.0,rhythm,24,0.4451332448497406,25.820925310254097,13.634979248046875,0.6796651780605316,0.57827150135459,6.0,0.0,0.09558439254760742,0.04668670892715454,0.015930732091267902,0.7765320895586174
focus_jamendo_2022629__180s,focus_jamendo_2022629,focus,validation,180.0,acoustic_novelty_delay,24,2.6153347442365,12.415325611829758,1.7805267572402954,0.6056768894195557,0.9631946017137304,8.0,1.0,0.4364854693412781,0.11775749921798706,0.05456068366765976,0.8588521832574353
focus_jamendo_2022629__180s,focus_jamendo_2022629,focus,validation,180.0,rhythm,24,2.1238303523322504,11.630815386772156,0.947012722492218,0.6463604867458344,0.9767480146748931,2.0,0.0,0.057804495096206665,0.05169200897216797,0.028902247548103333,0.4869439790955583
focus_jamendo_2022629__300s,focus_jamendo_2022629,focus,validation,300.0,acoustic_novelty_delay,24,2.478269384971461,12.543433129787445,1.3718483448028564,0.7017128765583038,0.9670845827657693,7.0,1.0,0.35479164123535156,0.11323517560958862,0.050684520176478794,0.8525501980931709
focus_jamendo_2022629__300s,focus_jamendo_2022629,focus,validation,300.0,rhythm,24,2.2275778850497456,10.887088552117348,1.3943333625793457,0.5344495177268982,0.9619217829502462,2.0,0.0,0.05988854169845581,0.03817427158355713,0.029944270849227905,0.9448023695182388
focus_jamendo_2037708__180s,focus_jamendo_2037708,focus,validation,180.0,acoustic_novelty_delay,24,1.9054278865165306,15.588554501533508,5.374459743499756,0.6085835695266724,0.8380664358767997,5.0,2.0,0.5428152680397034,0.23886919021606445,0.10856305360794068,0.882442177309041
focus_jamendo_2037708__180s,focus_jamendo_2037708,focus,validation,180.0,rhythm,24,3.457621095633572,12.361642137169838,1.383938193321228,0.6684495210647583,0.9460708626859673,7.0,1.0,0.34078967571258545,0.11918973922729492,0.04868423938751221,0.8400169897629428
focus_jamendo_2037708__300s,focus_jamendo_2037708,focus,validation,300.0,acoustic_novelty_delay,24,1.9054278865165306,15.588554501533508,5.374459743499756,0.6085835695266724,0.8380664358767997,5.0,2.0,0.5428152680397034,0.23886919021606445,0.10856305360794068,0.882442177309041
focus_jamendo_2037708__300s,focus_jamendo_2037708,focus,validation,300.0,rhythm,24,3.457621095633572,12.361642137169838,1.383938193321228,0.6684495210647583,0.9460708626859673,7.0,1.0,0.34078967571258545,0.11918973922729492,0.04868423938751221,0.8400169897629428
focus_jamendo_2123290__180s,focus_jamendo_2123290,focus,validation,180.0,acoustic_novelty_delay,24,1.9572177932625472,13.467560775578022,3.0027146339416504,0.6023667752742767,0.8977920206478259,3.0,2.0,0.2941844165325165,0.1306421458721161,0.0980614721775055,0.9174603799267022
focus_jamendo_2123290__180s,focus_jamendo_2123290,focus,validation,180.0,rhythm,24,3.082231699947938,10.42741833627224,2.4495015144348145,0.3769984245300293,0.8854151788739758,2.0,1.0,0.17899763584136963,0.12497854232788086,0.08949881792068481,0.8834639114018932
focus_jamendo_2123290__300s,focus_jamendo_2123290,focus,validation,300.0,acoustic_novelty_delay,24,1.9572177932625472,13.467560775578022,3.0027146339416504,0.6023667752742767,0.8977920206478259,3.0,2.0,0.2941844165325165,0.1306421458721161,0.0980614721775055,0.9174603799267022
focus_jamendo_2123290__300s,focus_jamendo_2123290,focus,validation,300.0,rhythm,24,3.082231699947938,10.42741833627224,2.4495015144348145,0.3769984245300293,0.8854151788739758,2.0,1.0,0.17899763584136963,0.12497854232788086,0.08949881792068481,0.8834639114018932
focus_jamendo_2149372__180s,focus_jamendo_2149372,focus,validation,180.0,acoustic_novelty_delay,24,2.430434445241682,11.765980079770088,0.895252525806427,0.5924440622329712,0.9808872779272308,6.0,2.0,0.5000348091125488,0.20844483375549316,0.08333913485209148,0.8367219822518412
focus_jamendo_2149372__180s,focus_jamendo_2149372,focus,validation,180.0,rhythm,24,2.4467975421363164,9.839573249220848,1.4893544912338257,0.40441249310970306,0.9105630801433264,2.0,1.0,0.2333802878856659,0.1735672652721405,0.11669014394283295,0.8210960919480822
focus_jamendo_2149372__300s,focus_jamendo_2149372,focus,validation,300.0,acoustic_novelty_delay,24,2.430434445241682,11.765980079770088,0.895252525806427,0.5924440622329712,0.9808872779272308,6.0,2.0,0.5000348091125488,0.20844483375549316,0.08333913485209148,0.8367219822518412
focus_jamendo_2149372__300s,focus_jamendo_2149372,focus,validation,300.0,rhythm,24,2.4467975421363164,9.839573249220848,1.4893544912338257,0.40441249310970306,0.9105630801433264,2.0,1.0,0.2333802878856659,0.1735672652721405,0.11669014394283295,0.8210960919480822
focus_jamendo_2152724__180s,focus_jamendo_2152724,focus,validation,180.0,acoustic_novelty_delay,24,2.01183583821577,12.802154690027237,1.7585396766662598,0.5570892095565796,0.945481308601728,3.0,0.0,0.07230839133262634,0.038964033126831055,0.024102797110875446,0.8839246123580808
focus_jamendo_2152724__180s,focus_jamendo_2152724,focus,validation,180.0,rhythm,24,2.487523240924585,9.720983270555735,2.0087172985076904,0.6021632254123688,0.8480633476979671,3.0,0.0,0.08252622187137604,0.04019060730934143,0.02750874062379201,0.8089496661134193
focus_jamendo_2152724__300s,focus_jamendo_2152724,focus,validation,300.0,acoustic_novelty_delay,24,2.0858594291069212,12.698038205504417,1.3964093923568726,0.6814815104007721,0.9574115655618736,4.0,1.0,0.19620025157928467,0.15226620435714722,0.04905006289482117,0.51742511998962
focus_jamendo_2152724__300s,focus_jamendo_2152724,focus,validation,300.0,rhythm,24,3.300473978809074,8.819707181304693,1.3618252277374268,0.45510661602020264,0.8753681218106557,4.0,0.0,0.1924499347805977,0.08838337659835815,0.04811248369514942,0.8715046378106658
focus_jamendo_2160682__180s,focus_jamendo_2160682,focus,validation,180.0,acoustic_novelty_delay,24,2.6477042878874375,11.637800633907318,1.1177608966827393,0.5658585131168365,0.9700614689601348,4.0,0.0,0.23757576942443848,0.07357668876647949,0.05939394235610962,0.973551155839101
focus_jamendo_2160682__180s,focus_jamendo_2160682,focus,validation,180.0,rhythm,24,2.269829687375229,8.908139302395284,2.3904480934143066,0.4887799322605133,0.7662006550466055,1.0,0.0,0.014046430587768555,0.014046430587768555,0.014046430587768555,-2.2204460492503128e-16
focus_jamendo_2160682__300s,focus_jamendo_2160682,focus,validation,300.0,acoustic_novelty_delay,24,2.4343512627517185,11.66833882778883,1.340897560119629,0.5904068052768707,0.9586114114761686,8.0,0.0,0.36532509326934814,0.0972907543182373,0.04566563665866852,0.8824975216629426
focus_jamendo_2160682__300s,focus_jamendo_2160682,focus,validation,300.0,rhythm,24,2.859381696780492,11.26631112396717,1.2506991624832153,0.5986635088920593,0.9542990635984978,6.0,2.0,0.31785422563552856,0.12685978412628174,0.052975704272588096,0.7502511564295623
focus_jamendo_2165080__180s,focus_jamendo_2165080,focus,validation,180.0,acoustic_novelty_delay,24,1.6336520218688046,12.68707001209259,1.930415153503418,0.5867994427680969,0.9364014723515341,3.0,1.0,0.19534355401992798,0.11731219291687012,0.06511451800664265,0.859024045352135
focus_jamendo_2165080__180s,focus_jamendo_2165080,focus,validation,180.0,rhythm,24,0.8857616111912883,15.105141621083021,3.664938449859619,0.4097144454717636,0.7370850632237522,3.0,0.0,0.097674161195755,0.0440143346786499,0.032558053731918335,0.885405105598265
focus_jamendo_2165080__300s,focus_jamendo_2165080,focus,validation,300.0,acoustic_novelty_delay,24,1.911640506750433,11.102149114012718,1.028881311416626,0.6490186452865601,0.9636884641244353,4.0,0.0,0.09865400195121765,0.055685997009277344,0.024663500487804413,0.8023676638891925
focus_jamendo_2165080__300s,focus_jamendo_2165080,focus,validation,300.0,rhythm,24,1.1844008993967785,19.691420421004295,5.2070441246032715,0.7151170074939728,0.7648616192265291,2.0,2.0,0.3581409156322479,0.2530660033226013,0.17907045781612396,0.873059984007694
focus_jamendo_2208659__180s,focus_jamendo_2208659,focus,validation,180.0,acoustic_novelty_delay,24,2.8755494045576193,10.567654356360435,0.7568774819374084,0.5779388248920441,0.976912724627172,6.0,2.0,0.4692677855491638,0.16911721229553223,0.0782112975915273,0.8842381070223456
focus_jamendo_2208659__180s,focus_jamendo_2208659,focus,validation,180.0,rhythm,24,1.9320485800364993,8.369612341746688,2.0842080116271973,0.39079315960407257,0.8302329659860221,4.0,0.0,0.10986074805259705,0.07268667221069336,0.02746518701314926,0.717324873139601
focus_jamendo_2208659__300s,focus_jamendo_2208659,focus,validation,300.0,acoustic_novelty_delay,24,2.486175834534154,11.14062961935997,1.321582555770874,0.5924825370311737,0.9595227627649082,4.0,1.0,0.2880353331565857,0.12642592191696167,0.07200883328914642,0.9021269503161801
focus_jamendo_2208659__300s,focus_jamendo_2208659,focus,validation,300.0,rhythm,24,2.5062438370874416,8.155389385297894,1.633294939994812,0.5021182596683502,0.8073757745325405,4.0,0.0,0.008966982364654541,0.004818975925445557,0.0022417455911636353,0.6771457423936521
