segment_id,track_id,group,split,scale_seconds,acoustic_novelty_delay__h0_max_persistence,rhythm__h0_total_persistence,path_acoustic_phase__loop_score,path_rhythm_phase__loop_score,path_chroma_phase__loop_score,pitch__h0_observed_persistence,pitch__path_entropy,rhythm__edge_density,rhythm__reciprocity,core_distance,core_inside_r90,core_shell_loss,support_band_loss
classical_musicnet_1727__180s,classical_musicnet_1727,classical,validation,180.0,0.9224553108215332,10.547992676496506,0.3566093801188895,0.3861018033920776,0.3450685745705055,6.749999999999999,1.7061714163163753,0.6071428571428571,0.8823529411764706,0.9464117760163409,True,0.0,10.227482579989172
classical_musicnet_1727__300s,classical_musicnet_1727,classical,validation,300.0,1.296895146369934,11.084523797035216,0.3840158443293457,0.3649380030250296,0.4015890010783674,6.75,1.8823356801034443,0.6607142857142857,0.7567567567567568,0.3493100298222444,True,0.0,13.641224031513028
classical_musicnet_1728__180s,classical_musicnet_1728,classical,validation,180.0,0.9144230484962464,10.537235543131828,0.4399961818940337,0.3739417861334795,0.4274014451980104,6.449999999999999,1.853717580556394,0.5277777777777778,0.8947368421052632,0.5292251962698135,True,0.0,11.670432237334207
classical_musicnet_1728__300s,classical_musicnet_1728,classical,validation,300.0,1.699565291404724,10.063810050487518,0.3973736858677444,0.3256717623291546,0.4068217876272672,6.55,1.891686588330589,0.5555555555555556,0.85,1.0776047030902884,True,0.0,12.937889147783151
classical_musicnet_1729__180s,classical_musicnet_1729,classical,validation,180.0,1.5874884128570557,11.854051545262337,0.4041560074848887,0.3261006299810072,0.3822001517103153,6.299999999999999,1.681009231084291,0.4464285714285714,0.72,0.9078308534326632,True,0.0,7.870307783301943
classical_musicnet_1729__300s,classical_musicnet_1729,classical,validation,300.0,1.2365834712982178,11.540275573730469,0.3849816040618465,0.321404932941302,0.3759972559498944,7.1,1.7921618792804823,0.4821428571428571,0.7407407407407407,0.7554757523373664,True,0.0,13.533868872381404
classical_musicnet_1730__180s,classical_musicnet_1730,classical,validation,180.0,1.562246561050415,11.695042192935944,0.429203084451382,0.3520769166404812,0.3641947260615435,6.299999999999999,1.696784611879593,0.6666666666666666,0.6666666666666666,0.7373548443961897,True,0.0,8.119357633903931
classical_musicnet_1730__300s,classical_musicnet_1730,classical,validation,300.0,1.8583331108093264,11.342984646558762,0.424636706140086,0.3879558441501796,0.3785499147312407,6.75,1.9095069345199367,0.6805555555555556,0.7755102040816326,1.053843452995858,True,0.0,14.261906964148643
classical_musicnet_1739__180s,classical_musicnet_1739,classical,validation,180.0,2.699819803237915,10.904580518603323,0.3229762148726929,0.368898676898754,0.361693653243323,4.449999999999999,1.5695649359063577,0.6904761904761905,0.8275862068965517,2.288069520796807,True,0.0,2.124806833245507
classical_musicnet_1739__300s,classical_musicnet_1739,classical,validation,300.0,2.226632595062256,11.89229927957058,0.3261655164641018,0.3499396572706461,0.3662907046311152,6.1,1.7688160226120964,0.6527777777777778,0.8085106382978723,1.7209069274986728,True,0.0,8.611532563104015
classical_musicnet_1742__180s,classical_musicnet_1742,classical,validation,180.0,1.0559709072113037,11.624967902898788,0.4374786312331796,0.3668362464654324,0.4042085477423922,5.65,1.1542257707586092,0.5714285714285714,0.8333333333333334,0.4667716938868278,True,0.0,2.1530671111111133
classical_musicnet_1742__300s,classical_musicnet_1742,classical,validation,300.0,2.273090362548828,10.464584414847195,0.4384723769770308,0.4248027942446755,0.4110144553611184,6.449999999999999,1.3810015128463862,0.625,0.8571428571428571,1.8305537187563334,True,0.0,5.360144067297659
classical_musicnet_1763__180s,classical_musicnet_1763,classical,validation,180.0,0.9114797115325928,11.390998005867004,0.351722959650171,0.3911270810590306,0.3844530326350695,6.75,1.7956139166618876,0.5,0.8333333333333334,1.1016602999211498,True,0.0,11.828528470368266
classical_musicnet_1763__300s,classical_musicnet_1763,classical,validation,300.0,1.2185430526733398,12.833683043718338,0.3679336951651313,0.3773963635271787,0.3880450139644201,7.199999999999999,1.7962031510862435,0.5,0.7777777777777778,0.846586801489418,True,0.0,14.158839993926494
classical_musicnet_1764__180s,classical_musicnet_1764,classical,validation,180.0,1.0555052757263184,10.590162105858326,0.4712860079446908,0.3432102461894094,0.402160751191229,5.75,1.6155835046909806,0.8392857142857143,0.851063829787234,1.0710930861889243,True,0.0,5.374303660842389
classical_musicnet_1764__300s,classical_musicnet_1764,classical,validation,300.0,1.4259865283966064,8.923027850687504,0.4015672306538047,0.2829188894096568,0.3577413922852987,6.549999999999999,1.6148702793394965,0.6527777777777778,0.8085106382978723,1.7037812701081703,True,0.0,7.960290017365285
classical_musicnet_1765__180s,classical_musicnet_1765,classical,validation,180.0,1.131186604499817,10.10156048834324,0.3991097097503751,0.3374456638569662,0.3778380157737404,5.699999999999999,1.6953284669128914,0.6428571428571429,0.7777777777777778,0.5625128050654427,True,0.0,6.052728443006787
classical_musicnet_1765__300s,classical_musicnet_1765,classical,validation,300.0,0.9882578253746032,10.973802618682384,0.3591822661097572,0.373354875435161,0.3973647866276707,6.999999999999999,1.8849184506820216,0.6785714285714286,0.8947368421052632,0.7702486276825722,True,0.0,14.942587613134545
classical_musicnet_1766__180s,classical_musicnet_1766,classical,validation,180.0,1.2671549320220947,11.11378499865532,0.3716759158008256,0.3287430122873984,0.3725149086288484,6.0,1.4973411468686162,0.4888888888888889,0.8636363636363636,0.7057861005661733,True,0.0,4.492658921783646
classical_musicnet_1766__300s,classical_musicnet_1766,classical,validation,300.0,0.9920515418052672,10.862877741456032,0.3299864122251302,0.3120832950528096,0.3504574617760022,6.65,1.7289090552138633,0.5555555555555556,0.8,1.2555185737638943,True,0.0,10.142632839383921
classical_musicnet_1805__180s,classical_musicnet_1805,classical,validation,180.0,1.097430944442749,11.26514357328415,0.3552631262424777,0.3333820620838987,0.3550052054930883,5.999999999999999,1.527854920580959,0.2857142857142857,0.5,0.7898625749657068,True,0.0,4.861330535742649
classical_musicnet_1805__300s,classical_musicnet_1805,classical,validation,300.0,1.6375550031661987,12.085201174020767,0.3697873051332305,0.384590095003148,0.3777155488868098,5.3,1.728505777728803,0.5178571428571429,0.7586206896551724,0.9699240235584973,True,0.0,5.5988189978714455
classical_musicnet_1807__180s,classical_musicnet_1807,classical,validation,180.0,1.542918086051941,12.021428264677525,0.3641913710020709,0.356699101534971,0.3236372199168403,6.199999999999999,1.371627212418057,0.6428571428571429,0.7777777777777778,0.774191018308108,True,0.0,4.315024857650969
classical_musicnet_1807__300s,classical_musicnet_1807,classical,validation,300.0,1.3268760442733765,10.373279944062231,0.3467859138523917,0.3263326414970268,0.3744122346307088,6.65,1.5799236414894786,0.5952380952380952,0.88,0.9677261480033001,True,0.0,7.965653656858493
classical_musicnet_1811__180s,classical_musicnet_1811,classical,validation,180.0,1.5546945333480835,13.749143429100512,0.3583008175228323,0.3497530810321573,0.4080707821859846,5.75,1.3477815345411357,0.4285714285714285,0.6666666666666666,1.055533195482259,True,0.0,2.693816663672475
classical_musicnet_1811__300s,classical_musicnet_1811,classical,validation,300.0,1.296636700630188,11.833899641409516,0.3839929365701536,0.3372027197954262,0.3810883676317952,5.65,1.4143956026329614,0.375,0.7619047619047619,0.5562696294157096,True,0.0,2.7598317101927003
classical_musicnet_1812__180s,classical_musicnet_1812,classical,validation,180.0,0.949953019618988,10.666405990719795,0.3488859661776629,0.3377112664951781,0.3381087081530769,6.45,1.8669186883905549,0.7333333333333333,1.0,0.8932740317288445,True,0.0,12.19301699339581
classical_musicnet_1812__300s,classical_musicnet_1812,classical,validation,300.0,0.9809172749519348,11.911039344966412,0.3663392172697323,0.3657387421088894,0.3546491191478019,6.749999999999999,2.013355881189523,0.5714285714285714,0.9166666666666666,0.7041759957590388,True,0.0,16.86604198384307
classical_musicnet_1813__180s,classical_musicnet_1813,classical,validation,180.0,0.914682924747467,10.374284580349922,0.412653124882654,0.4033899706338056,0.3665066777051145,6.299999999999999,1.8351167297687887,0.5892857142857143,0.9090909090909092,0.7313049188892238,True,0.0,10.666537570339063
classical_musicnet_1813__300s,classical_musicnet_1813,classical,validation,300.0,0.8292999267578125,11.180631905794144,0.3956152846259066,0.3906135675904521,0.3887437231908799,6.299999999999999,1.9302383837543404,0.5694444444444444,0.8292682926829268,0.7253822982490558,True,0.0,12.796499105523463
classical_musicnet_1817__180s,classical_musicnet_1817,classical,validation,180.0,1.0985937118530271,9.945095419883728,0.3583166998091228,0.3336242385576526,0.4359501643961299,5.65,1.4339592101995244,0.6388888888888888,0.782608695652174,0.8254532373139364,True,0.0,2.892173187648061
classical_musicnet_1817__300s,classical_musicnet_1817,classical,validation,300.0,0.9754692912101746,12.326936334371569,0.3576571324082858,0.3403624798955504,0.3956613969403843,5.199999999999999,1.4564515598059278,0.5,0.8444444444444444,0.8308015892430529,True,0.0,1.9917550916351918
classical_musicnet_1818__180s,classical_musicnet_1818,classical,validation,180.0,2.535631895065308,11.224071472883224,0.2859165339253584,0.3061271964579551,0.3720107388616817,4.75,1.1541996951290523,0.625,0.8571428571428571,2.4318995024865995,True,0.0,0.3786351111111116
classical_musicnet_1818__300s,classical_musicnet_1818,classical,validation,300.0,1.1362661123275757,12.158160239458084,0.3223323430230043,0.3424642725534327,0.3468637753712746,5.749999999999999,1.2901947001394474,0.7678571428571429,0.9302325581395348,1.166019941810946,True,0.0,2.5265334152396726
classical_musicnet_1819__180s,classical_musicnet_1819,classical,validation,180.0,0.8412570357322693,11.873791754245758,0.3906371543185835,0.3822396103848084,0.3936084116008689,4.85,1.6345541865611746,0.5138888888888888,0.7567567567567568,0.7190957674345566,True,0.0,3.3527763345905335
classical_musicnet_1819__300s,classical_musicnet_1819,classical,validation,300.0,0.8412570357322693,11.873791754245758,0.3906371543185835,0.3822396103848084,0.3936084116008689,4.85,1.6345541865611746,0.5138888888888888,0.7567567567567568,0.7190957674345566,True,0.0,3.3527763345905335
classical_musicnet_1828__180s,classical_musicnet_1828,classical,validation,180.0,1.2535864114761353,12.834794282913208,0.3525182485526052,0.3742879923086298,0.3687806537608024,6.299999999999999,1.8497423542754432,0.5694444444444444,0.7317073170731707,0.9812812948804001,True,0.0,10.973970822416423
classical_musicnet_1828__300s,classical_musicnet_1828,classical,validation,300.0,0.7346068620681763,11.844420611858368,0.3642575831132208,0.3534473680230904,0.3594776218257615,6.299999999999999,1.9466921519194689,0.6805555555555556,0.7755102040816326,0.8897881109862407,True,0.0,13.196217316850205
classical_musicnet_1829__180s,classical_musicnet_1829,classical,validation,180.0,0.8132436275482178,13.341840013861656,0.3000086053821243,0.3090643210071568,0.3842768033495608,6.199999999999999,1.5862753838812085,0.4222222222222222,0.6842105263157895,1.7207201823586693,True,0.0,6.167774139897945
classical_musicnet_1829__300s,classical_musicnet_1829,classical,validation,300.0,0.8499302268028259,12.062231302261353,0.3755581917594671,0.3386397951148292,0.3786284998525012,6.65,1.900187485253259,0.5555555555555556,0.8,0.7514578020655106,True,0.0,13.580171701167664
classical_musicnet_1835__180s,classical_musicnet_1835,classical,validation,180.0,1.075597047805786,12.647093519568443,0.3687252604618198,0.3817545062088317,0.4408770870670043,4.5,1.4656275366629914,0.6904761904761905,0.9655172413793104,0.8778399216414462,True,0.0,1.1965263407523534
classical_musicnet_1835__300s,classical_musicnet_1835,classical,validation,300.0,0.8772225975990295,11.45185163617134,0.3364090361948381,0.3517632471611507,0.3676585916511566,4.65,1.4589183727431707,0.5892857142857143,0.8484848484848485,1.0575460000241035,True,0.0,1.1979781870255866
classical_musicnet_1859__180s,classical_musicnet_1859,classical,validation,180.0,1.2728281021118164,12.60379995405674,0.3750250102067141,0.3844941670614576,0.384792910688285,5.3,1.715084459642458,0.4555555555555555,0.8780487804878049,0.8196728600286968,True,0.0,5.371884180607161
classical_musicnet_1859__300s,classical_musicnet_1859,classical,validation,300.0,0.943472146987915,11.78294637799263,0.411342595109134,0.3676627636536177,0.3694996538607251,6.75,1.8525758717218688,0.6527777777777778,0.8085106382978723,0.39557055086424137,True,0.0,12.990282936780144
classical_musicnet_1872__180s,classical_musicnet_1872,classical,validation,180.0,0.783413827419281,12.900902539491652,0.3742823465966081,0.3626518558273895,0.3685229135746719,5.85,1.644865054038683,0.5833333333333334,0.8095238095238095,0.9058452231484894,True,0.0,5.738715079046754
classical_musicnet_1872__300s,classical_musicnet_1872,classical,validation,300.0,0.8260911107063293,12.4821795001626,0.3738744480440511,0.3327779562523332,0.3826821358253819,6.299999999999999,1.8542644737442668,0.4555555555555555,0.7804878048780488,0.8617600037905631,True,0.0,11.070502203534218
classical_musicnet_1873__180s,classical_musicnet_1873,classical,validation,180.0,0.9419219493865968,11.639146864414217,0.3720569802726086,0.3824105574288721,0.3900952081158845,6.3,1.789679407221338,0.375,0.7619047619047619,0.7789061173377682,True,0.0,9.757945547274245
classical_musicnet_1873__300s,classical_musicnet_1873,classical,validation,300.0,1.0209550857543943,12.104232043027878,0.3976971999259803,0.3565903636995603,0.3709767819872699,6.549999999999999,1.9442811696918347,0.5178571428571429,0.7586206896551724,0.40133542748396545,True,0.0,14.178876011528786
classical_musicnet_1876__180s,classical_musicnet_1876,classical,validation,180.0,0.7748876810073853,11.764591567218304,0.3028484008453419,0.3534369655081568,0.3418158878605359,6.65,1.786719665862632,0.5178571428571429,0.7586206896551724,1.5585696602419716,True,0.0,11.191097443848742
classical_musicnet_1876__300s,classical_musicnet_1876,classical,validation,300.0,0.8075936436653137,12.22213053703308,0.341273894376922,0.334844663433587,0.3527717058222739,7.099999999999999,1.9451137574006376,0.4722222222222222,0.8235294117647058,1.1125246892161864,True,0.0,16.885572153027297
classical_musicnet_1893__180s,classical_musicnet_1893,classical,validation,180.0,0.8372477293014526,10.56789743900299,0.3890704111914823,0.3349813206097571,0.3653560650273985,6.55,1.795313712075805,0.625,0.7428571428571429,0.7097558446630816,True,0.0,10.908597337372887
classical_musicnet_1893__300s,classical_musicnet_1893,classical,validation,300.0,0.8115003705024719,10.63694916665554,0.3411470771600063,0.3419879779659056,0.3702503579597368,7.099999999999999,2.007554363582826,0.6111111111111112,0.7727272727272727,1.0474186718489225,True,0.0,18.483059873074435
classical_musicnet_2075__180s,classical_musicnet_2075,classical,discovery,180.0,1.1409534215927124,11.070684760808945,0.3450845599147041,0.3210082415884015,0.3671088817798393,4.4,1.192743475329139,0.5,0.8571428571428571,0.9927172657919658,True,0.0,0.0806560000000004
classical_musicnet_2075__300s,classical_musicnet_2075,classical,discovery,300.0,0.8658786416053772,11.00232756137848,0.3664142112757317,0.3434169270752445,0.3585977125707616,5.749999999999999,1.4155266052400082,0.5178571428571429,0.896551724137931,0.7363596697379945,True,0.0,3.0539041908580082
classical_musicnet_2076__180s,classical_musicnet_2076,classical,discovery,180.0,0.6601508259773254,9.096996366977692,0.3314565298441312,0.3563925977974042,0.3465903041953245,5.4,1.2488743407764136,0.7666666666666667,0.8695652173913043,1.3337043440156557,True,0.0,1.5356764426745357
classical_musicnet_2076__300s,classical_musicnet_2076,classical,discovery,300.0,0.7875941395759583,11.207273714244366,0.3446526085029471,0.3396791959958269,0.348158455193137,5.75,1.3554186980137548,0.5535714285714286,0.9032258064516128,1.0328627191463722,True,0.0,2.7265876359199113
classical_musicnet_2077__180s,classical_musicnet_2077,classical,discovery,180.0,0.965050220489502,11.271411761641502,0.3440397953455038,0.3092529851287827,0.3557528493566542,3.6,1.175423356939534,0.5476190476190477,0.782608695652174,1.1695394922849685,True,0.0,0.0
classical_musicnet_2077__300s,classical_musicnet_2077,classical,discovery,300.0,1.0637346506118774,11.09602938592434,0.3517957333963513,0.358994386275122,0.3891072995131286,4.299999999999999,1.2789068208242718,0.5535714285714286,0.8387096774193549,0.7626378622551323,True,0.0,0.08408476853933503
classical_musicnet_2078__180s,classical_musicnet_2078,classical,discovery,180.0,1.512285590171814,11.64218408614397,0.3199235592098169,0.3448493413291296,0.3575345364821923,6.749999999999999,1.6543470403534586,0.5357142857142857,0.9333333333333332,1.2116009571165918,True,0.0,9.428789704006936
classical_musicnet_2078__300s,classical_musicnet_2078,classical,discovery,300.0,0.933262586593628,10.709389179944992,0.3471428563257318,0.3665543105174969,0.3685557913267446,7.1,1.7743578042614536,0.5892857142857143,0.8484848484848485,0.9104523567269475,True,0.0,13.195529700486913
classical_musicnet_2079__180s,classical_musicnet_2079,classical,discovery,180.0,1.317768692970276,14.52559533715248,0.3383430937988692,0.3649276330139417,0.3506788240148911,6.749999999999999,1.5556093415866916,0.5238095238095238,0.8181818181818182,1.355740468657243,True,0.0,8.148193039004362
classical_musicnet_2079__300s,classical_musicnet_2079,classical,discovery,300.0,1.2692103385925293,12.01179887354374,0.3222951657898467,0.3345655108469261,0.3618638919677157,6.749999999999999,1.4618143747932186,0.5476190476190477,0.8695652173913043,1.16064584577127,True,0.0,7.243455436515099
classical_musicnet_2080__180s,classical_musicnet_2080,classical,discovery,180.0,2.554696559906006,13.68781803548336,0.3336431866479066,0.3090753513226106,0.3638503385293822,5.9,1.540569317533788,0.5,0.7857142857142857,2.228849013841882,True,0.0,4.593140352420381
classical_musicnet_2080__300s,classical_musicnet_2080,classical,discovery,300.0,1.5042641162872314,11.15647203847766,0.3324455792377173,0.2535733678184206,0.3646958175615955,5.6,1.572074823016112,0.6428571428571429,0.8148148148148148,2.0247886844124,True,0.0,4.060948273939312
classical_musicnet_2081__180s,classical_musicnet_2081,classical,discovery,180.0,1.5373530387878418,11.942121878266336,0.3427339365176739,0.352474287150888,0.3521701469706084,5.85,1.5972337434831492,0.6904761904761905,0.9655172413793104,0.9762016927733795,True,0.0,5.1690510947714765
classical_musicnet_2081__300s,classical_musicnet_2081,classical,discovery,300.0,1.7633949518203735,9.50334405899048,0.3945039648634641,0.3283937100979166,0.3302056665192799,5.85,1.7134858430993194,0.5,0.9285714285714286,1.1635578780892246,True,0.0,6.800520973927164
classical_musicnet_2082__180s,classical_musicnet_2082,classical,discovery,180.0,1.5690407752990725,12.600868113338947,0.2873376074810321,0.3966832050365488,0.3884025403111122,6.749999999999999,1.3932064466077525,0.5333333333333333,0.75,1.9852792360743863,True,0.0,6.771551098126266
classical_musicnet_2082__300s,classical_musicnet_2082,classical,discovery,300.0,1.2909504175186155,12.2325359582901,0.3402250431153225,0.3585345611999995,0.3691864497773831,6.649999999999999,1.4376362892894723,0.5,0.7857142857142857,0.9592820855109334,True,0.0,6.59283267908515
classical_musicnet_2083__180s,classical_musicnet_2083,classical,discovery,180.0,1.264548420906067,9.299284979701042,0.341699733342521,0.3977536150043692,0.388847504394139,5.85,1.5665306046506933,0.7333333333333333,0.8181818181818182,1.1941511928775286,True,0.0,4.72416406029844
classical_musicnet_2083__300s,classical_musicnet_2083,classical,discovery,300.0,0.8113602995872498,10.39028162509203,0.31445945062013,0.3158720557841697,0.3405882297717882,5.4,1.6064883462201789,0.5714285714285714,0.8333333333333334,1.4699797469501856,True,0.0,3.9855413485711613
classical_musicnet_2112__180s,classical_musicnet_2112,classical,holdout,180.0,1.6828844547271729,9.740317396819592,0.3496193179846932,0.3638828534937489,0.3779965614822752,7.199999999999999,1.669515768840132,0.625,0.8444444444444444,1.0405080517272902,True,0.0,11.968966758700672
classical_musicnet_2112__300s,classical_musicnet_2112,classical,holdout,300.0,0.882611870765686,10.518801771104336,0.3887693620528571,0.4105085412173977,0.3870228046676985,7.199999999999999,1.922513942525216,0.7361111111111112,0.8679245283018868,0.9871238998498549,True,0.0,16.886796824833986
classical_musicnet_2113__180s,classical_musicnet_2113,classical,holdout,180.0,1.4631974697113037,11.19217100739479,0.4109850205190056,0.339935227095244,0.4087797100533806,5.55,1.7270585875034086,0.625,0.8444444444444444,0.635747460701963,True,0.0,6.167771596176845
classical_musicnet_2113__300s,classical_musicnet_2113,classical,holdout,300.0,0.865892767906189,13.408847838640211,0.3609933951566186,0.3620200951268986,0.4012695391369525,5.85,1.9215932844613492,0.5444444444444444,0.7755102040816326,1.0379566615640445,True,0.0,10.997221882424434
classical_musicnet_2114__180s,classical_musicnet_2114,classical,holdout,180.0,1.0920518636703491,11.077991835772991,0.3126566821520942,0.3104713512112433,0.3797398396133528,7.199999999999999,2.070531658969952,0.5222222222222223,0.723404255319149,1.4059796114445038,True,0.0,20.775550741111385
classical_musicnet_2114__300s,classical_musicnet_2114,classical,holdout,300.0,0.6623998284339905,12.304211020469666,0.3728876862590861,0.3494129679306895,0.3769692344956707,7.199999999999999,2.09162960414419,0.6944444444444444,0.84,0.9368884154724838,True,0.0,21.39064545552872
classical_musicnet_2116__180s,classical_musicnet_2116,classical,holdout,180.0,2.6434032917022705,10.3160699903965,0.3591317343663145,0.3742476144923246,0.3550817014173917,6.749999999999999,1.843298093304224,0.5357142857142857,0.8,2.0761387762783112,True,0.0,12.793520810329467
classical_musicnet_2116__300s,classical_musicnet_2116,classical,holdout,300.0,0.8351654410362244,10.707010835409164,0.3116747075185732,0.3469721207482519,0.3544348366790599,6.749999999999999,2.0251576075678743,0.625,0.9714285714285714,1.3776462772299582,True,0.0,17.278901606263847
classical_musicnet_2117__180s,classical_musicnet_2117,classical,holdout,180.0,0.8477815985679626,10.410493865609167,0.3572381070255065,0.3610276830697447,0.3557725646141441,7.099999999999999,1.7137405144418525,0.4861111111111111,0.6857142857142857,0.8291581382329036,True,0.0,12.124602208683875
classical_musicnet_2117__300s,classical_musicnet_2117,classical,holdout,300.0,1.5487980842590332,12.165989980101584,0.343467427116758,0.3409553872572113,0.3941590801654039,7.199999999999999,1.670948039109458,0.4861111111111111,0.7428571428571429,1.001361313757971,True,0.0,11.990667198276448
classical_musicnet_2118__180s,classical_musicnet_2118,classical,holdout,180.0,0.8792506456375122,12.763514146208763,0.3316460455434691,0.3231970071994506,0.373258634079292,5.85,1.8754514421565447,0.4583333333333333,0.8484848484848485,1.255224875201796,True,0.0,9.939096232348973
classical_musicnet_2118__300s,classical_musicnet_2118,classical,holdout,300.0,0.9326887726783752,11.962521642446518,0.2785354664262893,0.3743807875665847,0.3740047590905049,5.85,1.866044374315812,0.6428571428571429,0.8333333333333334,1.9133196936812227,True,0.0,9.732278375279941
classical_musicnet_2119__180s,classical_musicnet_2119,classical,holdout,180.0,1.3218462467193604,10.063507303595545,0.3567894720839844,0.3530990073888416,0.3421852733784545,6.75,1.7499661036125604,0.6071428571428571,0.8823529411764706,0.7173733901832605,True,0.0,10.977351071745343
classical_musicnet_2119__300s,classical_musicnet_2119,classical,holdout,300.0,1.9301111698150637,11.105436980724336,0.3671776599819072,0.3208523484955276,0.361265398757112,6.749999999999999,1.8554414474109624,0.4888888888888889,0.8636363636363636,1.3142774425897699,True,0.0,13.051648771646018
classical_musicnet_2127__180s,classical_musicnet_2127,classical,holdout,180.0,1.2486741542816162,13.03802327811718,0.3507497116219014,0.3114573878908933,0.3593865190790778,5.35,1.4986744605472635,0.5535714285714286,0.7741935483870968,1.1152365861451365,True,0.0,2.6701095073755026
classical_musicnet_2127__300s,classical_musicnet_2127,classical,holdout,300.0,1.3339086771011353,11.85137002170086,0.3414752536287692,0.3480431024029803,0.3595200873914858,6.549999999999999,1.689599857745128,0.7857142857142857,0.8484848484848485,0.9030342440070765,True,0.0,9.101726201012688
classical_musicnet_2131__180s,classical_musicnet_2131,classical,holdout,180.0,1.8239893913269043,12.009258151054382,0.3802067701655517,0.3754542826127345,0.339609346899094,4.55,1.363392570467203,0.5277777777777778,0.8421052631578947,1.0118626168157503,True,0.0,0.5045567871090428
classical_musicnet_2131__300s,classical_musicnet_2131,classical,holdout,300.0,2.9246716499328613,10.550700545310974,0.368467013002782,0.3885519828759372,0.350785890287087,5.449999999999999,1.41865896564006,0.5972222222222222,0.8837209302325582,2.447861660812548,True,0.0,2.2677772285610116
classical_musicnet_2138__180s,classical_musicnet_2138,classical,holdout,180.0,1.1184557676315308,11.661275163292885,0.3782559931259857,0.3423070105747545,0.3738719628007617,6.299999999999999,1.58740385100803,0.7,0.8571428571428571,0.5096412876340434,True,0.0,6.5670206339472825
classical_musicnet_2138__300s,classical_musicnet_2138,classical,holdout,300.0,1.1233922243118286,12.06146277487278,0.3869347093517494,0.3597635958539718,0.3487229343881411,6.75,1.712143308835374,0.5555555555555556,0.75,0.4092909774176298,True,0.0,10.325886201600945
classical_musicnet_2140__180s,classical_musicnet_2140,classical,holdout,180.0,0.8129085302352905,11.537923023104668,0.3429880780031782,0.3518799328882824,0.3721860004419035,7.1,1.84042367205328,0.4861111111111111,0.8571428571428571,1.0268118730658031,True,0.0,14.505347227072562
classical_musicnet_2140__300s,classical_musicnet_2140,classical,holdout,300.0,1.837735652923584,13.91627775132656,0.3581464677563212,0.3489739031816016,0.3707282199320949,7.199999999999999,1.9861724613299017,0.6111111111111112,0.8636363636363636,1.288265735271607,True,0.0,18.467730063372237
classical_musicnet_2147__180s,classical_musicnet_2147,classical,holdout,180.0,1.4471386671066284,10.685214694589376,0.2978447121289448,0.3866287882296579,0.33983250675498,6.299999999999999,1.809984096228157,0.5,0.7555555555555555,1.6410538381383355,True,0.0,10.155273733331775
classical_musicnet_2147__300s,classical_musicnet_2147,classical,holdout,300.0,0.8120411038398743,12.262192130088806,0.3166428850359454,0.3521480543600715,0.3537527095423782,5.85,1.8342459031141407,0.6111111111111112,0.8181818181818182,1.389815343006868,True,0.0,9.055506611557847
classical_musicnet_2148__180s,classical_musicnet_2148,classical,holdout,180.0,1.0769269466400146,10.142809353768826,0.3420534148541479,0.3795216124025136,0.3454162791739137,7.199999999999999,2.140182682337005,0.6111111111111112,0.8636363636363636,1.0034311151933046,True,0.0,22.863805243078833
classical_musicnet_2148__300s,classical_musicnet_2148,classical,holdout,300.0,0.8835315108299255,9.9914188683033,0.3557939821678868,0.3471036849557603,0.3674161062221024,7.199999999999999,2.2476310748580253,0.6527777777777778,0.8936170212765957,0.8516346046783652,True,0.0,26.409576680970318
classical_musicnet_2149__180s,classical_musicnet_2149,classical,holdout,180.0,0.9416911602020264,12.11490184813738,0.356544623914864,0.336761961604094,0.3499240985736564,6.749999999999999,1.86097945753716,0.6607142857142857,0.8648648648648649,0.8577552452191505,True,0.0,13.171037461838736
classical_musicnet_2149__300s,classical_musicnet_2149,classical,holdout,300.0,1.2665152549743652,11.315768152475355,0.3596488583974168,0.3316570662591853,0.3680226730615394,7.199999999999999,2.060535029586834,0.6388888888888888,0.8695652173913043,0.7571695512472181,True,0.0,20.489403810227017
classical_musicnet_2150__180s,classical_musicnet_2150,classical,holdout,180.0,1.2371692657470703,10.926885485649109,0.3561503820346725,0.4201369151342531,0.3571145805314138,5.999999999999999,1.6777921608935584,0.5138888888888888,0.7567567567567568,1.3408341477430774,True,0.0,6.718261683554232
classical_musicnet_2150__300s,classical_musicnet_2150,classical,holdout,300.0,1.0094867944717407,10.597099602222444,0.4065062920220001,0.4286140508213454,0.3750936322091033,7.099999999999999,1.8639785492305356,0.6527777777777778,0.7659574468085106,1.1426050057629085,True,0.0,15.008319910705556
classical_musicnet_2151__180s,classical_musicnet_2151,classical,holdout,180.0,1.5571951866149902,12.147227510809898,0.4400226755452167,0.399348617595109,0.4196093508468643,6.75,1.754362141746302,0.6388888888888888,0.8695652173913043,0.9536070127614865,True,0.0,11.056231895040419
classical_musicnet_2151__300s,classical_musicnet_2151,classical,holdout,300.0,1.064109206199646,12.255446672439575,0.4272342386034279,0.3955205207184278,0.3899891534957199,6.749999999999999,1.9240863287402143,0.6,0.8148148148148148,0.7163700131855761,True,0.0,14.605322718448706
classical_musicnet_2154__180s,classical_musicnet_2154,classical,holdout,180.0,1.1227355003356934,10.383603066205978,0.3665056018827348,0.365717468597783,0.3636079078262684,6.75,1.7717481846297265,0.5972222222222222,0.8372093023255814,0.5695373524525048,True,0.0,11.374654169609286
classical_musicnet_2154__300s,classical_musicnet_2154,classical,holdout,300.0,2.3251163959503174,9.88878521323204,0.3980861208731261,0.3880003952175685,0.3708810909950853,6.75,1.9451067725299485,0.6527777777777778,0.851063829787234,1.637579920014134,True,0.0,15.113209329144905
classical_musicnet_2155__180s,classical_musicnet_2155,classical,holdout,180.0,1.4904303550720217,9.993694484233856,0.4146729206917665,0.3690549937318553,0.4174665578352652,6.649999999999999,1.7811491970726168,0.5833333333333334,0.8095238095238095,0.5277625056755348,True,0.0,11.08511113944683
classical_musicnet_2155__300s,classical_musicnet_2155,classical,holdout,300.0,1.7878565788269043,10.475485980510712,0.4726802308109946,0.409963906319152,0.4483963241531313,6.55,1.8358040340477209,0.6666666666666666,0.8333333333333334,1.3770280461759032,True,0.0,11.72262823853109
classical_musicnet_2156__180s,classical_musicnet_2156,classical,holdout,180.0,1.0856540203094482,12.114060282707214,0.3848503018568828,0.3493488001649009,0.3720140497444179,6.549999999999999,1.6956767228564338,0.5,0.7777777777777778,0.46851691255931666,True,0.0,9.143396853926358
classical_musicnet_2156__300s,classical_musicnet_2156,classical,holdout,300.0,2.134770393371582,15.323488891124724,0.3462165865610961,0.3745096179084958,0.3729830037224489,6.199999999999999,1.7336432157184096,0.4222222222222222,0.631578947368421,1.9057669235331405,True,0.0,8.348958381490789
classical_musicnet_2157__180s,classical_musicnet_2157,classical,holdout,180.0,0.8283225297927856,9.927660182118416,0.3671773516746254,0.3386285733206534,0.3474648429940031,6.299999999999999,1.8788952433170345,0.5833333333333334,0.7619047619047619,0.8449317462276821,True,0.0,11.608519668649958
classical_musicnet_2157__300s,classical_musicnet_2157,classical,holdout,300.0,0.7708995938301086,10.325561758130789,0.3434914502671106,0.3757778194208667,0.3696281567703027,7.199999999999999,1.9553421847831889,0.6666666666666666,0.8333333333333334,1.1199437107895087,True,0.0,17.684824746829108
classical_musicnet_2158__180s,classical_musicnet_2158,classical,holdout,180.0,1.010143518447876,11.746583625674248,0.3697356618248957,0.3785712864126382,0.3600731475315304,6.1,1.8044571470658848,0.5333333333333333,0.625,0.7339120979668946,True,0.0,9.292939517530662
classical_musicnet_2158__300s,classical_musicnet_2158,classical,holdout,300.0,0.9797159433364868,11.6344276368618,0.368695814615601,0.3676371417846102,0.3547276096953218,7.1,1.8759055513390008,0.6666666666666666,0.8,0.6592167608139786,True,0.0,15.27021185967704
classical_musicnet_2159__180s,classical_musicnet_2159,classical,holdout,180.0,1.1260144710540771,10.876971423625946,0.3533998560841907,0.3379804687733404,0.4011700872447716,6.749999999999999,1.6987139456079594,0.85,0.8235294117647058,0.7719115447169189,True,0.0,10.537829943861775
classical_musicnet_2159__300s,classical_musicnet_2159,classical,holdout,300.0,0.9219540953636168,11.35852724313736,0.3178130440773603,0.3689699142936272,0.3632425227931279,6.55,1.854650043942504,0.7,0.8571428571428571,1.331650579869585,True,0.0,12.120571688262864
classical_musicnet_2160__180s,classical_musicnet_2160,classical,holdout,180.0,1.1164387464523315,10.318321071565151,0.3931100840673721,0.3544858380299199,0.3591146875079222,6.3,1.6530300976105776,0.6666666666666666,1.0,0.2972870434915198,True,0.0,7.686503313125402
classical_musicnet_2160__300s,classical_musicnet_2160,classical,holdout,300.0,0.8925564289093018,11.635316133499146,0.3988771830904007,0.368073039072484,0.3637758933116754,7.199999999999999,1.79688115633462,0.6666666666666666,1.0,0.4633690239462799,True,0.0,14.409077687383622
classical_musicnet_2161__180s,classical_musicnet_2161,classical,holdout,180.0,1.8010519742965698,11.471338666975498,0.3168462333578964,0.2896433137209375,0.3687387127218614,6.1,1.6631887539848007,0.4,0.8333333333333334,1.7425861894239343,True,0.0,6.8463849582464835
classical_musicnet_2161__300s,classical_musicnet_2161,classical,holdout,300.0,2.035360097885132,11.230429530143738,0.3473045892507376,0.368864632208412,0.3760370515421807,7.099999999999999,1.8343805859584297,0.55,0.9090909090909092,1.3818160169531926,True,0.0,14.37935596709527
classical_musicnet_2166__180s,classical_musicnet_2166,classical,holdout,180.0,1.068488836288452,11.96827732399106,0.3801528677224183,0.2739529317818127,0.3556747327344081,6.75,1.7842553636160337,0.5714285714285714,0.9166666666666666,1.5478470761220835,True,0.0,11.610092492238987
classical_musicnet_2166__300s,classical_musicnet_2166,classical,holdout,300.0,1.21263587474823,9.882289923727512,0.4055120393371156,0.3410952040046792,0.3635966959347628,6.999999999999999,1.8949098389691217,0.4821428571428571,0.8148148148148148,0.5567302107970017,True,0.0,15.168778872282802
classical_musicnet_2167__180s,classical_musicnet_2167,classical,holdout,180.0,0.9262416362762452,11.077741757035255,0.3823896294073047,0.3489196852122581,0.3504976337269729,6.55,1.6247208391645018,0.4722222222222222,0.8235294117647058,0.5145489011039767,True,0.0,8.092603040273966
classical_musicnet_2167__300s,classical_musicnet_2167,classical,holdout,300.0,2.9894044399261475,12.988812506198885,0.3521325499258961,0.3435524869361834,0.3313837298453376,6.35,1.6181414569608634,0.4111111111111111,0.7567567567567568,2.557921460260016,True,0.0,7.16145468650617
classical_musicnet_2168__180s,classical_musicnet_2168,classical,holdout,180.0,1.0688753128051758,12.769661694765093,0.4191308537121704,0.3369982134614383,0.3466071712038901,7.199999999999999,1.993293442091672,0.6190476190476191,0.8461538461538461,0.6881052041454788,True,0.0,18.653166080987525
classical_musicnet_2168__300s,classical_musicnet_2168,classical,holdout,300.0,1.128261685371399,10.059277698397636,0.4189663873057191,0.3803915061660254,0.3799111522600875,7.199999999999999,2.1373202658592025,0.6190476190476191,0.8461538461538461,0.3100156736337908,True,0.0,22.774727207304675
classical_musicnet_2169__180s,classical_musicnet_2169,classical,holdout,180.0,0.9961454272270204,10.965456917881966,0.3054427269083702,0.3287587057250131,0.3818540109824518,6.749999999999999,1.8469905068642245,0.4444444444444444,0.875,1.4093464592667049,True,0.0,12.871477659537081
classical_musicnet_2169__300s,classical_musicnet_2169,classical,holdout,300.0,1.087035894393921,10.78637270629406,0.3577371794677517,0.3247613167695781,0.3773493566925603,7.099999999999999,1.994673974808173,0.5535714285714286,0.967741935483871,0.8649857874039562,True,0.0,18.22256769970137
classical_musicnet_2177__180s,classical_musicnet_2177,classical,holdout,180.0,1.8134132623672483,12.32198253273964,0.3327537655272711,0.3025787670601987,0.341470294089899,6.799999999999999,1.7777324705644812,0.5714285714285714,0.8125,1.5247174452946275,True,0.0,11.726366225140161
classical_musicnet_2177__300s,classical_musicnet_2177,classical,holdout,300.0,0.7973036170005798,10.25562347471714,0.3368340585647748,0.3476879708424897,0.3739642902497351,6.899999999999999,1.8566583312504483,0.6111111111111112,0.7727272727272727,1.1050898087277412,True,0.0,13.810418134833338
classical_musicnet_2178__180s,classical_musicnet_2178,classical,holdout,180.0,1.5460189580917358,10.537746325135233,0.3365066268099497,0.3193461321048781,0.3241092539608368,7.099999999999999,1.5293736852807802,0.4666666666666667,0.9047619047619048,1.1949358322009522,True,0.0,9.637111990532537
classical_musicnet_2178__300s,classical_musicnet_2178,classical,holdout,300.0,1.7466275691986084,10.4014876447618,0.3596955401759848,0.3826112295796869,0.3633195523380161,7.099999999999999,1.7565317671824294,0.6607142857142857,0.918918918918919,1.06049466773203,True,0.0,12.867597138174801
classical_musicnet_2179__180s,classical_musicnet_2179,classical,holdout,180.0,0.9274540543556212,11.691457223147154,0.4046705232469589,0.3468529836473236,0.3545417423815319,7.099999999999999,1.500636340708421,0.4333333333333333,0.7692307692307693,0.4740946702731839,True,0.0,9.353750259623698
classical_musicnet_2179__300s,classical_musicnet_2179,classical,holdout,300.0,0.8980146646499634,10.710063323378565,0.4023211100482091,0.35698502364503,0.3757448830158338,7.199999999999999,1.782252865205045,0.5,0.7555555555555555,0.3914733088131135,True,0.0,13.890898468445535
classical_musicnet_2180__180s,classical_musicnet_2180,classical,holdout,180.0,1.125914454460144,10.768731907010078,0.3203948273128878,0.3372988064750594,0.36248387514772,6.65,1.779269857838914,0.5277777777777778,0.7894736842105263,1.1665414160363763,True,0.0,11.049592562565113
classical_musicnet_2180__300s,classical_musicnet_2180,classical,holdout,300.0,1.032367706298828,12.535156950354576,0.3625820974130579,0.3642512082695318,0.3485370412333065,6.749999999999999,1.9093210656769597,0.5972222222222222,0.8372093023255814,0.7950620424266536,True,0.0,14.257575616915538
classical_musicnet_2186__180s,classical_musicnet_2186,classical,discovery,180.0,0.7210483551025391,10.909349739551544,0.3572294469218278,0.2604950546326773,0.3865093443992031,5.199999999999999,1.4737692511893214,0.3571428571428571,0.6666666666666666,1.9123220998600594,True,0.0,2.1330642849204526
classical_musicnet_2186__300s,classical_musicnet_2186,classical,discovery,300.0,1.6949198246002195,12.880448549985886,0.3693062318519631,0.3474853061719328,0.3611825322588033,4.85,1.4532454410799718,0.3888888888888889,0.5714285714285714,0.9648695312510776,True,0.0,1.3864400161427928
classical_musicnet_2191__180s,classical_musicnet_2191,classical,discovery,180.0,0.8048665523529053,12.494139730930328,0.3955801445657128,0.3392408436323664,0.4673869722339971,4.4,1.6499011029684334,0.3055555555555556,0.5454545454545454,0.7471900291887513,True,0.0,3.148120657213506
classical_musicnet_2191__300s,classical_musicnet_2191,classical,discovery,300.0,0.8048665523529053,12.494139730930328,0.3955801445657128,0.3392408436323664,0.4673869722339971,4.4,1.6499011029684334,0.3055555555555556,0.5454545454545454,0.7471900291887513,True,0.0,3.148120657213506
classical_musicnet_2194__180s,classical_musicnet_2194,classical,discovery,180.0,1.941473126411438,12.06933692097664,0.1943069174020916,0.2359515923692113,0.351559742281756,5.3,1.5733860075315462,0.5833333333333334,0.8571428571428571,3.2831617394184414,True,0.0,3.3505528139364573
classical_musicnet_2194__300s,classical_musicnet_2194,classical,discovery,300.0,1.941473126411438,12.06933692097664,0.1943069174020916,0.2359515923692113,0.351559742281756,5.3,1.5733860075315462,0.5833333333333334,0.8571428571428571,3.2831617394184414,True,0.0,3.3505528139364573
classical_musicnet_2195__180s,classical_musicnet_2195,classical,discovery,180.0,1.3163576126098633,12.139117442071438,0.2926979912438691,0.2934213387423762,0.3615536890397858,4.949999999999999,1.7095563397660531,0.25,0.7142857142857143,1.7318633872149398,True,0.0,4.793360858189069
classical_musicnet_2195__300s,classical_musicnet_2195,classical,discovery,300.0,1.3163576126098633,12.139117442071438,0.2926979912438691,0.2934213387423762,0.3615536890397858,4.949999999999999,1.7095563397660531,0.25,0.7142857142857143,1.7318633872149398,True,0.0,4.793360858189069
classical_musicnet_2196__180s,classical_musicnet_2196,classical,discovery,180.0,2.4719738960266118,12.654381919652224,0.2967533676719799,0.2660540544065721,0.3616229784273557,3.3,1.4234494902373886,0.3666666666666666,0.7272727272727273,2.591627457161086,True,0.0,0.6663896319197653
classical_musicnet_2196__300s,classical_musicnet_2196,classical,discovery,300.0,2.4719738960266118,12.654381919652224,0.2967533676719799,0.2660540544065721,0.3616229784273557,3.3,1.4234494902373886,0.3666666666666666,0.7272727272727273,2.591627457161086,True,0.0,0.6663896319197653
classical_musicnet_2198__180s,classical_musicnet_2198,classical,discovery,180.0,1.203165054321289,6.834447937086225,0.3264447211708259,0.2697293075603103,0.3533301568517767,5.749999999999999,1.85853273966752,0.6,0.8888888888888888,2.218437467357425,True,0.0,9.264597659531029
classical_musicnet_2198__300s,classical_musicnet_2198,classical,discovery,300.0,1.0846775770187378,6.021141916513443,0.353770169081028,0.3226002377155834,0.3833375767557325,5.85,1.8340135503347892,0.6,0.7777777777777778,1.6539007147011935,True,0.0,9.050688243986688
classical_musicnet_2200__180s,classical_musicnet_2200,classical,discovery,180.0,0.981185257434845,10.436963628977535,0.1913531810614055,0.293767464077093,0.3583725663800948,5.199999999999999,1.6979048622940247,0.5833333333333334,0.8571428571428571,2.935390686673776,True,0.0,4.884240526907108
classical_musicnet_2200__300s,classical_musicnet_2200,classical,discovery,300.0,0.981185257434845,10.436963628977535,0.1913531810614055,0.293767464077093,0.3583725663800948,5.199999999999999,1.6979048622940247,0.5833333333333334,0.8571428571428571,2.935390686673776,True,0.0,4.884240526907108
classical_musicnet_2201__180s,classical_musicnet_2201,classical,discovery,180.0,3.570868730545044,10.625475187785923,0.3461956565403072,0.4365327837005435,0.3528547197632554,5.4,1.890496238641354,0.4761904761904761,0.8,3.5643694697679247,False,3.044182351857614,9.046126841553965
classical_musicnet_2201__300s,classical_musicnet_2201,classical,discovery,300.0,3.570868730545044,10.625475187785923,0.3461956565403072,0.4365327837005435,0.3528547197632554,5.4,1.890496238641354,0.4761904761904761,0.8,3.5643694697679247,False,3.044182351857614,9.046126841553965
classical_musicnet_2202__180s,classical_musicnet_2202,classical,discovery,180.0,0.9876569509506226,11.196015916764736,0.3623536329200763,0.3552651811691773,0.3724329252431295,6.749999999999999,1.7545063739618911,0.6666666666666666,0.9285714285714286,0.6617237233540758,True,0.0,11.060040522402328
classical_musicnet_2202__300s,classical_musicnet_2202,classical,discovery,300.0,0.9308084845542908,10.206398515962064,0.3368952798127819,0.36384329743504,0.4210016751167751,6.55,1.7424545532766809,0.4642857142857143,0.7692307692307693,1.039512547536782,True,0.0,9.929989648947736
classical_musicnet_2203__180s,classical_musicnet_2203,classical,discovery,180.0,0.6660254597663879,11.020050942897797,0.3289078142083425,0.2609591466585217,0.3619789410526569,5.85,1.749598917620318,0.5333333333333333,0.625,2.0137428191135682,True,0.0,7.421928232890261
classical_musicnet_2203__300s,classical_musicnet_2203,classical,discovery,300.0,0.6660254597663879,11.020050942897797,0.3289078142083425,0.2609591466585217,0.3619789410526569,5.85,1.749598917620318,0.5333333333333333,0.625,2.0137428191135682,True,0.0,7.421928232890261
classical_musicnet_2204__180s,classical_musicnet_2204,classical,discovery,180.0,0.6529624462127686,11.329884879291058,0.3178878128779024,0.3112629188210097,0.3428488378942568,5.85,1.793087307770386,0.4821428571428571,0.8148148148148148,1.546554036038311,True,0.0,8.230695049273251
classical_musicnet_2204__300s,classical_musicnet_2204,classical,discovery,300.0,0.6529624462127686,11.329884879291058,0.3178878128779024,0.3112629188210097,0.3428488378942568,5.85,1.793087307770386,0.4821428571428571,0.8148148148148148,1.546554036038311,True,0.0,8.230695049273251
classical_musicnet_2207__180s,classical_musicnet_2207,classical,discovery,180.0,1.790839910507202,14.229908183217049,0.2752509358076804,0.2550058822269405,0.3555856433161635,5.75,1.4770947951481237,0.5,1.0,2.4228561579207515,True,0.0,3.753885224524437
classical_musicnet_2207__300s,classical_musicnet_2207,classical,discovery,300.0,1.790839910507202,14.229908183217049,0.2752509358076804,0.2550058822269405,0.3555856433161635,5.75,1.4770947951481237,0.5,1.0,2.4228561579207515,True,0.0,3.753885224524437
classical_musicnet_2208__180s,classical_musicnet_2208,classical,discovery,180.0,2.0135531425476074,9.851074989885092,0.3298622732580727,0.3872220046028433,0.3447663525547114,6.0,1.6718813441138496,0.3571428571428571,0.6,1.6022243448747349,True,0.0,6.627778734033438
classical_musicnet_2208__300s,classical_musicnet_2208,classical,discovery,300.0,2.0135531425476074,9.851074989885092,0.3298622732580727,0.3872220046028433,0.3447663525547114,6.0,1.6718813441138496,0.3571428571428571,0.6,1.6022243448747349,True,0.0,6.627778734033438
classical_musicnet_2209__180s,classical_musicnet_2209,classical,discovery,180.0,1.253353238105774,7.223385376855731,0.4134088401735536,0.4666954423017952,0.3402820037626624,5.85,1.7978756424796385,0.4333333333333333,0.7692307692307693,1.8268799251395602,True,0.0,8.323684625853964
classical_musicnet_2209__300s,classical_musicnet_2209,classical,discovery,300.0,1.253353238105774,7.223385376855731,0.4134088401735536,0.4666954423017952,0.3402820037626624,5.85,1.7978756424796385,0.4333333333333333,0.7692307692307693,1.8268799251395602,True,0.0,8.323684625853964
classical_musicnet_2210__180s,classical_musicnet_2210,classical,discovery,180.0,1.7071748971939087,13.231181759387256,0.3114293927982517,0.311012934697024,0.3717732245359792,6.999999999999999,1.8999126516623288,0.3666666666666666,0.7272727272727273,1.589504410312897,True,0.0,15.283314012413326
classical_musicnet_2210__300s,classical_musicnet_2210,classical,discovery,300.0,1.7071748971939087,13.231181759387256,0.3114293927982517,0.311012934697024,0.3717732245359792,6.999999999999999,1.8999126516623288,0.3666666666666666,0.7272727272727273,1.589504410312897,True,0.0,15.283314012413326
classical_musicnet_2211__180s,classical_musicnet_2211,classical,discovery,180.0,1.287922739982605,10.6578521579504,0.3740892309631534,0.4041500421488879,0.3578146022882887,6.3,1.8670735970295405,0.4107142857142857,0.6086956521739131,0.9129400075008752,True,0.0,11.347715270931541
classical_musicnet_2211__300s,classical_musicnet_2211,classical,discovery,300.0,1.2156286239624023,7.663031443953514,0.3377281729659865,0.4526063763919888,0.3809367375752745,6.999999999999999,1.9163030141601165,0.4166666666666667,0.7333333333333333,2.0350650360460145,True,0.0,15.664532970753035
classical_musicnet_2212__180s,classical_musicnet_2212,classical,discovery,180.0,1.6551544666290283,7.838097587227821,0.3313073281448504,0.2733875343008329,0.371723375173134,6.749999999999999,1.9860960693849947,0.5238095238095238,0.8181818181818182,2.108150531329617,True,0.0,16.146890126129847
classical_musicnet_2212__300s,classical_musicnet_2212,classical,discovery,300.0,1.6551544666290283,7.838097587227821,0.3313073281448504,0.2733875343008329,0.371723375173134,6.749999999999999,1.9860960693849947,0.5238095238095238,0.8181818181818182,2.108150531329617,True,0.0,16.146890126129847
classical_musicnet_2213__180s,classical_musicnet_2213,classical,discovery,180.0,1.065506935119629,8.768175914883614,0.3968935641125648,0.423282618288742,0.3730206017918829,5.85,1.773706598250358,0.4107142857142857,0.6086956521739131,1.1044616824300273,True,0.0,7.862303783343259
classical_musicnet_2213__300s,classical_musicnet_2213,classical,discovery,300.0,1.065506935119629,8.768175914883614,0.3968935641125648,0.423282618288742,0.3730206017918829,5.85,1.773706598250358,0.4107142857142857,0.6086956521739131,1.1044616824300273,True,0.0,7.862303783343259
classical_musicnet_2214__180s,classical_musicnet_2214,classical,discovery,180.0,2.393324375152588,11.159350261092186,0.3531837316847458,0.3961559218176564,0.3103610364045036,5.85,1.7977587739944585,0.3392857142857143,0.631578947368421,1.884592651585975,True,0.0,8.321405733128248
classical_musicnet_2214__300s,classical_musicnet_2214,classical,discovery,300.0,2.393324375152588,11.159350261092186,0.3531837316847458,0.3961559218176564,0.3103610364045036,5.85,1.7977587739944585,0.3392857142857143,0.631578947368421,1.884592651585975,True,0.0,8.321405733128248
classical_musicnet_2215__180s,classical_musicnet_2215,classical,discovery,180.0,1.2871798276901243,8.830759414471686,0.341474025063819,0.3044823406327075,0.3406309039590696,4.4,1.7130007070405744,0.4047619047619047,0.5882352941176471,1.4086147413488335,True,0.0,4.127361575822498
classical_musicnet_2215__300s,classical_musicnet_2215,classical,discovery,300.0,1.2871798276901243,8.830759414471686,0.341474025063819,0.3044823406327075,0.3406309039590696,4.4,1.7130007070405744,0.4047619047619047,0.5882352941176471,1.4086147413488335,True,0.0,4.127361575822498
classical_musicnet_2217__180s,classical_musicnet_2217,classical,discovery,180.0,3.205482244491577,12.137501195073128,0.3872403793292337,0.3363569957421999,0.3315775917432669,4.9,1.4751767680641976,0.5333333333333333,0.7916666666666666,2.8162650209129008,True,0.0,1.634177185124615
classical_musicnet_2217__300s,classical_musicnet_2217,classical,discovery,300.0,2.9537060260772705,11.57148951292038,0.3952682433290539,0.360237741787549,0.3615122276201412,4.999999999999999,1.4860888862274648,0.5111111111111111,0.782608695652174,2.4307401385780736,True,0.0,1.8813414460493794
classical_musicnet_2218__180s,classical_musicnet_2218,classical,discovery,180.0,1.4007312059402466,12.771440118551254,0.4573603917367193,0.4191324857751823,0.4089141917933463,4.5,1.860918319116956,0.5444444444444444,0.7346938775510204,1.256730749492641,True,0.0,7.019693730432308
classical_musicnet_2218__300s,classical_musicnet_2218,classical,discovery,300.0,0.9129330515861512,11.7135688662529,0.4629482064628439,0.3895391116988352,0.4362282673884798,4.5,1.846322705934988,0.5972222222222222,0.7441860465116279,0.8696691076578419,True,0.0,6.707324151925536
classical_musicnet_2219__180s,classical_musicnet_2219,classical,discovery,180.0,1.3710817098617554,12.179372787475586,0.3550807560121659,0.3766672440535631,0.3586776874647847,5.299999999999999,1.8037661459295016,0.4444444444444444,0.875,0.9016478434398125,True,0.0,6.98510189191742
classical_musicnet_2219__300s,classical_musicnet_2219,classical,discovery,300.0,0.9228078126907348,14.663210213184357,0.3598476635944655,0.3482063604993879,0.3933009045353333,5.2,1.8756581104876475,0.3611111111111111,0.8461538461538461,1.2139606051276572,True,0.0,8.283504438019806
classical_musicnet_2220__180s,classical_musicnet_2220,classical,discovery,180.0,1.257880687713623,12.433298096060753,0.3602791733412387,0.3516512488413261,0.3581829303785055,6.65,1.7197838567516524,0.7380952380952381,0.8387096774193549,0.725948741693518,True,0.0,9.987545594195044
classical_musicnet_2220__300s,classical_musicnet_2220,classical,discovery,300.0,1.1857924461364746,12.087523058056831,0.3500028225726261,0.3542411651990006,0.4133186422559823,7.0,1.769116424790771,0.4861111111111111,0.8571428571428571,0.8102578159979453,True,0.0,12.569238897371669
classical_musicnet_2221__180s,classical_musicnet_2221,classical,discovery,180.0,1.4654572010040283,12.0754314661026,0.3710867254884247,0.3709781421774129,0.4027435681664998,6.1,1.820393847538166,0.7142857142857143,0.8666666666666667,0.7166357037887868,True,0.0,9.61163426163833
classical_musicnet_2221__300s,classical_musicnet_2221,classical,discovery,300.0,0.729737401008606,11.871391013264656,0.3538403703058992,0.3254563540081995,0.4166336620170457,6.1,1.945742211540742,0.5892857142857143,0.9696969696969696,1.0894338600533617,True,0.0,12.507169051483082
classical_musicnet_2222__180s,classical_musicnet_2222,classical,discovery,180.0,1.327104568481445,11.172293707728386,0.4063251876780785,0.3869340230908653,0.3556716452092144,4.5,1.5718967644666215,0.625,0.7555555555555555,0.45755487105032805,True,0.0,2.185835181296404
classical_musicnet_2222__300s,classical_musicnet_2222,classical,discovery,300.0,1.101478934288025,12.615596815943718,0.4502740211784642,0.3806299699985542,0.396522131129861,4.049999999999999,1.5583632723228382,0.6805555555555556,0.7346938775510204,0.7624512852859296,True,0.0,1.8858799720017057
classical_musicnet_2224__180s,classical_musicnet_2224,classical,discovery,180.0,3.535583257675171,12.88942864909768,0.2875051144590405,0.3292406023787458,0.3411902052729551,5.85,1.8392457308833337,0.5,1.0,3.473528089551226,False,1.2219671029304355,9.396681619368072
classical_musicnet_2224__300s,classical_musicnet_2224,classical,discovery,300.0,3.535583257675171,12.88942864909768,0.2875051144590405,0.3292406023787458,0.3411902052729551,5.85,1.8392457308833337,0.5,1.0,3.473528089551226,False,1.2219671029304355,9.396681619368072
classical_musicnet_2225__180s,classical_musicnet_2225,classical,discovery,180.0,0.9186584949493408,11.788681030273438,0.3487188289062851,0.4087589671982142,0.3695262192468938,6.65,1.8657994953898225,0.4333333333333333,0.7692307692307693,1.3855271699641003,True,0.0,12.809786456491699
classical_musicnet_2225__300s,classical_musicnet_2225,classical,discovery,300.0,2.1699328422546387,11.729149475693704,0.3236604805311855,0.4007350546259448,0.3624420885777211,6.299999999999999,1.9183535881389584,0.3809523809523809,0.75,1.916205925135437,True,0.0,12.513516469013823
classical_musicnet_2227__180s,classical_musicnet_2227,classical,discovery,180.0,1.0393472909927368,8.619026387110353,0.3216653080438079,0.2930075269523307,0.3401392173721684,6.299999999999999,1.908855344802446,0.3472222222222222,0.56,1.6997729986449506,True,0.0,12.29081998063005
classical_musicnet_2227__300s,classical_musicnet_2227,classical,discovery,300.0,1.0393472909927368,8.619026387110353,0.3216653080438079,0.2930075269523307,0.3401392173721684,6.299999999999999,1.908855344802446,0.3472222222222222,0.56,1.6997729986449506,True,0.0,12.29081998063005
classical_musicnet_2228__180s,classical_musicnet_2228,classical,discovery,180.0,2.2593321800231934,8.887537576258183,0.2681359764512028,0.4270554375286108,0.3516660680052081,6.65,1.753841252510234,0.45,0.6666666666666666,2.7316105359747156,True,0.0,10.58083841461252
classical_musicnet_2228__300s,classical_musicnet_2228,classical,discovery,300.0,2.2593321800231934,8.887537576258183,0.2681359764512028,0.4270554375286108,0.3516660680052081,6.65,1.753841252510234,0.45,0.6666666666666666,2.7316105359747156,True,0.0,10.58083841461252
classical_musicnet_2229__180s,classical_musicnet_2229,classical,discovery,180.0,3.1160309314727783,10.84827821701765,0.3486378099596126,0.3329304274074569,0.3663663236055614,5.75,2.0199333422470707,0.3,0.6666666666666666,2.738953587761243,True,0.0,13.194246318946204
classical_musicnet_2229__300s,classical_musicnet_2229,classical,discovery,300.0,2.710139036178589,11.032924339175224,0.3264427068506595,0.3870974349036205,0.3747561784992862,6.75,2.0889108449290017,0.2619047619047619,0.7272727272727273,2.342656923118338,True,0.0,19.092148375864472
classical_musicnet_2230__180s,classical_musicnet_2230,classical,discovery,180.0,2.6002769470214844,9.341093881055713,0.3442803666107183,0.2873564603994629,0.3137060606118589,4.85,1.301059073162322,0.4166666666666667,0.8,2.494133043655514,True,0.0,0.6008700898356041
classical_musicnet_2230__300s,classical_musicnet_2230,classical,discovery,300.0,2.6002769470214844,9.341093881055713,0.3442803666107183,0.2873564603994629,0.3137060606118589,4.85,1.301059073162322,0.4166666666666667,0.8,2.494133043655514,True,0.0,0.6008700898356041
classical_musicnet_2231__180s,classical_musicnet_2231,classical,discovery,180.0,0.8665639758110046,9.964945018291472,0.3046970477750712,0.254201046247494,0.3646168937620518,6.199999999999999,1.8012352525017772,0.45,0.6666666666666666,2.20817729030463,True,0.0,9.5969943894486
classical_musicnet_2231__300s,classical_musicnet_2231,classical,discovery,300.0,0.8665639758110046,9.964945018291472,0.3046970477750712,0.254201046247494,0.3646168937620518,6.199999999999999,1.8012352525017772,0.45,0.6666666666666666,2.20817729030463,True,0.0,9.5969943894486
classical_musicnet_2232__180s,classical_musicnet_2232,classical,discovery,180.0,1.9357709884643557,10.35171077400446,0.32417397138211,0.3367275335215838,0.3523994099509741,5.199999999999999,1.4331442708099986,0.2777777777777778,0.5,1.4814446913420443,True,0.0,1.9074663785914197
classical_musicnet_2232__300s,classical_musicnet_2232,classical,discovery,300.0,1.9357709884643557,10.35171077400446,0.32417397138211,0.3367275335215838,0.3523994099509741,5.199999999999999,1.4331442708099986,0.2777777777777778,0.5,1.4814446913420443,True,0.0,1.9074663785914197
classical_musicnet_2234__180s,classical_musicnet_2234,classical,discovery,180.0,4.164468288421631,9.951807081699371,0.3453743138395976,0.2134987842830299,0.295329036983371,4.3,1.3069600151186285,0.4166666666666667,0.8,4.9250849144721345,False,176.79665255833527,0.14836642217083088
classical_musicnet_2234__300s,classical_musicnet_2234,classical,discovery,300.0,4.164468288421631,9.951807081699371,0.3453743138395976,0.2134987842830299,0.295329036983371,4.3,1.3069600151186285,0.4166666666666667,0.8,4.9250849144721345,False,176.79665255833527,0.14836642217083088
classical_musicnet_2237__180s,classical_musicnet_2237,classical,discovery,180.0,1.5881811380386353,10.588000558316708,0.3710933496800337,0.4031260500707458,0.3701593102993192,4.85,1.8843222774258348,0.4,0.5,1.0482591869686693,True,0.0,7.940955557372819
classical_musicnet_2237__300s,classical_musicnet_2237,classical,discovery,300.0,1.5881811380386353,10.588000558316708,0.3710933496800337,0.4031260500707458,0.3701593102993192,4.85,1.8843222774258348,0.4,0.5,1.0482591869686693,True,0.0,7.940955557372819
classical_musicnet_2238__180s,classical_musicnet_2238,classical,discovery,180.0,2.559741258621216,9.441105380654337,0.2482574512739608,0.3344449541136705,0.3597384177815017,3.05,1.2730276121139177,0.2142857142857142,0.8333333333333334,2.7331314028529596,True,0.0,0.43480617193335125
classical_musicnet_2238__300s,classical_musicnet_2238,classical,discovery,300.0,2.559741258621216,9.441105380654337,0.2482574512739608,0.3344449541136705,0.3597384177815017,3.05,1.2730276121139177,0.2142857142857142,0.8333333333333334,2.7331314028529596,True,0.0,0.43480617193335125
classical_musicnet_2239__180s,classical_musicnet_2239,classical,discovery,180.0,1.6421232223510742,9.315480262041092,0.3503556372881996,0.3486557030010654,0.3386568613581083,4.85,1.7234875521604986,0.2857142857142857,0.6666666666666666,1.0574552465192986,True,0.0,4.752638381780674
classical_musicnet_2239__300s,classical_musicnet_2239,classical,discovery,300.0,1.6421232223510742,9.315480262041092,0.3503556372881996,0.3486557030010654,0.3386568613581083,4.85,1.7234875521604986,0.2857142857142857,0.6666666666666666,1.0574552465192986,True,0.0,4.752638381780674
classical_musicnet_2240__180s,classical_musicnet_2240,classical,discovery,180.0,2.9160611629486084,8.5056426897645,0.2152066193947932,0.2350008580060128,0.3146773098539006,3.5,1.468161549582388,0.3333333333333333,0.8,3.8668044572311,False,15.937704996024864,1.0018122884321459
classical_musicnet_2240__300s,classical_musicnet_2240,classical,discovery,300.0,2.9160611629486084,8.5056426897645,0.2152066193947932,0.2350008580060128,0.3146773098539006,3.5,1.468161549582388,0.3333333333333333,0.8,3.8668044572311,False,15.937704996024864,1.0018122884321459
classical_musicnet_2241__180s,classical_musicnet_2241,classical,discovery,180.0,1.3276774883270264,11.112417340278624,0.346147735376398,0.3390262123957066,0.3568428293598609,6.749999999999999,1.8148984799190055,0.6,0.8333333333333334,0.8502145375496639,True,0.0,12.209459943883331
classical_musicnet_2241__300s,classical_musicnet_2241,classical,discovery,300.0,0.7782121300697327,11.298707008361816,0.3791624651055845,0.3534251377214086,0.3730368800081421,7.199999999999999,1.863914663830045,0.4333333333333333,0.9230769230769232,0.6819022163374573,True,0.0,15.553598620470307
classical_musicnet_2242__180s,classical_musicnet_2242,classical,discovery,180.0,1.249179482460022,11.94966745376587,0.3350531543198047,0.3435470170772194,0.351725332638489,6.2,1.673088533492897,0.5714285714285714,0.8333333333333334,0.9826227242685563,True,0.0,7.363103879245724
classical_musicnet_2242__300s,classical_musicnet_2242,classical,discovery,300.0,1.3711237907409668,12.631456032395365,0.3510351953231893,0.3505161742083472,0.3590594764660472,6.299999999999999,1.792550091771171,0.6428571428571429,0.8888888888888888,0.8744818857658994,True,0.0,9.813267057469723
classical_musicnet_2243__180s,classical_musicnet_2243,classical,discovery,180.0,1.5739648342132568,11.178759768605232,0.3707813574054994,0.3185229468827933,0.3582097611957481,4.85,1.8520655437770444,0.5,0.8,1.0010845534379973,True,0.0,7.190075262680826
classical_musicnet_2243__300s,classical_musicnet_2243,classical,discovery,300.0,0.8732691407203674,12.126639530062675,0.3065353099122678,0.3032428705633233,0.3537088541476086,4.65,1.8288393569284385,0.3214285714285714,0.6666666666666666,1.5982679761170988,True,0.0,6.470415549609508
classical_musicnet_2244__180s,classical_musicnet_2244,classical,discovery,180.0,0.8754692077636719,13.669028371572496,0.3408106560148813,0.265049738072182,0.3496630581341199,4.949999999999999,1.645006525139779,0.6666666666666666,1.0,1.8414945796728628,True,0.0,3.880726849232633
classical_musicnet_2244__300s,classical_musicnet_2244,classical,discovery,300.0,1.5629020929336548,14.454744964838028,0.4226217778983403,0.326755509045132,0.3933068816736141,4.949999999999999,1.696890426951634,0.238095238095238,0.6,1.212495436458182,True,0.0,4.655141200651078
classical_musicnet_2247__180s,classical_musicnet_2247,classical,discovery,180.0,2.0624825954437256,11.374251399189234,0.301044867350963,0.2634548202828466,0.3389284140376317,4.5,1.6382742023101382,0.6666666666666666,1.0,2.292041611920072,True,0.0,3.2811855460559083
classical_musicnet_2247__300s,classical_musicnet_2247,classical,discovery,300.0,2.0624825954437256,11.374251399189234,0.301044867350963,0.2634548202828466,0.3389284140376317,4.5,1.6382742023101382,0.6666666666666666,1.0,2.292041611920072,True,0.0,3.2811855460559083
classical_musicnet_2248__180s,classical_musicnet_2248,classical,discovery,180.0,2.249983787536621,11.761486366391182,0.2770552255217721,0.2704038963673121,0.3428124811881067,6.749999999999999,2.013881192375501,0.5,0.6666666666666666,2.4857643616929597,True,0.0,16.88014916433525
classical_musicnet_2248__300s,classical_musicnet_2248,classical,discovery,300.0,2.249983787536621,11.761486366391182,0.2770552255217721,0.2704038963673121,0.3428124811881067,6.749999999999999,2.013881192375501,0.5,0.6666666666666666,2.4857643616929597,True,0.0,16.88014916433525
classical_musicnet_2282__180s,classical_musicnet_2282,classical,discovery,180.0,0.9042946100234984,9.231689810752869,0.2812285374095845,0.3324662880486242,0.3632884426260542,6.3,1.571118115377164,0.7142857142857143,0.9333333333333332,1.79494389376656,True,0.0,6.374984022390657
classical_musicnet_2282__300s,classical_musicnet_2282,classical,discovery,300.0,0.8833826184272766,11.075930751860142,0.3900892487184131,0.3790214129098272,0.3630816512377478,7.199999999999999,1.6378454021572382,0.4722222222222222,0.7647058823529411,0.5676957905413823,True,0.0,11.506992652963921
classical_musicnet_2283__180s,classical_musicnet_2283,classical,discovery,180.0,0.926553189754486,11.42263239622116,0.3408284613877548,0.3313750450497918,0.3517668800914264,5.85,1.8459328631128176,0.4166666666666667,0.4,1.023083916777873,True,0.0,10.012428897694447
classical_musicnet_2283__300s,classical_musicnet_2283,classical,discovery,300.0,3.0354223251342773,13.24611273407936,0.2717214129840485,0.3736000042132595,0.346045024831927,5.3,1.8342758845938616,0.2678571428571428,0.5333333333333333,3.072744258727039,True,0.0,7.679297867234295
classical_musicnet_2284__180s,classical_musicnet_2284,classical,discovery,180.0,1.1959874629974363,10.302207335829737,0.3802336688457003,0.3351139288865474,0.3628008581412763,6.449999999999999,1.9209346904069624,0.6,0.7777777777777778,0.6133331955651014,True,0.0,13.186205837945785
classical_musicnet_2284__300s,classical_musicnet_2284,classical,discovery,300.0,1.968172907829285,11.96607641875744,0.3415413489121875,0.3090758486410033,0.3550929544888453,6.55,1.985409311557523,0.4166666666666667,0.8,1.5411035240944526,True,0.0,15.214998237773884
classical_musicnet_2285__180s,classical_musicnet_2285,classical,discovery,180.0,1.8707417249679563,9.66845615208149,0.2832784444721989,0.388095506605136,0.3523943524883483,5.3,1.6406553770604624,0.45,0.4444444444444444,1.9967828239420424,True,0.0,4.54135711971259
classical_musicnet_2285__300s,classical_musicnet_2285,classical,discovery,300.0,2.650517463684082,12.621051698923113,0.3454011437888455,0.3156921652589723,0.3852159138231857,5.65,1.6654431949459263,0.4107142857142857,0.5217391304347826,2.2293310372788495,True,0.0,5.45382879308242
classical_musicnet_2288__180s,classical_musicnet_2288,classical,discovery,180.0,1.322768211364746,11.28722746670246,0.4720243595366427,0.3760995794091965,0.4120440031242542,6.35,1.8514794067052225,0.4027777777777778,0.6896551724137931,0.9199898693063358,True,0.0,11.210367906742071
classical_musicnet_2288__300s,classical_musicnet_2288,classical,discovery,300.0,1.2032986879348757,11.920136883854866,0.4896570569941331,0.3762481824873386,0.4416277137115609,6.1,1.8912014180847656,0.3555555555555555,0.625,1.141129579861914,True,0.0,11.13228426394576
classical_musicnet_2289__180s,classical_musicnet_2289,classical,discovery,180.0,0.998217523097992,11.619067445397375,0.2879859074177152,0.3259271706113993,0.3826104124944048,6.449999999999999,1.9802996085140516,0.4047619047619047,0.8235294117647058,1.6358523430494005,True,0.0,14.652970097488964
classical_musicnet_2289__300s,classical_musicnet_2289,classical,discovery,300.0,1.5691487789154053,14.426367208361626,0.3814874916053732,0.3462059702539265,0.3577733451246023,6.65,1.9496899034223387,0.3809523809523809,0.75,1.0688841209530797,True,0.0,14.759932211344744
classical_musicnet_2292__180s,classical_musicnet_2292,classical,discovery,180.0,1.8906370401382449,11.662851722911,0.3329843922623613,0.3074601657226273,0.3490826406779186,4.75,1.6114746361342545,0.2619047619047619,0.3636363636363636,1.5325805639445438,True,0.0,4.1688860658286915
classical_musicnet_2292__300s,classical_musicnet_2292,classical,discovery,300.0,1.8906370401382449,11.662851722911,0.3329843922623613,0.3074601657226273,0.3490826406779186,4.75,1.6114746361342545,0.2619047619047619,0.3636363636363636,1.5325805639445438,True,0.0,4.1688860658286915
classical_musicnet_2293__180s,classical_musicnet_2293,classical,discovery,180.0,1.153728723526001,10.290475353598596,0.2701222599049671,0.2886054095249919,0.3195261437892275,6.449999999999999,1.915541756035084,0.5178571428571429,0.8275862068965517,2.0322881267631785,True,0.0,13.058910983777302
classical_musicnet_2293__300s,classical_musicnet_2293,classical,discovery,300.0,2.2856433391571045,9.999558232724668,0.3357694377820926,0.3291603102774116,0.358536938351494,6.75,2.01356134691155,0.6071428571428571,0.8235294117647058,1.8110374869863415,True,0.0,16.87155862576318
classical_musicnet_2294__180s,classical_musicnet_2294,classical,discovery,180.0,1.0767897367477417,12.381793066859244,0.386195408397171,0.3576897596696717,0.3651789423664062,4.75,1.578146128481668,0.6666666666666666,0.8571428571428571,0.4933945638625309,True,0.0,2.49548659876631
classical_musicnet_2294__300s,classical_musicnet_2294,classical,discovery,300.0,2.16184401512146,11.754037097096443,0.3545834454646772,0.3579167548916781,0.3679270080606072,4.65,1.6032433515534448,0.4722222222222222,0.8235294117647058,1.4721431612215012,True,0.0,2.700159051886572
classical_musicnet_2295__180s,classical_musicnet_2295,classical,discovery,180.0,0.9618778824806212,10.86671556532383,0.3356503753395058,0.374108210368772,0.3401271415776118,6.299999999999999,1.918948168709507,0.5833333333333334,0.8095238095238095,1.0929890172940968,True,0.0,12.527559314867943
classical_musicnet_2295__300s,classical_musicnet_2295,classical,discovery,300.0,1.7355858087539673,12.06401452422142,0.3297492841122775,0.3557467922231823,0.364841778114009,5.65,1.9681102660983656,0.5972222222222222,0.8372093023255814,1.2557135500161831,True,0.0,11.545926435085459
classical_musicnet_2296__180s,classical_musicnet_2296,classical,discovery,180.0,0.9207272529602052,10.422576278448105,0.2969560927005691,0.3306116480767312,0.3499881653978048,5.949999999999999,1.562730178385866,0.4444444444444444,0.75,1.5447129046006853,True,0.0,5.002886265865845
classical_musicnet_2296__300s,classical_musicnet_2296,classical,discovery,300.0,1.0850306749343872,10.173434510827065,0.3991005732891099,0.366628377354739,0.3842922833028951,6.449999999999999,1.6863267513556348,0.6666666666666666,0.875,0.22766912268921125,True,0.0,8.56495043829515
classical_musicnet_2297__180s,classical_musicnet_2297,classical,discovery,180.0,1.0431267023086548,10.649732306599615,0.3562354730213097,0.3308355711844869,0.3781082606205187,4.75,1.787388478755776,0.4555555555555555,0.5853658536585366,0.8325008206264629,True,0.0,5.755132810808261
classical_musicnet_2297__300s,classical_musicnet_2297,classical,discovery,300.0,0.7577717900276184,10.218257460277528,0.3847892597711183,0.3262855527468631,0.3614079476684145,4.65,1.869083020545288,0.5888888888888889,0.6792452830188679,0.9174087183003625,True,0.0,7.32530368549906
classical_musicnet_2298__180s,classical_musicnet_2298,classical,discovery,180.0,2.267535448074341,11.965113759040833,0.3408419837726836,0.2992336248874153,0.3288790298203645,3.8,1.4409523563644897,0.5111111111111111,0.6956521739130435,1.921605683004577,True,0.0,0.7895773628811799
classical_musicnet_2298__300s,classical_musicnet_2298,classical,discovery,300.0,2.267535448074341,11.965113759040833,0.3408419837726836,0.2992336248874153,0.3288790298203645,3.8,1.4409523563644897,0.5111111111111111,0.6956521739130435,1.921605683004577,True,0.0,0.7895773628811799
classical_musicnet_2300__180s,classical_musicnet_2300,classical,discovery,180.0,1.9791680574417116,10.412039436399937,0.3679808833744432,0.2990253313393983,0.3759778683623491,6.65,1.757008996383679,0.5178571428571429,0.8275862068965517,1.63480229298954,True,0.0,10.638031279834781
classical_musicnet_2300__300s,classical_musicnet_2300,classical,discovery,300.0,1.112513303756714,9.63302450813353,0.369805338794555,0.3268763795482176,0.3704090705999685,6.749999999999999,1.7787986154915272,0.4464285714285714,0.8,0.8591365247276476,True,0.0,11.506717638048144
classical_musicnet_2302__180s,classical_musicnet_2302,classical,discovery,180.0,3.543745517730713,13.644326880574226,0.3628486717680261,0.3032229055999844,0.3341316208755029,5.4,1.6367551652563213,0.3214285714285714,0.7777777777777778,3.408229717706202,False,0.43041292399877507,4.393970097431325
classical_musicnet_2302__300s,classical_musicnet_2302,classical,discovery,300.0,3.543745517730713,13.644326880574226,0.3628486717680261,0.3032229055999844,0.3341316208755029,5.4,1.6367551652563213,0.3214285714285714,0.7777777777777778,3.408229717706202,False,0.43041292399877507,4.393970097431325
classical_musicnet_2303__180s,classical_musicnet_2303,classical,discovery,180.0,1.1902004480361938,10.8307181969285,0.3158258126370215,0.3529314247695202,0.3260304916038038,4.4,1.1950511675396294,0.3333333333333333,0.8,1.2065469092910737,True,0.0,0.0806560000000004
classical_musicnet_2303__300s,classical_musicnet_2303,classical,discovery,300.0,1.1902004480361938,10.8307181969285,0.3158258126370215,0.3529314247695202,0.3260304916038038,4.4,1.1950511675396294,0.3333333333333333,0.8,1.2065469092910737,True,0.0,0.0806560000000004
classical_musicnet_2304__180s,classical_musicnet_2304,classical,discovery,180.0,0.7656679153442383,10.724067211151125,0.3330379158609097,0.3604324886684122,0.3655128424292739,7.099999999999999,1.9294963434685903,0.5,0.6666666666666666,1.1778389681639112,True,0.0,16.50678942131646
classical_musicnet_2304__300s,classical_musicnet_2304,classical,discovery,300.0,1.1591765880584717,8.928798042237759,0.370205259287149,0.4088980719028069,0.3557792384882209,7.199999999999999,1.9344732688827784,0.4333333333333333,0.9230769230769232,1.0562713321655537,True,0.0,17.17326509023111
classical_musicnet_2305__180s,classical_musicnet_2305,classical,discovery,180.0,3.983641862869263,7.622934630140662,,,,3.1499999999999995,1.275369849507806,0.5,1.0,,,,0.2790834096118597
classical_musicnet_2305__300s,classical_musicnet_2305,classical,discovery,300.0,3.983641862869263,7.622934630140662,,,,3.1499999999999995,1.275369849507806,0.5,1.0,,,,0.2790834096118597
classical_musicnet_2307__180s,classical_musicnet_2307,classical,discovery,180.0,0.968762218952179,8.547402791678905,0.3241623944514403,0.3493938954832156,0.389854243920296,7.199999999999999,1.911354585701263,0.55,0.9090909090909092,1.2952215400599008,True,0.0,16.62388726267138
classical_musicnet_2307__300s,classical_musicnet_2307,classical,discovery,300.0,0.968762218952179,8.547402791678905,0.3241623944514403,0.3493938954832156,0.389854243920296,7.199999999999999,1.911354585701263,0.55,0.9090909090909092,1.2952215400599008,True,0.0,16.62388726267138
classical_musicnet_2308__180s,classical_musicnet_2308,classical,discovery,180.0,2.356977224349976,5.584333784878254,0.3548743533062284,0.271187012313873,0.3777488188870303,5.65,1.4971338733652562,0.4333333333333333,0.9230769230769232,2.8972137782704417,True,0.0,3.408605975801651
classical_musicnet_2308__300s,classical_musicnet_2308,classical,discovery,300.0,2.356977224349976,5.584333784878254,0.3548743533062284,0.271187012313873,0.3777488188870303,5.65,1.4971338733652562,0.4333333333333333,0.9230769230769232,2.8972137782704417,True,0.0,3.408605975801651
classical_musicnet_2310__180s,classical_musicnet_2310,classical,discovery,180.0,4.504936695098877,11.71135989576578,0.3642268842927014,0.1764133940700321,0.333880677833428,5.4,1.4025057844519844,0.5,0.0,5.6426454508856825,False,435.9525390903555,13.44232668836943
classical_musicnet_2310__300s,classical_musicnet_2310,classical,discovery,300.0,4.504936695098877,11.71135989576578,0.3642268842927014,0.1764133940700321,0.333880677833428,5.4,1.4025057844519844,0.5,0.0,5.6426454508856825,False,435.9525390903555,13.44232668836943
classical_musicnet_2313__180s,classical_musicnet_2313,classical,discovery,180.0,1.7967116832733154,9.672278746962547,0.3247530697644749,0.3222628203815142,0.3575958876304778,6.75,1.7474606821609977,0.5138888888888888,0.7567567567567568,1.4829094264921234,True,0.0,10.932689419666945
classical_musicnet_2313__300s,classical_musicnet_2313,classical,discovery,300.0,1.2983289957046509,11.576778270304205,0.3496221014171749,0.3838267391241777,0.3756430585671103,7.199999999999999,1.8022923779586812,0.7083333333333334,0.7843137254901961,0.9653413586965832,True,0.0,14.2778745921695
classical_musicnet_2314__180s,classical_musicnet_2314,classical,discovery,180.0,0.9919270277023317,11.674060329794884,0.332946409586683,0.3969073845132924,0.3710733621191993,4.949999999999999,1.862705780273488,0.625,0.8571428571428571,1.373681327683242,True,0.0,7.562547324470397
classical_musicnet_2314__300s,classical_musicnet_2314,classical,discovery,300.0,1.1230547428131104,11.050674721598623,0.3747270109274927,0.3864241631732183,0.3721768138475258,7.199999999999999,1.9982564867576715,0.5694444444444444,0.926829268292683,0.666231794681249,True,0.0,18.783993836878583
classical_musicnet_2315__180s,classical_musicnet_2315,classical,discovery,180.0,2.106686592102051,8.885552980005741,0.3018295136712894,0.3737679364096524,0.3694618948263142,5.85,1.4743657036287354,0.4861111111111111,0.8571428571428571,1.9220038127251713,True,0.0,3.79828265110115
classical_musicnet_2315__300s,classical_musicnet_2315,classical,discovery,300.0,1.0061419010162354,10.30609880387783,0.3629490186711922,0.4085122288640732,0.3797818024861298,6.749999999999999,1.5756368728728347,0.625,0.8444444444444444,1.1167363741025487,True,0.0,8.380224870969235
classical_musicnet_2325__180s,classical_musicnet_2325,classical,discovery,180.0,1.8942837715148928,11.219953924417496,0.3507125173684751,0.3578911851235333,0.3444205049745837,6.749999999999999,1.750250126809533,0.5444444444444444,0.7755102040816326,1.183595808145999,True,0.0,10.982427571928753
classical_musicnet_2325__300s,classical_musicnet_2325,classical,discovery,300.0,1.299474835395813,10.937686666846275,0.3796624819340857,0.3842468000369617,0.3618646631008199,7.199999999999999,1.8897932042345027,0.6111111111111112,0.7636363636363637,0.5800398708698249,True,0.0,16.12793358656328
classical_musicnet_2335__180s,classical_musicnet_2335,classical,discovery,180.0,0.8456160426139832,11.41374896466732,0.3434588337932076,0.2232970886638163,0.4004775464304568,4.65,1.5137532557170688,0.4861111111111111,0.8,2.4701843381508852,True,0.0,1.6850903574255183
classical_musicnet_2335__300s,classical_musicnet_2335,classical,discovery,300.0,0.6819815635681152,12.338746890425682,0.3556896144758208,0.2613470417433226,0.3595101167874307,5.7,1.6231581862308282,0.5416666666666666,0.8205128205128205,1.8903874124513187,True,0.0,4.986300728067853
classical_musicnet_2336__180s,classical_musicnet_2336,classical,discovery,180.0,1.008054494857788,12.215439200401306,0.2896368821069541,0.3569311828825157,0.3474636760736339,5.9,1.3742609815219198,0.625,0.7111111111111111,1.6607225985369556,True,0.0,3.279714336472977
classical_musicnet_2336__300s,classical_musicnet_2336,classical,discovery,300.0,1.4810340404510498,11.334043875336649,0.3089441488266745,0.3427010829475859,0.3620386745897627,6.1,1.3582064389687578,0.5666666666666667,0.8235294117647058,1.3282852172749366,True,0.0,3.8839121747632395
classical_musicnet_2341__180s,classical_musicnet_2341,classical,discovery,180.0,1.0464342832565308,11.90565425157547,0.3179405646967785,0.2957537030369441,0.3567859683555025,6.0,1.6925278856500576,0.4583333333333333,0.7272727272727273,1.4976184763858822,True,0.0,6.949021386780936
classical_musicnet_2341__300s,classical_musicnet_2341,classical,discovery,300.0,1.070834994316101,11.23477566242218,0.3490715693481827,0.3274009723090362,0.3761523086792359,5.699999999999999,1.7383262657469083,0.5416666666666666,0.6666666666666666,0.9075138497537258,True,0.0,6.772477878420773
classical_musicnet_2345__180s,classical_musicnet_2345,classical,discovery,180.0,0.8045703172683716,11.01854059100151,0.3390257750833954,0.3727288127391963,0.388818697420628,6.4,1.5045442038538703,0.3472222222222222,0.64,1.1386551570049894,True,0.0,6.065810234942806
classical_musicnet_2345__300s,classical_musicnet_2345,classical,discovery,300.0,0.9609965085983276,11.762460440397264,0.3356051751467627,0.34038339046006,0.3718365195825202,6.5,1.5640105611527635,0.3888888888888889,0.7142857142857143,1.0403267439751456,True,0.0,7.112437569998424
classical_musicnet_2350__180s,classical_musicnet_2350,classical,discovery,180.0,0.9047204852104188,9.123560652136804,0.3498240481133243,0.2986139258546378,0.3549607678504125,5.749999999999999,1.7297458693036725,0.7,0.9523809523809524,1.4431101701517932,True,0.0,6.803846251039518
classical_musicnet_2350__300s,classical_musicnet_2350,classical,discovery,300.0,4.220411777496338,7.546312479302287,0.3252462896997555,0.3429698227531965,0.3724102878346684,5.449999999999999,1.7152769540381956,0.6428571428571429,0.7407407407407407,4.3458916314586755,False,62.834204091847106,5.71788358230123
classical_musicnet_2359__180s,classical_musicnet_2359,classical,discovery,180.0,1.2086752653121948,10.945355623960497,0.3504802597536289,0.3864724307856543,0.3199862943527165,7.199999999999999,1.88455558013708,0.625,0.8888888888888888,0.944222258971035,True,0.0,16.00985008773231
classical_musicnet_2359__300s,classical_musicnet_2359,classical,discovery,300.0,1.0767735242843628,11.925916694104671,0.3624414672570509,0.3737192794646675,0.320644563716489,7.199999999999999,2.0335113551069486,0.5888888888888889,0.7924528301886793,0.7640266814896126,True,0.0,19.73291792399392
classical_musicnet_2364__180s,classical_musicnet_2364,classical,discovery,180.0,1.4263962507247925,11.90841232985258,0.3413728326576109,0.3737886075712218,0.3710898957779748,5.9,1.7599144028312017,0.5416666666666666,0.8717948717948718,1.0303936162462777,True,0.0,7.767008406278769
classical_musicnet_2364__300s,classical_musicnet_2364,classical,discovery,300.0,1.6674809455871582,11.913327932357788,0.3054779153834253,0.3516857039905806,0.3717305793907728,5.749999999999999,1.9388394081782536,0.6111111111111112,0.9090909090909092,1.469869920385809,True,0.0,11.10663988490259
classical_musicnet_2371__180s,classical_musicnet_2371,classical,discovery,180.0,1.1791744232177734,10.15366032719612,0.33704191679809,0.3564691627672221,0.3488243543403436,5.549999999999999,1.6008154138263144,0.8095238095238095,0.8823529411764706,0.9429175153364164,True,0.0,4.435029449336503
classical_musicnet_2371__300s,classical_musicnet_2371,classical,discovery,300.0,2.677368402481079,9.851497799158096,0.3121280759446765,0.3610479384538781,0.3862173055775763,5.199999999999999,1.5806269186199318,0.9047619047619048,0.8947368421052632,2.335740413833474,True,0.0,4.264684075514796
classical_musicnet_2372__180s,classical_musicnet_2372,classical,discovery,180.0,1.520496845245361,11.18395683169365,0.3478653871046087,0.4037028039433617,0.3294660442209284,7.199999999999999,1.8708731575285007,0.625,0.8444444444444444,1.256726913491921,True,0.0,15.705788204312402
classical_musicnet_2372__300s,classical_musicnet_2372,classical,discovery,300.0,2.349087953567505,11.189237877726557,0.3458767769742429,0.3639428310855623,0.3467499244443441,7.199999999999999,1.941212264658491,0.5138888888888888,0.7567567567567568,1.738078088529287,True,0.0,17.336835326979696
classical_musicnet_2374__180s,classical_musicnet_2374,classical,discovery,180.0,0.7454795837402344,11.555328384041786,0.3306908152154217,0.3482970476826125,0.3828876358617327,6.299999999999999,1.9412454339327556,0.5892857142857143,0.7272727272727273,1.2192999842140895,True,0.0,13.062876246209683
classical_musicnet_2374__300s,classical_musicnet_2374,classical,discovery,300.0,2.2562057971954346,11.2935855910182,0.3389440761141482,0.3384567941292842,0.3947796822374542,6.299999999999999,1.9587364662355853,0.5138888888888888,0.7567567567567568,1.6829398006411127,True,0.0,13.494664248280596
classical_musicnet_2381__180s,classical_musicnet_2381,classical,discovery,180.0,1.9655143022537231,10.733294263482094,0.376157523360459,0.3916171597169557,0.3893157951138615,5.75,1.4402273830239354,0.4444444444444444,0.75,1.2475258489199008,True,0.0,3.2241116066665105
classical_musicnet_2381__300s,classical_musicnet_2381,classical,discovery,300.0,1.9439114332199097,9.740552440285684,0.3744079839632119,0.4237930495359961,0.3662966401998245,6.75,1.7232700947153503,0.5277777777777778,0.7894736842105263,1.5638613887346902,True,0.0,10.512473351224282
classical_musicnet_2382__180s,classical_musicnet_2382,classical,discovery,180.0,1.972533941268921,10.994646042585371,0.4003303484997823,0.3134348654441712,0.337339992319526,5.549999999999999,1.2414191154597212,0.5138888888888888,0.7027027027027027,1.4509624603309244,True,0.0,1.8884225752664594
classical_musicnet_2382__300s,classical_musicnet_2382,classical,discovery,300.0,1.972533941268921,10.994646042585371,0.4003303484997823,0.3134348654441712,0.337339992319526,5.549999999999999,1.2414191154597212,0.5138888888888888,0.7027027027027027,1.4509624603309244,True,0.0,1.8884225752664594
classical_musicnet_2383__180s,classical_musicnet_2383,classical,discovery,180.0,0.8875125646591187,10.61950784921646,0.3626960549361991,0.4013554486345654,0.3277104946853206,4.949999999999999,1.7363996801914252,0.625,0.8,1.0829599940762398,True,0.0,5.0921532136439085
classical_musicnet_2383__300s,classical_musicnet_2383,classical,discovery,300.0,0.8731459379196167,10.7494508177042,0.3677094568005164,0.3840710225090791,0.3564624000446056,5.749999999999999,1.8966656298345452,0.75,0.8095238095238095,0.8351230070878974,True,0.0,10.111867942563313
classical_musicnet_2389__180s,classical_musicnet_2389,classical,discovery,180.0,1.108372926712036,12.013170685619116,0.324071508475404,0.3486434295886543,0.360999449273864,4.85,1.5020500534965495,0.5138888888888888,0.7027027027027027,1.1422519161569278,True,0.0,1.8055317490606417
classical_musicnet_2389__300s,classical_musicnet_2389,classical,discovery,300.0,0.8561277985572815,11.777215257287024,0.3493679357743777,0.3559193360923246,0.3642028191192,6.299999999999999,1.6282337826729365,0.5833333333333334,0.7619047619047619,0.9400845129003467,True,0.0,7.098782368253939
classical_musicnet_2390__180s,classical_musicnet_2390,classical,discovery,180.0,0.818025529384613,12.248082488775252,0.2847411537199047,0.3269088999227236,0.3306828315347135,6.549999999999999,1.7268126458383095,0.5714285714285714,0.6875,1.7679175064200028,True,0.0,9.658663325914738
classical_musicnet_2390__300s,classical_musicnet_2390,classical,discovery,300.0,2.14691424369812,13.428947806358336,0.3452464227434043,0.3195166829289904,0.3622666775676109,6.65,1.8815330376377724,0.5277777777777778,0.7368421052631579,1.6814556774390885,True,0.0,13.157259169990105
classical_musicnet_2393__180s,classical_musicnet_2393,classical,discovery,180.0,1.0289077758789062,11.834602430462835,0.3156864334036902,0.3586399364880986,0.3633223319230699,6.199999999999999,1.7175381208843168,0.5535714285714286,0.8387096774193549,1.290219878251679,True,0.0,8.074561386606202
classical_musicnet_2393__300s,classical_musicnet_2393,classical,discovery,300.0,1.000247359275818,10.873228028416634,0.3477963537849213,0.3584778228194533,0.3532650496859764,6.449999999999999,1.8769458510029515,0.6964285714285714,0.7692307692307693,0.8384169666978445,True,0.0,12.176826327265806
classical_musicnet_2398__180s,classical_musicnet_2398,classical,discovery,180.0,0.906131625175476,12.58282619714737,0.330554809768621,0.3458862154552698,0.3814268713785768,6.999999999999999,1.78692639596632,0.3333333333333333,0.6,1.1845605115547344,True,0.0,12.904510250439483
classical_musicnet_2398__300s,classical_musicnet_2398,classical,discovery,300.0,0.683991551399231,9.566680669784546,0.4357392716886258,0.4235207098132258,0.355395996580013,6.899999999999999,1.8489490186259616,0.6607142857142857,0.918918918918919,1.1749897289332383,True,0.0,13.64564108776744
classical_musicnet_2404__180s,classical_musicnet_2404,classical,discovery,180.0,1.2088395357131958,11.15787748992443,0.319629720956194,0.3343658698962489,0.3701106118326587,6.199999999999999,1.5786375370038004,0.4722222222222222,0.8235294117647058,1.1726755325244762,True,0.0,6.074902633951749
classical_musicnet_2404__300s,classical_musicnet_2404,classical,discovery,300.0,1.1209933757781982,11.837037324905396,0.332119353180579,0.3767866754098208,0.3518248731127578,6.75,1.731880890823601,0.6111111111111112,0.7727272727272727,1.1546751907399384,True,0.0,10.659765752615701
classical_musicnet_2406__180s,classical_musicnet_2406,classical,discovery,180.0,1.778170824050903,9.716046653687954,0.3090689937062601,0.3915023665107141,0.3580132477668326,6.1,1.52134983369168,0.8809523809523809,0.918918918918919,1.6743136996918164,True,0.0,5.814271230555196
classical_musicnet_2406__300s,classical_musicnet_2406,classical,discovery,300.0,1.6708667278289795,8.678652603179216,0.3697492298753672,0.3850197673210394,0.380002038510006,7.099999999999999,1.690768966116437,0.75,0.8571428571428571,1.0526607073789622,True,0.0,11.75148615679543
classical_musicnet_2411__180s,classical_musicnet_2411,classical,discovery,180.0,1.8887511491775515,11.175294131040571,0.3405538012153324,0.3420435034483299,0.3286150657253553,5.3,1.5225979672359211,0.4107142857142857,0.6956521739130435,1.2710578429302177,True,0.0,2.7926607837937483
classical_musicnet_2411__300s,classical_musicnet_2411,classical,discovery,300.0,1.8887511491775515,11.175294131040571,0.3405538012153324,0.3420435034483299,0.3286150657253553,5.3,1.5225979672359211,0.4107142857142857,0.6956521739130435,1.2710578429302177,True,0.0,2.7926607837937483
classical_musicnet_2423__180s,classical_musicnet_2423,classical,discovery,180.0,0.9224987030029296,10.816906213760376,0.3385116650835251,0.4082661683024708,0.3708290575671552,5.85,1.80381802537192,0.5694444444444444,0.7804878048780488,1.4269375404315288,True,0.0,8.440172531498177
classical_musicnet_2423__300s,classical_musicnet_2423,classical,discovery,300.0,0.9770424365997314,10.102543286979198,0.3413430151306083,0.3455101931505974,0.3537096061349807,6.199999999999999,1.8838873965869,0.625,0.7555555555555555,0.9575639953225772,True,0.0,11.334728533514305
classical_musicnet_2432__180s,classical_musicnet_2432,classical,discovery,180.0,1.053676724433899,9.93696279078722,0.4312212976938236,0.3307918037559657,0.4020255911309997,5.299999999999999,1.6146369905221474,0.3444444444444444,0.5806451612903226,0.8614944532515044,True,0.0,3.868385453543076
classical_musicnet_2432__300s,classical_musicnet_2432,classical,discovery,300.0,2.1550681591033936,10.988720253109932,0.3740647696160355,0.3715456744060614,0.4153882254965008,4.949999999999999,1.5888620471443389,0.5138888888888888,0.6486486486486487,1.3894518244035419,True,0.0,2.8950215233857275
classical_musicnet_2433__180s,classical_musicnet_2433,classical,discovery,180.0,1.083057165145874,13.887171380221844,0.3852745983447798,0.2812401496892723,0.3601508145956529,5.1,1.1727681589447083,0.5333333333333333,0.625,1.4993365865410673,True,0.0,0.896177777777778
classical_musicnet_2433__300s,classical_musicnet_2433,classical,discovery,300.0,1.198225021362305,9.950095035135746,0.3819556904782888,0.3305947107516962,0.3860531818330731,5.55,1.2069281689797156,0.7333333333333333,0.9090909090909092,0.7141995307671763,True,0.0,1.8842137777777785
classical_musicnet_2442__180s,classical_musicnet_2442,classical,discovery,180.0,2.5067408084869385,10.023810967803,0.3296387881891349,0.3716790965929327,0.3339900884240499,6.199999999999999,1.691864625262794,0.5138888888888888,0.7567567567567568,2.046021062489033,True,0.0,7.655417967156453
classical_musicnet_2442__300s,classical_musicnet_2442,classical,discovery,300.0,2.5067408084869385,10.023810967803,0.3296387881891349,0.3716790965929327,0.3339900884240499,6.199999999999999,1.691864625262794,0.5138888888888888,0.7567567567567568,2.046021062489033,True,0.0,7.655417967156453
classical_musicnet_2444__180s,classical_musicnet_2444,classical,discovery,180.0,0.8408589959144592,10.478744223713877,0.3500280340856118,0.3266956923329139,0.3343412631446955,6.9,1.8000600020415352,0.4107142857142857,0.782608695652174,1.0336251070257194,True,0.0,12.647853835853697
classical_musicnet_2444__300s,classical_musicnet_2444,classical,discovery,300.0,1.2913694381713867,11.17659193277359,0.3737055981775195,0.4139381362367465,0.3513201642826024,7.199999999999999,2.1168709057836312,0.6607142857142857,0.8648648648648649,1.0992286825842332,True,0.0,22.146469721215617
classical_musicnet_2462__180s,classical_musicnet_2462,classical,discovery,180.0,0.8976198434829712,12.054934859275818,0.3416182350152782,0.3049620168301316,0.3490869347260729,5.749999999999999,1.9527662939181751,0.8095238095238095,0.8823529411764706,1.2681900728240842,True,0.0,11.60134681102817
classical_musicnet_2462__300s,classical_musicnet_2462,classical,discovery,300.0,0.8120600581169128,11.839440241456032,0.3657745200480732,0.3618650209513618,0.3719912223740345,6.199999999999999,2.0172592890814616,0.6428571428571429,0.9444444444444444,0.8166793442877105,True,0.0,14.64811850036181
classical_musicnet_2463__180s,classical_musicnet_2463,classical,discovery,180.0,1.347099542617798,12.46587397158146,0.3694835378179278,0.2949173736525825,0.3457302972147606,6.75,1.7823439342029304,0.6666666666666666,0.8333333333333334,1.2348286921001408,True,0.0,11.573766110973283
classical_musicnet_2463__300s,classical_musicnet_2463,classical,discovery,300.0,1.1582952737808228,12.16059410572052,0.3189120711328073,0.3656712091693336,0.3856092963405829,7.199999999999999,1.9363375747017684,0.6527777777777778,0.851063829787234,1.2704775033984663,True,0.0,17.218361015354187
classical_musicnet_2466__180s,classical_musicnet_2466,classical,discovery,180.0,1.9905444383621216,12.161246463656424,0.3879762624011312,0.3714490382684035,0.3713617448696972,5.85,1.7912668487513073,0.6428571428571429,0.8888888888888888,1.1801976857911698,True,0.0,8.195546720855106
classical_musicnet_2466__300s,classical_musicnet_2466,classical,discovery,300.0,0.9902886748313904,12.726951986551285,0.3797483187032265,0.3587186094010359,0.3450261478206763,7.199999999999999,1.8771012816087496,0.5357142857142857,0.8,0.6599198860427421,True,0.0,15.843403439204982
classical_musicnet_2472__180s,classical_musicnet_2472,classical,discovery,180.0,0.706584632396698,11.10397194325924,0.4290468770739326,0.3545582200731422,0.3848152314504405,6.1,1.6459081050926274,0.5178571428571429,0.8275862068965517,0.7059788530034937,True,0.0,6.593801822017066
classical_musicnet_2472__300s,classical_musicnet_2472,classical,discovery,300.0,2.185159921646118,11.950734242796898,0.3161708579799804,0.3648705278019917,0.3772624197548206,6.549999999999999,1.672254606980485,0.5416666666666666,0.7692307692307693,1.7855258454694531,True,0.0,8.77756276114182
classical_musicnet_2476__180s,classical_musicnet_2476,classical,discovery,180.0,1.3663816452026367,10.040773302316666,0.3880604113806368,0.4012764526690958,0.3547307233748638,6.1,1.5785300893550462,0.625,0.8571428571428571,0.7720130111065736,True,0.0,5.706177430326424
classical_musicnet_2476__300s,classical_musicnet_2476,classical,discovery,300.0,1.222020983695984,9.77287581562996,0.3912109342133528,0.3694765107566981,0.3753839332876078,5.85,1.8770430799867348,0.75,0.8571428571428571,0.3580691923632414,True,0.0,9.974387309512663
classical_musicnet_2477__180s,classical_musicnet_2477,classical,discovery,180.0,0.9197269678115844,11.016493611037731,0.3746335487999297,0.3547821856787932,0.3648183340361392,6.25,1.6707075473025843,0.6071428571428571,0.7647058823529411,0.5678023014943473,True,0.0,7.517331936927721
classical_musicnet_2477__300s,classical_musicnet_2477,classical,discovery,300.0,1.0746259689331057,9.209418796934187,0.3131101051748175,0.3689343146757562,0.356200969274724,6.9,1.7203642955162586,0.5714285714285714,0.8125,1.3655042398526835,True,0.0,11.195963692673672
classical_musicnet_2478__180s,classical_musicnet_2478,classical,discovery,180.0,2.132718324661255,11.118089333176613,0.2984426310659445,0.3026984549968982,0.3732111174534873,7.199999999999999,1.8958032874736128,0.4027777777777778,0.7586206896551724,2.003265695517932,True,0.0,16.26458438006215
classical_musicnet_2478__300s,classical_musicnet_2478,classical,discovery,300.0,1.200110912322998,12.74152147397399,0.3394763376526011,0.3372456916820463,0.355261345772009,6.9,1.933920109909584,0.5555555555555556,0.8,1.0115970936662573,True,0.0,15.57367278138336
classical_musicnet_2481__180s,classical_musicnet_2481,classical,discovery,180.0,0.7509616017341614,10.54346452653408,0.3766698025550079,0.3820571376013957,0.3768193786145316,5.55,1.7730010373511749,0.5972222222222222,0.8372093023255814,0.828954148690502,True,0.0,6.988803232647097
classical_musicnet_2481__300s,classical_musicnet_2481,classical,discovery,300.0,1.0416290760040283,11.253472089767456,0.3231051827538398,0.3649974632066091,0.3779957538287902,5.85,1.8256535167519237,0.6388888888888888,0.9130434782608696,1.186230262763814,True,0.0,8.878547935862526
classical_musicnet_2482__180s,classical_musicnet_2482,classical,discovery,180.0,0.9705419540405272,11.370113790035248,0.4268527247733404,0.3933022402331618,0.4194247368872172,5.85,1.5773209238359696,0.5,0.7777777777777778,0.5988537826157151,True,0.0,4.851494789367356
classical_musicnet_2482__300s,classical_musicnet_2482,classical,discovery,300.0,1.0750027894973757,9.801999904215336,0.4888305322743402,0.4228403342239538,0.4417328347579124,6.449999999999999,1.6474310593726773,0.5333333333333333,0.7916666666666666,1.2932400557169623,True,0.0,7.980083824446806
classical_musicnet_2483__180s,classical_musicnet_2483,classical,discovery,180.0,2.491025447845459,12.045065119862556,0.3556232181556458,0.2808489810966504,0.3518925796045273,6.0,1.8319758655238023,0.4,0.6666666666666666,2.3042554032872395,True,0.0,9.499168339887245
classical_musicnet_2483__300s,classical_musicnet_2483,classical,discovery,300.0,1.3107852935791016,12.979858696460724,0.3598913231193979,0.3045741638940512,0.3572989468641129,6.2,1.981523179210797,0.5333333333333333,0.625,1.1477660145739126,True,0.0,13.68746718574982
classical_musicnet_2486__180s,classical_musicnet_2486,classical,discovery,180.0,0.9995272159576416,11.35681391134858,0.3783702777564016,0.3501536415574848,0.3478978082559969,7.199999999999999,1.654155142265045,0.5555555555555556,0.85,0.4915222334578734,True,0.0,11.740632607936234
classical_musicnet_2486__300s,classical_musicnet_2486,classical,discovery,300.0,2.042170286178589,11.963390491902828,0.3450198381758071,0.3485673307794465,0.3808517034792442,7.199999999999999,1.7828259729598952,0.5555555555555556,0.9,1.3989295647668738,True,0.0,13.901775430993942
classical_musicnet_2491__180s,classical_musicnet_2491,classical,discovery,180.0,0.899328887462616,9.769751384854317,0.3833365874673587,0.252104211235962,0.3671951922676922,4.65,1.4664024961483322,0.5535714285714286,0.9032258064516128,2.069283782205998,True,0.0,1.258422313300237
classical_musicnet_2491__300s,classical_musicnet_2491,classical,discovery,300.0,1.000603199005127,10.493895575404167,0.4291465856616566,0.376642603637598,0.4132574657754193,5.799999999999999,1.6077526056953897,0.5892857142857143,0.9090909090909092,0.3726552062003117,True,0.0,5.077390079612735
classical_musicnet_2492__180s,classical_musicnet_2492,classical,discovery,180.0,1.1630467176437378,11.53046716749668,0.3949620364871404,0.3866140192953626,0.3440385618516526,5.85,1.6894203552343714,0.7321428571428571,0.8292682926829268,0.5125226823130244,True,0.0,6.409084692084425
classical_musicnet_2492__300s,classical_musicnet_2492,classical,discovery,300.0,0.9356309175491332,10.784657150506971,0.391869672516289,0.3654618690136402,0.3456526442311383,6.749999999999999,1.8672517864052027,0.625,0.8888888888888888,0.38600155492015664,True,0.0,13.30751905592757
classical_musicnet_2494__180s,classical_musicnet_2494,classical,discovery,180.0,1.953941822052002,11.252441063523293,0.2556444693175425,0.3278045867273457,0.3770823369742566,6.1,1.573813250598662,0.4777777777777778,0.7906976744186046,2.181299253924023,True,0.0,5.649833964465384
classical_musicnet_2494__300s,classical_musicnet_2494,classical,discovery,300.0,1.4892044067382812,10.845989868044851,0.3684412899100664,0.3990415842837143,0.385743477676149,6.299999999999999,1.633039886399867,0.6111111111111112,0.7636363636363637,0.9653040205232585,True,0.0,7.165113998982282
classical_musicnet_2497__180s,classical_musicnet_2497,classical,discovery,180.0,2.178516387939453,10.991596892476082,0.3714830212341065,0.3694397840368466,0.3835268018528842,6.199999999999999,1.688889732947359,0.5833333333333334,0.7619047619047619,1.4236782095675025,True,0.0,7.608302513674284
classical_musicnet_2497__300s,classical_musicnet_2497,classical,discovery,300.0,1.245324969291687,10.71638236567378,0.3387141827750557,0.396037612474021,0.3811154104286327,6.75,1.68836156563453,0.5444444444444444,0.8163265306122449,1.1921544724539228,True,0.0,9.94123353309628
classical_musicnet_2505__180s,classical_musicnet_2505,classical,discovery,180.0,1.084080696105957,9.191651582717896,0.3670289226417546,0.291696359989083,0.370542926398693,5.75,1.402409173576482,0.4761904761904761,0.8,1.4435575016606026,True,0.0,2.971969003661531
classical_musicnet_2505__300s,classical_musicnet_2505,classical,discovery,300.0,1.0431839227676392,8.346789747476578,0.3689043229677485,0.3448862518899126,0.3720551149716771,6.3,1.4927259681157838,0.6428571428571429,0.8888888888888888,0.9106458356050494,True,0.0,5.552591617095203
classical_musicnet_2507__180s,classical_musicnet_2507,classical,discovery,180.0,0.945923924446106,12.249817624688148,0.2934264189490907,0.3405605163915788,0.3868336922784321,5.4,1.5972707618527924,0.7083333333333334,0.7843137254901961,1.5971530266966052,True,0.0,3.86735910119887
classical_musicnet_2507__300s,classical_musicnet_2507,classical,discovery,300.0,1.1893364191055298,12.26306526362896,0.3469837761589576,0.384354989602284,0.3885321598308581,5.4,1.6590382932650718,0.5111111111111111,0.6956521739130435,1.069401230748181,True,0.0,4.714620241523448
classical_musicnet_2509__180s,classical_musicnet_2509,classical,discovery,180.0,2.1106438636779785,11.495632901787758,0.3207970251607014,0.3136950226420025,0.321185730793218,7.199999999999999,1.8666771285349053,0.5694444444444444,0.8292682926829268,1.752951300008112,True,0.0,15.613819094667242
classical_musicnet_2509__300s,classical_musicnet_2509,classical,discovery,300.0,2.40590763092041,10.432902544736862,0.2934440692018984,0.3491496522319353,0.3517061575317138,7.199999999999999,1.93694882968236,0.6527777777777778,0.851063829787234,2.157218497050354,True,0.0,17.23317252560531
classical_musicnet_2514__180s,classical_musicnet_2514,classical,discovery,180.0,1.2543573379516602,11.814690716564655,0.3271543931084555,0.3514298484652899,0.32877510469735,5.85,1.7441037726624466,0.4861111111111111,0.6857142857142857,1.0765124831893196,True,0.0,7.32432050861229
classical_musicnet_2514__300s,classical_musicnet_2514,classical,discovery,300.0,1.7290799617767334,9.8634432554245,0.3681905090725417,0.3296095849261375,0.3804328649512153,7.1,1.9263216167601371,0.5333333333333333,0.6666666666666666,1.1023401319701147,True,0.0,16.43080672126717
classical_musicnet_2516__180s,classical_musicnet_2516,classical,discovery,180.0,0.8810735940933228,12.004402413964272,0.348877225422169,0.4008772520979602,0.3497736353433388,6.3,1.8529120334342304,0.6527777777777778,0.8085106382978723,1.3188195905090612,True,0.0,11.041559294416253
classical_musicnet_2516__300s,classical_musicnet_2516,classical,discovery,300.0,0.7489020228385925,11.785501420497894,0.373521695894263,0.4130488346163067,0.3950857358741761,7.099999999999999,1.958179909709763,0.5888888888888889,0.7924528301886793,1.3125202060669308,True,0.0,17.208863891668276
classical_musicnet_2521__180s,classical_musicnet_2521,classical,discovery,180.0,1.0569636821746826,12.933076649904253,0.2803667064576409,0.3452477469646089,0.3503364147541326,6.649999999999999,1.8284730324884264,0.4333333333333333,0.8205128205128205,1.7833556405451068,True,0.0,12.019189535199342
classical_musicnet_2521__300s,classical_musicnet_2521,classical,discovery,300.0,1.257380485534668,12.524330615997314,0.3056421589139576,0.3556556861250728,0.3612482760663428,7.0,1.9224171363153888,0.5666666666666667,0.7843137254901961,1.4194991076174674,True,0.0,15.809084529150388
classical_musicnet_2527__180s,classical_musicnet_2527,classical,discovery,180.0,1.5137730836868286,10.232854038476944,0.3401514876276077,0.3171896574525615,0.3679164307151129,6.75,1.8102945030813893,0.625,0.7428571428571429,1.1913286615016918,True,0.0,12.117364918191669
classical_musicnet_2527__300s,classical_musicnet_2527,classical,discovery,300.0,0.9390308260917664,11.215516209602356,0.3401949202799009,0.3571477870682547,0.3437802110509156,6.199999999999999,1.930554821709205,0.9047619047619048,0.9473684210526316,0.9734996934935124,True,0.0,13.475934137745448
classical_musicnet_2528__180s,classical_musicnet_2528,classical,discovery,180.0,0.7823121547698975,11.304298505187036,0.3755430537503261,0.3368786258900159,0.3463902740871259,6.749999999999999,1.6540915848287023,0.5138888888888888,0.7567567567567568,0.7873542600006711,True,0.0,9.420844539516182
classical_musicnet_2528__300s,classical_musicnet_2528,classical,discovery,300.0,1.1574947834014893,10.99233566224575,0.349904453458149,0.3054306719637949,0.3741789150772636,6.999999999999999,1.8402777462168396,0.5972222222222222,0.6976744186046512,1.1431935709029115,True,0.0,13.97354529033078
classical_musicnet_2529__180s,classical_musicnet_2529,classical,discovery,180.0,0.7030006647109985,9.62456714361906,0.3610091585632828,0.3351384544983566,0.3422253716296913,6.1,1.6659230336966613,0.7321428571428571,0.8292682926829268,1.0453632916759281,True,0.0,6.887283276045873
classical_musicnet_2529__300s,classical_musicnet_2529,classical,discovery,300.0,2.602588891983032,8.514090336859226,0.356186227656161,0.3711021630076943,0.355040971643395,6.75,1.7680249580953065,0.6111111111111112,0.8636363636363636,2.124195621145331,True,0.0,11.305597029558312
classical_musicnet_2530__180s,classical_musicnet_2530,classical,discovery,180.0,3.304633855819702,10.836123645305634,0.2803923517186615,0.3387720297523363,0.3506942557419996,6.199999999999999,1.7339978973909325,0.7678571428571429,0.8837209302325582,3.219764008529175,True,0.0,8.368861211826802
classical_musicnet_2530__300s,classical_musicnet_2530,classical,discovery,300.0,1.885563611984253,9.957481794059277,0.3194641979615635,0.3584312495634709,0.3705167106724865,6.9,1.8281876040034477,0.8035714285714286,0.8888888888888888,1.4744064487189172,True,0.0,13.335807508139169
classical_musicnet_2532__180s,classical_musicnet_2532,classical,discovery,180.0,2.109282732009888,11.942101955413818,0.3426771910075259,0.343307087270171,0.3586854769084991,5.999999999999999,1.7932197539206798,0.5333333333333333,0.875,1.4927555841826479,True,0.0,8.723913981191739
classical_musicnet_2532__300s,classical_musicnet_2532,classical,discovery,300.0,1.4422868490219116,12.647126391530035,0.3492620369768665,0.3677660628074717,0.3665013246355788,6.65,1.897109950051085,0.5555555555555556,0.8,0.9804363116847887,True,0.0,13.50958434868018
classical_musicnet_2533__180s,classical_musicnet_2533,classical,discovery,180.0,1.0315744876861572,9.281335946172476,0.4027767544860889,0.3298143826688878,0.3383850481855304,5.85,1.5576417102027866,0.5178571428571429,0.896551724137931,0.830609629593785,True,0.0,4.622252071818884
classical_musicnet_2533__300s,classical_musicnet_2533,classical,discovery,300.0,1.644010066986084,9.67055957391858,0.4629944399595341,0.4023654118503407,0.3361621204361706,7.099999999999999,1.6801896148411184,0.6071428571428571,0.8235294117647058,1.1452834772325433,True,0.0,11.58569964783453
classical_musicnet_2538__180s,classical_musicnet_2538,classical,discovery,180.0,1.2977008819580078,9.330964908003809,0.3651679913433737,0.3550533888234127,0.397155240031547,5.449999999999999,1.7053816168696636,0.6666666666666666,0.7857142857142857,0.7043120833556699,True,0.0,5.554434991519382
classical_musicnet_2538__300s,classical_musicnet_2538,classical,discovery,300.0,2.1933367252349854,9.338267717510462,0.3016821007872807,0.3762945245838913,0.3535544022749454,5.9,1.7028560246726818,0.6190476190476191,0.7692307692307693,1.9806484811717924,True,0.0,6.783584523670624
classical_musicnet_2555__180s,classical_musicnet_2555,classical,discovery,180.0,1.254197120666504,9.58034871518612,0.3766159194747667,0.3642002115260763,0.3515403929628068,6.749999999999999,1.9275635677366327,0.6785714285714286,0.8421052631578947,0.5261936350230955,True,0.0,14.688298640175438
classical_musicnet_2555__300s,classical_musicnet_2555,classical,discovery,300.0,1.0005830526351929,9.20668825507164,0.3659226679857374,0.3727553539389573,0.3587111374171924,6.75,1.887031451102381,0.7142857142857143,0.95,0.756530070334371,True,0.0,13.775730840999493
classical_musicnet_2557__180s,classical_musicnet_2557,classical,discovery,180.0,1.040447235107422,10.36445777863264,0.4152542382418709,0.3263473242770136,0.362630769126866,5.9,1.8573871974738412,0.5694444444444444,0.8292682926829268,0.7866836343755637,True,0.0,9.703683785425682
classical_musicnet_2557__300s,classical_musicnet_2557,classical,discovery,300.0,1.2297046184539795,11.165353775024414,0.4225899967504243,0.3833162318554802,0.4059570576095224,6.549999999999999,1.8519971349670843,0.5833333333333334,0.8571428571428571,0.3695676035310938,True,0.0,12.063822020656218
classical_musicnet_2582__180s,classical_musicnet_2582,classical,discovery,180.0,0.7918936610221863,11.31994353234768,0.3493778806983474,0.3427744555259638,0.3513766998787724,6.75,1.7257402131991488,0.5714285714285714,0.9166666666666666,0.9726548694589958,True,0.0,10.554467593079389
classical_musicnet_2582__300s,classical_musicnet_2582,classical,discovery,300.0,1.229086995124817,12.195095911622047,0.3508613493707825,0.3354806737948428,0.3699741823948194,6.199999999999999,1.7927336831568086,0.6428571428571429,0.8888888888888888,0.8456153301487089,True,0.0,9.4314581936535
classical_musicnet_2586__180s,classical_musicnet_2586,classical,discovery,180.0,1.027854084968567,11.36721920967102,0.291416666255636,0.3028565081972034,0.3405008155018793,5.4,1.6066253577149172,0.6527777777777778,0.7659574468085106,1.6951360447620638,True,0.0,3.987319868631107
classical_musicnet_2586__300s,classical_musicnet_2586,classical,discovery,300.0,1.888478755950928,8.893070738762617,0.3565974694285028,0.3575460265152109,0.3862442312451488,6.65,1.6830287305243103,0.6944444444444444,0.8,1.2669379844279742,True,0.0,9.391612257637235
classical_musicnet_2590__180s,classical_musicnet_2590,classical,discovery,180.0,1.35546875,10.281720854341984,0.4388001328908263,0.3758510735116492,0.4294126965556269,6.549999999999999,1.0661255452185496,0.5952380952380952,0.88,0.5436306976777528,True,0.0,5.379307111111109
classical_musicnet_2590__300s,classical_musicnet_2590,classical,discovery,300.0,1.2979276180267334,10.431971423327925,0.4155869209269174,0.3449823075275319,0.3848053191806504,6.449999999999999,1.2671409937045242,0.5476190476190477,0.8695652173913043,0.5036184524248093,True,0.0,4.978403109110143
classical_musicnet_2603__180s,classical_musicnet_2603,classical,discovery,180.0,0.7397907376289368,12.433618567883968,0.3355363376257187,0.3472107655020315,0.3584870166747015,6.299999999999999,1.7206754596524094,0.6190476190476191,0.7692307692307693,1.2243404760819565,True,0.0,8.512678164154963
classical_musicnet_2603__300s,classical_musicnet_2603,classical,discovery,300.0,1.2131904363632202,14.755685210227966,0.4188574263266941,0.4329321140168778,0.3793190772654283,6.449999999999999,1.745665327402526,0.6428571428571429,0.8148148148148148,1.704767811037568,True,0.0,9.556550338974354
classical_musicnet_2608__180s,classical_musicnet_2608,classical,discovery,180.0,1.1625241041183472,11.472838371992111,0.310578382631663,0.364480628039503,0.3601352403078961,6.899999999999999,1.694442943400824,0.3809523809523809,0.625,1.3340384182545992,True,0.0,10.770386378288777
classical_musicnet_2608__300s,classical_musicnet_2608,classical,discovery,300.0,0.9253175258636476,10.8698423281312,0.369257401018653,0.4062095695212107,0.3698237169832808,7.199999999999999,1.8295662167157545,0.375,0.7619047619047619,1.0748783321114002,True,0.0,14.826541260666847
classical_musicnet_2619__180s,classical_musicnet_2619,classical,discovery,180.0,1.1742180585861206,8.415201667696238,0.3874031445823893,0.355433914367452,0.35090137987097,4.949999999999999,1.577531908548779,0.5714285714285714,0.875,0.7162187765778957,True,0.0,2.75696806175619
classical_musicnet_2619__300s,classical_musicnet_2619,classical,discovery,300.0,1.402867555618286,11.626476965844631,0.3543824153882802,0.3936117230768645,0.3670761975836999,6.45,1.7914369004235116,0.2638888888888889,0.7368421052631579,1.0480938350654005,True,0.0,10.49580727766136
classical_musicnet_2622__180s,classical_musicnet_2622,classical,discovery,180.0,1.849689245223999,10.218684673309326,0.3332257510984283,0.3720059964366531,0.3642730037504276,7.199999999999999,1.600550637264822,0.4666666666666667,0.7142857142857143,1.3368556751631728,True,0.0,11.006807776896482
classical_musicnet_2622__300s,classical_musicnet_2622,classical,discovery,300.0,1.656220555305481,10.046723820269108,0.354764636754619,0.3765637337138714,0.3754158307928604,7.199999999999999,1.754088082925458,0.7678571428571429,0.8372093023255814,0.9968137685955922,True,0.0,13.383915347149921
classical_musicnet_2628__180s,classical_musicnet_2628,classical,discovery,180.0,2.139197826385498,9.92121022939682,0.2895415767255194,0.3374843867489989,0.3404926271807881,4.499999999999999,1.6901611414354192,0.6666666666666666,0.9,1.9753360827278503,True,0.0,3.8196462355093055
classical_musicnet_2628__300s,classical_musicnet_2628,classical,discovery,300.0,2.139197826385498,9.92121022939682,0.2895415767255194,0.3374843867489989,0.3404926271807881,4.499999999999999,1.6901611414354192,0.6666666666666666,0.9,1.9753360827278503,True,0.0,3.8196462355093055
classical_musicnet_2629__180s,classical_musicnet_2629,classical,discovery,180.0,0.8487274050712585,11.129368083551526,0.3672035768733508,0.34337131682835,0.3524037502696853,6.549999999999999,1.7003822048217818,0.5138888888888888,0.8108108108108109,0.7445193459951932,True,0.0,9.21914813652117
classical_musicnet_2629__300s,classical_musicnet_2629,classical,discovery,300.0,0.8271047472953796,10.758360490202904,0.3042870339745779,0.3885681906405995,0.36542404764566,7.099999999999999,1.8872473352832364,0.6527777777777778,0.8085106382978723,1.6786625042207692,True,0.0,15.52375112772501
classical_musicnet_2633__180s,classical_musicnet_2633,classical,discovery,180.0,1.1552841663360596,10.27443177998066,0.3658246946453857,0.3633527185338885,0.3506007426459154,6.1,1.7649072409164048,0.5,0.7222222222222222,0.5702914160291321,True,0.0,8.53943680663782
classical_musicnet_2633__300s,classical_musicnet_2633,classical,discovery,300.0,2.090837001800537,11.256057113409042,0.3707620016676893,0.3433169313497927,0.37782280404769,6.199999999999999,1.7974352865691392,0.5555555555555556,0.85,1.339492420370708,True,0.0,9.52269982977123
classical_musicnet_2659__180s,classical_musicnet_2659,classical,discovery,180.0,1.2388441562652588,13.459861936513336,0.3193495531845609,0.3060090535538714,0.3369746547256653,4.85,1.5345112082257495,0.5833333333333334,0.5714285714285714,1.4453764189564016,True,0.0,2.12923585171492
classical_musicnet_2659__300s,classical_musicnet_2659,classical,discovery,300.0,1.2388441562652588,13.459861936513336,0.3193495531845609,0.3060090535538714,0.3369746547256653,4.85,1.5345112082257495,0.5833333333333334,0.5714285714285714,1.4453764189564016,True,0.0,2.12923585171492
classical_musicnet_2677__180s,classical_musicnet_2677,classical,discovery,180.0,1.7182644605636597,10.025471583008766,0.2775186433493138,0.3196099426138179,0.3658420258207124,6.65,1.8623075763110797,0.6111111111111112,0.8636363636363636,1.8708259833385958,True,0.0,12.73381207054576
classical_musicnet_2677__300s,classical_musicnet_2677,classical,discovery,300.0,1.6166133880615234,11.50906367599964,0.2969158377651987,0.3467737739845817,0.3759300557139307,6.65,1.9864054213972493,0.6666666666666666,0.7916666666666666,1.5299209609804876,True,0.0,15.688896739074526
classical_musicnet_2678__180s,classical_musicnet_2678,classical,discovery,180.0,1.156321406364441,10.72122898697853,0.3402828208045707,0.3450875156249329,0.3831049880579186,7.199999999999999,1.8190195150056323,0.5,0.8333333333333334,0.8923501054649619,True,0.0,14.611367264617215
classical_musicnet_2678__300s,classical_musicnet_2678,classical,discovery,300.0,0.6901938915252686,11.66992761939764,0.3752472460590237,0.3213220584154831,0.3830074737043072,7.199999999999999,2.017032332763372,0.5416666666666666,0.8205128205128205,1.0263170272699509,True,0.0,19.283830160095768
classical_musopen_00d18099ad17__180s,classical_musopen_00d18099ad17,classical,holdout,180.0,1.3541570901870728,13.56494238972664,0.3720588252977843,0.3719954789065073,0.332475511566576,6.199999999999999,1.602374462935598,0.4777777777777778,0.7906976744186046,0.9203175878481413,True,0.0,6.3700413913688365
classical_musopen_00d18099ad17__300s,classical_musopen_00d18099ad17,classical,holdout,300.0,1.0179768800735474,12.408419385552406,0.3494742235852948,0.3893719286275764,0.3693622047669188,7.099999999999999,1.7958167787700483,0.625,0.8888888888888888,1.1554325969947847,True,0.0,13.604661230055495
classical_musopen_05c904fe5b10__180s,classical_musopen_05c904fe5b10,classical,validation,180.0,0.8655846118927002,9.935851469635963,0.3778056850704562,0.3347042282890759,0.3489733284213158,5.65,1.6717421969701922,0.7142857142857143,0.9333333333333332,0.7874107976021991,True,0.0,5.5477425018450495
classical_musopen_05c904fe5b10__300s,classical_musopen_05c904fe5b10,classical,validation,300.0,1.7409507036209106,8.409531258046627,0.385549867119033,0.3626379472916965,0.3728670020871172,6.1,1.841626202984133,0.8333333333333334,0.9714285714285714,1.0543465706500066,True,0.0,10.443004636612093
classical_musopen_0b7876dd110e__180s,classical_musopen_0b7876dd110e,classical,validation,180.0,0.8134770393371582,11.534469649195673,0.3109816633851652,0.3537856177891767,0.363108974138903,6.999999999999999,1.773279104978217,0.4107142857142857,0.782608695652174,1.4232246235437176,True,0.0,12.646632904914181
classical_musopen_0b7876dd110e__300s,classical_musopen_0b7876dd110e,classical,validation,300.0,0.9984906911849976,11.828481048345566,0.3492733594374071,0.3259441642561833,0.3732501191340969,6.999999999999999,1.8782435152984405,0.5178571428571429,0.8275862068965517,0.953849619900065,True,0.0,14.79337211462514
classical_musopen_0ddcc98bc949__180s,classical_musopen_0ddcc98bc949,classical,discovery,180.0,1.8357126712799072,10.843432039022446,0.4289067173700658,0.3685582920745588,0.5107554125066447,5.1,1.5842518458341093,0.3333333333333333,0.8,0.9939620287800478,True,0.0,3.0870093359769104
classical_musopen_0ddcc98bc949__300s,classical_musopen_0ddcc98bc949,classical,discovery,300.0,1.8357126712799072,10.843432039022446,0.4289067173700658,0.3685582920745588,0.5107554125066447,5.1,1.5842518458341093,0.3333333333333333,0.8,0.9939620287800478,True,0.0,3.0870093359769104
classical_musopen_12241f03c895__180s,classical_musopen_12241f03c895,classical,discovery,180.0,1.8819645643234253,8.784464612603188,0.3358708302896676,0.3053734354837081,0.3655080321614243,5.65,1.5133480856229038,0.7666666666666667,0.8695652173913043,1.7179963557160889,True,0.0,3.575075394167748
classical_musopen_12241f03c895__300s,classical_musopen_12241f03c895,classical,discovery,300.0,1.8819645643234253,8.784464612603188,0.3358708302896676,0.3053734354837081,0.3655080321614243,5.65,1.5133480856229038,0.7666666666666667,0.8695652173913043,1.7179963557160889,True,0.0,3.575075394167748
classical_musopen_124b2ee448a3__180s,classical_musopen_124b2ee448a3,classical,holdout,180.0,1.054052472114563,11.430489808321,0.3778767931289842,0.3280133079053023,0.3456224855506171,5.4,1.68245182784389,0.5111111111111111,0.8260869565217391,0.6912532755126747,True,0.0,5.069770053596274
classical_musopen_124b2ee448a3__300s,classical_musopen_124b2ee448a3,classical,holdout,300.0,1.2786022424697876,10.97522795200348,0.3773256372729972,0.3771901646727162,0.3485213926616608,5.85,1.789389752446883,0.5444444444444444,0.8571428571428571,0.515480909278213,True,0.0,8.159423154948692
classical_musopen_12be103565ed__180s,classical_musopen_12be103565ed,classical,discovery,180.0,1.2080854177474976,11.840614795684814,0.3717111075411367,0.3480409966882856,0.3899751371010745,5.749999999999999,1.84409759407722,0.6333333333333333,0.8421052631578947,0.5366888932711066,True,0.0,8.956796576586978
classical_musopen_12be103565ed__300s,classical_musopen_12be103565ed,classical,discovery,300.0,0.7512412667274475,10.252373814582825,0.363726672127727,0.3513886098538914,0.3734047489297892,6.199999999999999,1.9769763955194464,0.7142857142857143,0.9333333333333332,0.8539276663134705,True,0.0,13.574904048997489
classical_musopen_1551871968d3__180s,classical_musopen_1551871968d3,classical,discovery,180.0,1.4663927555084229,14.265477821230888,0.340656751792652,0.3549438573601208,0.3427744407656868,4.65,1.452955960177808,0.5333333333333333,0.875,1.2668372570258304,True,0.0,1.151190176794897
classical_musopen_1551871968d3__300s,classical_musopen_1551871968d3,classical,discovery,300.0,1.4663927555084229,14.265477821230888,0.340656751792652,0.3549438573601208,0.3427744407656868,4.65,1.452955960177808,0.5333333333333333,0.875,1.2668372570258304,True,0.0,1.151190176794897
classical_musopen_19bfd66ce0b8__180s,classical_musopen_19bfd66ce0b8,classical,discovery,180.0,0.8731696009635925,10.48968230187893,0.4633218345108118,0.395912208920273,0.4234800091679633,4.0,1.3580425576479331,0.6,0.8333333333333334,0.8760013673959625,True,0.0,0.2984614080451097
classical_musopen_19bfd66ce0b8__300s,classical_musopen_19bfd66ce0b8,classical,discovery,300.0,0.8731696009635925,10.48968230187893,0.4633218345108118,0.395912208920273,0.4234800091679633,4.0,1.3580425576479331,0.6,0.8333333333333334,0.8760013673959625,True,0.0,0.2984614080451097
classical_musopen_1da5c488f898__180s,classical_musopen_1da5c488f898,classical,validation,180.0,1.9405457973480225,12.007618635892868,0.4163692035437679,0.3720025273176383,0.3891395519661692,6.3,1.6900756693766923,0.5178571428571429,0.7586206896551724,1.1114895144275325,True,0.0,8.012405308499401
classical_musopen_1da5c488f898__300s,classical_musopen_1da5c488f898,classical,validation,300.0,1.2908952236175537,12.382429361343384,0.3999544884292893,0.4021716719776773,0.4232777460587701,5.65,1.6032656036507087,0.7083333333333334,0.7450980392156863,0.8686689600762445,True,0.0,4.582418730828163
classical_musopen_208080de49cd__180s,classical_musopen_208080de49cd,classical,holdout,180.0,0.9799110293388368,11.849158316850662,0.2956563855569266,0.3386574558767055,0.3502586538451013,5.749999999999999,1.665118406059806,0.5833333333333334,0.8095238095238095,1.5358366495819635,True,0.0,5.730354390329188
classical_musopen_208080de49cd__300s,classical_musopen_208080de49cd,classical,holdout,300.0,1.0777066946029663,9.50256197154522,0.3775151117945483,0.4553180756461327,0.3802052501966744,6.3,1.7734921615558723,0.6805555555555556,0.8979591836734694,1.7258666593132683,True,0.0,9.451255348418862
classical_musopen_215977f7d168__180s,classical_musopen_215977f7d168,classical,validation,180.0,0.9285329580307008,10.444857750087976,0.3606972703484879,0.3409515402370599,0.3704169190289603,6.999999999999999,1.64038856739505,0.6428571428571429,0.8333333333333334,0.7748125507857009,True,0.0,10.467413974785194
classical_musopen_215977f7d168__300s,classical_musopen_215977f7d168,classical,validation,300.0,0.908793807029724,10.674727626144886,0.3768564111369869,0.3410653183428812,0.3225596952835521,6.649999999999999,1.8268295297147696,0.75,0.9047619047619048,0.6394331711628798,True,0.0,11.985470636184239
classical_musopen_22818b508e94__180s,classical_musopen_22818b508e94,classical,discovery,180.0,1.3971993923187256,11.875071749091148,0.5242047849184389,0.4458301339569246,0.4209739545743228,5.85,1.6754107525754047,0.4285714285714285,0.8888888888888888,1.9466584334514192,True,0.0,6.191006449367919
classical_musopen_22818b508e94__300s,classical_musopen_22818b508e94,classical,discovery,300.0,1.3971993923187256,11.875071749091148,0.5242047849184389,0.4458301339569246,0.4209739545743228,5.85,1.6754107525754047,0.4285714285714285,0.8888888888888888,1.9466584334514192,True,0.0,6.191006449367919
classical_musopen_2431e0d1cb75__180s,classical_musopen_2431e0d1cb75,classical,discovery,180.0,5.086172580718994,12.819526970386503,0.3693830955278704,0.3240118235596148,0.3532851534154353,4.299999999999999,1.6677400613457505,0.5,1.0,5.364196598550551,False,317.3611834039265,3.6027849225686754
classical_musopen_2431e0d1cb75__300s,classical_musopen_2431e0d1cb75,classical,discovery,300.0,5.086172580718994,12.819526970386503,0.3693830955278704,0.3240118235596148,0.3532851534154353,4.299999999999999,1.6677400613457505,0.5,1.0,5.364196598550551,False,317.3611834039265,3.6027849225686754
classical_musopen_25c64baa9139__180s,classical_musopen_25c64baa9139,classical,validation,180.0,2.0489630699157715,9.401501968502998,0.3534154199211011,0.3426294997657869,0.3701828623469694,6.549999999999999,1.624042653985701,0.6527777777777778,0.851063829787234,1.4478768014219356,True,0.0,8.08338762664777
classical_musopen_25c64baa9139__300s,classical_musopen_25c64baa9139,classical,validation,300.0,1.719569444656372,11.088076144456863,0.4010233908265556,0.367868025990841,0.3761563593262438,7.099999999999999,1.6127306346248498,0.6666666666666666,0.875,0.7572822717148359,True,0.0,10.61828033505953
classical_musopen_267eb0cfe9bf__180s,classical_musopen_267eb0cfe9bf,classical,discovery,180.0,1.4279732704162598,11.951534658670424,0.3301485737551743,0.4103741990468131,0.3626663060137217,7.199999999999999,1.8545198755166796,0.6666666666666666,0.7916666666666666,1.5584911594192128,True,0.0,15.350742929227593
classical_musopen_267eb0cfe9bf__300s,classical_musopen_267eb0cfe9bf,classical,discovery,300.0,1.6713043451309204,13.25085762143135,0.403434781298948,0.3964200389581071,0.3838061294568367,6.749999999999999,1.9811562881325615,0.5555555555555556,0.84,1.1201077151634546,True,0.0,16.0192824506096
classical_musopen_26a41c433b68__180s,classical_musopen_26a41c433b68,classical,discovery,180.0,2.4957871437072754,9.764592561870812,0.5257834557154546,0.4358958357611634,0.5200589491391663,4.3,1.4295135355480648,0.5952380952380952,0.64,2.632532571799388,True,0.0,0.7437342700729485
classical_musopen_26a41c433b68__300s,classical_musopen_26a41c433b68,classical,discovery,300.0,2.4957871437072754,9.764592561870812,0.5257834557154546,0.4358958357611634,0.5200589491391663,4.3,1.4295135355480648,0.5952380952380952,0.64,2.632532571799388,True,0.0,0.7437342700729485
classical_musopen_26b6da893e99__180s,classical_musopen_26b6da893e99,classical,holdout,180.0,2.4732625484466557,10.428095191717148,0.321729604869315,0.333603010231458,0.3730468766305299,7.0,1.8040798094225905,0.6111111111111112,0.8636363636363636,2.05477850881433,True,0.0,13.2376426017277
classical_musopen_26b6da893e99__300s,classical_musopen_26b6da893e99,classical,holdout,300.0,1.0833234786987305,12.732132501900196,0.3668957046504907,0.3572462722714295,0.3548758311977364,7.1,1.846035665491249,0.5833333333333334,0.8571428571428571,0.7313431009585837,True,0.0,14.62346538177053
classical_musopen_281136d63fb7__180s,classical_musopen_281136d63fb7,classical,validation,180.0,1.3021057844161987,11.405851647257805,0.3243761522599674,0.364198985702533,0.3667159061225951,7.0,1.9289679699460451,0.625,0.8,1.1362563027268777,True,0.0,15.965374812894588
classical_musopen_281136d63fb7__300s,classical_musopen_281136d63fb7,classical,validation,300.0,0.7766332626342773,10.805176369845867,0.3446562531622577,0.4029277434714064,0.3928016151704027,7.199999999999999,1.996309329920777,0.6666666666666666,0.875,1.369782559162317,True,0.0,18.73222319984886
classical_musopen_2873bce09ec4__180s,classical_musopen_2873bce09ec4,classical,validation,180.0,1.1526546478271484,11.863620653748512,0.4260983003048304,0.3996091792368297,0.3574879002561118,7.1,1.9804407220399365,0.5555555555555556,0.85,0.6975086715395392,True,0.0,17.773057996776593
classical_musopen_2873bce09ec4__300s,classical_musopen_2873bce09ec4,classical,validation,300.0,1.2962253093719482,10.104965098202229,0.4028605617277054,0.3926990789188315,0.3703494400868919,7.199999999999999,2.0498604259849227,0.625,0.9333333333333332,0.5246703372013427,True,0.0,20.19182485725269
classical_musopen_28b2abb46028__180s,classical_musopen_28b2abb46028,classical,validation,180.0,0.7777529954910278,12.361860424280168,0.2697696406164229,0.3708828404964808,0.3538312755626883,7.199999999999999,1.757624886946216,0.5,0.8333333333333334,2.0978330536974132,True,0.0,13.434063194974609
classical_musopen_28b2abb46028__300s,classical_musopen_28b2abb46028,classical,validation,300.0,1.1069138050079346,11.149402603507042,0.3759905208812693,0.371803093655588,0.3666753311716723,7.099999999999999,1.873573515538936,0.3333333333333333,0.8571428571428571,0.4928448676953802,True,0.0,15.218623921998379
classical_musopen_2bb770b12fae__180s,classical_musopen_2bb770b12fae,classical,holdout,180.0,3.144749164581299,10.871793434023855,0.4090787832050713,0.4261663162949933,0.3317043126760207,6.199999999999999,1.6232507869289026,0.6388888888888888,0.8260869565217391,2.869898375657626,True,0.0,6.645484191495626
classical_musopen_2bb770b12fae__300s,classical_musopen_2bb770b12fae,classical,holdout,300.0,1.195465087890625,11.86024059355259,0.3887091626976848,0.4254938127783725,0.3599603523541056,6.749999999999999,1.7493472689336944,0.5444444444444444,0.8571428571428571,1.242961524629263,True,0.0,10.96629982646535
classical_musopen_2ca1fc27dc8e__180s,classical_musopen_2ca1fc27dc8e,classical,holdout,180.0,2.6059255599975586,10.68563049286604,0.3805848452987687,0.3695208933709997,0.3377836631717805,6.999999999999999,1.7293633615356192,0.5694444444444444,0.8292682926829268,1.9671311431805287,True,0.0,11.85988727656931
classical_musopen_2ca1fc27dc8e__300s,classical_musopen_2ca1fc27dc8e,classical,holdout,300.0,1.0900243520736694,10.73066234588623,0.3862382372143637,0.4111967556784066,0.3464613674550499,7.199999999999999,1.8860409522738888,0.6805555555555556,0.8163265306122449,0.9376841060422593,True,0.0,16.043243178822763
classical_musopen_33730045e3a6__180s,classical_musopen_33730045e3a6,classical,validation,180.0,1.347972393035889,11.357147961854936,0.3540090683391206,0.3249088644506701,0.359602822002871,6.749999999999999,1.8427496067907485,0.625,0.8,0.8912439562165758,True,0.0,12.781980415174871
classical_musopen_33730045e3a6__300s,classical_musopen_33730045e3a6,classical,validation,300.0,1.301066517829895,13.0037182867527,0.3606965965630999,0.2995191758739091,0.3586051515404475,7.199999999999999,2.038407713321528,0.7321428571428571,0.8780487804878049,1.209890401265492,True,0.0,19.868137524241725
classical_musopen_373729be509d__180s,classical_musopen_373729be509d,classical,validation,180.0,2.0567948818206787,10.890007480978966,0.3579775878350084,0.3417348353950888,0.375945001089391,6.299999999999999,1.6608965980070236,0.5178571428571429,0.8275862068965517,1.354652687211983,True,0.0,7.565085437204628
classical_musopen_373729be509d__300s,classical_musopen_373729be509d,classical,validation,300.0,2.283298254013061,10.9994924813509,0.3713910634878509,0.3679494835077235,0.3673989094465477,6.75,1.8834958674845053,0.6607142857142857,0.918918918918919,1.5558857350160444,True,0.0,13.667212336238173
classical_musopen_39eaf7f62acd__180s,classical_musopen_39eaf7f62acd,classical,discovery,180.0,0.8859949111938477,11.41857462376356,0.3659784398481386,0.3297854051707135,0.3662702396986933,6.299999999999999,1.931471097765592,0.5138888888888888,0.8108108108108109,0.8314581950599719,True,0.0,12.826126180030514
classical_musopen_39eaf7f62acd__300s,classical_musopen_39eaf7f62acd,classical,discovery,300.0,1.1749988794326782,8.749231934547424,0.4038900669463132,0.4034743743780057,0.36576146795601,6.299999999999999,1.908896535555612,0.6428571428571429,0.8888888888888888,0.7784476007480082,True,0.0,12.291779103457184
classical_musopen_3d194a9bdaa5__180s,classical_musopen_3d194a9bdaa5,classical,discovery,180.0,2.575480937957764,10.25254638493061,0.4186166011465778,0.3368552481607779,0.3920000454443837,4.4,1.5056411558833338,0.5714285714285714,0.8333333333333334,2.072807930252279,True,0.0,1.4161315748737504
classical_musopen_3d194a9bdaa5__300s,classical_musopen_3d194a9bdaa5,classical,discovery,300.0,2.575480937957764,10.25254638493061,0.4186166011465778,0.3368552481607779,0.3920000454443837,4.4,1.5056411558833338,0.5714285714285714,0.8333333333333334,2.072807930252279,True,0.0,1.4161315748737504
classical_musopen_3f120e57880d__180s,classical_musopen_3f120e57880d,classical,discovery,180.0,3.392427444458008,10.33336491882801,0.3518817033415615,0.3646462263588281,0.3426910470890336,6.55,1.7107661517888344,0.5416666666666666,0.7692307692307693,3.061930826228626,True,0.0,9.388984521902081
classical_musopen_3f120e57880d__300s,classical_musopen_3f120e57880d,classical,discovery,300.0,3.062756299972534,11.00175629556179,0.3178586702036344,0.4003247246261561,0.3625087896158324,6.9,1.7753001030518951,0.6666666666666666,0.8333333333333334,2.8626178752264577,True,0.0,12.17359964967078
classical_musopen_40a2fd43125a__180s,classical_musopen_40a2fd43125a,classical,validation,180.0,1.065222978591919,10.834864249452949,0.4250793970717664,0.3754036443627304,0.3815616551372655,6.999999999999999,1.706506496496059,0.3333333333333333,0.6666666666666666,0.28613444906094254,True,0.0,11.476418441016527
classical_musopen_40a2fd43125a__300s,classical_musopen_40a2fd43125a,classical,validation,300.0,2.5470080375671387,9.35555100440979,0.4394878372617954,0.3806033374199155,0.3582494445176402,7.199999999999999,1.8327855761823304,0.5111111111111111,0.8695652173913043,2.0289853068115775,True,0.0,14.892977944710184
classical_musopen_414d9c796be3__180s,classical_musopen_414d9c796be3,classical,validation,180.0,1.1226152181625366,12.296880289912224,0.3056334661187405,0.3292718738415773,0.2544171863194394,7.199999999999999,1.8221475342947504,0.4,0.7777777777777778,1.40331549376942,True,0.0,14.674789702536923
classical_musopen_414d9c796be3__300s,classical_musopen_414d9c796be3,classical,validation,300.0,1.0781562328338623,11.79152262210846,0.3215366653738267,0.3463862533180821,0.3318318105056547,7.099999999999999,1.958174203415912,0.5111111111111111,0.7391304347826086,1.168400807142433,True,0.0,17.20872143254941
classical_musopen_4832911d08b7__180s,classical_musopen_4832911d08b7,classical,discovery,180.0,3.186149835586548,11.512167781591415,0.4648496669531148,0.3901565532378442,0.4649692931331881,4.85,1.6083637691293042,0.5178571428571429,0.8275862068965517,2.9366891259267427,True,0.0,2.9995009714246783
classical_musopen_4832911d08b7__300s,classical_musopen_4832911d08b7,classical,discovery,300.0,3.186149835586548,11.512167781591415,0.4648496669531148,0.3901565532378442,0.4649692931331881,4.85,1.6083637691293042,0.5178571428571429,0.8275862068965517,2.9366891259267427,True,0.0,2.9995009714246783
classical_musopen_4ebac9c72c1e__180s,classical_musopen_4ebac9c72c1e,classical,discovery,180.0,1.4848333597183228,10.159346655011175,0.1717465195164554,0.2681400015480997,0.4050532044263172,4.85,1.473678719374966,0.2321428571428571,0.6153846153846154,3.2474280694387887,True,0.0,1.814669525828788
classical_musopen_4ebac9c72c1e__300s,classical_musopen_4ebac9c72c1e,classical,discovery,300.0,1.4848333597183228,10.159346655011175,0.1717465195164554,0.2681400015480997,0.4050532044263172,4.85,1.473678719374966,0.2321428571428571,0.6153846153846154,3.2474280694387887,True,0.0,1.814669525828788
classical_musopen_5118ccc9f4d0__180s,classical_musopen_5118ccc9f4d0,classical,holdout,180.0,1.95698356628418,9.526158079504969,0.3689464632683769,0.3621271616773195,0.3787305324263149,6.449999999999999,1.7717227433730414,0.4555555555555555,0.6829268292682927,1.2127891073365629,True,0.0,10.029914023936804
classical_musopen_5118ccc9f4d0__300s,classical_musopen_5118ccc9f4d0,classical,holdout,300.0,2.486175060272217,10.220111638307571,0.3794281292967055,0.3462351325210848,0.3697106038027292,6.55,1.9229420247724336,0.5555555555555556,0.72,1.8543433439399741,True,0.0,13.6640054554085
classical_musopen_53427878778a__180s,classical_musopen_53427878778a,classical,validation,180.0,1.3175251483917236,11.888400569558144,0.3365909915928583,0.3586866494119644,0.3851440230037073,7.199999999999999,1.894387539723386,0.5138888888888888,0.8108108108108109,0.9802728575225244,True,0.0,16.232283787219053
classical_musopen_53427878778a__300s,classical_musopen_53427878778a,classical,validation,300.0,1.7243279218673706,11.263404376804829,0.3592882659010539,0.3705620999046303,0.3751726522249237,7.199999999999999,2.051129610037281,0.5357142857142857,0.8666666666666667,0.9769697087470011,True,0.0,20.22328972643779
classical_musopen_5b78471c4c9d__180s,classical_musopen_5b78471c4c9d,classical,discovery,180.0,2.6510720252990723,7.918845470994711,0.4215066777831857,0.3292841659657347,0.4936226742229494,3.85,1.3583715818126083,0.45,0.8888888888888888,2.4158528793061067,True,0.0,0.29994733894901693
classical_musopen_5b78471c4c9d__300s,classical_musopen_5b78471c4c9d,classical,discovery,300.0,2.6510720252990723,7.918845470994711,0.4215066777831857,0.3292841659657347,0.4936226742229494,3.85,1.3583715818126083,0.45,0.8888888888888888,2.4158528793061067,True,0.0,0.29994733894901693
classical_musopen_5f1728c240a1__180s,classical_musopen_5f1728c240a1,classical,discovery,180.0,1.699180245399475,11.622146479785442,0.3107483832788967,0.3446018763689357,0.3786279816908988,5.4,1.9113775675491895,0.4761904761904761,0.7,1.409617469340178,True,0.0,9.526696343375779
classical_musopen_5f1728c240a1__300s,classical_musopen_5f1728c240a1,classical,discovery,300.0,0.9853479266166688,11.623373344540596,0.3351228275111518,0.395692215007311,0.3545074075771972,6.299999999999999,2.061118568604743,0.6333333333333333,0.8421052631578947,1.3322409954799137,True,0.0,16.23124562144903
classical_musopen_6288d37e8273__180s,classical_musopen_6288d37e8273,classical,discovery,180.0,1.3143877983093262,10.731577053666117,0.471364418105216,0.3964650357333927,0.5086632513414179,4.4,1.5455795161073491,0.4722222222222222,0.8235294117647058,0.9489857786819961,True,0.0,1.8243761943996506
classical_musopen_6288d37e8273__300s,classical_musopen_6288d37e8273,classical,discovery,300.0,1.3143877983093262,10.731577053666117,0.471364418105216,0.3964650357333927,0.5086632513414179,4.4,1.5455795161073491,0.4722222222222222,0.8235294117647058,0.9489857786819961,True,0.0,1.8243761943996506
classical_musopen_631eca7e6359__180s,classical_musopen_631eca7e6359,classical,validation,180.0,0.9725155234336852,11.282707452774048,0.4318769888812743,0.3406100985159165,0.4128186802715552,5.0,1.5876642497859006,0.6964285714285714,0.8717948717948718,0.6545745132435751,True,0.0,2.9586355431544367
classical_musopen_631eca7e6359__300s,classical_musopen_631eca7e6359,classical,validation,300.0,0.9564448595046996,12.267418444156649,0.3810411958590434,0.3744901278144115,0.3602675923596795,5.449999999999999,1.7029538232330723,0.5972222222222222,0.7441860465116279,0.6823662440629922,True,0.0,5.514843186944567
classical_musopen_66e009cc7ce8__180s,classical_musopen_66e009cc7ce8,classical,validation,180.0,1.3223609924316406,10.788925189524887,0.3503119581674815,0.4049454336530877,0.3369604462517322,7.0,1.611442962260856,0.6071428571428571,0.8235294117647058,1.1768396461840487,True,0.0,10.072577716504806
classical_musopen_66e009cc7ce8__300s,classical_musopen_66e009cc7ce8,classical,validation,300.0,0.9201626181602478,9.64211018383503,0.4011696695871294,0.372792376342714,0.3659177456046832,7.099999999999999,1.8645062796427183,0.6785714285714286,0.8947368421052632,0.4599323107789544,True,0.0,15.019805244800727
classical_musopen_67f1921ea1d2__180s,classical_musopen_67f1921ea1d2,classical,discovery,180.0,3.4296138286590576,11.785548970103264,0.3744165138594448,0.294135582774411,0.4348408861014694,4.65,1.460673570139593,0.3214285714285714,0.6666666666666666,3.3118940420575274,False,7.518564508124022e-05,1.2119823496882751
classical_musopen_67f1921ea1d2__300s,classical_musopen_67f1921ea1d2,classical,discovery,300.0,3.4296138286590576,11.785548970103264,0.3744165138594448,0.294135582774411,0.4348408861014694,4.65,1.460673570139593,0.3214285714285714,0.6666666666666666,3.3118940420575274,False,7.518564508124022e-05,1.2119823496882751
classical_musopen_6911e41c184d__180s,classical_musopen_6911e41c184d,classical,discovery,180.0,0.9762513637542723,11.11004964634776,0.4604076593684505,0.2677757844824809,0.5083754989621115,4.299999999999999,1.440885551467644,0.2222222222222222,0.75,2.0581292403012004,True,0.0,1.1586240653531767
classical_musopen_6911e41c184d__300s,classical_musopen_6911e41c184d,classical,discovery,300.0,0.9762513637542723,11.11004964634776,0.4604076593684505,0.2677757844824809,0.5083754989621115,4.299999999999999,1.440885551467644,0.2222222222222222,0.75,2.0581292403012004,True,0.0,1.1586240653531767
classical_musopen_6c30622a4e97__180s,classical_musopen_6c30622a4e97,classical,discovery,180.0,0.8705809712409973,10.361320815980434,0.3714152848069317,0.3167107847232566,0.4545716320093811,3.95,1.6885634477780151,0.5238095238095238,0.8181818181818182,0.9987322458937985,True,0.0,3.6510092629952204
classical_musopen_6c30622a4e97__300s,classical_musopen_6c30622a4e97,classical,discovery,300.0,0.8705809712409973,10.361320815980434,0.3714152848069317,0.3167107847232566,0.4545716320093811,3.95,1.6885634477780151,0.5238095238095238,0.8181818181818182,0.9987322458937985,True,0.0,3.6510092629952204
classical_musopen_715f07ea34cd__180s,classical_musopen_715f07ea34cd,classical,holdout,180.0,1.3056436777114868,11.900233715772629,0.3670455400729822,0.396782252920279,0.3832334866741222,7.099999999999999,1.4482700079713513,0.4444444444444444,0.65,0.9633266207003514,True,0.0,8.9097753234796
classical_musopen_715f07ea34cd__300s,classical_musopen_715f07ea34cd,classical,holdout,300.0,1.1050807237625122,11.331254959106444,0.3845553578793029,0.4023919179681277,0.3774002944762408,7.199999999999999,1.6386585291897944,0.5833333333333334,0.7142857142857143,0.840011523434985,True,0.0,11.518426105348858
classical_musopen_738d2a0f7b4c__180s,classical_musopen_738d2a0f7b4c,classical,discovery,180.0,0.7553914785385132,11.15177258849144,0.3269965968307797,0.3549906741316802,0.438687541863852,5.199999999999999,1.633166402736529,0.4523809523809524,0.7368421052631579,1.2517310235978751,True,0.0,3.913745420903081
classical_musopen_738d2a0f7b4c__300s,classical_musopen_738d2a0f7b4c,classical,discovery,300.0,0.7553914785385132,11.15177258849144,0.3269965968307797,0.3549906741316802,0.438687541863852,5.199999999999999,1.633166402736529,0.4523809523809524,0.7368421052631579,1.2517310235978751,True,0.0,3.913745420903081
classical_musopen_76480b1bf8fd__180s,classical_musopen_76480b1bf8fd,classical,discovery,180.0,1.0165398120880127,12.43404446542263,0.3919122830490318,0.3781040651134249,0.3370085002189671,7.199999999999999,1.7476223429266315,0.3777777777777777,0.8235294117647058,0.6254211390672804,True,0.0,13.254424728051939
classical_musopen_76480b1bf8fd__300s,classical_musopen_76480b1bf8fd,classical,discovery,300.0,0.948190450668335,10.92151428759098,0.3520302118678102,0.3567323464962169,0.3550871372739322,7.199999999999999,1.8204267052786804,0.5357142857142857,0.9333333333333332,0.809981768492178,True,0.0,14.644071767554319
classical_musopen_7c2a6aff83ae__180s,classical_musopen_7c2a6aff83ae,classical,validation,180.0,1.4114941358566284,11.737442523241045,0.3149421987280805,0.3501324979362042,0.3762275216276241,5.85,1.574980392701706,0.4888888888888889,0.8636363636363636,1.2483827063528952,True,0.0,4.823538410824657
classical_musopen_7c2a6aff83ae__300s,classical_musopen_7c2a6aff83ae,classical,validation,300.0,0.7836104035377502,10.370591700077057,0.3123642415681755,0.3626505514802742,0.3798338646330124,6.299999999999999,1.630746261381359,0.6388888888888888,0.9130434782608696,1.4330996756726981,True,0.0,7.133360236284414
classical_musopen_85b8d83993e5__180s,classical_musopen_85b8d83993e5,classical,validation,180.0,1.5021270513534546,10.276116587221622,0.3569586938838245,0.3675212512955859,0.3726961349758129,6.449999999999999,1.6140970226594624,0.8333333333333334,0.9142857142857144,0.805177042111835,True,0.0,7.819547247204418
classical_musopen_85b8d83993e5__300s,classical_musopen_85b8d83993e5,classical,validation,300.0,1.0475419759750366,9.755852602422236,0.3944953864953147,0.3992565657690712,0.3851703587997092,6.1,1.6263636570856066,0.5178571428571429,0.8275862068965517,0.6918031310949699,True,0.0,6.320395195582217
classical_musopen_860ce064b48c__180s,classical_musopen_860ce064b48c,classical,discovery,180.0,1.912647485733032,12.99370090663433,0.3568629698306855,0.2773149177650509,0.342856729220211,6.35,1.7979802531727256,0.3666666666666666,0.5454545454545454,1.8188386803862076,True,0.0,10.118080446513753
classical_musopen_860ce064b48c__300s,classical_musopen_860ce064b48c,classical,discovery,300.0,1.912647485733032,12.99370090663433,0.3568629698306855,0.2773149177650509,0.342856729220211,6.35,1.7979802531727256,0.3666666666666666,0.5454545454545454,1.8188386803862076,True,0.0,10.118080446513753
classical_musopen_88dae15b633b__180s,classical_musopen_88dae15b633b,classical,holdout,180.0,0.849086582660675,9.208501785993576,0.338669075307247,0.3161162642282716,0.3472654965969033,7.1,1.6863845004007514,0.5972222222222222,0.8372093023255814,1.3205094769285424,True,0.0,11.682315357012737
classical_musopen_88dae15b633b__300s,classical_musopen_88dae15b633b,classical,holdout,300.0,0.8465180397033691,11.78924025595188,0.3333930222257014,0.3623320989517197,0.3444924689049124,7.199999999999999,1.835942148433788,0.625,0.8444444444444444,1.1621904347467957,True,0.0,14.958461897055678
classical_musopen_8b402eee923c__180s,classical_musopen_8b402eee923c,classical,validation,180.0,2.657302141189575,10.812835857272148,0.3346075389005186,0.3712174460234688,0.3697438124770871,6.749999999999999,1.91799004832534,0.3444444444444444,0.8387096774193549,2.1807825392149867,True,0.0,14.460844295951556
classical_musopen_8b402eee923c__300s,classical_musopen_8b402eee923c,classical,validation,300.0,2.091456413269043,10.805791020393372,0.3402422469058787,0.3823725922473504,0.3734734014202188,7.0,1.8909792849255764,0.6388888888888888,0.782608695652174,1.5494385024790138,True,0.0,15.079390570246368
classical_musopen_8c1a75b7bf5d__180s,classical_musopen_8c1a75b7bf5d,classical,discovery,180.0,2.012494802474976,12.246080160140991,0.3347194909777661,0.3474568277456099,0.3723144080111333,6.749999999999999,1.8869030644400544,0.7380952380952381,0.9032258064516128,1.4527717794068147,True,0.0,13.743799066874844
classical_musopen_8c1a75b7bf5d__300s,classical_musopen_8c1a75b7bf5d,classical,discovery,300.0,1.2077970504760742,11.332374304533005,0.3462510417310562,0.3684286791616438,0.3659073665935484,7.199999999999999,1.9317076453386397,0.6428571428571429,0.9444444444444444,0.8586685159338174,True,0.0,17.12487590212833
classical_musopen_8f00b775156a__180s,classical_musopen_8f00b775156a,classical,discovery,180.0,1.494207739830017,9.700034022331238,0.3595794169448067,0.437200943011435,0.3691361256515784,6.65,1.6064579355206667,0.5416666666666666,0.717948717948718,1.5870830176775126,True,0.0,8.298002235408106
classical_musopen_8f00b775156a__300s,classical_musopen_8f00b775156a,classical,discovery,300.0,1.332655429840088,8.979295443743467,0.326479677922829,0.452336585595753,0.391329337363436,7.199999999999999,1.5309616370249994,0.5833333333333334,0.6666666666666666,2.092552991960496,True,0.0,10.200258923035182
classical_musopen_909c6ffb1fa0__180s,classical_musopen_909c6ffb1fa0,classical,discovery,180.0,1.2101445198059082,10.78070603311062,0.3005079683831324,0.3833960737911908,0.3497486547478801,3.9,1.427105544847891,0.4642857142857143,0.7692307692307693,1.56965230146929,True,0.0,0.6912587449895048
classical_musopen_909c6ffb1fa0__300s,classical_musopen_909c6ffb1fa0,classical,discovery,300.0,0.899954080581665,12.952798187732697,0.3613551919072757,0.4049915231499882,0.3597572022779033,5.199999999999999,1.5512259043499703,0.4583333333333333,0.8484848484848485,1.3547995987535284,True,0.0,2.8901983011276746
classical_musopen_90f0e736fe47__180s,classical_musopen_90f0e736fe47,classical,discovery,180.0,4.014104843139648,10.66699729859829,0.4490016379289724,0.3985746696942799,0.4740748550346905,4.65,1.5983944743571732,0.3928571428571428,0.7272727272727273,3.989753469580723,False,24.583366132929118,2.638164993268581
classical_musopen_90f0e736fe47__300s,classical_musopen_90f0e736fe47,classical,discovery,300.0,4.014104843139648,10.66699729859829,0.4490016379289724,0.3985746696942799,0.4740748550346905,4.65,1.5983944743571732,0.3928571428571428,0.7272727272727273,3.989753469580723,False,24.583366132929118,2.638164993268581
classical_musopen_97fae7a3dfae__180s,classical_musopen_97fae7a3dfae,classical,validation,180.0,1.5810530185699463,12.261452823877336,0.3946776256130692,0.3810395046686891,0.4216108738854998,6.65,1.6066941039751377,0.6805555555555556,0.7755102040816326,0.7628359993055437,True,0.0,8.301068047325009
classical_musopen_97fae7a3dfae__300s,classical_musopen_97fae7a3dfae,classical,validation,300.0,1.716991662979126,11.092948883771896,0.3988617837616891,0.3494288041155357,0.3955705068978098,6.75,1.740028670235167,0.625,0.7555555555555555,0.8029044780985332,True,0.0,10.80146496864182
classical_musopen_9887c7fd8762__180s,classical_musopen_9887c7fd8762,classical,discovery,180.0,3.8953683376312256,9.247497748583555,0.5073514528128285,0.3460230298194014,0.3951289275373668,4.75,1.5057543469120147,0.7,0.8571428571428571,4.225128236341059,False,47.496044850203816,1.7151908879445141
classical_musopen_9887c7fd8762__300s,classical_musopen_9887c7fd8762,classical,discovery,300.0,3.8953683376312256,9.247497748583555,0.5073514528128285,0.3460230298194014,0.3951289275373668,4.75,1.5057543469120147,0.7,0.8571428571428571,4.225128236341059,False,47.496044850203816,1.7151908879445141
classical_musopen_9a95a1b73779__180s,classical_musopen_9a95a1b73779,classical,holdout,180.0,1.2160552740097046,10.547731965780258,0.3277804087626414,0.3514189367123818,0.3723983883055728,7.199999999999999,1.7805798064082623,0.5416666666666666,0.7692307692307693,1.046354547568372,True,0.0,13.859209672527014
classical_musopen_9a95a1b73779__300s,classical_musopen_9a95a1b73779,classical,holdout,300.0,2.975154161453247,11.344145506620409,0.3492492986168747,0.3295786801982963,0.3629927378315556,7.199999999999999,1.8825168973857171,0.625,0.8444444444444444,2.558793780465538,True,0.0,15.964140292094639
classical_musopen_9d607b626772__180s,classical_musopen_9d607b626772,classical,discovery,180.0,2.3732333183288574,8.774749100208282,0.2260980289244882,0.3699248603398344,0.3088723103269916,6.199999999999999,1.3996909146538783,0.5416666666666666,0.6666666666666666,2.8922284448139854,True,0.0,4.468023560923043
classical_musopen_9d607b626772__300s,classical_musopen_9d607b626772,classical,discovery,300.0,3.411686897277832,10.432672947645187,0.3244702735952944,0.4069837727761136,0.3601112083585643,7.199999999999999,1.7513474013633572,0.5555555555555556,0.8,3.2787915632765454,True,0.0,13.320925582933324
classical_musopen_9e03803778c4__180s,classical_musopen_9e03803778c4,classical,validation,180.0,1.817752480506897,11.061427369713783,0.3346000332150367,0.3425460146079498,0.372211966665415,5.4,1.3925588696186315,0.6785714285714286,0.7368421052631579,1.2531031548497813,True,0.0,1.9889931775457512
classical_musopen_9e03803778c4__300s,classical_musopen_9e03803778c4,classical,validation,300.0,1.3411113023757937,9.097771652042866,0.3404437499938229,0.3530037716682666,0.3813659074452469,6.749999999999999,1.6602913764665412,0.6388888888888888,0.8260869565217391,1.0079900949194776,True,0.0,9.512022489704213
classical_musopen_9e92b1162c06__180s,classical_musopen_9e92b1162c06,classical,validation,180.0,0.9970934987068176,10.893859773874285,0.357871883155471,0.355706227659284,0.3561100749922986,7.199999999999999,1.932223617972893,0.5138888888888888,0.7027027027027027,0.7064148996524682,True,0.0,17.119005725714082
classical_musopen_9e92b1162c06__300s,classical_musopen_9e92b1162c06,classical,validation,300.0,0.7752768397331238,10.668772220611572,0.3353597014629512,0.3255353648537293,0.3654773894909628,6.749999999999999,2.030342543769076,0.5138888888888888,0.7027027027027027,1.211239203640881,True,0.0,17.32698241963073
classical_musopen_a1e65e9cab92__180s,classical_musopen_a1e65e9cab92,classical,validation,180.0,0.8425014019012451,12.715498328208923,0.3606315833264026,0.3537076914654685,0.3757846767865854,6.75,1.36033921157613,0.5,0.8333333333333334,0.9231237339341845,True,0.0,6.602318956018072
classical_musopen_a1e65e9cab92__300s,classical_musopen_a1e65e9cab92,classical,validation,300.0,1.5267492532730105,11.663331791758536,0.3571448527763386,0.3439923641240941,0.3723564090293694,7.1,1.626337081021464,0.5833333333333334,0.9047619047619048,0.8215931968194019,True,0.0,10.800921176575208
classical_musopen_ad4d8a90f9bc__180s,classical_musopen_ad4d8a90f9bc,classical,validation,180.0,0.9794082641601562,10.145344376564026,0.3636069859720168,0.3816480157902164,0.3589026800552836,5.749999999999999,1.880274529795594,0.5535714285714286,0.7741935483870968,0.7876682724302276,True,0.0,9.741602780883726
classical_musopen_ad4d8a90f9bc__300s,classical_musopen_ad4d8a90f9bc,classical,validation,300.0,0.9336729645729064,8.75516614690423,0.3493423373512141,0.3842305779864804,0.3835537951245381,6.299999999999999,2.0018863193204224,0.7857142857142857,0.8484848484848485,1.0905943851599387,True,0.0,14.659505798122819
classical_musopen_af6a2556f0c9__180s,classical_musopen_af6a2556f0c9,classical,discovery,180.0,0.8129861950874329,10.22917528450489,0.4025761368557482,0.3939446581447307,0.4200064157322645,6.3,1.7514303517837702,0.7619047619047619,0.9375,0.7125127715211139,True,0.0,9.062093174142042
classical_musopen_af6a2556f0c9__300s,classical_musopen_af6a2556f0c9,classical,discovery,300.0,0.8129861950874329,10.22917528450489,0.4025761368557482,0.3939446581447307,0.4200064157322645,6.3,1.7514303517837702,0.7619047619047619,0.9375,0.7125127715211139,True,0.0,9.062093174142042
classical_musopen_b5e0f49dce63__180s,classical_musopen_b5e0f49dce63,classical,validation,180.0,1.1609113216400146,11.136579111218452,0.3865387932125115,0.3747585807434946,0.3600197543553322,7.099999999999999,1.9940415359696584,0.5833333333333334,0.8095238095238095,0.37600688590619535,True,0.0,18.126078919218116
classical_musopen_b5e0f49dce63__300s,classical_musopen_b5e0f49dce63,classical,validation,300.0,1.523895263671875,10.77012464404106,0.415224977010333,0.3947232812193146,0.3773841414415961,7.199999999999999,2.095510265514462,0.7857142857142857,0.9545454545454546,0.6961388412804266,True,0.0,21.600147347281222
classical_musopen_baea77fb0fba__180s,classical_musopen_baea77fb0fba,classical,validation,180.0,0.6727138757705688,11.920902758836746,0.3671018322511167,0.4382810699905109,0.3707933029669709,7.199999999999999,1.801782356243393,0.5222222222222223,0.8085106382978723,1.7979770009274736,True,0.0,14.267855994795145
classical_musopen_baea77fb0fba__300s,classical_musopen_baea77fb0fba,classical,validation,300.0,1.187821626663208,9.555354617536068,0.3971378305097781,0.3970165831800459,0.3675988902823969,7.199999999999999,1.9317640383961736,0.5222222222222223,0.8936170212765957,0.6312206742857827,True,0.0,17.107942337723635
classical_musopen_bb045bab8875__180s,classical_musopen_bb045bab8875,classical,discovery,180.0,2.043885946273804,13.000808745622637,0.3508823075231787,0.3539630995878338,0.3268973093391102,4.85,1.6424406600703336,0.3055555555555556,0.6363636363636364,1.4284097328366816,True,0.0,3.464649091184285
classical_musopen_bb045bab8875__300s,classical_musopen_bb045bab8875,classical,discovery,300.0,2.043885946273804,13.000808745622637,0.3508823075231787,0.3539630995878338,0.3268973093391102,4.85,1.6424406600703336,0.3055555555555556,0.6363636363636364,1.4284097328366816,True,0.0,3.464649091184285
classical_musopen_bb26f6675995__180s,classical_musopen_bb26f6675995,classical,validation,180.0,1.3724883794784546,12.961737185716627,0.3789284997949269,0.3422289814912873,0.3629577545229206,7.199999999999999,1.9427422207736007,0.4027777777777778,0.7586206896551724,0.7084664131017605,True,0.0,17.374186321595747
classical_musopen_bb26f6675995__300s,classical_musopen_bb26f6675995,classical,validation,300.0,1.8909683227539065,12.232895448803902,0.2907503270610945,0.3658536903322245,0.3573031189166295,7.199999999999999,2.096728511630157,0.4305555555555556,0.8387096774193549,1.8275612196642261,True,0.0,21.5415766244758
classical_musopen_c080ce7f8b19__180s,classical_musopen_c080ce7f8b19,classical,discovery,180.0,0.8693606853485107,10.810133621096613,0.3586451561335037,0.3544118192791178,0.351218703326917,7.099999999999999,1.4381539471054114,0.4821428571428571,0.8888888888888888,0.7842039721472823,True,0.0,8.834780496567586
classical_musopen_c080ce7f8b19__300s,classical_musopen_c080ce7f8b19,classical,discovery,300.0,1.0457110404968262,9.9210414737463,0.4059876866333597,0.3930278298938128,0.3767386362444144,7.199999999999999,1.66961153859243,0.4166666666666667,0.8666666666666667,0.5259963553818772,True,0.0,11.970415592472886
classical_musopen_c6602c75c700__180s,classical_musopen_c6602c75c700,classical,discovery,180.0,0.9496625065803528,12.582278303802012,0.4120134158956092,0.371213890453609,0.3788700098945668,6.549999999999999,1.831258617472057,0.4222222222222222,0.7894736842105263,0.5677627331180038,True,0.0,11.628461311561624
classical_musopen_c6602c75c700__300s,classical_musopen_c6602c75c700,classical,discovery,300.0,1.4261181354522705,12.05396094918251,0.39190938527864,0.3582096614413377,0.3723006260700858,7.0,1.8717879603909435,0.5111111111111111,0.8260869565217391,0.48433034454003576,True,0.0,14.650505316285127
classical_musopen_c678e65ee624__180s,classical_musopen_c678e65ee624,classical,discovery,180.0,1.933571457862854,12.790564835071564,0.3671257748536193,0.3030509639623845,0.3931079876167476,4.4,1.5413003942921777,0.3333333333333333,1.0,1.5081083502156019,True,0.0,2.015081477337342
classical_musopen_c678e65ee624__300s,classical_musopen_c678e65ee624,classical,discovery,300.0,1.933571457862854,12.790564835071564,0.3671257748536193,0.3030509639623845,0.3931079876167476,4.4,1.5413003942921777,0.3333333333333333,1.0,1.5081083502156019,True,0.0,2.015081477337342
classical_musopen_c787198261a5__180s,classical_musopen_c787198261a5,classical,discovery,180.0,1.45702862739563,6.710474111139774,0.2383557211448423,0.3433033253949121,0.3597161617592295,5.85,1.8184228612240645,0.6666666666666666,0.8,2.481875693640475,True,0.0,8.731583629505915
classical_musopen_c787198261a5__300s,classical_musopen_c787198261a5,classical,discovery,300.0,1.45702862739563,6.710474111139774,0.2383557211448423,0.3433033253949121,0.3597161617592295,5.85,1.8184228612240645,0.6666666666666666,0.8,2.481875693640475,True,0.0,8.731583629505915
classical_musopen_c867a2eeaae9__180s,classical_musopen_c867a2eeaae9,classical,discovery,180.0,1.6432490348815918,11.08512695133686,0.3311180470786145,0.2696182177072225,0.3942301723526596,4.05,1.4219580094968185,0.3392857142857143,0.7368421052631579,1.847696316342498,True,0.0,0.6563751603127211
classical_musopen_c867a2eeaae9__300s,classical_musopen_c867a2eeaae9,classical,discovery,300.0,1.6432490348815918,11.08512695133686,0.3311180470786145,0.2696182177072225,0.3942301723526596,4.05,1.4219580094968185,0.3392857142857143,0.7368421052631579,1.847696316342498,True,0.0,0.6563751603127211
classical_musopen_cc8d87d2b00c__180s,classical_musopen_cc8d87d2b00c,classical,discovery,180.0,1.122054100036621,13.887241773307323,0.5094421899778102,0.3868975047300552,0.3967825651020687,3.95,1.6546770144009255,0.4047619047619047,0.7058823529411765,1.5764314991420598,True,0.0,3.1359897694608008
classical_musopen_cc8d87d2b00c__300s,classical_musopen_cc8d87d2b00c,classical,discovery,300.0,1.122054100036621,13.887241773307323,0.5094421899778102,0.3868975047300552,0.3967825651020687,3.95,1.6546770144009255,0.4047619047619047,0.7058823529411765,1.5764314991420598,True,0.0,3.1359897694608008
classical_musopen_cd013009d6d8__180s,classical_musopen_cd013009d6d8,classical,discovery,180.0,1.6500673294067385,11.57649827003479,0.3384827609701277,0.2911854410270211,0.3615462402691196,5.85,1.5756634423471176,0.4888888888888889,0.7727272727272727,1.515211035357273,True,0.0,4.831677775725751
classical_musopen_cd013009d6d8__300s,classical_musopen_cd013009d6d8,classical,discovery,300.0,1.409325361251831,10.857941076159475,0.3614649600142536,0.3301481512379011,0.3707898019923881,5.3,1.5418071468495589,0.5333333333333333,0.8333333333333334,0.8161965913015614,True,0.0,2.993330504265784
classical_musopen_d2e3d82ad3e8__180s,classical_musopen_d2e3d82ad3e8,classical,discovery,180.0,2.2981925010681152,10.063524290919304,0.3365737721454732,0.4001674791921358,0.3242266155255877,6.2,1.261436185775509,0.4722222222222222,0.7058823529411765,1.9071461731173327,True,0.0,3.973902917424307
classical_musopen_d2e3d82ad3e8__300s,classical_musopen_d2e3d82ad3e8,classical,discovery,300.0,1.1505327224731443,8.61685560271144,0.3713952365454868,0.4240802313460147,0.3533482487061817,6.999999999999999,1.7763225968579677,0.5555555555555556,0.7,1.28300760899166,True,0.0,12.703592330140545
classical_musopen_d3fcd3c28c74__180s,classical_musopen_d3fcd3c28c74,classical,discovery,180.0,1.635653018951416,7.700822360813618,0.3150618729683412,0.2768010607070334,0.3815786480359051,6.299999999999999,1.928663462141344,0.6607142857142857,0.8648648648648649,2.1393909220007523,True,0.0,12.75872276165519
classical_musopen_d3fcd3c28c74__300s,classical_musopen_d3fcd3c28c74,classical,discovery,300.0,0.7428547739982605,9.34890516102314,0.3850777088278866,0.3459364924936369,0.3711326663921271,7.199999999999999,1.934556523910461,0.7678571428571429,0.8837209302325582,0.8237680238834075,True,0.0,17.189036739484074
classical_musopen_d70f00840b98__180s,classical_musopen_d70f00840b98,classical,discovery,180.0,0.6295855045318604,11.360062405467032,0.2980094500514721,0.3942594409934817,0.3849296763871636,3.95,1.466926957374688,0.3392857142857143,0.631578947368421,1.9429005560077537,True,0.0,0.9916358274172122
classical_musopen_d70f00840b98__300s,classical_musopen_d70f00840b98,classical,discovery,300.0,0.6295855045318604,11.360062405467032,0.2980094500514721,0.3942594409934817,0.3849296763871636,3.95,1.466926957374688,0.3392857142857143,0.631578947368421,1.9429005560077537,True,0.0,0.9916358274172122
classical_musopen_d80a81db9e9a__180s,classical_musopen_d80a81db9e9a,classical,validation,180.0,1.0100080966949463,10.481115683913233,0.4107401592438248,0.3663662071311847,0.4078977460947608,5.3,1.593380334488394,0.5694444444444444,0.8292682926829268,0.22365666926221084,True,0.0,3.5943030263418096
classical_musopen_d80a81db9e9a__300s,classical_musopen_d80a81db9e9a,classical,validation,300.0,0.8041464686393738,9.598944783210754,0.3297587696463721,0.3878330348547435,0.3925528217436161,7.199999999999999,1.8302907680062488,0.625,0.8444444444444444,1.3667244617025678,True,0.0,14.841462742226565
classical_musopen_d89f306017d2__180s,classical_musopen_d89f306017d2,classical,validation,180.0,0.877338171005249,10.471348345279694,0.3606611799305668,0.3617151270235625,0.3381197317229218,7.099999999999999,1.7701060916700695,0.5972222222222222,0.7906976744186046,0.7656491091201676,True,0.0,13.116330504423921
classical_musopen_d89f306017d2__300s,classical_musopen_d89f306017d2,classical,validation,300.0,1.1160190105438232,9.74613092839718,0.3950107703302417,0.3460742097549108,0.3860679270369223,7.199999999999999,1.958098014756355,0.5222222222222223,0.8085106382978723,0.49290821498858906,True,0.0,17.753487913507087
classical_musopen_d95ec9d17c06__180s,classical_musopen_d95ec9d17c06,classical,discovery,180.0,0.6669667363166809,11.598233088850977,0.351169241920046,0.2765662775056168,0.423021471687109,5.85,1.949580466282915,0.3333333333333333,0.8,1.6945667542016989,True,0.0,11.674380390174422
classical_musopen_d95ec9d17c06__300s,classical_musopen_d95ec9d17c06,classical,discovery,300.0,0.6669667363166809,11.598233088850977,0.351169241920046,0.2765662775056168,0.423021471687109,5.85,1.949580466282915,0.3333333333333333,0.8,1.6945667542016989,True,0.0,11.674380390174422
classical_musopen_d9826478969c__180s,classical_musopen_d9826478969c,classical,validation,180.0,1.149322748184204,10.98422084748745,0.3953353663550648,0.3903472776575144,0.4335862344611289,6.1,1.6398498511208222,0.6607142857142857,0.8648648648648649,0.5176350424287391,True,0.0,6.507660751667512
classical_musopen_d9826478969c__300s,classical_musopen_d9826478969c,classical,validation,300.0,1.188855528831482,12.148541390895844,0.350415016142218,0.3475387567765633,0.3713637176125455,6.65,1.8453881098831448,0.7321428571428571,0.8292682926829268,0.8083543279250439,True,0.0,12.371577202110718
classical_musopen_dbfd3cb8056d__180s,classical_musopen_dbfd3cb8056d,classical,discovery,180.0,1.1502894163131714,10.899929128587246,0.334427723002021,0.3297757376677029,0.3812366521926363,6.65,1.6192645176245617,0.5714285714285714,0.625,1.0294009567078308,True,0.0,8.466993850613662
classical_musopen_dbfd3cb8056d__300s,classical_musopen_dbfd3cb8056d,classical,discovery,300.0,1.192246437072754,12.561574280261992,0.3242859299070257,0.3659827731267719,0.3694217012823836,6.749999999999999,1.7710517205471588,0.5,0.8,1.2341130044586242,True,0.0,11.361700466009763
classical_musopen_dc68b3cf3d10__180s,classical_musopen_dc68b3cf3d10,classical,discovery,180.0,0.9592968821525574,9.8533943220973,0.3232304151786638,0.3377436335682859,0.3797885181594878,7.199999999999999,1.762031242939949,0.7142857142857143,0.8,1.2176675783463042,True,0.0,13.514280160269134
classical_musopen_dc68b3cf3d10__300s,classical_musopen_dc68b3cf3d10,classical,discovery,300.0,0.856907844543457,7.851993003860116,0.3397873013957089,0.3977394820541068,0.3630966927497461,7.199999999999999,1.80315817993892,0.7857142857142857,0.9090909090909092,1.4280259086680105,True,0.0,14.349943489341534
classical_musopen_e09675b49c01__180s,classical_musopen_e09675b49c01,classical,validation,180.0,1.309791088104248,11.779325857758522,0.317750118666927,0.3520107745143335,0.3766248323001672,7.1,1.8219807357466788,0.6071428571428571,0.7058823529411765,1.2015367715840477,True,0.0,14.124730901660186
classical_musopen_e09675b49c01__300s,classical_musopen_e09675b49c01,classical,validation,300.0,1.3049479722976685,12.756631761789322,0.4120652147211369,0.3507369431685367,0.3743696521156892,7.099999999999999,1.9506301448977064,0.5714285714285714,0.625,0.5486661327298668,True,0.0,17.02135266605439
classical_musopen_e0aa0ba751f5__180s,classical_musopen_e0aa0ba751f5,classical,discovery,180.0,1.870948910713196,12.00745177268982,0.377258947800091,0.3310377123298736,0.3807502831759104,6.0,1.345336512030782,0.6527777777777778,0.8085106382978723,1.140347563377793,True,0.0,3.479102979950279
classical_musopen_e0aa0ba751f5__300s,classical_musopen_e0aa0ba751f5,classical,discovery,300.0,1.9666335582733157,11.484947763383389,0.3731547919790013,0.3265365872707082,0.3812778672549591,6.55,1.5199966096547082,0.6527777777777778,0.851063829787234,1.2856193228849897,True,0.0,6.855263572339237
classical_musopen_e0dc320f51e3__180s,classical_musopen_e0dc320f51e3,classical,discovery,180.0,2.2915608882904053,10.092597365379332,0.4101717841854224,0.3261040423524547,0.4528502742418988,3.75,1.2587299094284292,0.3055555555555556,0.7272727272727273,1.770507495830911,True,0.0,0.01950216427165394
classical_musopen_e0dc320f51e3__300s,classical_musopen_e0dc320f51e3,classical,discovery,300.0,2.2915608882904053,10.092597365379332,0.4101717841854224,0.3261040423524547,0.4528502742418988,3.75,1.2587299094284292,0.3055555555555556,0.7272727272727273,1.770507495830911,True,0.0,0.01950216427165394
classical_musopen_e542fa316458__180s,classical_musopen_e542fa316458,classical,validation,180.0,1.3290642499923706,12.154610976576803,0.3417950579112634,0.344305627672431,0.3484820566119906,7.1,1.891967812085512,0.5972222222222222,0.7906976744186046,0.9232483918494344,True,0.0,15.630566891673338
classical_musopen_e542fa316458__300s,classical_musopen_e542fa316458,classical,validation,300.0,1.0499448776245115,11.32044422905892,0.3693571332727699,0.3799808889500745,0.3610551460134988,7.199999999999999,1.9951893622023096,0.6111111111111112,0.7727272727272727,0.6936077079626091,True,0.0,18.702828686917933
classical_musopen_e92198fc7b0d__180s,classical_musopen_e92198fc7b0d,classical,holdout,180.0,0.9657503962516784,10.843393966555595,0.3058631729747497,0.3564830735111756,0.3493681905758024,7.1,1.6664323585603824,0.6111111111111112,0.8636363636363636,1.4062134171005292,True,0.0,11.375818606678866
classical_musopen_e92198fc7b0d__300s,classical_musopen_e92198fc7b0d,classical,holdout,300.0,0.8934175968170166,11.724757447838783,0.3317996632473989,0.3827548760078077,0.3578011570957593,7.199999999999999,1.8102834557889904,0.6666666666666666,0.8333333333333334,1.2892209761828235,True,0.0,14.436004804026613
classical_musopen_e979457eb8b9__180s,classical_musopen_e979457eb8b9,classical,discovery,180.0,6.1444993019104,11.295417133718727,0.2386453299719222,0.3233772801515561,0.3494688866169929,7.1,1.7198650186183837,0.2222222222222222,0.4,6.933053331786011,False,1376.9485459025047,13.272998546615668
classical_musopen_e979457eb8b9__300s,classical_musopen_e979457eb8b9,classical,discovery,300.0,2.110755205154419,12.206981647759676,0.4085457923760162,0.2391169159755995,0.3734794513266052,7.199999999999999,1.971643946252104,0.5178571428571429,0.6896551724137931,2.6072719233924517,True,0.0,18.094756174722736
classical_musopen_f0ef963b9b80__180s,classical_musopen_f0ef963b9b80,classical,holdout,180.0,1.2760231494903564,10.53164368122816,0.336285178472882,0.269372937834046,0.3714349494587965,6.299999999999999,1.687646373391232,0.6111111111111112,0.7727272727272727,1.7577845663053104,True,0.0,7.974056382541233
classical_musopen_f0ef963b9b80__300s,classical_musopen_f0ef963b9b80,classical,holdout,300.0,1.4250664710998535,12.113367304205894,0.368613285669736,0.3428059395649943,0.3639346063210523,6.75,1.7906453287757331,0.6805555555555556,0.8571428571428571,0.6912932544666233,True,0.0,11.732436651712776
classical_musopen_f1de65f9d30b__180s,classical_musopen_f1de65f9d30b,classical,discovery,180.0,1.130476474761963,10.293823897838593,0.374498998723189,0.4341913619901784,0.3735363896687323,5.4,1.7528248126084935,0.6666666666666666,1.0,1.393169389870565,True,0.0,6.486750059546169
classical_musopen_f1de65f9d30b__300s,classical_musopen_f1de65f9d30b,classical,discovery,300.0,1.130476474761963,10.293823897838593,0.374498998723189,0.4341913619901784,0.3735363896687323,5.4,1.7528248126084935,0.6666666666666666,1.0,1.393169389870565,True,0.0,6.486750059546169
classical_musopen_f6b26962c493__180s,classical_musopen_f6b26962c493,classical,validation,180.0,2.093338251113892,9.782031998038292,0.3734917726544691,0.3111332019098092,0.3730756683813937,7.199999999999999,1.9312248312154616,0.8571428571428571,0.9444444444444444,1.6548409172846719,True,0.0,17.608633035199855
classical_musopen_f6b26962c493__300s,classical_musopen_f6b26962c493,classical,validation,300.0,0.9946318864822388,10.908493891358376,0.3551599513403238,0.3645213400226939,0.3621263075476397,7.199999999999999,2.045386296140128,0.7142857142857143,0.9,0.7642083692658918,True,0.0,20.06227284749105
classical_musopen_f88042497771__180s,classical_musopen_f88042497771,classical,holdout,180.0,1.337247610092163,10.556234076619148,0.3223466199935985,0.3382669478511266,0.3202928660848664,4.85,1.4479330828486907,0.6388888888888888,0.7391304347826086,1.1434871921296395,True,0.0,1.3457213989391228
classical_musopen_f88042497771__300s,classical_musopen_f88042497771,classical,holdout,300.0,1.5187727212905884,10.334432274103165,0.3299217617989573,0.3685271721835721,0.3790834741191135,5.3,1.3995131886094114,0.6527777777777778,0.7659574468085106,1.1331325734012918,True,0.0,1.805322167623623
classical_musopen_fcb18467286d__180s,classical_musopen_fcb18467286d,classical,validation,180.0,1.240906834602356,13.33358809351921,0.2634456485698758,0.3298843914900315,0.3832826953116773,6.899999999999999,1.875550035868569,0.5357142857142857,0.8,1.9817969713790626,True,0.0,14.222769156324592
classical_musopen_fcb18467286d__300s,classical_musopen_fcb18467286d,classical,validation,300.0,0.9607226252555848,11.761095494031906,0.3220610793663885,0.2962121828697924,0.3619351401064389,7.199999999999999,2.0112264541411164,0.5138888888888888,0.7027027027027027,1.4816416148063312,True,0.0,19.127812767116943
classical_musopen_fe9f4f266c55__180s,classical_musopen_fe9f4f266c55,classical,validation,180.0,1.1369385719299316,10.210810974240305,0.4314881878333775,0.3165714184415343,0.4238746396396231,4.85,1.576938527313673,0.6964285714285714,0.7692307692307693,1.0670737080184078,True,0.0,2.6064700646868944
classical_musopen_fe9f4f266c55__300s,classical_musopen_fe9f4f266c55,classical,validation,300.0,2.289470195770264,9.63874189183116,0.3789296870919295,0.376583709377787,0.380527176314879,5.199999999999999,1.5657965484729952,0.7142857142857143,0.85,1.59759931842488,True,0.0,3.055476691872032
focus_jamendo_0016398__180s,focus_jamendo_0016398,focus,holdout,180.0,1.253157615661621,9.569644689559937,0.4624765776183001,0.4304328668724647,0.3551111745782679,3.65,1.1773873656203802,0.5,0.7222222222222222,1.2029276074103967,True,0.0,0.0
focus_jamendo_0016398__300s,focus_jamendo_0016398,focus,holdout,300.0,1.0295716524124146,9.087895303964617,0.4646524293262139,0.4459618267170679,0.3296884617438757,3.1,1.1247496137810034,0.625,0.8,1.4322735266156892,True,0.0,0.0
focus_jamendo_0214220__180s,focus_jamendo_0214220,focus,holdout,180.0,1.010048747062683,10.823551043868065,0.4089698286192562,0.3375493796032964,0.3882274328485118,2.3,0.9577468362553406,0.5694444444444444,0.8780487804878049,0.5430634537319916,True,0.0,0.0
focus_jamendo_0214220__300s,focus_jamendo_0214220,focus,holdout,300.0,1.08158540725708,12.747952550649645,0.4178880957066072,0.3441711049654921,0.3837528317410851,2.9,0.9792837455788962,0.3333333333333333,0.5,0.600346384331414,True,0.0,0.04451202819978898
focus_jamendo_1027423__180s,focus_jamendo_1027423,focus,discovery,180.0,2.7655229568481445,12.618428820744157,0.3852253310431156,0.3518766901702758,0.3534075834879894,4.1,1.2978376488551255,0.3571428571428571,0.8,2.203404402707151,True,0.0,0.08867312916583713
focus_jamendo_1027423__300s,focus_jamendo_1027423,focus,discovery,300.0,3.149507522583008,9.179313111118972,0.3486638979788655,0.3024952441703335,0.3704146696368152,3.85,1.327205687939276,0.4583333333333333,0.6060606060606061,3.0112902103294763,True,0.0,0.1755748172576541
focus_jamendo_1027427__180s,focus_jamendo_1027427,focus,discovery,180.0,1.3845173120498655,10.380163375288248,0.3482510891275363,0.385964956032724,0.3174659057599616,1.4999999999999998,0.8141629680523175,0.5277777777777778,0.8421052631578947,0.9793911492352486,True,0.0,0.0
focus_jamendo_1027427__300s,focus_jamendo_1027427,focus,discovery,300.0,1.6210829019546509,9.911839418113232,0.3100270948221718,0.3167132638179799,0.2962401004445124,2.5,0.8572623830310135,0.4555555555555555,0.7317073170731707,1.52102864712505,True,0.0,0.0
focus_jamendo_1027938__180s,focus_jamendo_1027938,focus,discovery,180.0,2.3769264221191406,11.189501114189625,0.4360779892351593,0.365833616797143,0.4378398270909263,4.2,0.8199664713135929,0.5952380952380952,0.72,1.7427014066227307,True,0.0,0.008961777777777874
focus_jamendo_1027938__300s,focus_jamendo_1027938,focus,discovery,300.0,0.9321107268333436,11.078597377985716,0.4460923883140844,0.4295214976863012,0.4142854753887173,4.55,0.90088341090178,0.6666666666666666,0.7857142857142857,1.1796994842433701,True,0.0,0.1814760000000002
focus_jamendo_1027941__180s,focus_jamendo_1027941,focus,discovery,180.0,1.134907364845276,9.635415684431791,0.4766012552684088,0.3682817929734909,0.3999822448118961,2.85,0.8970579795825472,0.2857142857142857,0.625,1.0063962317348223,True,0.0,0.025784850363126288
focus_jamendo_1027941__300s,focus_jamendo_1027941,focus,discovery,300.0,0.9649129509925842,12.33351588435471,0.479129498333078,0.4238042360733139,0.4305615212130339,3.1,0.8252715248419586,0.4642857142857143,0.6923076923076923,1.3620336413020848,True,0.0,0.0
focus_jamendo_1056129__180s,focus_jamendo_1056129,focus,discovery,180.0,1.160980463027954,10.158359855413435,0.4638083835382406,0.3813027255336347,0.373969030666535,2.65,0.9169098716578632,0.95,0.9473684210526316,0.7736356793848009,True,0.0,1.7497322553773904
focus_jamendo_1056129__300s,focus_jamendo_1056129,focus,discovery,300.0,0.8577342629432678,8.5955860754475,0.4976798796597447,0.4672737227834734,0.4829431275762116,3.25,0.9467719739696632,0.4285714285714285,0.8333333333333334,1.9196145852712825,True,0.0,0.0
focus_jamendo_1056135__180s,focus_jamendo_1056135,focus,discovery,180.0,1.3789019584655762,10.902863807976246,0.5001530357077589,0.4610971031160969,0.4516603920196851,2.75,0.8719546029466017,0.3809523809523809,0.625,1.877893485052338,True,0.0,0.0
focus_jamendo_1056135__300s,focus_jamendo_1056135,focus,discovery,300.0,1.3789019584655762,10.902863807976246,0.5001530357077589,0.4610971031160969,0.4516603920196851,2.75,0.8719546029466017,0.3809523809523809,0.625,1.877893485052338,True,0.0,0.0
focus_jamendo_1068406__180s,focus_jamendo_1068406,focus,validation,180.0,0.9460158348083496,7.760978899896145,0.3840155069729716,0.3066302667983709,0.3501042448211723,3.6999999999999993,0.8321399515610132,0.3392857142857143,0.7368421052631579,1.4427691345238804,True,0.0,0.0
focus_jamendo_1068406__300s,focus_jamendo_1068406,focus,validation,300.0,2.133042097091675,6.801709972321987,0.3538149508919562,0.2779353927968683,0.3459871267063341,3.8,0.9068445777959648,0.3928571428571428,0.8181818181818182,2.4525520114178176,True,0.0,0.0
focus_jamendo_1077172__180s,focus_jamendo_1077172,focus,holdout,180.0,2.395447969436645,10.821036338806152,0.4299520548345115,0.4513983341343585,0.3788340164529906,4.5,1.5517652479571429,0.4821428571428571,0.7407407407407407,2.2179551057193807,True,0.0,1.955200574532722
focus_jamendo_1077172__300s,focus_jamendo_1077172,focus,holdout,300.0,2.395447969436645,10.821036338806152,0.4299520548345115,0.4513983341343585,0.3788340164529906,4.5,1.5517652479571429,0.4821428571428571,0.7407407407407407,2.2179551057193807,True,0.0,1.955200574532722
focus_jamendo_1077186__180s,focus_jamendo_1077186,focus,holdout,180.0,1.0244252681732178,10.794708408415318,0.4042054001753827,0.3287526801033796,0.4053762642637082,4.199999999999999,1.0796341015180788,0.5357142857142857,0.5333333333333333,0.6735240046560632,True,0.0,0.008961777777777716
focus_jamendo_1077186__300s,focus_jamendo_1077186,focus,holdout,300.0,0.868772566318512,8.467463061213493,0.4037332299643001,0.445246421832728,0.4160420918537189,4.85,1.202397231882047,0.4722222222222222,0.6470588235294118,1.4948113012339168,True,0.0,0.5041000000000001
focus_jamendo_1081641__180s,focus_jamendo_1081641,focus,discovery,180.0,1.1678529977798462,10.880543619394302,0.5094281316930901,0.352079998593425,0.4379425274330532,3.6,1.1297673921290112,0.3666666666666666,0.9090909090909092,1.4947830612076494,True,0.0,0.0
focus_jamendo_1081641__300s,focus_jamendo_1081641,focus,discovery,300.0,0.9948820471763612,11.008576549589634,0.4448648944796313,0.41715899094824,0.4505921614144753,3.6,1.0332104792177876,0.4761904761904761,0.9,0.9625095628434619,True,0.0,0.0
focus_jamendo_1081643__180s,focus_jamendo_1081643,focus,discovery,180.0,1.178812026977539,7.304298404604195,0.4325680062932076,0.4414620659743929,0.5294988021074181,3.05,1.184866131938234,0.5,0.8571428571428571,1.4249623498767123,True,0.0,0.0
focus_jamendo_1081643__300s,focus_jamendo_1081643,focus,discovery,300.0,2.732807874679565,8.100198293104768,0.4931226979941885,0.4456361112415569,0.5387857429562156,3.6,1.2881950737360277,0.5238095238095238,0.9090909090909092,2.7790501375351293,True,0.0,0.06655067903960481
focus_jamendo_1089784__180s,focus_jamendo_1089784,focus,validation,180.0,2.761925220489502,13.573198139667513,0.3396507388447705,0.3171503276806208,0.3805154137711355,3.95,0.7326215266735031,0.3333333333333333,0.7142857142857143,2.4026944845810583,True,0.0,0.0
focus_jamendo_1089784__300s,focus_jamendo_1089784,focus,validation,300.0,2.761925220489502,13.573198139667513,0.3396507388447705,0.3171503276806208,0.3805154137711355,3.95,0.7326215266735031,0.3333333333333333,0.7142857142857143,2.4026944845810583,True,0.0,0.0
focus_jamendo_1092684__180s,focus_jamendo_1092684,focus,discovery,180.0,1.4571374654769895,17.775491509586573,0.331733908145657,0.302824787079464,0.3681266442636424,2.4,0.5300236973527692,0.5,0.0,2.052306712143934,True,0.0,11.485056984734245
focus_jamendo_1092684__300s,focus_jamendo_1092684,focus,discovery,300.0,0.9177072048187256,5.198832586407661,0.3261288559017749,0.3763783080979467,0.3963848267716829,2.45,0.6978043007573554,0.5,0.0,1.839788125282633,True,0.0,11.395079219145984
focus_jamendo_1093823__180s,focus_jamendo_1093823,focus,holdout,180.0,1.0001715421676636,10.7681043446064,0.2982847261279907,0.3328209219069759,0.3872435253704809,4.3,0.964852291781784,0.5,0.0,1.487006269123894,True,0.0,11.430926330257096
focus_jamendo_1093823__300s,focus_jamendo_1093823,focus,holdout,300.0,0.9559897184371948,9.186370011419058,0.3632507513233721,0.333620312247309,0.399044868145029,4.299999999999999,1.0330777438486254,0.5,0.0,0.9284144913988459,True,0.0,11.430926330257094
focus_jamendo_1093829__180s,focus_jamendo_1093829,focus,holdout,180.0,1.0539608001708984,19.19476382061839,0.3774536942124171,0.2868822111086626,0.3788107788097163,2.15,1.0266403692159765,0.6666666666666666,1.0,2.2946969792676586,True,0.0,0.23704630402254398
focus_jamendo_1093829__300s,focus_jamendo_1093829,focus,holdout,300.0,0.8477320075035095,11.777007692027835,0.4025341535275339,0.4035270775572074,0.3897473134466336,1.95,0.9288940283959076,0.65,0.7692307692307693,0.9156430824811289,True,0.0,0.0
focus_jamendo_1097142__180s,focus_jamendo_1097142,focus,validation,180.0,0.7063583731651306,9.779666110873222,0.3685917096107077,0.3584360529912985,0.3649377923361029,4.75,1.189583970939334,0.9333333333333332,0.9285714285714286,0.8740136183370641,True,0.0,1.830242363955447
focus_jamendo_1097142__300s,focus_jamendo_1097142,focus,validation,300.0,2.411418437957764,12.157687902450562,0.3695907937165115,0.370885637228535,0.3514586535842428,5.1,1.198721393700138,0.6904761904761905,0.896551724137931,1.7547336997603307,True,0.0,0.896177777777778
focus_jamendo_1101389__180s,focus_jamendo_1101389,focus,discovery,180.0,1.5157461166381836,5.831277345307171,0.3867032362827394,0.5548728149162366,0.3263674032409188,2.55,0.954614860114607,0.3392857142857143,0.631578947368421,3.4464385290569117,False,0.8426640637239512,0.0
focus_jamendo_1101389__300s,focus_jamendo_1101389,focus,discovery,300.0,0.978264093399048,9.586843052878976,0.4069167513107006,0.4344016130470514,0.3910292973342793,3.0499999999999994,0.8874060284417649,0.35,0.8571428571428571,1.2332851494873822,True,0.0,0.0
focus_jamendo_1101393__180s,focus_jamendo_1101393,focus,discovery,180.0,0.9833030104637146,11.06811062246561,0.3631031683804734,0.3612328585363536,0.3222385327151392,2.3,0.6840324153256114,0.6666666666666666,0.75,0.6601133547806538,True,0.0,0.0
focus_jamendo_1101393__300s,focus_jamendo_1101393,focus,discovery,300.0,0.970550000667572,10.706640936434267,0.3928949192421292,0.3762188887266069,0.3699271612176844,2.6499999999999995,0.7138815737963953,0.7666666666666667,0.8695652173913043,0.41314746315141126,True,0.0,0.011986758949800528
focus_jamendo_1106739__180s,focus_jamendo_1106739,focus,discovery,180.0,1.013738036155701,9.72121601179242,0.4165506292721097,0.3074362521237267,0.4425166952420354,1.6,0.7987251163366713,0.95,0.9473684210526316,1.1884584117167771,True,0.0,1.7497322553773904
focus_jamendo_1106739__300s,focus_jamendo_1106739,focus,discovery,300.0,1.013738036155701,9.72121601179242,0.4165506292721097,0.3074362521237267,0.4425166952420354,1.6,0.7987251163366713,0.95,0.9473684210526316,1.1884584117167771,True,0.0,1.7497322553773904
focus_jamendo_1106747__180s,focus_jamendo_1106747,focus,discovery,180.0,1.1592828035354614,10.673459451645613,0.5659924775210031,0.3638723060680257,0.4871459356228206,2.45,0.6835082940925356,0.3888888888888889,0.6428571428571429,2.1999501178933243,True,0.0,0.0
focus_jamendo_1106747__300s,focus_jamendo_1106747,focus,discovery,300.0,0.8078687787055969,10.830722406506538,0.6461772337712965,0.4379923525304669,0.5375165042886879,2.45,0.7335678090032641,0.6428571428571429,0.8333333333333334,3.1886897036978885,True,0.0,0.0
focus_jamendo_1120647__180s,focus_jamendo_1120647,focus,validation,180.0,1.8355828523635864,11.103430554270744,0.3862530664603585,0.4393452333762105,0.3684642758797348,3.0,0.96467652468959,0.5357142857142857,0.7333333333333333,1.6568971803684243,True,0.0,0.0
focus_jamendo_1120647__300s,focus_jamendo_1120647,focus,validation,300.0,1.8355828523635864,11.103430554270744,0.3862530664603585,0.4393452333762105,0.3684642758797348,3.0,0.96467652468959,0.5357142857142857,0.7333333333333333,1.6568971803684243,True,0.0,0.0
focus_jamendo_1127596__180s,focus_jamendo_1127596,focus,validation,180.0,1.5934683084487915,10.564636282622814,0.5060425343379868,0.3883261183473897,0.4773682006493443,2.2,0.8228988481207044,0.6333333333333333,0.8421052631578947,1.4953114049985856,True,0.0,0.0
focus_jamendo_1127596__300s,focus_jamendo_1127596,focus,validation,300.0,1.4405003786087036,13.277499028481545,0.5278863620681237,0.3921113991943504,0.4560019200780456,3.45,0.7590176805579352,0.6666666666666666,0.9,1.7998687746935766,True,0.0,0.0
focus_jamendo_1128146__180s,focus_jamendo_1128146,focus,discovery,180.0,1.1826165914535522,11.465333491563795,0.4490161426878325,0.4574348066943637,0.5975600721474174,3.6,1.459600671520053,0.3928571428571428,0.8181818181818182,1.6301948830152528,True,0.0,0.9323157793203007
focus_jamendo_1128146__300s,focus_jamendo_1128146,focus,discovery,300.0,4.506207942962647,10.679077502340078,0.4301593271347326,0.3470853532964298,0.6091437699559984,4.1,1.54172671685151,0.5535714285714286,0.7741935483870968,4.638907819736877,False,111.50292578160658,1.701968068821818
focus_jamendo_1128147__180s,focus_jamendo_1128147,focus,discovery,180.0,0.7921658158302307,10.025585740804672,0.4406289324693979,0.3110381323789731,0.3598154086586323,1.85,0.8116599913152308,0.6666666666666666,0.7857142857142857,1.3081482514308513,True,0.0,0.0
focus_jamendo_1128147__300s,focus_jamendo_1128147,focus,discovery,300.0,2.2115683555603027,7.657226394396275,0.4417832259459489,0.5330834710337663,0.4928102479706595,2.8,1.017143690641711,0.6785714285714286,0.8421052631578947,3.1659863888415494,True,0.0,0.0
focus_jamendo_1128887__180s,focus_jamendo_1128887,focus,validation,180.0,1.248101830482483,9.797536969184875,0.4152016666341835,0.3707313600092763,0.3870286007132365,4.0,0.9723207824635074,0.7,0.7142857142857143,0.3202589529395129,True,0.0,0.0
focus_jamendo_1128887__300s,focus_jamendo_1128887,focus,validation,300.0,1.7347720861434937,11.143880870193245,0.4323344504333491,0.354341971102745,0.3677967180655785,4.9,0.9216080873712332,0.4166666666666667,0.8,0.9354159658595517,True,0.0,0.5735537777777789
focus_jamendo_1129320__180s,focus_jamendo_1129320,focus,holdout,180.0,5.205216407775879,10.651096036657693,0.3139037562476597,0.3427548450226454,0.3727211206192495,3.8,1.1359385322120223,0.3333333333333333,0.6666666666666666,5.531969874301183,False,385.83642974841234,0.0
focus_jamendo_1129320__300s,focus_jamendo_1129320,focus,holdout,300.0,3.32093358039856,10.948233231902122,0.33040159169364,0.3063921726954812,0.3729629777487313,3.8,1.189685985371905,0.4166666666666667,0.7333333333333333,3.142259961069282,True,0.0,0.0
focus_jamendo_1129323__180s,focus_jamendo_1129323,focus,holdout,180.0,3.640234470367432,9.72588824480772,0.2568604011613411,0.3457551246818799,0.3437034248518308,4.5,1.6782512790368909,0.4642857142857143,0.7692307692307693,3.76671331043298,False,10.421003962005848,3.633526383190681
focus_jamendo_1129323__300s,focus_jamendo_1129323,focus,holdout,300.0,3.640234470367432,9.72588824480772,0.2568604011613411,0.3457551246818799,0.3437034248518308,4.5,1.6782512790368909,0.4642857142857143,0.7692307692307693,3.76671331043298,False,10.421003962005848,3.633526383190681
focus_jamendo_1130216__180s,focus_jamendo_1130216,focus,discovery,180.0,1.0444951057434082,12.614616066217422,0.4290502925523893,0.3963256509946497,0.320834601846612,2.6,0.6681796076938445,0.9285714285714286,0.9230769230769232,0.8004258901917767,True,0.0,1.3760310018903583
focus_jamendo_1130216__300s,focus_jamendo_1130216,focus,discovery,300.0,0.9384618997573853,12.109040930867195,0.3994789853406761,0.4052286187055242,0.3210478233739858,2.15,0.7100878579471352,0.9761904761904762,0.975609756097561,0.9427992864853884,True,0.0,2.318321097885447
focus_jamendo_1130360__180s,focus_jamendo_1130360,focus,discovery,180.0,1.3555692434310913,11.313956633210182,0.4407528056275714,0.4426331879521331,0.4499377605801301,2.3999999999999995,1.2611700490524904,0.4666666666666667,0.8571428571428571,1.384650339467503,True,0.0,0.02143600088638132
focus_jamendo_1130360__300s,focus_jamendo_1130360,focus,discovery,300.0,0.8253040313720703,9.670152708888054,0.4314247608216928,0.4541815058074979,0.483249974779368,2.6,1.3638185644100234,0.5333333333333333,0.75,1.564573762991517,True,0.0,0.3250830333494751
focus_jamendo_1130372__180s,focus_jamendo_1130372,focus,discovery,180.0,0.8315194845199585,7.762127939611673,0.455693557329986,0.3920724855420967,0.3749948799175006,2.8999999999999995,0.9385112256507616,0.5,0.7142857142857143,1.0686056938255228,True,0.0,0.0
focus_jamendo_1130372__300s,focus_jamendo_1130372,focus,discovery,300.0,1.2680121660232544,9.102735675871372,0.4785549348988376,0.4297881357833143,0.4325170292679313,3.55,1.0496545749070492,0.5714285714285714,0.75,1.3212536835841784,True,0.0,0.0
focus_jamendo_1130830__180s,focus_jamendo_1130830,focus,discovery,180.0,1.0471901893615725,12.145751163363457,0.4583032399198279,0.3995211814728288,0.4210204398370277,2.5,0.829129171514935,0.4166666666666667,0.5333333333333333,0.9125545416470571,True,0.0,0.0
focus_jamendo_1130830__300s,focus_jamendo_1130830,focus,discovery,300.0,1.2068642377853394,10.81689155101776,0.4886378759848578,0.4506244594279019,0.3578605731411209,2.95,0.8548576504205223,0.5555555555555556,0.65,1.6335444312485665,True,0.0,0.0
focus_jamendo_1154294__180s,focus_jamendo_1154294,focus,holdout,180.0,0.7554686069488525,11.80860178731382,0.3509846200915123,0.3571248650492659,0.3445924972464388,2.6499999999999995,0.9843289746478928,0.75,0.9333333333333332,1.0076080326091654,True,0.0,0.004214156515956143
focus_jamendo_1154294__300s,focus_jamendo_1154294,focus,holdout,300.0,1.5608153343200684,11.664793903008103,0.394977339198669,0.3298124824271881,0.3765725998733498,2.35,1.0307173228371014,0.7,0.7619047619047619,0.8137936830611167,True,0.0,0.0
focus_jamendo_1154298__180s,focus_jamendo_1154298,focus,holdout,180.0,1.041380763053894,10.5022354722023,0.4824268746608932,0.3806502802837441,0.3834081997777758,1.7499999999999998,0.9038615418537512,0.5555555555555556,0.85,1.0011227015138582,True,0.0,0.0
focus_jamendo_1154298__300s,focus_jamendo_1154298,focus,holdout,300.0,1.3115174770355225,10.010794632136822,0.4639644175806737,0.3913362697887195,0.4013309595097541,2.5,0.8989084364630412,0.5694444444444444,0.8292682926829268,0.8535141659934182,True,0.0,0.0
focus_jamendo_1154856__180s,focus_jamendo_1154856,focus,discovery,180.0,2.1816720962524414,9.770524262450635,0.4043506993473501,0.371348164290276,0.3668108542036279,3.35,1.02578585664078,0.3214285714285714,0.4444444444444444,1.4261767630715858,True,0.0,0.3165299783096108
focus_jamendo_1154856__300s,focus_jamendo_1154856,focus,discovery,300.0,1.5991473197937012,9.07975671812892,0.4276753788992061,0.3904950640165318,0.3690617981980281,4.25,1.0427641444494211,0.25,0.4285714285714285,0.86348420809923,True,0.0,0.6160052619741783
focus_jamendo_1154857__180s,focus_jamendo_1154857,focus,discovery,180.0,0.7615978717803955,10.350177069194617,0.3676251289771004,0.34694287328721,0.3545451568001685,5.65,1.4299562382831743,0.85,0.9411764705882352,0.8191929850215651,True,0.0,3.308679859964782
focus_jamendo_1154857__300s,focus_jamendo_1154857,focus,discovery,300.0,0.7233886122703552,12.93273465707898,0.3595041248827051,0.3472496525068071,0.3725875130917301,6.0,1.5118411502757731,0.7,0.8571428571428571,1.056247716204646,True,0.0,4.6304881174932895
focus_jamendo_1156277__180s,focus_jamendo_1156277,focus,discovery,180.0,0.8797833919525146,10.252641174942257,0.371126148883262,0.3301926566899645,0.3961570323219989,3.1499999999999995,0.9754678592142808,0.95,0.9473684210526316,0.8347534694998507,True,0.0,1.7497322553773904
focus_jamendo_1156277__300s,focus_jamendo_1156277,focus,discovery,300.0,1.3371371030807495,9.69500871002674,0.4107074136403059,0.3317487688721899,0.3785556167644849,3.9499999999999993,0.9602045846515632,1.0,1.0,0.8003723994110511,True,0.0,2.934067067727646
focus_jamendo_1156386__180s,focus_jamendo_1156386,focus,validation,180.0,0.7779524326324463,6.758417192846537,0.4600865684848677,0.4752788090649895,0.4707864271449955,3.4,1.291486636608837,0.4047619047619047,0.7058823529411765,2.0250464909621875,True,0.0,0.07374608387304367
focus_jamendo_1156386__300s,focus_jamendo_1156386,focus,validation,300.0,1.015160322189331,9.009939147159455,0.531425289275894,0.5084161989955347,0.4690324283363625,4.5,1.415776312354461,0.6904761904761905,0.896551724137931,2.6226839295375726,True,0.0,0.7590652597105081
focus_jamendo_1161853__180s,focus_jamendo_1161853,focus,validation,180.0,1.5742264986038208,9.811391770839691,0.3246179331811499,0.3561266469506506,0.3151676731295853,4.55,1.4826061084483506,0.5238095238095238,0.8181818181818182,1.2138558117595415,True,0.0,1.3062110716503768
focus_jamendo_1161853__300s,focus_jamendo_1161853,focus,validation,300.0,1.5742264986038208,9.811391770839691,0.3246179331811499,0.3561266469506506,0.3151676731295853,4.55,1.4826061084483506,0.5238095238095238,0.8181818181818182,1.2138558117595415,True,0.0,1.3062110716503768
focus_jamendo_1248571__180s,focus_jamendo_1248571,focus,holdout,180.0,0.8913154006004333,7.722071535885334,0.3630839962675998,0.4142322940306728,0.3699052845715578,3.65,1.3413721030985233,0.4,0.75,1.3682874999037564,True,0.0,0.22800415523413528
focus_jamendo_1248571__300s,focus_jamendo_1248571,focus,holdout,300.0,0.6676908135414124,12.529218912124634,0.4013732344459095,0.3877035016569741,0.3706393898422843,3.35,1.2757308398615903,0.35,0.8571428571428571,0.98027905083484,True,0.0,0.04265040793956574
focus_jamendo_1250838__180s,focus_jamendo_1250838,focus,discovery,180.0,1.8583085536956787,23.083322390913963,0.3865141565850801,0.269209058713756,0.3969080271838025,1.0,0.8920276824757233,0.4166666666666667,0.8,3.3294996332927616,False,0.015774512944290008,0.03952144000000008
focus_jamendo_1250838__300s,focus_jamendo_1250838,focus,discovery,300.0,0.8398465514183044,28.53810408711433,0.3874842237097269,0.4288397803515656,0.4125380404921679,2.3999999999999995,0.9681157810538902,0.2666666666666666,0.5,5.030025893924837,False,205.66971092207237,0.12613723590184975
focus_jamendo_1272579__180s,focus_jamendo_1272579,focus,holdout,180.0,1.397855281829834,11.557925917208197,0.3559266113740897,0.4040914062917423,0.3710678786388072,4.85,1.4035494089925034,0.5,0.8571428571428571,1.1632305489142272,True,0.0,1.0431145002064524
focus_jamendo_1272579__300s,focus_jamendo_1272579,focus,holdout,300.0,4.160831451416016,9.793743968009949,0.3688201136958391,0.2951151516525204,0.3851544600812729,5.4,1.3494751870490254,0.4444444444444444,0.75,4.305066255280095,False,57.35978476751164,1.7756090032323442
focus_jamendo_1302666__180s,focus_jamendo_1302666,focus,discovery,180.0,0.9131729006767272,10.79773347079754,0.3737504112806625,0.3821500343540074,0.3691782936818243,2.4,0.8700285075831373,0.7,0.8571428571428571,0.7202225216816017,True,0.0,0.0
focus_jamendo_1302666__300s,focus_jamendo_1302666,focus,discovery,300.0,0.7453585863113403,11.031248539686205,0.3954376669204694,0.4103534824371213,0.3978061515326198,3.3999999999999995,0.996277429773927,0.75,0.9333333333333332,1.064082957451611,True,0.0,0.004214156515956143
focus_jamendo_1357893__180s,focus_jamendo_1357893,focus,validation,180.0,0.9147005677223206,8.070109561085701,0.4078261899670767,0.4155399863749943,0.4649959301067882,1.85,0.752924993807295,0.4523809523809524,0.8421052631578947,1.0653773649725367,True,0.0,0.0
focus_jamendo_1357893__300s,focus_jamendo_1357893,focus,validation,300.0,0.970808207988739,9.222555555403233,0.4465591440331936,0.3712102549654846,0.5173862795627581,2.95,0.9812509052129924,0.5178571428571429,0.896551724137931,0.6982457253334459,True,0.0,0.0
focus_jamendo_1442910__180s,focus_jamendo_1442910,focus,discovery,180.0,2.260312080383301,11.090333878993988,0.3847198820221143,0.3329210722074658,0.431771742998919,0.8999999999999999,0.5922051307355687,0.238095238095238,0.4,1.59317976529216,True,0.0,1.0242836240149944
focus_jamendo_1442910__300s,focus_jamendo_1442910,focus,discovery,300.0,2.37600326538086,8.946809403598309,0.4246495656521788,0.3739412447869171,0.4064760403766501,0.8999999999999999,0.5982586397261606,0.375,0.6666666666666666,1.7839927427766875,True,0.0,0.08645676047313149
focus_jamendo_1450425__180s,focus_jamendo_1450425,focus,discovery,180.0,0.8314968943595886,14.533770199865105,0.4459046323924712,0.3737037539511554,0.3757600504703097,4.5,0.9577973286868484,0.3809523809523809,0.625,1.1780370309088521,True,0.0,0.14338844444444473
focus_jamendo_1450425__300s,focus_jamendo_1450425,focus,discovery,300.0,0.827724039554596,7.57236597314477,0.5015319657586652,0.4118546562575172,0.4075774876170171,4.199999999999999,0.998282410817964,0.3194444444444444,0.5217391304347826,1.54367095395061,True,0.0,0.014346975896466753
focus_jamendo_1496808__180s,focus_jamendo_1496808,focus,validation,180.0,2.646591663360596,12.02967794239521,0.3611036539854573,0.3136477035017809,0.3748226511657317,2.7,0.6686382655808277,0.5,0.8,2.2010667983144656,True,0.0,0.0
focus_jamendo_1496808__300s,focus_jamendo_1496808,focus,validation,300.0,2.646591663360596,12.02967794239521,0.3611036539854573,0.3136477035017809,0.3748226511657317,2.7,0.6686382655808277,0.5,0.8,2.2010667983144656,True,0.0,0.0
focus_jamendo_1502253__180s,focus_jamendo_1502253,focus,discovery,180.0,1.08631694316864,6.502110147383064,0.4206641821019485,0.4079187213249826,0.3930372617592989,4.049999999999999,1.1694144453484798,0.3333333333333333,0.75,1.199851935919993,True,0.0,0.0
focus_jamendo_1502253__300s,focus_jamendo_1502253,focus,discovery,300.0,1.4801325798034668,6.339163822121918,0.3865480250373607,0.3544047573148879,0.4680133505158678,3.85,1.1925875049587218,0.2777777777777778,0.56,1.3237361334501234,True,0.0,0.045246345619491556
focus_jamendo_1522319__180s,focus_jamendo_1522319,focus,discovery,180.0,1.190168857574463,10.278612416237593,0.3401420951551284,0.296631452528131,0.3847482302066335,3.3,0.6967598545820303,0.3333333333333333,0.6,1.3590143187102024,True,0.0,0.0
focus_jamendo_1522319__300s,focus_jamendo_1522319,focus,discovery,300.0,9.959720611572266,11.444370061159134,0.3974547340905562,0.3137499806848444,0.4213588050080684,2.2,0.6517547473860417,0.4,0.8333333333333334,12.037681302184845,False,17941.477324993277,0.0
focus_jamendo_1522321__180s,focus_jamendo_1522321,focus,discovery,180.0,0.8267539739608765,8.168973669409752,0.3099929118748233,0.3033271263834238,0.4112956729429907,2.85,0.9317265387389092,0.5,0.0,1.7943488071365714,True,0.0,11.395079219145984
focus_jamendo_1522321__300s,focus_jamendo_1522321,focus,discovery,300.0,8.959222793579102,14.948839623481035,0.2931789289445219,0.3492309846690507,0.4332805776463965,3.1,1.019455321925178,0.4285714285714285,0.6666666666666666,10.572436712355922,False,10163.9559567881,0.0
focus_jamendo_1522332__180s,focus_jamendo_1522332,focus,discovery,180.0,1.078348159790039,11.289155319333076,0.3294736977046296,0.3499253590780336,0.3672037570666864,2.95,1.177250420586766,0.7857142857142857,0.8636363636363636,1.0468673199026859,True,0.0,0.05504124007561427
focus_jamendo_1522332__300s,focus_jamendo_1522332,focus,discovery,300.0,6.3577752113342285,11.412426177412271,0.3615886223004414,0.366869133020854,0.3782134761135211,3.95,1.2037546766326028,0.6666666666666666,0.7916666666666666,7.035189836575047,False,1484.8633648440673,0.0
focus_jamendo_1522335__180s,focus_jamendo_1522335,focus,discovery,180.0,1.0720136165618896,11.372059881687164,0.3384557664305923,0.313487327190231,0.3523193865452571,3.85,0.9089145026583256,0.6666666666666666,0.8,1.1349747195005444,True,0.0,0.0
focus_jamendo_1522335__300s,focus_jamendo_1522335,focus,discovery,300.0,7.983939170837402,10.36038525402546,0.3081742687756399,0.3480950810295238,0.3660314338501343,3.65,0.899558454441073,0.5972222222222222,0.7906976744186046,9.264327765068801,False,5605.187141199528,0.0
focus_jamendo_1542218__180s,focus_jamendo_1542218,focus,discovery,180.0,1.0727134943008425,12.77997382543981,0.39596322643361,0.3608273028876155,0.3377134838816331,3.05,0.789763383215643,0.4166666666666667,0.8,0.5308187307179565,True,0.0,0.0
focus_jamendo_1542218__300s,focus_jamendo_1542218,focus,discovery,300.0,1.071279525756836,7.1145755015313625,0.4016825247863004,0.3743420126417899,0.3517208043040829,3.05,0.8814383381209661,0.4821428571428571,0.8888888888888888,0.9501331274082856,True,0.0,0.0
focus_jamendo_1549291__180s,focus_jamendo_1549291,focus,validation,180.0,0.7492806315422058,8.200109522789717,0.5716827461082706,0.5053468751196061,0.7296676212154524,3.1499999999999995,1.394726974896156,0.5535714285714286,0.5806451612903226,2.884815370870547,True,0.0,0.486862867995225
focus_jamendo_1549291__300s,focus_jamendo_1549291,focus,validation,300.0,0.7492806315422058,8.200109522789717,0.5716827461082706,0.5053468751196061,0.7296676212154524,3.1499999999999995,1.394726974896156,0.5535714285714286,0.5806451612903226,2.884815370870547,True,0.0,0.486862867995225
focus_jamendo_1550368__180s,focus_jamendo_1550368,focus,validation,180.0,0.982938587665558,17.154804788529873,0.4801541196576544,0.3128889367699518,0.3710631155834386,1.6,0.4992100518652286,0.35,0.5714285714285714,2.063860077738584,True,0.0,0.18247147077204565
focus_jamendo_1550368__300s,focus_jamendo_1550368,focus,validation,300.0,1.3842298984527588,10.25201620347798,0.3370664973429231,0.3988432517753946,0.2841201039106545,2.05,0.6136182872219831,0.4,0.75,1.2522685457847893,True,0.0,0.0
focus_jamendo_1560365__180s,focus_jamendo_1560365,focus,discovery,180.0,0.7484139800071716,11.67374650388956,0.5010128113320772,0.3479459750866672,0.530504879506951,3.2,1.1487066026647192,0.5178571428571429,0.6896551724137931,1.4644208243504324,True,0.0,0.0
focus_jamendo_1560365__300s,focus_jamendo_1560365,focus,discovery,300.0,1.6990686655044556,6.791201465763152,0.5208934442122253,0.4849071207379177,0.4840110208118198,3.75,1.1376160727440183,0.4027777777777778,0.4827586206896552,2.4938042481534555,True,0.0,0.10246764161092915
focus_jamendo_1569329__180s,focus_jamendo_1569329,focus,holdout,180.0,2.613882303237915,10.2562886942178,0.3952040644619284,0.3717732641383015,0.3555436495265291,6.299999999999999,1.6477140581307848,0.6428571428571429,0.8148148148148148,1.9819620286960649,True,0.0,7.372511664762471
focus_jamendo_1569329__300s,focus_jamendo_1569329,focus,holdout,300.0,2.282534122467041,9.732033032923937,0.3532978592162852,0.3676842641180691,0.3637418766166455,6.9,1.6939795721370627,0.7142857142857143,0.8,1.6600413739067292,True,0.0,10.762987090161005
focus_jamendo_1569330__180s,focus_jamendo_1569330,focus,holdout,180.0,1.1585736274719238,14.506781093776226,0.3531162825190842,0.3510001846684216,0.3541990815802377,4.95,1.4894126785315702,0.3333333333333333,0.8,1.1643463665042213,True,0.0,1.8326122771974076
focus_jamendo_1569330__300s,focus_jamendo_1569330,focus,holdout,300.0,1.6256933212280271,12.533155024051666,0.3685437899146769,0.3273999901894029,0.3730858727245253,5.299999999999999,1.4633371239676525,0.6,0.8333333333333334,0.9815983465066132,True,0.0,2.2528367964500355
focus_jamendo_1571054__180s,focus_jamendo_1571054,focus,validation,180.0,2.0835578441619877,5.783921387046576,0.3502883705973187,0.3941863480778696,0.4108789799395708,3.3,0.8851019388125758,0.3333333333333333,0.5,1.9756282166249548,True,0.0,0.04451202819978898
focus_jamendo_1571054__300s,focus_jamendo_1571054,focus,validation,300.0,2.175837993621826,6.309781430289149,0.4301314589807297,0.5084553208886592,0.3986778662910202,3.3,0.8744131995504698,0.3333333333333333,0.6666666666666666,2.857396352351051,True,0.0,0.0
focus_jamendo_1575999__180s,focus_jamendo_1575999,focus,discovery,180.0,1.0083073377609253,12.184308424592018,0.4691274678643327,0.3508835449057598,0.6330494786332916,3.2,1.0120196172071956,1.0,1.0,0.9914451420044473,True,0.0,2.934067067727646
focus_jamendo_1575999__300s,focus_jamendo_1575999,focus,discovery,300.0,1.254230260848999,9.972131796181202,0.5022426973733273,0.3560752599877786,0.6465689725651146,3.05,1.089054838161957,0.7333333333333333,0.9090909090909092,1.4232791862358465,True,0.0,0.0
focus_jamendo_1576036__180s,focus_jamendo_1576036,focus,discovery,180.0,2.3447513580322266,9.809866558760405,0.3171136104556664,0.3524036242693698,0.3618507459064159,4.4,1.2258433677547285,0.4047619047619047,0.5882352941176471,1.9355819829640464,True,0.0,0.08065633173902406
focus_jamendo_1576036__300s,focus_jamendo_1576036,focus,discovery,300.0,1.959358811378479,11.848356172442436,0.386055200839244,0.3430679002335401,0.3655618497685223,3.9,1.233430226429752,0.4761904761904761,0.6,1.1538970542775582,True,0.0,0.0010173409506165072
focus_jamendo_1597681__180s,focus_jamendo_1597681,focus,validation,180.0,0.9634658098220824,7.424048900604248,0.5697574321295764,0.3900405604967855,0.811278117218807,0.4499999999999999,0.3677318444379759,0.4642857142857143,0.6923076923076923,2.326616995290403,True,0.0,1.4583978622385398
focus_jamendo_1597681__300s,focus_jamendo_1597681,focus,validation,300.0,2.019572257995605,9.35518591105938,0.5642138763672543,0.4399899002155411,0.7789261797035607,0.7,0.6062338233045221,0.5535714285714286,0.8387096774193549,2.596444119287339,True,0.0,0.23309584000000022
focus_jamendo_1597868__180s,focus_jamendo_1597868,focus,holdout,180.0,2.299562454223633,11.590841956436634,0.3865643275844463,0.4362823717372368,0.431543796955385,0.4499999999999999,0.1392962757847932,0.4166666666666667,0.6666666666666666,2.0324223115899667,True,0.0,4.177012807392588
focus_jamendo_1597868__300s,focus_jamendo_1597868,focus,holdout,300.0,0.7776496410369873,9.237071320414543,0.4274454714130844,0.4366156128968897,0.4306641747142179,0.4499999999999999,0.1312564949531214,0.5694444444444444,0.7317073170731707,1.3129687038041342,True,0.0,4.305094312622625
focus_jamendo_1606551__180s,focus_jamendo_1606551,focus,holdout,180.0,1.2074583768844604,7.690404053777456,0.4818568489146995,0.6761931335041254,0.3286221531722991,3.55,1.420817617088877,0.5,1.0,5.252896977887159,False,276.6552080035569,0.8858155060768877
focus_jamendo_1606551__300s,focus_jamendo_1606551,focus,holdout,300.0,1.025671124458313,5.035118247382343,0.561809611115673,0.697541741542946,0.3244029766014883,3.0,1.4371556974302533,0.5,1.0,5.6236149976453325,False,427.0453025019246,0.9990154107360391
focus_jamendo_1610713__180s,focus_jamendo_1610713,focus,discovery,180.0,0.8451350331306458,12.470804125070572,0.3627279694662671,0.3385593902387243,0.3598083183485943,2.3,0.8680141995292787,0.5222222222222223,0.7659574468085106,0.8917102689696961,True,0.0,0.0
focus_jamendo_1610713__300s,focus_jamendo_1610713,focus,discovery,300.0,0.9821778535842896,11.74816158413887,0.4069930153505857,0.3337823176189943,0.3797172788061645,2.3,0.861830106845038,0.5666666666666667,0.7058823529411765,0.6108515362294251,True,0.0,0.0
focus_jamendo_1617037__180s,focus_jamendo_1617037,focus,discovery,180.0,1.1584372520446775,6.476663833484054,0.4930594644299799,0.5855056250690179,0.4452498741601154,1.75,0.4230713205566103,0.2321428571428571,0.6153846153846154,3.7160665849465397,False,8.117824869309496,0.8124384576563032
focus_jamendo_1617037__300s,focus_jamendo_1617037,focus,discovery,300.0,1.6179341077804563,7.456480585038662,0.5149823760551975,0.5952783464714639,0.398080733979559,2.45,0.4999641348735503,0.4464285714285714,0.72,3.9422837514419347,False,20.991333426699104,0.1798216379474333
focus_jamendo_1619099__180s,focus_jamendo_1619099,focus,discovery,180.0,4.727560520172119,7.944789008703083,0.3839373388281814,0.4127278841556112,0.3551804070508856,3.3,1.2254945640416208,0.4761904761904761,0.9,4.956039340182297,False,185.02405505105335,0.0
focus_jamendo_1619099__300s,focus_jamendo_1619099,focus,discovery,300.0,4.727560520172119,7.944789008703083,0.3839373388281814,0.4127278841556112,0.3551804070508856,3.3,1.2254945640416208,0.4761904761904761,0.9,4.956039340182297,False,185.02405505105335,0.0
focus_jamendo_1621763__180s,focus_jamendo_1621763,focus,holdout,180.0,0.8762620091438293,11.4176387488842,0.5673987913883852,0.536446769573148,0.5581864324699982,3.05,1.2797158702239648,0.4285714285714285,0.7777777777777778,3.296145863409074,True,0.0,0.04971589747815655
focus_jamendo_1621763__300s,focus_jamendo_1621763,focus,holdout,300.0,0.9452255964279176,12.355400055646896,0.5844696550833289,0.5994087900589854,0.5797123075215418,3.4,1.2936663246163949,0.6333333333333333,0.7368421052631579,4.3388129299227955,False,61.86336033317156,0.0787141474265843
focus_jamendo_1630224__180s,focus_jamendo_1630224,focus,validation,180.0,1.0322160720825195,9.969546288251877,0.3312452424607047,0.3245459349667852,0.3395049946385386,4.5,1.4290374671403925,0.5,0.8333333333333334,1.1703936467396594,True,0.0,0.8479724324897937
focus_jamendo_1630224__300s,focus_jamendo_1630224,focus,validation,300.0,1.151972770690918,9.574286803603172,0.3560584314641211,0.3661712770635009,0.3711591185212402,4.5,1.4445218957607011,0.5222222222222223,0.7659574468085106,0.7610117266208685,True,0.0,0.9593706077471201
focus_jamendo_1632069__180s,focus_jamendo_1632069,focus,discovery,180.0,1.263416409492493,11.858419962227345,0.4361003560217757,0.3991517076164071,0.421988203600475,0.4499999999999999,0.1555094950203007,0.4305555555555556,0.6451612903225806,0.7349965393502552,True,0.0,3.925421648558688
focus_jamendo_1632069__300s,focus_jamendo_1632069,focus,discovery,300.0,1.1972297430038452,9.134385533630848,0.4485456971675072,0.3508857099694132,0.3862317308401882,1.25,0.1069713988697148,0.4666666666666667,0.8095238095238095,0.8753655303802097,True,0.0,4.187725156033956
focus_jamendo_1632088__180s,focus_jamendo_1632088,focus,discovery,180.0,0.8008514642715454,8.470704071223736,0.4036702536699426,0.350461946141933,0.2820115618046996,2.55,0.7827194794996857,0.55,0.7272727272727273,0.8498277347143421,True,0.0,0.0
focus_jamendo_1632088__300s,focus_jamendo_1632088,focus,discovery,300.0,0.8008514642715454,8.470704071223736,0.4036702536699426,0.350461946141933,0.2820115618046996,2.55,0.7827194794996857,0.55,0.7272727272727273,0.8498277347143421,True,0.0,0.0
focus_jamendo_1633326__180s,focus_jamendo_1633326,focus,validation,180.0,1.1705363988876345,13.908326238393784,0.3955378363596095,0.3633997475307144,0.3408327473564614,4.199999999999999,1.1152037200927696,0.3194444444444444,0.5217391304347826,0.8003525445460796,True,0.0,0.014346975896466753
focus_jamendo_1633326__300s,focus_jamendo_1633326,focus,validation,300.0,0.8528448343276978,13.06401126086712,0.4528395836062129,0.3769615329893482,0.3652583048866506,4.499999999999999,1.1902207978639276,0.4642857142857143,0.6923076923076923,0.9324468023990474,True,0.0,0.1433884444444441
focus_jamendo_1646629__180s,focus_jamendo_1646629,focus,discovery,180.0,1.0908958911895752,9.950126696377993,0.5384737688850528,0.4918641946347966,0.419199032259157,0.8999999999999999,0.438572648213105,0.4107142857142857,0.5217391304347826,2.456792437673021,True,0.0,0.5504979876287237
focus_jamendo_1646629__300s,focus_jamendo_1646629,focus,discovery,300.0,0.9222275614738464,8.39466218650341,0.5978015983230679,0.5191622192173395,0.5631807414104586,0.4499999999999999,0.3087910051590409,0.4821428571428571,0.6666666666666666,3.214824511452464,True,0.0,1.9896037159476996
focus_jamendo_1647617__180s,focus_jamendo_1647617,focus,discovery,180.0,1.8236236572265625,12.200484529137611,0.4630114337668929,0.4268980887844815,0.392501551321737,4.199999999999999,1.3624442714296083,0.6111111111111112,0.8636363636363636,1.5679377397512444,True,0.0,0.32760760261322186
focus_jamendo_1647617__300s,focus_jamendo_1647617,focus,discovery,300.0,1.469954252243042,10.53526596724987,0.4454480335737751,0.4124710947745956,0.3762051556231484,4.1,1.3319291681916854,0.4888888888888889,0.8636363636363636,0.9624471249287389,True,0.0,0.19229610713051382
focus_jamendo_1650016__180s,focus_jamendo_1650016,focus,validation,180.0,1.056837558746338,13.454118344932796,0.3541820849467183,0.2704361293330826,0.3555040411125004,4.05,0.7111694918225919,0.3333333333333333,0.0,1.6676029579611156,True,0.0,11.395079219145984
focus_jamendo_1650016__300s,focus_jamendo_1650016,focus,validation,300.0,1.336320400238037,18.68995640426874,0.4220771427660943,0.3799116839451663,0.3864314063324015,3.95,0.7695566379476276,0.3,0.3333333333333333,2.0931711537075346,True,0.0,1.606886327179559
focus_jamendo_1667339__180s,focus_jamendo_1667339,focus,discovery,180.0,0.9616742134094238,10.27730062045157,0.3974178424806732,0.365594991969819,0.3955335695184068,2.45,1.0748439979804203,0.4166666666666667,0.8,0.33773547472687754,True,0.0,0.0
focus_jamendo_1667339__300s,focus_jamendo_1667339,focus,discovery,300.0,1.1734647750854492,10.218203581869602,0.3859662631850811,0.3894340483979137,0.3413340537455331,3.1499999999999995,1.059657237358845,0.5,0.8333333333333334,0.5656221808775861,True,0.0,0.0
focus_jamendo_1668128__180s,focus_jamendo_1668128,focus,discovery,180.0,1.0934982299804688,15.968328520655632,0.4199063345235126,0.3881992311212188,0.3719798723431007,4.749999999999999,0.5715847253455405,0.4666666666666667,0.7142857142857143,1.4629376514716805,True,0.0,0.395119643171755
focus_jamendo_1668128__300s,focus_jamendo_1668128,focus,discovery,300.0,1.180536150932312,9.130770117044449,0.4424142466765102,0.438758466062105,0.3865846377170505,4.55,0.6011481498504286,0.9,0.8888888888888888,1.25335458502687,True,0.0,1.1524437894120338
focus_jamendo_1669925__180s,focus_jamendo_1669925,focus,validation,180.0,1.5637011528015137,12.981842383742332,0.4771790991111022,0.4080490731070436,0.5169430913387669,2.85,0.6066640301529174,0.7619047619047619,0.9375,1.3798826670399003,True,0.0,0.01444935246752729
focus_jamendo_1669925__300s,focus_jamendo_1669925,focus,validation,300.0,2.337331533432007,10.790868869051335,0.5757493304512302,0.3943837658411459,0.5156606442072097,3.1,0.5979866104312375,0.5,0.7619047619047619,2.8846443256132646,True,0.0,0.0003763882857369594
focus_jamendo_1672165__180s,focus_jamendo_1672165,focus,holdout,180.0,1.7326096296310425,9.33986360579729,0.3645550918223108,0.3924627590495919,0.370275001087018,3.65,0.8420282938472031,0.9333333333333332,1.0,1.1307978486965806,True,0.0,1.687444136948397
focus_jamendo_1672165__300s,focus_jamendo_1672165,focus,holdout,300.0,0.9999833703041076,8.586593098938465,0.4295412961722126,0.3788434229410524,0.407185271696459,6.55,1.0686282587747509,0.9333333333333332,1.0,0.6613364581165636,True,0.0,7.066751248059511
focus_jamendo_1677808__180s,focus_jamendo_1677808,focus,holdout,180.0,1.3628889322280884,8.65869916509837,0.4614548330583683,0.3212177120925237,0.4129252071945399,3.3999999999999995,1.06770138017454,0.4761904761904761,0.7,1.4949944205687813,True,0.0,0.0
focus_jamendo_1677808__300s,focus_jamendo_1677808,focus,holdout,300.0,0.939639687538147,10.0728848464787,0.4700516900935326,0.3492777718916828,0.4060764689792771,3.75,1.169624078720947,0.3809523809523809,0.75,1.0403399985825013,True,0.0,0.0
focus_jamendo_1677809__180s,focus_jamendo_1677809,focus,holdout,180.0,1.2434511184692385,14.147318467497826,0.4347625460675868,0.3910607480942916,0.4510922032058541,2.95,0.9568035378497006,0.6111111111111112,0.8181818181818182,1.0649896155844278,True,0.0,0.0
focus_jamendo_1677809__300s,focus_jamendo_1677809,focus,holdout,300.0,1.3400503396987915,10.687977574765682,0.4555123999165627,0.3856378053070389,0.4375898056164644,2.75,0.9702963917106012,0.7321428571428571,0.8780487804878049,0.7310862208303823,True,0.0,0.0
focus_jamendo_1683418__180s,focus_jamendo_1683418,focus,holdout,180.0,0.8345966935157776,38.55843807756901,0.4286552982096072,0.4015623120215341,0.3533812908738914,1.5499999999999998,0.9285755837614702,0.5,0.6666666666666666,7.35366951823881,False,1859.0312100530432,0.0
focus_jamendo_1683418__300s,focus_jamendo_1683418,focus,holdout,300.0,0.6717621684074402,10.504447328858078,0.3547685430839796,0.4388726378126492,0.4126214892440116,0.8499999999999999,0.9664520100220236,0.55,0.9090909090909092,1.8155511095151409,True,0.0,0.11614464000000022
focus_jamendo_1684978__180s,focus_jamendo_1684978,focus,discovery,180.0,2.7137110233306885,10.73315678536892,0.4772696115244769,0.3239818380816179,0.4310103724365918,1.4,0.3397130127968101,0.4821428571428571,0.8888888888888888,2.636275585846761,True,0.0,1.178521076333995
focus_jamendo_1684978__300s,focus_jamendo_1684978,focus,discovery,300.0,1.4950494766235352,11.178453594446182,0.5662981481552868,0.3734955704739386,0.4566389329800717,1.4999999999999998,0.3436540298486871,0.4444444444444444,0.875,2.251672071169968,True,0.0,1.1434622259165743
focus_jamendo_1684979__180s,focus_jamendo_1684979,focus,discovery,180.0,1.1593713760375977,10.857198460027575,0.3622548272375175,0.3777148780115207,0.3476849955794661,0.8999999999999999,0.2401640645075761,0.7,0.8571428571428571,0.7026667736947282,True,0.0,2.325789750624302
focus_jamendo_1684979__300s,focus_jamendo_1684979,focus,discovery,300.0,1.1593713760375977,10.857198460027575,0.3622548272375175,0.3777148780115207,0.3476849955794661,0.8999999999999999,0.2401640645075761,0.7,0.8571428571428571,0.7026667736947282,True,0.0,2.325789750624302
focus_jamendo_1685030__180s,focus_jamendo_1685030,focus,holdout,180.0,1.945562601089477,6.868204170837998,0.5643247050579041,0.6309329811806482,0.3703948596052986,1.1999999999999995,0.821468267587159,0.2857142857142857,0.5,4.705682633521926,False,125.07017720729039,0.07038649634069305
focus_jamendo_1685030__300s,focus_jamendo_1685030,focus,holdout,300.0,5.573898792266846,6.45443824864924,0.5555307100471365,0.6269973029036784,0.3687335296105642,0.8999999999999997,0.7764102300467263,0.3214285714285714,0.5555555555555556,7.566663487411864,False,2143.1738001127346,0.08612268444444474
focus_jamendo_1685032__180s,focus_jamendo_1685032,focus,holdout,180.0,2.1614253520965576,10.506534803658724,0.5029745320745614,0.4416130644076181,0.5299118582851517,2.0,0.6834731856137574,0.4821428571428571,0.7407407407407407,2.1682936564183635,True,0.0,0.0
focus_jamendo_1685032__300s,focus_jamendo_1685032,focus,holdout,300.0,1.5223904848098757,8.823516435339116,0.4939407982694546,0.424644824153067,0.5251433629600345,2.0,0.6817676367775988,0.6190476190476191,0.8461538461538461,1.5213929935992714,True,0.0,0.0
focus_jamendo_1692446__180s,focus_jamendo_1692446,focus,discovery,180.0,1.0524715185165403,9.77277410030365,0.4555244663415773,0.3793865667774106,0.2726272008861655,4.65,1.079633459101779,0.75,0.8888888888888888,0.6967528721377562,True,0.0,0.27109377777777854
focus_jamendo_1692446__300s,focus_jamendo_1692446,focus,discovery,300.0,1.3513373136520386,11.870366767048836,0.429581062799113,0.4227420483511948,0.3341092430890827,3.2,1.0981025988341977,0.5,0.8,1.09879005047627,True,0.0,0.0
focus_jamendo_1699096__180s,focus_jamendo_1699096,focus,discovery,180.0,1.1697962284088137,13.170027375221252,0.4978835689659171,0.4446716589073932,0.4910593706110199,1.85,1.0979635814063209,0.6333333333333333,0.8421052631578947,1.8128778869334015,True,0.0,0.0
focus_jamendo_1699096__300s,focus_jamendo_1699096,focus,discovery,300.0,1.5997414588928225,8.945165392011404,0.5264679876781471,0.4324170732784852,0.5645651937101968,1.85,1.0882916421731634,0.7857142857142857,0.8636363636363636,1.9182866144495612,True,0.0,0.05504124007561427
focus_jamendo_1700327__180s,focus_jamendo_1700327,focus,validation,180.0,0.8046894073486328,11.753977999091148,0.5223685300035635,0.4851758189746853,0.5498170773520821,1.4999999999999998,0.9457664072670594,0.5972222222222222,0.6976744186046512,2.385638610923762,True,0.0,0.0
focus_jamendo_1700327__300s,focus_jamendo_1700327,focus,validation,300.0,1.2910919189453125,8.946557501330972,0.5557338481463063,0.3851660934244801,0.414402995014816,2.1,0.9266522586666796,0.625,0.6666666666666666,2.075249955954904,True,0.0,0.0
focus_jamendo_1704604__180s,focus_jamendo_1704604,focus,discovery,180.0,3.482863664627075,14.567237600684166,0.4393288020114774,0.2999578575319948,0.6156749975698266,1.3499999999999996,0.6020076765442641,0.3095238095238095,0.6153846153846154,3.5393711441470113,False,2.456043485546666,2.524190639406216e-05
focus_jamendo_1704604__300s,focus_jamendo_1704604,focus,discovery,300.0,1.6993279457092283,7.69741205702303,0.4367090099507207,0.5022097725581467,0.6511453572959003,1.2499999999999996,0.5716564419217315,0.5952380952380952,0.8,2.43563244964952,True,0.0,0.016408596703624982
focus_jamendo_1705713__180s,focus_jamendo_1705713,focus,discovery,180.0,2.2224605083465576,7.755130525678396,0.3758513112223485,0.3705307468997517,0.3425520082796942,1.5,0.7452570260439829,0.4444444444444444,0.75,1.692914965460986,True,0.0,0.0
focus_jamendo_1705713__300s,focus_jamendo_1705713,focus,discovery,300.0,2.2224605083465576,7.755130525678396,0.3758513112223485,0.3705307468997517,0.3425520082796942,1.5,0.7452570260439829,0.4444444444444444,0.75,1.692914965460986,True,0.0,0.0
focus_jamendo_1706218__180s,focus_jamendo_1706218,focus,discovery,180.0,0.6359136700630188,10.20587296038866,0.3472051414852432,0.369660447624943,0.4709952387024322,1.7499999999999998,0.9740101124171974,0.9333333333333332,1.0,1.1607210198360778,True,0.0,1.687444136948397
focus_jamendo_1706218__300s,focus_jamendo_1706218,focus,discovery,300.0,1.1427569389343262,11.164202332496645,0.488344401204045,0.393447626775632,0.4984333941266006,3.65,1.2319837819684265,0.6666666666666666,0.8571428571428571,1.1033848157396369,True,0.0,0.000672085884936166
focus_jamendo_1709689__180s,focus_jamendo_1709689,focus,discovery,180.0,0.7802533507347107,10.9028951972723,0.4615528743504207,0.3830551329986063,0.4193181130059751,1.5499999999999998,0.9420746413452452,0.6964285714285714,0.8717948717948718,0.8595983600741486,True,0.0,0.0
focus_jamendo_1709689__300s,focus_jamendo_1709689,focus,discovery,300.0,1.184255838394165,12.855689257383348,0.4712491064279034,0.3717670509835374,0.450146789199939,3.5,1.0676877284143684,0.7142857142857143,0.9,0.9997463623719622,True,0.0,0.0
focus_jamendo_1713602__180s,focus_jamendo_1713602,focus,validation,180.0,2.138685941696167,10.693224221467972,0.3766759473404869,0.3165454516065187,0.3443848994759748,4.3,0.9711626371069534,0.5,1.0,1.5888911891359798,True,0.0,0.27289341513365517
focus_jamendo_1713602__300s,focus_jamendo_1713602,focus,validation,300.0,2.138685941696167,10.693224221467972,0.3766759473404869,0.3165454516065187,0.3443848994759748,4.3,0.9711626371069534,0.5,1.0,1.5888911891359798,True,0.0,0.27289341513365517
focus_jamendo_1721937__180s,focus_jamendo_1721937,focus,validation,180.0,0.7267616391181946,8.908283494412899,0.4143110819704688,0.4023088831259579,0.3394697501654504,4.1,1.2530334832605066,0.65,0.9230769230769232,0.9238837321587235,True,0.0,0.012728643026196602
focus_jamendo_1721937__300s,focus_jamendo_1721937,focus,validation,300.0,0.8440441489219666,9.58075719885528,0.4490161016700439,0.4123693918736744,0.4213031910496955,4.199999999999999,1.3311553977491903,0.4464285714285714,0.72,0.963291681904085,True,0.0,0.19846662724376588
focus_jamendo_1744930__180s,focus_jamendo_1744930,focus,holdout,180.0,2.6774888038635254,12.848814710974692,0.5205497008207056,0.2954472566182352,0.4453004426587467,4.1,1.0685843814889195,0.3928571428571428,0.6363636363636364,3.168360787102356,True,0.0,0.0
focus_jamendo_1744930__300s,focus_jamendo_1744930,focus,holdout,300.0,1.017126441001892,11.605858270078896,0.4948426878753468,0.3867375564569467,0.484712229319218,4.199999999999999,1.0777904984535014,0.5178571428571429,0.6896551724137931,1.187122917226394,True,0.0,0.008961777777777716
focus_jamendo_1755448__180s,focus_jamendo_1755448,focus,validation,180.0,1.1923279762268066,6.786346863489598,0.2501615919149743,0.1706543518454711,0.4336511469923479,2.15,0.4210062929214951,0.3666666666666666,0.5454545454545454,3.9129404161815784,False,18.932345507890645,0.5625073826655305
focus_jamendo_1755448__300s,focus_jamendo_1755448,focus,validation,300.0,1.072461485862732,19.66997150145471,0.3613112631412534,0.3517626864264897,0.5038601796135277,2.2,0.5328181449627347,0.375,0.7619047619047619,2.345066507516185,True,0.0,0.08319013187482954
focus_jamendo_1761112__180s,focus_jamendo_1761112,focus,validation,180.0,0.9482240676879884,9.76144042611122,0.3879716891687728,0.315457678707928,0.3732198469120573,3.05,0.9053775392037872,0.95,0.9473684210526316,1.0016497095606478,True,0.0,1.7497322553773904
focus_jamendo_1761112__300s,focus_jamendo_1761112,focus,validation,300.0,0.9574710726737976,10.901933491230013,0.3687114242300818,0.312410311232725,0.3827638147514001,3.6,0.99223976158267,0.8,1.0,0.9973764335576456,True,0.0,0.3449271345707482
focus_jamendo_1780015__180s,focus_jamendo_1780015,focus,discovery,180.0,0.8410417437553406,9.369055047631264,0.3806614894193584,0.3856035622307892,0.4343532064471537,2.65,0.6694241882033498,0.3571428571428571,0.5333333333333333,0.7862430977410554,True,0.0,0.0
focus_jamendo_1780015__300s,focus_jamendo_1780015,focus,discovery,300.0,2.2752373218536377,9.619274847209454,0.4152734513228982,0.4290802162639131,0.5482967650436728,2.1499999999999995,0.6444066886128657,0.3333333333333333,0.4166666666666667,1.851646692314914,True,0.0,0.545272345447415
focus_jamendo_1785989__180s,focus_jamendo_1785989,focus,discovery,180.0,0.7963642477989197,9.831211687996984,0.3774136344069261,0.3331705076767534,0.3514997896615364,3.5,1.1203985510086016,0.3888888888888889,0.5714285714285714,0.8684710873031026,True,0.0,0.0
focus_jamendo_1785989__300s,focus_jamendo_1785989,focus,discovery,300.0,2.372778415679932,7.0610974337905645,0.4381930457061058,0.4693552931064788,0.4115992773667233,3.85,1.119129440600782,0.5138888888888888,0.8108108108108109,2.4888418499868648,True,0.0,0.0
focus_jamendo_1786770__180s,focus_jamendo_1786770,focus,validation,180.0,1.8547319173812864,9.615860121324658,0.4471978830791711,0.4065988084783339,0.4233697860352962,4.4,1.2276070533584351,0.5892857142857143,0.7272727272727273,1.274490334455835,True,0.0,0.08071772860662246
focus_jamendo_1786770__300s,focus_jamendo_1786770,focus,validation,300.0,1.8547319173812864,9.615860121324658,0.4471978830791711,0.4065988084783339,0.4233697860352962,4.4,1.2276070533584351,0.5892857142857143,0.7272727272727273,1.274490334455835,True,0.0,0.08071772860662246
focus_jamendo_1787506__180s,focus_jamendo_1787506,focus,validation,180.0,1.5218079090118408,7.2371041579172015,0.4494913236774654,0.5020181886147319,0.5530778874352608,1.7499999999999998,1.105320670570946,0.4583333333333333,0.6666666666666666,2.386878741572665,True,0.0,0.0
focus_jamendo_1787506__300s,focus_jamendo_1787506,focus,validation,300.0,1.5218079090118408,7.2371041579172015,0.4494913236774654,0.5020181886147319,0.5530778874352608,1.7499999999999998,1.105320670570946,0.4583333333333333,0.6666666666666666,2.386878741572665,True,0.0,0.0
focus_jamendo_1789540__180s,focus_jamendo_1789540,focus,validation,180.0,3.3647305965423584,17.014161800965667,0.4140177745221432,0.3528351779321275,0.444606807551944,2.3999999999999995,0.8423311785523196,0.4333333333333333,0.9230769230769232,3.322603500821221,False,0.006355731774205796,0.0
focus_jamendo_1789540__300s,focus_jamendo_1789540,focus,validation,300.0,3.3647305965423584,17.014161800965667,0.4140177745221432,0.3528351779321275,0.444606807551944,2.3999999999999995,0.8423311785523196,0.4333333333333333,0.9230769230769232,3.322603500821221,False,0.006355731774205796,0.0
focus_jamendo_1797025__180s,focus_jamendo_1797025,focus,discovery,180.0,0.8236273527145386,9.020003888756037,0.4553147790215647,0.4039132315025296,0.345969476166055,4.4,1.6325670752149837,0.6428571428571429,0.8333333333333334,0.9631601425249819,True,0.0,2.9017091166140947
focus_jamendo_1797025__300s,focus_jamendo_1797025,focus,discovery,300.0,1.0677742958068848,10.170511120930314,0.4921197507565262,0.3933776251381415,0.3638222473959001,4.4,1.5619472096359108,0.9761904761904762,0.975609756097561,1.1442455695382703,True,0.0,4.325711371646616
focus_jamendo_1798108__180s,focus_jamendo_1798108,focus,holdout,180.0,0.7759837508201599,10.035054441541432,0.441510565627883,0.3764029862833272,0.4058639521571899,3.5,0.8920832948411298,0.6607142857142857,0.8648648648648649,0.6853512815334175,True,0.0,0.0
focus_jamendo_1798108__300s,focus_jamendo_1798108,focus,holdout,300.0,1.2195510864257812,11.233055859804152,0.5124876754386233,0.3777526670339206,0.3714185548120683,4.55,0.9871554473617004,0.7857142857142857,0.9090909090909092,1.4227315932416618,True,0.0,0.23651724007561448
focus_jamendo_1798830__180s,focus_jamendo_1798830,focus,discovery,180.0,1.2045223712921145,11.999010747298598,0.4340811786349854,0.3929534301324303,0.3898617249621826,3.1,0.7796735536350786,0.375,0.5714285714285714,0.6534877313703661,True,0.0,0.0
focus_jamendo_1798830__300s,focus_jamendo_1798830,focus,discovery,300.0,3.216846466064453,12.324908275157211,0.4142504964977701,0.337138881291567,0.505352382190798,3.45,0.8290434622171488,0.2619047619047619,0.9090909090909092,2.874444726868729,True,0.0,0.10047785171018202
focus_jamendo_1809441__180s,focus_jamendo_1809441,focus,validation,180.0,1.5258573293685913,12.420319240540266,0.411587979181181,0.3305560980275795,0.4596759937474603,3.65,1.1589246982709034,0.6111111111111112,0.7272727272727273,0.8517660337519803,True,0.0,0.0
focus_jamendo_1809441__300s,focus_jamendo_1809441,focus,validation,300.0,0.958031952381134,10.904830135405064,0.4235359138545206,0.3449447670357071,0.4458992617035819,3.35,1.032619541561627,0.6666666666666666,0.7916666666666666,0.5362377180579967,True,0.0,0.0
focus_jamendo_1809751__180s,focus_jamendo_1809751,focus,validation,180.0,1.4177650213241575,8.03692963346839,0.3165334822130537,0.3386271815307454,0.3575752368714985,3.85,0.7990923716511281,0.7380952380952381,0.7741935483870968,1.4587118558366137,True,0.0,0.0
focus_jamendo_1809751__300s,focus_jamendo_1809751,focus,validation,300.0,2.1254022121429443,8.615263594314456,0.48618374384651,0.3329285360656706,0.4073035138306741,4.4,0.9768785922675436,0.5972222222222222,0.7906976744186046,2.1457143726186243,True,0.0,0.0806560000000004
focus_jamendo_1810290__180s,focus_jamendo_1810290,focus,validation,180.0,0.8877571225166321,10.172437705099584,0.3970462738173695,0.4100646277806503,0.373117173155201,3.1,0.931889131290429,0.5111111111111111,0.8260869565217391,0.9173768059187464,True,0.0,0.0
focus_jamendo_1810290__300s,focus_jamendo_1810290,focus,validation,300.0,0.8877571225166321,10.172437705099584,0.3970462738173695,0.4100646277806503,0.373117173155201,3.1,0.931889131290429,0.5111111111111111,0.8260869565217391,0.9173768059187464,True,0.0,0.0
focus_jamendo_1811125__180s,focus_jamendo_1811125,focus,holdout,180.0,0.7647585868835449,11.172069245018063,0.4424538226998907,0.3057131406447236,0.4705237608704189,3.85,1.2040945860472905,0.3333333333333333,1.0,1.350954374240951,True,0.0,0.23704630402254398
focus_jamendo_1811125__300s,focus_jamendo_1811125,focus,holdout,300.0,1.525205135345459,10.66614906862378,0.4046745779855396,0.383338435550478,0.4692478237304519,4.199999999999999,1.216571983439728,0.4523809523809524,0.8421052631578947,0.5784429747673515,True,0.0,0.008961777777777716
focus_jamendo_1816033__180s,focus_jamendo_1816033,focus,validation,180.0,1.592869758605957,12.634579902514815,0.3932378028058794,0.3207484361227752,0.3715856269736786,4.549999999999999,1.3968576018542147,0.3214285714285714,0.7777777777777778,0.9928270009483607,True,0.0,0.6806905640801137
focus_jamendo_1816033__300s,focus_jamendo_1816033,focus,validation,300.0,1.6595441102981567,11.575440376996994,0.4285766980014224,0.410753913503633,0.3219624828220923,4.75,1.442664679535486,0.4642857142857143,0.7692307692307693,1.0742974081233987,True,0.0,1.1808247732008708
focus_jamendo_1823875__180s,focus_jamendo_1823875,focus,discovery,180.0,1.1364606618881226,18.4488987326622,0.4498854616625513,0.283196835770022,0.3650334138121791,3.25,0.7823604955497634,0.4166666666666667,0.8,2.333483139351217,True,0.0,0.0
focus_jamendo_1823875__300s,focus_jamendo_1823875,focus,discovery,300.0,1.1558725833892822,7.626396131701767,0.5019945563873587,0.3422351231679152,0.3856632154942601,3.3,0.8221872145853711,0.5,1.0,1.7702484814375674,True,0.0,0.23704630402254398
focus_jamendo_1823902__180s,focus_jamendo_1823902,focus,discovery,180.0,1.039647340774536,9.215702027082443,0.4183582178871962,0.39291549131014,0.4078995146823122,2.6,1.1531643847735626,0.6428571428571429,0.8148148148148148,0.580649236359838,True,0.0,0.0
focus_jamendo_1823902__300s,focus_jamendo_1823902,focus,discovery,300.0,1.9689762592315676,14.398129489272833,0.4821741226755959,0.3872726306797869,0.4895354429298275,3.25,1.0931712122511827,0.3035714285714285,0.7058823529411765,1.7960844678155765,True,0.0,0.001872489396942782
focus_jamendo_1824127__180s,focus_jamendo_1824127,focus,discovery,180.0,0.927878737449646,9.27939748764038,0.4229094687612134,0.3097064200725501,0.3710124191276772,4.199999999999999,1.3870238263146817,0.6071428571428571,0.8823529411764706,1.252774653094808,True,0.0,0.4524587914338695
focus_jamendo_1824127__300s,focus_jamendo_1824127,focus,discovery,300.0,0.8213798999786377,8.752403251826763,0.4295913696507275,0.3376303573065473,0.3959069223067831,4.3,1.4926524770407816,0.8333333333333334,0.8571428571428571,1.000898079321794,True,0.0,1.5499385034176605
focus_jamendo_1826551__180s,focus_jamendo_1826551,focus,discovery,180.0,0.731706440448761,13.742869791574776,0.4231817774216884,0.3999179577267065,0.2741139247459293,0.9499999999999998,0.8019383220449668,0.5138888888888888,0.972972972972973,1.2211168141399606,True,0.0,0.16031768141326758
focus_jamendo_1826551__300s,focus_jamendo_1826551,focus,discovery,300.0,1.5173925161361694,7.043442459776998,0.3770588257052675,0.5180632660682314,0.3473363587733314,0.9999999999999998,0.7930471168299216,0.5416666666666666,0.717948717948718,2.84221621672959,True,0.0,0.03952144000000016
focus_jamendo_1826554__180s,focus_jamendo_1826554,focus,discovery,180.0,0.8771018385887146,11.423919960856438,0.5514174382149243,0.4260971590603741,0.7339068147654919,1.4,0.8354587976249346,0.6607142857142857,0.8108108108108109,2.015702806594845,True,0.0,0.0
focus_jamendo_1826554__300s,focus_jamendo_1826554,focus,discovery,300.0,0.9364144206047058,11.122096747159958,0.6338491902387013,0.5031065374908957,0.7048826626531723,1.4,0.8301428282503868,0.6607142857142857,0.8108108108108109,3.4200369582130743,False,0.5426998024158629,0.0
focus_jamendo_1828706__180s,focus_jamendo_1828706,focus,validation,180.0,3.3540730476379395,10.96960537135601,0.4909556841590747,0.3736369316201919,0.4830058456865841,1.95,0.6589818824807577,0.7333333333333333,0.7272727272727273,3.3006981008078338,True,0.0,0.0
focus_jamendo_1828706__300s,focus_jamendo_1828706,focus,validation,300.0,3.3540730476379395,10.96960537135601,0.4909556841590747,0.3736369316201919,0.4830058456865841,1.95,0.6589818824807577,0.7333333333333333,0.7272727272727273,3.3006981008078338,True,0.0,0.0
focus_jamendo_1832577__180s,focus_jamendo_1832577,focus,holdout,180.0,1.7325249910354614,14.9803474470973,0.3664307733547078,0.3781359829087065,0.3394408922709231,4.4,1.4935155290587827,0.6190476190476191,0.8461538461538461,1.4596365240776035,True,0.0,1.3029436321743653
focus_jamendo_1832577__300s,focus_jamendo_1832577,focus,holdout,300.0,1.362900972366333,9.289361145347357,0.3995131738878319,0.4581136772060956,0.3959947665948755,5.1,1.2687484400833664,0.5238095238095238,0.8181818181818182,1.6567299184086148,True,0.0,0.9277533775441285
focus_jamendo_1833203__180s,focus_jamendo_1833203,focus,discovery,180.0,1.0349352359771729,11.491359546780586,0.3818448607930537,0.3188793692805041,0.4397387523398809,2.25,0.6790766979844622,0.6607142857142857,0.8648648648648649,0.8166489489093753,True,0.0,0.0
focus_jamendo_1833203__300s,focus_jamendo_1833203,focus,discovery,300.0,1.094881534576416,17.664682984352112,0.3643344902335153,0.3143881956634903,0.4710618607181695,2.1499999999999995,0.6075516029415977,0.375,0.8148148148148148,1.843115412423719,True,0.0,0.0
focus_jamendo_1835124__180s,focus_jamendo_1835124,focus,discovery,180.0,1.3402405977249146,7.486101198941469,0.4440618028089448,0.5057724185006822,0.3325730347690459,2.85,1.369236398335419,0.5,0.6,2.397881263340669,True,0.0,0.3510873601475088
focus_jamendo_1835124__300s,focus_jamendo_1835124,focus,discovery,300.0,1.029690504074097,6.6318459417670965,0.5060827298863182,0.4946123126389272,0.3403879407050345,2.6,1.3394090846495788,0.4333333333333333,0.6153846153846154,2.388290700543374,True,0.0,0.22033085848037484
focus_jamendo_1838283__180s,focus_jamendo_1838283,focus,discovery,180.0,1.3125380277633667,16.07785540819168,0.5793287013488339,0.2823481499729988,0.3943652381458891,0.4499999999999999,0.1230798218803724,0.35,0.5714285714285714,3.241788786322703,True,0.0,4.437616323819397
focus_jamendo_1838283__300s,focus_jamendo_1838283,focus,discovery,300.0,1.570704460144043,12.292437322437763,0.5938811196823732,0.4161964024975443,0.367563647430466,0.4499999999999999,0.1656943623733564,0.3392857142857143,0.631578947368421,2.634480365657516,True,0.0,3.7719582446478053
focus_jamendo_1838287__180s,focus_jamendo_1838287,focus,discovery,180.0,0.8062093257904053,6.155957046896219,0.4783540865146941,0.4300808348414922,0.4500933975434218,1.2999999999999998,0.9472578997607954,0.0,0.0,1.663581338484829,True,0.0,15.54626617010982
focus_jamendo_1838287__300s,focus_jamendo_1838287,focus,discovery,300.0,1.6884973049163818,4.62847301363945,0.5073596237888635,0.5034330314314567,0.4864629519253884,2.75,1.0141987413217226,0.0,0.0,2.8115125067614355,True,0.0,15.54626617010982
focus_jamendo_1842470__180s,focus_jamendo_1842470,focus,discovery,180.0,1.7390494346618652,29.22196364402771,0.3153021495829797,0.3929059369965872,0.3192590871299423,1.85,0.7791683511598878,0.5,0.0,5.122752266541176,False,233.55846196587706,11.395079219145984
focus_jamendo_1842470__300s,focus_jamendo_1842470,focus,discovery,300.0,1.3399828672409058,9.281490372493865,0.3758224704472032,0.3224528850472961,0.3409741544882603,2.55,0.7888726615428568,0.6666666666666666,0.75,0.977269326263667,True,0.0,0.0
focus_jamendo_1842472__180s,focus_jamendo_1842472,focus,discovery,180.0,1.0799394845962524,11.350614186376331,0.4068008166151087,0.2764929404047332,0.4649701046859965,2.45,1.086194567257419,0.3333333333333333,0.8,1.570529616025339,True,0.0,0.0
focus_jamendo_1842472__300s,focus_jamendo_1842472,focus,discovery,300.0,1.08654522895813,13.003747005015612,0.4276259175859637,0.3329462580907914,0.5817127079344919,2.85,1.1425242082597291,0.3,0.4444444444444444,0.8165466184828586,True,0.0,0.3209832902967657
focus_jamendo_1844721__180s,focus_jamendo_1844721,focus,discovery,180.0,1.086480975151062,10.03742989897728,0.57098485645562,0.3428553208003864,0.4214954687014225,0.8499999999999999,0.7200051207154373,0.3095238095238095,0.7692307692307693,2.41615064405001,True,0.0,0.11616203574995004
focus_jamendo_1844721__300s,focus_jamendo_1844721,focus,discovery,300.0,2.9906530380249023,9.341388761997225,0.587533837547476,0.4277704094464391,0.4011505648932884,0.5999999999999999,0.7122275749313379,0.5535714285714286,0.7741935483870968,3.6604856417516816,False,5.949618357993566,0.3334677511111115
focus_jamendo_1847333__180s,focus_jamendo_1847333,focus,discovery,180.0,0.7947654724121094,9.18999820202589,0.4322621159345642,0.4107992843153615,0.341092831088568,1.4999999999999998,1.2113528912598246,0.7380952380952381,0.9032258064516128,0.9439450661872572,True,0.0,0.0
focus_jamendo_1847333__300s,focus_jamendo_1847333,focus,discovery,300.0,1.5172913074493408,9.983223244547844,0.4523514540913932,0.4111515010937951,0.3654548741887689,3.0,1.2219057291279627,0.3194444444444444,0.782608695652174,1.022222534274852,True,0.0,0.0
focus_jamendo_1847530__180s,focus_jamendo_1847530,focus,discovery,180.0,1.7989972829818726,9.8618773650378,0.5323199590924588,0.4291583259661005,0.753886075323253,2.6,1.074820064761651,0.55,0.9090909090909092,2.053298797559778,True,0.0,0.0
focus_jamendo_1847530__300s,focus_jamendo_1847530,focus,discovery,300.0,0.9161233305931092,11.448470152914524,0.5645638193446817,0.4599847083678413,0.7297897852770848,3.1499999999999995,1.0932824566753416,0.5,0.7857142857142857,2.389691654843197,True,0.0,0.0
focus_jamendo_1850576__180s,focus_jamendo_1850576,focus,discovery,180.0,3.4874157905578613,10.077256418764591,0.3425991300272629,0.3999855884132168,0.5768023754381656,3.55,1.396218993402517,0.2857142857142857,0.625,3.282212346995495,True,0.0,0.5212810282360442
focus_jamendo_1850576__300s,focus_jamendo_1850576,focus,discovery,300.0,3.4874157905578613,10.077256418764591,0.3425991300272629,0.3999855884132168,0.5768023754381656,3.55,1.396218993402517,0.2857142857142857,0.625,3.282212346995495,True,0.0,0.5212810282360442
focus_jamendo_1856292__180s,focus_jamendo_1856292,focus,discovery,180.0,1.4102295637130735,14.7776349298656,0.5073568158185828,0.3660080944156685,0.5657615132608638,4.1,1.226520729235011,0.3,0.6666666666666666,1.7272717981610772,True,0.0,0.004464683914076978
focus_jamendo_1856292__300s,focus_jamendo_1856292,focus,discovery,300.0,1.6495671272277832,11.1605791375041,0.4729249723706467,0.3877234695036246,0.6032110788170346,4.1,1.3156520703425307,0.5666666666666667,0.9411764705882352,1.1613664238704098,True,0.0,0.1510031285716015
focus_jamendo_1858750__180s,focus_jamendo_1858750,focus,validation,180.0,2.476623296737671,7.566058598458767,0.4205959212128199,0.4229658758920201,0.4293195133548201,3.9,1.3443108005588418,0.6333333333333333,0.8421052631578947,2.152941614168798,True,0.0,0.23973679120847913
focus_jamendo_1858750__300s,focus_jamendo_1858750,focus,validation,300.0,2.476623296737671,7.566058598458767,0.4205959212128199,0.4229658758920201,0.4293195133548201,3.9,1.3443108005588418,0.6333333333333333,0.8421052631578947,2.152941614168798,True,0.0,0.23973679120847913
focus_jamendo_1864786__180s,focus_jamendo_1864786,focus,validation,180.0,1.7720026969909668,10.871187321841717,0.3391866363486478,0.2976269980511494,0.3622280903102728,5.8,1.12279826812353,0.375,0.7407407407407407,1.5321808012453946,True,0.0,2.589953777777779
focus_jamendo_1864786__300s,focus_jamendo_1864786,focus,validation,300.0,1.6853690147399902,20.510608818382025,0.3973672405200523,0.3543759620474798,0.3731384983120818,6.1,1.2438877468095533,0.4444444444444444,0.8125,2.526360648822657,True,0.0,3.5903460404589502
focus_jamendo_1865466__180s,focus_jamendo_1865466,focus,holdout,180.0,1.1697499752044678,8.32123278081417,0.4513892412170038,0.5097107951590785,0.301976120201417,4.1,0.9288698611744796,0.5833333333333334,0.8571428571428571,2.4272664838943636,True,0.0,0.0
focus_jamendo_1865466__300s,focus_jamendo_1865466,focus,holdout,300.0,3.698793649673462,5.523170750241183,0.496584337310301,0.7195853361082537,0.2899698612777058,2.45,0.9654079815052388,0.5833333333333334,0.5714285714285714,6.868636005698897,False,1311.7572433131752,0.0
focus_jamendo_1866931__180s,focus_jamendo_1866931,focus,discovery,180.0,1.685147404670715,16.1894427575171,0.3381274189791561,0.3230520356042647,0.3829698125901506,4.3,0.8076962459302807,0.5,0.6666666666666666,1.7151008340874547,True,0.0,0.035847111111111184
focus_jamendo_1866931__300s,focus_jamendo_1866931,focus,discovery,300.0,0.8359073400497437,14.94365550763905,0.3678978612074103,0.3242697923628615,0.4361105491861347,4.499999999999999,0.9055356631720284,0.4285714285714285,0.6666666666666666,1.3085450902247497,True,0.0,0.1433884444444441
focus_jamendo_1867616__180s,focus_jamendo_1867616,focus,validation,180.0,0.9637407064437866,10.979713775217531,0.5701775388270569,0.4023516326807773,0.5991946184542114,3.45,1.0171811717293662,0.5,0.7857142857142857,2.1561696406498356,True,0.0,0.0
focus_jamendo_1867616__300s,focus_jamendo_1867616,focus,validation,300.0,0.9637407064437866,10.979713775217531,0.5701775388270569,0.4023516326807773,0.5991946184542114,3.45,1.0171811717293662,0.5,0.7857142857142857,2.1561696406498356,True,0.0,0.0
focus_jamendo_1868247__180s,focus_jamendo_1868247,focus,validation,180.0,1.0012232065200806,11.730099394917488,0.4305149276630794,0.3655177587369623,0.4925335113048888,2.5,1.0219543215827938,0.3333333333333333,0.7142857142857143,0.43363494998542385,True,0.0,0.0
focus_jamendo_1868247__300s,focus_jamendo_1868247,focus,validation,300.0,1.0012232065200806,11.730099394917488,0.4305149276630794,0.3655177587369623,0.4925335113048888,2.5,1.0219543215827938,0.3333333333333333,0.7142857142857143,0.43363494998542385,True,0.0,0.0
focus_jamendo_1868257__180s,focus_jamendo_1868257,focus,validation,180.0,5.818004131317139,13.62483601551503,0.35284629470219,0.3832266864095644,0.465507692279402,2.5,0.9330664989690136,0.4047619047619047,0.8235294117647058,6.326319252969943,False,844.6198451866061,0.0
focus_jamendo_1868257__300s,focus_jamendo_1868257,focus,validation,300.0,5.818004131317139,13.62483601551503,0.35284629470219,0.3832266864095644,0.465507692279402,2.5,0.9330664989690136,0.4047619047619047,0.8235294117647058,6.326319252969943,False,844.6198451866061,0.0
focus_jamendo_1868402__180s,focus_jamendo_1868402,focus,validation,180.0,0.8459441661834717,7.924741784110665,0.5111232250197397,0.402760317545038,0.4800821190396696,4.199999999999999,1.3582961066999049,0.4761904761904761,0.7,1.5748022979225147,True,0.0,0.3085679317424564
focus_jamendo_1868402__300s,focus_jamendo_1868402,focus,validation,300.0,0.8529180884361267,8.967833653092384,0.5113884179658864,0.4172314155443396,0.4413106111310303,3.85,1.367452400976504,0.5,0.6666666666666666,1.5391414287911198,True,0.0,0.3424141154677708
focus_jamendo_1869522__180s,focus_jamendo_1869522,focus,discovery,180.0,1.142574906349182,9.326804475858808,0.4590145914927798,0.2892097849058468,0.6511060863333584,0.5999999999999999,0.3343882887083141,0.3809523809523809,0.875,1.8239334950774349,True,0.0,1.5601977800969424
focus_jamendo_1869522__300s,focus_jamendo_1869522,focus,discovery,300.0,0.8524518013000488,10.520447187125685,0.4730589378616663,0.3315892393172465,0.6304677853285943,0.5999999999999999,0.2975826118962764,0.4305555555555556,0.6451612903225806,1.2669548883730735,True,0.0,1.919854375086139
focus_jamendo_1871445__180s,focus_jamendo_1871445,focus,discovery,180.0,1.5183511972427368,11.46080268919468,0.4180127674281902,0.334291396593266,0.4839190570176118,2.4,0.7702220498241257,0.4107142857142857,0.6086956521739131,0.7966441926858181,True,0.0,0.0
focus_jamendo_1871445__300s,focus_jamendo_1871445,focus,discovery,300.0,1.4728561639785769,15.335592150688171,0.4391302068144516,0.2906583216500679,0.488664187501037,2.3,0.7487859501531403,0.3472222222222222,0.56,1.769029886720571,True,0.0,0.0
focus_jamendo_1871951__180s,focus_jamendo_1871951,focus,holdout,180.0,0.9721224308013916,21.565121971070766,0.3483924444599791,0.4104924001199883,0.2498199080626211,1.7499999999999998,0.9070188074210732,0.3333333333333333,0.0,3.271719459276346,True,0.0,11.395079219145984
focus_jamendo_1871951__300s,focus_jamendo_1871951,focus,holdout,300.0,1.0997533798217771,12.468199640512466,0.3641132388040624,0.4195054872500353,0.2843778421150321,1.9,1.007550403547714,0.5,0.6666666666666666,1.4078851632920362,True,0.0,0.0
focus_jamendo_1874522__180s,focus_jamendo_1874522,focus,discovery,180.0,1.769294023513794,10.09015417098999,0.3994718332625301,0.4318453613399524,0.3768819094076133,4.049999999999999,1.2064435829317204,0.6388888888888888,0.782608695652174,1.42016989666499,True,0.0,0.0
focus_jamendo_1874522__300s,focus_jamendo_1874522,focus,discovery,300.0,1.769294023513794,10.09015417098999,0.3994718332625301,0.4318453613399524,0.3768819094076133,4.049999999999999,1.2064435829317204,0.6388888888888888,0.782608695652174,1.42016989666499,True,0.0,0.0
focus_jamendo_1879434__180s,focus_jamendo_1879434,focus,validation,180.0,0.8609175086021423,10.44536828249693,0.3969637661166232,0.3376555344281708,0.3548670778362526,2.75,0.929045545925687,0.3571428571428571,0.7,0.650185692168603,True,0.0,0.0
focus_jamendo_1879434__300s,focus_jamendo_1879434,focus,validation,300.0,0.9611608386039734,12.492938051000236,0.4006621664507266,0.3111887551508889,0.3377468118546323,4.45,1.1063580014363226,0.5,0.9285714285714286,0.9893814443023858,True,0.0,0.11099119769626045
focus_jamendo_1879604__180s,focus_jamendo_1879604,focus,discovery,180.0,1.487029790878296,8.782316789031029,0.4168261887250181,0.3659436946030905,0.4686005049072729,2.85,0.7430402665845685,0.7,0.8571428571428571,0.7404510072203625,True,0.0,0.0
focus_jamendo_1879604__300s,focus_jamendo_1879604,focus,discovery,300.0,1.487029790878296,8.782316789031029,0.4168261887250181,0.3659436946030905,0.4686005049072729,2.85,0.7430402665845685,0.7,0.8571428571428571,0.7404510072203625,True,0.0,0.0
focus_jamendo_1881280__180s,focus_jamendo_1881280,focus,discovery,180.0,1.339029312133789,9.076253278180957,0.2916876007081551,0.2841868892179033,0.4166358149464141,2.7,1.2493635500400528,0.4444444444444444,0.6875,1.9628175614692156,True,0.0,0.009539661970253055
focus_jamendo_1881280__300s,focus_jamendo_1881280,focus,discovery,300.0,1.339029312133789,9.076253278180957,0.2916876007081551,0.2841868892179033,0.4166358149464141,2.7,1.2493635500400528,0.4444444444444444,0.6875,1.9628175614692156,True,0.0,0.009539661970253055
focus_jamendo_1885488__180s,focus_jamendo_1885488,focus,discovery,180.0,1.377691388130188,10.542543277144432,0.4353051738469801,0.3283393046415905,0.4500556285093064,0.5999999999999999,0.408046455414487,0.6666666666666666,0.8,0.9503013227159619,True,0.0,0.9790884972864069
focus_jamendo_1885488__300s,focus_jamendo_1885488,focus,discovery,300.0,1.1934760808944702,10.394966997206213,0.3701387065780268,0.3904349774989121,0.315957028059834,0.7,0.4890088933825676,0.6666666666666666,0.8,0.7435578460510661,True,0.0,0.4533185018504222
focus_jamendo_1890389__180s,focus_jamendo_1890389,focus,discovery,180.0,0.7177920341491699,12.340410282835364,0.360587384716793,0.3355109350445869,0.4317608779884614,1.4,0.6859383669617278,0.8,0.75,1.0163952723451561,True,0.0,0.10788083054820424
focus_jamendo_1890389__300s,focus_jamendo_1890389,focus,discovery,300.0,1.624936580657959,9.182561479508877,0.4372134175771919,0.340097085278257,0.3978901933677202,2.4,0.6625476363505362,0.6,0.7777777777777778,1.135117828249103,True,0.0,0.0
focus_jamendo_1890394__180s,focus_jamendo_1890394,focus,discovery,180.0,1.2993977069854736,10.115072943270206,0.4677955387049434,0.3621211006967609,0.3828430607194157,4.199999999999999,1.0688926823358609,0.5,0.8571428571428571,0.9310155292483184,True,0.0,0.008961777777777716
focus_jamendo_1890394__300s,focus_jamendo_1890394,focus,discovery,300.0,1.677089810371399,15.027820914052429,0.5328659156782355,0.3766271082872939,0.4179388949694151,4.65,1.2120408314055775,0.3333333333333333,0.7142857142857143,2.145488129486546,True,0.0,0.27109377777777854
focus_jamendo_1890497__180s,focus_jamendo_1890497,focus,discovery,180.0,2.032907009124756,9.6199304535985,0.492127354465768,0.4596067903886338,0.4115378760651054,4.199999999999999,1.1313474740544467,0.45,0.8888888888888888,2.1517315366319827,True,0.0,0.008961777777777716
focus_jamendo_1890497__300s,focus_jamendo_1890497,focus,discovery,300.0,0.9536064267158508,9.837794075720012,0.4999742476967381,0.4887441572973627,0.4502633720038813,4.1,1.1690981790935135,0.6,0.8888888888888888,2.20724041340865,True,0.0,0.0
focus_jamendo_1890501__180s,focus_jamendo_1890501,focus,discovery,180.0,0.9637416005134584,9.608567159622908,0.5709277413256768,0.4575167577033541,0.426073258869406,2.4,0.788598957367114,0.2619047619047619,0.7272727272727273,2.39026851076407,True,0.0,0.10047785171018202
focus_jamendo_1890501__300s,focus_jamendo_1890501,focus,discovery,300.0,1.654202580451965,8.858022455126047,0.6047298982108077,0.5082325327205864,0.417192423040835,2.45,0.7836685204741424,0.3333333333333333,0.7142857142857143,3.277961664560379,True,0.0,0.0
focus_jamendo_1891400__180s,focus_jamendo_1891400,focus,discovery,180.0,1.5046026706695557,6.399196079932153,0.4555485537926774,0.4455007691489388,0.457471670306608,2.7,0.7655767795482525,0.5333333333333333,0.75,1.7131724518578342,True,0.0,0.0
focus_jamendo_1891400__300s,focus_jamendo_1891400,focus,discovery,300.0,1.5362598896026611,5.125583424698561,0.4463890507062387,0.5739892623013697,0.4348291397197852,2.85,0.7578397691501416,0.4,0.8333333333333334,3.62825776907816,False,4.85886468457214,0.0
focus_jamendo_1894575__180s,focus_jamendo_1894575,focus,discovery,180.0,1.6278772354125977,10.32358100451529,0.4186008483273888,0.366797079504145,0.4244021362033381,3.65,0.992028792964996,1.0,1.0,0.692889237503157,True,0.0,2.934067067727646
focus_jamendo_1894575__300s,focus_jamendo_1894575,focus,discovery,300.0,3.055680990219116,14.832359137013556,0.4214694898414395,0.3729243903949188,0.41107253361692,3.95,1.080216021746517,0.5,0.6666666666666666,2.7558932792139754,True,0.0,0.0
focus_jamendo_1894851__180s,focus_jamendo_1894851,focus,discovery,180.0,1.1788276433944702,9.858573727309704,0.2703711572907462,0.3259248948211058,0.3676421700121959,2.95,1.0768670647688756,0.3809523809523809,0.625,1.8452742534959274,True,0.0,0.0
focus_jamendo_1894851__300s,focus_jamendo_1894851,focus,discovery,300.0,1.9913243055343628,11.35297244042158,0.3944752956121123,0.3649240951735839,0.3738497922770004,2.95,1.090431443150513,0.4333333333333333,0.6153846153846154,1.1267510324622436,True,0.0,0.0
focus_jamendo_1895201__180s,focus_jamendo_1895201,focus,discovery,180.0,0.934233546257019,11.488397277891636,0.4352060859856179,0.3106982993598353,0.4345656138054145,2.85,0.9451501277375316,0.3111111111111111,0.6428571428571429,1.1497915664142797,True,0.0,0.0
focus_jamendo_1895201__300s,focus_jamendo_1895201,focus,discovery,300.0,0.763371467590332,9.42940342053771,0.4489124935336912,0.3487457091051221,0.3485546680137841,3.3,0.9958912547845736,0.3555555555555555,0.6875,0.9570912050474916,True,0.0,0.0
focus_jamendo_1895276__180s,focus_jamendo_1895276,focus,discovery,180.0,0.6341938376426697,7.954562431201339,0.6563186473490258,0.4606590013403886,0.5658061861183967,3.3,1.1677343759995122,0.2678571428571428,0.4,3.435094618789985,False,0.7054384938093194,0.7894102825637408
focus_jamendo_1895276__300s,focus_jamendo_1895276,focus,discovery,300.0,1.6361095905303955,11.527021719142796,0.5867755414418535,0.5044838923988548,0.5621867277188006,3.2,1.1021541508394408,0.2777777777777778,0.6,3.130479906682567,True,0.0,0.045246345619491556
focus_jamendo_1897824__180s,focus_jamendo_1897824,focus,discovery,180.0,0.7633402347564697,10.412229672074318,0.3698827439680515,0.3952011301650766,0.3359882779248933,4.199999999999999,1.1989872787802909,0.6666666666666666,0.7857142857142857,1.0162807248656753,True,0.0,0.008961777777777716
focus_jamendo_1897824__300s,focus_jamendo_1897824,focus,discovery,300.0,3.3667163848876958,10.745580285787582,0.4177978661479139,0.3694696140980562,0.3727917830994941,4.2,1.1704931645334329,0.5714285714285714,0.75,3.023965038740429,True,0.0,0.008961777777777874
focus_jamendo_1898926__180s,focus_jamendo_1898926,focus,holdout,180.0,1.1938015222549438,12.828792460262775,0.2524886626917692,0.3793343596443441,0.3759659229857247,3.15,0.9160426724181444,0.3666666666666666,0.7272727272727273,2.288424665243599,True,0.0,0.0
focus_jamendo_1898926__300s,focus_jamendo_1898926,focus,holdout,300.0,2.635650157928467,12.310522019863129,0.4275985014737881,0.4086332432096264,0.385107710240368,3.5,0.8835209202687663,0.6,0.8333333333333334,2.1826482737618527,True,0.0,0.0
focus_jamendo_1900437__180s,focus_jamendo_1900437,focus,holdout,180.0,0.9802096486091614,9.62660638988018,0.3077129811011426,0.3351990372889069,0.3898853278625713,4.85,1.4607018636063414,0.9666666666666668,0.9655172413793104,1.416107549771797,True,0.0,3.5431342211593533
focus_jamendo_1900437__300s,focus_jamendo_1900437,focus,holdout,300.0,0.8506069779396057,11.357462368905544,0.379899942946551,0.3303803398251483,0.364158763041824,4.949999999999999,1.4680394665254344,0.7857142857142857,0.9696969696969696,0.7679807059099586,True,0.0,1.7904027051710791
focus_jamendo_1900439__180s,focus_jamendo_1900439,focus,holdout,180.0,1.268985152244568,11.915918968617916,0.3420760874741316,0.3634151902514178,0.3597544260375783,5.4,1.459065886573914,0.5357142857142857,0.8,0.9259779002813069,True,0.0,2.442597778157139
focus_jamendo_1900439__300s,focus_jamendo_1900439,focus,holdout,300.0,1.035180926322937,12.664814367890358,0.3225464247090791,0.3422709627793617,0.3867651631959772,5.4,1.4176485042313758,0.7619047619047619,0.9375,1.2303531877037739,True,0.0,2.1568550365777885
focus_jamendo_1900645__180s,focus_jamendo_1900645,focus,discovery,180.0,1.2848588228225708,10.225046813488008,0.374585653454398,0.3805397646899648,0.5113602871041284,2.0,1.032537310054022,0.7666666666666667,0.8695652173913043,0.5860039831111185,True,0.0,0.011986758949800528
focus_jamendo_1900645__300s,focus_jamendo_1900645,focus,discovery,300.0,1.7809005975723269,10.28595234453678,0.3847937969198041,0.3937263187822553,0.571622444719146,1.7999999999999998,1.0390057674482591,0.5952380952380952,0.8,1.0236410960806628,True,0.0,0.0
focus_jamendo_1900646__180s,focus_jamendo_1900646,focus,discovery,180.0,0.8274436593055725,11.049688577651978,0.3465758367527351,0.3310072316340733,0.5204520935472862,2.75,1.0530697913583886,0.5714285714285714,0.9166666666666666,1.0259951037770416,True,0.0,0.0
focus_jamendo_1900646__300s,focus_jamendo_1900646,focus,discovery,300.0,1.8045562505722048,10.90436552464962,0.32290131686142,0.3315647094368035,0.5848917527102336,2.75,1.0579205210405815,0.5714285714285714,0.8333333333333334,1.3852522779205843,True,0.0,0.0
focus_jamendo_1900840__180s,focus_jamendo_1900840,focus,discovery,180.0,0.8370985984802246,18.72188814729452,0.4116223980898394,0.2949059479028262,0.3881148625786202,3.2,0.6198745547967397,0.4,1.0,2.205366569255318,True,0.0,0.23704630402254398
focus_jamendo_1900840__300s,focus_jamendo_1900840,focus,discovery,300.0,0.7699386477470398,10.811090373899788,0.4217001310623379,0.3735889889103782,0.4106998071804832,3.3,0.5906650467364195,0.6666666666666666,0.8,0.5590334283070146,True,0.0,0.0024626765469398294
focus_jamendo_1900848__180s,focus_jamendo_1900848,focus,discovery,180.0,0.986020028591156,18.37250217795372,0.402129301907504,0.2685234907018026,0.3764355456049425,1.85,0.7821166170292232,0.5,0.6666666666666666,2.3062009811402886,True,0.0,0.0
focus_jamendo_1900848__300s,focus_jamendo_1900848,focus,discovery,300.0,0.9275723099708556,10.37509526591748,0.3664259694953974,0.2597064172549951,0.3357412839163833,1.7999999999999998,0.8085950691947413,0.3809523809523809,0.75,1.879551601782275,True,0.0,0.0
focus_jamendo_1900849__180s,focus_jamendo_1900849,focus,discovery,180.0,1.378702998161316,7.984914723085239,0.3272584896389066,0.2571026807500279,0.320051631008093,2.2,1.1134169345483795,0.3666666666666666,0.7272727272727273,2.2441401675898476,True,0.0,0.0
focus_jamendo_1900849__300s,focus_jamendo_1900849,focus,discovery,300.0,1.3658483028411863,7.637461565434933,0.3676740787793915,0.3775925172456965,0.3280897295347029,1.85,1.0271381607610464,0.85,0.9411764705882352,1.0173573949193544,True,0.0,0.44464699300375243
focus_jamendo_1900865__180s,focus_jamendo_1900865,focus,discovery,180.0,1.328279733657837,7.594363682437688,0.4058565976350873,0.3266252348546863,0.3747871035225031,2.0,1.1130139533859202,0.65,0.7692307692307693,1.2410449422459868,True,0.0,0.0
focus_jamendo_1900865__300s,focus_jamendo_1900865,focus,discovery,300.0,1.328279733657837,7.594363682437688,0.4058565976350873,0.3266252348546863,0.3747871035225031,2.0,1.1130139533859202,0.65,0.7692307692307693,1.2410449422459868,True,0.0,0.0
focus_jamendo_1901339__180s,focus_jamendo_1901339,focus,validation,180.0,0.9284910559654236,10.384887337684631,0.4133276771082275,0.4153703419531258,0.4130070558292361,6.3,1.4984571972453364,0.5714285714285714,0.8125,0.9162966481744356,True,0.0,5.605311604592941
focus_jamendo_1901339__300s,focus_jamendo_1901339,focus,validation,300.0,0.8554508090019226,8.579825967550278,0.4184959078360354,0.484280287087714,0.4190558639332262,6.3,1.618707520450527,0.4861111111111111,0.6857142857142857,2.0873185578262574,True,0.0,6.969632060516901
focus_jamendo_1902125__180s,focus_jamendo_1902125,focus,discovery,180.0,1.7872928380966189,12.449774511158466,0.422825230166288,0.3714210265031353,0.3364246960391497,3.0,0.7898488924454139,0.4166666666666667,0.8,0.974419184708244,True,0.0,0.0
focus_jamendo_1902125__300s,focus_jamendo_1902125,focus,discovery,300.0,3.260702133178711,11.05623959004879,0.4188309218704801,0.383508123645946,0.4036977535491111,3.2,0.9363776457790348,0.5277777777777778,0.8421052631578947,2.8816845625024174,True,0.0,0.0
focus_jamendo_1906117__180s,focus_jamendo_1906117,focus,validation,180.0,2.262650489807129,7.818567607551813,0.486400081631454,0.445163124573691,0.4279078563164444,2.75,1.0051181384205417,0.5714285714285714,0.8333333333333334,2.2680963139904606,True,0.0,0.0
focus_jamendo_1906117__300s,focus_jamendo_1906117,focus,validation,300.0,1.0213829278945925,7.11014848574996,0.4811214772995335,0.515541481296871,0.4340689807844598,2.75,0.9807180261655974,0.5238095238095238,0.9090909090909092,2.581062272391016,True,0.0,0.0
focus_jamendo_1906544__180s,focus_jamendo_1906544,focus,discovery,180.0,1.0038763284683228,9.576236579567194,0.289229887872463,0.358252716046696,0.3398679885973995,3.25,0.7838566669539713,0.5333333333333333,0.875,1.6448685854866052,True,0.0,0.0
focus_jamendo_1906544__300s,focus_jamendo_1906544,focus,discovery,300.0,0.752971887588501,8.581008274108171,0.3038738897123884,0.3670365093331372,0.3882047299977865,3.85,0.8093443434693153,0.6,0.8888888888888888,1.6515209394924761,True,0.0,0.0
focus_jamendo_1916203__180s,focus_jamendo_1916203,focus,discovery,180.0,1.4007127285003662,7.864707550033927,0.3995442460228412,0.2387686595252179,0.4214134220732067,2.65,0.9888580982431676,0.4166666666666667,0.8,2.569603346699683,True,0.0,0.0
focus_jamendo_1916203__300s,focus_jamendo_1916203,focus,discovery,300.0,2.371579885482788,9.912197600118816,0.3622608040213297,0.389849801701607,0.3718320941515577,2.95,1.0188024316168434,0.6666666666666666,0.9,1.7869062981014714,True,0.0,0.0
focus_jamendo_1920476__180s,focus_jamendo_1920476,focus,discovery,180.0,1.4267572164535522,10.834338217973707,0.36968028109753,0.3314386777847706,0.4616755080535706,3.0,1.2174362614417773,0.5,0.7555555555555555,0.7606083311796284,True,0.0,0.0
focus_jamendo_1920476__300s,focus_jamendo_1920476,focus,discovery,300.0,1.4267572164535522,10.834338217973707,0.36968028109753,0.3314386777847706,0.4616755080535706,3.0,1.2174362614417773,0.5,0.7555555555555555,0.7606083311796284,True,0.0,0.0
focus_jamendo_1921939__180s,focus_jamendo_1921939,focus,discovery,180.0,1.3558671474456787,10.264006972312927,0.4766329302570602,0.3876520083108462,0.4443627391489786,2.55,0.9649399055129828,0.4777777777777778,0.8372093023255814,1.0028393938908866,True,0.0,0.0
focus_jamendo_1921939__300s,focus_jamendo_1921939,focus,discovery,300.0,3.752645254135132,10.649006615392864,0.4839268884776468,0.4462669279906021,0.4371924844710045,2.2,1.0443006670765735,0.5444444444444444,0.6938775510204082,3.902119105661621,False,18.203554154946215,0.0
focus_jamendo_1922056__180s,focus_jamendo_1922056,focus,validation,180.0,1.262346625328064,9.137998465448618,0.3670549447212976,0.3875543447789957,0.3534809081477595,3.6,1.073730559430053,0.4861111111111111,0.8571428571428571,0.8186827465646205,True,0.0,0.0
focus_jamendo_1922056__300s,focus_jamendo_1922056,focus,validation,300.0,3.2409310340881348,9.691227458417416,0.3795525012014438,0.3948239349351117,0.350867418323131,4.05,1.064980068608647,0.5,0.8888888888888888,2.8814836695403514,True,0.0,0.0
focus_jamendo_1923890__180s,focus_jamendo_1923890,focus,discovery,180.0,2.9708073139190674,11.28721534460783,0.3591681300922374,0.4747122527884297,0.4528654635757805,0.4499999999999999,-0.0,0.4,0.6666666666666666,3.2160390304375186,True,0.0,6.707721233482354
focus_jamendo_1923890__300s,focus_jamendo_1923890,focus,discovery,300.0,6.707037925720215,9.41772723197937,0.2779224687039945,0.4226751562950736,0.2964055119700041,0.4499999999999999,-0.0,0.7142857142857143,0.8,7.678375924066929,False,2303.758628828673,6.707721233482354
focus_jamendo_1924920__180s,focus_jamendo_1924920,focus,discovery,180.0,1.243195652961731,11.96110623329878,0.3715120965788169,0.341137594973862,0.4287235970346044,2.75,1.1924240573189833,0.5,0.6666666666666666,0.5943535528870723,True,0.0,0.0
focus_jamendo_1924920__300s,focus_jamendo_1924920,focus,discovery,300.0,1.8790842294692995,10.912503108382223,0.4239962989003539,0.3418844264923077,0.4650129293175882,3.2,1.1210777311527909,0.5714285714285714,0.8333333333333334,1.1520168131411193,True,0.0,0.0
focus_jamendo_1924921__180s,focus_jamendo_1924921,focus,discovery,180.0,1.198139190673828,18.12003051489592,0.4373235777183305,0.3717059744218414,0.3771114268671565,2.75,0.8062761311887288,0.3,0.6666666666666666,1.9241455571189512,True,0.0,0.004453311987154877
focus_jamendo_1924921__300s,focus_jamendo_1924921,focus,discovery,300.0,1.6109848022460938,11.23104445450008,0.4539704861424504,0.3501085095883237,0.4460810858902007,2.55,0.7899216355211032,0.6666666666666666,0.9,1.0267715526941257,True,0.0,0.0
focus_jamendo_1926373__180s,focus_jamendo_1926373,focus,discovery,180.0,1.1514415740966797,8.797550157643855,0.3199672031307878,0.3187329936078334,0.3883113880859827,1.7999999999999998,1.0747677851922464,0.5,0.6,1.420191222850519,True,0.0,0.0
focus_jamendo_1926373__300s,focus_jamendo_1926373,focus,discovery,300.0,1.529669165611267,8.955934703350067,0.2890378084800924,0.3684524127112861,0.4093490354034281,2.1499999999999995,1.0626534047218583,0.8,1.0,1.7111500263938133,True,0.0,0.3449271345707482
focus_jamendo_1928112__180s,focus_jamendo_1928112,focus,validation,180.0,1.167517900466919,12.118378289043903,0.8143814237377053,0.5290104276153694,0.6457857204521862,4.199999999999999,1.45134748006654,0.5,0.7857142857142857,5.616114808145661,False,423.56827317878026,0.8766437029202706
focus_jamendo_1928112__300s,focus_jamendo_1928112,focus,validation,300.0,1.0751166343688965,11.15361013263464,0.8509278531556331,0.5134228530059128,0.6485306647243398,4.299999999999999,1.4572174740812034,0.4821428571428571,0.7407407407407407,5.963937603080641,False,605.5822368463012,0.9492607695016644
focus_jamendo_1929250__180s,focus_jamendo_1929250,focus,discovery,180.0,0.9506606459617616,9.029890522360802,0.5123532627839056,0.3623114316265632,0.6439430474580475,3.6,1.3303472136042194,0.5,0.7142857142857143,1.5593785996714722,True,0.0,0.18661123773938845
focus_jamendo_1929250__300s,focus_jamendo_1929250,focus,discovery,300.0,0.6812628507614136,8.410789676010609,0.5321627661712437,0.3824666945003727,0.734897120528989,4.1,1.4137603016619305,0.7142857142857143,0.9333333333333332,1.8320801540896823,True,0.0,0.6068998364264633
focus_jamendo_1931218__180s,focus_jamendo_1931218,focus,discovery,180.0,0.7266550064086914,6.975948587059975,0.3808999320883593,0.3468317429695023,0.3279114769018579,4.699999999999999,1.1443282973587787,0.35,0.5714285714285714,1.2696385373904555,True,0.0,0.3226239999999997
focus_jamendo_1931218__300s,focus_jamendo_1931218,focus,discovery,300.0,1.2117395401000977,12.229245295748116,0.4989205562049892,0.3438785792049836,0.4908353144889508,4.35,1.1205640309589184,0.5714285714285714,0.9166666666666666,1.4369116682636252,True,0.0,0.05601111111111112
focus_jamendo_1932519__180s,focus_jamendo_1932519,focus,holdout,180.0,0.9373451471328736,9.761574663221836,0.4803136214456109,0.4082956224289941,0.5747624001880961,2.15,0.7489841077274857,0.5666666666666667,0.7058823529411765,1.1129797834341726,True,0.0,0.0
focus_jamendo_1932519__300s,focus_jamendo_1932519,focus,holdout,300.0,0.8668727278709412,16.86515786126256,0.4820530610457327,0.3616665081636281,0.5785406515308034,2.7,0.8162427037015832,0.3,0.6666666666666666,1.8616823008800345,True,0.0,0.004453311987154877
focus_jamendo_1935622__180s,focus_jamendo_1935622,focus,discovery,180.0,1.0634046792984009,10.31044579623267,0.4329753340322171,0.4053895369161396,0.3030577477811823,0.6499999999999998,0.4128191850270137,0.85,0.9411764705882352,0.7016512326230824,True,0.0,1.3400349619949137
focus_jamendo_1935622__300s,focus_jamendo_1935622,focus,discovery,300.0,1.4394910335540771,10.8857923168689,0.4496994941742818,0.4249621442600024,0.3551702166059781,0.9999999999999998,0.4652907209044419,0.9,0.8888888888888888,1.1408082564212296,True,0.0,1.3321550399842366
focus_jamendo_1935873__180s,focus_jamendo_1935873,focus,discovery,180.0,0.9824371337890624,11.379423195496202,0.4138967123792877,0.3744412291798684,0.3451432885975237,3.75,1.4313334843401468,0.5178571428571429,0.6896551724137931,0.3373115335704688,True,0.0,0.7205859712637497
focus_jamendo_1935873__300s,focus_jamendo_1935873,focus,discovery,300.0,9.851746559143066,9.286995641887188,0.4372630628317752,0.3714343783685234,0.2250722268703188,3.85,1.4120475039710267,0.5178571428571429,0.6896551724137931,11.917929431432128,False,17181.198477034177,0.5917572839871246
focus_jamendo_1935877__180s,focus_jamendo_1935877,focus,discovery,180.0,0.8823032975196838,13.220744399353862,0.3788826617650684,0.3492528817390276,0.3601148862771836,3.3999999999999995,1.0906538930558365,0.5,0.0,0.8245827245523158,True,0.0,11.395079219145984
focus_jamendo_1935877__300s,focus_jamendo_1935877,focus,discovery,300.0,4.885791778564453,11.650273904204369,0.363254082382802,0.3514633853848576,0.378625973902954,3.2999999999999994,1.0632850637679463,0.4666666666666667,0.5714285714285714,5.046858831535834,False,210.56369059138407,0.0
focus_jamendo_1939376__180s,focus_jamendo_1939376,focus,holdout,180.0,1.3671722412109375,10.910616025328636,0.3681510612153432,0.2277760415321563,0.3764591619673577,2.4,0.8773150994007474,0.6,0.8888888888888888,2.398302665205963,True,0.0,0.0
focus_jamendo_1939376__300s,focus_jamendo_1939376,focus,holdout,300.0,0.937322437763214,12.366352511569858,0.3794265539842949,0.359841311842302,0.4040163475462148,2.5,0.7658496508846738,0.5555555555555556,0.8,0.6383171510933975,True,0.0,0.0
focus_jamendo_1939637__180s,focus_jamendo_1939637,focus,validation,180.0,3.561351776123047,10.750718615017831,0.3831489452006028,0.320660456394299,0.3944335222326481,5.249999999999999,1.2467998072480024,0.65,0.7692307692307693,3.3647534927158618,False,0.13075086198968627,1.1927793675248253
focus_jamendo_1939637__300s,focus_jamendo_1939637,focus,validation,300.0,3.561351776123047,10.750718615017831,0.3831489452006028,0.320660456394299,0.3944335222326481,5.249999999999999,1.2467998072480024,0.65,0.7692307692307693,3.3647534927158618,False,0.13075086198968627,1.1927793675248253
focus_jamendo_1942807__180s,focus_jamendo_1942807,focus,discovery,180.0,5.560794353485107,7.3585426062345505,0.3021512377962193,0.3413869447237492,0.3102769235208121,0.9499999999999998,0.6716325433232181,0.5714285714285714,0.8333333333333334,6.140250947514238,False,715.1725658640175,0.060581617777777944
focus_jamendo_1942807__300s,focus_jamendo_1942807,focus,discovery,300.0,5.560794353485107,7.3585426062345505,0.3021512377962193,0.3413869447237492,0.3102769235208121,0.9499999999999998,0.6716325433232181,0.5714285714285714,0.8333333333333334,6.140250947514238,False,715.1725658640175,0.060581617777777944
focus_jamendo_1945054__180s,focus_jamendo_1945054,focus,validation,180.0,1.2179462909698486,10.44385315850377,0.4169613372507223,0.3781393329267388,0.5463132989386843,3.35,1.0078947609046325,0.5535714285714286,0.7096774193548387,0.251010285653878,True,0.0,0.0
focus_jamendo_1945054__300s,focus_jamendo_1945054,focus,validation,300.0,1.2200477123260498,12.433663189411163,0.4402853818095066,0.4342624187373198,0.5038232684084331,2.8999999999999995,0.9630405585762524,0.4722222222222222,0.7647058823529411,1.3389563258628465,True,0.0,0.0
focus_jamendo_1953401__180s,focus_jamendo_1953401,focus,discovery,180.0,2.167567014694214,25.97621222399175,0.3807934665802076,0.3157166570241861,0.3379535471429914,3.75,1.0155046139377917,0.5,0.0,3.986041229886608,False,24.290639663249404,11.395079219145984
focus_jamendo_1953401__300s,focus_jamendo_1953401,focus,discovery,300.0,2.3746676445007324,25.277314722537994,0.3458394089467025,0.3320644658683568,0.3594450929431966,4.0,1.13393044085542,0.5,0.0,3.977624079029535,False,23.634397458366475,11.395079219145984
focus_jamendo_1956108__180s,focus_jamendo_1956108,focus,discovery,180.0,2.311100721359253,14.93160405755043,0.3797807073221355,0.4190373632301246,0.3513004524077936,3.85,1.119477551692464,0.2857142857142857,0.625,2.2046939293019,True,0.0,0.025784850363126288
focus_jamendo_1956108__300s,focus_jamendo_1956108,focus,discovery,300.0,0.8958072066307068,9.985646691173317,0.4120387688286695,0.4324315319147376,0.3694684354723171,4.049999999999999,1.0946995853652572,0.6785714285714286,0.7894736842105263,1.2139557697700287,True,0.0,0.0
focus_jamendo_1957365__180s,focus_jamendo_1957365,focus,validation,180.0,1.884297609329224,9.891930369660258,0.451026261020047,0.3696658531769994,0.4575204290925211,2.2,0.5948049337471925,0.3,0.6666666666666666,1.2412065347050214,True,0.0,0.005511852504766768
focus_jamendo_1957365__300s,focus_jamendo_1957365,focus,validation,300.0,3.8084797859191895,10.061348654329777,0.4569949095388059,0.3780860906678537,0.5238119361087215,1.6999999999999995,0.4382773595332624,0.5,0.6666666666666666,3.7469267445720367,False,9.483251571178398,0.46064330805516235
focus_jamendo_1957922__180s,focus_jamendo_1957922,focus,discovery,180.0,4.367038726806641,11.161823444068432,0.4126777932066374,0.3051648012446778,0.4754686264822432,2.25,0.9840237420337048,0.4107142857142857,0.782608695652174,4.550548560194258,False,95.01416600623712,0.0
focus_jamendo_1957922__300s,focus_jamendo_1957922,focus,discovery,300.0,4.367038726806641,11.161823444068432,0.4126777932066374,0.3051648012446778,0.4754686264822432,2.25,0.9840237420337048,0.4107142857142857,0.782608695652174,4.550548560194258,False,95.01416600623712,0.0
focus_jamendo_1959047__180s,focus_jamendo_1959047,focus,validation,180.0,1.5874967575073242,9.540698319673538,0.2992551298580203,0.3852917328150113,0.3384979722411853,3.3999999999999995,1.380702839729368,0.3666666666666666,0.7272727272727273,1.662469135352318,True,0.0,0.4094229059496077
focus_jamendo_1959047__300s,focus_jamendo_1959047,focus,validation,300.0,1.121729850769043,11.357760302722454,0.3826347934057746,0.3248640549582342,0.3384208413021836,3.3999999999999995,1.319619583837356,0.3055555555555556,0.6363636363636364,0.7032953161599999,True,0.0,0.1512254899612121
focus_jamendo_1962000__180s,focus_jamendo_1962000,focus,validation,180.0,1.2499711513519287,9.55111637711525,0.5074001271511113,0.3834720710446572,0.3818218419681829,1.9,0.9091633396458216,0.95,0.9473684210526316,1.392760811558934,True,0.0,1.7497322553773904
focus_jamendo_1962000__300s,focus_jamendo_1962000,focus,validation,300.0,1.1797101497650146,9.55852361023426,0.603419346205165,0.4041798004760983,0.4375608824739067,2.1,0.9451153620389774,0.7333333333333333,1.0,2.625600886184986,True,0.0,0.23704630402254398
focus_jamendo_1963475__180s,focus_jamendo_1963475,focus,discovery,180.0,1.0755155086517334,12.695031217299402,0.4867041755816652,0.3535527324377811,0.3757360397619074,3.4,0.718398759685972,0.3035714285714285,0.5882352941176471,1.2254966517399561,True,0.0,0.001872489396942782
focus_jamendo_1963475__300s,focus_jamendo_1963475,focus,discovery,300.0,0.8458524346351624,12.829955108463764,0.4991059370024654,0.3541210303725756,0.3674526152380509,3.2,0.6847909408942761,0.3333333333333333,0.75,1.4247578670932775,True,0.0,0.0
focus_jamendo_1964726__180s,focus_jamendo_1964726,focus,holdout,180.0,0.6978856325149536,10.031811244785786,0.5184537843089405,0.4482972715365267,0.6143024726711577,0.8999999999999999,0.093741085361131,0.4464285714285714,0.72,1.8756782165393917,True,0.0,4.500366300117095
focus_jamendo_1964726__300s,focus_jamendo_1964726,focus,holdout,300.0,0.8335002660751343,11.479112821631134,0.5335014263125966,0.4194273032678748,0.6058773054874098,0.8999999999999999,0.064346695961404,0.4583333333333333,0.7272727272727273,1.7912073445291943,True,0.0,5.024984746785651
focus_jamendo_1964742__180s,focus_jamendo_1964742,focus,holdout,180.0,0.9466525912284852,13.366430910304189,0.594596859855378,0.3521072330404629,0.598597424460721,2.5,0.8284887265676093,0.6333333333333333,0.8421052631578947,2.681995065572936,True,0.0,0.0
focus_jamendo_1964742__300s,focus_jamendo_1964742,focus,holdout,300.0,1.188424825668335,11.488828677684069,0.6228032714822997,0.3988547805792428,0.5771146996092894,2.5,0.8477994197629382,0.7,0.9523809523809524,2.876604314630362,True,0.0,0.03440127768127613
focus_jamendo_1967104__180s,focus_jamendo_1967104,focus,discovery,180.0,0.90499347448349,10.500985190272331,0.5028044949310121,0.436727494003566,0.435074303892191,2.85,0.8909308370679813,0.5178571428571429,0.6896551724137931,1.5767259956680304,True,0.0,0.0
focus_jamendo_1967104__300s,focus_jamendo_1967104,focus,discovery,300.0,1.5553261041641235,10.515827134251596,0.5056168701797863,0.4546692855395181,0.4474096877734422,2.95,0.9105492764439532,0.7857142857142857,0.9090909090909092,1.8868608540178067,True,0.0,0.05504124007561427
focus_jamendo_1967111__180s,focus_jamendo_1967111,focus,discovery,180.0,0.7686431407928467,10.197895292192698,0.43557310388711,0.3574527710033446,0.3634763160208906,1.6,0.9426799742675648,0.5714285714285714,0.8125,0.6920138423413038,True,0.0,0.0
focus_jamendo_1967111__300s,focus_jamendo_1967111,focus,discovery,300.0,1.5375181436538696,6.562620406039059,0.4312089730211173,0.4836139468863931,0.3636918852595901,1.85,0.8736764462725242,0.4305555555555556,0.7741935483870968,2.1647234780480122,True,0.0,0.0
focus_jamendo_1968379__180s,focus_jamendo_1968379,focus,discovery,180.0,1.2779875993728638,11.64616715721786,0.3957720904727076,0.3256500709875078,0.4124809861155093,2.05,1.0938765594345166,0.4222222222222222,0.6842105263157895,0.6938678167336894,True,0.0,0.0
focus_jamendo_1968379__300s,focus_jamendo_1968379,focus,discovery,300.0,1.0261207818984983,8.581324454396963,0.4320963116945079,0.484144697611671,0.4366158930466967,2.8,1.221192101433524,0.5111111111111111,0.782608695652174,2.0186121028835298,True,0.0,0.0
focus_jamendo_1969508__180s,focus_jamendo_1969508,focus,discovery,180.0,4.943934917449951,8.979943834245205,0.4458554021414563,0.4082460976349732,0.4689258096281008,1.6499999999999997,0.9385476468804004,0.5357142857142857,0.8,5.27762577600583,False,285.385701671114,0.0
focus_jamendo_1969508__300s,focus_jamendo_1969508,focus,discovery,300.0,4.943934917449951,8.979943834245205,0.4458554021414563,0.4082460976349732,0.4689258096281008,1.6499999999999997,0.9385476468804004,0.5357142857142857,0.8,5.27762577600583,False,285.385701671114,0.0
focus_jamendo_1976281__180s,focus_jamendo_1976281,focus,holdout,180.0,1.1807994842529297,11.73895176127553,0.4419838456165061,0.3497544820115857,0.4382245604087973,2.25,0.5548477885586373,0.3392857142857143,0.631578947368421,0.6357767582118204,True,0.0,0.039000310285517
focus_jamendo_1976281__300s,focus_jamendo_1976281,focus,holdout,300.0,0.8474380970001221,11.748277131468058,0.4932835415127173,0.3814519231887032,0.4725942305696257,1.7999999999999998,0.7914227479469567,0.7142857142857143,0.8,1.2103473492307968,True,0.0,0.0
focus_jamendo_1976293__180s,focus_jamendo_1976293,focus,holdout,180.0,0.7691238522529602,8.509279849007726,0.3748928412504871,0.3623066376669216,0.3736804937696471,4.85,1.2688734470973455,0.3333333333333333,0.5714285714285714,0.9156141711794729,True,0.0,0.5358592652461184
focus_jamendo_1976293__300s,focus_jamendo_1976293,focus,holdout,300.0,0.7507936954498291,9.111619602888824,0.405157908294716,0.3623552630900913,0.3575498000837243,4.45,1.2584529070959376,0.6190476190476191,0.9230769230769232,0.7084917976318801,True,0.0,0.12805907946017536
focus_jamendo_1978485__180s,focus_jamendo_1978485,focus,discovery,180.0,1.0038244724273682,10.367192938923836,0.4143269017834783,0.3302058356738712,0.3963026954269228,1.85,0.990333466580062,0.95,0.9473684210526316,0.725673581905499,True,0.0,1.7497322553773904
focus_jamendo_1978485__300s,focus_jamendo_1978485,focus,discovery,300.0,1.1927473545074463,9.806502725929022,0.4470407099113908,0.4062880053101604,0.3960113196897753,2.2,0.9802239892793466,0.5476190476190477,0.9565217391304348,0.7909475947035675,True,0.0,0.04481026541068868
focus_jamendo_1978695__180s,focus_jamendo_1978695,focus,discovery,180.0,0.9813507795333862,11.514804147183897,0.3830902357940405,0.3451341580721421,0.3958588967937671,0.9499999999999998,0.6287529646760763,0.4444444444444444,0.8,0.5066894635974156,True,0.0,0.060581617777777944
focus_jamendo_1978695__300s,focus_jamendo_1978695,focus,discovery,300.0,1.3909446001052856,11.633573681116104,0.4128328732016506,0.3580273180393716,0.3947084303224015,1.4,0.6275320994419022,0.5833333333333334,0.9047619047619048,0.3977439582594883,True,0.0,0.0
focus_jamendo_1978794__180s,focus_jamendo_1978794,focus,validation,180.0,2.6147592067718506,15.074631936848164,0.4511194465372039,0.3196243472758745,0.5074494104868114,1.4,0.8243092008265195,0.4166666666666667,0.8,2.474630197659156,True,0.0,0.0
focus_jamendo_1978794__300s,focus_jamendo_1978794,focus,validation,300.0,1.7362253665924072,10.754886200651526,0.47144835140124,0.3597137192915797,0.5728948165409218,1.4,0.8078982105491789,0.5,0.6666666666666666,1.2760880396462102,True,0.0,0.0
focus_jamendo_1979493__180s,focus_jamendo_1979493,focus,discovery,180.0,1.4156625270843506,9.724922370165586,0.5382793233731509,0.394414957534754,0.4080882404320858,4.4,1.3807338228591295,0.7,0.8571428571428571,1.8311657050974584,True,0.0,0.49024260341082915
focus_jamendo_1979493__300s,focus_jamendo_1979493,focus,discovery,300.0,1.3317720890045166,13.883060164749622,0.5450772833719825,0.3979042448613711,0.4937391865138751,4.4,1.4647547809912047,0.3809523809523809,0.75,2.0376390789215892,True,0.0,1.054513185368466
focus_jamendo_1980501__180s,focus_jamendo_1980501,focus,discovery,180.0,1.1685229539871216,13.049834072589874,0.4854015396365155,0.3248950189511274,0.6808207608500124,3.9499999999999993,1.3186372175568355,0.2619047619047619,0.9090909090909092,1.4841785343941325,True,0.0,0.24766089031192567
focus_jamendo_1980501__300s,focus_jamendo_1980501,focus,discovery,300.0,5.375051021575928,9.933808244764805,0.4141123929232345,0.3961034515574094,0.6219004606142586,3.85,1.367486124546332,0.6904761904761905,0.8275862068965517,5.7671968719643125,False,497.31625100621955,0.34257706316043696
focus_jamendo_1981814__180s,focus_jamendo_1981814,focus,discovery,180.0,0.7637212872505188,10.835763059556484,0.4334272419586359,0.3949270487329501,0.3418144485753555,2.4,0.8147359316456151,0.5892857142857143,0.9090909090909092,0.7612215762303035,True,0.0,0.0
focus_jamendo_1981814__300s,focus_jamendo_1981814,focus,discovery,300.0,1.0365588665008545,11.41377294063568,0.4599529401913835,0.4567169027098646,0.3741216912229888,2.1,0.8578083538484036,0.625,0.9142857142857144,1.6423906763262048,True,0.0,0.0
focus_jamendo_1983051__180s,focus_jamendo_1983051,focus,discovery,180.0,1.034931778907776,21.00011772289872,0.4325643451757264,0.4059609293510369,0.3246890099253469,3.1,0.905413574190138,0.5,0.6666666666666666,2.8668995995818896,True,0.0,0.0
focus_jamendo_1983051__300s,focus_jamendo_1983051,focus,discovery,300.0,7.254554748535156,11.224607422947884,0.4235243711396816,0.3834278250678088,0.4342548203722776,2.7,0.9101323985326046,0.5555555555555556,0.85,8.31691093123469,False,3388.5247422199595,0.0
focus_jamendo_1983056__180s,focus_jamendo_1983056,focus,discovery,180.0,1.194674015045166,16.079390101134777,0.523828489835616,0.4176852013183715,0.4935043966386782,2.8999999999999995,0.8673396609338013,0.4047619047619047,0.8235294117647058,2.2004675382198844,True,0.0,0.0
focus_jamendo_1983056__300s,focus_jamendo_1983056,focus,discovery,300.0,2.9495997428894043,10.490021392703056,0.546706282272829,0.384682444271615,0.528503805523787,3.5,0.8959710612201911,0.4821428571428571,0.8148148148148148,3.2212509045825,True,0.0,0.0
focus_jamendo_1983239__180s,focus_jamendo_1983239,focus,discovery,180.0,0.860872745513916,9.914513982832432,0.3921319734368828,0.3734424211547881,0.3865671476296789,3.3999999999999995,0.9920612338803332,0.4464285714285714,0.72,0.5420366176313168,True,0.0,0.0
focus_jamendo_1983239__300s,focus_jamendo_1983239,focus,discovery,300.0,1.615901231765747,10.899607568979263,0.3767474216085624,0.3651957522986855,0.3600511742284138,3.65,1.1155015135841626,0.4861111111111111,0.8571428571428571,0.706161052451839,True,0.0,0.0
focus_jamendo_1983242__180s,focus_jamendo_1983242,focus,discovery,180.0,1.1387306451797483,10.94989262521267,0.3476819899414905,0.3817878535226186,0.3940788783690097,3.3,1.0586624279939354,0.5714285714285714,0.875,0.9399526478235881,True,0.0,0.0
focus_jamendo_1983242__300s,focus_jamendo_1983242,focus,discovery,300.0,3.063108444213867,8.70812076330185,0.4009690307381342,0.3562030365981278,0.3537892706790779,3.85,1.0092586218102662,0.5138888888888888,0.8648648648648649,2.6910619594711633,True,0.0,0.0
focus_jamendo_1985293__180s,focus_jamendo_1985293,focus,discovery,180.0,1.0863016843795776,9.127134248614311,0.4295425397092473,0.4826739883941063,0.4182645104725146,3.45,1.1816992916058278,0.4333333333333333,0.9230769230769232,1.9867393285316732,True,0.0,0.0
focus_jamendo_1985293__300s,focus_jamendo_1985293,focus,discovery,300.0,0.9449368715286256,9.39531522989273,0.4905427808809651,0.5215914429506884,0.461293728417688,3.55,1.0779929833008794,0.4642857142857143,0.7692307692307693,2.6791941414352616,True,0.0,0.0
focus_jamendo_1985295__180s,focus_jamendo_1985295,focus,discovery,180.0,0.8748935461044312,7.245117142796516,0.4191392235549186,0.4073268062022595,0.4126011714355573,2.75,1.1573926125867535,0.5,0.8,1.1027693749404608,True,0.0,0.0
focus_jamendo_1985295__300s,focus_jamendo_1985295,focus,discovery,300.0,0.7600459456443787,5.528872546739876,0.4236751735162756,0.5131724754760097,0.4697050201192969,2.95,1.1602136147607227,0.3809523809523809,0.875,2.704199919486584,True,0.0,0.0
focus_jamendo_1986013__180s,focus_jamendo_1986013,focus,discovery,180.0,1.2342199087142944,24.19979585707188,0.3668015577118048,0.3468596110811981,0.3238575143129087,2.75,0.8706501307911452,0.35,0.8571428571428571,3.440387890480736,False,0.76789758329131,0.0
focus_jamendo_1986013__300s,focus_jamendo_1986013,focus,discovery,300.0,8.623090744018555,6.979063698090613,0.4222144149786982,0.4190770249121036,0.3775559576968311,3.95,0.967105993628351,0.5714285714285714,0.75,10.276046366906955,False,8956.19162787712,0.0
focus_jamendo_1987334__180s,focus_jamendo_1987334,focus,validation,180.0,0.8538352251052856,13.330561466515064,0.3766593016906506,0.2629589775238516,0.3500090342212247,3.05,0.9650581646297578,0.2888888888888888,0.7692307692307693,1.7954800914757396,True,0.0,0.019522380381189846
focus_jamendo_1987334__300s,focus_jamendo_1987334,focus,validation,300.0,1.2294989824295044,14.68145614117384,0.3736240833882505,0.334338594761644,0.3497454896150979,2.7,0.9430531336458212,0.2888888888888888,0.7692307692307693,1.0726894830041425,True,0.0,0.019522380381189846
focus_jamendo_1987580__180s,focus_jamendo_1987580,focus,validation,180.0,2.244279146194458,10.18568379431963,0.3399288332329047,0.2611434824448039,0.3664682043628707,6.299999999999999,1.6820783683227365,0.4722222222222222,0.8823529411764706,2.3927257488898954,True,0.0,7.886918570718851
focus_jamendo_1987580__300s,focus_jamendo_1987580,focus,validation,300.0,1.0485637187957764,11.45937253534794,0.3414336007926444,0.3502601832990709,0.3725139286838176,6.299999999999999,1.774167132317079,0.3888888888888889,0.7142857142857143,0.9062127058200958,True,0.0,9.46386518857798
focus_jamendo_1989240__180s,focus_jamendo_1989240,focus,holdout,180.0,0.9555188417434692,14.10048222541809,0.3423409630917715,0.3316752861311672,0.3740278308344826,5.4,0.8623239662360648,0.5,0.6666666666666666,1.2466343636428097,True,0.0,1.5145404444444464
focus_jamendo_1989240__300s,focus_jamendo_1989240,focus,holdout,300.0,2.645602226257324,25.099069498479366,0.3752877600266135,0.2302752987977663,0.3523570134872312,5.4,0.9724510345171242,0.3333333333333333,0.5,4.325149653772348,False,60.015208696479405,1.5590524726442354
focus_jamendo_1989577__180s,focus_jamendo_1989577,focus,discovery,180.0,1.6978241205215454,9.295854087918997,0.4027966596106441,0.3544125567063076,0.4191518210654746,2.75,0.94012783075488,0.4166666666666667,0.8,0.8974166169549574,True,0.0,0.0
focus_jamendo_1989577__300s,focus_jamendo_1989577,focus,discovery,300.0,2.319499015808105,6.774141710717231,0.4431306920158089,0.3137158946389312,0.4382271222358468,2.7,0.9536253595905084,0.3666666666666666,0.9090909090909092,2.4347987446590578,True,0.0,0.0
focus_jamendo_1993496__180s,focus_jamendo_1993496,focus,discovery,180.0,0.9391875863075256,9.939636245369911,0.3407475994703393,0.4236222468128929,0.3867634990592967,4.299999999999999,1.1540874243325447,0.2638888888888889,0.5263157894736842,1.582235680541608,True,0.0,0.13020469424051329
focus_jamendo_1993496__300s,focus_jamendo_1993496,focus,discovery,300.0,0.9391875863075256,9.939636245369911,0.3407475994703393,0.4236222468128929,0.3867634990592967,4.299999999999999,1.1540874243325447,0.2638888888888889,0.5263157894736842,1.582235680541608,True,0.0,0.13020469424051329
focus_jamendo_1994905__180s,focus_jamendo_1994905,focus,validation,180.0,0.9328059554100036,10.586485609412192,0.4805369566392829,0.4020274717260969,0.5343814354997005,0.9499999999999998,0.697892789364812,0.5952380952380952,0.88,1.0646320877131517,True,0.0,0.060581617777777944
focus_jamendo_1994905__300s,focus_jamendo_1994905,focus,validation,300.0,0.8220499753952026,9.63881379365921,0.5084785322773702,0.4155453910624982,0.5578941564915271,1.95,0.7866977193224511,0.7666666666666667,0.9565217391304348,1.4804491511133084,True,0.0,0.05679702436048921
focus_jamendo_1997549__180s,focus_jamendo_1997549,focus,holdout,180.0,1.216308832168579,23.109758906066418,0.4702258562551519,0.3256392914978946,0.4399257587130534,1.25,0.4187038485803934,1.0,1.0,3.219848631906968,True,0.0,3.510922196475419
focus_jamendo_1997549__300s,focus_jamendo_1997549,focus,holdout,300.0,2.118924379348755,9.976861786097288,0.5242718814292618,0.3512011073603384,0.4108997355536415,1.35,0.3586092431042884,0.5,0.6666666666666666,2.2863050284495414,True,0.0,1.015238260314691
focus_jamendo_2002309__180s,focus_jamendo_2002309,focus,discovery,180.0,2.362609386444092,29.756774343550205,0.486905897860839,0.3808497649131196,0.4849002208153419,0.4499999999999999,0.4952061208095094,0.5,0.0,5.218443822315792,False,264.7839964238007,12.109577367591775
focus_jamendo_2002309__300s,focus_jamendo_2002309,focus,discovery,300.0,4.834238529205322,11.400695111602545,0.473285774614728,0.3876386179116626,0.554626920149953,0.4499999999999999,0.4885980404250992,0.5,0.6,5.159195400817478,False,245.15185758417556,0.7394496819833312
focus_jamendo_2004625__180s,focus_jamendo_2004625,focus,validation,180.0,3.271042823791504,17.840327417477965,0.4208387552129861,0.3414872666205717,0.3552635921537552,0.4499999999999999,-0.0,0.4166666666666667,0.8,3.3259385851413508,False,0.010382854313788839,6.707721233482354
focus_jamendo_2004625__300s,focus_jamendo_2004625,focus,validation,300.0,3.551619052886963,25.820925310254097,0.4148107520263289,0.3542507148331473,0.418023875634717,0.8999999999999999,-0.0,0.5,0.0,4.8976761789042085,False,169.70952325365295,17.67129085262834
focus_jamendo_2005032__180s,focus_jamendo_2005032,focus,discovery,180.0,3.7038400173187256,11.660037279129028,0.4014215461029503,0.3221594600137458,0.3892404720723285,2.75,0.968935337164982,0.4583333333333333,0.9090909090909092,3.5563414613769586,False,2.8479715165635846,0.0
focus_jamendo_2005032__300s,focus_jamendo_2005032,focus,discovery,300.0,1.6446276903152466,10.861830942332745,0.4125012332352352,0.4036380222055697,0.4122317570471246,3.3,1.0168473575048265,0.4861111111111111,0.8,0.9213388723088568,True,0.0,0.0
focus_jamendo_2005033__180s,focus_jamendo_2005033,focus,discovery,180.0,1.1422637701034546,11.31338918954134,0.3510355745995432,0.3917720141052843,0.3475848813196322,2.6,0.7209735622380383,0.5,0.7857142857142857,1.0261854802022878,True,0.0,0.0
focus_jamendo_2005033__300s,focus_jamendo_2005033,focus,discovery,300.0,0.7630952000617981,12.300676506012678,0.4105104596010512,0.3953512061995125,0.346039096583161,2.35,0.7893864297380346,0.5833333333333334,0.8095238095238095,0.9122548419167937,True,0.0,0.0
focus_jamendo_2009953__180s,focus_jamendo_2009953,focus,discovery,180.0,1.5029423236846924,8.997636677697301,0.2679695893454852,0.3399379387746962,0.4787199614470679,1.5999999999999996,0.8622062232316325,0.3333333333333333,0.6,1.922972555732731,True,0.0,0.0
focus_jamendo_2009953__300s,focus_jamendo_2009953,focus,discovery,300.0,1.5029423236846924,8.997636677697301,0.2679695893454852,0.3399379387746962,0.4787199614470679,1.5999999999999996,0.8622062232316325,0.3333333333333333,0.6,1.922972555732731,True,0.0,0.0
focus_jamendo_2015074__180s,focus_jamendo_2015074,focus,discovery,180.0,1.6732120513916016,4.682396376505494,0.4326149125119864,0.4426451835962021,0.5016256585781693,1.6999999999999995,0.6302860690721398,0.3333333333333333,0.5833333333333334,1.9915256297415693,True,0.0,0.0
focus_jamendo_2015074__300s,focus_jamendo_2015074,focus,discovery,300.0,1.6732120513916016,4.682396376505494,0.4326149125119864,0.4426451835962021,0.5016256585781693,1.6999999999999995,0.6302860690721398,0.3333333333333333,0.5833333333333334,1.9915256297415693,True,0.0,0.0
focus_jamendo_2019707__180s,focus_jamendo_2019707,focus,discovery,180.0,0.8051304817199707,8.638683885335922,0.4094827660705526,0.3955813215289397,0.3254545827887047,3.8,1.423080729448954,0.3571428571428571,0.5333333333333333,0.8334482527188204,True,0.0,0.6639065508084444
focus_jamendo_2019707__300s,focus_jamendo_2019707,focus,discovery,300.0,0.9765200018882751,10.817351050674915,0.4548003901703091,0.418826730406648,0.3651434861067218,4.55,1.49336156632792,0.3392857142857143,0.5263157894736842,1.0245187038126975,True,0.0,1.4043315022287863
focus_jamendo_2022629__180s,focus_jamendo_2022629,focus,validation,180.0,1.7805267572402954,11.630815386772156,0.552769866566242,0.3595697924232603,0.5252597191338201,3.1499999999999995,0.9263383221369462,0.6333333333333333,0.8421052631578947,2.2833221826916046,True,0.0,0.0
focus_jamendo_2022629__300s,focus_jamendo_2022629,focus,validation,300.0,1.3718483448028564,10.887088552117348,0.5853487668940565,0.3882059297087533,0.5678462098645616,3.3,0.9737978512958988,0.5476190476190477,0.8695652173913043,2.4252167984217365,True,0.0,0.0
focus_jamendo_2023052__180s,focus_jamendo_2023052,focus,discovery,180.0,1.6657698154449463,12.390385262668133,0.4588888373489486,0.2898677977064525,0.3677808073893489,2.2,0.7249318767092847,0.2857142857142857,0.875,1.8404474517388312,True,0.0,0.025784850363126288
focus_jamendo_2023052__300s,focus_jamendo_2023052,focus,discovery,300.0,1.2465003728866575,9.453385865781456,0.4564173102303852,0.3802000182817112,0.3952580556310934,2.05,0.695510357731538,0.5,0.7619047619047619,0.76379349282179,True,0.0,0.0
focus_jamendo_2023746__180s,focus_jamendo_2023746,focus,discovery,180.0,1.1478019952774048,11.732337614521384,0.4118792702391056,0.3720707022957121,0.4630205604297418,2.2,0.9416647990130284,0.3571428571428571,0.6666666666666666,0.2757448509588471,True,0.0,0.0
focus_jamendo_2023746__300s,focus_jamendo_2023746,focus,discovery,300.0,11.798370361328123,10.302209589630364,0.4227944040791518,0.4811095607963494,0.4712216384781484,2.35,0.9711391689354988,0.4166666666666667,0.8,14.575244963952374,False,40593.30170843387,0.0
focus_jamendo_2026945__180s,focus_jamendo_2026945,focus,discovery,180.0,1.4426027536392212,11.591145638376474,0.445592192290803,0.3797167780756655,0.7068791235533141,2.6499999999999995,0.8530352427076772,0.3333333333333333,0.4,0.7063514509111765,True,0.0,0.7121924511966237
focus_jamendo_2026945__300s,focus_jamendo_2026945,focus,discovery,300.0,1.823538064956665,9.737527627497911,0.5741989609806863,0.3822994295886159,0.7620353288938972,2.6499999999999995,0.9253165129143232,0.3333333333333333,0.7142857142857143,2.5283107812723626,True,0.0,0.0
focus_jamendo_2027198__180s,focus_jamendo_2027198,focus,discovery,180.0,1.6857783794403076,16.79544964618981,0.6555704426229383,0.4586669964987201,0.6159011094961234,3.9,0.8867112352031966,0.4166666666666667,0.8,3.9038415097633297,False,18.31846294320871,0.0
focus_jamendo_2027198__300s,focus_jamendo_2027198,focus,discovery,300.0,1.4371100664138794,14.288332968950272,0.6464814879077834,0.3374902533265878,0.6042147579535738,3.45,0.9164301979438152,0.4166666666666667,0.8,3.564175344652752,False,3.03935536988461,0.0
focus_jamendo_2027199__180s,focus_jamendo_2027199,focus,discovery,180.0,1.6438348293304443,16.651788998395205,0.6153100519979358,0.3406674162381168,0.628356393701178,3.2,0.8332369636806406,0.3333333333333333,0.5,3.376615777850953,False,0.19497782208014725,0.04451202819978898
focus_jamendo_2027199__300s,focus_jamendo_2027199,focus,discovery,300.0,1.0360051393508911,15.318874962627888,0.5970764695959214,0.3797512448294478,0.6143000762985851,3.85,0.9013496364397476,0.4166666666666667,0.8,2.77329858815438,True,0.0,0.0
focus_jamendo_2029578__180s,focus_jamendo_2029578,focus,holdout,180.0,5.878344535827637,10.457821175456049,0.3867908938015523,0.3039619330347314,0.370433379794336,4.35,0.9767729123863688,0.5714285714285714,0.875,6.54155132147547,False,1013.2712907665865,0.05601111111111112
focus_jamendo_2029578__300s,focus_jamendo_2029578,focus,holdout,300.0,5.878344535827637,10.457821175456049,0.3867908938015523,0.3039619330347314,0.370433379794336,4.35,0.9767729123863688,0.5714285714285714,0.875,6.54155132147547,False,1013.2712907665865,0.05601111111111112
focus_jamendo_2032139__180s,focus_jamendo_2032139,focus,discovery,180.0,1.0063774585723877,13.455620251595974,0.3609994755964589,0.3805859700283523,0.4108874729026451,2.75,1.1172347317699636,0.2857142857142857,0.5,1.106058714753956,True,0.0,0.07029687856291526
focus_jamendo_2032139__300s,focus_jamendo_2032139,focus,discovery,300.0,3.876544713973999,10.308078994508833,0.4185952249817453,0.4334974267241693,0.450136288968897,2.2,1.0615506957502654,0.625,0.8571428571428571,3.852520237241883,False,15.06946591334524,0.0
focus_jamendo_2032187__180s,focus_jamendo_2032187,focus,discovery,180.0,2.584526777267456,22.033822521567345,0.2660279980428686,0.307557957048223,0.3661889337566359,1.4999999999999998,0.947850872938192,0.5,0.6666666666666666,3.7129058720510595,False,7.9845739034770595,0.0
focus_jamendo_2032187__300s,focus_jamendo_2032187,focus,discovery,300.0,2.874741077423096,17.094438696280122,0.3779986330985217,0.3438247008297963,0.4128172732181908,1.6499999999999997,0.9860530586435258,0.5,0.6666666666666666,2.742160156747861,True,0.0,0.0
focus_jamendo_2032670__180s,focus_jamendo_2032670,focus,discovery,180.0,0.9017521739006042,7.480888161808252,0.3899317150431987,0.3803597311919131,0.4241840237309914,3.0,0.908791102038166,0.4047619047619047,0.9411764705882352,0.9552492673197572,True,0.0,0.01312367081093633
focus_jamendo_2032670__300s,focus_jamendo_2032670,focus,discovery,300.0,0.9017521739006042,7.480888161808252,0.3899317150431987,0.3803597311919131,0.4241840237309914,3.0,0.908791102038166,0.4047619047619047,0.9411764705882352,0.9552492673197572,True,0.0,0.01312367081093633
focus_jamendo_2034075__180s,focus_jamendo_2034075,focus,discovery,180.0,1.552764892578125,7.009278839454055,0.4016875752952982,0.4351810902675895,0.3840423117447054,2.55,1.1912443560053352,0.4642857142857143,0.6923076923076923,1.5207004313365509,True,0.0,0.0
focus_jamendo_2034075__300s,focus_jamendo_2034075,focus,discovery,300.0,1.386987328529358,7.352872890420258,0.3858369894417776,0.4155565777737786,0.3775118175244064,2.55,1.122490516275344,0.4285714285714285,0.5833333333333334,1.2405599756894754,True,0.0,0.0
focus_jamendo_2034860__180s,focus_jamendo_2034860,focus,discovery,180.0,1.8585127592086792,11.258615612983704,0.4191284193837689,0.3368584644323833,0.5402355427933038,0.8999999999999999,0.6037040102832857,0.5535714285714286,0.7741935483870968,1.1371744768443448,True,0.0,0.0861226844444446
focus_jamendo_2034860__300s,focus_jamendo_2034860,focus,discovery,300.0,2.361846923828125,14.162685569375752,0.4328970679456657,0.4083305490739121,0.5074226439506487,0.4499999999999999,0.5656937888940614,0.2619047619047619,0.7272727272727273,2.0255255449077434,True,0.0,0.6414307455043363
focus_jamendo_2035379__180s,focus_jamendo_2035379,focus,discovery,180.0,1.552764892578125,7.009278839454055,0.4016875752952982,0.4351810902675895,0.3840423117447054,2.55,1.1912443560053352,0.4642857142857143,0.6923076923076923,1.5207004313365509,True,0.0,0.0
focus_jamendo_2035379__300s,focus_jamendo_2035379,focus,discovery,300.0,1.386987328529358,7.352872890420258,0.3858369894417776,0.4155565777737786,0.3775118175244064,2.55,1.122490516275344,0.4285714285714285,0.5833333333333334,1.2405599756894754,True,0.0,0.0
focus_jamendo_2035939__180s,focus_jamendo_2035939,focus,discovery,180.0,1.328593373298645,10.362169386353344,0.3619533230475971,0.1975266024639964,0.409182481617886,2.25,0.8652582333546321,0.3571428571428571,0.5333333333333333,2.948545096162777,True,0.0,0.0
focus_jamendo_2035939__300s,focus_jamendo_2035939,focus,discovery,300.0,1.305418848991394,9.90506561473012,0.394716915641616,0.288500807007327,0.4363944696977703,1.4,0.94465387822482,0.4761904761904761,0.5,1.4407802442765012,True,0.0,0.04451202819978898
focus_jamendo_2037708__180s,focus_jamendo_2037708,focus,validation,180.0,5.374459743499756,12.361642137169838,0.3352437213467448,0.4038892792971795,0.281085363984756,3.3,1.1132420951771256,0.5555555555555556,0.85,5.76856586763115,False,498.02086044710046,0.0
focus_jamendo_2037708__300s,focus_jamendo_2037708,focus,validation,300.0,5.374459743499756,12.361642137169838,0.3352437213467448,0.4038892792971795,0.281085363984756,3.3,1.1132420951771256,0.5555555555555556,0.85,5.76856586763115,False,498.02086044710046,0.0
focus_jamendo_2039455__180s,focus_jamendo_2039455,focus,discovery,180.0,0.8567038774490356,18.49168537370861,0.6432353575567169,0.3496486922473489,0.6806081401009914,3.1499999999999995,1.094388093215586,0.5833333333333334,0.8571428571428571,3.762332763776249,False,10.209153794065173,0.0
focus_jamendo_2039455__300s,focus_jamendo_2039455,focus,discovery,300.0,1.029250144958496,11.639657221734524,0.6248738088078013,0.3916557243680051,0.6538794754315136,3.3999999999999995,1.0834130556948771,0.6666666666666666,0.9,2.9004995358593075,True,0.0,0.0
focus_jamendo_2039456__180s,focus_jamendo_2039456,focus,discovery,180.0,1.200918197631836,9.092609176412225,0.5155391150244112,0.438321943101671,0.6208816600206462,3.2,0.8948891262620969,0.95,0.9473684210526316,1.7058807028355674,True,0.0,1.7497322553773904
focus_jamendo_2039456__300s,focus_jamendo_2039456,focus,discovery,300.0,0.7802397608757019,13.312430445104836,0.4994894353859751,0.4113767261096301,0.6264069725430145,3.3,0.9857112958580718,0.6333333333333333,0.8421052631578947,1.5793232476639703,True,0.0,0.0
focus_jamendo_2039515__180s,focus_jamendo_2039515,focus,discovery,180.0,1.2380305528640747,12.141365970484912,0.3453393963642124,0.3823352254013928,0.5099357484118453,2.7,1.053036976070402,0.45,0.6666666666666666,1.0516064608900533,True,0.0,0.0
focus_jamendo_2039515__300s,focus_jamendo_2039515,focus,discovery,300.0,1.0499842166900637,12.25511448085308,0.5014883188939304,0.4283642705073537,0.5062864624216898,2.85,1.0444172885786234,0.4333333333333333,0.6153846153846154,1.562446404655191,True,0.0,0.0
focus_jamendo_2039520__180s,focus_jamendo_2039520,focus,discovery,180.0,0.9761746525764464,13.231207195669413,0.4913357491356072,0.4416793145310849,0.468818210271152,1.15,0.7801053411622039,0.5,0.0,1.756509111725271,True,0.0,11.398305459145984
focus_jamendo_2039520__300s,focus_jamendo_2039520,focus,discovery,300.0,1.9360913038253784,9.795893713831902,0.5287609208811055,0.4376889793266163,0.4649611647781041,2.2,0.8386815777278855,0.95,0.9473684210526316,2.16552498266144,True,0.0,1.7497322553773904
focus_jamendo_2041944__180s,focus_jamendo_2041944,focus,discovery,180.0,1.2996933460235596,12.066735461354256,0.4248583451143108,0.3002734795506189,0.3627850902726934,2.75,0.9154778954047138,0.35,0.8571428571428571,1.252501699035498,True,0.0,0.0
focus_jamendo_2041944__300s,focus_jamendo_2041944,focus,discovery,300.0,1.3403337001800537,13.47910688817501,0.4036989764853511,0.2504987779334982,0.3674930089587263,3.3,0.8805347979333786,0.35,0.8571428571428571,2.029096326423586,True,0.0,0.0
focus_jamendo_2041947__180s,focus_jamendo_2041947,focus,discovery,180.0,1.3821001052856443,13.357976719737051,0.3540889401886551,0.3445965346839327,0.3582798840114515,2.75,0.781315156991247,1.0,1.0,0.9517065015633899,True,0.0,2.934067067727646
focus_jamendo_2041947__300s,focus_jamendo_2041947,focus,discovery,300.0,6.011734962463379,11.820526644587517,0.5355868192872785,0.3386031431084322,0.3637801907034275,2.6,0.963205933096813,0.6428571428571429,0.9629629629629628,7.07624407444154,False,1529.8470312352363,0.06373261397588209
focus_jamendo_2042978__180s,focus_jamendo_2042978,focus,discovery,180.0,1.311334490776062,13.3300309330225,0.3157795292146997,0.3367865673683826,0.3594329223315121,0.8999999999999999,0.1507101668093325,0.3444444444444444,0.7096774193548387,1.343107720398165,True,0.0,3.5674528422031018
focus_jamendo_2042978__300s,focus_jamendo_2042978,focus,discovery,300.0,1.4423527717590332,16.11203707754612,0.2809707428846432,0.2562213980322741,0.3804324857405724,0.4499999999999999,0.1192945726405514,0.3055555555555556,0.8181818181818182,2.4284744184577374,True,0.0,4.500651090019069
focus_jamendo_2043688__180s,focus_jamendo_2043688,focus,discovery,180.0,1.0199897289276123,22.71125843375921,0.3692558427512237,0.2867732198211547,0.2968169535114767,2.5,0.7228254552379284,0.4166666666666667,0.8,3.094450744002528,True,0.0,0.0
focus_jamendo_2043688__300s,focus_jamendo_2043688,focus,discovery,300.0,3.5111565589904785,7.214535437524319,0.3736633610352112,0.3828261686258216,0.3573302594687648,2.4,0.7186206960002242,0.7,0.9523809523809524,3.3595979105996654,False,0.10688122457290203,0.03440127768127613
focus_jamendo_2055767__180s,focus_jamendo_2055767,focus,discovery,180.0,0.6497597694396973,10.001633651554585,0.4422839588466987,0.3521621412363804,0.6744744735022206,2.0,0.9853121365403344,0.75,0.8571428571428571,0.9069939486482619,True,0.0,0.0
focus_jamendo_2055767__300s,focus_jamendo_2055767,focus,discovery,300.0,1.375943303108215,10.823596883565187,0.4861964231651627,0.3572781508422548,0.6977848848879942,2.1,0.965457712440608,0.625,0.8,1.2086450985893942,True,0.0,0.0
focus_jamendo_2057382__180s,focus_jamendo_2057382,focus,discovery,180.0,1.6055192947387695,21.42259567603469,0.3846474495495696,0.4089588573854105,0.4820358036253214,1.85,0.9153806484603288,0.4166666666666667,0.8,3.0673416806627007,True,0.0,0.0
focus_jamendo_2057382__300s,focus_jamendo_2057382,focus,discovery,300.0,2.1540534496307373,13.638726776465774,0.3979534976422509,0.3125995147702149,0.4644520744051643,2.3,0.8906866280802013,0.3666666666666666,0.9090909090909092,1.6938334758939328,True,0.0,0.0
focus_jamendo_2057691__180s,focus_jamendo_2057691,focus,discovery,180.0,1.514781832695007,12.254044477827849,0.3216685768205452,0.3316738978821098,0.3604059785104156,2.1,0.8544727039702907,0.3095238095238095,0.6153846153846154,1.243614229031861,True,0.0,1.7395749949824882e-05
focus_jamendo_2057691__300s,focus_jamendo_2057691,focus,discovery,300.0,2.7326526641845703,11.428947284817696,0.3640749855856359,0.3459971455642042,0.3715321657575107,2.6499999999999995,0.8618638889266084,0.5952380952380952,0.88,2.169974881592458,True,0.0,0.0
focus_jamendo_2060537__180s,focus_jamendo_2060537,focus,holdout,180.0,0.7168205976486206,5.342432669363916,0.4526874815646071,0.4817022427095005,0.3888671389650892,2.95,1.058532836701402,0.6333333333333333,0.7368421052631579,2.2586671548093658,True,0.0,0.0
focus_jamendo_2060537__300s,focus_jamendo_2060537,focus,holdout,300.0,1.1213315725326538,8.393285859376192,0.4202713983521293,0.4873536038532371,0.3850308777249372,2.65,1.151664034820879,0.7857142857142857,0.8484848484848485,2.090312827999764,True,0.0,0.05504124007561427
focus_jamendo_2123290__180s,focus_jamendo_2123290,focus,validation,180.0,3.0027146339416504,10.42741833627224,0.4341198032324133,0.4360709367418661,0.4978948299930577,2.05,0.990090471217648,0.4166666666666667,0.8,2.7740881033870575,True,0.0,0.0
focus_jamendo_2123290__300s,focus_jamendo_2123290,focus,validation,300.0,3.0027146339416504,10.42741833627224,0.4341198032324133,0.4360709367418661,0.4978948299930577,2.05,0.990090471217648,0.4166666666666667,0.8,2.7740881033870575,True,0.0,0.0
focus_jamendo_2125861__180s,focus_jamendo_2125861,focus,discovery,180.0,1.1989796161651611,12.27566746994853,0.3944349184364409,0.3268122649816853,0.4299326760490439,4.0,0.9629266037233338,0.4166666666666667,0.8,0.689734402946616,True,0.0,0.0
focus_jamendo_2125861__300s,focus_jamendo_2125861,focus,discovery,300.0,1.0241296291351318,19.692794270813465,0.4124553271217227,0.3901492032013444,0.4755474689559089,4.199999999999999,1.1052116506686294,0.4166666666666667,0.8,2.4318699385839473,True,0.0,0.008961777777777716
focus_jamendo_2127098__180s,focus_jamendo_2127098,focus,discovery,180.0,0.7712217569351196,12.40233614295721,0.3697210543587646,0.3823928544287827,0.3637483121567779,4.1,0.8809740123461883,0.5,0.6666666666666666,1.0205258328116187,True,0.0,0.0
focus_jamendo_2127098__300s,focus_jamendo_2127098,focus,discovery,300.0,1.217197299003601,12.625592093914747,0.3650490364261523,0.3546901719719852,0.3721902028557357,3.35,1.0137869780393844,0.2666666666666666,0.5,0.7036374587998869,True,0.0,0.12613723590184975
focus_jamendo_2127108__180s,focus_jamendo_2127108,focus,discovery,180.0,1.2760322093963623,10.316984437406065,0.3722161879242715,0.2410654216694014,0.3913946000235228,1.95,1.0241541167297428,0.1944444444444444,0.5714285714285714,2.1945024326069187,True,0.0,0.5778009218177691
focus_jamendo_2127108__300s,focus_jamendo_2127108,focus,discovery,300.0,1.2364864349365234,12.70736413821578,0.3813043634119274,0.320667741952888,0.3975370863172625,1.95,1.0113950023492255,0.3214285714285714,0.5555555555555556,0.8338808316315236,True,0.0,0.0
focus_jamendo_2127649__180s,focus_jamendo_2127649,focus,discovery,180.0,1.3913984298706057,9.718547582626345,0.3721904664041369,0.3676012304116491,0.3744810614238886,2.5,0.5282429752323516,0.3333333333333333,0.7142857142857143,0.6177106456762991,True,0.0,0.09444192994228492
focus_jamendo_2127649__300s,focus_jamendo_2127649,focus,discovery,300.0,0.8576042652130127,9.492624888196588,0.3729400685001113,0.3545899657947896,0.3941222244550249,2.05,0.6321483621431437,0.4464285714285714,0.8,0.7318622649783998,True,0.0,0.0
focus_jamendo_2129421__180s,focus_jamendo_2129421,focus,discovery,180.0,0.8690195679664612,9.93473208323121,0.4489849661516439,0.38443112304049,0.4534107297369509,1.5499999999999998,0.7157570810795922,0.7,0.8571428571428571,0.6990854384895488,True,0.0,0.0
focus_jamendo_2129421__300s,focus_jamendo_2129421,focus,discovery,300.0,6.867071628570557,11.16636373102665,0.4588194849390418,0.3076239391844596,0.4715606160887339,1.5499999999999998,0.6449972705530567,0.2916666666666667,0.5714285714285714,8.012336337584138,False,2834.238050974508,0.01475621670353092
focus_jamendo_2149372__180s,focus_jamendo_2149372,focus,validation,180.0,0.895252525806427,9.839573249220848,0.4853054655143368,0.4697000043354452,0.4835955780118211,3.8,1.0534766388864412,0.375,0.5925925925925926,1.878263044404742,True,0.0,0.0
focus_jamendo_2149372__300s,focus_jamendo_2149372,focus,validation,300.0,0.895252525806427,9.839573249220848,0.4853054655143368,0.4697000043354452,0.4835955780118211,3.8,1.0534766388864412,0.375,0.5925925925925926,1.878263044404742,True,0.0,0.0
focus_jamendo_2152724__180s,focus_jamendo_2152724,focus,validation,180.0,1.7585396766662598,9.720983270555736,0.455218675997148,0.2853984034149088,0.4270786479716214,4.65,0.7628879539764459,0.4027777777777778,0.6206896551724138,2.0520495693389047,True,0.0,0.27109377777777854
focus_jamendo_2152724__300s,focus_jamendo_2152724,focus,validation,300.0,1.3964093923568726,8.819707181304693,0.4493592563253667,0.3380739036330346,0.4377612386362207,5.299999999999999,0.8773903277322728,0.4861111111111111,0.8,1.1560282523801204,True,0.0,1.2904959999999988
focus_jamendo_2160158__180s,focus_jamendo_2160158,focus,discovery,180.0,1.087104082107544,8.023314045742154,0.5007284877958208,0.3950837903174739,0.5206151250067019,2.9,0.8143026701855384,0.5,0.0,1.4185202711389808,True,0.0,11.395079219145984
focus_jamendo_2160158__300s,focus_jamendo_2160158,focus,discovery,300.0,0.7257683277130127,12.193612975999711,0.5039526611062116,0.3863452226359947,0.5817600806659746,3.35,0.9391318695713438,1.0,1.0,1.4187363724544855,True,0.0,2.934067067727646
focus_jamendo_2160682__180s,focus_jamendo_2160682,focus,validation,180.0,1.1177608966827393,8.908139302395284,0.4508688696442542,0.4414774286765621,0.385652234662374,3.9499999999999993,0.9211193151915252,0.5535714285714286,0.7096774193548387,1.3214487627103064,True,0.0,0.0
focus_jamendo_2160682__300s,focus_jamendo_2160682,focus,validation,300.0,1.340897560119629,11.26631112396717,0.4903744532746583,0.3972455392191706,0.3622652666995061,3.85,0.9341538233728588,0.8214285714285714,0.8695652173913043,1.1936614683591917,True,0.0,0.22016496030245708
focus_jamendo_2165080__180s,focus_jamendo_2165080,focus,validation,180.0,1.930415153503418,15.10514162108302,0.4524695864090773,0.331282980661804,0.4453234596486458,2.1,0.7516783663763742,0.25,0.6666666666666666,1.7279091141527214,True,0.0,0.15617143240891476
focus_jamendo_2165080__300s,focus_jamendo_2165080,focus,validation,300.0,1.028881311416626,19.691420421004292,0.4628040558058122,0.3220338454331002,0.425624246007534,1.5499999999999998,0.6622193644861891,0.5178571428571429,0.7586206896551724,2.411523422327689,True,0.0,0.0
focus_jamendo_2169943__180s,focus_jamendo_2169943,focus,holdout,180.0,1.1481733322143557,9.27839569747448,0.3744442697458127,0.2762053877302083,0.3721136511311925,5.4,1.584936227408236,0.7666666666666667,0.9565217391304348,1.6776416806305283,True,0.0,3.7705405461030037
focus_jamendo_2169943__300s,focus_jamendo_2169943,focus,holdout,300.0,1.7700424194335938,11.277972400188446,0.3586832221737612,0.4075833334008313,0.3684979829202134,5.4,1.6618501337747589,0.6607142857142857,0.918918918918919,1.3536538266200935,True,0.0,4.756284631504268
focus_jamendo_2178516__180s,focus_jamendo_2178516,focus,discovery,180.0,1.3491839170455933,10.569744303822516,0.3552016884024132,0.4023212687106972,0.3562472140270837,4.4,0.8957060939393278,1.0,1.0,1.0856983429714315,True,0.0,3.014723067727646
focus_jamendo_2178516__300s,focus_jamendo_2178516,focus,discovery,300.0,0.950238823890686,12.468723461031914,0.3471588356753269,0.3653902175114841,0.411895117299304,3.95,0.8604534210282785,0.5,0.6666666666666666,1.0108145498472398,True,0.0,0.0
focus_jamendo_2178517__180s,focus_jamendo_2178517,focus,discovery,180.0,0.8756324648857117,10.999786410480738,0.3187278162309211,0.3388149574387196,0.3740971683901471,4.4,1.4902307966347652,0.4305555555555556,0.967741935483871,1.2730635247698152,True,0.0,1.3530644637298124
focus_jamendo_2178517__300s,focus_jamendo_2178517,focus,discovery,300.0,1.2982673645019531,11.514685958623886,0.3530643119743532,0.2877650192946055,0.3949036492411438,4.5,1.5162602004513872,0.6607142857142857,0.918918918918919,1.3757063273848853,True,0.0,1.582104650109917
focus_jamendo_2178866__180s,focus_jamendo_2178866,focus,discovery,180.0,1.6854326725006104,12.575081884860992,0.3832546790365118,0.330397082691166,0.3540513747677946,2.85,0.8171990873316277,0.4722222222222222,0.8235294117647058,0.9704745300352774,True,0.0,0.0
focus_jamendo_2178866__300s,focus_jamendo_2178866,focus,discovery,300.0,1.595975399017334,8.262553988024592,0.4054275411511044,0.3296784465371135,0.3749523489697529,2.85,0.8375159432958772,0.5416666666666666,0.8205128205128205,1.213533280741259,True,0.0,0.0
focus_jamendo_2180121__180s,focus_jamendo_2180121,focus,discovery,180.0,0.9200071692466736,11.362685350701213,0.497060841672531,0.3336614714972238,0.4372971167664362,1.4999999999999998,0.3506015516343417,0.625,0.8571428571428571,1.4916501360083718,True,0.0,1.0829470239928183
focus_jamendo_2180121__300s,focus_jamendo_2180121,focus,discovery,300.0,3.2464869022369385,14.079229339957235,0.4623969714114155,0.3178638134946069,0.4253494572651159,1.4999999999999998,0.3445425263863048,0.3809523809523809,0.875,3.234701766117001,True,0.0,1.1356313855865217
focus_jamendo_2180126__180s,focus_jamendo_2180126,focus,discovery,180.0,2.7580130100250244,7.404052882455289,0.3864911803923238,0.3946013811547932,0.3407835082178083,1.5499999999999998,1.1318486461014892,0.3,0.6666666666666666,2.390949340618244,True,0.0,0.004453311987154877
focus_jamendo_2180126__300s,focus_jamendo_2180126,focus,discovery,300.0,0.9624847769737244,5.480456600431353,0.361265281531554,0.4052561279688602,0.3393988482495687,2.1499999999999995,1.2101072801847763,0.4,1.0,1.6212425693248083,True,0.0,0.23704630402254398
focus_jamendo_2196880__180s,focus_jamendo_2196880,focus,discovery,180.0,0.973871409893036,13.253896683454514,0.357146024856464,0.3745208829609016,0.3069924684842701,3.1499999999999995,0.683702378578514,0.4583333333333333,0.9090909090909092,1.0680754630133944,True,0.0,0.0
focus_jamendo_2196880__300s,focus_jamendo_2196880,focus,discovery,300.0,0.973871409893036,13.253896683454514,0.357146024856464,0.3745208829609016,0.3069924684842701,3.1499999999999995,0.683702378578514,0.4583333333333333,0.9090909090909092,1.0680754630133944,True,0.0,0.0
focus_jamendo_2200501__180s,focus_jamendo_2200501,focus,discovery,180.0,1.0182147026062012,10.58525738492608,0.4176041174949155,0.2887856129478669,0.4057807160527389,2.3,0.6946097496716038,0.4305555555555556,0.7096774193548387,1.441257052689509,True,0.0,0.0
focus_jamendo_2200501__300s,focus_jamendo_2200501,focus,discovery,300.0,1.3883062601089478,11.557528481818736,0.4120552292912245,0.2588491282207719,0.3343012503351509,2.25,0.7125752338966647,0.4166666666666667,0.7333333333333333,1.936286986285623,True,0.0,0.0
focus_jamendo_2201166__180s,focus_jamendo_2201166,focus,discovery,180.0,0.907109797000885,14.775930490344765,0.6804101358948852,0.2222713587803853,0.6253752417638051,3.1,0.7712160959563229,0.5,0.6666666666666666,5.021918703103263,False,203.33893800923641,0.0
focus_jamendo_2201166__300s,focus_jamendo_2201166,focus,discovery,300.0,1.1098556518554688,11.775812385603786,0.7045597843037826,0.3477793091729197,0.6336335917994177,3.35,0.794418350623648,0.4166666666666667,0.8,4.175994284641224,False,41.97688491156786,0.0
focus_jamendo_2201227__180s,focus_jamendo_2201227,focus,discovery,180.0,1.9853767156600952,11.350662291049955,0.3717802968250791,0.369948355281545,0.3660392780762411,3.6,0.940515883614038,0.5416666666666666,0.7692307692307693,1.1862121474342857,True,0.0,0.0
focus_jamendo_2201227__300s,focus_jamendo_2201227,focus,discovery,300.0,1.9853767156600952,11.350662291049955,0.3717802968250791,0.369948355281545,0.3660392780762411,3.6,0.940515883614038,0.5416666666666666,0.7692307692307693,1.1862121474342857,True,0.0,0.0
focus_jamendo_2203332__180s,focus_jamendo_2203332,focus,discovery,180.0,0.8500610589981079,9.571940179914236,0.3536665256346473,0.3322348807549412,0.3721759480869333,2.55,0.7793119208855466,0.5833333333333334,0.8571428571428571,1.020521667459244,True,0.0,0.0
focus_jamendo_2203332__300s,focus_jamendo_2203332,focus,discovery,300.0,1.6467472314834597,11.397451912984252,0.3805703624391043,0.3956904533156861,0.3627456121653631,3.3,0.7555507771842255,0.3333333333333333,0.5,0.9637024107198566,True,0.0,0.04451202819978898
focus_jamendo_2205840__180s,focus_jamendo_2205840,focus,discovery,180.0,1.727082133293152,15.957462206482887,0.4792841990483285,0.463861958100569,0.4967548072912997,2.5,0.7706655221635287,0.5,0.6666666666666666,2.515646180629222,True,0.0,0.0
focus_jamendo_2205840__300s,focus_jamendo_2205840,focus,discovery,300.0,0.8855567574501038,16.537370149046183,0.4354589452047312,0.4362691021801099,0.459680983610379,2.75,0.9755856074246688,0.3035714285714285,0.5882352941176471,2.151145771049766,True,0.0,0.001872489396942782
focus_jamendo_2206772__180s,focus_jamendo_2206772,focus,discovery,180.0,1.7709672451019287,10.079925172030926,0.3759724482359614,0.3048387699204872,0.3020254175519584,2.85,0.5303060900124942,0.375,0.5925925925925926,1.397854604739387,True,0.0,0.08927975267269947
focus_jamendo_2206772__300s,focus_jamendo_2206772,focus,discovery,300.0,1.7709672451019287,10.079925172030926,0.3759724482359614,0.3048387699204872,0.3020254175519584,2.85,0.5303060900124942,0.375,0.5925925925925926,1.397854604739387,True,0.0,0.08927975267269947
focus_jamendo_2207645__180s,focus_jamendo_2207645,focus,holdout,180.0,1.1185704469680786,14.687649000436068,0.4548787602129358,0.2917336404321113,0.4799961500346257,3.2,0.9131105760552796,0.3472222222222222,0.48,1.7270969775576857,True,0.0,0.11395079219145988
focus_jamendo_2207645__300s,focus_jamendo_2207645,focus,holdout,300.0,1.591264724731445,13.099435109645128,0.482539483800403,0.2589657780446623,0.4727577844156533,4.2,0.9558006957185288,0.4444444444444444,0.5,2.4713507636743044,True,0.0,0.05347380597756685
focus_jamendo_2208659__180s,focus_jamendo_2208659,focus,validation,180.0,0.7568774819374084,8.369612341746688,0.3096846083061753,0.3705368312065873,0.3626306736377416,4.4,0.8848117553569083,0.3,0.6666666666666666,1.6086940266271017,True,0.0,0.08510931198715527
focus_jamendo_2208659__300s,focus_jamendo_2208659,focus,validation,300.0,1.321582555770874,8.155389385297894,0.3881536623327158,0.3200901864232003,0.3454907324720945,4.0,0.7915603165939975,0.3571428571428571,0.6,1.1871164651079062,True,0.0,0.0
focus_jamendo_2209988__180s,focus_jamendo_2209988,focus,discovery,180.0,1.3001660108566284,19.542251847684383,0.3986555417931112,0.3255132946562869,0.4308894931012501,1.95,0.7691289401357172,0.5,0.6666666666666666,2.196650058536989,True,0.0,0.0
focus_jamendo_2209988__300s,focus_jamendo_2209988,focus,discovery,300.0,1.299628973007202,11.272614158689976,0.3930973688462831,0.3759016315596011,0.4698932026834918,1.4999999999999996,0.7320995668776645,0.5714285714285714,0.9166666666666666,0.36508781077833796,True,0.0,0.0
focus_jamendo_2215208__180s,focus_jamendo_2215208,focus,discovery,180.0,1.0945816040039062,12.664742320775986,0.3093818141935244,0.3404199976255201,0.2835533092671536,0.4499999999999999,0.2185396223094835,0.5,0.6666666666666666,1.3754968021935199,True,0.0,3.0324605918703664
focus_jamendo_2215208__300s,focus_jamendo_2215208,focus,discovery,300.0,1.030787229537964,8.95577509701252,0.3746473451286553,0.3711321094401144,0.3824368926402753,0.4499999999999999,0.1377853528907885,0.8666666666666667,1.0,0.6844295029095212,True,0.0,5.025312656738416
focus_jamendo_2215209__180s,focus_jamendo_2215209,focus,discovery,180.0,1.9792876243591309,22.601395823061463,0.334139306952711,0.1815894755841267,0.4020177999866465,0.4999999999999999,0.7654158448164069,0.3333333333333333,0.6,4.006916836305677,False,25.963216855169808,0.4517632177777783
focus_jamendo_2215209__300s,focus_jamendo_2215209,focus,discovery,300.0,2.75888466835022,13.66755381319672,0.3761317658182873,0.2753548850760215,0.3782790258258479,0.4499999999999999,0.7758563970557509,0.4333333333333333,0.7692307692307693,2.6678054828680877,True,0.0,0.5176322844444448
focus_jamendo_2234790__180s,focus_jamendo_2234790,focus,discovery,180.0,0.6208304762840271,8.493573615327477,0.6110827277062966,0.4818733345252986,0.5280926653403247,3.65,1.3569881420858496,0.7857142857142857,0.9090909090909092,3.0380185747200366,True,0.0,0.348765581447189
focus_jamendo_2234790__300s,focus_jamendo_2234790,focus,discovery,300.0,0.8704152703285217,8.62172450684011,0.6141331125123155,0.5433168749193348,0.5838604052060549,3.85,1.3023806487958616,0.7142857142857143,0.7,3.611529321214124,False,4.339609155517904,0.10019415085964359
focus_jamendo_2234792__180s,focus_jamendo_2234792,focus,discovery,180.0,1.0056926012039185,12.961172997951508,0.3906104704159331,0.2881969434250122,0.3950099104195021,2.95,1.3216804092840164,0.5,0.6666666666666666,1.3477605507465353,True,0.0,0.15698016006045373
focus_jamendo_2234792__300s,focus_jamendo_2234792,focus,discovery,300.0,0.7552207708358765,8.960885575041175,0.3321564537950819,0.3961891034986025,0.4082183889267892,3.3,1.342471408826374,0.95,0.9473684210526316,1.4665212852966207,True,0.0,1.9820908868694942
focus_jamendo_2235775__180s,focus_jamendo_2235775,focus,discovery,180.0,1.6118276119232178,9.0507789561525,0.5527152367050256,0.4576657101688761,0.595437757337367,2.2,0.806571263035036,0.3333333333333333,0.0,2.3490577501273537,True,0.0,11.395079219145984
focus_jamendo_2235775__300s,focus_jamendo_2235775,focus,discovery,300.0,7.259486198425293,9.552265542559326,0.5124523381742293,0.5007224670079499,0.5910149417177445,2.2,0.8032463089800379,0.5892857142857143,0.7272727272727273,8.725043463424647,False,4246.661286640896,0.0
focus_jamendo_2255191__180s,focus_jamendo_2255191,focus,discovery,180.0,1.2109615802764893,12.19103010930121,0.3484246222359683,0.3494499046469176,0.3574164220199595,2.75,0.811792851043757,0.4285714285714285,0.7777777777777778,0.8340820699678088,True,0.0,0.0
focus_jamendo_2255191__300s,focus_jamendo_2255191,focus,discovery,300.0,1.0602829456329346,9.654474097304046,0.409807723614006,0.3110421282863386,0.4011944100460941,2.5,0.8120002669199644,0.5476190476190477,0.8695652173913043,1.1005010975772387,True,0.0,0.0
focus_jamendo_2257645__180s,focus_jamendo_2257645,focus,discovery,180.0,0.9318253397941588,11.95749271288514,0.5676840890460462,0.3482776479340631,0.4600877996990873,1.6,0.6248492901279679,0.75,0.8888888888888888,2.300210212215631,True,0.0,0.0
focus_jamendo_2257645__300s,focus_jamendo_2257645,focus,discovery,300.0,1.251448154449463,13.346061831340194,0.538737940608045,0.4616874532591664,0.4256941118363219,2.8,0.7177240771658047,0.5,0.6666666666666666,2.3259614405803433,True,0.0,0.0
focus_jamendo_2259996__180s,focus_jamendo_2259996,focus,discovery,180.0,1.6886084079742432,11.581716548651457,0.4056140848105327,0.408902395074637,0.3408453520607154,2.25,1.1023817657482626,0.7666666666666667,0.8695652173913043,1.077176255587183,True,0.0,0.011986758949800528
focus_jamendo_2259996__300s,focus_jamendo_2259996,focus,discovery,300.0,1.0698977708816528,9.052651658654211,0.3852879939349833,0.3729995500281467,0.3950787012293211,2.1499999999999995,1.0514247162091128,0.7666666666666667,0.9565217391304348,0.5669712341252002,True,0.0,0.05679702436048921
focus_jamendo_2260000__180s,focus_jamendo_2260000,focus,discovery,180.0,0.8981190919876099,9.126532793045044,0.3499869424916226,0.3607931700159658,0.3876422766907192,1.7999999999999998,0.7179880665018606,0.5238095238095238,0.8181818181818182,0.9665625011451189,True,0.0,0.0
focus_jamendo_2260000__300s,focus_jamendo_2260000,focus,discovery,300.0,2.443718910217285,10.392416704446076,0.370366731728409,0.3897003539743107,0.3928103630795683,2.1,0.8267698971701813,0.4305555555555556,0.7741935483870968,1.834535203143227,True,0.0,0.0
focus_jamendo_2266423__180s,focus_jamendo_2266423,focus,discovery,180.0,0.9781108498573304,9.78655592352152,0.3356043449902673,0.3876603750074509,0.3856349745715544,1.4,0.8105835520399023,0.6333333333333333,0.9473684210526316,1.1995865461641528,True,0.0,0.023638966606126167
focus_jamendo_2266423__300s,focus_jamendo_2266423,focus,discovery,300.0,1.1223360300064087,10.834202714264393,0.4054795335425556,0.3702562091934451,0.402706055168927,2.3999999999999995,0.8344240153964635,0.6666666666666666,0.9285714285714286,0.10590158334894698,True,0.0,0.0012094199184823147
focus_jamendo_2269943__180s,focus_jamendo_2269943,focus,discovery,180.0,1.3676830530166626,5.541389545425773,0.5676527028766094,0.4370344464386637,0.5841411095583892,1.85,0.8431102374953812,1.0,1.0,2.5736999176617044,True,0.0,2.934067067727646
focus_jamendo_2269943__300s,focus_jamendo_2269943,focus,discovery,300.0,1.5831530094146729,11.755152698606253,0.6010849581830862,0.3768224476685368,0.5674606442743292,2.3,0.8318814674103813,0.5,0.0,2.746176886757792,True,0.0,11.395079219145984
focus_jamendo_2274006__180s,focus_jamendo_2274006,focus,holdout,180.0,2.3501288890838623,7.197208344936371,0.3219553352082311,0.2424104856661095,0.3668158061925667,3.1499999999999995,1.4506604345018446,0.85,0.8235294117647058,3.04182847677012,True,0.0,1.2939294109066592
focus_jamendo_2274006__300s,focus_jamendo_2274006,focus,holdout,300.0,2.3501288890838623,7.197208344936371,0.3219553352082311,0.2424104856661095,0.3668158061925667,3.1499999999999995,1.4506604345018446,0.85,0.8235294117647058,3.04182847677012,True,0.0,1.2939294109066592
focus_jamendo_2276079__180s,focus_jamendo_2276079,focus,discovery,180.0,0.7231854796409607,12.82335039973259,0.309081780220954,0.2470435464953749,0.4059077291202397,1.9,0.8608564391019498,0.5,1.0,2.252411106924148,True,0.0,0.23704630402254398
focus_jamendo_2276079__300s,focus_jamendo_2276079,focus,discovery,300.0,1.1060843467712402,17.06024131923914,0.3492308464121387,0.2442088762465109,0.4218518952088446,1.9,0.8580461564213955,0.4,1.0,2.36152376701575,True,0.0,0.23704630402254398
focus_jamendo_2276080__180s,focus_jamendo_2276080,focus,discovery,180.0,1.1178034543991089,6.376716792583466,0.3518997487934496,0.2740302202698126,0.3978155619614736,3.55,0.7055068771712067,0.6666666666666666,0.75,2.1667359880736003,True,0.0,0.0
focus_jamendo_2276080__300s,focus_jamendo_2276080,focus,discovery,300.0,0.8731008172035217,7.895468960516155,0.3840646396971223,0.2543321110539389,0.4029446299114178,3.65,0.9303701380935372,0.3,0.4444444444444444,2.247842009308521,True,0.0,0.3209832902967657
focus_jamendo_2279515__180s,focus_jamendo_2279515,focus,discovery,180.0,0.8814072012901306,13.918743431568146,0.3781780244459323,0.3544911646873455,0.4426797513274859,2.4,0.7102129068321485,0.6,0.8888888888888888,0.9705339584468203,True,0.0,0.0
focus_jamendo_2279515__300s,focus_jamendo_2279515,focus,discovery,300.0,3.261896133422852,14.47977501153946,0.4212758674877224,0.348439847379454,0.4666565038759046,2.85,0.6984349320765829,0.5,0.9333333333333332,2.998641759927636,True,0.0,0.004214156515956143
focus_jamendo_2280562__180s,focus_jamendo_2280562,focus,discovery,180.0,1.333670139312744,11.472334483638406,0.3670966157713187,0.3563046276715182,0.4047003271312877,2.85,0.6450132479443144,0.4761904761904761,0.8,0.5706119024430725,True,0.0,0.0
focus_jamendo_2280562__300s,focus_jamendo_2280562,focus,discovery,300.0,2.4660868644714355,13.663565021008251,0.4117343448510527,0.3105520142019525,0.4091499635252031,3.05,0.7410902756799248,0.4285714285714285,0.75,2.099060785591421,True,0.0,0.0
