segment_id,track_id,group,split,scale_seconds,source_relative_path,output_relative_path,source_duration_seconds,start_seconds,requested_duration_seconds,actual_duration_seconds,sample_rate,channels,dtype,target_lufs,measured_lufs_before,measured_lufs_after,peak_before,peak_after,peak_limited,limiter_gain_db,limited_sample_fraction,used_full_track,padding_applied,sha256,status,processed_at,config_sha256,error
focus_jamendo_0016398__180s,focus_jamendo_0016398,focus,holdout,180.0,focus_music/focus_jamendo_0016398.mp3,features/audio/180s/focus/holdout/focus_jamendo_0016398__180s.wav,239.453061,29.726530499999996,180.0,180.0,22050,1,float32,-15.0,-14.342716697825876,-14.99861351666851,0.990111231803894,0.8382340669631958,True,-0.4534260379094128,0.00100050390526581,False,False,c370a009168b99ce627658d15a8a3ca1b5a1b28ef364760c8acf30fc88bb0c51,verified_existing,2026-08-01,11ad09ff644382dbc2cfeccf6d6d7b3a55178d0f54719444e1de1fdf0fbd7b77,
focus_jamendo_0016398__300s,focus_jamendo_0016398,focus,holdout,300.0,focus_music/focus_jamendo_0016398.mp3,features/audio/300s/focus/holdout/focus_jamendo_0016398__300s.wav,239.453061,0.0,239.453061,239.4530612244898,22050,1,float32,-15.0,-14.706217171422974,-14.997858870112447,0.990111231803894,0.8294218182563782,True,-0.5890280153774636,0.0009844808842524725,True,False,f0cb59e1fc00dfe28f1d7f639184a02a783495c04c3c1a4cf917b025a0fb34d3,verified_existing,2026-08-01,11ad09ff644382dbc2cfeccf6d6d7b3a55178d0f54719444e1de1fdf0fbd7b77,
focus_jamendo_0214220__180s,focus_jamendo_0214220,focus,holdout,180.0,focus_music/focus_jamendo_0214220.mp3,features/audio/180s/focus/holdout/focus_jamendo_0214220__180s.wav,605.179,212.5895,180.0,180.0,22050,1,float32,-15.0,-19.528197252099506,-15.034544712269772,0.7512751817703247,0.8598206639289856,True,0.0,0.0004406651549508692,False,False,4edeb48e9235c393984b0147f8815898e1c4c5befad0bad4b196d4f26810a786,verified_existing,2026-08-01,11ad09ff644382dbc2cfeccf6d6d7b3a55178d0f54719444e1de1fdf0fbd7b77,
focus_jamendo_0214220__300s,focus_jamendo_0214220,focus,holdout,300.0,focus_music/focus_jamendo_0214220.mp3,features/audio/300s/focus/holdout/focus_jamendo_0214220__300s.wav,605.179,152.5895,300.0,300.0,22050,1,float32,-15.0,-18.98099151048196,-15.043283018967541,0.8314617872238159,0.8594247698783875,True,0.0,0.00042086167800453513,False,False,7d6c0798b006f478811e2fa3c356939f668561dd19c0815c19aa254edeb7d722,verified_existing,2026-08-01,11ad09ff644382dbc2cfeccf6d6d7b3a55178d0f54719444e1de1fdf0fbd7b77,
focus_jamendo_1027423__180s,focus_jamendo_1027423,focus,discovery,180.0,focus_music/focus_jamendo_1027423.mp3,features/audio/180s/focus/discovery/focus_jamendo_1027423__180s.wav,398.367,109.18350000000001,180.0,180.0,22050,1,float32,-15.0,-16.21689834354136,-15.005719493532299,1.172445297241211,0.8598002195358276,True,0.0,0.0005149911816578483,False,False,73e3fcc0b0b6567e9f7f4d177a9e793f283ddf7a0aeb027ba1306a9b69fa777e,verified_existing,2026-08-01,11ad09ff644382dbc2cfeccf6d6d7b3a55178d0f54719444e1de1fdf0fbd7b77,
focus_jamendo_1027423__300s,focus_jamendo_1027423,focus,discovery,300.0,focus_music/focus_jamendo_1027423.mp3,features/audio/300s/focus/discovery/focus_jamendo_1027423__300s.wav,398.367,49.18350000000001,300.0,300.0,22050,1,float32,-15.0,-16.240517800292622,-15.005912950434336,1.2065820693969727,0.8598039150238037,True,0.0,0.0005431594860166288,False,False,b166b4186471692ee8eaf11018f097a0edd5e0d991a78a020811916805bb4cd5,verified_existing,2026-08-01,11ad09ff644382dbc2cfeccf6d6d7b3a55178d0f54719444e1de1fdf0fbd7b77,
focus_jamendo_1027427__180s,focus_jamendo_1027427,focus,discovery,180.0,focus_music/focus_jamendo_1027427.mp3,features/audio/180s/focus/discovery/focus_jamendo_1027427__180s.wav,264.072,42.036,180.0,180.0,22050,1,float32,-15.0,-15.457589748848394,-14.99758974860668,0.7008898258209229,0.7390090227127075,False,0.0,0.0,False,False,b6f0d4bc62f85098a6eabc21e5eda4d2b2462ef99e8431582110f045fbda24ce,verified_existing,2026-08-01,11ad09ff644382dbc2cfeccf6d6d7b3a55178d0f54719444e1de1fdf0fbd7b77,
focus_jamendo_1027427__300s,focus_jamendo_1027427,focus,discovery,300.0,focus_music/focus_jamendo_1027427.mp3,features/audio/300s/focus/discovery/focus_jamendo_1027427__300s.wav,264.072,0.0,264.072,264.0,22050,1,float32,-15.0,-15.642380126374057,-15.002380744088645,0.7542890906333923,0.8091493844985962,True,0.0,6.5278636707208135e-06,True,False,c082a589bf2fb811e2a8efe822da58862bd7526b4f60c952c2f8338aee8eda34,verified_existing,2026-08-01,11ad09ff644382dbc2cfeccf6d6d7b3a55178d0f54719444e1de1fdf0fbd7b77,
focus_jamendo_1027938__180s,focus_jamendo_1027938,focus,discovery,180.0,focus_music/focus_jamendo_1027938.mp3,features/audio/180s/focus/discovery/focus_jamendo_1027938__180s.wav,922.331,371.1655,180.0,180.0,22050,1,float32,-15.0,-13.927776361457953,-14.997776596730018,0.9069896936416626,0.8003133535385132,True,0.0,4.031242126480222e-06,False,False,019c15610d6fc1f72274570f3a5abd9c0426ec142c1d56a3a463ddc53fe1b4ea,verified_existing,2026-08-01,11ad09ff644382dbc2cfeccf6d6d7b3a55178d0f54719444e1de1fdf0fbd7b77,
focus_jamendo_1027938__300s,focus_jamendo_1027938,focus,discovery,300.0,focus_music/focus_jamendo_1027938.mp3,features/audio/300s/focus/discovery/focus_jamendo_1027938__300s.wav,922.331,311.1655,300.0,300.0,22050,1,float32,-15.0,-13.771126868148803,-15.011126937358764,0.9161909818649292,0.7934048771858215,True,0.0,1.965230536659108e-06,False,False,3288647b6c5658a8c1dee0ebb60a158c8b1049382de27b8cb4815af3c9d9bc3f,verified_existing,2026-08-01,11ad09ff644382dbc2cfeccf6d6d7b3a55178d0f54719444e1de1fdf0fbd7b77,
focus_jamendo_1027941__180s,focus_jamendo_1027941,focus,discovery,180.0,focus_music/focus_jamendo_1027941.mp3,features/audio/180s/focus/discovery/focus_jamendo_1027941__180s.wav,923.376,371.688,180.0,180.0,22050,1,float32,-15.0,-14.246635151741087,-15.006635387268485,0.8750049471855164,0.8001610636711121,True,0.0,8.314436885865457e-06,False,False,e7ef0bf7eec04871eeffb85ea20f17414cb6b403b110470815937b8c00fe79f3,verified_existing,2026-08-01,11ad09ff644382dbc2cfeccf6d6d7b3a55178d0f54719444e1de1fdf0fbd7b77,
focus_jamendo_1027941__300s,focus_jamendo_1027941,focus,discovery,300.0,focus_music/focus_jamendo_1027941.mp3,features/audio/300s/focus/discovery/focus_jamendo_1027941__300s.wav,923.376,311.688,300.0,300.0,22050,1,float32,-15.0,-14.429717234510578,-14.989718906028923,0.881862998008728,0.8212098479270935,True,0.0,1.7535903250188966e-05,False,False,a673245bc922821b3e2735bf4053ed2394311e2a6e964453f6ebee354e71b3e4,verified_existing,2026-08-01,11ad09ff644382dbc2cfeccf6d6d7b3a55178d0f54719444e1de1fdf0fbd7b77,
focus_jamendo_1056129__180s,focus_jamendo_1056129,focus,discovery,180.0,focus_music/focus_jamendo_1056129.mp3,features/audio/180s/focus/discovery/focus_jamendo_1056129__180s.wav,328.0,74.0,180.0,180.0,22050,1,float32,-15.0,-12.917042465080906,-14.887234875881418,1.2711257934570312,0.859580934047699,True,0.0,0.0019140841521793903,False,False,708598be217d8c9738c33afbb4d33b640212c0b32d03195d9889ba684c03d662,verified_existing,2026-08-01,11ad09ff644382dbc2cfeccf6d6d7b3a55178d0f54719444e1de1fdf0fbd7b77,
focus_jamendo_1056129__300s,focus_jamendo_1056129,focus,discovery,300.0,focus_music/focus_jamendo_1056129.mp3,features/audio/300s/focus/discovery/focus_jamendo_1056129__300s.wav,328.0,14.0,300.0,300.0,22050,1,float32,-15.0,-12.968896365624898,-14.805537993943926,1.2711257934570312,0.8599825501441956,True,0.0,0.0014278155706727135,False,False,d2258ff25b39ebb9b43e9d3a309a9e7cf371cb60ef095842636e2344a5d73e24,verified_existing,2026-08-01,11ad09ff644382dbc2cfeccf6d6d7b3a55178d0f54719444e1de1fdf0fbd7b77,
focus_jamendo_1056135__180s,focus_jamendo_1056135,focus,discovery,180.0,focus_music/focus_jamendo_1056135.mp3,features/audio/180s/focus/discovery/focus_jamendo_1056135__180s.wav,152.268,0.0,152.268,152.20802721088435,22050,1,float32,-15.0,-18.03644667256338,-14.998843090728117,1.2600492238998413,0.8401200771331787,True,-0.3830587166384838,0.0008047823318545719,True,False,dd41d38616263b7dba898d362514e16460ae8e3077e7bbfb004394ba6cee8988,verified_existing,2026-08-01,11ad09ff644382dbc2cfeccf6d6d7b3a55178d0f54719444e1de1fdf0fbd7b77,
focus_jamendo_1056135__300s,focus_jamendo_1056135,focus,discovery,300.0,focus_music/focus_jamendo_1056135.mp3,features/audio/300s/focus/discovery/focus_jamendo_1056135__300s.wav,152.268,0.0,152.268,152.20802721088435,22050,1,float32,-15.0,-18.03644667256338,-14.998843090728117,1.2600492238998413,0.8401200771331787,True,-0.3830587166384838,0.0008047823318545719,True,False,f92568fa079ac926740e3e2ac6a0a5645daaec29ab6a2115e634ee7d5eeaf56d,verified_existing,2026-08-01,11ad09ff644382dbc2cfeccf6d6d7b3a55178d0f54719444e1de1fdf0fbd7b77,
focus_jamendo_1068406__180s,focus_jamendo_1068406,focus,validation,180.0,focus_music/focus_jamendo_1068406.mp3,features/audio/180s/focus/validation/focus_jamendo_1068406__180s.wav,219.507,19.753500000000003,180.0,180.0,22050,1,float32,-15.0,-17.72108119613917,-15.004673068507797,0.8539550304412842,0.8594266772270203,True,0.0,0.0003139329805996473,False,False,bdbb87a2332053e2447d3803df4a110cee4c85f74e7365db0919a9640d3798b6,verified_existing,2026-08-01,11ad09ff644382dbc2cfeccf6d6d7b3a55178d0f54719444e1de1fdf0fbd7b77,
focus_jamendo_1068406__300s,focus_jamendo_1068406,focus,validation,300.0,focus_music/focus_jamendo_1068406.mp3,features/audio/300s/focus/validation/focus_jamendo_1068406__300s.wav,219.507,0.0,219.507,219.4293424036281,22050,1,float32,-15.0,-18.01206058160134,-15.028378443634546,0.8530580401420593,0.8595436811447144,True,0.0,0.0003228328604169504,True,False,f12e19862b3723100c3fbd8a67f8159c56ec5925631aca916832752caa0350ca,verified_existing,2026-08-01,11ad09ff644382dbc2cfeccf6d6d7b3a55178d0f54719444e1de1fdf0fbd7b77,
focus_jamendo_1077172__180s,focus_jamendo_1077172,focus,holdout,180.0,focus_music/focus_jamendo_1077172.mp3,features/audio/180s/focus/holdout/focus_jamendo_1077172__180s.wav,136.333,0.0,136.333,136.2808163265306,22050,1,float32,-15.0,-19.979984435881153,-14.99909874304865,0.9324557781219482,0.8560289740562439,True,-0.2050011377691412,0.0010179727599940367,True,False,5e9131281f23423da720acfa38356befbfb06825c6e20949d5297ee6ebb84c90,verified_existing,2026-08-01,11ad09ff644382dbc2cfeccf6d6d7b3a55178d0f54719444e1de1fdf0fbd7b77,
focus_jamendo_1077172__300s,focus_jamendo_1077172,focus,holdout,300.0,focus_music/focus_jamendo_1077172.mp3,features/audio/300s/focus/holdout/focus_jamendo_1077172__300s.wav,136.333,0.0,136.333,136.2808163265306,22050,1,float32,-15.0,-19.979984435881153,-14.99909874304865,0.9324557781219482,0.8560289740562439,True,-0.2050011377691412,0.0010179727599940367,True,False,5e9131281f23423da720acfa38356befbfb06825c6e20949d5297ee6ebb84c90,verified_existing,2026-08-01,11ad09ff644382dbc2cfeccf6d6d7b3a55178d0f54719444e1de1fdf0fbd7b77,
focus_jamendo_1077186__180s,focus_jamendo_1077186,focus,holdout,180.0,focus_music/focus_jamendo_1077186.mp3,features/audio/180s/focus/holdout/focus_jamendo_1077186__180s.wav,394.397,107.1985,180.0,180.0,22050,1,float32,-15.0,-21.103879793895175,-15.006787066880104,1.1944255828857422,0.8803680539131165,True,0.5411067238873297,0.0026679264298311916,False,False,b04779acd239081a3ab375de1ad4c61ccef13316bac62860c5c77291f14ff60f,verified_existing,2026-08-01,11ad09ff644382dbc2cfeccf6d6d7b3a55178d0f54719444e1de1fdf0fbd7b77,
focus_jamendo_1077186__300s,focus_jamendo_1077186,focus,holdout,300.0,focus_music/focus_jamendo_1077186.mp3,features/audio/300s/focus/holdout/focus_jamendo_1077186__300s.wav,394.397,47.198499999999996,300.0,300.0,22050,1,float32,-15.0,-20.710810163786274,-15.00472918654554,1.1944255828857422,0.8784523606300354,True,0.43884047270920234,0.002146787603930461,False,False,df901f3d5c9fe496a5ea126dbddb2b791fe6121e2116b31e7cc022a7b435996f,verified_existing,2026-08-01,11ad09ff644382dbc2cfeccf6d6d7b3a55178d0f54719444e1de1fdf0fbd7b77,
focus_jamendo_1081641__180s,focus_jamendo_1081641,focus,discovery,180.0,focus_music/focus_jamendo_1081641.mp3,features/audio/180s/focus/discovery/focus_jamendo_1081641__180s.wav,646.0,233.0,180.0,180.0,22050,1,float32,-15.0,-13.992053597075596,-15.030144040111576,1.2057950496673584,0.8595764636993408,True,0.0,0.00017913832199546484,False,False,371cd3673b743e7ebe9c8d53e2f28c4003a5109f69d915301032449a05d2d2dc,verified_existing,2026-08-01,11ad09ff644382dbc2cfeccf6d6d7b3a55178d0f54719444e1de1fdf0fbd7b77,
focus_jamendo_1081641__300s,focus_jamendo_1081641,focus,discovery,300.0,focus_music/focus_jamendo_1081641.mp3,features/audio/300s/focus/discovery/focus_jamendo_1081641__300s.wav,646.0,173.0,300.0,300.0,22050,1,float32,-15.0,-13.585987829810085,-15.013325530848244,1.2057950496673584,0.8598875999450684,True,0.0,0.00016145124716553287,False,False,6a37cdf76d0b7ba1d4acef4ea6359596c2cbc9c7d73432eb936eaf83b93612ed,verified_existing,2026-08-01,11ad09ff644382dbc2cfeccf6d6d7b3a55178d0f54719444e1de1fdf0fbd7b77,
focus_jamendo_1081643__180s,focus_jamendo_1081643,focus,discovery,180.0,focus_music/focus_jamendo_1081643.mp3,features/audio/180s/focus/discovery/focus_jamendo_1081643__180s.wav,232.0,26.0,180.0,180.0,22050,1,float32,-15.0,-13.319363841058967,-14.987411280069471,1.190858244895935,0.8596200346946716,True,0.0,4.509952128999748e-05,False,False,4c26adb1a70ebc9e62583ee61d665575cf8a3a49816d8d66d7b97da30ba2ff3c,verified_existing,2026-08-01,11ad09ff644382dbc2cfeccf6d6d7b3a55178d0f54719444e1de1fdf0fbd7b77,
focus_jamendo_1081643__300s,focus_jamendo_1081643,focus,discovery,300.0,focus_music/focus_jamendo_1081643.mp3,features/audio/300s/focus/discovery/focus_jamendo_1081643__300s.wav,232.0,0.0,232.0,232.0,22050,1,float32,-15.0,-13.996642552557802,-14.858827177170435,1.190858244895935,0.8597558736801147,True,0.0,0.0001833607006020799,True,False,473277651440d19d40e96f0bbf0bf56761e94c976e69e460b10923eb6bf2a81a,verified_existing,2026-08-01,11ad09ff644382dbc2cfeccf6d6d7b3a55178d0f54719444e1de1fdf0fbd7b77,
focus_jamendo_1089784__180s,focus_jamendo_1089784,focus,validation,180.0,focus_music/focus_jamendo_1089784.mp3,features/audio/180s/focus/validation/focus_jamendo_1089784__180s.wav,165.0,0.0,165.0,165.0,22050,1,float32,-15.0,-13.600186300828506,-15.013104459657956,1.2056431770324707,0.8595108985900879,True,0.0,0.0005087610801896516,True,False,e9a8104163275941052b97fddb1b8dd37bd6e2706d8a91da0e708c51427453f5,verified_existing,2026-08-01,11ad09ff644382dbc2cfeccf6d6d7b3a55178d0f54719444e1de1fdf0fbd7b77,
focus_jamendo_1089784__300s,focus_jamendo_1089784,focus,validation,300.0,focus_music/focus_jamendo_1089784.mp3,features/audio/300s/focus/validation/focus_jamendo_1089784__300s.wav,165.0,0.0,165.0,165.0,22050,1,float32,-15.0,-13.600186300828506,-15.013104459657956,1.2056431770324707,0.8595108985900879,True,0.0,0.0005087610801896516,True,False,41999dfaab1d43959550f88d8274d496cc7e91818c2afc0e24d673cdf16bf3d1,verified_existing,2026-08-01,11ad09ff644382dbc2cfeccf6d6d7b3a55178d0f54719444e1de1fdf0fbd7b77,
focus_jamendo_1092684__180s,focus_jamendo_1092684,focus,discovery,180.0,focus_music/focus_jamendo_1092684.mp3,features/audio/180s/focus/discovery/focus_jamendo_1092684__180s.wav,630.0,225.0,180.0,180.0,22050,1,float32,-15.0,-19.14830916571365,-15.015360398018826,0.7050297260284424,0.8599491715431213,True,0.0,0.0002509448223733938,False,False,c7e977230e5c762384727f58b9f62eaaf7361db18224b34bf721df3120c0d0b1,verified_existing,2026-08-01,11ad09ff644382dbc2cfeccf6d6d7b3a55178d0f54719444e1de1fdf0fbd7b77,
focus_jamendo_1092684__300s,focus_jamendo_1092684,focus,discovery,300.0,focus_music/focus_jamendo_1092684.mp3,features/audio/300s/focus/discovery/focus_jamendo_1092684__300s.wav,630.0,165.0,300.0,300.0,22050,1,float32,-15.0,-19.276937263981736,-15.00023484308032,0.7050297260284424,0.8599488735198975,True,0.0,0.0002816326530612245,False,False,373808dbbd801972133f1cf3ef148368139bf0e46a8452af10c5e39a499f7341,verified_existing,2026-08-01,11ad09ff644382dbc2cfeccf6d6d7b3a55178d0f54719444e1de1fdf0fbd7b77,
focus_jamendo_1093823__180s,focus_jamendo_1093823,focus,holdout,180.0,focus_music/focus_jamendo_1093823.mp3,features/audio/180s/focus/holdout/focus_jamendo_1093823__180s.wav,1124.0,472.0,180.0,180.0,22050,1,float32,-15.0,-20.300663291961598,-14.957791718790808,0.6633810997009277,0.8597207069396973,True,0.0,0.0005593348450491308,False,False,76531f8bf194fbe6e87e94d34e330ef1b696e6e1c45e3d77eebf71a87fa0ad7d,verified_existing,2026-08-01,11ad09ff644382dbc2cfeccf6d6d7b3a55178d0f54719444e1de1fdf0fbd7b77,
focus_jamendo_1093823__300s,focus_jamendo_1093823,focus,holdout,300.0,focus_music/focus_jamendo_1093823.mp3,features/audio/300s/focus/holdout/focus_jamendo_1093823__300s.wav,1124.0,412.0,300.0,300.0,22050,1,float32,-15.0,-20.156217455856797,-14.969317600631667,0.6907247304916382,0.8594810962677002,True,0.0,0.0005300075585789872,False,False,74a3e8f79bfdc1649fdaa57588b995e0724b4ac7921b6b49bfc16119a1be24f6,verified_existing,2026-08-01,11ad09ff644382dbc2cfeccf6d6d7b3a55178d0f54719444e1de1fdf0fbd7b77,
focus_jamendo_1093829__180s,focus_jamendo_1093829,focus,holdout,180.0,focus_music/focus_jamendo_1093829.mp3,features/audio/180s/focus/holdout/focus_jamendo_1093829__180s.wav,1110.0,465.0,180.0,180.0,22050,1,float32,-15.0,-18.325681191304927,-15.01754736218434,0.7538434267044067,0.859415590763092,True,0.0,0.00019576719576719576,False,False,9ad2001161e9700c094bb0da30d69a435d103a864fc3a8ba6651971aabf3c40e,verified_existing,2026-08-01,11ad09ff644382dbc2cfeccf6d6d7b3a55178d0f54719444e1de1fdf0fbd7b77,
focus_jamendo_1093829__300s,focus_jamendo_1093829,focus,holdout,300.0,focus_music/focus_jamendo_1093829.mp3,features/audio/300s/focus/holdout/focus_jamendo_1093829__300s.wav,1110.0,405.0,300.0,300.0,22050,1,float32,-15.0,-18.528788128005733,-14.997375507144207,0.7538434267044067,0.8594127893447876,True,0.0,0.00020256991685563115,False,False,f2d2f6cd9d559058b01f57e233e3539c5a68313afc1d6f2b13d91d9399e23e48,verified_existing,2026-08-01,11ad09ff644382dbc2cfeccf6d6d7b3a55178d0f54719444e1de1fdf0fbd7b77,
focus_jamendo_1097142__180s,focus_jamendo_1097142,focus,validation,180.0,focus_music/focus_jamendo_1097142.mp3,features/audio/180s/focus/validation/focus_jamendo_1097142__180s.wav,263.0,41.5,180.0,180.0,22050,1,float32,-15.0,-25.821463590444306,-14.881438612004217,0.48375409841537476,0.8603952527046204,True,0.0,0.0005479969765684052,False,False,37be1dcfe4fd39db94842fc38f714e686b685a9fdca2f300c7dde975ca77e5ea,verified_existing,2026-08-01,11ad09ff644382dbc2cfeccf6d6d7b3a55178d0f54719444e1de1fdf0fbd7b77,
focus_jamendo_1097142__300s,focus_jamendo_1097142,focus,validation,300.0,focus_music/focus_jamendo_1097142.mp3,features/audio/300s/focus/validation/focus_jamendo_1097142__300s.wav,263.0,0.0,263.0,263.0,22050,1,float32,-15.0,-25.073108750986822,-14.880206250030747,0.48375409841537476,0.8603952527046204,True,0.0,0.00046989645034186046,True,False,0dcfa82e318fe3311e7f3232506911f02fad87d5d691fa05d258c9fe706374e3,verified_existing,2026-08-01,11ad09ff644382dbc2cfeccf6d6d7b3a55178d0f54719444e1de1fdf0fbd7b77,
focus_jamendo_1101389__180s,focus_jamendo_1101389,focus,discovery,180.0,focus_music/focus_jamendo_1101389.mp3,features/audio/180s/focus/discovery/focus_jamendo_1101389__180s.wav,1100.0,460.0,180.0,180.0,22050,1,float32,-15.0,-21.508407901201405,-14.999046140860052,0.6027811169624329,0.8094266653060913,True,-0.8061861399694745,0.0001977828168304359,False,False,955fd38dc80b51c0e07c2e40a7a104ee2bd0fe906687069e053dc3b8eae17f17,verified_existing,2026-08-01,11ad09ff644382dbc2cfeccf6d6d7b3a55178d0f54719444e1de1fdf0fbd7b77,
focus_jamendo_1101389__300s,focus_jamendo_1101389,focus,discovery,300.0,focus_music/focus_jamendo_1101389.mp3,features/audio/300s/focus/discovery/focus_jamendo_1101389__300s.wav,1100.0,400.0,300.0,300.0,22050,1,float32,-15.0,-20.419768628356042,-14.999142354211127,0.7170981168746948,0.8210030794143677,True,-0.6612135072250638,0.00027800453514739226,False,False,0a8175b3ee45fb8b7ad98628e0d28883f2c26dbba8653a263104bd2b61bde423,verified_existing,2026-08-01,11ad09ff644382dbc2cfeccf6d6d7b3a55178d0f54719444e1de1fdf0fbd7b77,
focus_jamendo_1101393__180s,focus_jamendo_1101393,focus,discovery,180.0,focus_music/focus_jamendo_1101393.mp3,features/audio/180s/focus/discovery/focus_jamendo_1101393__180s.wav,1130.0,475.0,180.0,180.0,22050,1,float32,-15.0,-21.530546616483893,-15.134367962086275,0.6610410213470459,0.8594597578048706,True,0.0,0.0005918367346938776,False,False,357475c94bee75b45acde01fd539cbdfb3509d3a3623540274054662a569bdc3,verified_existing,2026-08-01,11ad09ff644382dbc2cfeccf6d6d7b3a55178d0f54719444e1de1fdf0fbd7b77,
focus_jamendo_1101393__300s,focus_jamendo_1101393,focus,discovery,300.0,focus_music/focus_jamendo_1101393.mp3,features/audio/300s/focus/discovery/focus_jamendo_1101393__300s.wav,1130.0,415.0,300.0,300.0,22050,1,float32,-15.0,-21.431812936404103,-15.068596870638135,0.6610410213470459,0.8595733642578125,True,0.0,0.0006204081632653061,False,False,477afb4ed0f29e21c3f62d394ec551bf0e92e11b4e977794ea39dcb212bb36b1,verified_existing,2026-08-01,11ad09ff644382dbc2cfeccf6d6d7b3a55178d0f54719444e1de1fdf0fbd7b77,
focus_jamendo_1106739__180s,focus_jamendo_1106739,focus,discovery,180.0,focus_music/focus_jamendo_1106739.mp3,features/audio/180s/focus/discovery/focus_jamendo_1106739__180s.wav,162.038,0.0,162.038,161.97124716553287,22050,1,float32,-15.0,-12.487474354939248,-15.004092713187655,1.1800391674041748,0.8593423962593079,True,0.0,0.00017751813960989688,True,False,72425e9d46f7a6201ecc5c46dc365890f23fcf37a62c894c3f0d66f39ba489ea,verified_existing,2026-08-01,11ad09ff644382dbc2cfeccf6d6d7b3a55178d0f54719444e1de1fdf0fbd7b77,
focus_jamendo_1106739__300s,focus_jamendo_1106739,focus,discovery,300.0,focus_music/focus_jamendo_1106739.mp3,features/audio/300s/focus/discovery/focus_jamendo_1106739__300s.wav,162.038,0.0,162.038,161.97124716553287,22050,1,float32,-15.0,-12.487474354939248,-15.004092713187655,1.1800391674041748,0.8593423962593079,True,0.0,0.00017751813960989688,True,False,0fba5cc459f1557f027deb5168dd5209e23a4154cf68bde85660557bf84ac02c,verified_existing,2026-08-01,11ad09ff644382dbc2cfeccf6d6d7b3a55178d0f54719444e1de1fdf0fbd7b77,
focus_jamendo_1106747__180s,focus_jamendo_1106747,focus,discovery,180.0,focus_music/focus_jamendo_1106747.mp3,features/audio/180s/focus/discovery/focus_jamendo_1106747__180s.wav,265.718,42.85900000000001,180.0,180.0,22050,1,float32,-15.0,-16.523646541255488,-15.113219929320788,1.0913077592849731,0.859491765499115,True,0.0,0.0017540942302847065,False,False,c7981140eb245bae59d7c6c61c60e209b5112c1165c83fd7b1dc70256d16d213,verified_existing,2026-08-01,11ad09ff644382dbc2cfeccf6d6d7b3a55178d0f54719444e1de1fdf0fbd7b77,
focus_jamendo_1106747__300s,focus_jamendo_1106747,focus,discovery,300.0,focus_music/focus_jamendo_1106747.mp3,features/audio/300s/focus/discovery/focus_jamendo_1106747__300s.wav,265.718,0.0,265.718,265.64498866213154,22050,1,float32,-15.0,-16.6070878839554,-15.001625833858784,1.0913077592849731,0.8685474991798401,True,0.23967743055421487,0.0019202823334025327,True,False,099f6029a73853705ed06d9b3d521c2cb73480338f3fbfea09cef39b567c9c75,verified_existing,2026-08-01,11ad09ff644382dbc2cfeccf6d6d7b3a55178d0f54719444e1de1fdf0fbd7b77,
focus_jamendo_1120647__180s,focus_jamendo_1120647,focus,validation,180.0,focus_music/focus_jamendo_1120647.mp3,features/audio/180s/focus/validation/focus_jamendo_1120647__180s.wav,175.987,0.0,175.987,175.91469387755103,22050,1,float32,-15.0,-13.230354755525804,-15.000182669928963,1.1831556558609009,0.8692691326141357,True,0.2729027879659238,0.0003668547860885984,True,False,d4c71df162d35f936ed44eef5f34e7294279d9f2a3b48ca5ef04997c9ab8efa2,verified_existing,2026-08-01,11ad09ff644382dbc2cfeccf6d6d7b3a55178d0f54719444e1de1fdf0fbd7b77,
focus_jamendo_1120647__300s,focus_jamendo_1120647,focus,validation,300.0,focus_music/focus_jamendo_1120647.mp3,features/audio/300s/focus/validation/focus_jamendo_1120647__300s.wav,175.987,0.0,175.987,175.91469387755103,22050,1,float32,-15.0,-13.230354755525804,-15.000182669928963,1.1831556558609009,0.8692691326141357,True,0.2729027879659238,0.0003668547860885984,True,False,d4c71df162d35f936ed44eef5f34e7294279d9f2a3b48ca5ef04997c9ab8efa2,verified_existing,2026-08-01,11ad09ff644382dbc2cfeccf6d6d7b3a55178d0f54719444e1de1fdf0fbd7b77,
focus_jamendo_1127596__180s,focus_jamendo_1127596,focus,validation,180.0,focus_music/focus_jamendo_1127596.mp3,features/audio/180s/focus/validation/focus_jamendo_1127596__180s.wav,543.0,181.5,180.0,180.0,22050,1,float32,-15.0,-18.65696868194323,-15.02755042762016,0.9099242091178894,0.8595554828643799,True,0.0,0.0006041824137062232,False,False,6aa4b1d2dce9fa2bb9a339670a92a6ac38d9d9317799d2477820d013949b1352,verified_existing,2026-08-01,11ad09ff644382dbc2cfeccf6d6d7b3a55178d0f54719444e1de1fdf0fbd7b77,
focus_jamendo_1127596__300s,focus_jamendo_1127596,focus,validation,300.0,focus_music/focus_jamendo_1127596.mp3,features/audio/300s/focus/validation/focus_jamendo_1127596__300s.wav,543.0,121.5,300.0,300.0,22050,1,float32,-15.0,-18.593452472151366,-15.003648852496928,0.9099242091178894,0.8599098324775696,True,0.0,0.0008325018896447468,False,False,1243313a9d9d62917b85777390600ae544a77a89a1a3074302f8b1511e600d7d,verified_existing,2026-08-01,11ad09ff644382dbc2cfeccf6d6d7b3a55178d0f54719444e1de1fdf0fbd7b77,
focus_jamendo_1128146__180s,focus_jamendo_1128146,focus,discovery,180.0,focus_music/focus_jamendo_1128146.mp3,features/audio/180s/focus/discovery/focus_jamendo_1128146__180s.wav,226.0,23.0,180.0,180.0,22050,1,float32,-15.0,-18.635613787167934,-15.009733378450507,1.1718024015426636,0.8765193819999695,True,0.5122072369750015,0.005750314940791131,False,False,0905205912730e662978f80eac0cce1e9364885b8af233c8bfd368efc2925087,verified_existing,2026-08-01,11ad09ff644382dbc2cfeccf6d6d7b3a55178d0f54719444e1de1fdf0fbd7b77,
focus_jamendo_1128146__300s,focus_jamendo_1128146,focus,discovery,300.0,focus_music/focus_jamendo_1128146.mp3,features/audio/300s/focus/discovery/focus_jamendo_1128146__300s.wav,226.0,0.0,226.0,226.0,22050,1,float32,-15.0,-18.766804425259163,-15.009235591773228,1.1718024015426636,0.8749500513076782,True,0.44696682000516397,0.004850801677603195,True,False,91a124631dac7b4bceabf64747daa17a1fafbe74bc3960fdfcb9120b8b73d2e1,verified_existing,2026-08-01,11ad09ff644382dbc2cfeccf6d6d7b3a55178d0f54719444e1de1fdf0fbd7b77,
focus_jamendo_1128147__180s,focus_jamendo_1128147,focus,discovery,180.0,focus_music/focus_jamendo_1128147.mp3,features/audio/180s/focus/discovery/focus_jamendo_1128147__180s.wav,261.0,40.5,180.0,180.0,22050,1,float32,-15.0,-19.14591055779593,-15.003242666491063,0.9372297525405884,0.8679962754249573,True,0.22094636629374342,0.008210380448475687,False,False,73aba5b38055379f0b86ff7d650247f3c0b4bb4674bfdd2a8725c64dd5ab1b35,verified_existing,2026-08-01,11ad09ff644382dbc2cfeccf6d6d7b3a55178d0f54719444e1de1fdf0fbd7b77,
focus_jamendo_1128147__300s,focus_jamendo_1128147,focus,discovery,300.0,focus_music/focus_jamendo_1128147.mp3,features/audio/300s/focus/discovery/focus_jamendo_1128147__300s.wav,261.0,0.0,261.0,261.0,22050,1,float32,-15.0,-19.494837832667294,-15.042175511895879,0.9372297525405884,0.8598041534423828,True,0.0,0.005604469118426426,True,False,0f132f43f23281dc29d2a7d86796776c60c2178ea35ee13c36cf74423a7a347e,verified_existing,2026-08-01,11ad09ff644382dbc2cfeccf6d6d7b3a55178d0f54719444e1de1fdf0fbd7b77,
focus_jamendo_1128887__180s,focus_jamendo_1128887,focus,validation,180.0,focus_music/focus_jamendo_1128887.mp3,features/audio/180s/focus/validation/focus_jamendo_1128887__180s.wav,1111.0,465.5,180.0,180.0,22050,1,float32,-15.0,-17.593332229813388,-15.010130902796949,0.9027827978134155,0.8601265549659729,True,0.0,0.0004960947341899723,False,False,96cdf2688442cc42570d0c813226f62be6911fe7ce5ab6952d51d197e759bf1b,verified_existing,2026-08-01,11ad09ff644382dbc2cfeccf6d6d7b3a55178d0f54719444e1de1fdf0fbd7b77,
focus_jamendo_1128887__300s,focus_jamendo_1128887,focus,validation,300.0,focus_music/focus_jamendo_1128887.mp3,features/audio/300s/focus/validation/focus_jamendo_1128887__300s.wav,1111.0,405.5,300.0,300.0,22050,1,float32,-15.0,-17.77806728657354,-14.985737728732682,0.9583516120910645,0.8601266145706177,True,0.0,0.0005281934996220711,False,False,39a356b5a31587a9d28c90586c96a35a41c70b14930c76c0b02c95d6f44f90af,verified_existing,2026-08-01,11ad09ff644382dbc2cfeccf6d6d7b3a55178d0f54719444e1de1fdf0fbd7b77,
focus_jamendo_1129320__180s,focus_jamendo_1129320,focus,holdout,180.0,focus_music/focus_jamendo_1129320.mp3,features/audio/180s/focus/holdout/focus_jamendo_1129320__180s.wav,182.0,1.0,180.0,180.0,22050,1,float32,-15.0,-20.351263772092587,-15.147334268079703,0.7675850987434387,0.862522542476654,True,0.0,0.0003436633912824389,False,False,ef69e1e72c57543fc0f02490f61dd0a5992e3838b0824e362ee45d195e3e1aea,verified_existing,2026-08-01,11ad09ff644382dbc2cfeccf6d6d7b3a55178d0f54719444e1de1fdf0fbd7b77,
focus_jamendo_1129320__300s,focus_jamendo_1129320,focus,holdout,300.0,focus_music/focus_jamendo_1129320.mp3,features/audio/300s/focus/holdout/focus_jamendo_1129320__300s.wav,182.0,0.0,182.0,182.0,22050,1,float32,-15.0,-20.351263772092587,-15.154346559893101,0.7675850987434387,0.862522542476654,True,0.0,0.0003401360544217687,True,False,5939c2317c1a3db983840f1d23a8c07c8a7a3fdaea821eac2e3ec1f24b49f7ac,verified_existing,2026-08-01,11ad09ff644382dbc2cfeccf6d6d7b3a55178d0f54719444e1de1fdf0fbd7b77,
focus_jamendo_1129323__180s,focus_jamendo_1129323,focus,holdout,180.0,focus_music/focus_jamendo_1129323.mp3,features/audio/180s/focus/holdout/focus_jamendo_1129323__180s.wav,120.0,0.0,120.0,120.0,22050,1,float32,-15.0,-18.565187989520815,-15.038418614834042,0.9871047735214233,0.8597670197486877,True,0.0,0.0007229780801209372,True,False,ef146401a9023fb189fce9519a5231e6117bc8a9f1978d0ab0f1bb06696e7c78,verified_existing,2026-08-01,11ad09ff644382dbc2cfeccf6d6d7b3a55178d0f54719444e1de1fdf0fbd7b77,
focus_jamendo_1129323__300s,focus_jamendo_1129323,focus,holdout,300.0,focus_music/focus_jamendo_1129323.mp3,features/audio/300s/focus/holdout/focus_jamendo_1129323__300s.wav,120.0,0.0,120.0,120.0,22050,1,float32,-15.0,-18.565187989520815,-15.038418614834042,0.9871047735214233,0.8597670197486877,True,0.0,0.0007229780801209372,True,False,ef146401a9023fb189fce9519a5231e6117bc8a9f1978d0ab0f1bb06696e7c78,verified_existing,2026-08-01,11ad09ff644382dbc2cfeccf6d6d7b3a55178d0f54719444e1de1fdf0fbd7b77,
focus_jamendo_1130216__180s,focus_jamendo_1130216,focus,discovery,180.0,focus_music/focus_jamendo_1130216.mp3,features/audio/180s/focus/discovery/focus_jamendo_1130216__180s.wav,462.498,141.249,180.0,180.0,22050,1,float32,-15.0,-21.28813297566544,-14.973358251696116,0.7351003885269165,0.8617591857910156,True,0.0,0.001855127236079617,False,False,8a24f1d7969e7e876fefae048459c0fb90904d996f4d7370f31fc1ef9422179b,verified_existing,2026-08-01,11ad09ff644382dbc2cfeccf6d6d7b3a55178d0f54719444e1de1fdf0fbd7b77,
focus_jamendo_1130216__300s,focus_jamendo_1130216,focus,discovery,300.0,focus_music/focus_jamendo_1130216.mp3,features/audio/300s/focus/discovery/focus_jamendo_1130216__300s.wav,462.498,81.249,300.0,300.0,22050,1,float32,-15.0,-21.70078340660781,-14.885846577410588,0.7351003885269165,0.8617591857910156,True,0.0,0.0019331821617535904,False,False,073dbf6f1dcbe6e46258b46b9a2beed0cae81bac4a8b5fc9381419868b9becb5,verified_existing,2026-08-01,11ad09ff644382dbc2cfeccf6d6d7b3a55178d0f54719444e1de1fdf0fbd7b77,
focus_jamendo_1130360__180s,focus_jamendo_1130360,focus,discovery,180.0,focus_music/focus_jamendo_1130360.mp3,features/audio/180s/focus/discovery/focus_jamendo_1130360__180s.wav,472.0,146.0,180.0,180.0,22050,1,float32,-15.0,-18.346197271291352,-15.001904729381016,1.1275675296783447,0.8683642745018005,True,0.2055297744719482,0.0033333333333333335,False,False,49495f392f240d3d0f21a8252efae75ccae2c21fe421dd917ea801ea2039b36c,verified_existing,2026-08-01,11ad09ff644382dbc2cfeccf6d6d7b3a55178d0f54719444e1de1fdf0fbd7b77,
focus_jamendo_1130360__300s,focus_jamendo_1130360,focus,discovery,300.0,focus_music/focus_jamendo_1130360.mp3,features/audio/300s/focus/discovery/focus_jamendo_1130360__300s.wav,472.0,86.0,300.0,300.0,22050,1,float32,-15.0,-18.624840539587556,-15.002752966885,1.1275675296783447,0.870007336139679,True,0.25684841020226834,0.003805442176870748,False,False,c2753bce4040a9a2f3ed4a2e8041ddd9d17c2ca92cd85c0fa9ec5531283152dc,verified_existing,2026-08-01,11ad09ff644382dbc2cfeccf6d6d7b3a55178d0f54719444e1de1fdf0fbd7b77,
focus_jamendo_1130372__180s,focus_jamendo_1130372,focus,discovery,180.0,focus_music/focus_jamendo_1130372.mp3,features/audio/180s/focus/discovery/focus_jamendo_1130372__180s.wav,468.0,144.0,180.0,180.0,22050,1,float32,-15.0,-21.844763754972174,-15.002639069332163,1.0113317966461182,0.8790213465690613,True,0.2703673652578811,0.0026613756613756614,False,False,eaa1f10ea9808d36dc582b576e326106af85205f733ab1a66937dedd7472b7e6,verified_existing,2026-08-01,11ad09ff644382dbc2cfeccf6d6d7b3a55178d0f54719444e1de1fdf0fbd7b77,
focus_jamendo_1130372__300s,focus_jamendo_1130372,focus,discovery,300.0,focus_music/focus_jamendo_1130372.mp3,features/audio/300s/focus/discovery/focus_jamendo_1130372__300s.wav,468.0,84.0,300.0,300.0,22050,1,float32,-15.0,-21.04785350210016,-15.022146956012795,1.0113317966461182,0.87272047996521,True,0.0,0.002205593348450491,False,False,72a888853a802c333462f29f29544e294474d651b0884131290652726644d980,verified_existing,2026-08-01,11ad09ff644382dbc2cfeccf6d6d7b3a55178d0f54719444e1de1fdf0fbd7b77,
focus_jamendo_1130830__180s,focus_jamendo_1130830,focus,discovery,180.0,focus_music/focus_jamendo_1130830.mp3,features/audio/180s/focus/discovery/focus_jamendo_1130830__180s.wav,626.0,223.0,180.0,180.0,22050,1,float32,-15.0,-19.771550096097393,-14.970912975622685,0.7628116607666016,0.8600202798843384,True,0.0,0.0018301839254220207,False,False,773d83ccb99220d50db0db82eec7aa974dee862db5254633c8e8b75d8eb27bb9,verified_existing,2026-08-01,11ad09ff644382dbc2cfeccf6d6d7b3a55178d0f54719444e1de1fdf0fbd7b77,
focus_jamendo_1130830__300s,focus_jamendo_1130830,focus,discovery,300.0,focus_music/focus_jamendo_1130830.mp3,features/audio/300s/focus/discovery/focus_jamendo_1130830__300s.wav,626.0,163.0,300.0,300.0,22050,1,float32,-15.0,-19.974952808662994,-14.955783697866437,0.7628116607666016,0.8600203990936279,True,0.0,0.0017381708238851097,False,False,453d6ddee73794a30a4942c70c193cfc5513b2f33fc7547353da3bab0c2c0c76,verified_existing,2026-08-01,11ad09ff644382dbc2cfeccf6d6d7b3a55178d0f54719444e1de1fdf0fbd7b77,
focus_jamendo_1154294__180s,focus_jamendo_1154294,focus,holdout,180.0,focus_music/focus_jamendo_1154294.mp3,features/audio/180s/focus/holdout/focus_jamendo_1154294__180s.wav,774.139,297.0695,180.0,180.0,22050,1,float32,-15.0,-19.886209115372793,-15.102276466377676,0.7798125743865967,0.8595455288887024,True,0.0,0.001073066263542454,False,False,d8b71e2fbce82167f8ad57400dfa3569189126225a815c8bb00f9c239c3bc1b1,verified_existing,2026-08-01,11ad09ff644382dbc2cfeccf6d6d7b3a55178d0f54719444e1de1fdf0fbd7b77,
focus_jamendo_1154294__300s,focus_jamendo_1154294,focus,holdout,300.0,focus_music/focus_jamendo_1154294.mp3,features/audio/300s/focus/holdout/focus_jamendo_1154294__300s.wav,774.139,237.0695,300.0,300.0,22050,1,float32,-15.0,-19.954785923134857,-15.082586865854102,0.8049227595329285,0.8595455288887024,True,0.0,0.0011061224489795918,False,False,baef22c3bac1be3af5889b66bd7d4e65d21be745133be3431a663095f903e09e,verified_existing,2026-08-01,11ad09ff644382dbc2cfeccf6d6d7b3a55178d0f54719444e1de1fdf0fbd7b77,
focus_jamendo_1154298__180s,focus_jamendo_1154298,focus,holdout,180.0,focus_music/focus_jamendo_1154298.mp3,features/audio/180s/focus/holdout/focus_jamendo_1154298__180s.wav,976.0,398.0,180.0,180.0,22050,1,float32,-15.0,-21.339938164398383,-15.046194469816454,0.9016741514205933,0.8596006631851196,True,0.0,0.002640967498110355,False,False,8d79b619b3b6f7c88a3d0785c74fa828f50c93c5970dc2e9cad1efcbe53f0cff,verified_existing,2026-08-01,11ad09ff644382dbc2cfeccf6d6d7b3a55178d0f54719444e1de1fdf0fbd7b77,
focus_jamendo_1154298__300s,focus_jamendo_1154298,focus,holdout,300.0,focus_music/focus_jamendo_1154298.mp3,features/audio/300s/focus/holdout/focus_jamendo_1154298__300s.wav,976.0,338.0,300.0,300.0,22050,1,float32,-15.0,-20.560622972358157,-15.003435842407825,0.9016741514205933,0.8712630867958069,True,0.32344555744372805,0.003868631897203326,False,False,0c3acde8dd478a4c79ae627e358470341e43755e4c91ae036726a8ec0ef3e496,verified_existing,2026-08-01,11ad09ff644382dbc2cfeccf6d6d7b3a55178d0f54719444e1de1fdf0fbd7b77,
focus_jamendo_1154856__180s,focus_jamendo_1154856,focus,discovery,180.0,focus_music/focus_jamendo_1154856.mp3,features/audio/180s/focus/discovery/focus_jamendo_1154856__180s.wav,426.057,123.02850000000001,180.0,180.0,22050,1,float32,-15.0,-19.988902358471776,-15.02445285040161,0.9335349798202515,0.8596662878990173,True,0.0,0.0009193751574703956,False,False,6ed3d138ebe858fc493e66d09ce4fdfe5f21becb7a4341763ac5d63248a47e25,verified_existing,2026-08-01,11ad09ff644382dbc2cfeccf6d6d7b3a55178d0f54719444e1de1fdf0fbd7b77,
focus_jamendo_1154856__300s,focus_jamendo_1154856,focus,discovery,300.0,focus_music/focus_jamendo_1154856.mp3,features/audio/300s/focus/discovery/focus_jamendo_1154856__300s.wav,426.057,63.02850000000001,300.0,300.0,22050,1,float32,-15.0,-20.566991344127214,-15.024192422488788,0.9335349798202515,0.859666645526886,True,0.0,0.0008991685563114135,False,False,caee5ca85583963fb8ca2332f2ebb28bdae64a18c7a27ba63407fbee3d4c709e,verified_existing,2026-08-01,11ad09ff644382dbc2cfeccf6d6d7b3a55178d0f54719444e1de1fdf0fbd7b77,
focus_jamendo_1154857__180s,focus_jamendo_1154857,focus,discovery,180.0,focus_music/focus_jamendo_1154857.mp3,features/audio/180s/focus/discovery/focus_jamendo_1154857__180s.wav,684.069,252.03449999999998,180.0,180.0,22050,1,float32,-15.0,-21.597260040780622,-14.999243421396285,0.9302138090133667,0.8489474058151245,True,-0.24979604243831055,0.0008984630889392794,False,False,02ac9a92cc65f1c74adaeb30f65262774cf2899729664f9a8db1afec0d6a8ed8,verified_existing,2026-08-01,11ad09ff644382dbc2cfeccf6d6d7b3a55178d0f54719444e1de1fdf0fbd7b77,
focus_jamendo_1154857__300s,focus_jamendo_1154857,focus,discovery,300.0,focus_music/focus_jamendo_1154857.mp3,features/audio/300s/focus/discovery/focus_jamendo_1154857__300s.wav,684.069,192.03449999999998,300.0,300.0,22050,1,float32,-15.0,-21.751519699893688,-14.928220126607549,0.9302138090133667,0.8678777813911438,True,0.0,0.0012092214663643236,False,False,77796f93c52a4ac8fc5be3f283a516b2fb96d1da9b5d44cc302ad0aff4b9a7bd,verified_existing,2026-08-01,11ad09ff644382dbc2cfeccf6d6d7b3a55178d0f54719444e1de1fdf0fbd7b77,
focus_jamendo_1156277__180s,focus_jamendo_1156277,focus,discovery,180.0,focus_music/focus_jamendo_1156277.mp3,features/audio/180s/focus/discovery/focus_jamendo_1156277__180s.wav,568.0,194.0,180.0,180.0,22050,1,float32,-15.0,-24.024752712614504,-15.001284343305654,0.7353845238685608,0.8706532120704651,True,0.2688863331269715,0.0027540942302847066,False,False,09677e9283d301a8ecc23580562803e34d8c4e48cc4722a9596f0bb9a280c3fc,verified_existing,2026-08-01,11ad09ff644382dbc2cfeccf6d6d7b3a55178d0f54719444e1de1fdf0fbd7b77,
focus_jamendo_1156277__300s,focus_jamendo_1156277,focus,discovery,300.0,focus_music/focus_jamendo_1156277.mp3,features/audio/300s/focus/discovery/focus_jamendo_1156277__300s.wav,568.0,134.0,300.0,300.0,22050,1,float32,-15.0,-23.71155312076507,-15.18727081408059,0.7353845238685608,0.8610826134681702,True,0.0,0.0016657596371882086,False,False,f3a0aae447d304159c1f8e6d1ee3208405f0e23dd637b362209f5018769ea373,verified_existing,2026-08-01,11ad09ff644382dbc2cfeccf6d6d7b3a55178d0f54719444e1de1fdf0fbd7b77,
focus_jamendo_1156386__180s,focus_jamendo_1156386,focus,validation,180.0,focus_music/focus_jamendo_1156386.mp3,features/audio/180s/focus/validation/focus_jamendo_1156386__180s.wav,353.959,86.9795,180.0,180.0,22050,1,float32,-15.0,-20.143058189737797,-14.866526896307734,0.9249470829963684,0.860747218132019,True,0.0,0.00038271604938271603,False,False,ef11d7015b5fd527bcb33687634d30f29b6c4ee338aa5066887d099aa64a1234,verified_existing,2026-08-01,11ad09ff644382dbc2cfeccf6d6d7b3a55178d0f54719444e1de1fdf0fbd7b77,
focus_jamendo_1156386__300s,focus_jamendo_1156386,focus,validation,300.0,focus_music/focus_jamendo_1156386.mp3,features/audio/300s/focus/validation/focus_jamendo_1156386__300s.wav,353.959,26.9795,300.0,300.0,22050,1,float32,-15.0,-19.40799848343646,-14.828681416956641,1.0585945844650269,0.861056923866272,True,0.0,0.0004987150415721844,False,False,a427a9a5391a105ebd3c57968520add6d7fe9d54466b74a63755d48da88d5b97,verified_existing,2026-08-01,11ad09ff644382dbc2cfeccf6d6d7b3a55178d0f54719444e1de1fdf0fbd7b77,
focus_jamendo_1161853__180s,focus_jamendo_1161853,focus,validation,180.0,focus_music/focus_jamendo_1161853.mp3,features/audio/180s/focus/validation/focus_jamendo_1161853__180s.wav,153.6,0.0,153.6,153.54625850340136,22050,1,float32,-15.0,-17.91991491005285,-15.001938665657564,1.2205836772918701,0.8709925413131714,True,0.3018671546702869,0.0017644826246900564,True,False,345e21db1d641f66396710a426e2993c3419cd0808a94eab7725a2d9911b6ec4,verified_existing,2026-08-01,11ad09ff644382dbc2cfeccf6d6d7b3a55178d0f54719444e1de1fdf0fbd7b77,
focus_jamendo_1161853__300s,focus_jamendo_1161853,focus,validation,300.0,focus_music/focus_jamendo_1161853.mp3,features/audio/300s/focus/validation/focus_jamendo_1161853__300s.wav,153.6,0.0,153.6,153.54625850340136,22050,1,float32,-15.0,-17.91991491005285,-15.001938665657564,1.2205836772918701,0.8709925413131714,True,0.3018671546702869,0.0017644826246900564,True,False,74972b7e1db685732014885b3081801467b734ed368d7d5f9091f053fbc7cab0,verified_existing,2026-08-01,11ad09ff644382dbc2cfeccf6d6d7b3a55178d0f54719444e1de1fdf0fbd7b77,
focus_jamendo_1248571__180s,focus_jamendo_1248571,focus,holdout,180.0,focus_music/focus_jamendo_1248571.mp3,features/audio/180s/focus/holdout/focus_jamendo_1248571__180s.wav,478.929,149.4645,180.0,180.0,22050,1,float32,-15.0,-20.401070840780818,-14.998487102669104,0.7345309257507324,0.8608086705207825,True,0.0,0.0010534139581758629,False,False,d67614dc46e8ff9c7796ad7a42fda180de716bd0320feaadad555d995d374d8b,verified_existing,2026-08-01,11ad09ff644382dbc2cfeccf6d6d7b3a55178d0f54719444e1de1fdf0fbd7b77,
focus_jamendo_1248571__300s,focus_jamendo_1248571,focus,holdout,300.0,focus_music/focus_jamendo_1248571.mp3,features/audio/300s/focus/holdout/focus_jamendo_1248571__300s.wav,478.929,89.46449999999999,300.0,300.0,22050,1,float32,-15.0,-20.382033356955127,-15.030455606108672,0.7611463665962219,0.860810399055481,True,0.0,0.0010337112622826909,False,False,85ba4c0229bec9e6f9d7b60bad6f155232f0be499811cf42f11a868b292bf852,verified_existing,2026-08-01,11ad09ff644382dbc2cfeccf6d6d7b3a55178d0f54719444e1de1fdf0fbd7b77,
focus_jamendo_1250838__180s,focus_jamendo_1250838,focus,discovery,180.0,focus_music/focus_jamendo_1250838.mp3,features/audio/180s/focus/discovery/focus_jamendo_1250838__180s.wav,634.0,227.0,180.0,180.0,22050,1,float32,-15.0,-23.266100879994053,-15.01262762584472,0.37227141857147217,0.859386682510376,True,0.0,0.00019551524313429075,False,False,4263009d6d6379927a734625b224a665b0f0234e4cacd3b3cc2a899f3e6ffbf5,verified_existing,2026-08-01,11ad09ff644382dbc2cfeccf6d6d7b3a55178d0f54719444e1de1fdf0fbd7b77,
focus_jamendo_1250838__300s,focus_jamendo_1250838,focus,discovery,300.0,focus_music/focus_jamendo_1250838.mp3,features/audio/300s/focus/discovery/focus_jamendo_1250838__300s.wav,634.0,167.0,300.0,300.0,22050,1,float32,-15.0,-23.5234108171156,-14.987256456750847,0.40858227014541626,0.8593975305557251,True,0.0,0.00029009826152683293,False,False,9cd8a04665b4f4c0526557c24e38b2997f8ae5650da014e4cb86f6cbf6699d5b,verified_existing,2026-08-01,11ad09ff644382dbc2cfeccf6d6d7b3a55178d0f54719444e1de1fdf0fbd7b77,
focus_jamendo_1272579__180s,focus_jamendo_1272579,focus,holdout,180.0,focus_music/focus_jamendo_1272579.mp3,features/audio/180s/focus/holdout/focus_jamendo_1272579__180s.wav,650.136,235.06799999999998,180.0,180.0,22050,1,float32,-15.0,-19.998817158507812,-15.07248530919972,0.665317177772522,0.8595609068870544,True,0.0,0.00037566137566137566,False,False,147930f5234e9523d9a40af146f6b7c91823d88c130e2c2e08d9ee566e8c7abd,verified_existing,2026-08-01,11ad09ff644382dbc2cfeccf6d6d7b3a55178d0f54719444e1de1fdf0fbd7b77,
focus_jamendo_1272579__300s,focus_jamendo_1272579,focus,holdout,300.0,focus_music/focus_jamendo_1272579.mp3,features/audio/300s/focus/holdout/focus_jamendo_1272579__300s.wav,650.136,175.06799999999998,300.0,300.0,22050,1,float32,-15.0,-20.016961895458806,-14.99051256575356,0.6820579767227173,0.8595594763755798,True,0.0,0.00036840513983371127,False,False,21d5f00f8b7ef07d97c3a774ca42ed514b0cdd65f469f83b98526274112a302e,verified_existing,2026-08-01,11ad09ff644382dbc2cfeccf6d6d7b3a55178d0f54719444e1de1fdf0fbd7b77,
focus_jamendo_1302666__180s,focus_jamendo_1302666,focus,discovery,180.0,focus_music/focus_jamendo_1302666.mp3,features/audio/180s/focus/discovery/focus_jamendo_1302666__180s.wav,472.0,146.0,180.0,180.0,22050,1,float32,-15.0,-22.908967244005314,-15.076874101080524,0.6420433521270752,0.8597992658615112,True,0.0,0.0007770219198790627,False,False,2888e8bb3f3be155fa8ea12ac4c72998d710f5a733cbde6e56b8eaa7dd500ea3,verified_existing,2026-08-01,11ad09ff644382dbc2cfeccf6d6d7b3a55178d0f54719444e1de1fdf0fbd7b77,
focus_jamendo_1302666__300s,focus_jamendo_1302666,focus,discovery,300.0,focus_music/focus_jamendo_1302666.mp3,features/audio/300s/focus/discovery/focus_jamendo_1302666__300s.wav,472.0,86.0,300.0,300.0,22050,1,float32,-15.0,-22.454223678810077,-15.156900461184923,0.7070245742797852,0.8599842190742493,True,0.0,0.0008686318972033258,False,False,42c55641fbfa371caeb69bbbdb659f411097ffadf31adfa6f82b017c630ab905,verified_existing,2026-08-01,11ad09ff644382dbc2cfeccf6d6d7b3a55178d0f54719444e1de1fdf0fbd7b77,
focus_jamendo_1357893__180s,focus_jamendo_1357893,focus,validation,180.0,focus_music/focus_jamendo_1357893.mp3,features/audio/180s/focus/validation/focus_jamendo_1357893__180s.wav,338.704,79.352,180.0,180.0,22050,1,float32,-15.0,-12.618426928455731,-15.029922168409552,1.3887171745300293,0.8611078858375549,True,0.0,0.0028304358780549257,False,False,1b84a5d4aca6555df532ae5b772e6cbb7ef92e3c83868ff9c4effeedcacf2d0e,verified_existing,2026-08-01,11ad09ff644382dbc2cfeccf6d6d7b3a55178d0f54719444e1de1fdf0fbd7b77,
focus_jamendo_1357893__300s,focus_jamendo_1357893,focus,validation,300.0,focus_music/focus_jamendo_1357893.mp3,features/audio/300s/focus/validation/focus_jamendo_1357893__300s.wav,338.704,19.352000000000004,300.0,300.0,22050,1,float32,-15.0,-13.090109745045398,-15.046325210381855,1.413172721862793,0.8641711473464966,True,0.0,0.0024080120937263793,False,False,cc947efd39f78b6f70dc84b9f40e7453616805ad473f517e77dadf78cc8db091,verified_existing,2026-08-01,11ad09ff644382dbc2cfeccf6d6d7b3a55178d0f54719444e1de1fdf0fbd7b77,
focus_jamendo_1442910__180s,focus_jamendo_1442910,focus,discovery,180.0,focus_music/focus_jamendo_1442910.mp3,features/audio/180s/focus/discovery/focus_jamendo_1442910__180s.wav,190.0,5.0,180.0,180.0,22050,1,float32,-15.0,-17.747373524644715,-14.986534894515076,0.7906217575073242,0.8593035340309143,True,0.0,0.00039707734945830183,False,False,d31f56837bca837b85f0a593f1e7c3a1f9ec330d5fc422bd772f9b66ec8e0485,verified_existing,2026-08-01,11ad09ff644382dbc2cfeccf6d6d7b3a55178d0f54719444e1de1fdf0fbd7b77,
focus_jamendo_1442910__300s,focus_jamendo_1442910,focus,discovery,300.0,focus_music/focus_jamendo_1442910.mp3,features/audio/300s/focus/discovery/focus_jamendo_1442910__300s.wav,190.0,0.0,190.0,190.0,22050,1,float32,-15.0,-17.826838314483183,-14.94937248073915,0.7906217575073242,0.8593263626098633,True,0.0,0.000426781238811314,True,False,2de39c38dea48c7628fb22162cf2fc93cb4df1890d25113472f057881ce89e9f,verified_existing,2026-08-01,11ad09ff644382dbc2cfeccf6d6d7b3a55178d0f54719444e1de1fdf0fbd7b77,
focus_jamendo_1450425__180s,focus_jamendo_1450425,focus,discovery,180.0,focus_music/focus_jamendo_1450425.mp3,features/audio/180s/focus/discovery/focus_jamendo_1450425__180s.wav,280.738,50.369,180.0,180.0,22050,1,float32,-15.0,-15.332778109378337,-14.998811459493659,1.2600173950195312,0.8435878753662109,True,-0.33029353719660115,0.0011494079113126732,False,False,b51945662c9ad0f57186f6a66b24e3a17278a21a79255a319143e3b1dd89651d,verified_existing,2026-08-01,11ad09ff644382dbc2cfeccf6d6d7b3a55178d0f54719444e1de1fdf0fbd7b77,
focus_jamendo_1450425__300s,focus_jamendo_1450425,focus,discovery,300.0,focus_music/focus_jamendo_1450425.mp3,features/audio/300s/focus/discovery/focus_jamendo_1450425__300s.wav,280.738,0.0,280.738,280.6814058956916,22050,1,float32,-15.0,-15.199852964454825,-15.11422603272366,1.3318326473236084,0.8595558404922485,True,0.0,0.0008717043476153352,True,False,ddafbea04857a729a62f9aae100878574311256f4f2db9894fd005d66cfda4da,verified_existing,2026-08-01,11ad09ff644382dbc2cfeccf6d6d7b3a55178d0f54719444e1de1fdf0fbd7b77,
focus_jamendo_1496808__180s,focus_jamendo_1496808,focus,validation,180.0,focus_music/focus_jamendo_1496808.mp3,features/audio/180s/focus/validation/focus_jamendo_1496808__180s.wav,120.895,0.0,120.895,120.83201814058957,22050,1,float32,-15.0,-11.913563569695395,-15.01458810556244,1.2588043212890625,0.85268634557724,True,0.0,2.5522210703865038e-05,True,False,a64109de2256d93b950de1570f65da326596098f8bce6a22307a1df8c9ff8813,verified_existing,2026-08-01,11ad09ff644382dbc2cfeccf6d6d7b3a55178d0f54719444e1de1fdf0fbd7b77,
focus_jamendo_1496808__300s,focus_jamendo_1496808,focus,validation,300.0,focus_music/focus_jamendo_1496808.mp3,features/audio/300s/focus/validation/focus_jamendo_1496808__300s.wav,120.895,0.0,120.895,120.83201814058957,22050,1,float32,-15.0,-11.913563569695395,-15.01458810556244,1.2588043212890625,0.85268634557724,True,0.0,2.5522210703865038e-05,True,False,a64109de2256d93b950de1570f65da326596098f8bce6a22307a1df8c9ff8813,verified_existing,2026-08-01,11ad09ff644382dbc2cfeccf6d6d7b3a55178d0f54719444e1de1fdf0fbd7b77,
focus_jamendo_1502253__180s,focus_jamendo_1502253,focus,discovery,180.0,focus_music/focus_jamendo_1502253.mp3,features/audio/180s/focus/discovery/focus_jamendo_1502253__180s.wav,181.0,0.5,180.0,180.0,22050,1,float32,-15.0,-15.554902536307894,-15.00193407858703,1.335621953010559,0.8709971904754639,True,0.2883750049024787,0.0021728395061728395,False,False,4df6594d95d4b11ed17ef3f55d41d22605f1baa5b50a9070cfef5a8338df7311,verified_existing,2026-08-01,11ad09ff644382dbc2cfeccf6d6d7b3a55178d0f54719444e1de1fdf0fbd7b77,
focus_jamendo_1502253__300s,focus_jamendo_1502253,focus,discovery,300.0,focus_music/focus_jamendo_1502253.mp3,features/audio/300s/focus/discovery/focus_jamendo_1502253__300s.wav,181.0,0.0,181.0,181.0,22050,1,float32,-15.0,-15.559741187408276,-15.002013749824709,1.335621953010559,0.8712498545646667,True,0.2968934330750592,0.0021806291577404443,True,False,0bc9b7ed7de5a2382062f355f7040f6084bc96adb6b059035047d65d85dd2681,verified_existing,2026-08-01,11ad09ff644382dbc2cfeccf6d6d7b3a55178d0f54719444e1de1fdf0fbd7b77,
focus_jamendo_1522319__180s,focus_jamendo_1522319,focus,discovery,180.0,focus_music/focus_jamendo_1522319.mp3,features/audio/180s/focus/discovery/focus_jamendo_1522319__180s.wav,253.571,36.7855,180.0,180.0,22050,1,float32,-15.0,-12.17262662751818,-15.009519240004671,1.24965238571167,0.8583524823188782,True,0.0,5.1902242378432854e-05,False,False,531a17bc98641eeadb4bd55f12aafb7c380e5a1162cc6764d91b5896c44f70a3,verified_existing,2026-08-01,11ad09ff644382dbc2cfeccf6d6d7b3a55178d0f54719444e1de1fdf0fbd7b77,
focus_jamendo_1522319__300s,focus_jamendo_1522319,focus,discovery,300.0,focus_music/focus_jamendo_1522319.mp3,features/audio/300s/focus/discovery/focus_jamendo_1522319__300s.wav,253.571,0.0,253.571,253.50666666666666,22050,1,float32,-15.0,-12.255750632395525,-15.007938240583949,1.2539782524108887,0.8594282269477844,True,0.0,6.225600743637275e-05,True,False,df465c3b7287342ef600eefff421fe53de81ac436c97843841b661692e29dd91,verified_existing,2026-08-01,11ad09ff644382dbc2cfeccf6d6d7b3a55178d0f54719444e1de1fdf0fbd7b77,
focus_jamendo_1522321__180s,focus_jamendo_1522321,focus,discovery,180.0,focus_music/focus_jamendo_1522321.mp3,features/audio/180s/focus/discovery/focus_jamendo_1522321__180s.wav,296.0,58.0,180.0,180.0,22050,1,float32,-15.0,-11.64689340261432,-15.016896711234244,1.2549203634262085,0.8385000228881836,True,0.0,1.511715797430083e-05,False,False,f2331e90f3d779976e7b8b7e939fd306f8d8192aec5954f089d708383a2f8988,verified_existing,2026-08-01,11ad09ff644382dbc2cfeccf6d6d7b3a55178d0f54719444e1de1fdf0fbd7b77,
focus_jamendo_1522321__300s,focus_jamendo_1522321,focus,discovery,300.0,focus_music/focus_jamendo_1522321.mp3,features/audio/300s/focus/discovery/focus_jamendo_1522321__300s.wav,296.0,0.0,296.0,296.0,22050,1,float32,-15.0,-11.739462501029896,-15.009466690636545,1.2549203634262085,0.8444676995277405,True,0.0,1.7619660476803334e-05,True,False,7c2fe827b628db56f21538998d7ba91699775c22cb4f312ad8f5dffb0aafee7f,verified_existing,2026-08-01,11ad09ff644382dbc2cfeccf6d6d7b3a55178d0f54719444e1de1fdf0fbd7b77,
focus_jamendo_1522332__180s,focus_jamendo_1522332,focus,discovery,180.0,focus_music/focus_jamendo_1522332.mp3,features/audio/180s/focus/discovery/focus_jamendo_1522332__180s.wav,268.0,44.0,180.0,180.0,22050,1,float32,-15.0,-12.069149766672652,-14.999153055199118,1.1942557096481323,0.8390952944755554,True,0.0,1.839254220206601e-05,False,False,fa50d7ba900c85a1023da94dbca2cac33d570a05e2d45f0af907f1a24bc2dd75,verified_existing,2026-08-01,11ad09ff644382dbc2cfeccf6d6d7b3a55178d0f54719444e1de1fdf0fbd7b77,
focus_jamendo_1522332__300s,focus_jamendo_1522332,focus,discovery,300.0,focus_music/focus_jamendo_1522332.mp3,features/audio/300s/focus/discovery/focus_jamendo_1522332__300s.wav,268.0,0.0,268.0,268.0,22050,1,float32,-15.0,-12.105829765335685,-15.00583477598527,1.1942557096481323,0.840922474861145,True,0.0,2.6060175313906656e-05,True,False,b86894d3653917ae4f3a5a3c1b177f0bb1f52a6802e1ed0a7ddfc6b51f6604ee,verified_existing,2026-08-01,11ad09ff644382dbc2cfeccf6d6d7b3a55178d0f54719444e1de1fdf0fbd7b77,
focus_jamendo_1522335__180s,focus_jamendo_1522335,focus,discovery,180.0,focus_music/focus_jamendo_1522335.mp3,features/audio/180s/focus/discovery/focus_jamendo_1522335__180s.wav,255.0,37.5,180.0,180.0,22050,1,float32,-15.0,-12.275954805651889,-15.005954888681497,1.089138388633728,0.7944167852401733,True,0.0,2.2675736961451247e-06,False,False,f91424824dae90acc96cd3d5ca0d4567ad5734dce820ab952accfd2cdeb057cb,verified_existing,2026-08-01,11ad09ff644382dbc2cfeccf6d6d7b3a55178d0f54719444e1de1fdf0fbd7b77,
focus_jamendo_1522335__300s,focus_jamendo_1522335,focus,discovery,300.0,focus_music/focus_jamendo_1522335.mp3,features/audio/300s/focus/discovery/focus_jamendo_1522335__300s.wav,255.0,0.0,255.0,255.0,22050,1,float32,-15.0,-12.316519313252911,-15.016519408245129,1.089138388633728,0.7969449162483215,True,0.0,3.3791294295495976e-06,True,False,3de8f3a45471d4d46927134dd4420ad3a99ffad42ba6f74e0f3175012ac58b7c,verified_existing,2026-08-01,11ad09ff644382dbc2cfeccf6d6d7b3a55178d0f54719444e1de1fdf0fbd7b77,
focus_jamendo_1542218__180s,focus_jamendo_1542218,focus,discovery,180.0,focus_music/focus_jamendo_1542218.mp3,features/audio/180s/focus/discovery/focus_jamendo_1542218__180s.wav,239.882,29.941000000000003,180.0,180.0,22050,1,float32,-15.0,-16.205335818602528,-15.007632451289275,0.9294120073318481,0.8593993782997131,True,0.0,0.0011249685059208868,False,False,3f7c7e50967541c2d973208ca62877da523a6c1d702643f72c3704310e907a02,verified_existing,2026-08-01,11ad09ff644382dbc2cfeccf6d6d7b3a55178d0f54719444e1de1fdf0fbd7b77,
focus_jamendo_1542218__300s,focus_jamendo_1542218,focus,discovery,300.0,focus_music/focus_jamendo_1542218.mp3,features/audio/300s/focus/discovery/focus_jamendo_1542218__300s.wav,239.882,0.0,239.882,239.81002267573697,22050,1,float32,-15.0,-16.396424526792945,-15.00078035444177,0.9294120073318481,0.869952917098999,True,0.2862163920669367,0.0011299571788779895,True,False,12ab80a8e38957e32cab9e1f2db97228da8cb27ff8dcb7e6a8b0627e659accc4,verified_existing,2026-08-01,11ad09ff644382dbc2cfeccf6d6d7b3a55178d0f54719444e1de1fdf0fbd7b77,
focus_jamendo_1549291__180s,focus_jamendo_1549291,focus,validation,180.0,focus_music/focus_jamendo_1549291.mp3,features/audio/180s/focus/validation/focus_jamendo_1549291__180s.wav,168.072,0.0,168.072,168.0,22050,1,float32,-15.0,-20.17647143764736,-15.16318656841539,1.106532335281372,0.859877347946167,True,0.0,0.0015103660511823777,True,False,b4f7ac173e351d04953873ad98125378dda28e7ed1a2603f98c25686ae78e32c,verified_existing,2026-08-01,11ad09ff644382dbc2cfeccf6d6d7b3a55178d0f54719444e1de1fdf0fbd7b77,
focus_jamendo_1549291__300s,focus_jamendo_1549291,focus,validation,300.0,focus_music/focus_jamendo_1549291.mp3,features/audio/300s/focus/validation/focus_jamendo_1549291__300s.wav,168.072,0.0,168.072,168.0,22050,1,float32,-15.0,-20.17647143764736,-15.16318656841539,1.106532335281372,0.859877347946167,True,0.0,0.0015103660511823777,True,False,31c0f32bce0d0bdba102f58cd0b103e9deaa6890b96c393e3aa5154043173a8f,verified_existing,2026-08-01,11ad09ff644382dbc2cfeccf6d6d7b3a55178d0f54719444e1de1fdf0fbd7b77,
focus_jamendo_1550368__180s,focus_jamendo_1550368,focus,validation,180.0,focus_music/focus_jamendo_1550368.mp3,features/audio/180s/focus/validation/focus_jamendo_1550368__180s.wav,720.065,270.0325,180.0,180.0,22050,1,float32,-15.0,-14.659701683855914,-14.999717747787633,0.9172507524490356,0.8553030490875244,True,0.0,6.601158982111364e-05,False,False,aa86c94f68ff09d8d17c7a74bbb17670612170fcbcd910897537518d65e0cfef,verified_existing,2026-08-01,11ad09ff644382dbc2cfeccf6d6d7b3a55178d0f54719444e1de1fdf0fbd7b77,
focus_jamendo_1550368__300s,focus_jamendo_1550368,focus,validation,300.0,focus_music/focus_jamendo_1550368.mp3,features/audio/300s/focus/validation/focus_jamendo_1550368__300s.wav,720.065,210.03250000000003,300.0,300.0,22050,1,float32,-15.0,-14.636878025623735,-15.001728191470841,0.9295398592948914,0.8573497533798218,True,0.0,5.9863945578231295e-05,False,False,1882dabf909455e88e2cad22cd69e7bb3fa4f6ce5314e3d39a3567aed12015c5,verified_existing,2026-08-01,11ad09ff644382dbc2cfeccf6d6d7b3a55178d0f54719444e1de1fdf0fbd7b77,
focus_jamendo_1560365__180s,focus_jamendo_1560365,focus,discovery,180.0,focus_music/focus_jamendo_1560365.mp3,features/audio/180s/focus/discovery/focus_jamendo_1560365__180s.wav,203.807,11.903499999999994,180.0,180.0,22050,1,float32,-15.0,-17.50372727515984,-14.999173533515563,1.1106741428375244,0.8483337163925171,True,-0.2326968519753425,0.0013509700176366844,False,False,1f2fc2cc542f890e91fae502b4f4cdb5ac8ee34a850bbff112a2ce0b839bdec2,verified_existing,2026-08-01,11ad09ff644382dbc2cfeccf6d6d7b3a55178d0f54719444e1de1fdf0fbd7b77,
focus_jamendo_1560365__300s,focus_jamendo_1560365,focus,discovery,300.0,focus_music/focus_jamendo_1560365.mp3,features/audio/300s/focus/discovery/focus_jamendo_1560365__300s.wav,203.807,0.0,203.807,203.74616780045352,22050,1,float32,-15.0,-17.675209210322365,-14.999065807329712,1.1106741428375244,0.8475538492202759,True,-0.2462613113419181,0.001345767698592553,True,False,0030c128055a08790e492bb8fa263f8b408355e2cc24ceddc13414eee37e32f0,verified_existing,2026-08-01,11ad09ff644382dbc2cfeccf6d6d7b3a55178d0f54719444e1de1fdf0fbd7b77,
focus_jamendo_1569329__180s,focus_jamendo_1569329,focus,holdout,180.0,focus_music/focus_jamendo_1569329.mp3,features/audio/180s/focus/holdout/focus_jamendo_1569329__180s.wav,318.0,69.0,180.0,180.0,22050,1,float32,-15.0,-29.63493208280496,-15.017238146197808,0.4567258059978485,0.884408712387085,True,1.0009598044139096,0.0030962459057697154,False,False,07f2732bcb9ec6ace31f2d0df7e6c3fe1117b98f1c02b693a4edc1e8dbcc297a,verified_existing,2026-08-01,11ad09ff644382dbc2cfeccf6d6d7b3a55178d0f54719444e1de1fdf0fbd7b77,
focus_jamendo_1569329__300s,focus_jamendo_1569329,focus,holdout,300.0,focus_music/focus_jamendo_1569329.mp3,features/audio/300s/focus/holdout/focus_jamendo_1569329__300s.wav,318.0,9.0,300.0,300.0,22050,1,float32,-15.0,-31.06475309823392,-15.010159166058155,0.4567258059978485,0.8808186054229736,True,0.7416443634126821,0.0024956916099773243,False,False,a2c8ae45edb987b1bef69d7872a4c825cae820f9a69ffb7038b578be1e9406f7,verified_existing,2026-08-01,11ad09ff644382dbc2cfeccf6d6d7b3a55178d0f54719444e1de1fdf0fbd7b77,
focus_jamendo_1569330__180s,focus_jamendo_1569330,focus,holdout,180.0,focus_music/focus_jamendo_1569330.mp3,features/audio/180s/focus/holdout/focus_jamendo_1569330__180s.wav,204.0,12.0,180.0,180.0,22050,1,float32,-15.0,-36.925113663602794,-15.00255783165863,0.16911542415618896,0.8729808330535889,True,0.3795957751866741,0.0019221466364323506,False,False,47530040f02fe2a5f1083170cd423037b4b6e8b76f8d68bd7fe362c7f5d42ab5,verified_existing,2026-08-01,11ad09ff644382dbc2cfeccf6d6d7b3a55178d0f54719444e1de1fdf0fbd7b77,
focus_jamendo_1569330__300s,focus_jamendo_1569330,focus,holdout,300.0,focus_music/focus_jamendo_1569330.mp3,features/audio/300s/focus/holdout/focus_jamendo_1569330__300s.wav,204.0,0.0,204.0,204.0,22050,1,float32,-15.0,-36.93905589629648,-15.00226719448,0.18117442727088928,0.8721945881843567,True,0.35133901543700574,0.0018273976257169534,True,False,73df2a2a90509e1cf13d27d93a4ce18994e1ca082f11e128cd9f43aa3d065d14,verified_existing,2026-08-01,11ad09ff644382dbc2cfeccf6d6d7b3a55178d0f54719444e1de1fdf0fbd7b77,
focus_jamendo_1571054__180s,focus_jamendo_1571054,focus,validation,180.0,focus_music/focus_jamendo_1571054.mp3,features/audio/180s/focus/validation/focus_jamendo_1571054__180s.wav,240.065,30.0325,180.0,180.0,22050,1,float32,-15.0,-10.943415559684512,-15.156122222213613,1.4112098217010498,0.8606177568435669,True,0.0,0.0030639959687578733,False,False,ab85e37ed82a9f19b72e26dc84fb5da773f56d5ab182a1b80f45e84745d0f206,verified_existing,2026-08-01,11ad09ff644382dbc2cfeccf6d6d7b3a55178d0f54719444e1de1fdf0fbd7b77,
focus_jamendo_1571054__300s,focus_jamendo_1571054,focus,validation,300.0,focus_music/focus_jamendo_1571054.mp3,features/audio/300s/focus/validation/focus_jamendo_1571054__300s.wav,240.065,0.0,240.065,240.01043083900225,22050,1,float32,-15.0,-11.130440776393126,-15.173496618933223,1.4175920486450195,0.862692654132843,True,0.0,0.002942615872703945,True,False,5515abb038ded29e429d6f4a8cd407b5dfefdae477d0335e171866fb7027214c,verified_existing,2026-08-01,11ad09ff644382dbc2cfeccf6d6d7b3a55178d0f54719444e1de1fdf0fbd7b77,
focus_jamendo_1575999__180s,focus_jamendo_1575999,focus,discovery,180.0,focus_music/focus_jamendo_1575999.mp3,features/audio/180s/focus/discovery/focus_jamendo_1575999__180s.wav,430.054,125.02699999999999,180.0,180.0,22050,1,float32,-15.0,-17.195938195402288,-15.001484411376532,1.130040168762207,0.8689338564872742,True,0.2430283905076447,0.0017412446460065509,False,False,7e0f51f2e70ec7fbad9b4601413e49e167e04264adefc7c64e09029d411aaa46,verified_existing,2026-08-01,11ad09ff644382dbc2cfeccf6d6d7b3a55178d0f54719444e1de1fdf0fbd7b77,
focus_jamendo_1575999__300s,focus_jamendo_1575999,focus,discovery,300.0,focus_music/focus_jamendo_1575999.mp3,features/audio/300s/focus/discovery/focus_jamendo_1575999__300s.wav,430.054,65.02699999999999,300.0,300.0,22050,1,float32,-15.0,-17.224709444478453,-15.002116510660684,1.130040168762207,0.8715255260467529,True,0.3273388599576439,0.0018340136054421769,False,False,78b3ee9b2b2e05757be00f9a8ee687b819601e9daca25c1eefbee3b8f7a35595,verified_existing,2026-08-01,11ad09ff644382dbc2cfeccf6d6d7b3a55178d0f54719444e1de1fdf0fbd7b77,
focus_jamendo_1576036__180s,focus_jamendo_1576036,focus,discovery,180.0,focus_music/focus_jamendo_1576036.mp3,features/audio/180s/focus/discovery/focus_jamendo_1576036__180s.wav,344.059,82.02950000000001,180.0,180.0,22050,1,float32,-15.0,-17.663311857576883,-15.142518803297575,1.1583869457244873,0.8602420091629028,True,0.0,0.0017944066515495087,False,False,b58da48611cc4ff0667521b12166a738620205741d773cf7afa1c74a80012f5b,verified_existing,2026-08-01,11ad09ff644382dbc2cfeccf6d6d7b3a55178d0f54719444e1de1fdf0fbd7b77,
focus_jamendo_1576036__300s,focus_jamendo_1576036,focus,discovery,300.0,focus_music/focus_jamendo_1576036.mp3,features/audio/300s/focus/discovery/focus_jamendo_1576036__300s.wav,344.059,22.029500000000013,300.0,300.0,22050,1,float32,-15.0,-17.707572974393592,-15.0513632200906,1.2245646715164185,0.8602738976478577,True,0.0,0.0014566893424036282,False,False,9992e29b66e514b3879050da30c0a685cbce62a56946526232b6bdd9e8f214e5,verified_existing,2026-08-01,11ad09ff644382dbc2cfeccf6d6d7b3a55178d0f54719444e1de1fdf0fbd7b77,
focus_jamendo_1597681__180s,focus_jamendo_1597681,focus,validation,180.0,focus_music/focus_jamendo_1597681.mp3,features/audio/180s/focus/validation/focus_jamendo_1597681__180s.wav,273.398,46.69900000000001,180.0,180.0,22050,1,float32,-15.0,-12.143487771520498,-14.914928864072966,1.4508578777313232,0.8605456352233887,True,0.0,0.00227185689090451,False,False,74c6ed507a23692bf28df74256651ec39acd151947a8085b72021be8cd65b477,verified_existing,2026-08-01,11ad09ff644382dbc2cfeccf6d6d7b3a55178d0f54719444e1de1fdf0fbd7b77,
focus_jamendo_1597681__300s,focus_jamendo_1597681,focus,validation,300.0,focus_music/focus_jamendo_1597681.mp3,features/audio/300s/focus/validation/focus_jamendo_1597681__300s.wav,273.398,0.0,273.398,273.3402721088435,22050,1,float32,-15.0,-12.285852042576893,-14.997952296314667,1.4508578777313232,0.845118522644043,True,-0.31919095391990915,0.0021243860907463274,True,False,e620e944348c3cc58b8d793bbaf79276fc5eaa4b4df54bc91769de3691fc9a7d,verified_existing,2026-08-01,11ad09ff644382dbc2cfeccf6d6d7b3a55178d0f54719444e1de1fdf0fbd7b77,
focus_jamendo_1597868__180s,focus_jamendo_1597868,focus,holdout,180.0,focus_music/focus_jamendo_1597868.mp3,features/audio/180s/focus/holdout/focus_jamendo_1597868__180s.wav,526.55,173.27499999999998,180.0,180.0,22050,1,float32,-15.0,-14.723166111675738,-14.942361279458357,1.4368640184402466,0.8612442016601562,True,0.0,0.002503653313177123,False,False,9c1fef83c1be30b1f4566d5af8e336b640b54b3ee7a2430412e51afda31b6ad9,verified_existing,2026-08-01,11ad09ff644382dbc2cfeccf6d6d7b3a55178d0f54719444e1de1fdf0fbd7b77,
focus_jamendo_1597868__300s,focus_jamendo_1597868,focus,holdout,300.0,focus_music/focus_jamendo_1597868.mp3,features/audio/300s/focus/holdout/focus_jamendo_1597868__300s.wav,526.55,113.27499999999998,300.0,300.0,22050,1,float32,-15.0,-14.685287115730446,-14.944822690425477,1.4431365728378296,0.8612442016601562,True,0.0,0.002633257747543462,False,False,9a78963dedc93fdf86968a26146463a027b93c93611411dd9b8f063b35e932b3,verified_existing,2026-08-01,11ad09ff644382dbc2cfeccf6d6d7b3a55178d0f54719444e1de1fdf0fbd7b77,
focus_jamendo_1606551__180s,focus_jamendo_1606551,focus,holdout,180.0,focus_music/focus_jamendo_1606551.mp3,features/audio/180s/focus/holdout/focus_jamendo_1606551__180s.wav,307.017,63.5085,180.0,180.0,22050,1,float32,-15.0,-13.697672030394429,-14.848282428815882,1.4151349067687988,0.8607455492019653,True,0.0,0.0024467120181405895,False,False,5ffd47bced2b56a59e4adf6d9b55e24363b6440336ed9096f1ef03dad09948de,verified_existing,2026-08-01,11ad09ff644382dbc2cfeccf6d6d7b3a55178d0f54719444e1de1fdf0fbd7b77,
focus_jamendo_1606551__300s,focus_jamendo_1606551,focus,holdout,300.0,focus_music/focus_jamendo_1606551.mp3,features/audio/300s/focus/holdout/focus_jamendo_1606551__300s.wav,307.017,3.508499999999998,300.0,300.0,22050,1,float32,-15.0,-14.432759973027679,-14.875043059427341,1.4151349067687988,0.8620344400405884,True,0.0,0.0024096749811035527,False,False,e32c57b69d7afb92bc31d9c8a6c0a00dfc122065696865b52fad76f14520f907,verified_existing,2026-08-01,11ad09ff644382dbc2cfeccf6d6d7b3a55178d0f54719444e1de1fdf0fbd7b77,
focus_jamendo_1610713__180s,focus_jamendo_1610713,focus,discovery,180.0,focus_music/focus_jamendo_1610713.mp3,features/audio/180s/focus/discovery/focus_jamendo_1610713__180s.wav,434.573,127.28649999999999,180.0,180.0,22050,1,float32,-15.0,-16.92649956653263,-14.968282412670396,1.1071603298187256,0.8594363927841187,True,0.0,0.0002925170068027211,False,False,37e470338989d8b95a27adcd385c66af2378a3729d1fca3d9abc0c2d4fafbd4b,verified_existing,2026-08-01,11ad09ff644382dbc2cfeccf6d6d7b3a55178d0f54719444e1de1fdf0fbd7b77,
focus_jamendo_1610713__300s,focus_jamendo_1610713,focus,discovery,300.0,focus_music/focus_jamendo_1610713.mp3,features/audio/300s/focus/discovery/focus_jamendo_1610713__300s.wav,434.573,67.28649999999999,300.0,300.0,22050,1,float32,-15.0,-16.8105498276892,-15.00319741032053,1.1071603298187256,0.8594424724578857,True,0.0,0.00027029478458049885,False,False,523cbf6e0abbc451e8d1aa2ad270e1b91b41871ad6869fe8db03d5e05a27d31d,verified_existing,2026-08-01,11ad09ff644382dbc2cfeccf6d6d7b3a55178d0f54719444e1de1fdf0fbd7b77,
focus_jamendo_1617037__180s,focus_jamendo_1617037,focus,discovery,180.0,focus_music/focus_jamendo_1617037.mp3,features/audio/180s/focus/discovery/focus_jamendo_1617037__180s.wav,327.0,73.5,180.0,180.0,22050,1,float32,-15.0,-19.649236825846884,-15.021651258354472,0.6204289197921753,0.859390377998352,True,0.0,0.00015192743764172337,False,False,6ecbdeb7aff4d9d2b14f85a7f0a23d5fc994143785affd1f1e83966d39d26580,verified_existing,2026-08-01,11ad09ff644382dbc2cfeccf6d6d7b3a55178d0f54719444e1de1fdf0fbd7b77,
focus_jamendo_1617037__300s,focus_jamendo_1617037,focus,discovery,300.0,focus_music/focus_jamendo_1617037.mp3,features/audio/300s/focus/discovery/focus_jamendo_1617037__300s.wav,327.0,13.5,300.0,300.0,22050,1,float32,-15.0,-20.840889215050314,-14.94575607652267,0.6204289197921753,0.8594099879264832,True,0.0,0.00046077097505668936,False,False,232906a034336a20101bd59f4dbac33c38568cba4c4ab68c15b06c786c09b5c7,verified_existing,2026-08-01,11ad09ff644382dbc2cfeccf6d6d7b3a55178d0f54719444e1de1fdf0fbd7b77,
focus_jamendo_1619099__180s,focus_jamendo_1619099,focus,discovery,180.0,focus_music/focus_jamendo_1619099.mp3,features/audio/180s/focus/discovery/focus_jamendo_1619099__180s.wav,176.823,0.0,176.823,176.74825396825398,22050,1,float32,-15.0,-18.096058817967354,-15.175581155393926,1.0839051008224487,0.8597618937492371,True,0.0,0.000987093882198928,True,False,636eb7bd9724c87ffa14384efd670ac0d29cc617e8475317c718f9ee26b5eebc,verified_existing,2026-08-01,11ad09ff644382dbc2cfeccf6d6d7b3a55178d0f54719444e1de1fdf0fbd7b77,
focus_jamendo_1619099__300s,focus_jamendo_1619099,focus,discovery,300.0,focus_music/focus_jamendo_1619099.mp3,features/audio/300s/focus/discovery/focus_jamendo_1619099__300s.wav,176.823,0.0,176.823,176.74825396825398,22050,1,float32,-15.0,-18.096058817967354,-15.175581155393926,1.0839051008224487,0.8597618937492371,True,0.0,0.000987093882198928,True,False,636eb7bd9724c87ffa14384efd670ac0d29cc617e8475317c718f9ee26b5eebc,verified_existing,2026-08-01,11ad09ff644382dbc2cfeccf6d6d7b3a55178d0f54719444e1de1fdf0fbd7b77,
focus_jamendo_1621763__180s,focus_jamendo_1621763,focus,holdout,180.0,focus_music/focus_jamendo_1621763.mp3,features/audio/180s/focus/holdout/focus_jamendo_1621763__180s.wav,357.433,88.7165,180.0,180.0,22050,1,float32,-15.0,-19.067402351782334,-15.004717428207709,0.95698082447052,0.8703215718269348,True,0.2867621609932982,0.011549508692365835,False,False,7b38417b0c516ed9f7d3c0c63b78c6f8478faca7a87bde334cab36e5ee0e8541,verified_existing,2026-08-01,11ad09ff644382dbc2cfeccf6d6d7b3a55178d0f54719444e1de1fdf0fbd7b77,
focus_jamendo_1621763__300s,focus_jamendo_1621763,focus,holdout,300.0,focus_music/focus_jamendo_1621763.mp3,features/audio/300s/focus/holdout/focus_jamendo_1621763__300s.wav,357.433,28.716499999999996,300.0,300.0,22050,1,float32,-15.0,-19.44167546372292,-15.007621617649091,0.95698082447052,0.8722590804100037,True,0.35085388944599494,0.011735600907029478,False,False,3aecba5dfd39932dd573ad89461ac97e4832533d4c5ef8cad2dc051db5ebc410,verified_existing,2026-08-01,11ad09ff644382dbc2cfeccf6d6d7b3a55178d0f54719444e1de1fdf0fbd7b77,
focus_jamendo_1630224__180s,focus_jamendo_1630224,focus,validation,180.0,focus_music/focus_jamendo_1630224.mp3,features/audio/180s/focus/validation/focus_jamendo_1630224__180s.wav,240.065,30.0325,180.0,180.0,22050,1,float32,-15.0,-16.998802235631487,-15.028692971157735,1.2186814546585083,0.8606266975402832,True,0.0,0.000926933736457546,False,False,2935f76d69bf1005daef159f0a38c7ce3bcba11feaaad60a68fb6585738a0b22,verified_existing,2026-08-01,11ad09ff644382dbc2cfeccf6d6d7b3a55178d0f54719444e1de1fdf0fbd7b77,
focus_jamendo_1630224__300s,focus_jamendo_1630224,focus,validation,300.0,focus_music/focus_jamendo_1630224.mp3,features/audio/300s/focus/validation/focus_jamendo_1630224__300s.wav,240.065,0.0,240.065,240.0,22050,1,float32,-15.0,-17.591504088392664,-14.89387399564799,1.2121657133102417,0.8618625998497009,True,0.0,0.0008868102796674225,True,False,fcc79eeeb4095fbd9015bd156f416ed7922c2a218f8dcf1a5d55fb9f7accb952,verified_existing,2026-08-01,11ad09ff644382dbc2cfeccf6d6d7b3a55178d0f54719444e1de1fdf0fbd7b77,
focus_jamendo_1632069__180s,focus_jamendo_1632069,focus,discovery,180.0,focus_music/focus_jamendo_1632069.mp3,features/audio/180s/focus/discovery/focus_jamendo_1632069__180s.wav,225.045,22.522499999999994,180.0,180.0,22050,1,float32,-15.0,-18.621390733193305,-15.000453862213131,0.8146470189094543,0.8594964146614075,True,0.0,0.00018115394305870497,False,False,f560006c5a3f421b48a72a79727abf48207cd64d9e72ce8cae60cc16cfd0d7ab,verified_existing,2026-08-01,11ad09ff644382dbc2cfeccf6d6d7b3a55178d0f54719444e1de1fdf0fbd7b77,
focus_jamendo_1632069__300s,focus_jamendo_1632069,focus,discovery,300.0,focus_music/focus_jamendo_1632069.mp3,features/audio/300s/focus/discovery/focus_jamendo_1632069__300s.wav,225.045,0.0,225.045,224.97641723356008,22050,1,float32,-15.0,-18.88672702552818,-15.098291191905306,0.8146470189094543,0.8596306443214417,True,0.0,0.0002148877282174196,True,False,538e3eda1ae7c6c779ddc7669bd0912f47ce9035d0b9119f7fb1c8a0f746dcbd,verified_existing,2026-08-01,11ad09ff644382dbc2cfeccf6d6d7b3a55178d0f54719444e1de1fdf0fbd7b77,
focus_jamendo_1632088__180s,focus_jamendo_1632088,focus,discovery,180.0,focus_music/focus_jamendo_1632088.mp3,features/audio/180s/focus/discovery/focus_jamendo_1632088__180s.wav,150.23,0.0,150.23,150.17333333333335,22050,1,float32,-15.0,-21.994978917817953,-15.000664811564599,0.7766767740249634,0.8705417513847351,True,0.27289421745224374,0.0008262560995276207,True,False,fe6530f57a16ad925b6300061ad8812de2107c02294cb8572433210de9a07aa3,verified_existing,2026-08-01,11ad09ff644382dbc2cfeccf6d6d7b3a55178d0f54719444e1de1fdf0fbd7b77,
focus_jamendo_1632088__300s,focus_jamendo_1632088,focus,discovery,300.0,focus_music/focus_jamendo_1632088.mp3,features/audio/300s/focus/discovery/focus_jamendo_1632088__300s.wav,150.23,0.0,150.23,150.17333333333335,22050,1,float32,-15.0,-21.994978917817953,-15.000664811564599,0.7766767740249634,0.8705417513847351,True,0.27289421745224374,0.0008262560995276207,True,False,fe6530f57a16ad925b6300061ad8812de2107c02294cb8572433210de9a07aa3,verified_existing,2026-08-01,11ad09ff644382dbc2cfeccf6d6d7b3a55178d0f54719444e1de1fdf0fbd7b77,
focus_jamendo_1633326__180s,focus_jamendo_1633326,focus,validation,180.0,focus_music/focus_jamendo_1633326.mp3,features/audio/180s/focus/validation/focus_jamendo_1633326__180s.wav,760.059,290.0295,180.0,180.0,22050,1,float32,-15.0,-14.662165390706704,-15.010038897682922,0.9891444444656372,0.8594018816947937,True,0.0,0.00014739229024943312,False,False,24b14e8c3b90826b364a229362cbba45266c68852bfc90c4530fcd524d9500b7,verified_existing,2026-08-01,11ad09ff644382dbc2cfeccf6d6d7b3a55178d0f54719444e1de1fdf0fbd7b77,
focus_jamendo_1633326__300s,focus_jamendo_1633326,focus,validation,300.0,focus_music/focus_jamendo_1633326.mp3,features/audio/300s/focus/validation/focus_jamendo_1633326__300s.wav,760.059,230.02949999999998,300.0,300.0,22050,1,float32,-15.0,-13.588379241493335,-15.00569199394747,1.1418366432189941,0.859425961971283,True,0.0,6.636432350718066e-05,False,False,5327c9e6e90b85d39e4136638c5d7f68eb8843da441aa2d4a62e218079c79e3f,verified_existing,2026-08-01,11ad09ff644382dbc2cfeccf6d6d7b3a55178d0f54719444e1de1fdf0fbd7b77,
focus_jamendo_1646629__180s,focus_jamendo_1646629,focus,discovery,180.0,focus_music/focus_jamendo_1646629.mp3,features/audio/180s/focus/discovery/focus_jamendo_1646629__180s.wav,590.42,205.20999999999998,180.0,180.0,22050,1,float32,-15.0,-15.164067415096389,-15.0041230834362,1.2134997844696045,0.8610451817512512,True,0.0,0.0006865709246661627,False,False,f10d28f71a1d05c5ae2708d6079f3278216f5ca9ff3ab1249718b60339a32617,verified_existing,2026-08-01,11ad09ff644382dbc2cfeccf6d6d7b3a55178d0f54719444e1de1fdf0fbd7b77,
focus_jamendo_1646629__300s,focus_jamendo_1646629,focus,discovery,300.0,focus_music/focus_jamendo_1646629.mp3,features/audio/300s/focus/discovery/focus_jamendo_1646629__300s.wav,590.42,145.20999999999998,300.0,300.0,22050,1,float32,-15.0,-15.06894551949794,-14.955473810997637,1.35423743724823,0.8610460162162781,True,0.0,0.0011390778533635676,False,False,3e55ae1707ccc9f67d66702aac033ea7dd58b02a3218cfafd81139390bc50924,verified_existing,2026-08-01,11ad09ff644382dbc2cfeccf6d6d7b3a55178d0f54719444e1de1fdf0fbd7b77,
focus_jamendo_1647617__180s,focus_jamendo_1647617,focus,discovery,180.0,focus_music/focus_jamendo_1647617.mp3,features/audio/180s/focus/discovery/focus_jamendo_1647617__180s.wav,297.509,58.75450000000001,180.0,180.0,22050,1,float32,-15.0,-20.539047489461886,-15.025790549461687,0.7076704502105713,0.8595482110977173,True,0.0,0.0011524313429075333,False,False,34a52109609bf9c91d607a37b4a5944fbf57140308c0c45b3ac4ac1e955a229d,verified_existing,2026-08-01,11ad09ff644382dbc2cfeccf6d6d7b3a55178d0f54719444e1de1fdf0fbd7b77,
focus_jamendo_1647617__300s,focus_jamendo_1647617,focus,discovery,300.0,focus_music/focus_jamendo_1647617.mp3,features/audio/300s/focus/discovery/focus_jamendo_1647617__300s.wav,297.509,0.0,297.509,297.45628117913833,22050,1,float32,-15.0,-20.826985713640248,-15.10773695878546,0.7055132389068604,0.8597841262817383,True,0.0,0.0008938983925837688,True,False,fc35ab08ca1126c868bf28409a8d13ccd5decc658079bd27da404de10dc6c1d6,verified_existing,2026-08-01,11ad09ff644382dbc2cfeccf6d6d7b3a55178d0f54719444e1de1fdf0fbd7b77,
focus_jamendo_1650016__180s,focus_jamendo_1650016,focus,validation,180.0,focus_music/focus_jamendo_1650016.mp3,features/audio/180s/focus/validation/focus_jamendo_1650016__180s.wav,317.0,68.5,180.0,180.0,22050,1,float32,-15.0,-15.358838876387301,-14.953595698632839,1.1080048084259033,0.8593551516532898,True,0.0,0.0003197278911564626,False,False,45c454b547f56266b60ba39b76b4e5ebb8533a7777531d8cfad80ea3cc5c3109,verified_existing,2026-08-01,11ad09ff644382dbc2cfeccf6d6d7b3a55178d0f54719444e1de1fdf0fbd7b77,
focus_jamendo_1650016__300s,focus_jamendo_1650016,focus,validation,300.0,focus_music/focus_jamendo_1650016.mp3,features/audio/300s/focus/validation/focus_jamendo_1650016__300s.wav,317.0,8.5,300.0,300.0,22050,1,float32,-15.0,-14.980804640576492,-14.99977004587671,1.3664562702178955,0.8483328819274902,True,-0.2424607720347307,0.00035374149659863946,False,False,300725889e56cbc933206a2a30b7c393506f0c09efac88712f9a152803901c90,verified_existing,2026-08-01,11ad09ff644382dbc2cfeccf6d6d7b3a55178d0f54719444e1de1fdf0fbd7b77,
focus_jamendo_1667339__180s,focus_jamendo_1667339,focus,discovery,180.0,focus_music/focus_jamendo_1667339.mp3,features/audio/180s/focus/discovery/focus_jamendo_1667339__180s.wav,267.494,43.747000000000014,180.0,180.0,22050,1,float32,-15.0,-17.20692304996722,-14.993424294348317,0.9226716160774231,0.8596478700637817,True,0.0,0.0004346182917611489,False,False,15a97ab7d7017e472d2355e327f1f599f56347b5226cafa466689c278be6dc1a,verified_existing,2026-08-01,11ad09ff644382dbc2cfeccf6d6d7b3a55178d0f54719444e1de1fdf0fbd7b77,
focus_jamendo_1667339__300s,focus_jamendo_1667339,focus,discovery,300.0,focus_music/focus_jamendo_1667339.mp3,features/audio/300s/focus/discovery/focus_jamendo_1667339__300s.wav,267.494,0.0,267.494,267.42861678004533,22050,1,float32,-15.0,-17.506969148982723,-14.998057310989118,0.9229030609130859,0.8595644235610962,True,0.0,0.000544362952048068,True,False,e5c8a3630fe75ec1e85e856e19f00fbb75e79e5c086424d492bd308ec12a3742,verified_existing,2026-08-01,11ad09ff644382dbc2cfeccf6d6d7b3a55178d0f54719444e1de1fdf0fbd7b77,
focus_jamendo_1668128__180s,focus_jamendo_1668128,focus,discovery,180.0,focus_music/focus_jamendo_1668128.mp3,features/audio/180s/focus/discovery/focus_jamendo_1668128__180s.wav,248.0,34.0,180.0,180.0,22050,1,float32,-15.0,-15.136790387312546,-14.938202879141587,0.8379033803939819,0.8594973683357239,True,0.0,0.00039909297052154196,False,False,a46f5f77dd4689972d156d1c15a807009e1f34d9af884cfc20d2fd790846327b,verified_existing,2026-08-01,11ad09ff644382dbc2cfeccf6d6d7b3a55178d0f54719444e1de1fdf0fbd7b77,
focus_jamendo_1668128__300s,focus_jamendo_1668128,focus,discovery,300.0,focus_music/focus_jamendo_1668128.mp3,features/audio/300s/focus/discovery/focus_jamendo_1668128__300s.wav,248.0,0.0,248.0,248.0,22050,1,float32,-15.0,-15.066371352532432,-15.033160809517717,0.8566372394561768,0.8594642281532288,True,0.0,0.00017409114183307732,True,False,9b23be32151209497e8f7e7f6ed7f7d9af81a8dd8ba06152cd4ed5f9d893c52d,verified_existing,2026-08-01,11ad09ff644382dbc2cfeccf6d6d7b3a55178d0f54719444e1de1fdf0fbd7b77,
focus_jamendo_1669925__180s,focus_jamendo_1669925,focus,validation,180.0,focus_music/focus_jamendo_1669925.mp3,features/audio/180s/focus/validation/focus_jamendo_1669925__180s.wav,344.059,82.02950000000001,180.0,180.0,22050,1,float32,-15.0,-13.769523860431331,-14.855058399164838,1.3076317310333252,0.8594503998756409,True,0.0,0.0005180146132527085,False,False,db428cc732cf4fdaa6160bb271dc6ae17cd7dc3c05a1f5e0e35cbea07f95d5c6,verified_existing,2026-08-01,11ad09ff644382dbc2cfeccf6d6d7b3a55178d0f54719444e1de1fdf0fbd7b77,
focus_jamendo_1669925__300s,focus_jamendo_1669925,focus,validation,300.0,focus_music/focus_jamendo_1669925.mp3,features/audio/300s/focus/validation/focus_jamendo_1669925__300s.wav,344.059,22.029500000000013,300.0,300.0,22050,1,float32,-15.0,-13.739353387949823,-14.90617480898477,1.3076317310333252,0.8594883680343628,True,0.0,0.0004471655328798186,False,False,bbe88be9a331eca643329a3d65aac60a0cae5b43269247f6f54cf8c6c4479336,verified_existing,2026-08-01,11ad09ff644382dbc2cfeccf6d6d7b3a55178d0f54719444e1de1fdf0fbd7b77,
focus_jamendo_1672165__180s,focus_jamendo_1672165,focus,holdout,180.0,focus_music/focus_jamendo_1672165.mp3,features/audio/180s/focus/holdout/focus_jamendo_1672165__180s.wav,511.347,165.6735,180.0,180.0,22050,1,float32,-15.0,-19.938979724339216,-15.083205180230527,0.7427101135253906,0.8600884675979614,True,0.0,0.0005353993449231545,False,False,3495a4702c455a0009fc55f13d0b7513fff8f0a29293e496fc46f59f0378d3d6,verified_existing,2026-08-01,11ad09ff644382dbc2cfeccf6d6d7b3a55178d0f54719444e1de1fdf0fbd7b77,
focus_jamendo_1672165__300s,focus_jamendo_1672165,focus,holdout,300.0,focus_music/focus_jamendo_1672165.mp3,features/audio/300s/focus/holdout/focus_jamendo_1672165__300s.wav,511.347,105.67349999999999,300.0,300.0,22050,1,float32,-15.0,-19.572832159880154,-15.073433904014477,0.7652109265327454,0.860197126865387,True,0.0,0.0007863945578231292,False,False,7b1ad921c8c675b8deffb38b9a4795a199c86d4e844ddda54192d7b2dc699795,verified_existing,2026-08-01,11ad09ff644382dbc2cfeccf6d6d7b3a55178d0f54719444e1de1fdf0fbd7b77,
focus_jamendo_1677808__180s,focus_jamendo_1677808,focus,holdout,180.0,focus_music/focus_jamendo_1677808.mp3,features/audio/180s/focus/holdout/focus_jamendo_1677808__180s.wav,187.376,3.6880000000000024,180.0,180.0,22050,1,float32,-15.0,-29.2425089324068,-14.999445159192707,0.27320122718811035,0.849152147769928,True,-0.2180596588496755,0.0009536407155454774,False,False,4e2675578a84560d922d7d55d0b83e5404cf235ac2fd4497e9dc54a38a90ae89,verified_existing,2026-08-01,11ad09ff644382dbc2cfeccf6d6d7b3a55178d0f54719444e1de1fdf0fbd7b77,
focus_jamendo_1677808__300s,focus_jamendo_1677808,focus,holdout,300.0,focus_music/focus_jamendo_1677808.mp3,features/audio/300s/focus/holdout/focus_jamendo_1677808__300s.wav,187.376,0.0,187.376,187.31138321995465,22050,1,float32,-15.0,-29.25229466515818,-14.929060759284598,0.27252328395843506,0.8600034713745117,True,0.0,0.0012045374866592933,True,False,bea611abe9d5b9ef563993800f3fb62ce8566a091aa51e2a2cd91cff25e672e4,verified_existing,2026-08-01,11ad09ff644382dbc2cfeccf6d6d7b3a55178d0f54719444e1de1fdf0fbd7b77,
focus_jamendo_1677809__180s,focus_jamendo_1677809,focus,holdout,180.0,focus_music/focus_jamendo_1677809.mp3,features/audio/180s/focus/holdout/focus_jamendo_1677809__180s.wav,314.462,67.231,180.0,180.0,22050,1,float32,-15.0,-21.763988007458448,-15.017178329002498,0.9561887979507446,0.8887367844581604,True,1.181411656309887,0.021752582514487275,False,False,0d2e9a2ea471246a7a8c19b31341ebfd30f7ba726f9be124be682430dfbd3209,verified_existing,2026-08-01,11ad09ff644382dbc2cfeccf6d6d7b3a55178d0f54719444e1de1fdf0fbd7b77,
focus_jamendo_1677809__300s,focus_jamendo_1677809,focus,holdout,300.0,focus_music/focus_jamendo_1677809.mp3,features/audio/300s/focus/holdout/focus_jamendo_1677809__300s.wav,314.462,7.2309999999999945,300.0,300.0,22050,1,float32,-15.0,-22.156870690756218,-15.02552458365345,0.9561887979507446,0.8880862593650818,True,1.445168689368895,0.022554950869236583,False,False,0c689e7da65d79740907737bc2d826ffbfd122b69d90e6a1a0323d634b6c6480,verified_existing,2026-08-01,11ad09ff644382dbc2cfeccf6d6d7b3a55178d0f54719444e1de1fdf0fbd7b77,
focus_jamendo_1683418__180s,focus_jamendo_1683418,focus,holdout,180.0,focus_music/focus_jamendo_1683418.mp3,features/audio/180s/focus/holdout/focus_jamendo_1683418__180s.wav,731.0,275.5,180.0,180.0,22050,1,float32,-15.0,-13.545428986814215,-14.996690298634816,1.2245292663574219,0.859406054019928,True,0.0,0.003561098513479466,False,False,4b76c34d4990924af9fb85efe6475ed4c1f7d68eeb580123739ae3b6bba46f34,verified_existing,2026-08-01,11ad09ff644382dbc2cfeccf6d6d7b3a55178d0f54719444e1de1fdf0fbd7b77,
focus_jamendo_1683418__300s,focus_jamendo_1683418,focus,holdout,300.0,focus_music/focus_jamendo_1683418.mp3,features/audio/300s/focus/holdout/focus_jamendo_1683418__300s.wav,731.0,215.5,300.0,300.0,22050,1,float32,-15.0,-13.563287990226643,-14.993752640035268,1.2245292663574219,0.8594043850898743,True,0.0,0.003705215419501134,False,False,9d3da8aa3e74b7ff2dbadf11b3682195b7c32c064e948a1973a050b57edf80fd,verified_existing,2026-08-01,11ad09ff644382dbc2cfeccf6d6d7b3a55178d0f54719444e1de1fdf0fbd7b77,
focus_jamendo_1684978__180s,focus_jamendo_1684978,focus,discovery,180.0,focus_music/focus_jamendo_1684978.mp3,features/audio/180s/focus/discovery/focus_jamendo_1684978__180s.wav,376.607,98.30350000000001,180.0,180.0,22050,1,float32,-15.0,-12.114687073463779,-14.999545458215541,1.1560640335083008,0.8458952307701111,True,-0.30887855328128744,0.0004164777021919879,False,False,25f2d6a052be2d2b17f3ec1bc6e3328609712bdc96378fc0b0050ceabaedddbf,verified_existing,2026-08-01,11ad09ff644382dbc2cfeccf6d6d7b3a55178d0f54719444e1de1fdf0fbd7b77,
focus_jamendo_1684978__300s,focus_jamendo_1684978,focus,discovery,300.0,focus_music/focus_jamendo_1684978.mp3,features/audio/300s/focus/discovery/focus_jamendo_1684978__300s.wav,376.607,38.303500000000014,300.0,300.0,22050,1,float32,-15.0,-12.517636072239636,-14.999255662185355,1.2189979553222656,0.8468509316444397,True,-0.27939306810197095,0.0006619803476946334,False,False,255e8e837478de885244154ea60de482c35bca415143e4b91bc329dd3044b837,verified_existing,2026-08-01,11ad09ff644382dbc2cfeccf6d6d7b3a55178d0f54719444e1de1fdf0fbd7b77,
focus_jamendo_1684979__180s,focus_jamendo_1684979,focus,discovery,180.0,focus_music/focus_jamendo_1684979.mp3,features/audio/180s/focus/discovery/focus_jamendo_1684979__180s.wav,138.606,0.0,138.606,138.55346938775511,22050,1,float32,-15.0,-16.11224197965093,-14.899532203951056,0.9430555105209351,0.863594651222229,True,0.0,0.0002117767512988101,True,False,501e90319b6c4fed821588984f30261ae8fbc070ad12355de6a9af64b22f8047,verified_existing,2026-08-01,11ad09ff644382dbc2cfeccf6d6d7b3a55178d0f54719444e1de1fdf0fbd7b77,
focus_jamendo_1684979__300s,focus_jamendo_1684979,focus,discovery,300.0,focus_music/focus_jamendo_1684979.mp3,features/audio/300s/focus/discovery/focus_jamendo_1684979__300s.wav,138.606,0.0,138.606,138.55346938775511,22050,1,float32,-15.0,-16.11224197965093,-14.899532203951056,0.9430555105209351,0.863594651222229,True,0.0,0.0002117767512988101,True,False,413efc3463b5f0c261fcf9666ffb96ce6afc04b10d7e03af4cb1a5521849287f,verified_existing,2026-08-01,11ad09ff644382dbc2cfeccf6d6d7b3a55178d0f54719444e1de1fdf0fbd7b77,
focus_jamendo_1685030__180s,focus_jamendo_1685030,focus,holdout,180.0,focus_music/focus_jamendo_1685030.mp3,features/audio/180s/focus/holdout/focus_jamendo_1685030__180s.wav,197.0,8.5,180.0,180.0,22050,1,float32,-15.0,-23.774467580248125,-14.997451588710287,0.41239774227142334,0.8593992590904236,True,0.0,0.0003219954648526077,False,False,82cf37468ea2c87361222db5152a5307f39a97fd3b19ae0aef5de605db7c62c1,verified_existing,2026-08-01,11ad09ff644382dbc2cfeccf6d6d7b3a55178d0f54719444e1de1fdf0fbd7b77,
focus_jamendo_1685030__300s,focus_jamendo_1685030,focus,holdout,300.0,focus_music/focus_jamendo_1685030.mp3,features/audio/300s/focus/holdout/focus_jamendo_1685030__300s.wav,197.0,0.0,197.0,197.0,22050,1,float32,-15.0,-23.84017641482012,-14.993471372867178,0.41239774227142334,0.8594003915786743,True,0.0,0.0002838495804413136,True,False,99fed4fac32aa7b407ed1ad5cd34c0b1b7a93b142f1708331b64fb20f3bd367b,verified_existing,2026-08-01,11ad09ff644382dbc2cfeccf6d6d7b3a55178d0f54719444e1de1fdf0fbd7b77,
focus_jamendo_1685032__180s,focus_jamendo_1685032,focus,holdout,180.0,focus_music/focus_jamendo_1685032.mp3,features/audio/180s/focus/holdout/focus_jamendo_1685032__180s.wav,208.692,14.346000000000004,180.0,180.0,22050,1,float32,-15.0,-14.994114484135157,-14.96119736354562,1.41017746925354,0.8597384095191956,True,0.0,0.0003101536911060721,False,False,80a9543216ff90a34b6c96183d659a36136aacdcd7f992e558a99e0a2b30688f,verified_existing,2026-08-01,11ad09ff644382dbc2cfeccf6d6d7b3a55178d0f54719444e1de1fdf0fbd7b77,
focus_jamendo_1685032__300s,focus_jamendo_1685032,focus,holdout,300.0,focus_music/focus_jamendo_1685032.mp3,features/audio/300s/focus/holdout/focus_jamendo_1685032__300s.wav,208.692,0.0,208.692,208.6154195011338,22050,1,float32,-15.0,-15.063622228704958,-15.011839380916067,1.3988323211669922,0.8594390749931335,True,0.0,0.00037065459122559495,True,False,29a62553dc6e1ec14836188e64d1425e3f2515f97e1830413a3fb5a6ebcd2a47,verified_existing,2026-08-01,11ad09ff644382dbc2cfeccf6d6d7b3a55178d0f54719444e1de1fdf0fbd7b77,
focus_jamendo_1692446__180s,focus_jamendo_1692446,focus,discovery,180.0,focus_music/focus_jamendo_1692446.mp3,features/audio/180s/focus/discovery/focus_jamendo_1692446__180s.wav,619.416,219.70800000000003,180.0,180.0,22050,1,float32,-15.0,-16.638972555824914,-15.00861382893636,1.3457061052322388,0.8824341297149658,True,0.5462743583276559,0.00882816830435878,False,False,0a2edea2dc170d911e78f117e79f4f76aa61afbfa5f6136cd63259764ab5ed51,verified_existing,2026-08-01,11ad09ff644382dbc2cfeccf6d6d7b3a55178d0f54719444e1de1fdf0fbd7b77,
focus_jamendo_1692446__300s,focus_jamendo_1692446,focus,discovery,300.0,focus_music/focus_jamendo_1692446.mp3,features/audio/300s/focus/discovery/focus_jamendo_1692446__300s.wav,619.416,159.70800000000003,300.0,300.0,22050,1,float32,-15.0,-16.73460511315165,-15.009985191333518,1.3457061052322388,0.8842492699623108,True,0.6042913394172711,0.00826575963718821,False,False,22972a3f2f9f663dc3e3fe9277a6a9fbae5224ba58cbee63b90efa4c4131f153,verified_existing,2026-08-01,11ad09ff644382dbc2cfeccf6d6d7b3a55178d0f54719444e1de1fdf0fbd7b77,
focus_jamendo_1699096__180s,focus_jamendo_1699096,focus,discovery,180.0,focus_music/focus_jamendo_1699096.mp3,features/audio/180s/focus/discovery/focus_jamendo_1699096__180s.wav,244.0,32.0,180.0,180.0,22050,1,float32,-15.0,-16.705921140603255,-15.040442893719748,0.9798938632011414,0.8595641851425171,True,0.0,0.0007326782564877803,False,False,831a984805b6de758476fb48f14ec8611f0f2efc4972b487457f2037ce9893d9,verified_existing,2026-08-01,11ad09ff644382dbc2cfeccf6d6d7b3a55178d0f54719444e1de1fdf0fbd7b77,
focus_jamendo_1699096__300s,focus_jamendo_1699096,focus,discovery,300.0,focus_music/focus_jamendo_1699096.mp3,features/audio/300s/focus/discovery/focus_jamendo_1699096__300s.wav,244.0,0.0,244.0,244.0,22050,1,float32,-15.0,-16.74955726846632,-15.037576151527889,0.9798938632011414,0.8595629930496216,True,0.0,0.0007912345265975243,True,False,98b4b538c64d35c8d41ecec016991e6e452361fe4fc804e230fae4022a3dbea2,verified_existing,2026-08-01,11ad09ff644382dbc2cfeccf6d6d7b3a55178d0f54719444e1de1fdf0fbd7b77,
focus_jamendo_1700327__180s,focus_jamendo_1700327,focus,validation,180.0,focus_music/focus_jamendo_1700327.mp3,features/audio/180s/focus/validation/focus_jamendo_1700327__180s.wav,249.078,34.539,180.0,180.0,22050,1,float32,-15.0,-31.50484745644499,-15.00224137435947,0.30756688117980957,0.8724105954170227,True,0.3613964472827931,0.0014449483497102544,False,False,7e0a9f43989430ea2947a50490929c05d96343d7293f602f5ac455c0c4f141e8,verified_existing,2026-08-01,11ad09ff644382dbc2cfeccf6d6d7b3a55178d0f54719444e1de1fdf0fbd7b77,
focus_jamendo_1700327__300s,focus_jamendo_1700327,focus,validation,300.0,focus_music/focus_jamendo_1700327.mp3,features/audio/300s/focus/validation/focus_jamendo_1700327__300s.wav,249.078,0.0,249.078,249.02530612244897,22050,1,float32,-15.0,-31.769634853081644,-15.003002939990411,0.30756688117980957,0.8745373487472534,True,0.44010746718336513,0.001380074478128606,True,False,6d3b72d226699f956f15979e54d6c5aea6327fcf53fbd8c71771d2f90c8f4bdf,verified_existing,2026-08-01,11ad09ff644382dbc2cfeccf6d6d7b3a55178d0f54719444e1de1fdf0fbd7b77,
focus_jamendo_1704604__180s,focus_jamendo_1704604,focus,discovery,180.0,focus_music/focus_jamendo_1704604.mp3,features/audio/180s/focus/discovery/focus_jamendo_1704604__180s.wav,248.0,34.0,180.0,180.0,22050,1,float32,-15.0,-18.174029309417154,-15.003496110179265,0.9137519598007202,0.8593927025794983,True,0.0,0.001364575459813555,False,False,4715d54c77d897f0b358e2c6a9f0710199f1f1a4ec4257ec2da6116fa20484b2,verified_existing,2026-08-01,11ad09ff644382dbc2cfeccf6d6d7b3a55178d0f54719444e1de1fdf0fbd7b77,
focus_jamendo_1704604__300s,focus_jamendo_1704604,focus,discovery,300.0,focus_music/focus_jamendo_1704604.mp3,features/audio/300s/focus/discovery/focus_jamendo_1704604__300s.wav,248.0,0.0,248.0,248.0,22050,1,float32,-15.0,-18.293860174376466,-14.98357679863435,0.9137519598007202,0.8594340682029724,True,0.0,0.001564625850340136,True,False,a4cb4437b2116a86f6434e2342ebe10d8c4964004ee76370b953b719b108687d,verified_existing,2026-08-01,11ad09ff644382dbc2cfeccf6d6d7b3a55178d0f54719444e1de1fdf0fbd7b77,
focus_jamendo_1705713__180s,focus_jamendo_1705713,focus,discovery,180.0,focus_music/focus_jamendo_1705713.mp3,features/audio/180s/focus/discovery/focus_jamendo_1705713__180s.wav,124.0,0.0,124.0,124.0,22050,1,float32,-15.0,-18.17742910618592,-15.000915508762587,0.8285676836967468,0.8683595657348633,True,0.2352028958332717,0.001210957501280082,True,False,0eb3a646b645f092ed6ffe64aa9d9496b9895d493d92d7077419d1432308ef35,verified_existing,2026-08-01,11ad09ff644382dbc2cfeccf6d6d7b3a55178d0f54719444e1de1fdf0fbd7b77,
focus_jamendo_1705713__300s,focus_jamendo_1705713,focus,discovery,300.0,focus_music/focus_jamendo_1705713.mp3,features/audio/300s/focus/discovery/focus_jamendo_1705713__300s.wav,124.0,0.0,124.0,124.0,22050,1,float32,-15.0,-18.17742910618592,-15.000915508762587,0.8285676836967468,0.8683595657348633,True,0.2352028958332717,0.001210957501280082,True,False,0eb3a646b645f092ed6ffe64aa9d9496b9895d493d92d7077419d1432308ef35,verified_existing,2026-08-01,11ad09ff644382dbc2cfeccf6d6d7b3a55178d0f54719444e1de1fdf0fbd7b77,
focus_jamendo_1706218__180s,focus_jamendo_1706218,focus,discovery,180.0,focus_music/focus_jamendo_1706218.mp3,features/audio/180s/focus/discovery/focus_jamendo_1706218__180s.wav,442.358,131.179,180.0,180.0,22050,1,float32,-15.0,-11.229220232716726,-15.00922023296553,1.1220793724060059,0.7261453866958618,False,0.0,0.0,False,False,eecab83ad0ea643f58a9e2f47e262556a16e4a51ddf071aeb09766d3e8ab298c,verified_existing,2026-08-01,11ad09ff644382dbc2cfeccf6d6d7b3a55178d0f54719444e1de1fdf0fbd7b77,
focus_jamendo_1706218__300s,focus_jamendo_1706218,focus,discovery,300.0,focus_music/focus_jamendo_1706218.mp3,features/audio/300s/focus/discovery/focus_jamendo_1706218__300s.wav,442.358,71.179,300.0,300.0,22050,1,float32,-15.0,-11.744884526084537,-15.004884529373093,1.1220793724060059,0.7709007859230042,True,0.0,1.6628873771730914e-06,False,False,05a1b285deaec9e8808f6e005002544ccec2fb71acaa0e2963fb56944cf65f92,verified_existing,2026-08-01,11ad09ff644382dbc2cfeccf6d6d7b3a55178d0f54719444e1de1fdf0fbd7b77,
focus_jamendo_1709689__180s,focus_jamendo_1709689,focus,discovery,180.0,focus_music/focus_jamendo_1709689.mp3,features/audio/180s/focus/discovery/focus_jamendo_1709689__180s.wav,332.0,76.0,180.0,180.0,22050,1,float32,-15.0,-13.782183177619231,-14.999162835338954,1.3087031841278076,0.8338030576705933,True,-0.47677586228325275,0.0006535651297556059,False,False,6e61c76feb61f80477d1bcdbd6d48816f73986969bbd90cc9edecc982fe16481,verified_existing,2026-08-01,11ad09ff644382dbc2cfeccf6d6d7b3a55178d0f54719444e1de1fdf0fbd7b77,
focus_jamendo_1709689__300s,focus_jamendo_1709689,focus,discovery,300.0,focus_music/focus_jamendo_1709689.mp3,features/audio/300s/focus/discovery/focus_jamendo_1709689__300s.wav,332.0,16.0,300.0,300.0,22050,1,float32,-15.0,-14.334145413106413,-14.998550086919845,1.3087031841278076,0.8291208744049072,True,-0.5464240463858019,0.0009020408163265306,False,False,5c2d30002c754e11e565d87cd358a5086f9e657779f23881c3c0f2ca651e90bd,verified_existing,2026-08-01,11ad09ff644382dbc2cfeccf6d6d7b3a55178d0f54719444e1de1fdf0fbd7b77,
focus_jamendo_1713602__180s,focus_jamendo_1713602,focus,validation,180.0,focus_music/focus_jamendo_1713602.mp3,features/audio/180s/focus/validation/focus_jamendo_1713602__180s.wav,126.25,0.0,126.25,126.18,22050,1,float32,-15.0,-16.485379386637856,-14.950824975722622,1.1206867694854736,0.8597561717033386,True,0.0,0.0002889727772548233,True,False,18b248a7eb44cd4f6e3d208ac00704d8bd51a778d3f43e3d8f99ba00e06751e8,verified_existing,2026-08-01,11ad09ff644382dbc2cfeccf6d6d7b3a55178d0f54719444e1de1fdf0fbd7b77,
focus_jamendo_1713602__300s,focus_jamendo_1713602,focus,validation,300.0,focus_music/focus_jamendo_1713602.mp3,features/audio/300s/focus/validation/focus_jamendo_1713602__300s.wav,126.25,0.0,126.25,126.18,22050,1,float32,-15.0,-16.485379386637856,-14.950824975722622,1.1206867694854736,0.8597561717033386,True,0.0,0.0002889727772548233,True,False,34c982762f821ae5afd8c5b577759eadd6c52858cf48ad5a8628b98166b0a6a9,verified_existing,2026-08-01,11ad09ff644382dbc2cfeccf6d6d7b3a55178d0f54719444e1de1fdf0fbd7b77,
focus_jamendo_1721937__180s,focus_jamendo_1721937,focus,validation,180.0,focus_music/focus_jamendo_1721937.mp3,features/audio/180s/focus/validation/focus_jamendo_1721937__180s.wav,320.549,70.27449999999999,180.0,180.0,22050,1,float32,-15.0,-14.559570175027146,-14.870240799932608,1.3620150089263916,0.8610832095146179,True,0.0,0.002921894683799446,False,False,cefe30c229d2d6ebbd8e09dc7de0a25f95795701d7b2ee597881f939fbe1aebd,verified_existing,2026-08-01,11ad09ff644382dbc2cfeccf6d6d7b3a55178d0f54719444e1de1fdf0fbd7b77,
focus_jamendo_1721937__300s,focus_jamendo_1721937,focus,validation,300.0,focus_music/focus_jamendo_1721937.mp3,features/audio/300s/focus/validation/focus_jamendo_1721937__300s.wav,320.549,10.274499999999989,300.0,300.0,22050,1,float32,-15.0,-15.347193687384438,-14.864269246760047,1.387138843536377,0.8639655113220215,True,0.0,0.0031702191987906274,False,False,bc2d662c45ab5430148f253c87ef5c363a4f382d02bdf46e469f463e646ea493,verified_existing,2026-08-01,11ad09ff644382dbc2cfeccf6d6d7b3a55178d0f54719444e1de1fdf0fbd7b77,
focus_jamendo_1744930__180s,focus_jamendo_1744930,focus,holdout,180.0,focus_music/focus_jamendo_1744930.mp3,features/audio/180s/focus/holdout/focus_jamendo_1744930__180s.wav,376.059,98.02950000000001,180.0,180.0,22050,1,float32,-15.0,-13.73041890694841,-14.864930448044129,1.320427656173706,0.8596355319023132,True,0.0,0.0008500881834215167,False,False,06e9691cf4fe163ec95842999a62d2c342780e5790553196697ba45f995273fa,verified_existing,2026-08-01,11ad09ff644382dbc2cfeccf6d6d7b3a55178d0f54719444e1de1fdf0fbd7b77,
focus_jamendo_1744930__300s,focus_jamendo_1744930,focus,holdout,300.0,focus_music/focus_jamendo_1744930.mp3,features/audio/300s/focus/holdout/focus_jamendo_1744930__300s.wav,376.059,38.02950000000001,300.0,300.0,22050,1,float32,-15.0,-13.681926314604555,-15.005058362892326,1.334174394607544,0.859697163105011,True,0.0,0.0009015873015873016,False,False,d5d432d3cd0967b09d535a6edd91a7dc3520aa5553cdd7e8af9147612c0cb6ee,verified_existing,2026-08-01,11ad09ff644382dbc2cfeccf6d6d7b3a55178d0f54719444e1de1fdf0fbd7b77,
focus_jamendo_1755448__180s,focus_jamendo_1755448,focus,validation,180.0,focus_music/focus_jamendo_1755448.mp3,features/audio/180s/focus/validation/focus_jamendo_1755448__180s.wav,289.0,54.5,180.0,180.0,22050,1,float32,-15.0,-20.05220855445615,-15.061819083875033,0.640807569026947,0.8594377636909485,True,0.0,0.0032388510959939533,False,False,dc11f99a9af28f0d49f8ab570bd1def8c5be7c129db66574ca0d2c34466589a6,verified_existing,2026-08-01,11ad09ff644382dbc2cfeccf6d6d7b3a55178d0f54719444e1de1fdf0fbd7b77,
focus_jamendo_1755448__300s,focus_jamendo_1755448,focus,validation,300.0,focus_music/focus_jamendo_1755448.mp3,features/audio/300s/focus/validation/focus_jamendo_1755448__300s.wav,289.0,0.0,289.0,289.0,22050,1,float32,-15.0,-20.07778338005237,-15.030036924763353,0.640807569026947,0.85960453748703,True,0.0,0.002158824314039341,True,False,dc9070d4e4e2b10f3a031be480f0e2ef45ed19b8cdded511d7a8b1087f2d85f5,verified_existing,2026-08-01,11ad09ff644382dbc2cfeccf6d6d7b3a55178d0f54719444e1de1fdf0fbd7b77,
focus_jamendo_1761112__180s,focus_jamendo_1761112,focus,validation,180.0,focus_music/focus_jamendo_1761112.mp3,features/audio/180s/focus/validation/focus_jamendo_1761112__180s.wav,314.0,67.0,180.0,180.0,22050,1,float32,-15.0,-10.636220479423852,-15.006266756222812,1.3792800903320312,0.8266136050224304,True,0.0,0.00028092718568909045,False,False,5ce11b181347f94856df1b16fae0a0f6d20ee2aba750998c745ffd635d6374ba,verified_existing,2026-08-01,11ad09ff644382dbc2cfeccf6d6d7b3a55178d0f54719444e1de1fdf0fbd7b77,
focus_jamendo_1761112__300s,focus_jamendo_1761112,focus,validation,300.0,focus_music/focus_jamendo_1761112.mp3,features/audio/300s/focus/validation/focus_jamendo_1761112__300s.wav,314.0,7.0,300.0,300.0,22050,1,float32,-15.0,-10.762021238753407,-15.012101903130349,1.4101104736328125,0.8463160991668701,True,0.0,0.0003111111111111111,False,False,29e418db07b159ab97a3d299ce487ab1820394ba2e5cf17919b90dd05ca1ecb2,verified_existing,2026-08-01,11ad09ff644382dbc2cfeccf6d6d7b3a55178d0f54719444e1de1fdf0fbd7b77,
focus_jamendo_1780015__180s,focus_jamendo_1780015,focus,discovery,180.0,focus_music/focus_jamendo_1780015.mp3,features/audio/180s/focus/discovery/focus_jamendo_1780015__180s.wav,261.068,40.53399999999999,180.0,180.0,22050,1,float32,-15.0,-11.4906983548802,-15.050764663390805,1.3074901103973389,0.8481646180152893,True,0.0,0.00012471655328798187,False,False,dd575c068f19e8be8fb0214188d462933b60391e7a1990a36499c28798162608,verified_existing,2026-08-01,11ad09ff644382dbc2cfeccf6d6d7b3a55178d0f54719444e1de1fdf0fbd7b77,
focus_jamendo_1780015__300s,focus_jamendo_1780015,focus,discovery,300.0,focus_music/focus_jamendo_1780015.mp3,features/audio/300s/focus/discovery/focus_jamendo_1780015__300s.wav,261.068,0.0,261.068,261.0,22050,1,float32,-15.0,-11.541230702786983,-15.011323975686613,1.3112661838531494,0.8540607690811157,True,0.0,0.00013674946351465236,True,False,2d8220e3a512e0b85816ba0cecbd6097a3bfbed6afbc5ef92a7afc847d0dc79f,verified_existing,2026-08-01,11ad09ff644382dbc2cfeccf6d6d7b3a55178d0f54719444e1de1fdf0fbd7b77,
focus_jamendo_1785989__180s,focus_jamendo_1785989,focus,discovery,180.0,focus_music/focus_jamendo_1785989.mp3,features/audio/180s/focus/discovery/focus_jamendo_1785989__180s.wav,288.0,54.0,180.0,180.0,22050,1,float32,-15.0,-16.020207156367558,-15.186001596319596,1.3577961921691895,0.8611372113227844,True,0.0,0.0014840010078105317,False,False,004f0e54aa56fd9912f4ddf879ca591d223e32574614e983b7d8e8748befcca9,verified_existing,2026-08-01,11ad09ff644382dbc2cfeccf6d6d7b3a55178d0f54719444e1de1fdf0fbd7b77,
focus_jamendo_1785989__300s,focus_jamendo_1785989,focus,discovery,300.0,focus_music/focus_jamendo_1785989.mp3,features/audio/300s/focus/discovery/focus_jamendo_1785989__300s.wav,288.0,0.0,288.0,288.0,22050,1,float32,-15.0,-16.536116485200413,-15.004514450889497,1.3577961921691895,0.8734402060508728,True,0.36502445293506725,0.00207010582010582,True,False,7c988ae8ba180d40c7298c9457dce5f9958e8cf932839b9bb22ea1761fd23a87,verified_existing,2026-08-01,11ad09ff644382dbc2cfeccf6d6d7b3a55178d0f54719444e1de1fdf0fbd7b77,
focus_jamendo_1786770__180s,focus_jamendo_1786770,focus,validation,180.0,focus_music/focus_jamendo_1786770.mp3,features/audio/180s/focus/validation/focus_jamendo_1786770__180s.wav,165.878,0.0,165.878,165.818231292517,22050,1,float32,-15.0,-20.90906702564153,-14.999270759247235,0.7534899711608887,0.8290315866470337,True,-0.5537672270851104,0.0003186288184860509,True,False,a81ac4d4b792c261c12fa3a09ef168b24d4f03836afd41be6a98d97982c20af1,verified_existing,2026-08-01,11ad09ff644382dbc2cfeccf6d6d7b3a55178d0f54719444e1de1fdf0fbd7b77,
focus_jamendo_1786770__300s,focus_jamendo_1786770,focus,validation,300.0,focus_music/focus_jamendo_1786770.mp3,features/audio/300s/focus/validation/focus_jamendo_1786770__300s.wav,165.878,0.0,165.878,165.818231292517,22050,1,float32,-15.0,-20.90906702564153,-14.999270759247235,0.7534899711608887,0.8290315866470337,True,-0.5537672270851104,0.0003186288184860509,True,False,a81ac4d4b792c261c12fa3a09ef168b24d4f03836afd41be6a98d97982c20af1,verified_existing,2026-08-01,11ad09ff644382dbc2cfeccf6d6d7b3a55178d0f54719444e1de1fdf0fbd7b77,
focus_jamendo_1787506__180s,focus_jamendo_1787506,focus,validation,180.0,focus_music/focus_jamendo_1787506.mp3,features/audio/180s/focus/validation/focus_jamendo_1787506__180s.wav,140.983,0.0,140.983,140.9196371882086,22050,1,float32,-15.0,-12.804760176442397,-15.028529492882798,1.2913987636566162,0.8594010472297668,True,0.0,0.0008966046810101961,True,False,000b3707d24842827818e7b7366bc5902950e24894d74b02d341032e56478241,verified_existing,2026-08-01,11ad09ff644382dbc2cfeccf6d6d7b3a55178d0f54719444e1de1fdf0fbd7b77,
focus_jamendo_1787506__300s,focus_jamendo_1787506,focus,validation,300.0,focus_music/focus_jamendo_1787506.mp3,features/audio/300s/focus/validation/focus_jamendo_1787506__300s.wav,140.983,0.0,140.983,140.9196371882086,22050,1,float32,-15.0,-12.804760176442397,-15.028529492882798,1.2913987636566162,0.8594010472297668,True,0.0,0.0008966046810101961,True,False,06f6fd710dbe8cbf4f6496eeb2885465e5bac7f0e0054de358a7bf3b779b1f3e,verified_existing,2026-08-01,11ad09ff644382dbc2cfeccf6d6d7b3a55178d0f54719444e1de1fdf0fbd7b77,
focus_jamendo_1789540__180s,focus_jamendo_1789540,focus,validation,180.0,focus_music/focus_jamendo_1789540.mp3,features/audio/180s/focus/validation/focus_jamendo_1789540__180s.wav,166.06,0.0,166.06,165.9950566893424,22050,1,float32,-15.0,-17.482806624983287,-14.954170992961554,1.0675575733184814,0.8598326444625854,True,0.0,0.0015313408507916662,True,False,8a621d7cb22f3935e08f2e1b1f79768c015b9a8e3b8425dbd0779c6cfc0c2821,verified_existing,2026-08-01,11ad09ff644382dbc2cfeccf6d6d7b3a55178d0f54719444e1de1fdf0fbd7b77,
focus_jamendo_1789540__300s,focus_jamendo_1789540,focus,validation,300.0,focus_music/focus_jamendo_1789540.mp3,features/audio/300s/focus/validation/focus_jamendo_1789540__300s.wav,166.06,0.0,166.06,165.9950566893424,22050,1,float32,-15.0,-17.482806624983287,-14.954170992961554,1.0675575733184814,0.8598326444625854,True,0.0,0.0015313408507916662,True,False,2acf3188005549f291b5f8f5aa9b32b8582b2b32722963ec8de54b1b3077c1e4,verified_existing,2026-08-01,11ad09ff644382dbc2cfeccf6d6d7b3a55178d0f54719444e1de1fdf0fbd7b77,
focus_jamendo_1797025__180s,focus_jamendo_1797025,focus,discovery,180.0,focus_music/focus_jamendo_1797025.mp3,features/audio/180s/focus/discovery/focus_jamendo_1797025__180s.wav,246.073,33.036500000000004,180.0,180.0,22050,1,float32,-15.0,-16.24766209712033,-14.998969516464317,1.2636966705322266,0.8507993817329407,True,-0.21206622451629542,0.0009695137314184933,False,False,e1ddfe3126474e6b92248aff0a5cc84e41f311882c2192875aed8f828e050e90,verified_existing,2026-08-01,11ad09ff644382dbc2cfeccf6d6d7b3a55178d0f54719444e1de1fdf0fbd7b77,
focus_jamendo_1797025__300s,focus_jamendo_1797025,focus,discovery,300.0,focus_music/focus_jamendo_1797025.mp3,features/audio/300s/focus/discovery/focus_jamendo_1797025__300s.wav,246.073,0.0,246.073,246.01496598639457,22050,1,float32,-15.0,-16.811049766650868,-14.983274760044672,1.2636966705322266,0.8603680729866028,True,0.0,0.0011331648425791253,True,False,26f3db721500a8f72d85291d716876ef962d7856aca534737ee87785b4a0999c,verified_existing,2026-08-01,11ad09ff644382dbc2cfeccf6d6d7b3a55178d0f54719444e1de1fdf0fbd7b77,
focus_jamendo_1798108__180s,focus_jamendo_1798108,focus,holdout,180.0,focus_music/focus_jamendo_1798108.mp3,features/audio/180s/focus/holdout/focus_jamendo_1798108__180s.wav,645.747,232.87349999999998,180.0,180.0,22050,1,float32,-15.0,-17.456153858736524,-15.048065501512243,0.9931719303131104,0.8595582842826843,True,0.0,0.0001146384479717813,False,False,0937625f67d52d20837bd115ad02b99cd4771f46922f495a663e8c8f4374f17e,verified_existing,2026-08-01,11ad09ff644382dbc2cfeccf6d6d7b3a55178d0f54719444e1de1fdf0fbd7b77,
focus_jamendo_1798108__300s,focus_jamendo_1798108,focus,holdout,300.0,focus_music/focus_jamendo_1798108.mp3,features/audio/300s/focus/holdout/focus_jamendo_1798108__300s.wav,645.747,172.87349999999998,300.0,300.0,22050,1,float32,-15.0,-17.214016300964833,-15.00046445399245,0.9931719303131104,0.872205376625061,True,0.351305722737548,0.0002705971277399849,False,False,8c563feb430d6ac6f6fcd934b951c61d8aece784bf9b85b59992f58a60166802,verified_existing,2026-08-01,11ad09ff644382dbc2cfeccf6d6d7b3a55178d0f54719444e1de1fdf0fbd7b77,
focus_jamendo_1798830__180s,focus_jamendo_1798830,focus,discovery,180.0,focus_music/focus_jamendo_1798830.mp3,features/audio/180s/focus/discovery/focus_jamendo_1798830__180s.wav,891.063,355.5315,180.0,180.0,22050,1,float32,-15.0,-15.596988852532562,-15.021225032949546,1.1012678146362305,0.8593996167182922,True,0.0,0.0004852607709750567,False,False,97d79239b2103f13d41033c6d16893a49069781648b75cab50ad88368db59f62,verified_existing,2026-08-01,11ad09ff644382dbc2cfeccf6d6d7b3a55178d0f54719444e1de1fdf0fbd7b77,
focus_jamendo_1798830__300s,focus_jamendo_1798830,focus,discovery,300.0,focus_music/focus_jamendo_1798830.mp3,features/audio/300s/focus/discovery/focus_jamendo_1798830__300s.wav,891.063,295.5315,300.0,300.0,22050,1,float32,-15.0,-15.432138848194827,-15.018449664859409,1.1012678146362305,0.8593958020210266,True,0.0,0.0003904761904761905,False,False,51595bd87531079640d30bc0128a3ef47139d412777d7c10971b790cf93752bd,verified_existing,2026-08-01,11ad09ff644382dbc2cfeccf6d6d7b3a55178d0f54719444e1de1fdf0fbd7b77,
focus_jamendo_1809441__180s,focus_jamendo_1809441,focus,validation,180.0,focus_music/focus_jamendo_1809441.mp3,features/audio/180s/focus/validation/focus_jamendo_1809441__180s.wav,367.073,93.53649999999999,180.0,180.0,22050,1,float32,-15.0,-16.95102654743602,-14.987152774706159,1.2520039081573486,0.8631349205970764,True,0.0,0.0012040816326530613,False,False,6c8549b7fb785b06d42a57f2964c86ef76884e30d391219f523823c94c90e326,verified_existing,2026-08-01,11ad09ff644382dbc2cfeccf6d6d7b3a55178d0f54719444e1de1fdf0fbd7b77,
focus_jamendo_1809441__300s,focus_jamendo_1809441,focus,validation,300.0,focus_music/focus_jamendo_1809441.mp3,features/audio/300s/focus/validation/focus_jamendo_1809441__300s.wav,367.073,33.53649999999999,300.0,300.0,22050,1,float32,-15.0,-15.809719792562824,-15.048805106147784,1.3886560201644897,0.8631347417831421,True,0.0,0.0010678760393046107,False,False,381c1801bcfd195a27151ccc7f8bbe28408eeabb3b9690a1b948bf0f37fc19ec,verified_existing,2026-08-01,11ad09ff644382dbc2cfeccf6d6d7b3a55178d0f54719444e1de1fdf0fbd7b77,
focus_jamendo_1809751__180s,focus_jamendo_1809751,focus,validation,180.0,focus_music/focus_jamendo_1809751.mp3,features/audio/180s/focus/validation/focus_jamendo_1809751__180s.wav,346.0,83.0,180.0,180.0,22050,1,float32,-15.0,-21.885763850491028,-14.99937722172376,0.9835687875747681,0.846132755279541,True,-0.28148189302055115,0.0004905517762660619,False,False,846207a6d38ea48ae49f32fd0ae71b9f08749ff531d52b23f2745f675fd80df2,verified_existing,2026-08-01,11ad09ff644382dbc2cfeccf6d6d7b3a55178d0f54719444e1de1fdf0fbd7b77,
focus_jamendo_1809751__300s,focus_jamendo_1809751,focus,validation,300.0,focus_music/focus_jamendo_1809751.mp3,features/audio/300s/focus/validation/focus_jamendo_1809751__300s.wav,346.0,23.0,300.0,300.0,22050,1,float32,-15.0,-23.393142291111285,-14.999327367569865,0.9835687875747681,0.8511189818382263,True,-0.23634248174453454,0.0006063492063492063,False,False,f9b1dc23ff3df64f212702c2f077d3cabf9273ee2e7364942fc23221c2e9780e,verified_existing,2026-08-01,11ad09ff644382dbc2cfeccf6d6d7b3a55178d0f54719444e1de1fdf0fbd7b77,
focus_jamendo_1810290__180s,focus_jamendo_1810290,focus,validation,180.0,focus_music/focus_jamendo_1810290.mp3,features/audio/180s/focus/validation/focus_jamendo_1810290__180s.wav,137.064,0.0,137.064,137.0,22050,1,float32,-15.0,-23.811103847476907,-15.16207239017518,0.43121981620788574,0.8595588803291321,True,0.0,0.0008947812701723025,True,False,93e985edb147ee115de9b3cf2ebf0edc5f73de21d080131f20588e64019bdc94,verified_existing,2026-08-01,11ad09ff644382dbc2cfeccf6d6d7b3a55178d0f54719444e1de1fdf0fbd7b77,
focus_jamendo_1810290__300s,focus_jamendo_1810290,focus,validation,300.0,focus_music/focus_jamendo_1810290.mp3,features/audio/300s/focus/validation/focus_jamendo_1810290__300s.wav,137.064,0.0,137.064,137.0,22050,1,float32,-15.0,-23.811103847476907,-15.16207239017518,0.43121981620788574,0.8595588803291321,True,0.0,0.0008947812701723025,True,False,8d98c8568caaf78a96dbf2c33370ba96b79309ecce18a7a06eb93e8d9c379056,verified_existing,2026-08-01,11ad09ff644382dbc2cfeccf6d6d7b3a55178d0f54719444e1de1fdf0fbd7b77,
focus_jamendo_1811125__180s,focus_jamendo_1811125,focus,holdout,180.0,focus_music/focus_jamendo_1811125.mp3,features/audio/180s/focus/holdout/focus_jamendo_1811125__180s.wav,196.075,8.037499999999994,180.0,180.0,22050,1,float32,-15.0,-16.883757390923105,-14.9972058133286,1.1671485900878906,0.8369196057319641,True,-0.42348677462836193,0.0015323759133282944,False,False,bb76e2c445b374099f3fd518c0929c9b40d63a49ed9992a98eba43a73e07e371,verified_existing,2026-08-01,11ad09ff644382dbc2cfeccf6d6d7b3a55178d0f54719444e1de1fdf0fbd7b77,
focus_jamendo_1811125__300s,focus_jamendo_1811125,focus,holdout,300.0,focus_music/focus_jamendo_1811125.mp3,features/audio/300s/focus/holdout/focus_jamendo_1811125__300s.wav,196.075,0.0,196.075,196.0,22050,1,float32,-15.0,-16.910180749520453,-14.996879399057091,1.1671485900878906,0.8346338272094727,True,-0.45917842372106144,0.0014766995233467537,True,False,b0baff8006244fb312d9727baf574d88b91a5fdfcc6f494633b4ca7c2db106ab,verified_existing,2026-08-01,11ad09ff644382dbc2cfeccf6d6d7b3a55178d0f54719444e1de1fdf0fbd7b77,
focus_jamendo_1816033__180s,focus_jamendo_1816033,focus,validation,180.0,focus_music/focus_jamendo_1816033.mp3,features/audio/180s/focus/validation/focus_jamendo_1816033__180s.wav,192.0,6.0,180.0,180.0,22050,1,float32,-15.0,-20.89370184600566,-15.001416907463184,1.231268286705017,0.8697126507759094,True,0.27308487717698604,0.0015351473922902495,False,False,0263c24c25134f1695b6a584654e52e48cd2fd5d8214d07e1d6c9c51ee11e834,verified_existing,2026-08-01,11ad09ff644382dbc2cfeccf6d6d7b3a55178d0f54719444e1de1fdf0fbd7b77,
focus_jamendo_1816033__300s,focus_jamendo_1816033,focus,validation,300.0,focus_music/focus_jamendo_1816033.mp3,features/audio/300s/focus/validation/focus_jamendo_1816033__300s.wav,192.0,0.0,192.0,192.0,22050,1,float32,-15.0,-20.776046430366264,-15.001669928569457,1.3525422811508179,0.8712921738624573,True,0.32501828860323734,0.0015353363567649281,True,False,e424dc814840e9f70cdba21d46870eb971df522fa5f92941373a7b233d9b736c,verified_existing,2026-08-01,11ad09ff644382dbc2cfeccf6d6d7b3a55178d0f54719444e1de1fdf0fbd7b77,
focus_jamendo_1823875__180s,focus_jamendo_1823875,focus,discovery,180.0,focus_music/focus_jamendo_1823875.mp3,features/audio/180s/focus/discovery/focus_jamendo_1823875__180s.wav,776.0,298.0,180.0,180.0,22050,1,float32,-15.0,-21.147158723137775,-15.009118174156713,0.4819272458553314,0.8595601320266724,True,0.0,0.00015041572184429328,False,False,a797a256e765352fa712eaa7adead8700069a179919d38635443732c70fe2f0e,verified_existing,2026-08-01,11ad09ff644382dbc2cfeccf6d6d7b3a55178d0f54719444e1de1fdf0fbd7b77,
focus_jamendo_1823875__300s,focus_jamendo_1823875,focus,discovery,300.0,focus_music/focus_jamendo_1823875.mp3,features/audio/300s/focus/discovery/focus_jamendo_1823875__300s.wav,776.0,238.0,300.0,300.0,22050,1,float32,-15.0,-20.898738116634338,-15.01275504964996,0.4934372901916504,0.8597893714904785,True,0.0,0.00011473922902494331,False,False,e739654cdca2e20661f28d4571a9859affb5ea67dc3fdec5a9a6ca1d7bfd0258,verified_existing,2026-08-01,11ad09ff644382dbc2cfeccf6d6d7b3a55178d0f54719444e1de1fdf0fbd7b77,
focus_jamendo_1823902__180s,focus_jamendo_1823902,focus,discovery,180.0,focus_music/focus_jamendo_1823902.mp3,features/audio/180s/focus/discovery/focus_jamendo_1823902__180s.wav,926.459,373.2295,180.0,180.0,22050,1,float32,-15.0,-17.868341837982303,-15.0037324611194,0.7484242916107178,0.8593888282775879,True,0.0,0.0002998236331569665,False,False,b401d651477579923bda90cf00f689f2495fff876cef7411fd8c351d5dea2a9d,verified_existing,2026-08-01,11ad09ff644382dbc2cfeccf6d6d7b3a55178d0f54719444e1de1fdf0fbd7b77,
focus_jamendo_1823902__300s,focus_jamendo_1823902,focus,discovery,300.0,focus_music/focus_jamendo_1823902.mp3,features/audio/300s/focus/discovery/focus_jamendo_1823902__300s.wav,926.459,313.2295,300.0,300.0,22050,1,float32,-15.0,-17.89184408659254,-15.001448493464954,0.8373429179191589,0.8593894243240356,True,0.0,0.0003221466364323507,False,False,e4eaafd5b62e66ac3bdee5bebfa568f3db52c8a6bc7e3a741bb21d34b6826770,verified_existing,2026-08-01,11ad09ff644382dbc2cfeccf6d6d7b3a55178d0f54719444e1de1fdf0fbd7b77,
focus_jamendo_1824127__180s,focus_jamendo_1824127,focus,discovery,180.0,focus_music/focus_jamendo_1824127.mp3,features/audio/180s/focus/discovery/focus_jamendo_1824127__180s.wav,392.0,106.0,180.0,180.0,22050,1,float32,-15.0,-22.80005944533996,-15.061942509875115,0.6169533133506775,0.8599358797073364,True,0.0,0.0005726883345930965,False,False,c547162cbe9be1c62384fda490ffe8b9ce5a0ab291bc0691222ab03c46c768c6,verified_existing,2026-08-01,11ad09ff644382dbc2cfeccf6d6d7b3a55178d0f54719444e1de1fdf0fbd7b77,
focus_jamendo_1824127__300s,focus_jamendo_1824127,focus,discovery,300.0,focus_music/focus_jamendo_1824127.mp3,features/audio/300s/focus/discovery/focus_jamendo_1824127__300s.wav,392.0,46.0,300.0,300.0,22050,1,float32,-15.0,-22.675106864630212,-15.018095943734352,0.643846869468689,0.860289990901947,True,0.0,0.0006269085411942554,False,False,4a408ac404c9a58ca27277f226aede8cfd62ca0d7ec3df7d030485ef1aaaaed7,verified_existing,2026-08-01,11ad09ff644382dbc2cfeccf6d6d7b3a55178d0f54719444e1de1fdf0fbd7b77,
focus_jamendo_1826551__180s,focus_jamendo_1826551,focus,discovery,180.0,focus_music/focus_jamendo_1826551.mp3,features/audio/180s/focus/discovery/focus_jamendo_1826551__180s.wav,201.064,10.531999999999996,180.0,180.0,22050,1,float32,-15.0,-15.12154824677039,-15.013724189280392,1.0809402465820312,0.8593881726264954,True,0.0,0.0003557571176618796,False,False,5522d7416fc93e048c89a538e4b9a8dd34f731863e1e18d58975600f3ff3eddf,verified_existing,2026-08-01,11ad09ff644382dbc2cfeccf6d6d7b3a55178d0f54719444e1de1fdf0fbd7b77,
focus_jamendo_1826551__300s,focus_jamendo_1826551,focus,discovery,300.0,focus_music/focus_jamendo_1826551.mp3,features/audio/300s/focus/discovery/focus_jamendo_1826551__300s.wav,201.064,0.0,201.064,201.0,22050,1,float32,-15.0,-15.125412517007607,-15.017400854878145,1.0812708139419556,0.8593845963478088,True,0.0,0.0003481458918559132,True,False,527b8f639260ef4067dd98e11224ead507a79ff4ba3497a6a1fda301a61e2d68,verified_existing,2026-08-01,11ad09ff644382dbc2cfeccf6d6d7b3a55178d0f54719444e1de1fdf0fbd7b77,
focus_jamendo_1826554__180s,focus_jamendo_1826554,focus,discovery,180.0,focus_music/focus_jamendo_1826554.mp3,features/audio/180s/focus/discovery/focus_jamendo_1826554__180s.wav,371.174,95.58699999999999,180.0,180.0,22050,1,float32,-15.0,-16.087961599628,-15.00932028916054,1.3547468185424805,0.8762708306312561,True,0.48321375939065625,0.007529352481733434,False,False,451ac16a7920822b9ce83144355a2411a2ae16f13cdedda0c911a5f9ae0abc7f,verified_existing,2026-08-01,11ad09ff644382dbc2cfeccf6d6d7b3a55178d0f54719444e1de1fdf0fbd7b77,
focus_jamendo_1826554__300s,focus_jamendo_1826554,focus,discovery,300.0,focus_music/focus_jamendo_1826554.mp3,features/audio/300s/focus/discovery/focus_jamendo_1826554__300s.wav,371.174,35.58699999999999,300.0,300.0,22050,1,float32,-15.0,-16.084100110994225,-15.008819773315851,1.3547468185424805,0.8757014274597168,True,0.458907823297384,0.0074811791383219955,False,False,1efd977fe716ad74f0a2b18f1f3a57e26c6f54bc98f26f908ca78d6994c8fe4c,verified_existing,2026-08-01,11ad09ff644382dbc2cfeccf6d6d7b3a55178d0f54719444e1de1fdf0fbd7b77,
focus_jamendo_1828706__180s,focus_jamendo_1828706,focus,validation,180.0,focus_music/focus_jamendo_1828706.mp3,features/audio/180s/focus/validation/focus_jamendo_1828706__180s.wav,166.0,0.0,166.0,166.0,22050,1,float32,-15.0,-10.926875936649225,-15.004455714300464,1.355839490890503,0.836095929145813,True,0.0,5.2181515176351666e-05,True,False,383ef1337b6f6a5ae3a99b32ad903ea785582a9071de5d138ca1f0f4abfdf837,verified_existing,2026-08-01,11ad09ff644382dbc2cfeccf6d6d7b3a55178d0f54719444e1de1fdf0fbd7b77,
focus_jamendo_1828706__300s,focus_jamendo_1828706,focus,validation,300.0,focus_music/focus_jamendo_1828706.mp3,features/audio/300s/focus/validation/focus_jamendo_1828706__300s.wav,166.0,0.0,166.0,166.0,22050,1,float32,-15.0,-10.926875936649225,-15.004455714300464,1.355839490890503,0.836095929145813,True,0.0,5.2181515176351666e-05,True,False,7e08febb662bc0ce3bf2ae3c17adf6973519bd7ed97a91ebe047c033f551e6e2,verified_existing,2026-08-01,11ad09ff644382dbc2cfeccf6d6d7b3a55178d0f54719444e1de1fdf0fbd7b77,
focus_jamendo_1832577__180s,focus_jamendo_1832577,focus,holdout,180.0,focus_music/focus_jamendo_1832577.mp3,features/audio/180s/focus/holdout/focus_jamendo_1832577__180s.wav,306.286,63.143,180.0,180.0,22050,1,float32,-15.0,-20.36654948381615,-15.002061608605237,1.2296274900436401,0.8718072175979614,True,0.3345243958777129,0.0016870748299319728,False,False,5f5d16d2d211b5fa8d027f061d24d1ee1b8b3cb36531f2596d37c3328f6e91b8,verified_existing,2026-08-01,11ad09ff644382dbc2cfeccf6d6d7b3a55178d0f54719444e1de1fdf0fbd7b77,
focus_jamendo_1832577__300s,focus_jamendo_1832577,focus,holdout,300.0,focus_music/focus_jamendo_1832577.mp3,features/audio/300s/focus/holdout/focus_jamendo_1832577__300s.wav,306.286,3.1430000000000007,300.0,300.0,22050,1,float32,-15.0,-21.27483655052221,-15.001604005494675,1.2296274900436401,0.8695992231369019,True,0.2613050213858532,0.001583673469387755,False,False,6addbc7556b5da2da6d8b9985b475f5168cc0eba56152d6ab4c12e749695024f,verified_existing,2026-08-01,11ad09ff644382dbc2cfeccf6d6d7b3a55178d0f54719444e1de1fdf0fbd7b77,
focus_jamendo_1833203__180s,focus_jamendo_1833203,focus,discovery,180.0,focus_music/focus_jamendo_1833203.mp3,features/audio/180s/focus/discovery/focus_jamendo_1833203__180s.wav,452.0,136.0,180.0,180.0,22050,1,float32,-15.0,-18.950491086073338,-15.016578419582649,0.7559996843338013,0.8594116568565369,True,0.0,0.0003345930964978584,False,False,d112607d122fe3b89b578f242989d39e2cd1005890ff9fd2114cf45f488ab611,verified_existing,2026-08-01,11ad09ff644382dbc2cfeccf6d6d7b3a55178d0f54719444e1de1fdf0fbd7b77,
focus_jamendo_1833203__300s,focus_jamendo_1833203,focus,discovery,300.0,focus_music/focus_jamendo_1833203.mp3,features/audio/300s/focus/discovery/focus_jamendo_1833203__300s.wav,452.0,76.0,300.0,300.0,22050,1,float32,-15.0,-19.092928968437516,-15.016149086438954,0.7559996843338013,0.8594116568565369,True,0.0,0.00033529856386999246,False,False,96d34174ef8b439fef3584e011d83b4620b5bf5f06bc30661fe4e48aa6f64bf7,verified_existing,2026-08-01,11ad09ff644382dbc2cfeccf6d6d7b3a55178d0f54719444e1de1fdf0fbd7b77,
focus_jamendo_1835124__180s,focus_jamendo_1835124,focus,discovery,180.0,focus_music/focus_jamendo_1835124.mp3,features/audio/180s/focus/discovery/focus_jamendo_1835124__180s.wav,196.075,8.037499999999994,180.0,180.0,22050,1,float32,-15.0,-16.61719083892911,-15.002963639719349,1.2580666542053223,0.8732340931892395,True,0.38925159080318217,0.002053917863441673,False,False,38134cf0f290e7130c19b2b9daf8b164a16331a7958e7853e06ab3dade4faeba,verified_existing,2026-08-01,11ad09ff644382dbc2cfeccf6d6d7b3a55178d0f54719444e1de1fdf0fbd7b77,
focus_jamendo_1835124__300s,focus_jamendo_1835124,focus,discovery,300.0,focus_music/focus_jamendo_1835124.mp3,features/audio/300s/focus/discovery/focus_jamendo_1835124__300s.wav,196.075,0.0,196.075,196.0,22050,1,float32,-15.0,-16.599958852765464,-15.002284831547865,1.2580666542053223,0.8712297677993774,True,0.31840815014050783,0.0018001758526539867,True,False,f508e3ccc510e48648d2886e53e530a1d8a1c5e73085abe90a592cd2bcf074c3,verified_existing,2026-08-01,11ad09ff644382dbc2cfeccf6d6d7b3a55178d0f54719444e1de1fdf0fbd7b77,
focus_jamendo_1838283__180s,focus_jamendo_1838283,focus,discovery,180.0,focus_music/focus_jamendo_1838283.mp3,features/audio/180s/focus/discovery/focus_jamendo_1838283__180s.wav,349.309,84.65450000000001,180.0,180.0,22050,1,float32,-15.0,-25.70005090253824,-15.018205545505174,0.3941428065299988,0.8594207167625427,True,0.0,0.000564121945074326,False,False,470f88efe3251ea0502164aaf5e502de58cdfd07239acb4b2585918deeb5311f,verified_existing,2026-08-01,11ad09ff644382dbc2cfeccf6d6d7b3a55178d0f54719444e1de1fdf0fbd7b77,
focus_jamendo_1838283__300s,focus_jamendo_1838283,focus,discovery,300.0,focus_music/focus_jamendo_1838283.mp3,features/audio/300s/focus/discovery/focus_jamendo_1838283__300s.wav,349.309,24.654500000000013,300.0,300.0,22050,1,float32,-15.0,-25.732332524641695,-15.01706603243217,0.3941428065299988,0.8595598936080933,True,0.0,0.0006813303099017385,False,False,8054ef7bfa142976a0ee9739928896ff8f01ae4809a88a91d5e229d7df1e5862,verified_existing,2026-08-01,11ad09ff644382dbc2cfeccf6d6d7b3a55178d0f54719444e1de1fdf0fbd7b77,
focus_jamendo_1838287__180s,focus_jamendo_1838287,focus,discovery,180.0,focus_music/focus_jamendo_1838287.mp3,features/audio/180s/focus/discovery/focus_jamendo_1838287__180s.wav,368.614,94.30699999999999,180.0,180.0,22050,1,float32,-15.0,-21.585319751403432,-15.00906145256395,0.5120634436607361,0.8595833778381348,True,0.0,0.00018392542202066013,False,False,71d9e585871f4fb5a73c0dc1a2cc02927f35ee876921042e1599a8f9f5cfbdc7,verified_existing,2026-08-01,11ad09ff644382dbc2cfeccf6d6d7b3a55178d0f54719444e1de1fdf0fbd7b77,
focus_jamendo_1838287__300s,focus_jamendo_1838287,focus,discovery,300.0,focus_music/focus_jamendo_1838287.mp3,features/audio/300s/focus/discovery/focus_jamendo_1838287__300s.wav,368.614,34.30699999999999,300.0,300.0,22050,1,float32,-15.0,-21.527861706850043,-15.008867845681914,0.5254654884338379,0.8595820069313049,True,0.0,0.00019304610733182162,False,False,3bf10bd99f3beba77c6482c87875f3e9e5d06267145a582f1f70995d99b50ef4,verified_existing,2026-08-01,11ad09ff644382dbc2cfeccf6d6d7b3a55178d0f54719444e1de1fdf0fbd7b77,
focus_jamendo_1842470__180s,focus_jamendo_1842470,focus,discovery,180.0,focus_music/focus_jamendo_1842470.mp3,features/audio/180s/focus/discovery/focus_jamendo_1842470__180s.wav,404.062,112.031,180.0,180.0,22050,1,float32,-15.0,-15.530502215344589,-15.051109366037881,1.2497798204421997,0.8622073531150818,True,0.0,0.00025850340136054423,False,False,e82f99ca23372ba4ce775cb8b0378488b019671f0e7f5771eb50268c79a175d3,verified_existing,2026-08-01,11ad09ff644382dbc2cfeccf6d6d7b3a55178d0f54719444e1de1fdf0fbd7b77,
focus_jamendo_1842470__300s,focus_jamendo_1842470,focus,discovery,300.0,focus_music/focus_jamendo_1842470.mp3,features/audio/300s/focus/discovery/focus_jamendo_1842470__300s.wav,404.062,52.031000000000006,300.0,300.0,22050,1,float32,-15.0,-15.774557296258996,-15.099686672333918,1.2497798204421997,0.8636988997459412,True,0.0,0.00031730914588057443,False,False,6ce2ec093ef834cd41c6bcf2a7c22893b5bca20222c12858bd0b5a639053f5b9,verified_existing,2026-08-01,11ad09ff644382dbc2cfeccf6d6d7b3a55178d0f54719444e1de1fdf0fbd7b77,
focus_jamendo_1842472__180s,focus_jamendo_1842472,focus,discovery,180.0,focus_music/focus_jamendo_1842472.mp3,features/audio/180s/focus/discovery/focus_jamendo_1842472__180s.wav,468.454,144.227,180.0,180.0,22050,1,float32,-15.0,-16.91655336927595,-15.015630664091583,0.7543444037437439,0.8587892651557922,True,0.0,2.1164021164021164e-05,False,False,2235037c471015c3452a0e1c4cf63169c7246be3623fbd033da1d4086a1b4724,verified_existing,2026-08-01,11ad09ff644382dbc2cfeccf6d6d7b3a55178d0f54719444e1de1fdf0fbd7b77,
focus_jamendo_1842472__300s,focus_jamendo_1842472,focus,discovery,300.0,focus_music/focus_jamendo_1842472.mp3,features/audio/300s/focus/discovery/focus_jamendo_1842472__300s.wav,468.454,84.227,300.0,300.0,22050,1,float32,-15.0,-17.100716281610822,-15.009686605484195,0.7543444037437439,0.8596603274345398,True,0.0,3.5827664399092974e-05,False,False,c1e95be95112b721f43b71a65a36ff4dfb5b2304a75c5b578d6d74703194010f,verified_existing,2026-08-01,11ad09ff644382dbc2cfeccf6d6d7b3a55178d0f54719444e1de1fdf0fbd7b77,
focus_jamendo_1844721__180s,focus_jamendo_1844721,focus,discovery,180.0,focus_music/focus_jamendo_1844721.mp3,features/audio/180s/focus/discovery/focus_jamendo_1844721__180s.wav,200.0,10.0,180.0,180.0,22050,1,float32,-15.0,-11.578203028891517,-15.008265335039429,1.3009980916976929,0.8526701331138611,True,0.0,0.0002199546485260771,False,False,605bdb72af5b6f9a66809d5e4991e940d3b5b0247acc40a0897447ab1b2a973f,verified_existing,2026-08-01,11ad09ff644382dbc2cfeccf6d6d7b3a55178d0f54719444e1de1fdf0fbd7b77,
focus_jamendo_1844721__300s,focus_jamendo_1844721,focus,discovery,300.0,focus_music/focus_jamendo_1844721.mp3,features/audio/300s/focus/discovery/focus_jamendo_1844721__300s.wav,200.0,0.0,200.0,200.0,22050,1,float32,-15.0,-11.568700581011447,-15.008756978733292,1.3009980916976929,0.8521693348884583,True,0.0,0.00019501133786848073,True,False,0481de1f66546b23c14904730e385a5ebef944990f2917f83605a315792f00a3,verified_existing,2026-08-01,11ad09ff644382dbc2cfeccf6d6d7b3a55178d0f54719444e1de1fdf0fbd7b77,
focus_jamendo_1847333__180s,focus_jamendo_1847333,focus,discovery,180.0,focus_music/focus_jamendo_1847333.mp3,features/audio/180s/focus/discovery/focus_jamendo_1847333__180s.wav,367.229,93.61449999999999,180.0,180.0,22050,1,float32,-15.0,-14.75136525738321,-14.89322913603551,1.2961492538452148,0.8595463633537292,True,0.0,0.0009221466364323507,False,False,cafbb0010951f25d57d7543dc6579c5e47603c3f91a7ee3a2fec235e392541b4,verified_existing,2026-08-01,11ad09ff644382dbc2cfeccf6d6d7b3a55178d0f54719444e1de1fdf0fbd7b77,
focus_jamendo_1847333__300s,focus_jamendo_1847333,focus,discovery,300.0,focus_music/focus_jamendo_1847333.mp3,features/audio/300s/focus/discovery/focus_jamendo_1847333__300s.wav,367.229,33.61449999999999,300.0,300.0,22050,1,float32,-15.0,-15.636428619085583,-14.94940367394309,1.2961492538452148,0.8606175780296326,True,0.0,0.0010643990929705216,False,False,331e33b9a9c8eb33ed75bfe59028866344d8c1412123c9e4eac3df6cd433015e,verified_existing,2026-08-01,11ad09ff644382dbc2cfeccf6d6d7b3a55178d0f54719444e1de1fdf0fbd7b77,
focus_jamendo_1847530__180s,focus_jamendo_1847530,focus,discovery,180.0,focus_music/focus_jamendo_1847530.mp3,features/audio/180s/focus/discovery/focus_jamendo_1847530__180s.wav,357.0,88.5,180.0,180.0,22050,1,float32,-15.0,-17.40008102094761,-15.009772799283434,0.8162227869033813,0.859418511390686,True,0.0,0.00042050894431846814,False,False,3f304d0c8abb9760cc0e0ad89b3ce4cf8276b294706bb451b7e90886fb6ead78,verified_existing,2026-08-01,11ad09ff644382dbc2cfeccf6d6d7b3a55178d0f54719444e1de1fdf0fbd7b77,
focus_jamendo_1847530__300s,focus_jamendo_1847530,focus,discovery,300.0,focus_music/focus_jamendo_1847530.mp3,features/audio/300s/focus/discovery/focus_jamendo_1847530__300s.wav,357.0,28.5,300.0,300.0,22050,1,float32,-15.0,-17.364668854222895,-15.012628831652629,0.8162227869033813,0.859394371509552,True,0.0,0.0003980347694633409,False,False,33f793c71b648270a5e5ac17f222f15d450c5c787a71e2d41214fb8bcb517bc9,verified_existing,2026-08-01,11ad09ff644382dbc2cfeccf6d6d7b3a55178d0f54719444e1de1fdf0fbd7b77,
focus_jamendo_1850576__180s,focus_jamendo_1850576,focus,discovery,180.0,focus_music/focus_jamendo_1850576.mp3,features/audio/180s/focus/discovery/focus_jamendo_1850576__180s.wav,120.059,0.0,120.059,120.00462585034013,22050,1,float32,-15.0,-9.762821179104362,-15.012823182629319,1.5109124183654785,0.8202318549156189,True,0.0,9.069945149506708e-06,True,False,dd602feefc3e94553d70c99460c9fc89fef3af68a1496e8593ef5f01b267d636,verified_existing,2026-08-01,11ad09ff644382dbc2cfeccf6d6d7b3a55178d0f54719444e1de1fdf0fbd7b77,
focus_jamendo_1850576__300s,focus_jamendo_1850576,focus,discovery,300.0,focus_music/focus_jamendo_1850576.mp3,features/audio/300s/focus/discovery/focus_jamendo_1850576__300s.wav,120.059,0.0,120.059,120.00462585034013,22050,1,float32,-15.0,-9.762821179104362,-15.012823182629319,1.5109124183654785,0.8202318549156189,True,0.0,9.069945149506708e-06,True,False,d5f08975687ab26c5a34bd5ff0adccf00032e43ec3fcc64c60050b60299a0fd8,verified_existing,2026-08-01,11ad09ff644382dbc2cfeccf6d6d7b3a55178d0f54719444e1de1fdf0fbd7b77,
focus_jamendo_1856292__180s,focus_jamendo_1856292,focus,discovery,180.0,focus_music/focus_jamendo_1856292.mp3,features/audio/180s/focus/discovery/focus_jamendo_1856292__180s.wav,507.0,163.5,180.0,180.0,22050,1,float32,-15.0,-19.41198374954219,-15.012574606625591,0.665175199508667,0.8594699501991272,True,0.0,0.000181657848324515,False,False,eff17564c64de977b33d7989798f35ad9146adefa9f4dbfb21d23c9cb27f32ec,verified_existing,2026-08-01,11ad09ff644382dbc2cfeccf6d6d7b3a55178d0f54719444e1de1fdf0fbd7b77,
focus_jamendo_1856292__300s,focus_jamendo_1856292,focus,discovery,300.0,focus_music/focus_jamendo_1856292.mp3,features/audio/300s/focus/discovery/focus_jamendo_1856292__300s.wav,507.0,103.5,300.0,300.0,22050,1,float32,-15.0,-19.519052907136228,-15.012331617381447,0.665175199508667,0.8594699501991272,True,0.0,0.0002074074074074074,False,False,ef7fa8f10e5d30eab2b9d760b11d523a14c481a01232a7af0b51ada7d20b3cfa,verified_existing,2026-08-01,11ad09ff644382dbc2cfeccf6d6d7b3a55178d0f54719444e1de1fdf0fbd7b77,
focus_jamendo_1858750__180s,focus_jamendo_1858750,focus,validation,180.0,focus_music/focus_jamendo_1858750.mp3,features/audio/180s/focus/validation/focus_jamendo_1858750__180s.wav,124.5,0.0,124.5,124.44444444444444,22050,1,float32,-15.0,-18.8707470981579,-15.002279925356547,1.27858304977417,0.8715707063674927,True,0.33118021761829297,0.0018735422740524782,True,False,07d875bbaf0b7100c1edfe044478c97b44df5f412454e86df81312936c27e903,verified_existing,2026-08-01,11ad09ff644382dbc2cfeccf6d6d7b3a55178d0f54719444e1de1fdf0fbd7b77,
focus_jamendo_1858750__300s,focus_jamendo_1858750,focus,validation,300.0,focus_music/focus_jamendo_1858750.mp3,features/audio/300s/focus/validation/focus_jamendo_1858750__300s.wav,124.5,0.0,124.5,124.44444444444444,22050,1,float32,-15.0,-18.8707470981579,-15.002279925356547,1.27858304977417,0.8715707063674927,True,0.33118021761829297,0.0018735422740524782,True,False,27fd23a1d5e5241c9b24558dadd1e618b2e67cb00f4530da15d808827f3b0a40,verified_existing,2026-08-01,11ad09ff644382dbc2cfeccf6d6d7b3a55178d0f54719444e1de1fdf0fbd7b77,
focus_jamendo_1864786__180s,focus_jamendo_1864786,focus,validation,180.0,focus_music/focus_jamendo_1864786.mp3,features/audio/180s/focus/validation/focus_jamendo_1864786__180s.wav,476.918,148.459,180.0,180.0,22050,1,float32,-15.0,-14.440680751670662,-14.961076837400679,1.1563880443572998,0.8594587445259094,True,0.0,0.00040665154950869235,False,False,d6f327e96f6b66819837bd82b3d9d425bfe3fe0a1a6e1e46227f33e4ee44f5b2,verified_existing,2026-08-01,11ad09ff644382dbc2cfeccf6d6d7b3a55178d0f54719444e1de1fdf0fbd7b77,
focus_jamendo_1864786__300s,focus_jamendo_1864786,focus,validation,300.0,focus_music/focus_jamendo_1864786.mp3,features/audio/300s/focus/validation/focus_jamendo_1864786__300s.wav,476.918,88.459,300.0,300.0,22050,1,float32,-15.0,-14.597984715056757,-14.934009851228215,1.176658272743225,0.8594587445259094,True,0.0,0.0004075585789871504,False,False,553e28a1c749169ff87cd8f7d5f5a9e837f0d8facaa9a784a1f08ae59a2044a0,verified_existing,2026-08-01,11ad09ff644382dbc2cfeccf6d6d7b3a55178d0f54719444e1de1fdf0fbd7b77,
focus_jamendo_1865466__180s,focus_jamendo_1865466,focus,holdout,180.0,focus_music/focus_jamendo_1865466.mp3,features/audio/180s/focus/holdout/focus_jamendo_1865466__180s.wav,286.0,53.0,180.0,180.0,22050,1,float32,-15.0,-20.55407421982036,-14.893347700820264,0.9601380825042725,0.8628020882606506,True,0.0,0.0009720332577475434,False,False,0e5d4f8209894610fbb21ea454097faca8cb2da9167a225eebb877a152b9578f,verified_existing,2026-08-01,11ad09ff644382dbc2cfeccf6d6d7b3a55178d0f54719444e1de1fdf0fbd7b77,
focus_jamendo_1865466__300s,focus_jamendo_1865466,focus,holdout,300.0,focus_music/focus_jamendo_1865466.mp3,features/audio/300s/focus/holdout/focus_jamendo_1865466__300s.wav,286.0,0.0,286.0,286.0,22050,1,float32,-15.0,-20.566500990907944,-14.866561745533778,1.111638069152832,0.8628042340278625,True,0.0,0.0010013795728081442,True,False,0614d13df419f084e5df37469303af75ad09e63f07281c0ff0b2072295255790,verified_existing,2026-08-01,11ad09ff644382dbc2cfeccf6d6d7b3a55178d0f54719444e1de1fdf0fbd7b77,
focus_jamendo_1866931__180s,focus_jamendo_1866931,focus,discovery,180.0,focus_music/focus_jamendo_1866931.mp3,features/audio/180s/focus/discovery/focus_jamendo_1866931__180s.wav,597.891,208.94549999999998,180.0,180.0,22050,1,float32,-15.0,-18.628079318798825,-14.991056379763071,0.6797742247581482,0.8593894839286804,True,0.0,0.0005767195767195767,False,False,6260af83571e216bdc8e3c75b21e59ac07a2e128cce8871757fea7bd531cdd95,verified_existing,2026-08-01,11ad09ff644382dbc2cfeccf6d6d7b3a55178d0f54719444e1de1fdf0fbd7b77,
focus_jamendo_1866931__300s,focus_jamendo_1866931,focus,discovery,300.0,focus_music/focus_jamendo_1866931.mp3,features/audio/300s/focus/discovery/focus_jamendo_1866931__300s.wav,597.891,148.94549999999998,300.0,300.0,22050,1,float32,-15.0,-18.665714727031858,-15.01680558907343,0.709757387638092,0.8593935370445251,True,0.0,0.0005575207860922147,False,False,28c25a402fcf75b9142620dec48f4c9ae3ffd5c636f21b9b0d7e2c053a9ace6d,verified_existing,2026-08-01,11ad09ff644382dbc2cfeccf6d6d7b3a55178d0f54719444e1de1fdf0fbd7b77,
focus_jamendo_1867616__180s,focus_jamendo_1867616,focus,validation,180.0,focus_music/focus_jamendo_1867616.mp3,features/audio/180s/focus/validation/focus_jamendo_1867616__180s.wav,160.0,0.0,160.0,160.0,22050,1,float32,-15.0,-17.886157444053346,-14.943236211025473,1.0141313076019287,0.8594048619270325,True,0.0,0.0004583333333333333,True,False,68bcadbac7299354112ddf5fa901beb69b664383670f5fd2acc3ecc4de221c24,verified_existing,2026-08-01,11ad09ff644382dbc2cfeccf6d6d7b3a55178d0f54719444e1de1fdf0fbd7b77,
focus_jamendo_1867616__300s,focus_jamendo_1867616,focus,validation,300.0,focus_music/focus_jamendo_1867616.mp3,features/audio/300s/focus/validation/focus_jamendo_1867616__300s.wav,160.0,0.0,160.0,160.0,22050,1,float32,-15.0,-17.886157444053346,-14.943236211025473,1.0141313076019287,0.8594048619270325,True,0.0,0.0004583333333333333,True,False,12280aab99548f92d7a98b8e7d5c2f2ffa00b2f2182166503b80f3b811ec7edf,verified_existing,2026-08-01,11ad09ff644382dbc2cfeccf6d6d7b3a55178d0f54719444e1de1fdf0fbd7b77,
focus_jamendo_1868247__180s,focus_jamendo_1868247,focus,validation,180.0,focus_music/focus_jamendo_1868247.mp3,features/audio/180s/focus/validation/focus_jamendo_1868247__180s.wav,144.065,0.0,144.065,144.0,22050,1,float32,-15.0,-15.651292315773018,-15.060120993322869,1.4076569080352783,0.8868767619132996,True,1.1710677444709,0.011155832703451751,True,False,c2ccfa5f0ab8f1df49806ced399168fc303475b8cd08694c492c885fbaced53f,verified_existing,2026-08-01,11ad09ff644382dbc2cfeccf6d6d7b3a55178d0f54719444e1de1fdf0fbd7b77,
focus_jamendo_1868247__300s,focus_jamendo_1868247,focus,validation,300.0,focus_music/focus_jamendo_1868247.mp3,features/audio/300s/focus/validation/focus_jamendo_1868247__300s.wav,144.065,0.0,144.065,144.0,22050,1,float32,-15.0,-15.651292315773018,-15.060120993322869,1.4076569080352783,0.8868767619132996,True,1.1710677444709,0.011155832703451751,True,False,0f694abff683495572ae301ec27723555cf8a3b8df4bfca6508f0c6f410b768b,verified_existing,2026-08-01,11ad09ff644382dbc2cfeccf6d6d7b3a55178d0f54719444e1de1fdf0fbd7b77,
focus_jamendo_1868257__180s,focus_jamendo_1868257,focus,validation,180.0,focus_music/focus_jamendo_1868257.mp3,features/audio/180s/focus/validation/focus_jamendo_1868257__180s.wav,141.401,0.0,141.401,141.33333333333334,22050,1,float32,-15.0,-18.110410576481833,-14.88224460439804,1.3974368572235107,0.8594959378242493,True,0.0,0.0013008599666281607,True,False,c143e0fa16436f80eda14904a3935ef45f9c0a667e2c97ba10deb99f746c6560,verified_existing,2026-08-01,11ad09ff644382dbc2cfeccf6d6d7b3a55178d0f54719444e1de1fdf0fbd7b77,
focus_jamendo_1868257__300s,focus_jamendo_1868257,focus,validation,300.0,focus_music/focus_jamendo_1868257.mp3,features/audio/300s/focus/validation/focus_jamendo_1868257__300s.wav,141.401,0.0,141.401,141.33333333333334,22050,1,float32,-15.0,-18.110410576481833,-14.88224460439804,1.3974368572235107,0.8594959378242493,True,0.0,0.0013008599666281607,True,False,c143e0fa16436f80eda14904a3935ef45f9c0a667e2c97ba10deb99f746c6560,verified_existing,2026-08-01,11ad09ff644382dbc2cfeccf6d6d7b3a55178d0f54719444e1de1fdf0fbd7b77,
focus_jamendo_1868402__180s,focus_jamendo_1868402,focus,validation,180.0,focus_music/focus_jamendo_1868402.mp3,features/audio/180s/focus/validation/focus_jamendo_1868402__180s.wav,180.062,0.03100000000000591,180.0,179.96902494331067,22050,1,float32,-15.0,-10.11467536093445,-15.004675364553282,1.3474483489990234,0.7673652768135071,True,0.0,8.315867910754105e-06,False,False,22f3b6645c380c9afb76fb46a50f39c4c77371c78f82def02169f96eb6f8871e,verified_existing,2026-08-01,11ad09ff644382dbc2cfeccf6d6d7b3a55178d0f54719444e1de1fdf0fbd7b77,
focus_jamendo_1868402__300s,focus_jamendo_1868402,focus,validation,300.0,focus_music/focus_jamendo_1868402.mp3,features/audio/300s/focus/validation/focus_jamendo_1868402__300s.wav,180.062,0.0,180.062,180.0,22050,1,float32,-15.0,-10.119178241566477,-15.009178244866776,1.347874641418457,0.7676067352294922,True,0.0,8.314436885865457e-06,True,False,3a91c8991860a128cedc949edbafc4ba6c97b1049bb22395c7093d19e342b690,verified_existing,2026-08-01,11ad09ff644382dbc2cfeccf6d6d7b3a55178d0f54719444e1de1fdf0fbd7b77,
focus_jamendo_1869522__180s,focus_jamendo_1869522,focus,discovery,180.0,focus_music/focus_jamendo_1869522.mp3,features/audio/180s/focus/discovery/focus_jamendo_1869522__180s.wav,219.0,19.5,180.0,180.0,22050,1,float32,-15.0,-15.449502527826095,-15.011177118679871,1.0172189474105835,0.8594008088111877,True,0.0,0.00024464600655076845,False,False,585b33e4ddd347b19733a71527ff6749215fd69caa0fbcace519baec9ac05c2c,verified_existing,2026-08-01,11ad09ff644382dbc2cfeccf6d6d7b3a55178d0f54719444e1de1fdf0fbd7b77,
focus_jamendo_1869522__300s,focus_jamendo_1869522,focus,discovery,300.0,focus_music/focus_jamendo_1869522.mp3,features/audio/300s/focus/discovery/focus_jamendo_1869522__300s.wav,219.0,0.0,219.0,219.0,22050,1,float32,-15.0,-15.553358705794059,-15.007228745525195,1.0172189474105835,0.8594008684158325,True,0.0,0.00026154754139098564,True,False,0794376bb0717dc97950af5c4d38a4b6a85f0f4fd49fc098f0bdbc97939fed30,verified_existing,2026-08-01,11ad09ff644382dbc2cfeccf6d6d7b3a55178d0f54719444e1de1fdf0fbd7b77,
focus_jamendo_1871445__180s,focus_jamendo_1871445,focus,discovery,180.0,focus_music/focus_jamendo_1871445.mp3,features/audio/180s/focus/discovery/focus_jamendo_1871445__180s.wav,192.052,6.025999999999996,180.0,180.0,22050,1,float32,-15.0,-25.609987333126238,-15.001822726308928,0.4425817131996155,0.8706430792808533,True,0.29521550624019355,0.0016044343663391282,False,False,91cc6718e224c0b1bee4bb2de823972f4ac382ab9f68438fb598432d96f280af,verified_existing,2026-08-01,11ad09ff644382dbc2cfeccf6d6d7b3a55178d0f54719444e1de1fdf0fbd7b77,
focus_jamendo_1871445__300s,focus_jamendo_1871445,focus,discovery,300.0,focus_music/focus_jamendo_1871445.mp3,features/audio/300s/focus/discovery/focus_jamendo_1871445__300s.wav,192.052,0.0,192.052,192.0,22050,1,float32,-15.0,-25.704735120661365,-15.183299811482849,0.441676527261734,0.8595409393310547,True,0.0,0.0011552815570672714,True,False,17356358d915a7d03630e37d5737c6fdd23de9ce0cae47013c8dd13511d3a312,verified_existing,2026-08-01,11ad09ff644382dbc2cfeccf6d6d7b3a55178d0f54719444e1de1fdf0fbd7b77,
focus_jamendo_1871951__180s,focus_jamendo_1871951,focus,holdout,180.0,focus_music/focus_jamendo_1871951.mp3,features/audio/180s/focus/holdout/focus_jamendo_1871951__180s.wav,586.0,203.0,180.0,180.0,22050,1,float32,-15.0,-13.015591293009495,-15.00967253981759,1.1522753238677979,0.8593047857284546,True,0.0,0.00019576719576719576,False,False,44df0b1f7ac489768b901077a0badeb50b0653140b6f6620df9e2b1b5949916c,verified_existing,2026-08-01,11ad09ff644382dbc2cfeccf6d6d7b3a55178d0f54719444e1de1fdf0fbd7b77,
focus_jamendo_1871951__300s,focus_jamendo_1871951,focus,holdout,300.0,focus_music/focus_jamendo_1871951.mp3,features/audio/300s/focus/holdout/focus_jamendo_1871951__300s.wav,586.0,143.0,300.0,300.0,22050,1,float32,-15.0,-13.05914951678648,-15.00413951573213,1.217887043952942,0.8594861626625061,True,0.0,0.00020196523053665912,False,False,40dd398788243361074910fb85d1ff0c93954249d91de77c9fa12f96dce9df04,verified_existing,2026-08-01,11ad09ff644382dbc2cfeccf6d6d7b3a55178d0f54719444e1de1fdf0fbd7b77,
focus_jamendo_1874522__180s,focus_jamendo_1874522,focus,discovery,180.0,focus_music/focus_jamendo_1874522.mp3,features/audio/180s/focus/discovery/focus_jamendo_1874522__180s.wav,168.0,0.0,168.0,168.0,22050,1,float32,-15.0,-21.367309066518846,-14.913603096501342,0.6633769273757935,0.8597950339317322,True,0.0,0.0004446064139941691,True,False,a993752e06ab65b1a6401587d0a64e879f9599a695e8d7c4cd1bf86f68e71f5d,verified_existing,2026-08-01,11ad09ff644382dbc2cfeccf6d6d7b3a55178d0f54719444e1de1fdf0fbd7b77,
focus_jamendo_1874522__300s,focus_jamendo_1874522,focus,discovery,300.0,focus_music/focus_jamendo_1874522.mp3,features/audio/300s/focus/discovery/focus_jamendo_1874522__300s.wav,168.0,0.0,168.0,168.0,22050,1,float32,-15.0,-21.367309066518846,-14.913603096501342,0.6633769273757935,0.8597950339317322,True,0.0,0.0004446064139941691,True,False,6be932a496b1ae65811009b4d3f3212966e82832d7dec95512488f3e9d4ca9d5,verified_existing,2026-08-01,11ad09ff644382dbc2cfeccf6d6d7b3a55178d0f54719444e1de1fdf0fbd7b77,
focus_jamendo_1879434__180s,focus_jamendo_1879434,focus,validation,180.0,focus_music/focus_jamendo_1879434.mp3,features/audio/180s/focus/validation/focus_jamendo_1879434__180s.wav,600.059,210.02949999999998,180.0,180.0,22050,1,float32,-15.0,-18.44385490349133,-14.96588085052816,0.901565670967102,0.8594033122062683,True,0.0,0.0013313177122700932,False,False,06106a7956c2a496d6eec23f78ee7dcc7bba272e08c177eae26becd29fc33f4a,verified_existing,2026-08-01,11ad09ff644382dbc2cfeccf6d6d7b3a55178d0f54719444e1de1fdf0fbd7b77,
focus_jamendo_1879434__300s,focus_jamendo_1879434,focus,validation,300.0,focus_music/focus_jamendo_1879434.mp3,features/audio/300s/focus/validation/focus_jamendo_1879434__300s.wav,600.059,150.02949999999998,300.0,300.0,22050,1,float32,-15.0,-18.288093791734347,-14.99969936765207,0.901565670967102,0.8594071865081787,True,0.0,0.0011425547996976569,False,False,57459d7bdb2b84d9e6dcc1e53cc4e7289700bc790163b0ad77154413d3ee231d,verified_existing,2026-08-01,11ad09ff644382dbc2cfeccf6d6d7b3a55178d0f54719444e1de1fdf0fbd7b77,
focus_jamendo_1879604__180s,focus_jamendo_1879604,focus,discovery,180.0,focus_music/focus_jamendo_1879604.mp3,features/audio/180s/focus/discovery/focus_jamendo_1879604__180s.wav,143.36,0.0,143.36,143.28399092970523,22050,1,float32,-15.0,-13.38044712176936,-14.992846397368607,1.2858736515045166,0.8595125675201416,True,0.0,0.0006444237092218426,True,False,774baa68f31d4380bcffb4801b740891e7f30964a5098f8f2c1cf37c024eb72e,verified_existing,2026-08-01,11ad09ff644382dbc2cfeccf6d6d7b3a55178d0f54719444e1de1fdf0fbd7b77,
focus_jamendo_1879604__300s,focus_jamendo_1879604,focus,discovery,300.0,focus_music/focus_jamendo_1879604.mp3,features/audio/300s/focus/discovery/focus_jamendo_1879604__300s.wav,143.36,0.0,143.36,143.28399092970523,22050,1,float32,-15.0,-13.38044712176936,-14.992846397368607,1.2858736515045166,0.8595125675201416,True,0.0,0.0006444237092218426,True,False,a0b061b26e1e16d4195d12a332826447b085b117a1864aa3256171973eeded0d,verified_existing,2026-08-01,11ad09ff644382dbc2cfeccf6d6d7b3a55178d0f54719444e1de1fdf0fbd7b77,
focus_jamendo_1881280__180s,focus_jamendo_1881280,focus,discovery,180.0,focus_music/focus_jamendo_1881280.mp3,features/audio/180s/focus/discovery/focus_jamendo_1881280__180s.wav,123.925,0.0,123.925,123.86226757369614,22050,1,float32,-15.0,-11.76094521237962,-14.96122202780803,1.2594513893127441,0.8500184416770935,True,0.0,0.0008450612431407426,True,False,8f6a5f4914d6334eb9f11d59f2e308a8ac24d2055835314401e2971f235e1df9,verified_existing,2026-08-01,11ad09ff644382dbc2cfeccf6d6d7b3a55178d0f54719444e1de1fdf0fbd7b77,
focus_jamendo_1881280__300s,focus_jamendo_1881280,focus,discovery,300.0,focus_music/focus_jamendo_1881280.mp3,features/audio/300s/focus/discovery/focus_jamendo_1881280__300s.wav,123.925,0.0,123.925,123.86226757369614,22050,1,float32,-15.0,-11.76094521237962,-14.96122202780803,1.2594513893127441,0.8500184416770935,True,0.0,0.0008450612431407426,True,False,8f6a5f4914d6334eb9f11d59f2e308a8ac24d2055835314401e2971f235e1df9,verified_existing,2026-08-01,11ad09ff644382dbc2cfeccf6d6d7b3a55178d0f54719444e1de1fdf0fbd7b77,
focus_jamendo_1885488__180s,focus_jamendo_1885488,focus,discovery,180.0,focus_music/focus_jamendo_1885488.mp3,features/audio/180s/focus/discovery/focus_jamendo_1885488__180s.wav,190.851,5.4254999999999995,180.0,180.0,22050,1,float32,-15.0,-13.912278034698303,-14.957908543261937,1.2298202514648438,0.8596607446670532,True,0.0,0.0018049886621315193,False,False,c80fa7f34bd4c5ce966cdce873442f154cb1d6853a1da8b4fe54548047bd0404,verified_existing,2026-08-01,11ad09ff644382dbc2cfeccf6d6d7b3a55178d0f54719444e1de1fdf0fbd7b77,
focus_jamendo_1885488__300s,focus_jamendo_1885488,focus,discovery,300.0,focus_music/focus_jamendo_1885488.mp3,features/audio/300s/focus/discovery/focus_jamendo_1885488__300s.wav,190.851,0.0,190.851,190.78331065759636,22050,1,float32,-15.0,-13.972976887791164,-15.114476454582915,1.2287179231643677,0.860150158405304,True,0.0,0.0016761070008072699,True,False,44ff06e6e903eb47f47b455e0e55525c8e1924365cfb995e25bb6a982118e55c,verified_existing,2026-08-01,11ad09ff644382dbc2cfeccf6d6d7b3a55178d0f54719444e1de1fdf0fbd7b77,
focus_jamendo_1890389__180s,focus_jamendo_1890389,focus,discovery,180.0,focus_music/focus_jamendo_1890389.mp3,features/audio/180s/focus/discovery/focus_jamendo_1890389__180s.wav,1084.0,452.0,180.0,180.0,22050,1,float32,-15.0,-16.85362700214659,-15.003502527969552,1.253210425376892,0.8777554631233215,True,0.5865211426353785,0.0017737465356512975,False,False,caedc091a49384cccb7a96c3b3c4dd822d129e3ea6a3adadb1786836fe8c3336,verified_existing,2026-08-01,11ad09ff644382dbc2cfeccf6d6d7b3a55178d0f54719444e1de1fdf0fbd7b77,
focus_jamendo_1890389__300s,focus_jamendo_1890389,focus,discovery,300.0,focus_music/focus_jamendo_1890389.mp3,features/audio/300s/focus/discovery/focus_jamendo_1890389__300s.wav,1084.0,392.0,300.0,300.0,22050,1,float32,-15.0,-17.309982557121817,-15.002358576843038,1.253210425376892,0.8725626468658447,True,0.36934432951576923,0.0017573696145124717,False,False,e71b3c7266072612a62f46092f76ebdbd8603fb88fa99465624e163aa865fa7d,verified_existing,2026-08-01,11ad09ff644382dbc2cfeccf6d6d7b3a55178d0f54719444e1de1fdf0fbd7b77,
focus_jamendo_1890394__180s,focus_jamendo_1890394,focus,discovery,180.0,focus_music/focus_jamendo_1890394.mp3,features/audio/180s/focus/discovery/focus_jamendo_1890394__180s.wav,336.0,78.0,180.0,180.0,22050,1,float32,-15.0,-16.831163875192242,-14.979821809836098,0.9803597927093506,0.8594681620597839,True,0.0,0.000765180146132527,False,False,0a6c4284964401ec6d2a6983189598b7eff1017a8eba7ef9e667a7fed846c9bb,verified_existing,2026-08-01,11ad09ff644382dbc2cfeccf6d6d7b3a55178d0f54719444e1de1fdf0fbd7b77,
focus_jamendo_1890394__300s,focus_jamendo_1890394,focus,discovery,300.0,focus_music/focus_jamendo_1890394.mp3,features/audio/300s/focus/discovery/focus_jamendo_1890394__300s.wav,336.0,18.0,300.0,300.0,22050,1,float32,-15.0,-16.10424939586414,-14.957399333668372,1.046327829360962,0.8594070076942444,True,0.0,0.0008317460317460318,False,False,d1dec96db7c40f17ba16ebcd9fa11c6b90f1ea393e92d17c2bdfafdc0673a695,verified_existing,2026-08-01,11ad09ff644382dbc2cfeccf6d6d7b3a55178d0f54719444e1de1fdf0fbd7b77,
focus_jamendo_1890497__180s,focus_jamendo_1890497,focus,discovery,180.0,focus_music/focus_jamendo_1890497.mp3,features/audio/180s/focus/discovery/focus_jamendo_1890497__180s.wav,331.0,75.5,180.0,180.0,22050,1,float32,-15.0,-15.97619375766794,-14.924395050001152,1.1167500019073486,0.8594655990600586,True,0.0,0.0011352985638699924,False,False,4ee3523e2fe2b4f8f96cb73e098ef5ecfe09952fc470f0a57ffa21562baff4e8,verified_existing,2026-08-01,11ad09ff644382dbc2cfeccf6d6d7b3a55178d0f54719444e1de1fdf0fbd7b77,
focus_jamendo_1890497__300s,focus_jamendo_1890497,focus,discovery,300.0,focus_music/focus_jamendo_1890497.mp3,features/audio/300s/focus/discovery/focus_jamendo_1890497__300s.wav,331.0,15.5,300.0,300.0,22050,1,float32,-15.0,-15.910221723444284,-14.930861797839036,1.1167500019073486,0.8594629764556885,True,0.0,0.0010801209372637943,False,False,5f27b3c1ab925bc415785556d6b951e086220f9999bde22dafae318f48fa97df,verified_existing,2026-08-01,11ad09ff644382dbc2cfeccf6d6d7b3a55178d0f54719444e1de1fdf0fbd7b77,
focus_jamendo_1890501__180s,focus_jamendo_1890501,focus,discovery,180.0,focus_music/focus_jamendo_1890501.mp3,features/audio/180s/focus/discovery/focus_jamendo_1890501__180s.wav,331.0,75.5,180.0,180.0,22050,1,float32,-15.0,-14.987606147192944,-14.996580991786606,1.2993686199188232,0.8476254940032959,True,-0.2428628315077379,0.000907785336356765,False,False,967ca0a6610444b805b496e684b796950ce68de323998c95ac759055aa97c1b7,verified_existing,2026-08-01,11ad09ff644382dbc2cfeccf6d6d7b3a55178d0f54719444e1de1fdf0fbd7b77,
focus_jamendo_1890501__300s,focus_jamendo_1890501,focus,discovery,300.0,focus_music/focus_jamendo_1890501.mp3,features/audio/300s/focus/discovery/focus_jamendo_1890501__300s.wav,331.0,15.5,300.0,300.0,22050,1,float32,-15.0,-15.917564975979326,-14.991092285558146,1.2993686199188232,0.8594768643379211,True,0.0,0.001217989417989418,False,False,c3714639c554c19a12b6fe6246227cf042dcafa5d85713406d17394a7d1036fd,verified_existing,2026-08-01,11ad09ff644382dbc2cfeccf6d6d7b3a55178d0f54719444e1de1fdf0fbd7b77,
focus_jamendo_1891400__180s,focus_jamendo_1891400,focus,discovery,180.0,focus_music/focus_jamendo_1891400.mp3,features/audio/180s/focus/discovery/focus_jamendo_1891400__180s.wav,212.82,16.409999999999997,180.0,180.0,22050,1,float32,-15.0,-30.74462007857943,-14.919218352976634,0.21877172589302063,0.8595052361488342,True,0.0,0.00035172587553539933,False,False,7e27f52f5100de6447fd2fb7a7251cfcfe1a32de0875dba374eaf75a5de464d0,verified_existing,2026-08-01,11ad09ff644382dbc2cfeccf6d6d7b3a55178d0f54719444e1de1fdf0fbd7b77,
focus_jamendo_1891400__300s,focus_jamendo_1891400,focus,discovery,300.0,focus_music/focus_jamendo_1891400.mp3,features/audio/300s/focus/discovery/focus_jamendo_1891400__300s.wav,212.82,0.0,212.82,212.76321995464852,22050,1,float32,-15.0,-30.87841122805707,-15.06864202034395,0.21934932470321655,0.8595026135444641,True,0.0,0.00032207670626583073,True,False,ef0c11a23f264a41c88f540d44b2f28a299218079c1f20406c8cef64b27b73c9,verified_existing,2026-08-01,11ad09ff644382dbc2cfeccf6d6d7b3a55178d0f54719444e1de1fdf0fbd7b77,
focus_jamendo_1894575__180s,focus_jamendo_1894575,focus,discovery,180.0,focus_music/focus_jamendo_1894575.mp3,features/audio/180s/focus/discovery/focus_jamendo_1894575__180s.wav,508.0,164.0,180.0,180.0,22050,1,float32,-15.0,-19.02045632884278,-15.011054413538488,0.6308362483978271,0.8593851327896118,True,0.0,0.00042076089695137315,False,False,16eaedee02633b9afd5f00d76927a71da404b98f370ed5603a88eb0e8139f8b6,verified_existing,2026-08-01,11ad09ff644382dbc2cfeccf6d6d7b3a55178d0f54719444e1de1fdf0fbd7b77,
focus_jamendo_1894575__300s,focus_jamendo_1894575,focus,discovery,300.0,focus_music/focus_jamendo_1894575.mp3,features/audio/300s/focus/discovery/focus_jamendo_1894575__300s.wav,508.0,104.0,300.0,300.0,22050,1,float32,-15.0,-18.971746208924298,-15.008631028987855,0.6404351592063904,0.8593878746032715,True,0.0,0.0003430083144368859,False,False,7456e734fcd8b2112727eaa66af44255caa10df145f50c67e0d2f200df756fe8,verified_existing,2026-08-01,11ad09ff644382dbc2cfeccf6d6d7b3a55178d0f54719444e1de1fdf0fbd7b77,
focus_jamendo_1894851__180s,focus_jamendo_1894851,focus,discovery,180.0,focus_music/focus_jamendo_1894851.mp3,features/audio/180s/focus/discovery/focus_jamendo_1894851__180s.wav,299.0,59.5,180.0,180.0,22050,1,float32,-15.0,-36.3701609004987,-15.14773204079612,0.13286098837852478,0.8595679998397827,True,0.0,0.0014842529604434367,False,False,f22bee43cec8f976741b05f9c2b9a15fbd1a9c35b04a988f4857cc122dd13691,verified_existing,2026-08-01,11ad09ff644382dbc2cfeccf6d6d7b3a55178d0f54719444e1de1fdf0fbd7b77,
focus_jamendo_1894851__300s,focus_jamendo_1894851,focus,discovery,300.0,focus_music/focus_jamendo_1894851.mp3,features/audio/300s/focus/discovery/focus_jamendo_1894851__300s.wav,299.0,0.0,299.0,299.0,22050,1,float32,-15.0,-35.793802733944574,-15.079702277909778,0.13286098837852478,0.8594651818275452,True,0.0,0.0014372928658642945,True,False,e25d858893461ce195ee9cd582a926ea66706b89437a4c20cef4d4c658baf095,verified_existing,2026-08-01,11ad09ff644382dbc2cfeccf6d6d7b3a55178d0f54719444e1de1fdf0fbd7b77,
focus_jamendo_1895201__180s,focus_jamendo_1895201,focus,discovery,180.0,focus_music/focus_jamendo_1895201.mp3,features/audio/180s/focus/discovery/focus_jamendo_1895201__180s.wav,222.0,21.0,180.0,180.0,22050,1,float32,-15.0,-25.1630099165373,-15.1284589433973,0.44959282875061035,0.8594971895217896,True,0.0,0.0011153943058704963,False,False,44828436faf3bf5b40ff855658e5f16b21ce2a060b620174ceb0c669b835d605,verified_existing,2026-08-01,11ad09ff644382dbc2cfeccf6d6d7b3a55178d0f54719444e1de1fdf0fbd7b77,
focus_jamendo_1895201__300s,focus_jamendo_1895201,focus,discovery,300.0,focus_music/focus_jamendo_1895201.mp3,features/audio/300s/focus/discovery/focus_jamendo_1895201__300s.wav,222.0,0.0,222.0,222.0,22050,1,float32,-15.0,-25.367174845599042,-15.134415067379168,0.44959282875061035,0.8594970107078552,True,0.0,0.0011086596800882515,True,False,ec82647eb2ab7b1e01b71d21292f619e71e5c8007e50efc731d569cd910e4d72,verified_existing,2026-08-01,11ad09ff644382dbc2cfeccf6d6d7b3a55178d0f54719444e1de1fdf0fbd7b77,
focus_jamendo_1895276__180s,focus_jamendo_1895276,focus,discovery,180.0,focus_music/focus_jamendo_1895276.mp3,features/audio/180s/focus/discovery/focus_jamendo_1895276__180s.wav,244.0,32.0,180.0,180.0,22050,1,float32,-15.0,-19.457281274346258,-15.010386062231879,0.8467564582824707,0.8596046566963196,True,0.0,0.0003068783068783069,False,False,38a716770d07e38c2c95f180b2a3836516b8cf13a29c11f45d3e7a3bf7286e9a,verified_existing,2026-08-01,11ad09ff644382dbc2cfeccf6d6d7b3a55178d0f54719444e1de1fdf0fbd7b77,
focus_jamendo_1895276__300s,focus_jamendo_1895276,focus,discovery,300.0,focus_music/focus_jamendo_1895276.mp3,features/audio/300s/focus/discovery/focus_jamendo_1895276__300s.wav,244.0,0.0,244.0,244.0,22050,1,float32,-15.0,-19.565519885832845,-15.000164002460204,0.8467564582824707,0.8596046566963196,True,0.0,0.0003200624512099922,True,False,9c4dacaad912846a1376116c249596dd01a1c008a70c0bd3f1c64bc31be33ab4,verified_existing,2026-08-01,11ad09ff644382dbc2cfeccf6d6d7b3a55178d0f54719444e1de1fdf0fbd7b77,
focus_jamendo_1897824__180s,focus_jamendo_1897824,focus,discovery,180.0,focus_music/focus_jamendo_1897824.mp3,features/audio/180s/focus/discovery/focus_jamendo_1897824__180s.wav,280.0,50.0,180.0,180.0,22050,1,float32,-15.0,-26.32167605154955,-15.100981990178875,0.43637871742248535,0.8595729470252991,True,0.0,0.000963466868228773,False,False,f391c2d232b82f85d86ad1d998d153773272f28fdadb332a9c6fff08ab9fc98d,verified_existing,2026-08-01,11ad09ff644382dbc2cfeccf6d6d7b3a55178d0f54719444e1de1fdf0fbd7b77,
focus_jamendo_1897824__300s,focus_jamendo_1897824,focus,discovery,300.0,focus_music/focus_jamendo_1897824.mp3,features/audio/300s/focus/discovery/focus_jamendo_1897824__300s.wav,280.0,0.0,280.0,280.0,22050,1,float32,-15.0,-26.540497885787627,-15.199748560614177,0.43637871742248535,0.8602572679519653,True,0.0,0.000854389374797538,True,False,5a9c6261d37d835a183e66e56e20c47b4f28cd023759615062c5a5ddddd6cdca,verified_existing,2026-08-01,11ad09ff644382dbc2cfeccf6d6d7b3a55178d0f54719444e1de1fdf0fbd7b77,
focus_jamendo_1898926__180s,focus_jamendo_1898926,focus,holdout,180.0,focus_music/focus_jamendo_1898926.mp3,features/audio/180s/focus/holdout/focus_jamendo_1898926__180s.wav,272.065,46.0325,180.0,180.0,22050,1,float32,-15.0,-12.357697301643258,-14.972757219412665,1.3210084438323975,0.8598504662513733,True,0.0,0.00010531620055429579,False,False,0453eabc0d1b5a8a8795346dc4b940e5ded718811877abf65e894f75b6c98c1d,verified_existing,2026-08-01,11ad09ff644382dbc2cfeccf6d6d7b3a55178d0f54719444e1de1fdf0fbd7b77,
focus_jamendo_1898926__300s,focus_jamendo_1898926,focus,holdout,300.0,focus_music/focus_jamendo_1898926.mp3,features/audio/300s/focus/holdout/focus_jamendo_1898926__300s.wav,272.065,0.0,272.065,272.0,22050,1,float32,-15.0,-12.628487105802925,-14.944435724125501,1.315075397491455,0.8604788184165955,True,0.0,0.0001675670268107243,True,False,afb7d50800d46c1f922989ea68ae328865446ed2bc84901c1768a5b74f45a59d,verified_existing,2026-08-01,11ad09ff644382dbc2cfeccf6d6d7b3a55178d0f54719444e1de1fdf0fbd7b77,
focus_jamendo_1900437__180s,focus_jamendo_1900437,focus,holdout,180.0,focus_music/focus_jamendo_1900437.mp3,features/audio/180s/focus/holdout/focus_jamendo_1900437__180s.wav,364.8,92.4,180.0,180.0,22050,1,float32,-15.0,-21.635600041078465,-15.056213123590775,0.7080516815185547,0.85941082239151,True,0.0,0.002558830939783321,False,False,2998e830bbbf42fa6d631fe3a04897940d7ef4f8218e7cf7cb70dc4e0d5635e4,verified_existing,2026-08-01,11ad09ff644382dbc2cfeccf6d6d7b3a55178d0f54719444e1de1fdf0fbd7b77,
focus_jamendo_1900437__300s,focus_jamendo_1900437,focus,holdout,300.0,focus_music/focus_jamendo_1900437.mp3,features/audio/300s/focus/holdout/focus_jamendo_1900437__300s.wav,364.8,32.400000000000006,300.0,300.0,22050,1,float32,-15.0,-21.52452217653853,-15.06993180029802,0.7080516815185547,0.8594247698783875,True,0.0,0.002388208616780045,False,False,0be439efe888298269acc130bf1519ccc1e82369a654221644837b37a5b57116,verified_existing,2026-08-01,11ad09ff644382dbc2cfeccf6d6d7b3a55178d0f54719444e1de1fdf0fbd7b77,
focus_jamendo_1900439__180s,focus_jamendo_1900439,focus,holdout,180.0,focus_music/focus_jamendo_1900439.mp3,features/audio/180s/focus/holdout/focus_jamendo_1900439__180s.wav,253.309,36.6545,180.0,180.0,22050,1,float32,-15.0,-22.245185042382165,-15.04245814570973,0.5675994753837585,0.8595186471939087,True,0.0,0.0010884353741496598,False,False,a2f9de0ff486cde4c2498314d0dbd9b6254fd73f32532b75043892187706b4a5,verified_existing,2026-08-01,11ad09ff644382dbc2cfeccf6d6d7b3a55178d0f54719444e1de1fdf0fbd7b77,
focus_jamendo_1900439__300s,focus_jamendo_1900439,focus,holdout,300.0,focus_music/focus_jamendo_1900439.mp3,features/audio/300s/focus/holdout/focus_jamendo_1900439__300s.wav,253.309,0.0,253.309,253.23210884353742,22050,1,float32,-15.0,-22.639888069822067,-15.095529380135014,0.5685749053955078,0.8595964908599854,True,0.0,0.0010915568125323257,True,False,f2fe0521f63683ab295aa7ebd340e68b3a180ca642a626dbb22d92707a164cc8,verified_existing,2026-08-01,11ad09ff644382dbc2cfeccf6d6d7b3a55178d0f54719444e1de1fdf0fbd7b77,
focus_jamendo_1900645__180s,focus_jamendo_1900645,focus,discovery,180.0,focus_music/focus_jamendo_1900645.mp3,features/audio/180s/focus/discovery/focus_jamendo_1900645__180s.wav,198.661,9.3305,180.0,180.0,22050,1,float32,-15.0,-17.308764850760827,-15.008994190269226,0.8398294448852539,0.8594531416893005,True,0.0,0.00040665154950869235,False,False,4edbfcec7fa20bd1c3bc96dd8943b4dd47c962a70ef48ac58156270f0220ea13,verified_existing,2026-08-01,11ad09ff644382dbc2cfeccf6d6d7b3a55178d0f54719444e1de1fdf0fbd7b77,
focus_jamendo_1900645__300s,focus_jamendo_1900645,focus,discovery,300.0,focus_music/focus_jamendo_1900645.mp3,features/audio/300s/focus/discovery/focus_jamendo_1900645__300s.wav,198.661,0.0,198.661,198.6,22050,1,float32,-15.0,-17.356057550843605,-15.012782808082052,0.8403456807136536,0.8593820929527283,True,0.0,0.0004133241077565635,True,False,3c1216e747639145843ca4afaac153048e10260597713a042d315b6597c37aa2,verified_existing,2026-08-01,11ad09ff644382dbc2cfeccf6d6d7b3a55178d0f54719444e1de1fdf0fbd7b77,
focus_jamendo_1900646__180s,focus_jamendo_1900646,focus,discovery,180.0,focus_music/focus_jamendo_1900646.mp3,features/audio/180s/focus/discovery/focus_jamendo_1900646__180s.wav,184.686,2.3430000000000035,180.0,180.0,22050,1,float32,-15.0,-17.632594564180735,-14.997344125057834,0.7907323837280273,0.8594264984130859,True,0.0,0.0005479969765684052,False,False,75f0fcea302f6f0d532f73c8d38112e5696682b697efd6a996e62bf28e9a8db8,verified_existing,2026-08-01,11ad09ff644382dbc2cfeccf6d6d7b3a55178d0f54719444e1de1fdf0fbd7b77,
focus_jamendo_1900646__300s,focus_jamendo_1900646,focus,discovery,300.0,focus_music/focus_jamendo_1900646.mp3,features/audio/300s/focus/discovery/focus_jamendo_1900646__300s.wav,184.686,0.0,184.686,184.61537414965986,22050,1,float32,-15.0,-17.65767976570387,-14.99905340587019,0.7907323837280273,0.8594305515289307,True,0.0,0.0005387188514012955,True,False,c50c9348d255077112ad601373322336fa858e35f14022c2f47965341af9451a,verified_existing,2026-08-01,11ad09ff644382dbc2cfeccf6d6d7b3a55178d0f54719444e1de1fdf0fbd7b77,
focus_jamendo_1900840__180s,focus_jamendo_1900840,focus,discovery,180.0,focus_music/focus_jamendo_1900840.mp3,features/audio/180s/focus/discovery/focus_jamendo_1900840__180s.wav,208.0,14.0,180.0,180.0,22050,1,float32,-15.0,-21.932571653962246,-15.073777500852762,0.5908430814743042,0.8594040870666504,True,0.0,0.0013547493071302595,False,False,bd58d71537a3ba97b5569a177919fd375bfb4e0d8bc374438a425daa0bc82f55,verified_existing,2026-08-01,11ad09ff644382dbc2cfeccf6d6d7b3a55178d0f54719444e1de1fdf0fbd7b77,
focus_jamendo_1900840__300s,focus_jamendo_1900840,focus,discovery,300.0,focus_music/focus_jamendo_1900840.mp3,features/audio/300s/focus/discovery/focus_jamendo_1900840__300s.wav,208.0,0.0,208.0,208.0,22050,1,float32,-15.0,-21.960105140269125,-15.048823458353448,0.5908430814743042,0.8593983054161072,True,0.0,0.0013468079539508111,True,False,cc3ac2d9d0859573dfc1dcd2ad75a41e403bab2c0be807628cd5c898015a908e,verified_existing,2026-08-01,11ad09ff644382dbc2cfeccf6d6d7b3a55178d0f54719444e1de1fdf0fbd7b77,
focus_jamendo_1900848__180s,focus_jamendo_1900848,focus,discovery,180.0,focus_music/focus_jamendo_1900848.mp3,features/audio/180s/focus/discovery/focus_jamendo_1900848__180s.wav,220.0,20.0,180.0,180.0,22050,1,float32,-15.0,-21.95232165897594,-14.994435377949317,0.48955631256103516,0.8593938946723938,True,0.0,0.0008974552784076594,False,False,3ae9bbc8d8df483c1b7c286ceeaab2c6a9383d4ad6a72789b54e0327d5ba282e,verified_existing,2026-08-01,11ad09ff644382dbc2cfeccf6d6d7b3a55178d0f54719444e1de1fdf0fbd7b77,
focus_jamendo_1900848__300s,focus_jamendo_1900848,focus,discovery,300.0,focus_music/focus_jamendo_1900848.mp3,features/audio/300s/focus/discovery/focus_jamendo_1900848__300s.wav,220.0,0.0,220.0,220.0,22050,1,float32,-15.0,-22.176013451832294,-14.982931148681068,0.48955631256103516,0.8593872785568237,True,0.0,0.0010131931560502989,True,False,fd97fee95057c21ca6c612c440c82d3974bf834b369a63c33a8d510c0d4169e2,verified_existing,2026-08-01,11ad09ff644382dbc2cfeccf6d6d7b3a55178d0f54719444e1de1fdf0fbd7b77,
focus_jamendo_1900849__180s,focus_jamendo_1900849,focus,discovery,180.0,focus_music/focus_jamendo_1900849.mp3,features/audio/180s/focus/discovery/focus_jamendo_1900849__180s.wav,221.0,20.5,180.0,180.0,22050,1,float32,-15.0,-25.514400015699398,-14.99893204102866,0.3324676752090454,0.8593902587890625,True,0.0,0.002508188460569413,False,False,4eb67c1e3cf2fd3d0b810251227d29a065d0ffaebb9e176ded17df43d5d2929f,verified_existing,2026-08-01,11ad09ff644382dbc2cfeccf6d6d7b3a55178d0f54719444e1de1fdf0fbd7b77,
focus_jamendo_1900849__300s,focus_jamendo_1900849,focus,discovery,300.0,focus_music/focus_jamendo_1900849.mp3,features/audio/300s/focus/discovery/focus_jamendo_1900849__300s.wav,221.0,0.0,221.0,221.0,22050,1,float32,-15.0,-25.509311300295867,-14.988060495641973,0.36745041608810425,0.8593944311141968,True,0.0,0.0028306707298303936,True,False,509a1632e31d5df725e7b033fd31f66800945e08dbfaffdc4c7f9b80df5b0b58,verified_existing,2026-08-01,11ad09ff644382dbc2cfeccf6d6d7b3a55178d0f54719444e1de1fdf0fbd7b77,
focus_jamendo_1900865__180s,focus_jamendo_1900865,focus,discovery,180.0,focus_music/focus_jamendo_1900865.mp3,features/audio/180s/focus/discovery/focus_jamendo_1900865__180s.wav,161.0,0.0,161.0,161.0,22050,1,float32,-15.0,-23.200192618715644,-14.999592607581816,0.5234476327896118,0.8593878149986267,True,0.0,0.0017957493556428783,True,False,ada341ff228fc3c37ec23c14b8febb8fcf2857defbc45d99992a4af9147b8db5,verified_existing,2026-08-01,11ad09ff644382dbc2cfeccf6d6d7b3a55178d0f54719444e1de1fdf0fbd7b77,
focus_jamendo_1900865__300s,focus_jamendo_1900865,focus,discovery,300.0,focus_music/focus_jamendo_1900865.mp3,features/audio/300s/focus/discovery/focus_jamendo_1900865__300s.wav,161.0,0.0,161.0,161.0,22050,1,float32,-15.0,-23.200192618715644,-14.999592607581816,0.5234476327896118,0.8593878149986267,True,0.0,0.0017957493556428783,True,False,59a92601ee89b56491e72664560bcac1a6f6f7fc1d4ce9452b525be9ec28badd,verified_existing,2026-08-01,11ad09ff644382dbc2cfeccf6d6d7b3a55178d0f54719444e1de1fdf0fbd7b77,
focus_jamendo_1901339__180s,focus_jamendo_1901339,focus,validation,180.0,focus_music/focus_jamendo_1901339.mp3,features/audio/180s/focus/validation/focus_jamendo_1901339__180s.wav,316.0,68.0,180.0,180.0,22050,1,float32,-15.0,-15.940643864573266,-15.02579436269381,1.3499712944030762,0.8601509928703308,True,0.0,0.00042050894431846814,False,False,8912f48422f5f36414b8f0de95c6003869eb3e5bbdfd5bc17be4e546b7551b72,verified_existing,2026-08-01,11ad09ff644382dbc2cfeccf6d6d7b3a55178d0f54719444e1de1fdf0fbd7b77,
focus_jamendo_1901339__300s,focus_jamendo_1901339,focus,validation,300.0,focus_music/focus_jamendo_1901339.mp3,features/audio/300s/focus/validation/focus_jamendo_1901339__300s.wav,316.0,8.0,300.0,300.0,22050,1,float32,-15.0,-15.727789228335315,-14.897135855316412,1.3638536930084229,0.8614784479141235,True,0.0,0.000616931216931217,False,False,c2479f1410e2cdc4fd8226bba688b814cf39321fa91aa7c2ce7cf8aaca23182d,verified_existing,2026-08-01,11ad09ff644382dbc2cfeccf6d6d7b3a55178d0f54719444e1de1fdf0fbd7b77,
focus_jamendo_1902125__180s,focus_jamendo_1902125,focus,discovery,180.0,focus_music/focus_jamendo_1902125.mp3,features/audio/180s/focus/discovery/focus_jamendo_1902125__180s.wav,240.0,30.0,180.0,180.0,22050,1,float32,-15.0,-14.214795102998652,-15.040805114806714,1.3316609859466553,0.8594045042991638,True,0.0,0.0012312925170068028,False,False,b798765693f09782bf8048a53a20ad9e4dae94ec0c5d3df56069d693420f5bd8,verified_existing,2026-08-01,11ad09ff644382dbc2cfeccf6d6d7b3a55178d0f54719444e1de1fdf0fbd7b77,
focus_jamendo_1902125__300s,focus_jamendo_1902125,focus,discovery,300.0,focus_music/focus_jamendo_1902125.mp3,features/audio/300s/focus/discovery/focus_jamendo_1902125__300s.wav,240.0,0.0,240.0,240.0,22050,1,float32,-15.0,-14.47163379509749,-14.97662681557306,1.3316609859466553,0.8594182133674622,True,0.0,0.0026519274376417233,True,False,6cc4fc64c566c161e6e9c9b8eb552d9831efa7ccacf44049ba303660fbee4900,verified_existing,2026-08-01,11ad09ff644382dbc2cfeccf6d6d7b3a55178d0f54719444e1de1fdf0fbd7b77,
focus_jamendo_1906117__180s,focus_jamendo_1906117,focus,validation,180.0,focus_music/focus_jamendo_1906117.mp3,features/audio/180s/focus/validation/focus_jamendo_1906117__180s.wav,228.0,24.0,180.0,180.0,22050,1,float32,-15.0,-10.944027102064872,-15.004458110908232,1.373207449913025,0.8440312147140503,True,0.0,0.0026855631141345427,False,False,59f94b5cf1d10e961432ee7d1d9c576cf1e619f49ae30430281d9112ba0ec0c1,verified_existing,2026-08-01,11ad09ff644382dbc2cfeccf6d6d7b3a55178d0f54719444e1de1fdf0fbd7b77,
focus_jamendo_1906117__300s,focus_jamendo_1906117,focus,validation,300.0,focus_music/focus_jamendo_1906117.mp3,features/audio/300s/focus/validation/focus_jamendo_1906117__300s.wav,228.0,0.0,228.0,228.0,22050,1,float32,-15.0,-11.163859571784233,-15.004856248546345,1.373207449913025,0.8555369973182678,True,0.0,0.0031246767712933125,True,False,e5c6db3c1536795c4b7dda04a16ac43a8dc44793e67728f4d7c2ce685f0c961f,verified_existing,2026-08-01,11ad09ff644382dbc2cfeccf6d6d7b3a55178d0f54719444e1de1fdf0fbd7b77,
focus_jamendo_1906544__180s,focus_jamendo_1906544,focus,discovery,180.0,focus_music/focus_jamendo_1906544.mp3,features/audio/180s/focus/discovery/focus_jamendo_1906544__180s.wav,396.0,108.0,180.0,180.0,22050,1,float32,-15.0,-20.299548000463602,-15.176975978421053,0.7399178743362427,0.8594179749488831,True,0.0,0.0008659611992945326,False,False,8d23af0d0bb69f0351a47830f1c6c55efa42190288e4114eba5438297414f3ea,verified_existing,2026-08-01,11ad09ff644382dbc2cfeccf6d6d7b3a55178d0f54719444e1de1fdf0fbd7b77,
focus_jamendo_1906544__300s,focus_jamendo_1906544,focus,discovery,300.0,focus_music/focus_jamendo_1906544.mp3,features/audio/300s/focus/discovery/focus_jamendo_1906544__300s.wav,396.0,48.0,300.0,300.0,22050,1,float32,-15.0,-19.699581912543568,-15.001223248777457,0.9308806657791138,0.8695958852767944,True,0.2676268138880058,0.0017912320483749055,False,False,97643dad0b104ed35fadc4c0e7311c173197c5c77dcb788b24ad5d16b902707e,verified_existing,2026-08-01,11ad09ff644382dbc2cfeccf6d6d7b3a55178d0f54719444e1de1fdf0fbd7b77,
focus_jamendo_1916203__180s,focus_jamendo_1916203,focus,discovery,180.0,focus_music/focus_jamendo_1916203.mp3,features/audio/180s/focus/discovery/focus_jamendo_1916203__180s.wav,270.0,45.0,180.0,180.0,22050,1,float32,-15.0,-17.159954520393562,-15.039543585105077,1.1197680234909058,0.8595587611198425,True,0.0,0.0007425044091710759,False,False,959d983a3e77d2785c8c6bed6afe4ac8833c49be711b62dd385d81f8fb3d07a4,verified_existing,2026-08-01,11ad09ff644382dbc2cfeccf6d6d7b3a55178d0f54719444e1de1fdf0fbd7b77,
focus_jamendo_1916203__300s,focus_jamendo_1916203,focus,discovery,300.0,focus_music/focus_jamendo_1916203.mp3,features/audio/300s/focus/discovery/focus_jamendo_1916203__300s.wav,270.0,0.0,270.0,270.0,22050,1,float32,-15.0,-17.481974936244292,-15.062653605938157,1.1197680234909058,0.8595587611198425,True,0.0,0.0006413034349542286,True,False,31a426e1feec330b3e85f02343cc75d51dad2effbb4231bc9a8ba1663bb8a984,verified_existing,2026-08-01,11ad09ff644382dbc2cfeccf6d6d7b3a55178d0f54719444e1de1fdf0fbd7b77,
focus_jamendo_1920476__180s,focus_jamendo_1920476,focus,discovery,180.0,focus_music/focus_jamendo_1920476.mp3,features/audio/180s/focus/discovery/focus_jamendo_1920476__180s.wav,154.358,0.0,154.358,154.28571428571428,22050,1,float32,-15.0,-14.392375922042893,-14.998958303610133,1.2686426639556885,0.8503486514091492,True,-0.20068433570996902,0.0014944150499706056,True,False,6065351b2c6cea4378d9375e6f6d048c75f5fb174ea38088fe1abd11d0277411,verified_existing,2026-08-01,11ad09ff644382dbc2cfeccf6d6d7b3a55178d0f54719444e1de1fdf0fbd7b77,
focus_jamendo_1920476__300s,focus_jamendo_1920476,focus,discovery,300.0,focus_music/focus_jamendo_1920476.mp3,features/audio/300s/focus/discovery/focus_jamendo_1920476__300s.wav,154.358,0.0,154.358,154.28571428571428,22050,1,float32,-15.0,-14.392375922042893,-14.998958303610133,1.2686426639556885,0.8503486514091492,True,-0.20068433570996902,0.0014944150499706056,True,False,60fc10abfedaf41ab7d8535977fd52b163e3435b6185fb02710ca7a99fbf6610,verified_existing,2026-08-01,11ad09ff644382dbc2cfeccf6d6d7b3a55178d0f54719444e1de1fdf0fbd7b77,
focus_jamendo_1921939__180s,focus_jamendo_1921939,focus,discovery,180.0,focus_music/focus_jamendo_1921939.mp3,features/audio/180s/focus/discovery/focus_jamendo_1921939__180s.wav,217.26,18.629999999999995,180.0,180.0,22050,1,float32,-15.0,-17.745198320001133,-14.994944384321618,0.6799681782722473,0.8588672876358032,True,0.0,0.00014462081128747796,False,False,b990bb0fbfa082804623c6f7395de51064f38364e5dac9b4d076ab6425ba9f0d,verified_existing,2026-08-01,11ad09ff644382dbc2cfeccf6d6d7b3a55178d0f54719444e1de1fdf0fbd7b77,
focus_jamendo_1921939__300s,focus_jamendo_1921939,focus,discovery,300.0,focus_music/focus_jamendo_1921939.mp3,features/audio/300s/focus/discovery/focus_jamendo_1921939__300s.wav,217.26,0.0,217.26,217.2,22050,1,float32,-15.0,-18.089203842743768,-14.992141248986163,0.6802355647087097,0.8593856692314148,True,0.0,0.0002463846189181627,True,False,405d73822dfd48d986fd45125bd6c70802b16afcde1e9574fa05b8e76a389ff4,verified_existing,2026-08-01,11ad09ff644382dbc2cfeccf6d6d7b3a55178d0f54719444e1de1fdf0fbd7b77,
focus_jamendo_1922056__180s,focus_jamendo_1922056,focus,validation,180.0,focus_music/focus_jamendo_1922056.mp3,features/audio/180s/focus/validation/focus_jamendo_1922056__180s.wav,210.0,15.0,180.0,180.0,22050,1,float32,-15.0,-21.384333374263022,-14.897594263391367,1.1740138530731201,0.8594629168510437,True,0.0,0.0014036281179138322,False,False,efb6a954e8c926f1e62129941c7ca53b8fed1dcc7f2da20e1a5b65fef99467db,verified_existing,2026-08-01,11ad09ff644382dbc2cfeccf6d6d7b3a55178d0f54719444e1de1fdf0fbd7b77,
focus_jamendo_1922056__300s,focus_jamendo_1922056,focus,validation,300.0,focus_music/focus_jamendo_1922056.mp3,features/audio/300s/focus/validation/focus_jamendo_1922056__300s.wav,210.0,0.0,210.0,210.0,22050,1,float32,-15.0,-21.577064631828176,-14.913146269063875,1.1740138530731201,0.8594629764556885,True,0.0,0.0012367994816974408,True,False,b0b6960b6d20cf0ea6ab6eff4490d388fc4d719e16293b9d0a89b346eb73afc6,verified_existing,2026-08-01,11ad09ff644382dbc2cfeccf6d6d7b3a55178d0f54719444e1de1fdf0fbd7b77,
focus_jamendo_1923890__180s,focus_jamendo_1923890,focus,discovery,180.0,focus_music/focus_jamendo_1923890.mp3,features/audio/180s/focus/discovery/focus_jamendo_1923890__180s.wav,193.071,6.535499999999999,180.0,180.0,22050,1,float32,-15.0,-15.599194419426675,-14.992932145554235,0.8893195390701294,0.8591657876968384,True,0.0,0.00013907785336356765,False,False,98a17a8448521177280a410f6e28339831006c2a4077237c8025547d6ac4e440,verified_existing,2026-08-01,11ad09ff644382dbc2cfeccf6d6d7b3a55178d0f54719444e1de1fdf0fbd7b77,
focus_jamendo_1923890__300s,focus_jamendo_1923890,focus,discovery,300.0,focus_music/focus_jamendo_1923890.mp3,features/audio/300s/focus/discovery/focus_jamendo_1923890__300s.wav,193.071,0.0,193.071,193.0,22050,1,float32,-15.0,-15.658151009545524,-14.996687877924952,0.8893195390701294,0.8593270778656006,True,0.0,0.00013064984197478646,True,False,50e108c25442cd87fd745889d0816ac2dfa4f1553257b7bb44b6189133f038c3,verified_existing,2026-08-01,11ad09ff644382dbc2cfeccf6d6d7b3a55178d0f54719444e1de1fdf0fbd7b77,
focus_jamendo_1924920__180s,focus_jamendo_1924920,focus,discovery,180.0,focus_music/focus_jamendo_1924920.mp3,features/audio/180s/focus/discovery/focus_jamendo_1924920__180s.wav,264.0,42.0,180.0,180.0,22050,1,float32,-15.0,-18.522545779527977,-15.008419433129546,0.6139541864395142,0.8591357469558716,True,0.0,2.1164021164021164e-05,False,False,40c044de6ed1d7891e3dc2ccaa6dc938a1ee9a5a8f5248dc63829ad62c9c08f7,verified_existing,2026-08-01,11ad09ff644382dbc2cfeccf6d6d7b3a55178d0f54719444e1de1fdf0fbd7b77,
focus_jamendo_1924920__300s,focus_jamendo_1924920,focus,discovery,300.0,focus_music/focus_jamendo_1924920.mp3,features/audio/300s/focus/discovery/focus_jamendo_1924920__300s.wav,264.0,0.0,264.0,264.0,22050,1,float32,-15.0,-19.142793832525058,-15.000148985171117,0.6139541864395142,0.8697713017463684,True,0.27961624494987625,0.0002549302549302549,True,False,d400a32f5134867f777b805976ef67637c0f8889362edc1f3b97969ddc384b2b,verified_existing,2026-08-01,11ad09ff644382dbc2cfeccf6d6d7b3a55178d0f54719444e1de1fdf0fbd7b77,
focus_jamendo_1924921__180s,focus_jamendo_1924921,focus,discovery,180.0,focus_music/focus_jamendo_1924921.mp3,features/audio/180s/focus/discovery/focus_jamendo_1924921__180s.wav,204.0,12.0,180.0,180.0,22050,1,float32,-15.0,-21.594514844624197,-15.016264366991338,0.5476149320602417,0.8594017028808594,True,0.0,0.00034492315444696397,False,False,5daf5eee2dade8f8b6cee122cd290de16c5bc2424c4881c5de885407c2b51d3a,verified_existing,2026-08-01,11ad09ff644382dbc2cfeccf6d6d7b3a55178d0f54719444e1de1fdf0fbd7b77,
focus_jamendo_1924921__300s,focus_jamendo_1924921,focus,discovery,300.0,focus_music/focus_jamendo_1924921.mp3,features/audio/300s/focus/discovery/focus_jamendo_1924921__300s.wav,204.0,0.0,204.0,204.0,22050,1,float32,-15.0,-21.667482759381425,-15.000071197274746,0.5476149320602417,0.8594176769256592,True,0.0,0.0004546262949624294,True,False,b9be4f6466e3cb1402b7979ff80696f633af53d1258090f5547a264543ccccc3,verified_existing,2026-08-01,11ad09ff644382dbc2cfeccf6d6d7b3a55178d0f54719444e1de1fdf0fbd7b77,
focus_jamendo_1926373__180s,focus_jamendo_1926373,focus,discovery,180.0,focus_music/focus_jamendo_1926373.mp3,features/audio/180s/focus/discovery/focus_jamendo_1926373__180s.wav,195.0,7.5,180.0,180.0,22050,1,float32,-15.0,-15.624502341887757,-15.007515540815687,0.9845230579376221,0.859388530254364,True,0.0,0.0004902998236331569,False,False,6085574e4353f19a2bf3860a17a333c1e114c37dfb153943e27b6612e5886efd,verified_existing,2026-08-01,11ad09ff644382dbc2cfeccf6d6d7b3a55178d0f54719444e1de1fdf0fbd7b77,
focus_jamendo_1926373__300s,focus_jamendo_1926373,focus,discovery,300.0,focus_music/focus_jamendo_1926373.mp3,features/audio/300s/focus/discovery/focus_jamendo_1926373__300s.wav,195.0,0.0,195.0,195.0,22050,1,float32,-15.0,-15.747513318318946,-15.004319224824817,0.9845230579376221,0.8593965768814087,True,0.0,0.0005330542473399616,True,False,e7e871de56df61e021e22f10cc31ce121cfbc889d7db1a95411e2e0b0b0767c4,verified_existing,2026-08-01,11ad09ff644382dbc2cfeccf6d6d7b3a55178d0f54719444e1de1fdf0fbd7b77,
focus_jamendo_1928112__180s,focus_jamendo_1928112,focus,validation,180.0,focus_music/focus_jamendo_1928112.mp3,features/audio/180s/focus/validation/focus_jamendo_1928112__180s.wav,181.786,0.8930000000000007,180.0,180.0,22050,1,float32,-15.0,-20.195629819543427,-15.00983694424026,1.1549103260040283,0.8819121718406677,True,0.8089236033750531,0.0025389266817838247,False,False,deaffbc781cfd01568c7b87b93c2d4becb4e9e3c91e8cf165f6968ed35ebcc50,verified_existing,2026-08-01,11ad09ff644382dbc2cfeccf6d6d7b3a55178d0f54719444e1de1fdf0fbd7b77,
focus_jamendo_1928112__300s,focus_jamendo_1928112,focus,validation,300.0,focus_music/focus_jamendo_1928112.mp3,features/audio/300s/focus/validation/focus_jamendo_1928112__300s.wav,181.786,0.0,181.786,181.71356009070294,22050,1,float32,-15.0,-20.195347244701406,-15.00960211921453,1.1547763347625732,0.8817486763000488,True,0.8006819055476218,0.0025144854327061304,True,False,f13839733468bcab9e389847bad569ab0da199f1e57dd4dc502ef679aa7a85e5,verified_existing,2026-08-01,11ad09ff644382dbc2cfeccf6d6d7b3a55178d0f54719444e1de1fdf0fbd7b77,
focus_jamendo_1929250__180s,focus_jamendo_1929250,focus,discovery,180.0,focus_music/focus_jamendo_1929250.mp3,features/audio/180s/focus/discovery/focus_jamendo_1929250__180s.wav,653.0,236.5,180.0,180.0,22050,1,float32,-15.0,-15.314815674463288,-15.008562538147126,1.1240270137786865,0.8594014048576355,True,0.0,0.0004275636180398085,False,False,e142f1e607b31bcaa18a57cd6e27a4e72c396f8bd868b5ffad837ffd578a4f29,verified_existing,2026-08-01,11ad09ff644382dbc2cfeccf6d6d7b3a55178d0f54719444e1de1fdf0fbd7b77,
focus_jamendo_1929250__300s,focus_jamendo_1929250,focus,discovery,300.0,focus_music/focus_jamendo_1929250.mp3,features/audio/300s/focus/discovery/focus_jamendo_1929250__300s.wav,653.0,176.5,300.0,300.0,22050,1,float32,-15.0,-15.28790984511698,-15.013604590314603,1.1240270137786865,0.8594033122062683,True,0.0,0.00044429327286470144,False,False,f8d638bdb165ac5e5062a63ea76a461d8c03a4f653b784a768ef545a0b8fd557,verified_existing,2026-08-01,11ad09ff644382dbc2cfeccf6d6d7b3a55178d0f54719444e1de1fdf0fbd7b77,
focus_jamendo_1931218__180s,focus_jamendo_1931218,focus,discovery,180.0,focus_music/focus_jamendo_1931218.mp3,features/audio/180s/focus/discovery/focus_jamendo_1931218__180s.wav,326.269,73.1345,180.0,180.0,22050,1,float32,-15.0,-15.153006698746578,-14.961081367473252,1.2269952297210693,0.8594182729721069,True,0.0,0.0015109599395313682,False,False,9a6e418dc82155cca5b484d29b1d90e592ae420adb4c23f7dc6df4a1e266eae1,verified_existing,2026-08-01,11ad09ff644382dbc2cfeccf6d6d7b3a55178d0f54719444e1de1fdf0fbd7b77,
focus_jamendo_1931218__300s,focus_jamendo_1931218,focus,discovery,300.0,focus_music/focus_jamendo_1931218.mp3,features/audio/300s/focus/discovery/focus_jamendo_1931218__300s.wav,326.269,13.134500000000003,300.0,300.0,22050,1,float32,-15.0,-15.629191277547845,-14.998004229527114,1.2269952297210693,0.8594988584518433,True,0.0,0.0016867724867724867,False,False,f6cbbad1f63fe6ad275c14da20f022c2f5a72956bc1ebe209b33aeb3f80d1b5b,verified_existing,2026-08-01,11ad09ff644382dbc2cfeccf6d6d7b3a55178d0f54719444e1de1fdf0fbd7b77,
focus_jamendo_1932519__180s,focus_jamendo_1932519,focus,holdout,180.0,focus_music/focus_jamendo_1932519.mp3,features/audio/180s/focus/holdout/focus_jamendo_1932519__180s.wav,600.0,210.0,180.0,180.0,22050,1,float32,-15.0,-21.134162408213164,-15.065446619670597,0.6677727699279785,0.8594213128089905,True,0.0,0.0013313177122700932,False,False,759c9183b2d89855a1cc93c9d98bb35358863b94826664e0a43cf1d3c090ad41,verified_existing,2026-08-01,11ad09ff644382dbc2cfeccf6d6d7b3a55178d0f54719444e1de1fdf0fbd7b77,
focus_jamendo_1932519__300s,focus_jamendo_1932519,focus,holdout,300.0,focus_music/focus_jamendo_1932519.mp3,features/audio/300s/focus/holdout/focus_jamendo_1932519__300s.wav,600.0,150.0,300.0,300.0,22050,1,float32,-15.0,-19.985702179208232,-15.157394973327959,0.8556703329086304,0.8594611287117004,True,0.0,0.0015215419501133788,False,False,fce25f6a9be368f8b6c2ac796b3c4ef2214c8e29b5fff1ce7d47db9acc1ab6ea,verified_existing,2026-08-01,11ad09ff644382dbc2cfeccf6d6d7b3a55178d0f54719444e1de1fdf0fbd7b77,
focus_jamendo_1935622__180s,focus_jamendo_1935622,focus,discovery,180.0,focus_music/focus_jamendo_1935622.mp3,features/audio/180s/focus/discovery/focus_jamendo_1935622__180s.wav,600.059,210.02949999999998,180.0,180.0,22050,1,float32,-15.0,-25.262362811818427,-15.009036880554858,0.29736268520355225,0.8592256903648376,True,0.0,0.00015167548500881833,False,False,935b22203e4ba5e3edb58ca1b4ae6b31ca8651a19277efad5be05e47f9cd3eb6,verified_existing,2026-08-01,11ad09ff644382dbc2cfeccf6d6d7b3a55178d0f54719444e1de1fdf0fbd7b77,
focus_jamendo_1935622__300s,focus_jamendo_1935622,focus,discovery,300.0,focus_music/focus_jamendo_1935622.mp3,features/audio/300s/focus/discovery/focus_jamendo_1935622__300s.wav,600.059,150.02949999999998,300.0,300.0,22050,1,float32,-15.0,-25.258467739861167,-15.008877017640973,0.29736268520355225,0.8592256903648376,True,0.0,0.00012653061224489795,False,False,30cf480a4a18a3d38d310faaf74b013c008e06094dd7e2a98cf7274e512f7ee9,verified_existing,2026-08-01,11ad09ff644382dbc2cfeccf6d6d7b3a55178d0f54719444e1de1fdf0fbd7b77,
focus_jamendo_1935873__180s,focus_jamendo_1935873,focus,discovery,180.0,focus_music/focus_jamendo_1935873.mp3,features/audio/180s/focus/discovery/focus_jamendo_1935873__180s.wav,194.0,7.0,180.0,180.0,22050,1,float32,-15.0,-15.545492577992807,-15.019015009388424,0.8398908376693726,0.8588516116142273,True,0.0,4.4595616024187454e-05,False,False,79f477a4a1b8606a441e54d22b9a44127be2bc080b260c18e7a14a9430c66b9b,verified_existing,2026-08-01,11ad09ff644382dbc2cfeccf6d6d7b3a55178d0f54719444e1de1fdf0fbd7b77,
focus_jamendo_1935873__300s,focus_jamendo_1935873,focus,discovery,300.0,focus_music/focus_jamendo_1935873.mp3,features/audio/300s/focus/discovery/focus_jamendo_1935873__300s.wav,194.0,0.0,194.0,194.0,22050,1,float32,-15.0,-15.630606098886016,-15.015114322630312,0.8398908376693726,0.8593899011611938,True,0.0,5.493606377258807e-05,True,False,b2a0eec7c855c43db0c8388c7786f478b1816f404ff995ddb32bd1485b1ba283,verified_existing,2026-08-01,11ad09ff644382dbc2cfeccf6d6d7b3a55178d0f54719444e1de1fdf0fbd7b77,
focus_jamendo_1935877__180s,focus_jamendo_1935877,focus,discovery,180.0,focus_music/focus_jamendo_1935877.mp3,features/audio/180s/focus/discovery/focus_jamendo_1935877__180s.wav,264.072,42.036,180.0,180.0,22050,1,float32,-15.0,-16.76613079566428,-15.010720614599748,0.9122689962387085,0.8594651818275452,True,0.0,0.00020433358528596624,False,False,e07fb19aa600d5389ff2f75e22bbd4bccb0cb995b41f574d1e7019929123aacd,verified_existing,2026-08-01,11ad09ff644382dbc2cfeccf6d6d7b3a55178d0f54719444e1de1fdf0fbd7b77,
focus_jamendo_1935877__300s,focus_jamendo_1935877,focus,discovery,300.0,focus_music/focus_jamendo_1935877.mp3,features/audio/300s/focus/discovery/focus_jamendo_1935877__300s.wav,264.072,0.0,264.072,264.0,22050,1,float32,-15.0,-16.87057085963354,-15.0112036938131,0.9122689962387085,0.859545886516571,True,0.0,0.00020734556448842164,True,False,91f0dc7821bc5369c4704f7b52e50026388399a8ecf7f01602a83e81c959cc7b,verified_existing,2026-08-01,11ad09ff644382dbc2cfeccf6d6d7b3a55178d0f54719444e1de1fdf0fbd7b77,
focus_jamendo_1939376__180s,focus_jamendo_1939376,focus,holdout,180.0,focus_music/focus_jamendo_1939376.mp3,features/audio/180s/focus/holdout/focus_jamendo_1939376__180s.wav,286.459,53.2295,180.0,180.0,22050,1,float32,-15.0,-15.899022642715465,-15.113331045157846,1.1647143363952637,0.8599675297737122,True,0.0,0.0012801713277903754,False,False,9b4867365a0b9dfd6cabfe1aef4f55d7731bebba2b74bb93b7608991e4aed29d,verified_existing,2026-08-01,11ad09ff644382dbc2cfeccf6d6d7b3a55178d0f54719444e1de1fdf0fbd7b77,
focus_jamendo_1939376__300s,focus_jamendo_1939376,focus,holdout,300.0,focus_music/focus_jamendo_1939376.mp3,features/audio/300s/focus/holdout/focus_jamendo_1939376__300s.wav,286.459,0.0,286.459,286.4,22050,1,float32,-15.0,-16.520797134706058,-15.175608960713877,1.1629126071929932,0.8599480986595154,True,0.0,0.0013586440162657242,True,False,50bb324cf0067dbaddf1fe8b0fb57407f4f1dde35f974981d60a7ab0d0184a2f,verified_existing,2026-08-01,11ad09ff644382dbc2cfeccf6d6d7b3a55178d0f54719444e1de1fdf0fbd7b77,
focus_jamendo_1939637__180s,focus_jamendo_1939637,focus,validation,180.0,focus_music/focus_jamendo_1939637.mp3,features/audio/180s/focus/validation/focus_jamendo_1939637__180s.wav,125.074,0.0,125.074,125.0,22050,1,float32,-15.0,-20.416122871484184,-15.016736583374934,0.5435829162597656,0.8593802452087402,True,0.0,0.0002035374149659864,True,False,6a96679bce2ec5b7166569f3aa4451d7e2727c7f1a0245e1c548d26f0e203f75,verified_existing,2026-08-01,11ad09ff644382dbc2cfeccf6d6d7b3a55178d0f54719444e1de1fdf0fbd7b77,
focus_jamendo_1939637__300s,focus_jamendo_1939637,focus,validation,300.0,focus_music/focus_jamendo_1939637.mp3,features/audio/300s/focus/validation/focus_jamendo_1939637__300s.wav,125.074,0.0,125.074,125.0,22050,1,float32,-15.0,-20.416122871484184,-15.016736583374934,0.5435829162597656,0.8593802452087402,True,0.0,0.0002035374149659864,True,False,6a96679bce2ec5b7166569f3aa4451d7e2727c7f1a0245e1c548d26f0e203f75,verified_existing,2026-08-01,11ad09ff644382dbc2cfeccf6d6d7b3a55178d0f54719444e1de1fdf0fbd7b77,
focus_jamendo_1942807__180s,focus_jamendo_1942807,focus,discovery,180.0,focus_music/focus_jamendo_1942807.mp3,features/audio/180s/focus/discovery/focus_jamendo_1942807__180s.wav,128.0,0.0,128.0,128.0,22050,1,float32,-15.0,-18.65852237360073,-15.12313980932822,0.7983485460281372,0.8594306707382202,True,0.0,0.00014845521541950114,True,False,25522ca82ad9b646682a819e32bb23245b0eea42e4781dbbef67ccab0a64fee0,verified_existing,2026-08-01,11ad09ff644382dbc2cfeccf6d6d7b3a55178d0f54719444e1de1fdf0fbd7b77,
focus_jamendo_1942807__300s,focus_jamendo_1942807,focus,discovery,300.0,focus_music/focus_jamendo_1942807.mp3,features/audio/300s/focus/discovery/focus_jamendo_1942807__300s.wav,128.0,0.0,128.0,128.0,22050,1,float32,-15.0,-18.65852237360073,-15.12313980932822,0.7983485460281372,0.8594306707382202,True,0.0,0.00014845521541950114,True,False,40af9d9e2ea135b21375fd219334f4e1e3995f6d3374efb2250f9a7889bf0383,verified_existing,2026-08-01,11ad09ff644382dbc2cfeccf6d6d7b3a55178d0f54719444e1de1fdf0fbd7b77,
focus_jamendo_1945054__180s,focus_jamendo_1945054,focus,validation,180.0,focus_music/focus_jamendo_1945054.mp3,features/audio/180s/focus/validation/focus_jamendo_1945054__180s.wav,595.0,207.5,180.0,180.0,22050,1,float32,-15.0,-18.47613545165756,-15.021463447902878,0.8497796058654785,0.8595767617225647,True,0.0,0.0003925422020660116,False,False,815697ca59926409725b5d1217448fa8c33f20f20fe539b083b84f7b63f6dbc8,verified_existing,2026-08-01,11ad09ff644382dbc2cfeccf6d6d7b3a55178d0f54719444e1de1fdf0fbd7b77,
focus_jamendo_1945054__300s,focus_jamendo_1945054,focus,validation,300.0,focus_music/focus_jamendo_1945054.mp3,features/audio/300s/focus/validation/focus_jamendo_1945054__300s.wav,595.0,147.5,300.0,300.0,22050,1,float32,-15.0,-18.724464495834592,-14.993167799305482,0.8497796058654785,0.8595767617225647,True,0.0,0.0003910808767951625,False,False,6f78e96d3e2f1a4b7fd44c3d3b6833dc8ddcaa2636d5f9b771a54f149ad0f347,verified_existing,2026-08-01,11ad09ff644382dbc2cfeccf6d6d7b3a55178d0f54719444e1de1fdf0fbd7b77,
focus_jamendo_1953401__180s,focus_jamendo_1953401,focus,discovery,180.0,focus_music/focus_jamendo_1953401.mp3,features/audio/180s/focus/discovery/focus_jamendo_1953401__180s.wav,502.0,161.0,180.0,180.0,22050,1,float32,-15.0,-17.648463876937225,-15.013253724297483,0.966649055480957,0.8593902587890625,True,0.0,0.0005338876291257243,False,False,78b526c14e319686e55230ad88dde9551a8f15d1beb448b073389d3598d303b1,verified_existing,2026-08-01,11ad09ff644382dbc2cfeccf6d6d7b3a55178d0f54719444e1de1fdf0fbd7b77,
focus_jamendo_1953401__300s,focus_jamendo_1953401,focus,discovery,300.0,focus_music/focus_jamendo_1953401.mp3,features/audio/300s/focus/discovery/focus_jamendo_1953401__300s.wav,502.0,101.0,300.0,300.0,22050,1,float32,-15.0,-17.599113805087626,-15.00047005660638,0.966649055480957,0.8593963384628296,True,0.0,0.0005563114134542706,False,False,0c9e330ee7f00692cd95322cc53a8e9d206c72520c1ef87b7af7091f58637c3c,verified_existing,2026-08-01,11ad09ff644382dbc2cfeccf6d6d7b3a55178d0f54719444e1de1fdf0fbd7b77,
focus_jamendo_1956108__180s,focus_jamendo_1956108,focus,discovery,180.0,focus_music/focus_jamendo_1956108.mp3,features/audio/180s/focus/discovery/focus_jamendo_1956108__180s.wav,599.0,209.5,180.0,180.0,22050,1,float32,-15.0,-13.964435219235916,-15.017011368518146,1.2886574268341064,0.859394371509552,True,0.0,0.0002932728647014361,False,False,5686eef434c78f651432c2a5891a68362a92aae25c33f4058fa86e3f01adf90a,verified_existing,2026-08-01,11ad09ff644382dbc2cfeccf6d6d7b3a55178d0f54719444e1de1fdf0fbd7b77,
focus_jamendo_1956108__300s,focus_jamendo_1956108,focus,discovery,300.0,focus_music/focus_jamendo_1956108.mp3,features/audio/300s/focus/discovery/focus_jamendo_1956108__300s.wav,599.0,149.5,300.0,300.0,22050,1,float32,-15.0,-14.163672760531274,-15.007985909622942,1.2886574268341064,0.8593936562538147,True,0.0,0.0003779289493575208,False,False,b8c9c275cf596cab6e8331b462cb1cc9f2f9a59728016282decb08c575b60439,verified_existing,2026-08-01,11ad09ff644382dbc2cfeccf6d6d7b3a55178d0f54719444e1de1fdf0fbd7b77,
focus_jamendo_1957365__180s,focus_jamendo_1957365,focus,validation,180.0,focus_music/focus_jamendo_1957365.mp3,features/audio/180s/focus/validation/focus_jamendo_1957365__180s.wav,234.0,27.0,180.0,180.0,22050,1,float32,-15.0,-11.473301004248423,-14.983344776823008,1.3157627582550049,0.8535604476928711,True,0.0,0.00010934744268077601,False,False,34bb498826ab17b3975f66960ae55af610c24e756cec56881409e2b11677fc59,verified_existing,2026-08-01,11ad09ff644382dbc2cfeccf6d6d7b3a55178d0f54719444e1de1fdf0fbd7b77,
focus_jamendo_1957365__300s,focus_jamendo_1957365,focus,validation,300.0,focus_music/focus_jamendo_1957365.mp3,features/audio/300s/focus/validation/focus_jamendo_1957365__300s.wav,234.0,0.0,234.0,234.0,22050,1,float32,-15.0,-11.563959370871919,-15.014011788165615,1.3157627582550049,0.8564143180847168,True,0.0,0.00011512297226582941,True,False,4d4d92c27a980b78eeb5de29ed50536c77598a79f6342848a983b3cb82720811,verified_existing,2026-08-01,11ad09ff644382dbc2cfeccf6d6d7b3a55178d0f54719444e1de1fdf0fbd7b77,
focus_jamendo_1957922__180s,focus_jamendo_1957922,focus,discovery,180.0,focus_music/focus_jamendo_1957922.mp3,features/audio/180s/focus/discovery/focus_jamendo_1957922__180s.wav,171.0,0.0,171.0,171.0,22050,1,float32,-15.0,-18.228828733454908,-15.1970282584787,0.7913421392440796,0.85940021276474,True,0.0,0.0003063213589529379,True,False,0eccd11a386f7be299c661188c18b92aa48d09f2fe359ea567c9f87c5e79c942,verified_existing,2026-08-01,11ad09ff644382dbc2cfeccf6d6d7b3a55178d0f54719444e1de1fdf0fbd7b77,
focus_jamendo_1957922__300s,focus_jamendo_1957922,focus,discovery,300.0,focus_music/focus_jamendo_1957922.mp3,features/audio/300s/focus/discovery/focus_jamendo_1957922__300s.wav,171.0,0.0,171.0,171.0,22050,1,float32,-15.0,-18.228828733454908,-15.1970282584787,0.7913421392440796,0.85940021276474,True,0.0,0.0003063213589529379,True,False,0eccd11a386f7be299c661188c18b92aa48d09f2fe359ea567c9f87c5e79c942,verified_existing,2026-08-01,11ad09ff644382dbc2cfeccf6d6d7b3a55178d0f54719444e1de1fdf0fbd7b77,
focus_jamendo_1959047__180s,focus_jamendo_1959047,focus,validation,180.0,focus_music/focus_jamendo_1959047.mp3,features/audio/180s/focus/validation/focus_jamendo_1959047__180s.wav,220.082,20.040999999999997,180.0,180.0,22050,1,float32,-15.0,-16.33596762936672,-15.135297334294883,1.3247225284576416,0.8695658445358276,True,0.0,0.006868984630889393,False,False,bc228e815c31489c386239056444c183f4f895b531a82ff701e9dff055fa0e03,verified_existing,2026-08-01,11ad09ff644382dbc2cfeccf6d6d7b3a55178d0f54719444e1de1fdf0fbd7b77,
focus_jamendo_1959047__300s,focus_jamendo_1959047,focus,validation,300.0,focus_music/focus_jamendo_1959047.mp3,features/audio/300s/focus/validation/focus_jamendo_1959047__300s.wav,220.082,0.0,220.082,220.0049433106576,22050,1,float32,-15.0,-16.354584061661765,-15.084728778773876,1.3330018520355225,0.8698851466178894,True,0.0,0.007338528159231219,True,False,d9acb0ee123181fed1ff217fa6f23cfa1f826edd2898720cbcb7fc860e25824a,verified_existing,2026-08-01,11ad09ff644382dbc2cfeccf6d6d7b3a55178d0f54719444e1de1fdf0fbd7b77,
focus_jamendo_1962000__180s,focus_jamendo_1962000,focus,validation,180.0,focus_music/focus_jamendo_1962000.mp3,features/audio/180s/focus/validation/focus_jamendo_1962000__180s.wav,268.199,44.099500000000006,180.0,180.0,22050,1,float32,-15.0,-19.659185073573777,-15.007552075992937,0.6086936593055725,0.8593497276306152,True,0.0,0.00021541950113378684,False,False,e6eed92951a1c39df19606cad2fbc9723862b8179e09191890acde86c163d559,verified_existing,2026-08-01,11ad09ff644382dbc2cfeccf6d6d7b3a55178d0f54719444e1de1fdf0fbd7b77,
focus_jamendo_1962000__300s,focus_jamendo_1962000,focus,validation,300.0,focus_music/focus_jamendo_1962000.mp3,features/audio/300s/focus/validation/focus_jamendo_1962000__300s.wav,268.199,0.0,268.199,268.12503401360544,22050,1,float32,-15.0,-19.994860867779746,-15.197312602754792,0.6086936593055725,0.8594228625297546,True,0.0,0.0004108483587293098,True,False,cec6ccb9737bf2c79de6432fb2e19778bb5ba94d506add47e8d18381474f50c2,verified_existing,2026-08-01,11ad09ff644382dbc2cfeccf6d6d7b3a55178d0f54719444e1de1fdf0fbd7b77,
focus_jamendo_1963475__180s,focus_jamendo_1963475,focus,discovery,180.0,focus_music/focus_jamendo_1963475.mp3,features/audio/180s/focus/discovery/focus_jamendo_1963475__180s.wav,181.0,0.5,180.0,180.0,22050,1,float32,-15.0,-17.56728983728324,-15.007311082768325,0.6506249904632568,0.8512087464332581,True,0.0,3.8296800201562104e-05,False,False,69c4863d8a1261845bd302a988e06585497e253b685f8a8dd95de11580f5c358,verified_existing,2026-08-01,11ad09ff644382dbc2cfeccf6d6d7b3a55178d0f54719444e1de1fdf0fbd7b77,
focus_jamendo_1963475__300s,focus_jamendo_1963475,focus,discovery,300.0,focus_music/focus_jamendo_1963475.mp3,features/audio/300s/focus/discovery/focus_jamendo_1963475__300s.wav,181.0,0.0,181.0,181.0,22050,1,float32,-15.0,-17.56728983728324,-15.01731041148679,0.6506249904632568,0.8506940603256226,True,0.0,3.7584094411245164e-05,True,False,a995b44c20be2cd1bc363cc4512f26adb9ead88ed74d141686bf38380e0ac684,verified_existing,2026-08-01,11ad09ff644382dbc2cfeccf6d6d7b3a55178d0f54719444e1de1fdf0fbd7b77,
focus_jamendo_1964726__180s,focus_jamendo_1964726,focus,holdout,180.0,focus_music/focus_jamendo_1964726.mp3,features/audio/180s/focus/holdout/focus_jamendo_1964726__180s.wav,303.0,61.5,180.0,180.0,22050,1,float32,-15.0,-16.192937802239005,-14.997276617424435,0.8452070951461792,0.8596524596214294,True,0.0,0.0001617535903250189,False,False,872464995532b499c44177344a6389bdc4f2f2f234ff4e21dc43e682d0f17582,verified_existing,2026-08-01,11ad09ff644382dbc2cfeccf6d6d7b3a55178d0f54719444e1de1fdf0fbd7b77,
focus_jamendo_1964726__300s,focus_jamendo_1964726,focus,holdout,300.0,focus_music/focus_jamendo_1964726.mp3,features/audio/300s/focus/holdout/focus_jamendo_1964726__300s.wav,303.0,1.5,300.0,300.0,22050,1,float32,-15.0,-16.31106352308087,-14.99980938610323,0.8736817836761475,0.8596524596214294,True,0.0,0.00027709750566893426,False,False,bce0164374ce832a37f95200ec3b249b8fa93d7e5c7d41523013ff7823ae1118,verified_existing,2026-08-01,11ad09ff644382dbc2cfeccf6d6d7b3a55178d0f54719444e1de1fdf0fbd7b77,
focus_jamendo_1964742__180s,focus_jamendo_1964742,focus,holdout,180.0,focus_music/focus_jamendo_1964742.mp3,features/audio/180s/focus/holdout/focus_jamendo_1964742__180s.wav,348.0,84.0,180.0,180.0,22050,1,float32,-15.0,-15.786917062342832,-15.000119933928172,1.0364165306091309,0.85943204164505,True,0.0,0.00030864197530864197,False,False,fa65adea6e20736a41ffc361d64727ba160a7c1ea404a32db95604bc7ab856cd,verified_existing,2026-08-01,11ad09ff644382dbc2cfeccf6d6d7b3a55178d0f54719444e1de1fdf0fbd7b77,
focus_jamendo_1964742__300s,focus_jamendo_1964742,focus,holdout,300.0,focus_music/focus_jamendo_1964742.mp3,features/audio/300s/focus/holdout/focus_jamendo_1964742__300s.wav,348.0,24.0,300.0,300.0,22050,1,float32,-15.0,-16.134227042509373,-15.011804856273688,1.0364165306091309,0.85943204164505,True,0.0,0.00034225245653817085,False,False,a3102ae7b0d979820977275a3465340183a5c0185660cbbfcfd12c7e392a1be0,verified_existing,2026-08-01,11ad09ff644382dbc2cfeccf6d6d7b3a55178d0f54719444e1de1fdf0fbd7b77,
focus_jamendo_1967104__180s,focus_jamendo_1967104,focus,discovery,180.0,focus_music/focus_jamendo_1967104.mp3,features/audio/180s/focus/discovery/focus_jamendo_1967104__180s.wav,364.408,92.20400000000001,180.0,180.0,22050,1,float32,-15.0,-14.912964634433328,-14.9958221975708,1.065690279006958,0.8593654036521912,True,0.0,0.0003106575963718821,False,False,4eef9d0067f7294b7eddeae2e55695dbd0a62f68680ffe669af1c752a189d409,verified_existing,2026-08-01,11ad09ff644382dbc2cfeccf6d6d7b3a55178d0f54719444e1de1fdf0fbd7b77,
focus_jamendo_1967104__300s,focus_jamendo_1967104,focus,discovery,300.0,focus_music/focus_jamendo_1967104.mp3,features/audio/300s/focus/discovery/focus_jamendo_1967104__300s.wav,364.408,32.20400000000001,300.0,300.0,22050,1,float32,-15.0,-15.78031319106726,-14.990471046602101,1.065690279006958,0.8594493865966797,True,0.0,0.000509750566893424,False,False,d9b227c8c83b250a9dd60994c079e308c36eccd26e66f00e4c7ee123f3ada0a3,verified_existing,2026-08-01,11ad09ff644382dbc2cfeccf6d6d7b3a55178d0f54719444e1de1fdf0fbd7b77,
focus_jamendo_1967111__180s,focus_jamendo_1967111,focus,discovery,180.0,focus_music/focus_jamendo_1967111.mp3,features/audio/180s/focus/discovery/focus_jamendo_1967111__180s.wav,254.0,37.0,180.0,180.0,22050,1,float32,-15.0,-14.704650311606239,-14.821793633864546,1.20559823513031,0.8595330715179443,True,0.0,0.001347946586041824,False,False,ef16eca3c142d6fbb01383f55cc146ad2746bf75cdccf1071927ab71a1fa8d4f,verified_existing,2026-08-01,11ad09ff644382dbc2cfeccf6d6d7b3a55178d0f54719444e1de1fdf0fbd7b77,
focus_jamendo_1967111__300s,focus_jamendo_1967111,focus,discovery,300.0,focus_music/focus_jamendo_1967111.mp3,features/audio/300s/focus/discovery/focus_jamendo_1967111__300s.wav,254.0,0.0,254.0,254.0,22050,1,float32,-15.0,-15.117074740344497,-14.968258798074599,1.20559823513031,0.8596048951148987,True,0.0,0.0013312621636581141,True,False,cf9e161730480050d512b283364003f776cee9e97fbac17c6bc28f07e614fb83,verified_existing,2026-08-01,11ad09ff644382dbc2cfeccf6d6d7b3a55178d0f54719444e1de1fdf0fbd7b77,
focus_jamendo_1968379__180s,focus_jamendo_1968379,focus,discovery,180.0,focus_music/focus_jamendo_1968379.mp3,features/audio/180s/focus/discovery/focus_jamendo_1968379__180s.wav,305.789,62.894499999999994,180.0,180.0,22050,1,float32,-15.0,-27.282220339022636,-15.011225556367458,0.2416209727525711,0.8593940138816833,True,0.0,0.0002620307382212144,False,False,c8ad2f77f44f449fddab6bc71304199ba2b6316a9b12606407c85b415d0b9d08,verified_existing,2026-08-01,11ad09ff644382dbc2cfeccf6d6d7b3a55178d0f54719444e1de1fdf0fbd7b77,
focus_jamendo_1968379__300s,focus_jamendo_1968379,focus,discovery,300.0,focus_music/focus_jamendo_1968379.mp3,features/audio/300s/focus/discovery/focus_jamendo_1968379__300s.wav,305.789,2.8944999999999936,300.0,300.0,22050,1,float32,-15.0,-27.537847057484992,-15.130691862563195,0.2416209727525711,0.8593908548355103,True,0.0,0.00024988662131519276,False,False,c75f204aa0dd9081a983da45dbbd1f5b7f49209ca46e99371a38cee8d362d0fb,verified_existing,2026-08-01,11ad09ff644382dbc2cfeccf6d6d7b3a55178d0f54719444e1de1fdf0fbd7b77,
focus_jamendo_1969508__180s,focus_jamendo_1969508,focus,discovery,180.0,focus_music/focus_jamendo_1969508.mp3,features/audio/180s/focus/discovery/focus_jamendo_1969508__180s.wav,133.0,0.0,133.0,133.0,22050,1,float32,-15.0,-15.799649195538619,-14.910748352282882,1.0113627910614014,0.8594649434089661,True,0.0,0.0023814638637409853,True,False,63a4d1768a2cdeb4b8ac8411af980c6781d9cf8152327655e123350b4abc378e,verified_existing,2026-08-01,11ad09ff644382dbc2cfeccf6d6d7b3a55178d0f54719444e1de1fdf0fbd7b77,
focus_jamendo_1969508__300s,focus_jamendo_1969508,focus,discovery,300.0,focus_music/focus_jamendo_1969508.mp3,features/audio/300s/focus/discovery/focus_jamendo_1969508__300s.wav,133.0,0.0,133.0,133.0,22050,1,float32,-15.0,-15.799649195538619,-14.910748352282882,1.0113627910614014,0.8594649434089661,True,0.0,0.0023814638637409853,True,False,b111b471704e7515ce17879b2649d99bb1b3fc3711ca36b976bcf7baabfc9b83,verified_existing,2026-08-01,11ad09ff644382dbc2cfeccf6d6d7b3a55178d0f54719444e1de1fdf0fbd7b77,
focus_jamendo_1976281__180s,focus_jamendo_1976281,focus,holdout,180.0,focus_music/focus_jamendo_1976281.mp3,features/audio/180s/focus/holdout/focus_jamendo_1976281__180s.wav,576.0,198.0,180.0,180.0,22050,1,float32,-15.0,-23.10131116013353,-15.021591527697439,0.46495962142944336,0.8594033122062683,True,0.0,0.0007059712773998489,False,False,2fc6c4cbc7fbcf6c98781f44fbea6403635b9160cd5e59363282e9f009c9188e,verified_existing,2026-08-01,11ad09ff644382dbc2cfeccf6d6d7b3a55178d0f54719444e1de1fdf0fbd7b77,
focus_jamendo_1976281__300s,focus_jamendo_1976281,focus,holdout,300.0,focus_music/focus_jamendo_1976281.mp3,features/audio/300s/focus/holdout/focus_jamendo_1976281__300s.wav,576.0,138.0,300.0,300.0,22050,1,float32,-15.0,-22.907979096881345,-15.011583571903744,0.46495962142944336,0.8594071269035339,True,0.0,0.0005865457294028723,False,False,5cefbbd7a3c366bc09a958da5e14060b0833459d740e406d151f77f0a098a305,verified_existing,2026-08-01,11ad09ff644382dbc2cfeccf6d6d7b3a55178d0f54719444e1de1fdf0fbd7b77,
focus_jamendo_1976293__180s,focus_jamendo_1976293,focus,holdout,180.0,focus_music/focus_jamendo_1976293.mp3,features/audio/180s/focus/holdout/focus_jamendo_1976293__180s.wav,601.104,210.55200000000002,180.0,180.0,22050,1,float32,-15.0,-23.447761449989496,-15.000008169282268,0.4749475121498108,0.8594911098480225,True,0.0,0.001018392542202066,False,False,8440eb4af24544ecae3b5444e64ab80dbcc097e1e7e60cf9674c34f61f892120,verified_existing,2026-08-01,11ad09ff644382dbc2cfeccf6d6d7b3a55178d0f54719444e1de1fdf0fbd7b77,
focus_jamendo_1976293__300s,focus_jamendo_1976293,focus,holdout,300.0,focus_music/focus_jamendo_1976293.mp3,features/audio/300s/focus/holdout/focus_jamendo_1976293__300s.wav,601.104,150.55200000000002,300.0,300.0,22050,1,float32,-15.0,-23.540858113878905,-15.025825021123788,0.4749475121498108,0.8594964742660522,True,0.0,0.0011135298563869993,False,False,d913e412790e68b91a53a0c67192b3823967e8a838a0d42ca201d4a5ff7983aa,verified_existing,2026-08-01,11ad09ff644382dbc2cfeccf6d6d7b3a55178d0f54719444e1de1fdf0fbd7b77,
focus_jamendo_1978485__180s,focus_jamendo_1978485,focus,discovery,180.0,focus_music/focus_jamendo_1978485.mp3,features/audio/180s/focus/discovery/focus_jamendo_1978485__180s.wav,336.0,78.0,180.0,180.0,22050,1,float32,-15.0,-18.861971449358506,-15.003357078886394,0.6309226751327515,0.8594046235084534,True,0.0,0.00020231796422272614,False,False,48f55584db14e070d187241cad50ae197420229a1dd712523fb8a0c629d033ed,verified_existing,2026-08-01,11ad09ff644382dbc2cfeccf6d6d7b3a55178d0f54719444e1de1fdf0fbd7b77,
focus_jamendo_1978485__300s,focus_jamendo_1978485,focus,discovery,300.0,focus_music/focus_jamendo_1978485.mp3,features/audio/300s/focus/discovery/focus_jamendo_1978485__300s.wav,336.0,18.0,300.0,300.0,22050,1,float32,-15.0,-19.207639917844176,-15.005185197986675,0.6309226751327515,0.8594139218330383,True,0.0,0.000272562358276644,False,False,25697a3799631d1ab9791572a5c2e0f3b6bea34afbb21b8648069ae311357181,verified_existing,2026-08-01,11ad09ff644382dbc2cfeccf6d6d7b3a55178d0f54719444e1de1fdf0fbd7b77,
focus_jamendo_1978695__180s,focus_jamendo_1978695,focus,discovery,180.0,focus_music/focus_jamendo_1978695.mp3,features/audio/180s/focus/discovery/focus_jamendo_1978695__180s.wav,322.769,71.3845,180.0,180.0,22050,1,float32,-15.0,-14.105634185246918,-15.012963584961872,1.0601811408996582,0.8594242334365845,True,0.0,0.0002602670697908793,False,False,0fab1dafb99bd58a26e65afb89542e8293d50f7a517a479f5aadfd52e7a1f039,verified_existing,2026-08-01,11ad09ff644382dbc2cfeccf6d6d7b3a55178d0f54719444e1de1fdf0fbd7b77,
focus_jamendo_1978695__300s,focus_jamendo_1978695,focus,discovery,300.0,focus_music/focus_jamendo_1978695.mp3,features/audio/300s/focus/discovery/focus_jamendo_1978695__300s.wav,322.769,11.384500000000003,300.0,300.0,22050,1,float32,-15.0,-14.596262574777356,-15.014123552927563,1.0601811408996582,0.8594242930412292,True,0.0,0.000418291761148904,False,False,3de50f2038c261d0418ffacad7c43399e7551ffbc3e43fdeeb0a8027f1125806,verified_existing,2026-08-01,11ad09ff644382dbc2cfeccf6d6d7b3a55178d0f54719444e1de1fdf0fbd7b77,
focus_jamendo_1978794__180s,focus_jamendo_1978794,focus,validation,180.0,focus_music/focus_jamendo_1978794.mp3,features/audio/180s/focus/validation/focus_jamendo_1978794__180s.wav,488.0,154.0,180.0,180.0,22050,1,float32,-15.0,-12.036782126856018,-15.00685301275542,1.2188451290130615,0.8470855355262756,True,0.0,0.00018241370622323005,False,False,8b08fd75850ddaa705d829702e85ca1b43f10757f585265c998be76ca8f5a879,verified_existing,2026-08-01,11ad09ff644382dbc2cfeccf6d6d7b3a55178d0f54719444e1de1fdf0fbd7b77,
focus_jamendo_1978794__300s,focus_jamendo_1978794,focus,validation,300.0,focus_music/focus_jamendo_1978794.mp3,features/audio/300s/focus/validation/focus_jamendo_1978794__300s.wav,488.0,94.0,300.0,300.0,22050,1,float32,-15.0,-12.141603143492482,-15.011701917341712,1.2188451290130615,0.8523420095443726,True,0.0,0.00021889644746787604,False,False,0c1c06e06c9f4212d941ed40250c0dd6cf9d96efab9f7151167c14dde669fbaa,verified_existing,2026-08-01,11ad09ff644382dbc2cfeccf6d6d7b3a55178d0f54719444e1de1fdf0fbd7b77,
focus_jamendo_1979493__180s,focus_jamendo_1979493,focus,discovery,180.0,focus_music/focus_jamendo_1979493.mp3,features/audio/180s/focus/discovery/focus_jamendo_1979493__180s.wav,306.181,63.09049999999999,180.0,180.0,22050,1,float32,-15.0,-15.790716291282392,-14.999627548923888,1.0405957698822021,0.8235733509063721,True,-0.6202220702256316,0.00012244897959183673,False,False,179d545cd0d80a17e7aee2edb9a2b01ef086581f63fd2a9177a48714a0ec2026,verified_existing,2026-08-01,11ad09ff644382dbc2cfeccf6d6d7b3a55178d0f54719444e1de1fdf0fbd7b77,
focus_jamendo_1979493__300s,focus_jamendo_1979493,focus,discovery,300.0,focus_music/focus_jamendo_1979493.mp3,features/audio/300s/focus/discovery/focus_jamendo_1979493__300s.wav,306.181,3.0904999999999916,300.0,300.0,22050,1,float32,-15.0,-15.955860963496146,-14.999097789216766,1.0405957698822021,0.8255212903022766,True,-0.5953816950788209,0.00037384731670445955,False,False,b4a26ccf45d97b23e9ad661c0e3e2ecb95fde03372a656a1de7c66f9cc8f5d1d,verified_existing,2026-08-01,11ad09ff644382dbc2cfeccf6d6d7b3a55178d0f54719444e1de1fdf0fbd7b77,
focus_jamendo_1980501__180s,focus_jamendo_1980501,focus,discovery,180.0,focus_music/focus_jamendo_1980501.mp3,features/audio/180s/focus/discovery/focus_jamendo_1980501__180s.wav,222.0,21.0,180.0,180.0,22050,1,float32,-15.0,-20.192668172514487,-15.01112063780276,0.6927464604377747,0.8593976497650146,True,0.0,0.0008861174099269337,False,False,96a8c615493af0a4788588e314b74d733caa6a53f00bc09381e371a700923acb,verified_existing,2026-08-01,11ad09ff644382dbc2cfeccf6d6d7b3a55178d0f54719444e1de1fdf0fbd7b77,
focus_jamendo_1980501__300s,focus_jamendo_1980501,focus,discovery,300.0,focus_music/focus_jamendo_1980501.mp3,features/audio/300s/focus/discovery/focus_jamendo_1980501__300s.wav,222.0,0.0,222.0,222.0,22050,1,float32,-15.0,-20.52721973019402,-14.985936768172582,0.6927464604377747,0.8593984842300415,True,0.0,0.001113358256215399,True,False,414901a9c0e1e2005019c8c57d0c01d78315b007a03f3cd9a1828bb6c1e480da,verified_existing,2026-08-01,11ad09ff644382dbc2cfeccf6d6d7b3a55178d0f54719444e1de1fdf0fbd7b77,
focus_jamendo_1981814__180s,focus_jamendo_1981814,focus,discovery,180.0,focus_music/focus_jamendo_1981814.mp3,features/audio/180s/focus/discovery/focus_jamendo_1981814__180s.wav,394.606,107.303,180.0,180.0,22050,1,float32,-15.0,-14.764142305142345,-15.00341705613319,1.1233224868774414,0.8596135377883911,True,0.0,0.00023582766439909298,False,False,f42267a9b963ba3a58dd6d9c3ae89fc6ee4e468d7b085315fd76118920efd2fa,verified_existing,2026-08-01,11ad09ff644382dbc2cfeccf6d6d7b3a55178d0f54719444e1de1fdf0fbd7b77,
focus_jamendo_1981814__300s,focus_jamendo_1981814,focus,discovery,300.0,focus_music/focus_jamendo_1981814.mp3,features/audio/300s/focus/discovery/focus_jamendo_1981814__300s.wav,394.606,47.303,300.0,300.0,22050,1,float32,-15.0,-14.621607609235005,-15.006978100502591,1.1233224868774414,0.8596135377883911,True,0.0,0.0002634920634920635,False,False,ef1f586585db6da501b6737c9e668934b75c588ad1959cc46bbdfb5e731cf283,verified_existing,2026-08-01,11ad09ff644382dbc2cfeccf6d6d7b3a55178d0f54719444e1de1fdf0fbd7b77,
focus_jamendo_1983051__180s,focus_jamendo_1983051,focus,discovery,180.0,focus_music/focus_jamendo_1983051.mp3,features/audio/180s/focus/discovery/focus_jamendo_1983051__180s.wav,221.0,20.5,180.0,180.0,22050,1,float32,-15.0,-20.898034644040674,-14.922175467213071,0.6174548864364624,0.8594000339508057,True,0.0,0.0004494834971025447,False,False,1439e040a5158f5a1cec234e7f6867fb782eeab8825ff85cb150ee342f8b3c9c,verified_existing,2026-08-01,11ad09ff644382dbc2cfeccf6d6d7b3a55178d0f54719444e1de1fdf0fbd7b77,
focus_jamendo_1983051__300s,focus_jamendo_1983051,focus,discovery,300.0,focus_music/focus_jamendo_1983051.mp3,features/audio/300s/focus/discovery/focus_jamendo_1983051__300s.wav,221.0,0.0,221.0,221.0,22050,1,float32,-15.0,-20.973001021536074,-14.909882522296062,0.6174548864364624,0.8594003319740295,True,0.0,0.0004588502067493664,True,False,d6af610bc5d1e838743233e1656871eceeb0190d64706e50a7c352aa69cd9cfd,verified_existing,2026-08-01,11ad09ff644382dbc2cfeccf6d6d7b3a55178d0f54719444e1de1fdf0fbd7b77,
focus_jamendo_1983056__180s,focus_jamendo_1983056,focus,discovery,180.0,focus_music/focus_jamendo_1983056.mp3,features/audio/180s/focus/discovery/focus_jamendo_1983056__180s.wav,222.0,21.0,180.0,180.0,22050,1,float32,-15.0,-21.62106103164654,-14.908488734914298,0.6475479602813721,0.859532356262207,True,0.0,0.000945326278659612,False,False,53c5bff1801e372e7ccdfd5bc9ed6a16b76ed3d590887997c6134bacbfaaea49,verified_existing,2026-08-01,11ad09ff644382dbc2cfeccf6d6d7b3a55178d0f54719444e1de1fdf0fbd7b77,
focus_jamendo_1983056__300s,focus_jamendo_1983056,focus,discovery,300.0,focus_music/focus_jamendo_1983056.mp3,features/audio/300s/focus/discovery/focus_jamendo_1983056__300s.wav,222.0,0.0,222.0,222.0,22050,1,float32,-15.0,-21.99372449308091,-14.981987896233317,0.6475479602813721,0.8595338463783264,True,0.0,0.0009039651896794754,True,False,967442e295eb69938b4815279ffc305d6441823f6c22db473c298bf0c3c16b83,verified_existing,2026-08-01,11ad09ff644382dbc2cfeccf6d6d7b3a55178d0f54719444e1de1fdf0fbd7b77,
focus_jamendo_1983239__180s,focus_jamendo_1983239,focus,discovery,180.0,focus_music/focus_jamendo_1983239.mp3,features/audio/180s/focus/discovery/focus_jamendo_1983239__180s.wav,379.272,99.636,180.0,180.0,22050,1,float32,-15.0,-14.634950065212932,-15.020366745153378,0.8265421390533447,0.8142741918563843,True,0.0,1.1337868480725624e-05,False,False,3b4e0f815c543eb7d676327298410510cf44d83ae8c304c1e88a5013ebd0ca4d,verified_existing,2026-08-01,11ad09ff644382dbc2cfeccf6d6d7b3a55178d0f54719444e1de1fdf0fbd7b77,
focus_jamendo_1983239__300s,focus_jamendo_1983239,focus,discovery,300.0,focus_music/focus_jamendo_1983239.mp3,features/audio/300s/focus/discovery/focus_jamendo_1983239__300s.wav,379.272,39.635999999999996,300.0,300.0,22050,1,float32,-15.0,-15.488486612102639,-15.013500078616808,0.8265421390533447,0.8522996306419373,True,0.0,3.038548752834467e-05,False,False,202ad00fd868993aae41eb4d0598ac19f730462c8b8f55eddaa2160ba53df1a0,verified_existing,2026-08-01,11ad09ff644382dbc2cfeccf6d6d7b3a55178d0f54719444e1de1fdf0fbd7b77,
focus_jamendo_1983242__180s,focus_jamendo_1983242,focus,discovery,180.0,focus_music/focus_jamendo_1983242.mp3,features/audio/180s/focus/discovery/focus_jamendo_1983242__180s.wav,280.242,50.12100000000001,180.0,180.0,22050,1,float32,-15.0,-12.114982295593094,-15.034982295681832,1.0110132694244385,0.7223652601242065,False,0.0,0.0,False,False,cce6fa726155d13f4187b399cff291acb16ba5bb47577a829cf932d3dc9aa6d8,verified_existing,2026-08-01,11ad09ff644382dbc2cfeccf6d6d7b3a55178d0f54719444e1de1fdf0fbd7b77,
focus_jamendo_1983242__300s,focus_jamendo_1983242,focus,discovery,300.0,focus_music/focus_jamendo_1983242.mp3,features/audio/300s/focus/discovery/focus_jamendo_1983242__300s.wav,280.242,0.0,280.242,280.1777777777778,22050,1,float32,-15.0,-12.499177012829053,-15.0091770127564,1.0110132694244385,0.7572806477546692,False,0.0,0.0,True,False,6ca78650634a291358a529a8a9df9a8780c1b7b5376168fa1f296e316f3e276e,verified_existing,2026-08-01,11ad09ff644382dbc2cfeccf6d6d7b3a55178d0f54719444e1de1fdf0fbd7b77,
focus_jamendo_1985293__180s,focus_jamendo_1985293,focus,discovery,180.0,focus_music/focus_jamendo_1985293.mp3,features/audio/180s/focus/discovery/focus_jamendo_1985293__180s.wav,318.433,69.2165,180.0,180.0,22050,1,float32,-15.0,-15.480871882443306,-14.86154391069721,1.2615702152252197,0.8615744709968567,True,0.0,0.0018505920886873269,False,False,7874017266809f2a67a96a214c950488704b7dddba6942289d3f305e019a6048,verified_existing,2026-08-01,11ad09ff644382dbc2cfeccf6d6d7b3a55178d0f54719444e1de1fdf0fbd7b77,
focus_jamendo_1985293__300s,focus_jamendo_1985293,focus,discovery,300.0,focus_music/focus_jamendo_1985293.mp3,features/audio/300s/focus/discovery/focus_jamendo_1985293__300s.wav,318.433,9.216499999999996,300.0,300.0,22050,1,float32,-15.0,-16.745997925289892,-14.817674794553623,1.2615702152252197,0.8616292476654053,True,0.0,0.00202161753590325,False,False,dd2ba992918a54d40123299c48d8cbf2684fe5f3354641ef274257a9d97c238d,verified_existing,2026-08-01,11ad09ff644382dbc2cfeccf6d6d7b3a55178d0f54719444e1de1fdf0fbd7b77,
focus_jamendo_1985295__180s,focus_jamendo_1985295,focus,discovery,180.0,focus_music/focus_jamendo_1985295.mp3,features/audio/180s/focus/discovery/focus_jamendo_1985295__180s.wav,471.928,145.964,180.0,180.0,22050,1,float32,-15.0,-16.275279118211774,-14.998764877316836,1.2578163146972656,0.8599734902381897,True,0.0,0.0011489040060468632,False,False,423dc6e56ba0100be45a3a8699de6cefc27d744dbcfb1578ebe317017807cf40,verified_existing,2026-08-01,11ad09ff644382dbc2cfeccf6d6d7b3a55178d0f54719444e1de1fdf0fbd7b77,
focus_jamendo_1985295__300s,focus_jamendo_1985295,focus,discovery,300.0,focus_music/focus_jamendo_1985295.mp3,features/audio/300s/focus/discovery/focus_jamendo_1985295__300s.wav,471.928,85.964,300.0,300.0,22050,1,float32,-15.0,-17.145338299792286,-14.835351474724908,1.2578163146972656,0.8600244522094727,True,0.0,0.0017714285714285714,False,False,58193a59d3d347d8649f812be371e4a523ba186ec4dcfa3da6cfdd140bc53958,verified_existing,2026-08-01,11ad09ff644382dbc2cfeccf6d6d7b3a55178d0f54719444e1de1fdf0fbd7b77,
focus_jamendo_1986013__180s,focus_jamendo_1986013,focus,discovery,180.0,focus_music/focus_jamendo_1986013.mp3,features/audio/180s/focus/discovery/focus_jamendo_1986013__180s.wav,263.0,41.5,180.0,180.0,22050,1,float32,-15.0,-15.768076323200338,-15.010174430126181,0.9525506496429443,0.8593912720680237,True,0.0,0.0003413958175862938,False,False,77693ae2e39afa8ecb4b0f4761655a1d021ff8afe3777d670de3e91472fbadb0,verified_existing,2026-08-01,11ad09ff644382dbc2cfeccf6d6d7b3a55178d0f54719444e1de1fdf0fbd7b77,
focus_jamendo_1986013__300s,focus_jamendo_1986013,focus,discovery,300.0,focus_music/focus_jamendo_1986013.mp3,features/audio/300s/focus/discovery/focus_jamendo_1986013__300s.wav,263.0,0.0,263.0,263.0,22050,1,float32,-15.0,-15.990978614866115,-14.955576684436124,0.9525506496429443,0.8593955039978027,True,0.0,0.00042488985454764924,True,False,5b5dd59e534c26bd6a66442fee7abaf0119a12941ecf321e2eeb44ee2ddc90d1,verified_existing,2026-08-01,11ad09ff644382dbc2cfeccf6d6d7b3a55178d0f54719444e1de1fdf0fbd7b77,
focus_jamendo_1987334__180s,focus_jamendo_1987334,focus,validation,180.0,focus_music/focus_jamendo_1987334.mp3,features/audio/180s/focus/validation/focus_jamendo_1987334__180s.wav,182.0,1.0,180.0,180.0,22050,1,float32,-15.0,-14.046300829959403,-15.003137717227744,1.0084154605865479,0.8326250314712524,True,0.0,2.3683547493071302e-05,False,False,9408d9c419b959d99d76688400274c9ed8b392b6a8c96e2c4bc974753737ef21,verified_existing,2026-08-01,11ad09ff644382dbc2cfeccf6d6d7b3a55178d0f54719444e1de1fdf0fbd7b77,
focus_jamendo_1987334__300s,focus_jamendo_1987334,focus,validation,300.0,focus_music/focus_jamendo_1987334.mp3,features/audio/300s/focus/validation/focus_jamendo_1987334__300s.wav,182.0,0.0,182.0,182.0,22050,1,float32,-15.0,-14.046300829959403,-15.008228723510854,1.0084154605865479,0.8592736721038818,True,0.0,5.282699160250181e-05,True,False,78111c81cf7c93a6aeee0810bec1b25e0959e231ec852cc0e704948db13a134c,verified_existing,2026-08-01,11ad09ff644382dbc2cfeccf6d6d7b3a55178d0f54719444e1de1fdf0fbd7b77,
focus_jamendo_1987580__180s,focus_jamendo_1987580,focus,validation,180.0,focus_music/focus_jamendo_1987580.mp3,features/audio/180s/focus/validation/focus_jamendo_1987580__180s.wav,691.592,255.796,180.0,180.0,22050,1,float32,-15.0,-28.463553719558828,-15.051984146399695,0.3499934673309326,0.8597344160079956,True,0.0,0.0014237843285462334,False,False,9460b5151534c3c4d8f5aec9cd02284e5416e15ffcd2a95ddc875e5b2014486a,verified_existing,2026-08-01,11ad09ff644382dbc2cfeccf6d6d7b3a55178d0f54719444e1de1fdf0fbd7b77,
focus_jamendo_1987580__300s,focus_jamendo_1987580,focus,validation,300.0,focus_music/focus_jamendo_1987580.mp3,features/audio/300s/focus/validation/focus_jamendo_1987580__300s.wav,691.592,195.796,300.0,300.0,22050,1,float32,-15.0,-28.787229003478537,-14.996215786425028,0.3499934673309326,0.8596808314323425,True,0.0,0.0013578231292517007,False,False,1df49488ac2eebfa9baa1bb824bf37658e6c463677b131a2e3a2c03e4d41c2dd,verified_existing,2026-08-01,11ad09ff644382dbc2cfeccf6d6d7b3a55178d0f54719444e1de1fdf0fbd7b77,
focus_jamendo_1989240__180s,focus_jamendo_1989240,focus,holdout,180.0,focus_music/focus_jamendo_1989240.mp3,features/audio/180s/focus/holdout/focus_jamendo_1989240__180s.wav,310.047,65.02350000000001,180.0,180.0,22050,1,float32,-15.0,-16.980432747192502,-14.993763910975588,0.888020932674408,0.8595706820487976,True,0.0,0.0002597631645250693,False,False,373d3fca61c5977467979dd484be5a113c22986feba21b56b484cc1fc528df08,verified_existing,2026-08-01,11ad09ff644382dbc2cfeccf6d6d7b3a55178d0f54719444e1de1fdf0fbd7b77,
focus_jamendo_1989240__300s,focus_jamendo_1989240,focus,holdout,300.0,focus_music/focus_jamendo_1989240.mp3,features/audio/300s/focus/holdout/focus_jamendo_1989240__300s.wav,310.047,5.023500000000013,300.0,300.0,22050,1,float32,-15.0,-16.736911986384246,-15.042512745733275,0.9033674597740173,0.8596240282058716,True,0.0,0.00029523809523809526,False,False,3d46710fbd000536d95d6d80aed255de185b8d65075ef8f832e684c3b1e7ba1c,verified_existing,2026-08-01,11ad09ff644382dbc2cfeccf6d6d7b3a55178d0f54719444e1de1fdf0fbd7b77,
focus_jamendo_1989577__180s,focus_jamendo_1989577,focus,discovery,180.0,focus_music/focus_jamendo_1989577.mp3,features/audio/180s/focus/discovery/focus_jamendo_1989577__180s.wav,647.0,233.5,180.0,180.0,22050,1,float32,-15.0,-32.58598569072491,-15.033594470951973,0.1622163951396942,0.8594677448272705,True,0.0,0.0008306878306878307,False,False,aa36a9987c90955edd6250af3e59dc6a33372acc013e44db4be77512b68e1a21,verified_existing,2026-08-01,11ad09ff644382dbc2cfeccf6d6d7b3a55178d0f54719444e1de1fdf0fbd7b77,
focus_jamendo_1989577__300s,focus_jamendo_1989577,focus,discovery,300.0,focus_music/focus_jamendo_1989577.mp3,features/audio/300s/focus/discovery/focus_jamendo_1989577__300s.wav,647.0,173.5,300.0,300.0,22050,1,float32,-15.0,-32.76225477409693,-15.037050373598545,0.1622163951396942,0.8594678044319153,True,0.0,0.0006376417233560091,False,False,1c7e537268be71e799a69ddd8548892ae514aa9328800169c81230f38f23180e,verified_existing,2026-08-01,11ad09ff644382dbc2cfeccf6d6d7b3a55178d0f54719444e1de1fdf0fbd7b77,
focus_jamendo_1993496__180s,focus_jamendo_1993496,focus,discovery,180.0,focus_music/focus_jamendo_1993496.mp3,features/audio/180s/focus/discovery/focus_jamendo_1993496__180s.wav,148.0,0.0,148.0,148.0,22050,1,float32,-15.0,-15.3418898251105,-15.001284458057897,1.0589971542358398,0.8710600733757019,True,0.30965103228907864,0.0013158056015198873,True,False,8dcff9b0c189fbf1123186b52017b0fa9e0b4c8774ad302e0c9ad302dd880a31,verified_existing,2026-08-01,11ad09ff644382dbc2cfeccf6d6d7b3a55178d0f54719444e1de1fdf0fbd7b77,
focus_jamendo_1993496__300s,focus_jamendo_1993496,focus,discovery,300.0,focus_music/focus_jamendo_1993496.mp3,features/audio/300s/focus/discovery/focus_jamendo_1993496__300s.wav,148.0,0.0,148.0,148.0,22050,1,float32,-15.0,-15.3418898251105,-15.001284458057897,1.0589971542358398,0.8710600733757019,True,0.30965103228907864,0.0013158056015198873,True,False,e34d40acab8cfe093993e64d45280a65e96a4db4c08563513bb486e0653f5f73,verified_existing,2026-08-01,11ad09ff644382dbc2cfeccf6d6d7b3a55178d0f54719444e1de1fdf0fbd7b77,
focus_jamendo_1994905__180s,focus_jamendo_1994905,focus,validation,180.0,focus_music/focus_jamendo_1994905.mp3,features/audio/180s/focus/validation/focus_jamendo_1994905__180s.wav,470.465,145.2325,180.0,180.0,22050,1,float32,-15.0,-13.657811664477522,-14.99468606971605,1.127004861831665,0.8563755750656128,True,0.0,0.00010027714789619551,False,False,8f7baf2eefef6536fff975080b2909dfa9cf355e71acbc2816d73e593b68b912,verified_existing,2026-08-01,11ad09ff644382dbc2cfeccf6d6d7b3a55178d0f54719444e1de1fdf0fbd7b77,
focus_jamendo_1994905__300s,focus_jamendo_1994905,focus,validation,300.0,focus_music/focus_jamendo_1994905.mp3,features/audio/300s/focus/validation/focus_jamendo_1994905__300s.wav,470.465,85.23249999999999,300.0,300.0,22050,1,float32,-15.0,-13.907664133576807,-14.978711173033377,1.127004861831665,0.8591985106468201,True,0.0,0.00015903250188964476,False,False,60f2fa53927ae90689e7832cd34ea5bb104c9fe557e40a39857ee73abd8a951c,verified_existing,2026-08-01,11ad09ff644382dbc2cfeccf6d6d7b3a55178d0f54719444e1de1fdf0fbd7b77,
focus_jamendo_1997549__180s,focus_jamendo_1997549,focus,holdout,180.0,focus_music/focus_jamendo_1997549.mp3,features/audio/180s/focus/holdout/focus_jamendo_1997549__180s.wav,387.474,103.737,180.0,180.0,22050,1,float32,-15.0,-15.435803567064545,-15.0025052686714,0.9720313549041748,0.8593783378601074,True,0.0,8.138070042831948e-05,False,False,c9563c18db24677e2c0cee864e96d765fce9bb1b8b6a57e8a86cb6dc9f97b923,verified_existing,2026-08-01,11ad09ff644382dbc2cfeccf6d6d7b3a55178d0f54719444e1de1fdf0fbd7b77,
focus_jamendo_1997549__300s,focus_jamendo_1997549,focus,holdout,300.0,focus_music/focus_jamendo_1997549.mp3,features/audio/300s/focus/holdout/focus_jamendo_1997549__300s.wav,387.474,43.736999999999995,300.0,300.0,22050,1,float32,-15.0,-15.391364913086509,-15.004402142708098,0.9720313549041748,0.8593779802322388,True,0.0,9.780801209372638e-05,False,False,78052d0341a04769d9324992a1cb560090dccfbb54400bd64d0a53f3a64e4bd2,verified_existing,2026-08-01,11ad09ff644382dbc2cfeccf6d6d7b3a55178d0f54719444e1de1fdf0fbd7b77,
focus_jamendo_2002309__180s,focus_jamendo_2002309,focus,discovery,180.0,focus_music/focus_jamendo_2002309.mp3,features/audio/180s/focus/discovery/focus_jamendo_2002309__180s.wav,225.0,22.5,180.0,180.0,22050,1,float32,-15.0,-18.16288258674865,-15.009246892485463,0.6487236022949219,0.8592022061347961,True,0.0,6.72713529856387e-05,False,False,56ef136fbb4e86fc84f52889f6dc6b9d28949743ac9524f2c7cad74370691f41,verified_existing,2026-08-01,11ad09ff644382dbc2cfeccf6d6d7b3a55178d0f54719444e1de1fdf0fbd7b77,
focus_jamendo_2002309__300s,focus_jamendo_2002309,focus,discovery,300.0,focus_music/focus_jamendo_2002309.mp3,features/audio/300s/focus/discovery/focus_jamendo_2002309__300s.wav,225.0,0.0,225.0,225.0,22050,1,float32,-15.0,-18.20950952129017,-15.009741407925281,0.6487236022949219,0.8590126633644104,True,0.0,7.881078357268833e-05,True,False,706d87199cbaa92b9b872beb3ca1b01ecc59fdfb8c46f1e436c18e6cc87abcd4,verified_existing,2026-08-01,11ad09ff644382dbc2cfeccf6d6d7b3a55178d0f54719444e1de1fdf0fbd7b77,
focus_jamendo_2004625__180s,focus_jamendo_2004625,focus,validation,180.0,focus_music/focus_jamendo_2004625.mp3,features/audio/180s/focus/validation/focus_jamendo_2004625__180s.wav,443.611,131.8055,180.0,180.0,22050,1,float32,-15.0,-19.789345691451935,-15.026678908916393,1.157257318496704,0.8793560862541199,True,0.6666643322151309,0.024753590325018896,False,False,830e04c35b263e61e5886d6b7caf6db1750baea570ee3f3577945a3e7bd58d5b,verified_existing,2026-08-01,11ad09ff644382dbc2cfeccf6d6d7b3a55178d0f54719444e1de1fdf0fbd7b77,
focus_jamendo_2004625__300s,focus_jamendo_2004625,focus,validation,300.0,focus_music/focus_jamendo_2004625.mp3,features/audio/300s/focus/validation/focus_jamendo_2004625__300s.wav,443.611,71.8055,300.0,300.0,22050,1,float32,-15.0,-18.92284481502348,-15.010166519592525,1.1708159446716309,0.8722377419471741,True,0.3605818187733245,0.016644444444444444,False,False,ec03db8c93ef8aaf69df321e23e3dfe3948896c6371213ca130155ae0d01c35e,verified_existing,2026-08-01,11ad09ff644382dbc2cfeccf6d6d7b3a55178d0f54719444e1de1fdf0fbd7b77,
focus_jamendo_2005032__180s,focus_jamendo_2005032,focus,discovery,180.0,focus_music/focus_jamendo_2005032.mp3,features/audio/180s/focus/discovery/focus_jamendo_2005032__180s.wav,521.117,170.55849999999998,180.0,180.0,22050,1,float32,-15.0,-18.15027580621131,-15.000968378769805,0.725838840007782,0.8595798015594482,True,0.0,0.0007576215671453767,False,False,632b2f5c8e104f1d980c93203346574ee602fb4cc868fb43ce186270123a391e,verified_existing,2026-08-01,11ad09ff644382dbc2cfeccf6d6d7b3a55178d0f54719444e1de1fdf0fbd7b77,
focus_jamendo_2005032__300s,focus_jamendo_2005032,focus,discovery,300.0,focus_music/focus_jamendo_2005032.mp3,features/audio/300s/focus/discovery/focus_jamendo_2005032__300s.wav,521.117,110.55849999999998,300.0,300.0,22050,1,float32,-15.0,-18.07095182991165,-15.005939911652412,0.729377269744873,0.8595798015594482,True,0.0,0.0006931216931216932,False,False,b15d0e0bdfd6803eb8cc76ebf111488c9cafaed23f2a00aab1693bd13cbaabbf,verified_existing,2026-08-01,11ad09ff644382dbc2cfeccf6d6d7b3a55178d0f54719444e1de1fdf0fbd7b77,
focus_jamendo_2005033__180s,focus_jamendo_2005033,focus,discovery,180.0,focus_music/focus_jamendo_2005033.mp3,features/audio/180s/focus/discovery/focus_jamendo_2005033__180s.wav,599.0,209.5,180.0,180.0,22050,1,float32,-15.0,-17.9862292659533,-14.99929917200224,0.7517795562744141,0.8597809672355652,True,0.0,0.0002784076593600403,False,False,bab1332206b1418816133e865d6afa455f9d5a506329befcd6b2e035d5127165,verified_existing,2026-08-01,11ad09ff644382dbc2cfeccf6d6d7b3a55178d0f54719444e1de1fdf0fbd7b77,
focus_jamendo_2005033__300s,focus_jamendo_2005033,focus,discovery,300.0,focus_music/focus_jamendo_2005033.mp3,features/audio/300s/focus/discovery/focus_jamendo_2005033__300s.wav,599.0,149.5,300.0,300.0,22050,1,float32,-15.0,-17.85813483081866,-14.996700216881566,0.7658442854881287,0.8596016764640808,True,0.0,0.0002984126984126984,False,False,146154419e46a135090eb08c2ad4f16561cee23082fe5cb8874c85bfbd5b7be8,verified_existing,2026-08-01,11ad09ff644382dbc2cfeccf6d6d7b3a55178d0f54719444e1de1fdf0fbd7b77,
focus_jamendo_2009953__180s,focus_jamendo_2009953,focus,discovery,180.0,focus_music/focus_jamendo_2009953.mp3,features/audio/180s/focus/discovery/focus_jamendo_2009953__180s.wav,149.0,0.0,149.0,149.0,22050,1,float32,-15.0,-15.83987568221132,-15.143330938784354,1.1352522373199463,0.8593968749046326,True,0.0,0.00036889923754736796,True,False,d040558cc37c03c67c73535d838fdf478b4a663fec03c5121f685f59bf719c22,verified_existing,2026-08-01,11ad09ff644382dbc2cfeccf6d6d7b3a55178d0f54719444e1de1fdf0fbd7b77,
focus_jamendo_2009953__300s,focus_jamendo_2009953,focus,discovery,300.0,focus_music/focus_jamendo_2009953.mp3,features/audio/300s/focus/discovery/focus_jamendo_2009953__300s.wav,149.0,0.0,149.0,149.0,22050,1,float32,-15.0,-15.83987568221132,-15.143330938784354,1.1352522373199463,0.8593968749046326,True,0.0,0.00036889923754736796,True,False,d040558cc37c03c67c73535d838fdf478b4a663fec03c5121f685f59bf719c22,verified_existing,2026-08-01,11ad09ff644382dbc2cfeccf6d6d7b3a55178d0f54719444e1de1fdf0fbd7b77,
focus_jamendo_2015074__180s,focus_jamendo_2015074,focus,discovery,180.0,focus_music/focus_jamendo_2015074.mp3,features/audio/180s/focus/discovery/focus_jamendo_2015074__180s.wav,154.07,0.0,154.07,154.01002267573696,22050,1,float32,-15.0,-20.101945598010335,-15.005493797653846,0.7222223281860352,0.8818320035934448,True,0.8133586611713337,0.0016452090611059561,True,False,3dfc4c3d6490f168d46b95d655ce5165632842768a1857720bafd051652b9c31,verified_existing,2026-08-01,11ad09ff644382dbc2cfeccf6d6d7b3a55178d0f54719444e1de1fdf0fbd7b77,
focus_jamendo_2015074__300s,focus_jamendo_2015074,focus,discovery,300.0,focus_music/focus_jamendo_2015074.mp3,features/audio/300s/focus/discovery/focus_jamendo_2015074__300s.wav,154.07,0.0,154.07,154.01002267573696,22050,1,float32,-15.0,-20.101945598010335,-15.005493797653846,0.7222223281860352,0.8818320035934448,True,0.8133586611713337,0.0016452090611059561,True,False,3dfc4c3d6490f168d46b95d655ce5165632842768a1857720bafd051652b9c31,verified_existing,2026-08-01,11ad09ff644382dbc2cfeccf6d6d7b3a55178d0f54719444e1de1fdf0fbd7b77,
focus_jamendo_2019707__180s,focus_jamendo_2019707,focus,discovery,180.0,focus_music/focus_jamendo_2019707.mp3,features/audio/180s/focus/discovery/focus_jamendo_2019707__180s.wav,428.069,124.03450000000001,180.0,180.0,22050,1,float32,-15.0,-16.71120016038355,-15.006502808333911,1.2227239608764648,0.873062789440155,True,0.3411950624729716,0.003849584278155707,False,False,c218eafca7621edb908d1d429dda796a078f4575d939df18690df173a286d508,verified_existing,2026-08-01,11ad09ff644382dbc2cfeccf6d6d7b3a55178d0f54719444e1de1fdf0fbd7b77,
focus_jamendo_2019707__300s,focus_jamendo_2019707,focus,discovery,300.0,focus_music/focus_jamendo_2019707.mp3,features/audio/300s/focus/discovery/focus_jamendo_2019707__300s.wav,428.069,64.03450000000001,300.0,300.0,22050,1,float32,-15.0,-16.65952305091754,-15.006843990931882,1.2467834949493408,0.8740143775939941,True,0.3516358135267552,0.0038105820105820104,False,False,882d542ee661619639a703b1cc167a5604ca11447021f5572f031c08feca4bc9,verified_existing,2026-08-01,11ad09ff644382dbc2cfeccf6d6d7b3a55178d0f54719444e1de1fdf0fbd7b77,
focus_jamendo_2022629__180s,focus_jamendo_2022629,focus,validation,180.0,focus_music/focus_jamendo_2022629.mp3,features/audio/180s/focus/validation/focus_jamendo_2022629__180s.wav,480.052,150.026,180.0,180.0,22050,1,float32,-15.0,-18.42965951249894,-15.015974152553248,0.7965636253356934,0.8594302535057068,True,0.0,0.0004988662131519275,False,False,10f68984281e1ac8eced79499de6097f69c42bd3d1b645785336e01adeafdc73,verified_existing,2026-08-01,11ad09ff644382dbc2cfeccf6d6d7b3a55178d0f54719444e1de1fdf0fbd7b77,
focus_jamendo_2022629__300s,focus_jamendo_2022629,focus,validation,300.0,focus_music/focus_jamendo_2022629.mp3,features/audio/300s/focus/validation/focus_jamendo_2022629__300s.wav,480.052,90.02600000000001,300.0,300.0,22050,1,float32,-15.0,-18.323476312582667,-15.017614459040272,0.7965636253356934,0.8602690696716309,True,0.0,0.0005034013605442176,False,False,bd02d73d5b83d580b1bf2ec118db1ffc4469af7ee46e5c72113fe8d95ed32cf0,verified_existing,2026-08-01,11ad09ff644382dbc2cfeccf6d6d7b3a55178d0f54719444e1de1fdf0fbd7b77,
focus_jamendo_2023052__180s,focus_jamendo_2023052,focus,discovery,180.0,focus_music/focus_jamendo_2023052.mp3,features/audio/180s/focus/discovery/focus_jamendo_2023052__180s.wav,187.037,3.518500000000003,180.0,180.0,22050,1,float32,-15.0,-31.525230530624878,-15.039611752754666,0.19656643271446228,0.8593976497650146,True,0.0,0.0007881078357268833,False,False,aab56178d4bb7d52f55db03cdbfc73d7b09f8ffa79f9788ac99b9a10fefdc45f,verified_existing,2026-08-01,11ad09ff644382dbc2cfeccf6d6d7b3a55178d0f54719444e1de1fdf0fbd7b77,
focus_jamendo_2023052__300s,focus_jamendo_2023052,focus,discovery,300.0,focus_music/focus_jamendo_2023052.mp3,features/audio/300s/focus/discovery/focus_jamendo_2023052__300s.wav,187.037,0.0,187.037,186.96,22050,1,float32,-15.0,-31.560110766936237,-15.023929756860314,0.19656643271446228,0.8593962788581848,True,0.0,0.0009203224864328844,True,False,c4fd639af90af76992767e7ea571a0935f6c552506fa955e0429f25a8a71a8e6,verified_existing,2026-08-01,11ad09ff644382dbc2cfeccf6d6d7b3a55178d0f54719444e1de1fdf0fbd7b77,
focus_jamendo_2023746__180s,focus_jamendo_2023746,focus,discovery,180.0,focus_music/focus_jamendo_2023746.mp3,features/audio/180s/focus/discovery/focus_jamendo_2023746__180s.wav,190.563,5.281499999999994,180.0,180.0,22050,1,float32,-15.0,-20.007240441554796,-15.131270548313369,0.7600493431091309,0.8594748377799988,True,0.0,0.0009564121945074326,False,False,3179b3ef414c35b9553017ce78ae40f90c3af832de2db660f5cea6acb0e2f697,verified_existing,2026-08-01,11ad09ff644382dbc2cfeccf6d6d7b3a55178d0f54719444e1de1fdf0fbd7b77,
focus_jamendo_2023746__300s,focus_jamendo_2023746,focus,discovery,300.0,focus_music/focus_jamendo_2023746.mp3,features/audio/300s/focus/discovery/focus_jamendo_2023746__300s.wav,190.563,0.0,190.563,190.49002267573695,22050,1,float32,-15.0,-20.070398783637902,-15.131902393409726,0.7600493431091309,0.8594821691513062,True,0.0,0.0010611134191445622,True,False,ec9710f811518458f505cdec5ab75dcee18ba095e53c881a6ffe16d45fda8ada,verified_existing,2026-08-01,11ad09ff644382dbc2cfeccf6d6d7b3a55178d0f54719444e1de1fdf0fbd7b77,
focus_jamendo_2026945__180s,focus_jamendo_2026945,focus,discovery,180.0,focus_music/focus_jamendo_2026945.mp3,features/audio/180s/focus/discovery/focus_jamendo_2026945__180s.wav,582.06,201.02999999999997,180.0,180.0,22050,1,float32,-15.0,-14.526419802982856,-15.006432582668593,0.913705587387085,0.8463752269744873,True,0.0,7.583774250440917e-05,False,False,144706c46579a9d15e750647b08c93bdc4fc629117c4e8d63cde6cc8400d732e,verified_existing,2026-08-01,11ad09ff644382dbc2cfeccf6d6d7b3a55178d0f54719444e1de1fdf0fbd7b77,
focus_jamendo_2026945__300s,focus_jamendo_2026945,focus,discovery,300.0,focus_music/focus_jamendo_2026945.mp3,features/audio/300s/focus/discovery/focus_jamendo_2026945__300s.wav,582.06,141.02999999999997,300.0,300.0,22050,1,float32,-15.0,-14.591618182793017,-15.001637551923034,0.913705587387085,0.8501489758491516,True,0.0,8.571428571428571e-05,False,False,fef2cab896502c642486dd2039b6ea376873a652db4781301ee21d4425a2056a,verified_existing,2026-08-01,11ad09ff644382dbc2cfeccf6d6d7b3a55178d0f54719444e1de1fdf0fbd7b77,
focus_jamendo_2027198__180s,focus_jamendo_2027198,focus,discovery,180.0,focus_music/focus_jamendo_2027198.mp3,features/audio/180s/focus/discovery/focus_jamendo_2027198__180s.wav,585.0,202.5,180.0,180.0,22050,1,float32,-15.0,-15.866282872499976,-15.003109636791711,1.015472412109375,0.8593854308128357,True,0.0,0.0016785084404132022,False,False,41faa417da94150b24cec4a61d6bf52a2d18767287ed3202f88e6397c70f97b7,verified_existing,2026-08-01,11ad09ff644382dbc2cfeccf6d6d7b3a55178d0f54719444e1de1fdf0fbd7b77,
focus_jamendo_2027198__300s,focus_jamendo_2027198,focus,discovery,300.0,focus_music/focus_jamendo_2027198.mp3,features/audio/300s/focus/discovery/focus_jamendo_2027198__300s.wav,585.0,142.5,300.0,300.0,22050,1,float32,-15.0,-15.700991165345402,-15.022789298469966,1.015472412109375,0.8593974709510803,True,0.0,0.0015977324263038548,False,False,d8d2eec8df1da15eb103e20211ea45a534201216d4ca82db5f0094ad4537d582,verified_existing,2026-08-01,11ad09ff644382dbc2cfeccf6d6d7b3a55178d0f54719444e1de1fdf0fbd7b77,
focus_jamendo_2027199__180s,focus_jamendo_2027199,focus,discovery,180.0,focus_music/focus_jamendo_2027199.mp3,features/audio/180s/focus/discovery/focus_jamendo_2027199__180s.wav,338.0,79.0,180.0,180.0,22050,1,float32,-15.0,-15.867248533025778,-15.01537284257858,0.991121232509613,0.8593915700912476,True,0.0,0.0018019652305366592,False,False,b3b094751694127b4d4017af257378a6764b0ad0462caecff7fba1d5d2028e3f,verified_existing,2026-08-01,11ad09ff644382dbc2cfeccf6d6d7b3a55178d0f54719444e1de1fdf0fbd7b77,
focus_jamendo_2027199__300s,focus_jamendo_2027199,focus,discovery,300.0,focus_music/focus_jamendo_2027199.mp3,features/audio/300s/focus/discovery/focus_jamendo_2027199__300s.wav,338.0,19.0,300.0,300.0,22050,1,float32,-15.0,-15.826990821269307,-15.02320433804608,1.0369023084640503,0.8594225645065308,True,0.0,0.0017327286470143614,False,False,e73979a8d4deff5cf542e8b0857744171600f6090323e587573cd987d80bce45,verified_existing,2026-08-01,11ad09ff644382dbc2cfeccf6d6d7b3a55178d0f54719444e1de1fdf0fbd7b77,
focus_jamendo_2029578__180s,focus_jamendo_2029578,focus,holdout,180.0,focus_music/focus_jamendo_2029578.mp3,features/audio/180s/focus/holdout/focus_jamendo_2029578__180s.wav,163.0,0.0,163.0,163.0,22050,1,float32,-15.0,-19.6280181851972,-14.985056500549083,0.8844618797302246,0.8598566651344299,True,0.0,0.0017787237594424272,True,False,05b28b3de5817fc5d1a50a4d5f6a18d7d21b426fff1d04191aca59f4b2aa1f1f,verified_existing,2026-08-01,11ad09ff644382dbc2cfeccf6d6d7b3a55178d0f54719444e1de1fdf0fbd7b77,
focus_jamendo_2029578__300s,focus_jamendo_2029578,focus,holdout,300.0,focus_music/focus_jamendo_2029578.mp3,features/audio/300s/focus/holdout/focus_jamendo_2029578__300s.wav,163.0,0.0,163.0,163.0,22050,1,float32,-15.0,-19.6280181851972,-14.985056500549083,0.8844618797302246,0.8598566651344299,True,0.0,0.0017787237594424272,True,False,52c4e69ca1390e5f7b36c4946763d8c2eda18915db6ae47fd0f71acda6bf46e2,verified_existing,2026-08-01,11ad09ff644382dbc2cfeccf6d6d7b3a55178d0f54719444e1de1fdf0fbd7b77,
focus_jamendo_2032139__180s,focus_jamendo_2032139,focus,discovery,180.0,focus_music/focus_jamendo_2032139.mp3,features/audio/180s/focus/discovery/focus_jamendo_2032139__180s.wav,209.0,14.5,180.0,180.0,22050,1,float32,-15.0,-11.619504137129184,-15.006711984282239,1.3209904432296753,0.8593870997428894,True,0.0,0.0007591332829428067,False,False,c136d6ef50e8c7a553f81af074119588c6870981b66febb21ac6215d2bb67d0d,verified_existing,2026-08-01,11ad09ff644382dbc2cfeccf6d6d7b3a55178d0f54719444e1de1fdf0fbd7b77,
focus_jamendo_2032139__300s,focus_jamendo_2032139,focus,discovery,300.0,focus_music/focus_jamendo_2032139.mp3,features/audio/300s/focus/discovery/focus_jamendo_2032139__300s.wav,209.0,0.0,209.0,209.0,22050,1,float32,-15.0,-11.717276412444809,-15.00903928048585,1.3209904432296753,0.8593903183937073,True,0.0,0.0007781358157298007,True,False,4ed60ca8dc456c9cb28f9b314234caf78c08eb8c2f89e889cd7e3e84ed5dbea5,verified_existing,2026-08-01,11ad09ff644382dbc2cfeccf6d6d7b3a55178d0f54719444e1de1fdf0fbd7b77,
focus_jamendo_2032187__180s,focus_jamendo_2032187,focus,discovery,180.0,focus_music/focus_jamendo_2032187.mp3,features/audio/180s/focus/discovery/focus_jamendo_2032187__180s.wav,319.0,69.5,180.0,180.0,22050,1,float32,-15.0,-16.397546971739004,-15.017401378792135,0.9732382297515869,0.8594133853912354,True,0.0,0.00043940539178634417,False,False,88258bb11bd68732feca512c1f672dc5909d5a3717d9a02150bfbc87732fc1a9,verified_existing,2026-08-01,11ad09ff644382dbc2cfeccf6d6d7b3a55178d0f54719444e1de1fdf0fbd7b77,
focus_jamendo_2032187__300s,focus_jamendo_2032187,focus,discovery,300.0,focus_music/focus_jamendo_2032187.mp3,features/audio/300s/focus/discovery/focus_jamendo_2032187__300s.wav,319.0,9.5,300.0,300.0,22050,1,float32,-15.0,-16.609763732658884,-15.018825557083504,0.981044590473175,0.859404444694519,True,0.0,0.000635071806500378,False,False,c9878773972f173ccee83b103a712688d87042c0e498db41d19e85063d2bf12e,verified_existing,2026-08-01,11ad09ff644382dbc2cfeccf6d6d7b3a55178d0f54719444e1de1fdf0fbd7b77,
focus_jamendo_2032670__180s,focus_jamendo_2032670,focus,discovery,180.0,focus_music/focus_jamendo_2032670.mp3,features/audio/180s/focus/discovery/focus_jamendo_2032670__180s.wav,164.0,0.0,164.0,164.0,22050,1,float32,-15.0,-21.860936077648898,-14.803486965429327,0.5780146718025208,0.8594018816947937,True,0.0,0.0009606769537083126,True,False,736ded0ace4ea47e4aca4dde30c020250aa7744bf4cfa49f8ca16dc19c916a06,verified_existing,2026-08-01,11ad09ff644382dbc2cfeccf6d6d7b3a55178d0f54719444e1de1fdf0fbd7b77,
focus_jamendo_2032670__300s,focus_jamendo_2032670,focus,discovery,300.0,focus_music/focus_jamendo_2032670.mp3,features/audio/300s/focus/discovery/focus_jamendo_2032670__300s.wav,164.0,0.0,164.0,164.0,22050,1,float32,-15.0,-21.860936077648898,-14.803486965429327,0.5780146718025208,0.8594018816947937,True,0.0,0.0009606769537083126,True,False,2a18616dcb44cfb002c28ceece87c0630fc50410616e4b89b0a3c75425a179c1,verified_existing,2026-08-01,11ad09ff644382dbc2cfeccf6d6d7b3a55178d0f54719444e1de1fdf0fbd7b77,
focus_jamendo_2034075__180s,focus_jamendo_2034075,focus,discovery,180.0,focus_music/focus_jamendo_2034075.mp3,features/audio/180s/focus/discovery/focus_jamendo_2034075__180s.wav,185.0,2.5,180.0,180.0,22050,1,float32,-15.0,-18.333379006925174,-14.998411736112095,0.9790560007095337,0.8459603190422058,True,-0.2756438332361011,0.002892416225749559,False,False,29e3b8c3841056b42a152295edfecb89373769265f0c829353e57dd8662414a5,verified_existing,2026-08-01,11ad09ff644382dbc2cfeccf6d6d7b3a55178d0f54719444e1de1fdf0fbd7b77,
focus_jamendo_2034075__300s,focus_jamendo_2034075,focus,discovery,300.0,focus_music/focus_jamendo_2034075.mp3,features/audio/300s/focus/discovery/focus_jamendo_2034075__300s.wav,185.0,0.0,185.0,185.0,22050,1,float32,-15.0,-18.338144858524313,-14.998619854912516,0.9790560007095337,0.8480477333068848,True,-0.23772514356639718,0.002883373169087455,True,False,cea99feb9045f0de6b19c50a955aac47d155f38e6fb85e859acdc222dad0fa6e,verified_existing,2026-08-01,11ad09ff644382dbc2cfeccf6d6d7b3a55178d0f54719444e1de1fdf0fbd7b77,
focus_jamendo_2034860__180s,focus_jamendo_2034860,focus,discovery,180.0,focus_music/focus_jamendo_2034860.mp3,features/audio/180s/focus/discovery/focus_jamendo_2034860__180s.wav,427.0,123.5,180.0,180.0,22050,1,float32,-15.0,-17.934186741249412,-14.977923116962524,0.7883349061012268,0.8594212532043457,True,0.0,0.0006457545981355505,False,False,c894f8e8e42edf4f30ec9ba9bd5dedf2667ab8fd1f5cfa11c532d269f79188f8,verified_existing,2026-08-01,11ad09ff644382dbc2cfeccf6d6d7b3a55178d0f54719444e1de1fdf0fbd7b77,
focus_jamendo_2034860__300s,focus_jamendo_2034860,focus,discovery,300.0,focus_music/focus_jamendo_2034860.mp3,features/audio/300s/focus/discovery/focus_jamendo_2034860__300s.wav,427.0,63.5,300.0,300.0,22050,1,float32,-15.0,-18.082625959935466,-14.994292554297045,0.7883349061012268,0.8594366908073425,True,0.0,0.0008823885109599395,False,False,e52a3ed3d303cf4a099b02efb71eeb4251282dfb5eeb3b20b21e77d54c4a737e,verified_existing,2026-08-01,11ad09ff644382dbc2cfeccf6d6d7b3a55178d0f54719444e1de1fdf0fbd7b77,
focus_jamendo_2035379__180s,focus_jamendo_2035379,focus,discovery,180.0,focus_music/focus_jamendo_2035379.mp3,features/audio/180s/focus/discovery/focus_jamendo_2035379__180s.wav,185.0,2.5,180.0,180.0,22050,1,float32,-15.0,-18.333379006925174,-14.998411736112095,0.9790560007095337,0.8459603190422058,True,-0.2756438332361011,0.002892416225749559,False,False,6ea057022d3f6e3ad2a6416ba304773a44269c1cadbcd703cbb525ca5d0475cc,verified_existing,2026-08-01,11ad09ff644382dbc2cfeccf6d6d7b3a55178d0f54719444e1de1fdf0fbd7b77,
focus_jamendo_2035379__300s,focus_jamendo_2035379,focus,discovery,300.0,focus_music/focus_jamendo_2035379.mp3,features/audio/300s/focus/discovery/focus_jamendo_2035379__300s.wav,185.0,0.0,185.0,185.0,22050,1,float32,-15.0,-18.338144858524313,-14.998619854912516,0.9790560007095337,0.8480477333068848,True,-0.23772514356639718,0.002883373169087455,True,False,a93e8f0b7ae54119b80dae9b06938044d0c0baa5794eb1f537c091c70a811a88,verified_existing,2026-08-01,11ad09ff644382dbc2cfeccf6d6d7b3a55178d0f54719444e1de1fdf0fbd7b77,
focus_jamendo_2035939__180s,focus_jamendo_2035939,focus,discovery,180.0,focus_music/focus_jamendo_2035939.mp3,features/audio/180s/focus/discovery/focus_jamendo_2035939__180s.wav,427.0,123.5,180.0,180.0,22050,1,float32,-15.0,-19.917738802598063,-15.001498217971703,0.5372346639633179,0.8593802452087402,True,0.0,0.00032451499118165783,False,False,a9e8ec18a54f2a369217260480581f049363ede5a1e97ac62da551aa2353593a,verified_existing,2026-08-01,11ad09ff644382dbc2cfeccf6d6d7b3a55178d0f54719444e1de1fdf0fbd7b77,
focus_jamendo_2035939__300s,focus_jamendo_2035939,focus,discovery,300.0,focus_music/focus_jamendo_2035939.mp3,features/audio/300s/focus/discovery/focus_jamendo_2035939__300s.wav,427.0,63.5,300.0,300.0,22050,1,float32,-15.0,-20.302280315707698,-15.006346005281385,0.5372346639633179,0.8593945503234863,True,0.0,0.00035056689342403627,False,False,04b5d160be2805b84f72b82201656ccf2246581df2bc951f7a45059d7171132b,verified_existing,2026-08-01,11ad09ff644382dbc2cfeccf6d6d7b3a55178d0f54719444e1de1fdf0fbd7b77,
focus_jamendo_2037708__180s,focus_jamendo_2037708,focus,validation,180.0,focus_music/focus_jamendo_2037708.mp3,features/audio/180s/focus/validation/focus_jamendo_2037708__180s.wav,176.0,0.0,176.0,176.0,22050,1,float32,-15.0,-21.383811822483338,-15.139513820990857,1.018235445022583,0.8609170913696289,True,0.0,0.0029524840239125954,True,False,974e2b1dcd895bc13c636ba98f86fe717b250a824bf487e09e8279f833971072,verified_existing,2026-08-01,11ad09ff644382dbc2cfeccf6d6d7b3a55178d0f54719444e1de1fdf0fbd7b77,
focus_jamendo_2037708__300s,focus_jamendo_2037708,focus,validation,300.0,focus_music/focus_jamendo_2037708.mp3,features/audio/300s/focus/validation/focus_jamendo_2037708__300s.wav,176.0,0.0,176.0,176.0,22050,1,float32,-15.0,-21.383811822483338,-15.139513820990857,1.018235445022583,0.8609170913696289,True,0.0,0.0029524840239125954,True,False,783e0fd97859e6a7330af002a2d65ac406d64301abac5758b7c2f5cea54601ad,verified_existing,2026-08-01,11ad09ff644382dbc2cfeccf6d6d7b3a55178d0f54719444e1de1fdf0fbd7b77,
focus_jamendo_2039455__180s,focus_jamendo_2039455,focus,discovery,180.0,focus_music/focus_jamendo_2039455.mp3,features/audio/180s/focus/discovery/focus_jamendo_2039455__180s.wav,288.0,54.0,180.0,180.0,22050,1,float32,-15.0,-12.666486509600007,-15.015197397132338,1.2342491149902344,0.8594111204147339,True,0.0,0.00010707986898463088,False,False,1904166676e71ff0c245ab4788f446afef0ee33123249441f6eeca99a070d26a,verified_existing,2026-08-01,11ad09ff644382dbc2cfeccf6d6d7b3a55178d0f54719444e1de1fdf0fbd7b77,
focus_jamendo_2039455__300s,focus_jamendo_2039455,focus,discovery,300.0,focus_music/focus_jamendo_2039455.mp3,features/audio/300s/focus/discovery/focus_jamendo_2039455__300s.wav,288.0,0.0,288.0,288.0,22050,1,float32,-15.0,-12.813210193314218,-15.006180725408301,1.2759010791778564,0.859411895275116,True,0.0,0.00012550390526581002,True,False,16aa77ac9ca357d8d44b3b208d4981addddc03cf9f8ed59c09bfa64e9bd94b0c,verified_existing,2026-08-01,11ad09ff644382dbc2cfeccf6d6d7b3a55178d0f54719444e1de1fdf0fbd7b77,
focus_jamendo_2039456__180s,focus_jamendo_2039456,focus,discovery,180.0,focus_music/focus_jamendo_2039456.mp3,features/audio/180s/focus/discovery/focus_jamendo_2039456__180s.wav,336.0,78.0,180.0,180.0,22050,1,float32,-15.0,-14.587403696666703,-15.011431282419668,1.0504193305969238,0.8593863844871521,True,0.0,0.00010733182161753591,False,False,dbb8ac2dbb4f7e7752eea68cd56ed12fbf00ff4b0a38a2a58f008410f702478f,verified_existing,2026-08-01,11ad09ff644382dbc2cfeccf6d6d7b3a55178d0f54719444e1de1fdf0fbd7b77,
focus_jamendo_2039456__300s,focus_jamendo_2039456,focus,discovery,300.0,focus_music/focus_jamendo_2039456.mp3,features/audio/300s/focus/discovery/focus_jamendo_2039456__300s.wav,336.0,18.0,300.0,300.0,22050,1,float32,-15.0,-14.6248903941498,-15.01078025748473,1.0504193305969238,0.8593869805335999,True,0.0,0.0001182161753590325,False,False,7fcfc2394ee0c90e574665d38d1e5a9e18d5be47835a02410dbf185c9060b7fd,verified_existing,2026-08-01,11ad09ff644382dbc2cfeccf6d6d7b3a55178d0f54719444e1de1fdf0fbd7b77,
focus_jamendo_2039515__180s,focus_jamendo_2039515,focus,discovery,180.0,focus_music/focus_jamendo_2039515.mp3,features/audio/180s/focus/discovery/focus_jamendo_2039515__180s.wav,333.0,76.5,180.0,180.0,22050,1,float32,-15.0,-14.515836455057366,-14.999954652219895,1.0769975185394287,0.8594637513160706,True,0.0,0.00015419501133786848,False,False,40060c5429278571e91e09ecfbdfff69046c52cb1423c989009d00ea6cae27c7,verified_existing,2026-08-01,11ad09ff644382dbc2cfeccf6d6d7b3a55178d0f54719444e1de1fdf0fbd7b77,
focus_jamendo_2039515__300s,focus_jamendo_2039515,focus,discovery,300.0,focus_music/focus_jamendo_2039515.mp3,features/audio/300s/focus/discovery/focus_jamendo_2039515__300s.wav,333.0,16.5,300.0,300.0,22050,1,float32,-15.0,-14.750319444909733,-14.984670070942107,1.0769975185394287,0.8597530722618103,True,0.0,0.0001762660619803477,False,False,15f180ec07cedf45ecd253dd070a1a6c1eaca534881189171553fdc62d73f289,verified_existing,2026-08-01,11ad09ff644382dbc2cfeccf6d6d7b3a55178d0f54719444e1de1fdf0fbd7b77,
focus_jamendo_2039520__180s,focus_jamendo_2039520,focus,discovery,180.0,focus_music/focus_jamendo_2039520.mp3,features/audio/180s/focus/discovery/focus_jamendo_2039520__180s.wav,437.0,128.5,180.0,180.0,22050,1,float32,-15.0,-14.486470787912037,-15.014705693929043,1.1204206943511963,0.8597232103347778,True,0.0,0.00011715797430083145,False,False,4602a79970fe4e89a8831ca8beeef071661bd0d9993f345c63074cb656a43d9c,verified_existing,2026-08-01,11ad09ff644382dbc2cfeccf6d6d7b3a55178d0f54719444e1de1fdf0fbd7b77,
focus_jamendo_2039520__300s,focus_jamendo_2039520,focus,discovery,300.0,focus_music/focus_jamendo_2039520.mp3,features/audio/300s/focus/discovery/focus_jamendo_2039520__300s.wav,437.0,68.5,300.0,300.0,22050,1,float32,-15.0,-14.56185837357983,-15.00731325773868,1.1204206943511963,0.8597242832183838,True,0.0,0.00011141345427059713,False,False,6288fdb28f5ec0de54671bf375eed2562912a3a08c5a6939317eed8cec93d433,verified_existing,2026-08-01,11ad09ff644382dbc2cfeccf6d6d7b3a55178d0f54719444e1de1fdf0fbd7b77,
focus_jamendo_2041944__180s,focus_jamendo_2041944,focus,discovery,180.0,focus_music/focus_jamendo_2041944.mp3,features/audio/180s/focus/discovery/focus_jamendo_2041944__180s.wav,373.0,96.5,180.0,180.0,22050,1,float32,-15.0,-18.566257593875438,-14.983911179859366,0.8113532662391663,0.8595729470252991,True,0.0,0.0005918367346938776,False,False,3d180a0ce1341fbc0941b8ca4d076aaccd91a8e0c33ef111dc31fb80b2660e62,verified_existing,2026-08-01,11ad09ff644382dbc2cfeccf6d6d7b3a55178d0f54719444e1de1fdf0fbd7b77,
focus_jamendo_2041944__300s,focus_jamendo_2041944,focus,discovery,300.0,focus_music/focus_jamendo_2041944.mp3,features/audio/300s/focus/discovery/focus_jamendo_2041944__300s.wav,373.0,36.5,300.0,300.0,22050,1,float32,-15.0,-18.535098149526938,-15.009555727693632,0.8856268525123596,0.859573245048523,True,0.0,0.0005608465608465609,False,False,da29971db669b4832bcead95cddd9dc33035162e397b44ecf7b1142f38a32197,verified_existing,2026-08-01,11ad09ff644382dbc2cfeccf6d6d7b3a55178d0f54719444e1de1fdf0fbd7b77,
focus_jamendo_2041947__180s,focus_jamendo_2041947,focus,discovery,180.0,focus_music/focus_jamendo_2041947.mp3,features/audio/180s/focus/discovery/focus_jamendo_2041947__180s.wav,267.0,43.5,180.0,180.0,22050,1,float32,-15.0,-18.616803962247104,-15.036606307402025,0.8179838061332703,0.8594109416007996,True,0.0,0.0010844041320231797,False,False,bc5355a5e2401196a56df2be7fea864c5ae911832b0abe9c51e540be60f7d6c9,verified_existing,2026-08-01,11ad09ff644382dbc2cfeccf6d6d7b3a55178d0f54719444e1de1fdf0fbd7b77,
focus_jamendo_2041947__300s,focus_jamendo_2041947,focus,discovery,300.0,focus_music/focus_jamendo_2041947.mp3,features/audio/300s/focus/discovery/focus_jamendo_2041947__300s.wav,267.0,0.0,267.0,267.0,22050,1,float32,-15.0,-18.745929249194443,-15.019589387011917,0.836700439453125,0.859420895576477,True,0.0,0.001136164827978632,True,False,02b600b7ef50c6c5fcc9bbbfc32457f3884f1c112342d4e0576d766aa0b8fc7e,verified_existing,2026-08-01,11ad09ff644382dbc2cfeccf6d6d7b3a55178d0f54719444e1de1fdf0fbd7b77,
focus_jamendo_2042978__180s,focus_jamendo_2042978,focus,discovery,180.0,focus_music/focus_jamendo_2042978.mp3,features/audio/180s/focus/discovery/focus_jamendo_2042978__180s.wav,500.0,160.0,180.0,180.0,22050,1,float32,-15.0,-21.574796527945157,-15.003791168325527,0.7127615213394165,0.8729693293571472,True,0.20444023128815303,0.012289745527840765,False,False,f4c4d854fc5a59cb8052c298f898ca6a5296731836112be1c9ccec6b79732af1,verified_existing,2026-08-01,11ad09ff644382dbc2cfeccf6d6d7b3a55178d0f54719444e1de1fdf0fbd7b77,
focus_jamendo_2042978__300s,focus_jamendo_2042978,focus,discovery,300.0,focus_music/focus_jamendo_2042978.mp3,features/audio/300s/focus/discovery/focus_jamendo_2042978__300s.wav,500.0,100.0,300.0,300.0,22050,1,float32,-15.0,-21.56337672664058,-15.003610746348942,0.7127615213394165,0.8673851490020752,True,0.20537989592604688,0.011808767951625094,False,False,a11c61533e9befa713a49ecd79e2cb39b8f8190e8edaf7197aded5056fabbe38,verified_existing,2026-08-01,11ad09ff644382dbc2cfeccf6d6d7b3a55178d0f54719444e1de1fdf0fbd7b77,
focus_jamendo_2043688__180s,focus_jamendo_2043688,focus,discovery,180.0,focus_music/focus_jamendo_2043688.mp3,features/audio/180s/focus/discovery/focus_jamendo_2043688__180s.wav,268.852,44.42599999999999,180.0,180.0,22050,1,float32,-15.0,-17.624359049780306,-15.009076004319871,0.7898305654525757,0.8593546748161316,True,0.0,0.00012496850592088688,False,False,8db248686907e2d710b6fc4a2bc98ea229fe52b8df8504fe2c9e6f8d7f3aa4de,verified_existing,2026-08-01,11ad09ff644382dbc2cfeccf6d6d7b3a55178d0f54719444e1de1fdf0fbd7b77,
focus_jamendo_2043688__300s,focus_jamendo_2043688,focus,discovery,300.0,focus_music/focus_jamendo_2043688.mp3,features/audio/300s/focus/discovery/focus_jamendo_2043688__300s.wav,268.852,0.0,268.852,268.77673469387753,22050,1,float32,-15.0,-17.790044107473243,-15.0098476955261,0.7904162406921387,0.8593953847885132,True,0.0,0.00019151182471622926,True,False,14ce6ef019c2b37236556b49566ff50971965096697247b81541f5d31bf3354d,verified_existing,2026-08-01,11ad09ff644382dbc2cfeccf6d6d7b3a55178d0f54719444e1de1fdf0fbd7b77,
focus_jamendo_2055767__180s,focus_jamendo_2055767,focus,discovery,180.0,focus_music/focus_jamendo_2055767.mp3,features/audio/180s/focus/discovery/focus_jamendo_2055767__180s.wav,269.688,44.843999999999994,180.0,180.0,22050,1,float32,-15.0,-14.459313707520575,-15.012270472972581,1.3174622058868408,0.8594054579734802,True,0.0,0.00041723356009070296,False,False,4346d22e8c006ac4d446c64f114ec357e8b9acc57915bd2cfebf18baef38bd3a,verified_existing,2026-08-01,11ad09ff644382dbc2cfeccf6d6d7b3a55178d0f54719444e1de1fdf0fbd7b77,
focus_jamendo_2055767__300s,focus_jamendo_2055767,focus,discovery,300.0,focus_music/focus_jamendo_2055767.mp3,features/audio/300s/focus/discovery/focus_jamendo_2055767__300s.wav,269.688,0.0,269.688,269.6153741496599,22050,1,float32,-15.0,-14.819332837192608,-15.195302593828428,1.3174622058868408,0.8594505786895752,True,0.0,0.0005211085111754899,True,False,fad836c4c23c3a69c964e726370b02c50540067f7f2155bfdfd43cf00218707f,verified_existing,2026-08-01,11ad09ff644382dbc2cfeccf6d6d7b3a55178d0f54719444e1de1fdf0fbd7b77,
focus_jamendo_2057382__180s,focus_jamendo_2057382,focus,discovery,180.0,focus_music/focus_jamendo_2057382.mp3,features/audio/180s/focus/discovery/focus_jamendo_2057382__180s.wav,355.265,87.6325,180.0,180.0,22050,1,float32,-15.0,-18.33758779566408,-15.017533644556574,0.7587193250656128,0.859382688999176,True,0.0,0.0007117661879566642,False,False,0a4bfc394d59cb75b0247dade7e88a843dd29d250af521181b82cbed029c21ee,verified_existing,2026-08-01,11ad09ff644382dbc2cfeccf6d6d7b3a55178d0f54719444e1de1fdf0fbd7b77,
focus_jamendo_2057382__300s,focus_jamendo_2057382,focus,discovery,300.0,focus_music/focus_jamendo_2057382.mp3,features/audio/300s/focus/discovery/focus_jamendo_2057382__300s.wav,355.265,27.632499999999993,300.0,300.0,22050,1,float32,-15.0,-18.74409446658104,-14.871866647350782,0.8299442529678345,0.8594610691070557,True,0.0,0.001163869992441421,False,False,74061e6710e925f902a67bdd0e9dfd92964aad3a6f05e66d632caa6f01d5648d,verified_existing,2026-08-01,11ad09ff644382dbc2cfeccf6d6d7b3a55178d0f54719444e1de1fdf0fbd7b77,
focus_jamendo_2057691__180s,focus_jamendo_2057691,focus,discovery,180.0,focus_music/focus_jamendo_2057691.mp3,features/audio/180s/focus/discovery/focus_jamendo_2057691__180s.wav,291.736,55.867999999999995,180.0,180.0,22050,1,float32,-15.0,-16.026213385776874,-15.011288406311076,0.9997684955596924,0.8595219850540161,True,0.0,0.0002748803224993701,False,False,023ed999f97444d958163874a014d1fd369c4a81b8d5436a73534be868e8d7c6,verified_existing,2026-08-01,11ad09ff644382dbc2cfeccf6d6d7b3a55178d0f54719444e1de1fdf0fbd7b77,
focus_jamendo_2057691__300s,focus_jamendo_2057691,focus,discovery,300.0,focus_music/focus_jamendo_2057691.mp3,features/audio/300s/focus/discovery/focus_jamendo_2057691__300s.wav,291.736,0.0,291.736,291.66770975056687,22050,1,float32,-15.0,-16.215687872328168,-14.965213149539135,1.0006738901138306,0.8596932888031006,True,0.0,0.0004305523960808381,True,False,c19c7217c0ea1776d928d67eb4017187a0b225bc9fe58c25b045a116c47d8faf,verified_existing,2026-08-01,11ad09ff644382dbc2cfeccf6d6d7b3a55178d0f54719444e1de1fdf0fbd7b77,
focus_jamendo_2060537__180s,focus_jamendo_2060537,focus,holdout,180.0,focus_music/focus_jamendo_2060537.mp3,features/audio/180s/focus/holdout/focus_jamendo_2060537__180s.wav,235.703,27.8515,180.0,180.0,22050,1,float32,-15.0,-14.253855084709105,-15.003975651621326,1.1405682563781738,0.8593851923942566,True,0.0,0.00023582766439909298,False,False,6641805cb4c8fa1bc43cb782cbe52cdf9d7d7eee4d9fc338b6436f352f612b67,verified_existing,2026-08-01,11ad09ff644382dbc2cfeccf6d6d7b3a55178d0f54719444e1de1fdf0fbd7b77,
focus_jamendo_2060537__300s,focus_jamendo_2060537,focus,holdout,300.0,focus_music/focus_jamendo_2060537.mp3,features/audio/300s/focus/holdout/focus_jamendo_2060537__300s.wav,235.703,0.0,235.703,235.63637188208617,22050,1,float32,-15.0,-14.569966384731174,-14.948115686536708,1.1416268348693848,0.8593928813934326,True,0.0,0.00033219253617646004,True,False,ac65826066c5d9e1e30c3f19aa89260b278d40f47c434f3fcef3281104887cf1,verified_existing,2026-08-01,11ad09ff644382dbc2cfeccf6d6d7b3a55178d0f54719444e1de1fdf0fbd7b77,
focus_jamendo_2123290__180s,focus_jamendo_2123290,focus,validation,180.0,focus_music/focus_jamendo_2123290.mp3,features/audio/180s/focus/validation/focus_jamendo_2123290__180s.wav,122.201,0.0,122.201,122.12498866213151,22050,1,float32,-15.0,-8.422178666927628,-14.978747530522924,1.383178949356079,0.6499476432800293,False,0.0,0.0,True,False,5ed7871ecbdad266086f0a19b28a867790e5ce69b182d8ccb2d43a223462d913,verified_existing,2026-08-01,11ad09ff644382dbc2cfeccf6d6d7b3a55178d0f54719444e1de1fdf0fbd7b77,
focus_jamendo_2123290__300s,focus_jamendo_2123290,focus,validation,300.0,focus_music/focus_jamendo_2123290.mp3,features/audio/300s/focus/validation/focus_jamendo_2123290__300s.wav,122.201,0.0,122.201,122.12498866213151,22050,1,float32,-15.0,-8.422178666927628,-14.978747530522924,1.383178949356079,0.6499476432800293,False,0.0,0.0,True,False,5ed7871ecbdad266086f0a19b28a867790e5ce69b182d8ccb2d43a223462d913,verified_existing,2026-08-01,11ad09ff644382dbc2cfeccf6d6d7b3a55178d0f54719444e1de1fdf0fbd7b77,
focus_jamendo_2125861__180s,focus_jamendo_2125861,focus,discovery,180.0,focus_music/focus_jamendo_2125861.mp3,features/audio/180s/focus/discovery/focus_jamendo_2125861__180s.wav,600.059,210.02949999999998,180.0,180.0,22050,1,float32,-15.0,-23.37244315812995,-15.111236075864035,0.5919973850250244,0.8596779108047485,True,0.0,0.000747039556563366,False,False,cf5c33877ecd671acd152715f5ad526e21a73b89b32f5ebd69a8ecaaa76909f2,verified_existing,2026-08-01,11ad09ff644382dbc2cfeccf6d6d7b3a55178d0f54719444e1de1fdf0fbd7b77,
focus_jamendo_2125861__300s,focus_jamendo_2125861,focus,discovery,300.0,focus_music/focus_jamendo_2125861.mp3,features/audio/300s/focus/discovery/focus_jamendo_2125861__300s.wav,600.059,150.02949999999998,300.0,300.0,22050,1,float32,-15.0,-23.710719615167182,-15.05573548969126,0.5919973850250244,0.8596778512001038,True,0.0,0.0008994708994708994,False,False,7e5952dce0733511500b583bba1112fda569817c459faf3e123f031bb527cacc,verified_existing,2026-08-01,11ad09ff644382dbc2cfeccf6d6d7b3a55178d0f54719444e1de1fdf0fbd7b77,
focus_jamendo_2127098__180s,focus_jamendo_2127098,focus,discovery,180.0,focus_music/focus_jamendo_2127098.mp3,features/audio/180s/focus/discovery/focus_jamendo_2127098__180s.wav,600.059,210.02949999999998,180.0,180.0,22050,1,float32,-15.0,-22.630457093216382,-15.016816110532037,0.4703325033187866,0.8594129085540771,True,0.0,0.0003194759385235576,False,False,ef2706b8304e719ebbe39414a311855542fcd619ffc22e33d1e00068fb79dbbf,verified_existing,2026-08-01,11ad09ff644382dbc2cfeccf6d6d7b3a55178d0f54719444e1de1fdf0fbd7b77,
focus_jamendo_2127098__300s,focus_jamendo_2127098,focus,discovery,300.0,focus_music/focus_jamendo_2127098.mp3,features/audio/300s/focus/discovery/focus_jamendo_2127098__300s.wav,600.059,150.02949999999998,300.0,300.0,22050,1,float32,-15.0,-22.048033297527592,-15.006226567091927,0.5570285320281982,0.8594140410423279,True,0.0,0.0003520786092214664,False,False,a320e35abd0b94ffbe7448d07f471b47672e67f03afb23f4f7be96ecb165e630,verified_existing,2026-08-01,11ad09ff644382dbc2cfeccf6d6d7b3a55178d0f54719444e1de1fdf0fbd7b77,
focus_jamendo_2127108__180s,focus_jamendo_2127108,focus,discovery,180.0,focus_music/focus_jamendo_2127108.mp3,features/audio/180s/focus/discovery/focus_jamendo_2127108__180s.wav,600.059,210.02949999999998,180.0,180.0,22050,1,float32,-15.0,-20.20090396305696,-15.00333566412673,0.6078546643257141,0.8594008684158325,True,0.0,0.0007044595616024187,False,False,6e17f8c533d43c5cde857f4d9752b1497ad5cdaf8e83d2ac40046ca405cbed82,verified_existing,2026-08-01,11ad09ff644382dbc2cfeccf6d6d7b3a55178d0f54719444e1de1fdf0fbd7b77,
focus_jamendo_2127108__300s,focus_jamendo_2127108,focus,discovery,300.0,focus_music/focus_jamendo_2127108.mp3,features/audio/300s/focus/discovery/focus_jamendo_2127108__300s.wav,600.059,150.02949999999998,300.0,300.0,22050,1,float32,-15.0,-20.12785373585063,-15.009104380533424,0.6078546643257141,0.8594005107879639,True,0.0,0.0006057445200302343,False,False,33af94fc6795e5645b3fa4b2ce19c2e6e74a6a108586c5fed7d0fbd0dc6ca9fa,verified_existing,2026-08-01,11ad09ff644382dbc2cfeccf6d6d7b3a55178d0f54719444e1de1fdf0fbd7b77,
focus_jamendo_2127649__180s,focus_jamendo_2127649,focus,discovery,180.0,focus_music/focus_jamendo_2127649.mp3,features/audio/180s/focus/discovery/focus_jamendo_2127649__180s.wav,600.059,210.02949999999998,180.0,180.0,22050,1,float32,-15.0,-21.121375807340517,-15.015855741946936,0.5326888561248779,0.8593948483467102,True,0.0,0.00029024943310657596,False,False,12d936c08eaf549151588cd8252de90b6aaf245ad03ae750829d24e8b177f9ad,verified_existing,2026-08-01,11ad09ff644382dbc2cfeccf6d6d7b3a55178d0f54719444e1de1fdf0fbd7b77,
focus_jamendo_2127649__300s,focus_jamendo_2127649,focus,discovery,300.0,focus_music/focus_jamendo_2127649.mp3,features/audio/300s/focus/discovery/focus_jamendo_2127649__300s.wav,600.059,150.02949999999998,300.0,300.0,22050,1,float32,-15.0,-21.118136333561235,-15.012861252738748,0.5326888561248779,0.8593928217887878,True,0.0,0.0002893424036281179,False,False,d65fa2fe05712af3d4e44cbb510d3177ea7fcb5334bf1188e17c5615d5ded211,verified_existing,2026-08-01,11ad09ff644382dbc2cfeccf6d6d7b3a55178d0f54719444e1de1fdf0fbd7b77,
focus_jamendo_2129421__180s,focus_jamendo_2129421,focus,discovery,180.0,focus_music/focus_jamendo_2129421.mp3,features/audio/180s/focus/discovery/focus_jamendo_2129421__180s.wav,242.599,31.299499999999995,180.0,180.0,22050,1,float32,-15.0,-15.604744133057352,-14.995339840677795,0.9453705549240112,0.8593687415122986,True,0.0,0.0003653313177122701,False,False,cd564cf1e55c6bebf416494df95c7235d721f7a29b1b4f85faf80758c14cb337,verified_existing,2026-08-01,11ad09ff644382dbc2cfeccf6d6d7b3a55178d0f54719444e1de1fdf0fbd7b77,
focus_jamendo_2129421__300s,focus_jamendo_2129421,focus,discovery,300.0,focus_music/focus_jamendo_2129421.mp3,features/audio/300s/focus/discovery/focus_jamendo_2129421__300s.wav,242.599,0.0,242.599,242.5263038548753,22050,1,float32,-15.0,-15.168089100608507,-15.004070627347359,0.9453705549240112,0.8593653440475464,True,0.0,0.00028834799226958106,True,False,91d6950b74721d3bcd771f3fb580393c890adc462ac7d7319af1c3e9010d310f,verified_existing,2026-08-01,11ad09ff644382dbc2cfeccf6d6d7b3a55178d0f54719444e1de1fdf0fbd7b77,
focus_jamendo_2149372__180s,focus_jamendo_2149372,focus,validation,180.0,focus_music/focus_jamendo_2149372.mp3,features/audio/180s/focus/validation/focus_jamendo_2149372__180s.wav,146.573,0.0,146.573,146.50267573696146,22050,1,float32,-15.0,-17.592826555754623,-14.93139911020515,1.3235154151916504,0.8599629402160645,True,0.0,0.0015069415896066846,True,False,4895c6f7ca9f731ef7a058b62f11a326014d665473ca028d25f1ca9fb354c9c4,verified_existing,2026-08-01,11ad09ff644382dbc2cfeccf6d6d7b3a55178d0f54719444e1de1fdf0fbd7b77,
focus_jamendo_2149372__300s,focus_jamendo_2149372,focus,validation,300.0,focus_music/focus_jamendo_2149372.mp3,features/audio/300s/focus/validation/focus_jamendo_2149372__300s.wav,146.573,0.0,146.573,146.50267573696146,22050,1,float32,-15.0,-17.592826555754623,-14.93139911020515,1.3235154151916504,0.8599629402160645,True,0.0,0.0015069415896066846,True,False,0fdbf0996858e73d121209e52e0a88c5daf4fdb24d9f72b862453613ed7c47df,verified_existing,2026-08-01,11ad09ff644382dbc2cfeccf6d6d7b3a55178d0f54719444e1de1fdf0fbd7b77,
focus_jamendo_2152724__180s,focus_jamendo_2152724,focus,validation,180.0,focus_music/focus_jamendo_2152724.mp3,features/audio/180s/focus/validation/focus_jamendo_2152724__180s.wav,292.833,56.41650000000001,180.0,180.0,22050,1,float32,-15.0,-21.022853765087333,-15.017991566535953,0.5292633175849915,0.8600214123725891,True,0.0,0.0002842025699168556,False,False,dda01e296c79b0d4ba06d20122881165b2d58038357ec3810b7f300c8146ad7f,verified_existing,2026-08-01,11ad09ff644382dbc2cfeccf6d6d7b3a55178d0f54719444e1de1fdf0fbd7b77,
focus_jamendo_2152724__300s,focus_jamendo_2152724,focus,validation,300.0,focus_music/focus_jamendo_2152724.mp3,features/audio/300s/focus/validation/focus_jamendo_2152724__300s.wav,292.833,0.0,292.833,292.75718820861675,22050,1,float32,-15.0,-20.93010311328743,-15.005724724774595,0.5858827829360962,0.8602546453475952,True,0.0,0.00023236734612944163,True,False,c18e5536d4c6513c07d82195f5b86eb7816773c8d172423bc5dff3a9c833b2d6,verified_existing,2026-08-01,11ad09ff644382dbc2cfeccf6d6d7b3a55178d0f54719444e1de1fdf0fbd7b77,
focus_jamendo_2160158__180s,focus_jamendo_2160158,focus,discovery,180.0,focus_music/focus_jamendo_2160158.mp3,features/audio/180s/focus/discovery/focus_jamendo_2160158__180s.wav,355.056,87.52799999999999,180.0,180.0,22050,1,float32,-15.0,-15.235948039339004,-15.009631476662125,0.9708846807479858,0.8598344326019287,True,0.0,0.00015747039556563366,False,False,b41aed82d09f0cece2465328cfb06ca6891bc2e58da3e3fa4f8e921710fe020a,verified_existing,2026-08-01,11ad09ff644382dbc2cfeccf6d6d7b3a55178d0f54719444e1de1fdf0fbd7b77,
focus_jamendo_2160158__300s,focus_jamendo_2160158,focus,discovery,300.0,focus_music/focus_jamendo_2160158.mp3,features/audio/300s/focus/discovery/focus_jamendo_2160158__300s.wav,355.056,27.52799999999999,300.0,300.0,22050,1,float32,-15.0,-15.762969837994758,-15.009182391508357,0.9828468561172485,0.8598423004150391,True,0.0,0.00027195767195767193,False,False,4dd50582b35285ad0ffcf3446343f456f301ce3556e248778a89013c2eddb81a,verified_existing,2026-08-01,11ad09ff644382dbc2cfeccf6d6d7b3a55178d0f54719444e1de1fdf0fbd7b77,
focus_jamendo_2160682__180s,focus_jamendo_2160682,focus,validation,180.0,focus_music/focus_jamendo_2160682.mp3,features/audio/180s/focus/validation/focus_jamendo_2160682__180s.wav,1069.296,444.648,180.0,180.0,22050,1,float32,-15.0,-18.896207467113395,-15.015352088724134,0.7443820834159851,0.859438419342041,True,0.0,0.0003907785336356765,False,False,1676e5c53ec2b515b7a51ed7ae34f8dd8f3e5887fb7b751fdaf44ff86ce45c55,verified_existing,2026-08-01,11ad09ff644382dbc2cfeccf6d6d7b3a55178d0f54719444e1de1fdf0fbd7b77,
focus_jamendo_2160682__300s,focus_jamendo_2160682,focus,validation,300.0,focus_music/focus_jamendo_2160682.mp3,features/audio/300s/focus/validation/focus_jamendo_2160682__300s.wav,1069.296,384.648,300.0,300.0,22050,1,float32,-15.0,-19.196627570358956,-15.033424947071868,0.7443820834159851,0.8594385385513306,True,0.0,0.0004252456538170824,False,False,d08ec77c30055ea49c292857c4c4be075eb9f0bbfc5a67bdbecd7999ecaf78bd,verified_existing,2026-08-01,11ad09ff644382dbc2cfeccf6d6d7b3a55178d0f54719444e1de1fdf0fbd7b77,
focus_jamendo_2165080__180s,focus_jamendo_2165080,focus,validation,180.0,focus_music/focus_jamendo_2165080.mp3,features/audio/180s/focus/validation/focus_jamendo_2165080__180s.wav,211.801,15.900499999999994,180.0,180.0,22050,1,float32,-15.0,-25.76488686959743,-15.001209948451889,0.5969491004943848,0.8731895089149475,True,0.26989003680445833,0.001417989417989418,False,False,923a6afa3171daddbf96beeafa7566f1f6424ce7290602d1b9cd54d64de14799,verified_existing,2026-08-01,11ad09ff644382dbc2cfeccf6d6d7b3a55178d0f54719444e1de1fdf0fbd7b77,
focus_jamendo_2165080__300s,focus_jamendo_2165080,focus,validation,300.0,focus_music/focus_jamendo_2165080.mp3,features/audio/300s/focus/validation/focus_jamendo_2165080__300s.wav,211.801,0.0,211.801,211.723537414966,22050,1,float32,-15.0,-25.796846533453166,-15.001500048331847,0.5969491004943848,0.8736076951026917,True,0.30404956460606236,0.0015223292086715572,True,False,6bbd4e5eb1b68f7c57e0c52a54f5b1c6aa6b2884ab1d4dc50997a5f5b3eb5204,verified_existing,2026-08-01,11ad09ff644382dbc2cfeccf6d6d7b3a55178d0f54719444e1de1fdf0fbd7b77,
focus_jamendo_2169943__180s,focus_jamendo_2169943,focus,holdout,180.0,focus_music/focus_jamendo_2169943.mp3,features/audio/180s/focus/holdout/focus_jamendo_2169943__180s.wav,284.813,52.406499999999994,180.0,180.0,22050,1,float32,-15.0,-23.315063484736516,-14.88329680548962,0.704379677772522,0.8599651455879211,True,0.0,0.0009891660367850844,False,False,6cd88af740a58a19d6862a5aa9d289350eddafb0f04e44506d177b1a336ef512,verified_existing,2026-08-01,11ad09ff644382dbc2cfeccf6d6d7b3a55178d0f54719444e1de1fdf0fbd7b77,
focus_jamendo_2169943__300s,focus_jamendo_2169943,focus,holdout,300.0,focus_music/focus_jamendo_2169943.mp3,features/audio/300s/focus/holdout/focus_jamendo_2169943__300s.wav,284.813,0.0,284.813,284.76081632653063,22050,1,float32,-15.0,-24.179166306699305,-15.014394915818283,0.7086310386657715,0.8598440289497375,True,0.0,0.0009605069361628393,True,False,f3bb48e0da822586fd9474568544c2a05d583b56dbaec1dc8c85084aec7db66d,verified_existing,2026-08-01,11ad09ff644382dbc2cfeccf6d6d7b3a55178d0f54719444e1de1fdf0fbd7b77,
focus_jamendo_2178516__180s,focus_jamendo_2178516,focus,discovery,180.0,focus_music/focus_jamendo_2178516.mp3,features/audio/180s/focus/discovery/focus_jamendo_2178516__180s.wav,271.125,45.5625,180.0,180.0,22050,1,float32,-15.0,-14.692375130138199,-15.025622456902601,1.2906678915023804,0.860840916633606,True,0.0,0.0016240866717057193,False,False,174bfb099412ac7c7112907e44f90dc63d0b3c40aaf22dc8d6ed0ad78bae8992,verified_existing,2026-08-01,11ad09ff644382dbc2cfeccf6d6d7b3a55178d0f54719444e1de1fdf0fbd7b77,
focus_jamendo_2178516__300s,focus_jamendo_2178516,focus,discovery,300.0,focus_music/focus_jamendo_2178516.mp3,features/audio/300s/focus/discovery/focus_jamendo_2178516__300s.wav,271.125,0.0,271.125,271.058820861678,22050,1,float32,-15.0,-14.57663366252605,-15.06326748065578,1.2906678915023804,0.8722050786018372,True,0.0,0.0015819377675219057,True,False,9f9efdc9d6dd815c09605e311f038ea705f3e8c6ee70d67cafd8a2878827ef37,verified_existing,2026-08-01,11ad09ff644382dbc2cfeccf6d6d7b3a55178d0f54719444e1de1fdf0fbd7b77,
focus_jamendo_2178517__180s,focus_jamendo_2178517,focus,discovery,180.0,focus_music/focus_jamendo_2178517.mp3,features/audio/180s/focus/discovery/focus_jamendo_2178517__180s.wav,265.482,42.741000000000014,180.0,180.0,22050,1,float32,-15.0,-14.105222403587183,-15.016375596292942,1.2906088829040527,0.8596978187561035,True,0.0,0.0008750314940791131,False,False,096f774fba149c4b220d6319736e3f22196d5cc0ead4f444ca3c3baa5f61c462,verified_existing,2026-08-01,11ad09ff644382dbc2cfeccf6d6d7b3a55178d0f54719444e1de1fdf0fbd7b77,
focus_jamendo_2178517__300s,focus_jamendo_2178517,focus,discovery,300.0,focus_music/focus_jamendo_2178517.mp3,features/audio/300s/focus/discovery/focus_jamendo_2178517__300s.wav,265.482,0.0,265.482,265.41179138321996,22050,1,float32,-15.0,-14.062499613907272,-15.00516805419638,1.2917476892471313,0.8596379160881042,True,0.0,0.0007622605013729574,True,False,b7724b5d3c71a298ae4d07008189e8302981a12d208f70a9c7f7c3e2b7de2869,verified_existing,2026-08-01,11ad09ff644382dbc2cfeccf6d6d7b3a55178d0f54719444e1de1fdf0fbd7b77,
focus_jamendo_2178866__180s,focus_jamendo_2178866,focus,discovery,180.0,focus_music/focus_jamendo_2178866.mp3,features/audio/180s/focus/discovery/focus_jamendo_2178866__180s.wav,207.909,13.954499999999996,180.0,180.0,22050,1,float32,-15.0,-13.367971253085788,-14.9779727092078,1.0101699829101562,0.8304071426391602,True,0.0,5.794910556815319e-06,False,False,88598517a9eeeef2307f7cf216575eb9b107adf2bac1d257dd7aa7b6c1d5dd0d,verified_existing,2026-08-01,11ad09ff644382dbc2cfeccf6d6d7b3a55178d0f54719444e1de1fdf0fbd7b77,
focus_jamendo_2178866__300s,focus_jamendo_2178866,focus,discovery,300.0,focus_music/focus_jamendo_2178866.mp3,features/audio/300s/focus/discovery/focus_jamendo_2178866__300s.wav,207.909,0.0,207.909,207.8409977324263,22050,1,float32,-15.0,-13.576092164072366,-15.016095064531692,1.0089354515075684,0.8406403660774231,True,0.0,6.764284751076503e-06,True,False,2dd00279b4056e293188e2dd8cae70a02f50b787ea5b50905134219dd5238fc2,verified_existing,2026-08-01,11ad09ff644382dbc2cfeccf6d6d7b3a55178d0f54719444e1de1fdf0fbd7b77,
focus_jamendo_2180121__180s,focus_jamendo_2180121,focus,discovery,180.0,focus_music/focus_jamendo_2180121.mp3,features/audio/180s/focus/discovery/focus_jamendo_2180121__180s.wav,282.41,51.20500000000001,180.0,180.0,22050,1,float32,-15.0,-25.537041033812162,-14.81602776311323,0.48768335580825806,0.8600525259971619,True,0.0,0.008782564877802972,False,False,6c0899fbf8ede5f670bba9f08b3f98980564bdddf0b431aac9d047a9fa560b9b,verified_existing,2026-08-01,11ad09ff644382dbc2cfeccf6d6d7b3a55178d0f54719444e1de1fdf0fbd7b77,
focus_jamendo_2180121__300s,focus_jamendo_2180121,focus,discovery,300.0,focus_music/focus_jamendo_2180121.mp3,features/audio/300s/focus/discovery/focus_jamendo_2180121__300s.wav,282.41,0.0,282.41,282.352970521542,22050,1,float32,-15.0,-25.96439513372859,-15.003814821847074,0.48768335580825806,0.8703837394714355,True,0.28844453680555304,0.0071602694750286825,True,False,c7689cfe85259aebea14e37be3e52128c190af5ddd7fa69f086b65610c3253dd,verified_existing,2026-08-01,11ad09ff644382dbc2cfeccf6d6d7b3a55178d0f54719444e1de1fdf0fbd7b77,
focus_jamendo_2180126__180s,focus_jamendo_2180126,focus,discovery,180.0,focus_music/focus_jamendo_2180126.mp3,features/audio/180s/focus/discovery/focus_jamendo_2180126__180s.wav,224.052,22.025999999999996,180.0,180.0,22050,1,float32,-15.0,-24.220822324432742,-15.020002337370352,0.7353802919387817,0.8842400908470154,True,0.9741313253572574,0.0017251196775006298,False,False,72bb32a8bce3a9b000eb6fd6c2a065a1a55dc640c2363337ee88fa2af80a673f,verified_existing,2026-08-01,11ad09ff644382dbc2cfeccf6d6d7b3a55178d0f54719444e1de1fdf0fbd7b77,
focus_jamendo_2180126__300s,focus_jamendo_2180126,focus,discovery,300.0,focus_music/focus_jamendo_2180126.mp3,features/audio/300s/focus/discovery/focus_jamendo_2180126__300s.wav,224.052,0.0,224.052,224.0,22050,1,float32,-15.0,-24.34197947592892,-15.02016203439955,0.7361375689506531,0.886340320110321,True,1.17104460270426,0.001933916423712342,True,False,dbbe8f4c27302f2814409134a38ecda95584454f77800d9db2789a505da9632e,verified_existing,2026-08-01,11ad09ff644382dbc2cfeccf6d6d7b3a55178d0f54719444e1de1fdf0fbd7b77,
focus_jamendo_2196880__180s,focus_jamendo_2196880,focus,discovery,180.0,focus_music/focus_jamendo_2196880.mp3,features/audio/180s/focus/discovery/focus_jamendo_2196880__180s.wav,174.054,0.0,174.054,174.0,22050,1,float32,-15.0,-20.250604149969767,-15.01060847543125,0.456470251083374,0.8269791007041931,True,0.0,2.6324706127661792e-05,True,False,aba82210aca8d828c9e3f837e5e3223b74e751a21bc7d7efae35adc565a7018c,verified_existing,2026-08-01,11ad09ff644382dbc2cfeccf6d6d7b3a55178d0f54719444e1de1fdf0fbd7b77,
focus_jamendo_2196880__300s,focus_jamendo_2196880,focus,discovery,300.0,focus_music/focus_jamendo_2196880.mp3,features/audio/300s/focus/discovery/focus_jamendo_2196880__300s.wav,174.054,0.0,174.054,174.0,22050,1,float32,-15.0,-20.250604149969767,-15.01060847543125,0.456470251083374,0.8269791007041931,True,0.0,2.6324706127661792e-05,True,False,f92ca4e04c344af26f3f43019255cddd05c00ce01ff221287b0dc3ee0c2d5ab7,verified_existing,2026-08-01,11ad09ff644382dbc2cfeccf6d6d7b3a55178d0f54719444e1de1fdf0fbd7b77,
focus_jamendo_2200501__180s,focus_jamendo_2200501,focus,discovery,180.0,focus_music/focus_jamendo_2200501.mp3,features/audio/180s/focus/discovery/focus_jamendo_2200501__180s.wav,201.665,10.832499999999996,180.0,180.0,22050,1,float32,-15.0,-17.091929998832185,-15.025844920901944,1.0361865758895874,0.8594033718109131,True,0.0,0.0005966238347190728,False,False,0be0f228a711de6bb244e9886c45ef77c7fa146c147a40111855c3b87ede625a,verified_existing,2026-08-01,11ad09ff644382dbc2cfeccf6d6d7b3a55178d0f54719444e1de1fdf0fbd7b77,
focus_jamendo_2200501__300s,focus_jamendo_2200501,focus,discovery,300.0,focus_music/focus_jamendo_2200501.mp3,features/audio/300s/focus/discovery/focus_jamendo_2200501__300s.wav,201.665,0.0,201.665,201.6,22050,1,float32,-15.0,-17.228463230315715,-15.000526501641145,1.040382981300354,0.8679884076118469,True,0.22243016122629555,0.0008669870064427887,True,False,ac5124c8dc6ec75c39aad9f6355c863efe29c6d8ec17d2f12af6da018facd71e,verified_existing,2026-08-01,11ad09ff644382dbc2cfeccf6d6d7b3a55178d0f54719444e1de1fdf0fbd7b77,
focus_jamendo_2201166__180s,focus_jamendo_2201166,focus,discovery,180.0,focus_music/focus_jamendo_2201166.mp3,features/audio/180s/focus/discovery/focus_jamendo_2201166__180s.wav,600.059,210.02949999999998,180.0,180.0,22050,1,float32,-15.0,-14.659752188848309,-15.012756161956919,1.0164082050323486,0.8593862056732178,True,0.0,8.36482741244646e-05,False,False,3dbb71a4f5932a7ef3b261f6f399047714e2a8323545125e17b655914ec73097,verified_existing,2026-08-01,11ad09ff644382dbc2cfeccf6d6d7b3a55178d0f54719444e1de1fdf0fbd7b77,
focus_jamendo_2201166__300s,focus_jamendo_2201166,focus,discovery,300.0,focus_music/focus_jamendo_2201166.mp3,features/audio/300s/focus/discovery/focus_jamendo_2201166__300s.wav,600.059,150.02949999999998,300.0,300.0,22050,1,float32,-15.0,-14.636030725709539,-15.01318685933986,1.0164082050323486,0.8594065308570862,True,0.0,9.478458049886621e-05,False,False,bc2cb8a9dbd6320b3598261230d72be8e80733759736ffa007e6748ac5442085,verified_existing,2026-08-01,11ad09ff644382dbc2cfeccf6d6d7b3a55178d0f54719444e1de1fdf0fbd7b77,
focus_jamendo_2201227__180s,focus_jamendo_2201227,focus,discovery,180.0,focus_music/focus_jamendo_2201227.mp3,features/audio/180s/focus/discovery/focus_jamendo_2201227__180s.wav,130.064,0.0,130.064,130.0,22050,1,float32,-15.0,-22.62218235391491,-15.030456089177099,0.38314288854599,0.8590515851974487,True,0.0,0.00021524507238792953,True,False,82453d2170091c1ff49adf24cb469cdfcf8504c81c2247082ad7b75ad9364c49,verified_existing,2026-08-01,11ad09ff644382dbc2cfeccf6d6d7b3a55178d0f54719444e1de1fdf0fbd7b77,
focus_jamendo_2201227__300s,focus_jamendo_2201227,focus,discovery,300.0,focus_music/focus_jamendo_2201227.mp3,features/audio/300s/focus/discovery/focus_jamendo_2201227__300s.wav,130.064,0.0,130.064,130.0,22050,1,float32,-15.0,-22.62218235391491,-15.030456089177099,0.38314288854599,0.8590515851974487,True,0.0,0.00021524507238792953,True,False,be23dbb2999cab2a320eb2e1238245b8be0a7cde354494a1b18db27cbb326df3,verified_existing,2026-08-01,11ad09ff644382dbc2cfeccf6d6d7b3a55178d0f54719444e1de1fdf0fbd7b77,
focus_jamendo_2203332__180s,focus_jamendo_2203332,focus,discovery,180.0,focus_music/focus_jamendo_2203332.mp3,features/audio/180s/focus/discovery/focus_jamendo_2203332__180s.wav,595.775,207.8875,180.0,180.0,22050,1,float32,-15.0,-18.76792465107968,-15.005871631724151,0.7456757426261902,0.8593900203704834,True,0.0,0.0001491559586797682,False,False,cbdf6f7c73856d94b2e37fd12d83680ef053d1c973d8a7b3ae04514c2ba23b7b,verified_existing,2026-08-01,11ad09ff644382dbc2cfeccf6d6d7b3a55178d0f54719444e1de1fdf0fbd7b77,
focus_jamendo_2203332__300s,focus_jamendo_2203332,focus,discovery,300.0,focus_music/focus_jamendo_2203332.mp3,features/audio/300s/focus/discovery/focus_jamendo_2203332__300s.wav,595.775,147.8875,300.0,300.0,22050,1,float32,-15.0,-18.466190813084577,-15.014902295472876,0.7456757426261902,0.8594207167625427,True,0.0,0.0001910808767951625,False,False,13f4d03c49b77be78b7552c32071b301141d97532d8fc2e9fc8e3adefc7efb5a,verified_existing,2026-08-01,11ad09ff644382dbc2cfeccf6d6d7b3a55178d0f54719444e1de1fdf0fbd7b77,
focus_jamendo_2205840__180s,focus_jamendo_2205840,focus,discovery,180.0,focus_music/focus_jamendo_2205840.mp3,features/audio/180s/focus/discovery/focus_jamendo_2205840__180s.wav,600.059,210.02949999999998,180.0,180.0,22050,1,float32,-15.0,-15.537231143137655,-15.007905019637517,0.9459767937660217,0.858890950679779,True,0.0,6.021667926429831e-05,False,False,6de6a71af26aee1293bc2fa192e1bd4f03bdb428d3b2ca2ad6822c685f7be70f,verified_existing,2026-08-01,11ad09ff644382dbc2cfeccf6d6d7b3a55178d0f54719444e1de1fdf0fbd7b77,
focus_jamendo_2205840__300s,focus_jamendo_2205840,focus,discovery,300.0,focus_music/focus_jamendo_2205840.mp3,features/audio/300s/focus/discovery/focus_jamendo_2205840__300s.wav,600.059,150.02949999999998,300.0,300.0,22050,1,float32,-15.0,-15.479416374403543,-15.004737286554425,0.9459767937660217,0.8590244054794312,True,0.0,6.303854875283446e-05,False,False,6d1db1c16d1ae0ec3725cffb97d98024d57a5daec42baa0a9fcebc0f3f2ab5b3,verified_existing,2026-08-01,11ad09ff644382dbc2cfeccf6d6d7b3a55178d0f54719444e1de1fdf0fbd7b77,
focus_jamendo_2206772__180s,focus_jamendo_2206772,focus,discovery,180.0,focus_music/focus_jamendo_2206772.mp3,features/audio/180s/focus/discovery/focus_jamendo_2206772__180s.wav,148.062,0.0,148.062,148.0,22050,1,float32,-15.0,-22.942044750963557,-15.04307556025737,0.4288763999938965,0.8594487309455872,True,0.0,0.0004345161488018631,True,False,c286899e80fb548f2b6e6350a1901a444763675295d98f21b35da18fb5845621,verified_existing,2026-08-01,11ad09ff644382dbc2cfeccf6d6d7b3a55178d0f54719444e1de1fdf0fbd7b77,
focus_jamendo_2206772__300s,focus_jamendo_2206772,focus,discovery,300.0,focus_music/focus_jamendo_2206772.mp3,features/audio/300s/focus/discovery/focus_jamendo_2206772__300s.wav,148.062,0.0,148.062,148.0,22050,1,float32,-15.0,-22.942044750963557,-15.04307556025737,0.4288763999938965,0.8594487309455872,True,0.0,0.0004345161488018631,True,False,e7b0b51b5b12f10d67b2634dabaf753e4336bac2f30b5d24f3ac538a85315114,verified_existing,2026-08-01,11ad09ff644382dbc2cfeccf6d6d7b3a55178d0f54719444e1de1fdf0fbd7b77,
focus_jamendo_2207645__180s,focus_jamendo_2207645,focus,holdout,180.0,focus_music/focus_jamendo_2207645.mp3,features/audio/180s/focus/holdout/focus_jamendo_2207645__180s.wav,248.633,34.316500000000005,180.0,180.0,22050,1,float32,-15.0,-15.714609624960186,-15.011880264010356,0.9729704856872559,0.8595350980758667,True,0.0,0.0006979087931468883,False,False,73ae665aa333443f13db57554c1ded2d70bdb9899e2c2037652221bd2d4788d2,verified_existing,2026-08-01,11ad09ff644382dbc2cfeccf6d6d7b3a55178d0f54719444e1de1fdf0fbd7b77,
focus_jamendo_2207645__300s,focus_jamendo_2207645,focus,holdout,300.0,focus_music/focus_jamendo_2207645.mp3,features/audio/300s/focus/holdout/focus_jamendo_2207645__300s.wav,248.633,0.0,248.633,248.5712925170068,22050,1,float32,-15.0,-15.720973025862,-15.018088242236827,0.9729704856872559,0.8595522046089172,True,0.0,0.0007120967225488356,True,False,920b938403143ec4b736309ec88e36592a5835e463586cb4e99d9d8f7ac6d2b9,verified_existing,2026-08-01,11ad09ff644382dbc2cfeccf6d6d7b3a55178d0f54719444e1de1fdf0fbd7b77,
focus_jamendo_2208659__180s,focus_jamendo_2208659,focus,validation,180.0,focus_music/focus_jamendo_2208659.mp3,features/audio/180s/focus/validation/focus_jamendo_2208659__180s.wav,258.821,39.41050000000001,180.0,180.0,22050,1,float32,-15.0,-16.98746711208092,-15.007816246211378,1.029343605041504,0.8594025373458862,True,0.0,0.0006649029982363316,False,False,25927d44ccbad226ddbc55a9e763d5ca7373ad5420e6098926a115c5a81ba761,verified_existing,2026-08-01,11ad09ff644382dbc2cfeccf6d6d7b3a55178d0f54719444e1de1fdf0fbd7b77,
focus_jamendo_2208659__300s,focus_jamendo_2208659,focus,validation,300.0,focus_music/focus_jamendo_2208659.mp3,features/audio/300s/focus/validation/focus_jamendo_2208659__300s.wav,258.821,0.0,258.821,258.75002267573694,22050,1,float32,-15.0,-16.432038064955286,-15.043333085523804,1.1956963539123535,0.8594462871551514,True,0.0,0.0008518189138152058,True,False,f41dbaeabdf5c98a5fc6243df1d68989e2ed5c8fb8bf66fd7adc87e8ffd401b6,verified_existing,2026-08-01,11ad09ff644382dbc2cfeccf6d6d7b3a55178d0f54719444e1de1fdf0fbd7b77,
focus_jamendo_2209988__180s,focus_jamendo_2209988,focus,discovery,180.0,focus_music/focus_jamendo_2209988.mp3,features/audio/180s/focus/discovery/focus_jamendo_2209988__180s.wav,561.502,190.75099999999998,180.0,180.0,22050,1,float32,-15.0,-18.51927553050104,-15.006140430209571,0.7695677280426025,0.8593900203704834,True,0.0,0.00042806752330561853,False,False,4a43f18e76bfbbfabe3dce2d6b3577f1a8e6936e8a8885d5098766dc7fe0e764,verified_existing,2026-08-01,11ad09ff644382dbc2cfeccf6d6d7b3a55178d0f54719444e1de1fdf0fbd7b77,
focus_jamendo_2209988__300s,focus_jamendo_2209988,focus,discovery,300.0,focus_music/focus_jamendo_2209988.mp3,features/audio/300s/focus/discovery/focus_jamendo_2209988__300s.wav,561.502,130.75099999999998,300.0,300.0,22050,1,float32,-15.0,-18.453256391489052,-15.004982866175721,0.81651771068573,0.8593896627426147,True,0.0,0.00038987150415721844,False,False,bb4f05698541267ae368c2f82ef873450458daaf296569fa829414ee1f79fb87,verified_existing,2026-08-01,11ad09ff644382dbc2cfeccf6d6d7b3a55178d0f54719444e1de1fdf0fbd7b77,
focus_jamendo_2215208__180s,focus_jamendo_2215208,focus,discovery,180.0,focus_music/focus_jamendo_2215208.mp3,features/audio/180s/focus/discovery/focus_jamendo_2215208__180s.wav,441.234,130.617,180.0,180.0,22050,1,float32,-15.0,-13.440531694664594,-15.018714937574211,1.3377339839935303,0.8593973517417908,True,0.0,0.000854119425547997,False,False,28429e67ba5101db3e8a69804b5537fa04773455912e4923edf483cada8b9cba,verified_existing,2026-08-01,11ad09ff644382dbc2cfeccf6d6d7b3a55178d0f54719444e1de1fdf0fbd7b77,
focus_jamendo_2215208__300s,focus_jamendo_2215208,focus,discovery,300.0,focus_music/focus_jamendo_2215208.mp3,features/audio/300s/focus/discovery/focus_jamendo_2215208__300s.wav,441.234,70.61699999999999,300.0,300.0,22050,1,float32,-15.0,-12.919068412173502,-15.019778626232918,1.3377339839935303,0.8593981266021729,True,0.0,0.0006500377928949357,False,False,14cc3db905711c291dcaf3dd77bda5ec416f985a83cd1be04a403d076d9398bb,verified_existing,2026-08-01,11ad09ff644382dbc2cfeccf6d6d7b3a55178d0f54719444e1de1fdf0fbd7b77,
focus_jamendo_2215209__180s,focus_jamendo_2215209,focus,discovery,180.0,focus_music/focus_jamendo_2215209.mp3,features/audio/180s/focus/discovery/focus_jamendo_2215209__180s.wav,597.891,208.94549999999998,180.0,180.0,22050,1,float32,-15.0,-20.675194266602865,-15.001305199822943,0.8963713645935059,0.8686428070068359,True,0.23896853000617035,0.0024532627865961197,False,False,0620eff095f4144ae819fc0749f9d0cbec47c0c7260fd92a51b41072013cf1f1,verified_existing,2026-08-01,11ad09ff644382dbc2cfeccf6d6d7b3a55178d0f54719444e1de1fdf0fbd7b77,
focus_jamendo_2215209__300s,focus_jamendo_2215209,focus,discovery,300.0,focus_music/focus_jamendo_2215209.mp3,features/audio/300s/focus/discovery/focus_jamendo_2215209__300s.wav,597.891,148.94549999999998,300.0,300.0,22050,1,float32,-15.0,-20.503571809208783,-15.137754011268111,0.8963713645935059,0.8598083257675171,True,0.0,0.001947392290249433,False,False,e9c49b59328bbc2d177bb6132efe49fa6c84e5803874417c84b196667e310ded,verified_existing,2026-08-01,11ad09ff644382dbc2cfeccf6d6d7b3a55178d0f54719444e1de1fdf0fbd7b77,
focus_jamendo_2234790__180s,focus_jamendo_2234790,focus,discovery,180.0,focus_music/focus_jamendo_2234790.mp3,features/audio/180s/focus/discovery/focus_jamendo_2234790__180s.wav,260.075,40.037499999999994,180.0,180.0,22050,1,float32,-15.0,-17.438098606130662,-14.967430577835197,1.1505067348480225,0.8597552180290222,True,0.0,0.0017876039304610732,False,False,4f7eebc6b349fdb4aaf7b1c01de68d8aeda142eeb4ecdcac765fbfb093e3fd56,verified_existing,2026-08-01,11ad09ff644382dbc2cfeccf6d6d7b3a55178d0f54719444e1de1fdf0fbd7b77,
focus_jamendo_2234790__300s,focus_jamendo_2234790,focus,discovery,300.0,focus_music/focus_jamendo_2234790.mp3,features/audio/300s/focus/discovery/focus_jamendo_2234790__300s.wav,260.075,0.0,260.075,260.0,22050,1,float32,-15.0,-17.71043029013225,-15.06300730851278,1.1505067348480225,0.859808623790741,True,0.0,0.0016720739577882435,True,False,cf1dcb195067e63bffb645bd3aac761c54677a3c59de49ca5d134fbc2ca16ded,verified_existing,2026-08-01,11ad09ff644382dbc2cfeccf6d6d7b3a55178d0f54719444e1de1fdf0fbd7b77,
focus_jamendo_2234792__180s,focus_jamendo_2234792,focus,discovery,180.0,focus_music/focus_jamendo_2234792.mp3,features/audio/180s/focus/discovery/focus_jamendo_2234792__180s.wav,268.069,44.03450000000001,180.0,180.0,22050,1,float32,-15.0,-12.690151342276335,-15.007223808995073,1.3016600608825684,0.8594875931739807,True,0.0,0.0007407407407407407,False,False,d55601b451be69b21e137a741a08f4dbf323ab348b600efbe0f4fc58b17a4972,verified_existing,2026-08-01,11ad09ff644382dbc2cfeccf6d6d7b3a55178d0f54719444e1de1fdf0fbd7b77,
focus_jamendo_2234792__300s,focus_jamendo_2234792,focus,discovery,300.0,focus_music/focus_jamendo_2234792.mp3,features/audio/300s/focus/discovery/focus_jamendo_2234792__300s.wav,268.069,0.0,268.069,268.0,22050,1,float32,-15.0,-12.720788117265352,-15.025875631288763,1.3047202825546265,0.859410285949707,True,0.0,0.0007983890073442313,True,False,2a9e4b18e56bcc52c307b3c8ff55a384765b8858cd43022a6ea23ab945804581,verified_existing,2026-08-01,11ad09ff644382dbc2cfeccf6d6d7b3a55178d0f54719444e1de1fdf0fbd7b77,
focus_jamendo_2235775__180s,focus_jamendo_2235775,focus,discovery,180.0,focus_music/focus_jamendo_2235775.mp3,features/audio/180s/focus/discovery/focus_jamendo_2235775__180s.wav,249.652,34.82599999999999,180.0,180.0,22050,1,float32,-15.0,-18.7738583500788,-15.011811088796145,0.6254538297653198,0.8594130277633667,True,0.0,6.399596875787352e-05,False,False,e9537c3f610339ed8af9881eac1b0d30d8478ab272a371d4c816095303227e5f,verified_existing,2026-08-01,11ad09ff644382dbc2cfeccf6d6d7b3a55178d0f54719444e1de1fdf0fbd7b77,
focus_jamendo_2235775__300s,focus_jamendo_2235775,focus,discovery,300.0,focus_music/focus_jamendo_2235775.mp3,features/audio/300s/focus/discovery/focus_jamendo_2235775__300s.wav,249.652,0.0,249.652,249.6,22050,1,float32,-15.0,-19.1219085637569,-14.954456321237567,0.6238909959793091,0.8594803214073181,True,0.0,0.00032251148322576896,True,False,24f87eb9372dd468270d4a75e1430bf8f619c325f532b1da38652778a2423f77,verified_existing,2026-08-01,11ad09ff644382dbc2cfeccf6d6d7b3a55178d0f54719444e1de1fdf0fbd7b77,
focus_jamendo_2255191__180s,focus_jamendo_2255191,focus,discovery,180.0,focus_music/focus_jamendo_2255191.mp3,features/audio/180s/focus/discovery/focus_jamendo_2255191__180s.wav,388.624,104.31200000000001,180.0,180.0,22050,1,float32,-15.0,-21.80272568221914,-15.016265915200995,0.4890754222869873,0.8594003319740295,True,0.0,0.00016679264298311917,False,False,7f00b94480fcd35110ac2957a94939cee0d08d3b13abaa5047df509d8ceea93b,verified_existing,2026-08-01,11ad09ff644382dbc2cfeccf6d6d7b3a55178d0f54719444e1de1fdf0fbd7b77,
focus_jamendo_2255191__300s,focus_jamendo_2255191,focus,discovery,300.0,focus_music/focus_jamendo_2255191.mp3,features/audio/300s/focus/discovery/focus_jamendo_2255191__300s.wav,388.624,44.31200000000001,300.0,300.0,22050,1,float32,-15.0,-21.664771618219795,-15.010548130806015,0.4890754222869873,0.8593984246253967,True,0.0,0.00019652305366591082,False,False,f3d52853947f9337292a99183983cfe507d4dfdacaa3bac6d5a79f31d576a497,verified_existing,2026-08-01,11ad09ff644382dbc2cfeccf6d6d7b3a55178d0f54719444e1de1fdf0fbd7b77,
focus_jamendo_2257645__180s,focus_jamendo_2257645,focus,discovery,180.0,focus_music/focus_jamendo_2257645.mp3,features/audio/180s/focus/discovery/focus_jamendo_2257645__180s.wav,440.059,130.0295,180.0,180.0,22050,1,float32,-15.0,-19.008625261520663,-15.012866504288729,0.6546951532363892,0.8593827486038208,True,0.0,0.0004472159234063996,False,False,d7e80de1f0dd5087109e72fd4e47eebe0168a126c1201e6de26d7664c04d82eb,verified_existing,2026-08-01,11ad09ff644382dbc2cfeccf6d6d7b3a55178d0f54719444e1de1fdf0fbd7b77,
focus_jamendo_2257645__300s,focus_jamendo_2257645,focus,discovery,300.0,focus_music/focus_jamendo_2257645.mp3,features/audio/300s/focus/discovery/focus_jamendo_2257645__300s.wav,440.059,70.02950000000001,300.0,300.0,22050,1,float32,-15.0,-19.0949552593304,-15.009904179944368,0.6546951532363892,0.8594001531600952,True,0.0,0.0004678760393046107,False,False,ea5cfbe4564b167c7790f9d68237d66b4e2774b0909b2eae1ff9a6a4b8fe1c13,verified_existing,2026-08-01,11ad09ff644382dbc2cfeccf6d6d7b3a55178d0f54719444e1de1fdf0fbd7b77,
focus_jamendo_2259996__180s,focus_jamendo_2259996,focus,discovery,180.0,focus_music/focus_jamendo_2259996.mp3,features/audio/180s/focus/discovery/focus_jamendo_2259996__180s.wav,247.693,33.846500000000006,180.0,180.0,22050,1,float32,-15.0,-15.806012030143895,-15.009746527656292,0.8844163417816162,0.8593881726264954,True,0.0,0.00020609725371630133,False,False,7b8079a5264932e699ca2340c7d5357e8bd2fba7a6072e40cae35db3cdd9984a,verified_existing,2026-08-01,11ad09ff644382dbc2cfeccf6d6d7b3a55178d0f54719444e1de1fdf0fbd7b77,
focus_jamendo_2259996__300s,focus_jamendo_2259996,focus,discovery,300.0,focus_music/focus_jamendo_2259996.mp3,features/audio/300s/focus/discovery/focus_jamendo_2259996__300s.wav,247.693,0.0,247.693,247.61904761904762,22050,1,float32,-15.0,-15.977712658014267,-15.0797952271974,0.8830152750015259,0.8593422770500183,True,0.0,0.00020989010989010988,True,False,308f83be99305632d994e12e988e01a23bf10ad41271e5e09a163b9a49cafa6c,verified_existing,2026-08-01,11ad09ff644382dbc2cfeccf6d6d7b3a55178d0f54719444e1de1fdf0fbd7b77,
focus_jamendo_2260000__180s,focus_jamendo_2260000,focus,discovery,180.0,focus_music/focus_jamendo_2260000.mp3,features/audio/180s/focus/discovery/focus_jamendo_2260000__180s.wav,255.791,37.8955,180.0,180.0,22050,1,float32,-15.0,-16.17086819688909,-15.020413109572791,0.8246816396713257,0.8594059348106384,True,0.0,6.928697404887881e-05,False,False,6cbc6fc5a64ed591ba35d3eb87acf2f4d256bc9229d8676a7d01cb283c40000f,verified_existing,2026-08-01,11ad09ff644382dbc2cfeccf6d6d7b3a55178d0f54719444e1de1fdf0fbd7b77,
focus_jamendo_2260000__300s,focus_jamendo_2260000,focus,discovery,300.0,focus_music/focus_jamendo_2260000.mp3,features/audio/300s/focus/discovery/focus_jamendo_2260000__300s.wav,255.791,0.0,255.791,255.73773242630386,22050,1,float32,-15.0,-15.928151928437716,-15.066518561069222,0.9909324645996094,0.8593991994857788,True,0.0,0.00011952437809639517,True,False,7d95c351eeaeaf23623a14ba56e4a8f1f073c1df6775f85f96e4574bbe1e3f37,verified_existing,2026-08-01,11ad09ff644382dbc2cfeccf6d6d7b3a55178d0f54719444e1de1fdf0fbd7b77,
focus_jamendo_2266423__180s,focus_jamendo_2266423,focus,discovery,180.0,focus_music/focus_jamendo_2266423.mp3,features/audio/180s/focus/discovery/focus_jamendo_2266423__180s.wav,352.366,86.18299999999999,180.0,180.0,22050,1,float32,-15.0,-15.887344668312572,-15.006152509575767,0.8341777324676514,0.8593770265579224,True,0.0,0.0003504661123708743,False,False,308e633b0259c6abf2ebab67e7b163505b6d8c37bf971ab18240eba5ab1e507a,verified_existing,2026-08-01,11ad09ff644382dbc2cfeccf6d6d7b3a55178d0f54719444e1de1fdf0fbd7b77,
focus_jamendo_2266423__300s,focus_jamendo_2266423,focus,discovery,300.0,focus_music/focus_jamendo_2266423.mp3,features/audio/300s/focus/discovery/focus_jamendo_2266423__300s.wav,352.366,26.182999999999993,300.0,300.0,22050,1,float32,-15.0,-16.096020669729118,-14.999190036674575,0.8897610902786255,0.8593847751617432,True,0.0,0.0004278155706727135,False,False,6587c6a75c612c17f46359c381a93ad7d93c12dc4cfc7c77f7dc81a898c58310,verified_existing,2026-08-01,11ad09ff644382dbc2cfeccf6d6d7b3a55178d0f54719444e1de1fdf0fbd7b77,
focus_jamendo_2269943__180s,focus_jamendo_2269943,focus,discovery,180.0,focus_music/focus_jamendo_2269943.mp3,features/audio/180s/focus/discovery/focus_jamendo_2269943__180s.wav,412.865,116.4325,180.0,180.0,22050,1,float32,-15.0,-16.843557005107986,-15.006259907993387,0.8176450729370117,0.8593928217887878,True,0.0,0.0002524565381708239,False,False,20e2029d4c5e7eb9331c3ca6d0d3631f6da93a4b08ad80b3b2dd3e1d4abe4691,verified_existing,2026-08-01,11ad09ff644382dbc2cfeccf6d6d7b3a55178d0f54719444e1de1fdf0fbd7b77,
focus_jamendo_2269943__300s,focus_jamendo_2269943,focus,discovery,300.0,focus_music/focus_jamendo_2269943.mp3,features/audio/300s/focus/discovery/focus_jamendo_2269943__300s.wav,412.865,56.432500000000005,300.0,300.0,22050,1,float32,-15.0,-16.947048395272898,-15.007144765909024,0.8308333158493042,0.8593953251838684,True,0.0,0.00025003779289493573,False,False,5c77d95e22144bcd7c594bfc3b6bf6097b1168fa7d32b6dad00d712bbdb2b825,verified_existing,2026-08-01,11ad09ff644382dbc2cfeccf6d6d7b3a55178d0f54719444e1de1fdf0fbd7b77,
focus_jamendo_2274006__180s,focus_jamendo_2274006,focus,holdout,180.0,focus_music/focus_jamendo_2274006.mp3,features/audio/180s/focus/holdout/focus_jamendo_2274006__180s.wav,159.425,0.0,159.425,159.3677551020408,22050,1,float32,-15.0,-17.538201316010987,-15.134770763407714,1.10310697555542,0.8594619035720825,True,0.0,0.0012449990168064908,True,False,7e2c78441f7a43f626ae478f9b8137e4912844cd9f862901ca71f5a88142cd9b,verified_existing,2026-08-01,11ad09ff644382dbc2cfeccf6d6d7b3a55178d0f54719444e1de1fdf0fbd7b77,
focus_jamendo_2274006__300s,focus_jamendo_2274006,focus,holdout,300.0,focus_music/focus_jamendo_2274006.mp3,features/audio/300s/focus/holdout/focus_jamendo_2274006__300s.wav,159.425,0.0,159.425,159.3677551020408,22050,1,float32,-15.0,-17.538201316010987,-15.134770763407714,1.10310697555542,0.8594619035720825,True,0.0,0.0012449990168064908,True,False,7172b4383d77c2abe0c89ddd8ce83bfa47d0c5cd346fefd330c2027d9c2cb4ad,verified_existing,2026-08-01,11ad09ff644382dbc2cfeccf6d6d7b3a55178d0f54719444e1de1fdf0fbd7b77,
focus_jamendo_2276079__180s,focus_jamendo_2276079,focus,discovery,180.0,focus_music/focus_jamendo_2276079.mp3,features/audio/180s/focus/discovery/focus_jamendo_2276079__180s.wav,504.059,162.0295,180.0,180.0,22050,1,float32,-15.0,-16.808714552323952,-15.007576162034502,0.7939832806587219,0.8594094514846802,True,0.0,0.0004640967498110355,False,False,391a481981f464fe00089a22fb1d51db25366c12c87662109a8c24c73f3e23a6,verified_existing,2026-08-01,11ad09ff644382dbc2cfeccf6d6d7b3a55178d0f54719444e1de1fdf0fbd7b77,
focus_jamendo_2276079__300s,focus_jamendo_2276079,focus,discovery,300.0,focus_music/focus_jamendo_2276079.mp3,features/audio/300s/focus/discovery/focus_jamendo_2276079__300s.wav,504.059,102.02950000000001,300.0,300.0,22050,1,float32,-15.0,-16.754467628790405,-15.006525665528384,0.8795994520187378,0.8594090342521667,True,0.0,0.00042509448223733935,False,False,68980c3c63a8a03e13a985001968495600f32fa9baa5365b44332b08a1375fed,verified_existing,2026-08-01,11ad09ff644382dbc2cfeccf6d6d7b3a55178d0f54719444e1de1fdf0fbd7b77,
focus_jamendo_2276080__180s,focus_jamendo_2276080,focus,discovery,180.0,focus_music/focus_jamendo_2276080.mp3,features/audio/180s/focus/discovery/focus_jamendo_2276080__180s.wav,489.535,154.7675,180.0,180.0,22050,1,float32,-15.0,-16.12636086185662,-15.011020682291813,0.9117709398269653,0.8594053387641907,True,0.0,0.000491055681531872,False,False,c98fe6718263a4b2d5804bf8c96996605712e3918be386741707f5a746580272,verified_existing,2026-08-01,11ad09ff644382dbc2cfeccf6d6d7b3a55178d0f54719444e1de1fdf0fbd7b77,
focus_jamendo_2276080__300s,focus_jamendo_2276080,focus,discovery,300.0,focus_music/focus_jamendo_2276080.mp3,features/audio/300s/focus/discovery/focus_jamendo_2276080__300s.wav,489.535,94.76750000000001,300.0,300.0,22050,1,float32,-15.0,-16.213226609094637,-15.004431673483525,0.9117709398269653,0.8594053387641907,True,0.0,0.0004763416477702192,False,False,4446ba07bcad863e5385bda63ee9853ed00e69e643fc4fc1c2640f63f1253fff,verified_existing,2026-08-01,11ad09ff644382dbc2cfeccf6d6d7b3a55178d0f54719444e1de1fdf0fbd7b77,
focus_jamendo_2279515__180s,focus_jamendo_2279515,focus,discovery,180.0,focus_music/focus_jamendo_2279515.mp3,features/audio/180s/focus/discovery/focus_jamendo_2279515__180s.wav,239.073,29.536500000000004,180.0,180.0,22050,1,float32,-15.0,-11.764901126344828,-15.01490168923522,1.178115963935852,0.8077923059463501,True,0.0,2.015621063240111e-05,False,False,674922c6aaa145f0c7e857c41f8fb779e24e333debde92a6d409d32029e5677e,verified_existing,2026-08-01,11ad09ff644382dbc2cfeccf6d6d7b3a55178d0f54719444e1de1fdf0fbd7b77,
focus_jamendo_2279515__300s,focus_jamendo_2279515,focus,discovery,300.0,focus_music/focus_jamendo_2279515.mp3,features/audio/300s/focus/discovery/focus_jamendo_2279515__300s.wav,239.073,0.0,239.073,239.0,22050,1,float32,-15.0,-12.161190760591289,-15.011199070317032,1.178115963935852,0.8367069959640503,True,0.0,8.633858006242943e-05,True,False,4dc479bda3d7389e6582afe58189f89fff43d306bc8b06355728d7bc3509a63c,verified_existing,2026-08-01,11ad09ff644382dbc2cfeccf6d6d7b3a55178d0f54719444e1de1fdf0fbd7b77,
focus_jamendo_2280562__180s,focus_jamendo_2280562,focus,discovery,180.0,focus_music/focus_jamendo_2280562.mp3,features/audio/180s/focus/discovery/focus_jamendo_2280562__180s.wav,224.313,22.156499999999994,180.0,180.0,22050,1,float32,-15.0,-20.266665580671845,-14.993350008875728,0.6201461553573608,0.859440267086029,True,0.0,0.0009168556311413454,False,False,cb0a090105450d7e857dbc9edaf21a75d758a97a94ef70f5d0b4d4a6743d1966,verified_existing,2026-08-01,11ad09ff644382dbc2cfeccf6d6d7b3a55178d0f54719444e1de1fdf0fbd7b77,
focus_jamendo_2280562__300s,focus_jamendo_2280562,focus,discovery,300.0,focus_music/focus_jamendo_2280562.mp3,features/audio/300s/focus/discovery/focus_jamendo_2280562__300s.wav,224.313,0.0,224.313,224.25002267573697,22050,1,float32,-15.0,-20.718216125217957,-14.972060921130732,0.6201461553573608,0.8594356775283813,True,0.0,0.0013386014516919384,True,False,bb05193714888001fb86842b317442a7622d3b46ccd5a0052066ba6012da7b3b,verified_existing,2026-08-01,11ad09ff644382dbc2cfeccf6d6d7b3a55178d0f54719444e1de1fdf0fbd7b77,
