segment_id,track_id,group,split,scale_seconds,pitch3_h0_observed_persistence_z,pitch3_self_transition_ratio_z,pitch3_directed_recurrence_z,focus_logit,focus_probability,focus_target_band_loss
classical_musicnet_1727__180s,classical_musicnet_1727,classical,validation,180.0,0.888752941176471,-0.37564728695928307,-0.4659469326223684,-5.829526686575826,0.002930852792830401,0.45998686657464866
classical_musicnet_1727__300s,classical_musicnet_1727,classical,validation,300.0,1.0792000000000006,-0.34345015395975437,-0.488293227940203,-6.802526482548524,0.0011097318930230636,0.5905391549014766
classical_musicnet_1728__180s,classical_musicnet_1728,classical,validation,180.0,0.9522352941176473,-0.8173824727260359,-0.4647750111930065,-8.066019928923748,0.0003139320771426163,0.6880215054754152
classical_musicnet_1728__300s,classical_musicnet_1728,classical,validation,300.0,0.9945568627450985,-0.7847072128085106,-0.46844672791114056,-8.175306212593542,0.0002814410086154795,0.6997644950566494
classical_musicnet_1729__180s,classical_musicnet_1729,classical,validation,180.0,0.8887529411764706,-0.4779817072021614,-0.3396884043304508,-6.325878200478578,0.0017861979015390483,0.44817422043939864
classical_musicnet_1729__300s,classical_musicnet_1729,classical,validation,300.0,1.2273254901960788,-0.411395292831233,-0.39804025044616054,-8.006674816306747,0.00033311992698249363,0.6938707633617013
classical_musicnet_1730__180s,classical_musicnet_1730,classical,validation,180.0,0.8887529411764706,-0.8055355872375969,-0.45417714827206396,-7.648104401368415,0.00047672000309245227,0.6364702287340308
classical_musicnet_1730__300s,classical_musicnet_1730,classical,validation,300.0,1.0792000000000006,-0.691176645378239,-0.5183749074634997,-8.253180626639656,0.0002603611059113077,0.7324000693806777
classical_musicnet_1739__180s,classical_musicnet_1739,classical,validation,180.0,0.10580392156862747,-0.4942033766086871,-0.3334104183479851,-1.7920884219529112,0.1428168676636687,0.17032460456332785
classical_musicnet_1739__300s,classical_musicnet_1739,classical,validation,300.0,0.8041098039215689,-0.5579068105680294,-0.4095428274817517,-6.129086221739513,0.0021738349288075677,0.45068534322436404
classical_musicnet_1742__180s,classical_musicnet_1742,classical,validation,180.0,0.6136627450980398,0.44718805750157387,0.185903455875923,-1.0770736354011103,0.2540602033515306,0.1434384732846343
classical_musicnet_1742__300s,classical_musicnet_1742,classical,validation,300.0,0.9522352941176473,0.3373959484943164,-0.06187156893116596,-3.40419196060032,0.03216471213018755,0.3403426320848646
classical_musicnet_1763__180s,classical_musicnet_1763,classical,validation,180.0,1.0792000000000006,-0.4371793483485608,-0.47099236070072825,-7.206605488778596,0.0007411208286368888,0.6106122165417697
classical_musicnet_1763__300s,classical_musicnet_1763,classical,validation,300.0,1.2696470588235296,-0.30250733664200896,-0.4293862035255136,-7.780405957719805,0.000417667994336969,0.7124861286524693
classical_musicnet_1764__180s,classical_musicnet_1764,classical,validation,180.0,0.6559843137254906,-0.4712578955496106,-0.3648186741416638,-4.915438709216497,0.007279126156102641,0.32729652549562765
classical_musicnet_1764__300s,classical_musicnet_1764,classical,validation,300.0,0.9945568627450981,-0.25261190908531866,-0.24265864239462454,-6.0478698466047165,0.0023573198800171595,0.4301520877054145
classical_musicnet_1765__180s,classical_musicnet_1765,classical,validation,180.0,0.6348235294117648,-0.6508186654921324,-0.34193401922895483,-5.559806483103715,0.003834759285498013,0.3824912752745669
classical_musicnet_1765__300s,classical_musicnet_1765,classical,validation,300.0,1.1850039215686277,-0.6143168621630308,-0.3787519137197502,-8.623219646598388,0.00017984781973302396,0.7270767223427126
classical_musicnet_1766__180s,classical_musicnet_1766,classical,validation,180.0,0.7617882352941181,-0.05739073468261759,-0.19232354132703425,-3.8814523157990655,0.020204226986315778,0.25058766750788464
classical_musicnet_1766__300s,classical_musicnet_1766,classical,validation,300.0,1.0368784313725496,-0.1296525346878987,-0.32564862944609807,-5.735733440863221,0.0032181238195419445,0.4631529280886973
classical_musicnet_1805__180s,classical_musicnet_1805,classical,validation,180.0,0.7617882352941178,-0.48077920899010596,-0.3420423261017692,-5.5896402325874135,0.003722463340515278,0.37642704094780144
classical_musicnet_1805__300s,classical_musicnet_1805,classical,validation,300.0,0.46553725490196113,-0.39038698606288347,-0.39103757331092476,-3.4407559924639246,0.031045734408106342,0.2339341810612242
classical_musicnet_1807__180s,classical_musicnet_1807,classical,validation,180.0,0.8464313725490198,-0.20800758085143833,-0.265669734736726,-4.976686739616859,0.0068496348078682,0.33269521712053063
classical_musicnet_1807__300s,classical_musicnet_1807,classical,validation,300.0,1.0368784313725496,-0.08507010342674808,-0.38288337700598835,-5.518349993101274,0.0039964275568335735,0.47671348662676305
classical_musicnet_1811__180s,classical_musicnet_1811,classical,validation,180.0,0.6559843137254906,0.3450457514214028,-0.10439445000112818,-1.6074989265575164,0.1669361443473468,0.17883660736587656
classical_musicnet_1811__300s,classical_musicnet_1811,classical,validation,300.0,0.6136627450980398,0.37214963105419585,-0.08786631687223559,-1.2527736125860676,0.22222038250828155,0.1573863535832519
classical_musicnet_1812__180s,classical_musicnet_1812,classical,validation,180.0,0.9522352941176476,-0.8376559592122381,-0.4322859114291008,-8.168193919063711,0.00028344926549283433,0.6875177444095465
classical_musicnet_1812__300s,classical_musicnet_1812,classical,validation,300.0,1.0792000000000002,-0.8078689968446986,-0.4909290764878443,-8.759291966554603,0.0001569710836802965,0.7825297817689799
classical_musicnet_1813__180s,classical_musicnet_1813,classical,validation,180.0,0.8887529411764706,-0.5960933231696415,-0.44027826953738725,-6.77217939467379,0.001143886121031967,0.5276669577339544
classical_musicnet_1813__300s,classical_musicnet_1813,classical,validation,300.0,0.8887529411764706,-0.5310424445598875,-0.4037607141804008,-6.516672069656464,0.0014763985644043849,0.4883336334770542
classical_musicnet_1817__180s,classical_musicnet_1817,classical,validation,180.0,0.6136627450980398,-0.001752196417244882,0.18677420373283138,-2.970378998327287,0.04878213354502175,0.14404769230335984
classical_musicnet_1817__300s,classical_musicnet_1817,classical,validation,300.0,0.4232156862745099,-0.07331428915006485,0.055961652115357294,-2.084648616930825,0.1105978725282593,0.07782682681786922
classical_musicnet_1818__180s,classical_musicnet_1818,classical,validation,180.0,0.23276862745098073,0.534948908069348,0.4120116942965277,1.4172298537646393,0.8049037775192044,0.025224871992823306
classical_musicnet_1818__300s,classical_musicnet_1818,classical,validation,300.0,0.6559843137254903,0.434375390649101,0.3315054834910211,-1.4548575991074861,0.18925510232505094,0.16254370177623986
classical_musicnet_1819__180s,classical_musicnet_1819,classical,validation,180.0,0.2750901960784316,-0.49152299554520934,-0.10959960566070859,-2.891562184388996,0.05257225410274134,0.1451790616974368
classical_musicnet_1819__300s,classical_musicnet_1819,classical,validation,300.0,0.2750901960784316,-0.49152299554520934,-0.10959960566070859,-2.891562184388996,0.05257225410274134,0.1451790616974368
classical_musicnet_1828__180s,classical_musicnet_1828,classical,validation,180.0,0.8887529411764706,-0.8339380801866226,-0.4628528108176471,-7.763399076499737,0.0004248289266129092,0.6560951171899302
classical_musicnet_1828__300s,classical_musicnet_1828,classical,validation,300.0,0.8887529411764706,-0.7832610501887923,-0.4691795511024858,-7.546479373029848,0.0005276870283534169,0.6298494563621749
classical_musicnet_1829__180s,classical_musicnet_1829,classical,validation,180.0,0.8464313725490198,-0.2823998430710753,-0.02364011514254392,-5.414717991626861,0.00443087273020537,0.30472044258655256
classical_musicnet_1829__300s,classical_musicnet_1829,classical,validation,300.0,1.0368784313725496,-0.5108903627456732,-0.3203218904473166,-7.345876221537247,0.0006448316640536126,0.5534115192481486
classical_musicnet_1835__180s,classical_musicnet_1835,classical,validation,180.0,0.12696470588235326,-0.32892007173672405,0.2927388343359672,-1.5414398241381446,0.17632606419351474,0.055165965136074614
classical_musicnet_1835__300s,classical_musicnet_1835,classical,validation,300.0,0.1904470588235299,-0.18743441076050918,0.3276230355715258,-1.3362344017880818,0.2081299918697245,0.0354543385751554
classical_musicnet_1859__180s,classical_musicnet_1859,classical,validation,180.0,0.46553725490196113,-0.7399779310737196,-0.4381696706116002,-4.890509435986269,0.007461499262123021,0.3919052082541901
classical_musicnet_1859__300s,classical_musicnet_1859,classical,validation,300.0,1.0792000000000006,-0.5439990069203465,-0.47774705661064537,-7.653516041559054,0.0004741483538857394,0.6511298781488841
classical_musicnet_1872__180s,classical_musicnet_1872,classical,validation,180.0,0.6983058823529414,-0.23644323320566246,-0.24931050374958605,-4.233692026705489,0.014291551986278666,0.25315338868170706
classical_musicnet_1872__300s,classical_musicnet_1872,classical,validation,300.0,0.8887529411764706,-0.3819445818433321,-0.3686092032497091,-5.906097134589813,0.002715399401044623,0.4270990321600216
classical_musicnet_1873__180s,classical_musicnet_1873,classical,validation,180.0,0.888752941176471,-0.6437336881378816,-0.4387143331040435,-6.973848188368796,0.0009351685341921283,0.5480778025975143
classical_musicnet_1873__300s,classical_musicnet_1873,classical,validation,300.0,0.9945568627450981,-0.5936216950264265,-0.45783869563061586,-7.37508731293179,0.0006262795076730673,0.6026481366113726
classical_musicnet_1876__180s,classical_musicnet_1876,classical,validation,180.0,1.0368784313725496,-0.44739575637177026,-0.3989021088846689,-7.0377848703962425,0.0008772991176681933,0.5563460349886448
classical_musicnet_1876__300s,classical_musicnet_1876,classical,validation,300.0,1.2273254901960784,-0.5907686952679935,-0.45753487907332396,-8.732390625152291,0.0001612504375841168,0.7802897220768069
classical_musicnet_1893__180s,classical_musicnet_1893,classical,validation,180.0,0.9945568627450985,-0.7685292436100639,-0.4001280562857688,-8.14220252209941,0.00029091091393696795,0.665851503370407
classical_musicnet_1893__300s,classical_musicnet_1893,classical,validation,300.0,1.2273254901960784,-0.8255922487388759,-0.4691295195788505,-9.716514347256469,6.027611562271529e-05,0.9020564710579232
classical_musicnet_2075__180s,classical_musicnet_2075,classical,discovery,180.0,0.08464313725490243,0.405666794867358,0.8435649995928863,1.521670360882626,0.8207843180399799,0.005373345513264156
classical_musicnet_2075__300s,classical_musicnet_2075,classical,discovery,300.0,0.6559843137254903,0.20703805199556904,0.4761489936355842,-2.4877040008293347,0.07672468337384947,0.16254370177623986
classical_musicnet_2076__180s,classical_musicnet_2076,classical,discovery,180.0,0.5078588235294124,0.49978165683824693,0.6332903741389625,-0.4628717698112299,0.386304781738498,0.10089948797129326
classical_musicnet_2076__300s,classical_musicnet_2076,classical,discovery,300.0,0.6559843137254906,0.42924677117814725,0.4146659707512346,-1.5192152738360665,0.17957710339078295,0.16254370177624003
classical_musicnet_2077__180s,classical_musicnet_2077,classical,discovery,180.0,-0.25392941176470557,0.21607198831842733,1.0245760632339724,2.6207977947882597,0.9321881551348375,0.0
classical_musicnet_2077__300s,classical_musicnet_2077,classical,discovery,300.0,0.04232156862745084,0.18733415551577312,0.9064877907344134,0.817725547396197,0.6937533237701531,0.002388153561450708
classical_musicnet_2078__180s,classical_musicnet_2078,classical,discovery,180.0,1.0792000000000002,-0.15597645533722626,-0.28898027859858383,-6.114506497280636,0.0022056905952493504,0.4870596668233615
classical_musicnet_2078__300s,classical_musicnet_2078,classical,discovery,300.0,1.2273254901960788,-0.208280079980448,-0.3424553021304183,-7.178847800586561,0.0007619649079194045,0.6283196239666645
classical_musicnet_2079__180s,classical_musicnet_2079,classical,discovery,180.0,1.0792000000000002,0.011141955521897094,-0.1888492065470174,-5.461343161885574,0.004229878492047675,0.45068560075889924
classical_musicnet_2079__300s,classical_musicnet_2079,classical,discovery,300.0,1.0792000000000002,0.22535686731692084,0.10770467093166476,-4.71054427330766,0.008919602522646414,0.41929712686365667
classical_musicnet_2080__180s,classical_musicnet_2080,classical,discovery,180.0,0.7194666666666673,-0.15686735840514934,-0.15320043551520454,-4.072036832922493,0.016757055651730288,0.2307712299378798
classical_musicnet_2080__300s,classical_musicnet_2080,classical,discovery,300.0,0.592501960784314,-0.09727624123419128,-0.14115131225696806,-3.0801523099349346,0.043933417436062924,0.16286783982593178
classical_musicnet_2081__180s,classical_musicnet_2081,classical,discovery,180.0,0.6983058823529414,-0.07536706969647015,-0.2104239719860913,-3.574532547598708,0.027264345336534802,0.22302472640606688
classical_musicnet_2081__300s,classical_musicnet_2081,classical,discovery,300.0,0.6983058823529414,-0.16623805705620753,-0.25392721343815877,-3.935314926612997,0.01916506812778149,0.24294464731635737
classical_musicnet_2082__180s,classical_musicnet_2082,classical,discovery,180.0,1.0792000000000002,0.28686268521831826,-0.05121318971175231,-4.369554819220466,0.012498679697987283,0.4286674668941673
classical_musicnet_2082__300s,classical_musicnet_2082,classical,discovery,300.0,1.036878431372549,0.3057148858304992,0.0430369431483304,-4.08956017905701,0.016470768120056677,0.3900325134302233
classical_musicnet_2083__180s,classical_musicnet_2083,classical,discovery,180.0,0.6983058823529414,-0.3358658577443929,-0.29532155215258116,-4.629241808575666,0.009667779491769281,0.2867701020997756
classical_musicnet_2083__300s,classical_musicnet_2083,classical,discovery,300.0,0.5078588235294124,-0.4710373651280107,-0.26031863484068335,-4.096914733329596,0.016352050861644454,0.2356719246167561
classical_musicnet_2112__180s,classical_musicnet_2112,classical,holdout,180.0,1.2696470588235296,-0.32967538703127985,-0.3755030197661295,-7.922643215907118,0.0003623117266736991,0.7003053114318739
classical_musicnet_2112__300s,classical_musicnet_2112,classical,holdout,300.0,1.2696470588235296,-0.546320238937601,-0.4847082871625926,-8.77996091530247,0.00015376044977444305,0.8092954674840773
classical_musicnet_2113__180s,classical_musicnet_2113,classical,holdout,180.0,0.5713411764705886,-0.6079039455178116,-0.2701267040150757,-5.042354180651635,0.006417080986914462,0.31576157070333716
classical_musicnet_2113__300s,classical_musicnet_2113,classical,holdout,300.0,0.6983058823529414,-0.7006627272808338,-0.4672169404428323,-6.078995130815134,0.0022852428303422627,0.4798464435148053
classical_musicnet_2114__180s,classical_musicnet_2114,classical,holdout,180.0,1.2696470588235296,-0.8805623580386782,-0.5586197940296406,-10.151238176606507,3.902620542239915e-05,1.0088604454048906
classical_musicnet_2114__300s,classical_musicnet_2114,classical,holdout,300.0,1.2696470588235296,-0.7610294243360388,-0.5510312678843514,-9.651153376807093,6.434716209132384e-05,0.9367879917337892
classical_musicnet_2116__180s,classical_musicnet_2116,classical,holdout,180.0,1.0792000000000002,-0.766851879520245,-0.5121540589860923,-8.575445348554727,0.00018864681153852832,0.7686264884535975
classical_musicnet_2116__300s,classical_musicnet_2116,classical,holdout,300.0,1.0792000000000002,-0.7801517066497347,-0.5166979963629847,-8.629186137090834,0.00017877814553995944,0.7777601379079698
classical_musicnet_2117__180s,classical_musicnet_2117,classical,holdout,180.0,1.2273254901960784,-0.28300496569207867,-0.3888838298827609,-7.470050463368055,0.0005695749366091955,0.6575293126037266
classical_musicnet_2117__300s,classical_musicnet_2117,classical,holdout,300.0,1.2696470588235296,-0.06817690574568727,-0.3036249724556835,-6.8570285740561285,0.0010509297227097871,0.6366154805858694
classical_musicnet_2118__180s,classical_musicnet_2118,classical,holdout,180.0,0.6983058823529414,-1.0028560373831297,-0.42196861636091304,-7.376378722784021,0.0006254717517021274,0.6427720695824295
classical_musicnet_2118__300s,classical_musicnet_2118,classical,holdout,300.0,0.6983058823529414,-0.9303532265598579,-0.4037149447766315,-7.080066635960324,0.0008410091661243098,0.5876254002708063
classical_musicnet_2119__180s,classical_musicnet_2119,classical,holdout,180.0,1.0792000000000006,-0.35172362149113223,-0.41927456513806743,-6.872876607850678,0.0010344229270517822,0.566433519389517
classical_musicnet_2119__300s,classical_musicnet_2119,classical,holdout,300.0,1.0792000000000002,-0.4138517919878538,-0.4160039829779452,-7.136507049461407,0.0007948936235006058,0.5828211970727902
classical_musicnet_2127__180s,classical_musicnet_2127,classical,holdout,180.0,0.48669803921568655,-0.0715509170085621,-0.357838147015008,-2.2379846590481716,0.09639093462233604,0.17256899757618002
classical_musicnet_2127__300s,classical_musicnet_2127,classical,holdout,300.0,0.9945568627450981,-0.23099256552395078,-0.4052898202545452,-5.873144769330932,0.002806113560816396,0.4738533601057416
classical_musicnet_2131__180s,classical_musicnet_2131,classical,holdout,180.0,0.14812549019607868,-0.35324961661358606,-0.16680180588814142,-1.5323447721169872,0.17765087663269044,0.09069002577623099
classical_musicnet_2131__300s,classical_musicnet_2131,classical,holdout,300.0,0.5290196078431374,-0.25031692674993783,-0.18135770979509622,-3.3313420174823527,0.034511485724215356,0.1667095365539191
classical_musicnet_2138__180s,classical_musicnet_2138,classical,holdout,180.0,0.8887529411764706,-0.04836029592990953,-0.32205343936169917,-4.523536088548559,0.010734115657202746,0.3557937918416589
classical_musicnet_2138__300s,classical_musicnet_2138,classical,holdout,300.0,1.0792000000000006,-0.03622331649351436,-0.319286272815834,-5.594020257770004,0.003706254808713316,0.4846166554308506
classical_musicnet_2140__180s,classical_musicnet_2140,classical,holdout,180.0,1.2273254901960788,-0.545124741027075,-0.46847939103520664,-8.534318828498831,0.00019656538906935854,0.7659896056363203
classical_musicnet_2140__300s,classical_musicnet_2140,classical,holdout,300.0,1.2696470588235296,-0.5481398982074079,-0.4901948644814707,-8.784813701501855,0.00015301620465312416,0.812218834503482
classical_musicnet_2147__180s,classical_musicnet_2147,classical,holdout,180.0,0.8887529411764706,-0.5830793698124633,-0.4191010489155443,-6.728191335002936,0.001195265054867695,0.5144821390496165
classical_musicnet_2147__300s,classical_musicnet_2147,classical,holdout,300.0,0.6983058823529414,-0.4351889199279686,-0.4155242602635092,-4.986246673307182,0.006784906933012372,0.3528456034049306
classical_musicnet_2148__180s,classical_musicnet_2148,classical,holdout,180.0,1.2696470588235296,-1.0374903109275317,-0.5811738951022694,-10.801300442117764,2.0372577229228202e-05,1.1238053007273494
classical_musicnet_2148__300s,classical_musicnet_2148,classical,holdout,300.0,1.2696470588235296,-0.9659499774383239,-0.5798411695126526,-10.500351202205993,2.7526022483235245e-05,1.0734548720732626
classical_musicnet_2149__180s,classical_musicnet_2149,classical,holdout,180.0,1.0792000000000002,-0.6403776462332362,-0.5109682856131863,-8.04280387913961,0.0003213032316009847,0.7053468832233064
classical_musicnet_2149__300s,classical_musicnet_2149,classical,holdout,300.0,1.2696470588235296,-0.7374350083581883,-0.5322547549279406,-9.561321461702518,7.03947508808817e-05,0.9161171540853701
classical_musicnet_2150__180s,classical_musicnet_2150,classical,holdout,180.0,0.7617882352941178,-0.6144664256640378,-0.3770685781693119,-6.1353039329244154,0.0021603896940928396,0.4400085902162027
classical_musicnet_2150__300s,classical_musicnet_2150,classical,holdout,300.0,1.2273254901960784,-0.41368612111450026,-0.35770886312179934,-8.037058824965612,0.00032315385042430326,0.6812657445444161
classical_musicnet_2151__180s,classical_musicnet_2151,classical,holdout,180.0,1.0792000000000006,-0.37726396090904774,-0.4543635784560571,-6.9625305183630655,0.0009458025151908705,0.5862858785705857
classical_musicnet_2151__300s,classical_musicnet_2151,classical,holdout,300.0,1.0792000000000002,-0.4760871710071584,-0.4897628190229518,-7.361006128753579,0.0006351550055982788,0.6309915717055488
classical_musicnet_2154__180s,classical_musicnet_2154,classical,holdout,180.0,1.0792000000000006,-0.5277136834791373,-0.29983147226306095,-7.676278674235964,0.0004634823451281452,0.5849118334083963
classical_musicnet_2154__300s,classical_musicnet_2154,classical,holdout,300.0,1.0792000000000006,-0.5204550821739121,-0.39998217078253795,-7.594209578433948,0.0005031044227769649,0.6133307467207335
classical_musicnet_2155__180s,classical_musicnet_2155,classical,holdout,180.0,1.036878431372549,-0.3872186861202695,-0.44703286645293155,-6.759328354858049,0.0011586639665737632,0.5552757984182122
classical_musicnet_2155__300s,classical_musicnet_2155,classical,holdout,300.0,0.9945568627450985,-0.4524392995731016,-0.4403529722299165,-6.788808224231941,0.001125043136276096,0.5429653282859946
classical_musicnet_2156__180s,classical_musicnet_2156,classical,holdout,180.0,0.9945568627450981,-0.6293722475549401,-0.34766903032788615,-7.582434941260385,0.0005090602743927584,0.5800481608586909
classical_musicnet_2156__300s,classical_musicnet_2156,classical,holdout,300.0,0.8464313725490198,-0.7133217533844299,-0.35926808201273686,-7.059135167180914,0.000858782972604462,0.5284727908959327
classical_musicnet_2157__180s,classical_musicnet_2157,classical,holdout,180.0,0.8887529411764706,-0.6583249117701498,-0.5038364915682002,-7.00190431861832,0.0009093194896382964,0.5803359169217384
classical_musicnet_2157__300s,classical_musicnet_2157,classical,holdout,300.0,1.2696470588235296,-0.6795314684540977,-0.4970362115274743,-9.335281791497946,8.824707188595885e-05,0.8723622100459908
classical_musicnet_2158__180s,classical_musicnet_2158,classical,holdout,180.0,0.8041098039215689,-0.3777725271607728,-0.4471354710081441,-5.350271740654349,0.0047244346747698845,0.4032385741424882
classical_musicnet_2158__300s,classical_musicnet_2158,classical,holdout,300.0,1.2273254901960788,-0.278067627618794,-0.4208772084645432,-7.4327927103195846,0.00059118351738189,0.6675955144403205
classical_musicnet_2159__180s,classical_musicnet_2159,classical,holdout,180.0,1.0792000000000002,-0.2532298944661248,-0.3698816380006405,-6.4829811763442216,0.0015269099090125283,0.5270446730737445
classical_musicnet_2159__300s,classical_musicnet_2159,classical,holdout,300.0,0.9945568627450985,-0.3103167687654375,-0.415978827120527,-6.202105039418727,0.002021070101464663,0.49409219625411843
classical_musicnet_2160__180s,classical_musicnet_2160,classical,holdout,180.0,0.888752941176471,-0.19290539228053502,-0.39172547883877123,-5.097176097027298,0.006076833831998343,0.3933660481574941
classical_musicnet_2160__300s,classical_musicnet_2160,classical,holdout,300.0,1.2696470588235296,-0.13590431131548292,-0.44356115474328656,-7.07067678587489,0.0008489365724373986,0.6888129184103923
classical_musicnet_2161__180s,classical_musicnet_2161,classical,holdout,180.0,0.8041098039215689,-0.3263507195398191,-0.3642260129701023,-5.17606797141441,0.0056184342983902884,0.3608909541547085
classical_musicnet_2161__300s,classical_musicnet_2161,classical,holdout,300.0,1.2273254901960784,-0.37424597286049094,-0.39436937475106293,-7.851929239718641,0.0003888495053744563,0.6818715118504213
classical_musicnet_2166__180s,classical_musicnet_2166,classical,holdout,180.0,1.0792000000000006,-0.4377445317272473,-0.44158837631514275,-7.224098391222462,0.0007282785676310493,0.5995605411143896
classical_musicnet_2166__300s,classical_musicnet_2166,classical,holdout,300.0,1.1850039215686277,-0.3138248565511964,-0.4897139572471821,-7.299240686313863,0.0006755951784093773,0.6666515243296217
classical_musicnet_2167__180s,classical_musicnet_2167,classical,holdout,180.0,0.9945568627450985,-0.3868732379557947,-0.3331064397134386,-6.567474496541375,0.0014033699156972784,0.48683635728675756
classical_musicnet_2167__300s,classical_musicnet_2167,classical,holdout,300.0,0.9099137254901964,-0.40444429168946494,-0.30571860151799324,-6.157750601964416,0.002112537654715489,0.42786715291314836
classical_musicnet_2168__180s,classical_musicnet_2168,classical,holdout,180.0,1.2696470588235296,-0.8987928728909215,-0.5408075466397376,-10.237256379088766,3.580968431975685e-05,1.0122581452416899
classical_musicnet_2168__300s,classical_musicnet_2168,classical,holdout,300.0,1.2696470588235296,-0.8273888833608685,-0.5478819012059101,-9.932561827072234,4.856485712204391e-05,0.9723386668496886
classical_musicnet_2169__180s,classical_musicnet_2169,classical,holdout,180.0,1.0792000000000002,-0.6355587142675918,-0.5008373769386891,-8.027691918040963,0.0003261940314075429,0.6989606591589032
classical_musicnet_2169__300s,classical_musicnet_2169,classical,holdout,300.0,1.2273254901960784,-0.656154051861593,-0.5260309341151292,-8.972875296711974,0.00012678699405776998,0.8370390724371971
classical_musicnet_2177__180s,classical_musicnet_2177,classical,holdout,180.0,1.1003607843137255,-0.6646189692082393,-0.44316306697781505,-8.304325967305408,0.00024738286003800813,0.705685325422896
classical_musicnet_2177__300s,classical_musicnet_2177,classical,holdout,300.0,1.1426823529411765,-0.47281077480195066,-0.41412972523477987,-7.759469474069971,0.0004265009063470889,0.6500017284815695
classical_musicnet_2178__180s,classical_musicnet_2178,classical,holdout,180.0,1.2273254901960784,-0.11445963911845623,-0.3363386989823021,-6.786417693179966,0.0011277327673891533,0.6138022668961803
classical_musicnet_2178__300s,classical_musicnet_2178,classical,holdout,300.0,1.2273254901960784,-0.09583833411541035,-0.4151115574021604,-6.6674257620203745,0.001270053031555899,0.6378473007713448
classical_musicnet_2179__180s,classical_musicnet_2179,classical,holdout,180.0,1.2273254901960784,-0.0223394978326815,-0.26674888717829315,-6.433773730683904,0.0016038010367048527,0.5876804839407697
classical_musicnet_2179__300s,classical_musicnet_2179,classical,holdout,300.0,1.2696470588235296,-0.045029326611870445,-0.40317986736762496,-6.708273263196875,0.0012192817916958424,0.6663093719351473
classical_musicnet_2180__180s,classical_musicnet_2180,classical,holdout,180.0,1.0368784313725496,-0.6135683915422709,-0.45103257168490957,-7.711626795758467,0.00044739249293569244,0.6384802976024211
classical_musicnet_2180__300s,classical_musicnet_2180,classical,holdout,300.0,1.0792000000000002,-0.5966135993114398,-0.449539618856819,-7.889848963515148,0.00037438592051292064,0.6616591005963098
classical_musicnet_2186__180s,classical_musicnet_2186,classical,discovery,180.0,0.4232156862745099,-0.14470935634260482,-0.20336104453206758,-2.252411141414906,0.09514168761954908,0.11788190695695576
classical_musicnet_2186__300s,classical_musicnet_2186,classical,discovery,300.0,0.2750901960784316,0.0096679292735824,-0.18086644494933282,-0.7417786596628579,0.3226153223747336,0.0634240705829446
classical_musicnet_2191__180s,classical_musicnet_2191,classical,discovery,180.0,0.08464313725490243,-1.0040307072504073,-0.3822769698787653,-3.792081510255078,0.022051389437842836,0.4523919457438075
classical_musicnet_2191__300s,classical_musicnet_2191,classical,discovery,300.0,0.08464313725490243,-1.0040307072504073,-0.3822769698787653,-3.792081510255078,0.022051389437842836,0.4523919457438075
classical_musicnet_2194__180s,classical_musicnet_2194,classical,discovery,180.0,0.46553725490196113,-0.9731851351105578,-0.39221819260484,-5.897389606334916,0.0027390820129247467,0.5151594301554865
classical_musicnet_2194__300s,classical_musicnet_2194,classical,discovery,300.0,0.46553725490196113,-0.9731851351105578,-0.39221819260484,-5.897389606334916,0.0027390820129247467,0.5151594301554865
classical_musicnet_2195__180s,classical_musicnet_2195,classical,discovery,180.0,0.3174117647058824,-0.7830715761048199,-0.3953581893591836,-4.2229100402803725,0.01444423923063369,0.35689815700304023
classical_musicnet_2195__300s,classical_musicnet_2195,classical,discovery,300.0,0.3174117647058824,-0.7830715761048199,-0.3953581893591836,-4.2229100402803725,0.01444423923063369,0.35689815700304023
classical_musicnet_2196__180s,classical_musicnet_2196,classical,discovery,180.0,-0.38089411764705866,-0.4052996482656091,0.00852778905739144,1.2698646326818852,0.780719574378905,0.07029388459265962
classical_musicnet_2196__300s,classical_musicnet_2196,classical,discovery,300.0,-0.38089411764705866,-0.4052996482656091,0.00852778905739144,1.2698646326818852,0.780719574378905,0.07029388459265962
classical_musicnet_2198__180s,classical_musicnet_2198,classical,discovery,180.0,0.6559843137254903,-1.3626505079074789,-0.4521991852377899,-8.628897204363657,0.0001788297986214557,0.9271662274043878
classical_musicnet_2198__300s,classical_musicnet_2198,classical,discovery,300.0,0.6983058823529414,-1.3666205012824506,-0.4433477748509109,-8.899125448578921,0.0001364896258235332,0.9478549018364498
classical_musicnet_2200__180s,classical_musicnet_2200,classical,discovery,180.0,0.4232156862745099,-0.8792969696885339,-0.41828896339925253,-5.239192578181641,0.005276548454694277,0.449957619451604
classical_musicnet_2200__300s,classical_musicnet_2200,classical,discovery,300.0,0.4232156862745099,-0.8792969696885339,-0.41828896339925253,-5.239192578181641,0.005276548454694277,0.449957619451604
classical_musicnet_2201__180s,classical_musicnet_2201,classical,discovery,180.0,0.5078588235294124,-1.0933572510038172,-0.4841060799568016,-6.605791295870892,0.0013506856932389033,0.6501397775121354
classical_musicnet_2201__300s,classical_musicnet_2201,classical,discovery,300.0,0.5078588235294124,-1.0933572510038172,-0.4841060799568016,-6.605791295870892,0.0013506856932389033,0.6501397775121354
classical_musicnet_2202__180s,classical_musicnet_2202,classical,discovery,180.0,1.0792000000000002,-0.6780840759738952,-0.420513709728559,-8.248266970122351,0.000261643243642013,0.6878265748729241
classical_musicnet_2202__300s,classical_musicnet_2202,classical,discovery,300.0,0.9945568627450985,-0.7169451207984764,-0.4380455381644151,-7.905224613428552,0.0003686756281464208,0.6524428373803522
classical_musicnet_2203__180s,classical_musicnet_2203,classical,discovery,180.0,0.6983058823529414,-0.834226003794633,-0.4555930251865956,-6.648108553556641,0.0012947933318677592,0.5473521738723122
classical_musicnet_2203__300s,classical_musicnet_2203,classical,discovery,300.0,0.6983058823529414,-0.834226003794633,-0.4555930251865956,-6.648108553556641,0.0012947933318677592,0.5473521738723122
classical_musicnet_2204__180s,classical_musicnet_2204,classical,discovery,180.0,0.6983058823529414,-0.8295565100330416,-0.4835998017094909,-6.614028716681933,0.0013396200703039444,0.5555815482827077
classical_musicnet_2204__300s,classical_musicnet_2204,classical,discovery,300.0,0.6983058823529414,-0.8295565100330416,-0.4835998017094909,-6.614028716681933,0.0013396200703039444,0.5555815482827077
classical_musicnet_2207__180s,classical_musicnet_2207,classical,discovery,180.0,0.6559843137254906,-0.7616019477586046,-0.3718684276982235,-6.13598790882725,0.0021589157338669797,0.45682980814618523
classical_musicnet_2207__300s,classical_musicnet_2207,classical,discovery,300.0,0.6559843137254906,-0.7616019477586046,-0.3718684276982235,-6.13598790882725,0.0021589157338669797,0.45682980814618523
classical_musicnet_2208__180s,classical_musicnet_2208,classical,discovery,180.0,0.7617882352941181,-1.0620929606901237,-0.4346489933977404,-7.993033780000752,0.0003376936175043684,0.7224599636410362
classical_musicnet_2208__300s,classical_musicnet_2208,classical,discovery,300.0,0.7617882352941181,-1.0620929606901237,-0.4346489933977404,-7.993033780000752,0.0003376936175043684,0.7224599636410362
classical_musicnet_2209__180s,classical_musicnet_2209,classical,discovery,180.0,0.6983058823529414,-1.1684648234371038,-0.44998197092548897,-8.060236447207926,0.0003157523830634124,0.777483215350014
classical_musicnet_2209__300s,classical_musicnet_2209,classical,discovery,300.0,0.6983058823529414,-1.1684648234371038,-0.44998197092548897,-8.060236447207926,0.0003157523830634124,0.777483215350014
classical_musicnet_2210__180s,classical_musicnet_2210,classical,discovery,180.0,1.1850039215686277,-0.8124978487161427,-0.4370794235298106,-9.428833251707653,8.036646093204997e-05,0.8471487027533873
classical_musicnet_2210__300s,classical_musicnet_2210,classical,discovery,300.0,1.1850039215686277,-0.8124978487161427,-0.4370794235298106,-9.428833251707653,8.036646093204997e-05,0.8471487027533873
classical_musicnet_2211__180s,classical_musicnet_2211,classical,discovery,180.0,0.888752941176471,-1.0656118851410155,-0.47082045101541037,-8.736106395924347,0.0001606524758116912,0.8122189135779836
classical_musicnet_2211__300s,classical_musicnet_2211,classical,discovery,300.0,1.1850039215686277,-0.9880635875544853,-0.503124646980487,-10.135128706208885,3.9659963033495506e-05,0.983156250441855
classical_musicnet_2212__180s,classical_musicnet_2212,classical,discovery,180.0,1.0792000000000002,-1.1963619217694677,-0.5045705732707964,-10.390276993205823,3.072887712378398e-05,1.0582794103468627
classical_musicnet_2212__300s,classical_musicnet_2212,classical,discovery,300.0,1.0792000000000002,-1.1963619217694677,-0.5045705732707964,-10.390276993205823,3.072887712378398e-05,1.0582794103468627
classical_musicnet_2213__180s,classical_musicnet_2213,classical,discovery,180.0,0.6983058823529414,-0.9421098863352666,-0.45987914859514456,-7.1007747070049705,0.000823786772091297,0.6158216356088648
classical_musicnet_2213__300s,classical_musicnet_2213,classical,discovery,300.0,0.6983058823529414,-0.9421098863352666,-0.45987914859514456,-7.1007747070049705,0.000823786772091297,0.6158216356088648
classical_musicnet_2214__180s,classical_musicnet_2214,classical,discovery,180.0,0.6983058823529414,-0.6193682782122862,-0.4433435676147573,-5.748502849673908,0.0031774212791307577,0.43275080336996313
classical_musicnet_2214__300s,classical_musicnet_2214,classical,discovery,300.0,0.6983058823529414,-0.6193682782122862,-0.4433435676147573,-5.748502849673908,0.0031774212791307577,0.43275080336996313
classical_musicnet_2215__180s,classical_musicnet_2215,classical,discovery,180.0,0.08464313725490243,-1.2668388017670182,-0.46381357332308326,-4.858254571563887,0.007704207966372978,0.6878483063723664
classical_musicnet_2215__300s,classical_musicnet_2215,classical,discovery,300.0,0.08464313725490243,-1.2668388017670182,-0.46381357332308326,-4.858254571563887,0.007704207966372978,0.6878483063723664
classical_musicnet_2217__180s,classical_musicnet_2217,classical,discovery,180.0,0.29625098039215736,-0.2440038367641657,-0.05579625489385388,-2.0000707410695027,0.11919549486367105,0.07520324768440582
classical_musicnet_2217__300s,classical_musicnet_2217,classical,discovery,300.0,0.3385725490196078,-0.17818211166660733,-0.05316713654940761,-1.9728400722491386,0.12208416210138998,0.07399079659424058
classical_musicnet_2218__180s,classical_musicnet_2218,classical,discovery,180.0,0.12696470588235326,-0.9800875099556788,-0.41571621328055663,-3.922887871030561,0.019400070237634792,0.45157753877994095
classical_musicnet_2218__300s,classical_musicnet_2218,classical,discovery,300.0,0.12696470588235326,-1.0475773973301945,-0.4147157130902304,-4.207958278244926,0.014658639112442463,0.49868305678889707
classical_musicnet_2219__180s,classical_musicnet_2219,classical,discovery,180.0,0.46553725490196074,-0.8809387299582085,-0.3744674283050273,-5.517574562673376,0.003999515311074514,0.4497086884416342
classical_musicnet_2219__300s,classical_musicnet_2219,classical,discovery,300.0,0.4232156862745103,-0.8987928728909215,-0.4130537272625016,-5.324083018628992,0.004849188041698935,0.46018762119453255
classical_musicnet_2220__180s,classical_musicnet_2220,classical,discovery,180.0,1.0368784313725496,-0.23349217330795047,-0.39686364548219755,-6.136954938525322,0.0021568335080842113,0.5012520767916175
classical_musicnet_2220__300s,classical_musicnet_2220,classical,discovery,300.0,1.185003921568628,-0.23191937942203594,-0.42802241400340096,-6.985605898563618,0.0009242475845859274,0.6258416027565402
classical_musicnet_2221__180s,classical_musicnet_2221,classical,discovery,180.0,0.8041098039215689,-0.8446894094584585,-0.422149222078696,-7.331763925133221,0.0006539902405540323,0.5970795022768814
classical_musicnet_2221__300s,classical_musicnet_2221,classical,discovery,300.0,0.8041098039215689,-1.0389019148556013,-0.49330782764313585,-8.11405174046682,0.00029921415622513245,0.7515767548658822
classical_musicnet_2222__180s,classical_musicnet_2222,classical,discovery,180.0,0.12696470588235326,-0.63713732991151,-0.24180203584519938,-2.5662837157979856,0.07134011866593745,0.2056812541009354
classical_musicnet_2222__300s,classical_musicnet_2222,classical,discovery,300.0,-0.06348235294117663,-0.6991286665190469,-0.24022507061133752,-1.7082318207414786,0.15339319740841198,0.22505927142656423
classical_musicnet_2224__180s,classical_musicnet_2224,classical,discovery,180.0,0.6983058823529414,-1.0722280877698376,-0.4641665908941086,-7.64718630147197,0.0004771576717182014,0.7083995844403663
classical_musicnet_2224__300s,classical_musicnet_2224,classical,discovery,300.0,0.6983058823529414,-1.0722280877698376,-0.4641665908941086,-7.64718630147197,0.0004771576717182014,0.7083995844403663
classical_musicnet_2225__180s,classical_musicnet_2225,classical,discovery,180.0,1.0368784313725496,-0.6193682782122862,-0.436899353783321,-7.743343430541056,0.0004334314282451294,0.6357398645250125
classical_musicnet_2225__300s,classical_musicnet_2225,classical,discovery,300.0,0.8887529411764706,-0.6502781222607456,-0.44696494562703437,-6.997201584596575,0.0009136019322159165,0.5541571836489135
classical_musicnet_2227__180s,classical_musicnet_2227,classical,discovery,180.0,0.8887529411764706,-1.1811798274389294,-0.5234037318704493,-9.196352064896546,0.00010139837744993381,0.9234472338331027
classical_musicnet_2227__300s,classical_musicnet_2227,classical,discovery,300.0,0.8887529411764706,-1.1811798274389294,-0.5234037318704493,-9.196352064896546,0.00010139837744993381,0.9234472338331027
classical_musicnet_2228__180s,classical_musicnet_2228,classical,discovery,180.0,1.0368784313725496,-0.9129111124362538,-0.4697117094672071,-8.964140870678008,0.00012789911383613301,0.8061616499865057
classical_musicnet_2228__300s,classical_musicnet_2228,classical,discovery,300.0,1.0368784313725496,-0.9129111124362538,-0.4697117094672071,-8.964140870678008,0.00012789911383613301,0.8061616499865057
classical_musicnet_2229__180s,classical_musicnet_2229,classical,discovery,180.0,0.6559843137254906,-1.0012492819359298,-0.5096625271326375,-7.075599473342671,0.0008447713138967416,0.6554103234761685
classical_musicnet_2229__300s,classical_musicnet_2229,classical,discovery,300.0,1.0792000000000006,-0.9550617301614585,-0.5234628001778534,-9.363179553954339,8.58194079604054e-05,0.8865813808498443
classical_musicnet_2230__180s,classical_musicnet_2230,classical,discovery,180.0,0.2750901960784316,-0.750008348451648,-0.34067765950430884,-3.862663954163633,0.020579533890089097,0.3118762260775174
classical_musicnet_2230__300s,classical_musicnet_2230,classical,discovery,300.0,0.2750901960784316,-0.750008348451648,-0.34067765950430884,-3.862663954163633,0.020579533890089097,0.3118762260775174
classical_musicnet_2231__180s,classical_musicnet_2231,classical,discovery,180.0,0.8464313725490198,-1.1070912071059036,-0.44868907116962775,-8.673426438161837,0.00017104267084900305,0.8092157263864567
classical_musicnet_2231__300s,classical_musicnet_2231,classical,discovery,300.0,0.8464313725490198,-1.1070912071059036,-0.44868907116962775,-8.673426438161837,0.00017104267084900305,0.8092157263864567
classical_musicnet_2232__180s,classical_musicnet_2232,classical,discovery,180.0,0.4232156862745099,-0.2895593991343184,-0.2306120870883934,-2.849135919419753,0.05472599982987339,0.14887102401289995
classical_musicnet_2232__300s,classical_musicnet_2232,classical,discovery,300.0,0.4232156862745099,-0.2895593991343184,-0.2306120870883934,-2.849135919419753,0.05472599982987339,0.14887102401289995
classical_musicnet_2234__180s,classical_musicnet_2234,classical,discovery,180.0,0.04232156862745121,-1.0475773973301945,-0.3049545870302038,-3.766479354485929,0.022610311877481873,0.4566492413882863
classical_musicnet_2234__300s,classical_musicnet_2234,classical,discovery,300.0,0.04232156862745121,-1.0475773973301945,-0.3049545870302038,-3.766479354485929,0.022610311877481873,0.4566492413882863
classical_musicnet_2237__180s,classical_musicnet_2237,classical,discovery,180.0,0.2750901960784316,-1.011288488930372,-0.47188222886826114,-4.896871677258482,0.0074145289616661565,0.5181590949207865
classical_musicnet_2237__300s,classical_musicnet_2237,classical,discovery,300.0,0.2750901960784316,-1.011288488930372,-0.47188222886826114,-4.896871677258482,0.0074145289616661565,0.5181590949207865
classical_musicnet_2238__180s,classical_musicnet_2238,classical,discovery,180.0,-0.48669803921568616,-0.6942141517869205,-0.32303599298824853,0.84445483323512,0.6994026250297823,0.2446326518743526
classical_musicnet_2238__300s,classical_musicnet_2238,classical,discovery,300.0,-0.48669803921568616,-0.6942141517869205,-0.32303599298824853,0.84445483323512,0.6994026250297823,0.2446326518743526
classical_musicnet_2239__180s,classical_musicnet_2239,classical,discovery,180.0,0.2750901960784316,-0.7847891463725173,-0.35098757869811287,-4.0040115490015955,0.017915491987279552,0.3337997562753477
classical_musicnet_2239__300s,classical_musicnet_2239,classical,discovery,300.0,0.2750901960784316,-0.7847891463725173,-0.35098757869811287,-4.0040115490015955,0.017915491987279552,0.3337997562753477
classical_musicnet_2240__180s,classical_musicnet_2240,classical,discovery,180.0,-0.29625098039215664,-0.760510785470891,-0.19838253098146175,-0.6193615748160648,0.3499266651884982,0.24722967877987048
classical_musicnet_2240__300s,classical_musicnet_2240,classical,discovery,300.0,-0.29625098039215664,-0.760510785470891,-0.19838253098146175,-0.6193615748160648,0.3499266651884982,0.24722967877987048
classical_musicnet_2241__180s,classical_musicnet_2241,classical,discovery,180.0,1.0792000000000002,-0.38158952603059043,-0.37635394340935774,-7.020855404023092,0.0008922643911047645,0.5598282661366302
classical_musicnet_2241__300s,classical_musicnet_2241,classical,discovery,300.0,1.2696470588235296,-0.3906067699360012,-0.3721294383107248,-8.181280594294106,0.0002797650543909972,0.7154968104767807
classical_musicnet_2242__180s,classical_musicnet_2242,classical,discovery,180.0,0.8464313725490201,-0.442917090008988,-0.11358335065513493,-6.0452842303232455,0.002363408467393598,0.3590275665619222
classical_musicnet_2242__300s,classical_musicnet_2242,classical,discovery,300.0,0.8887529411764706,-0.5165310947161731,-0.18082645131322958,-6.570048181951607,0.0013997677761224576,0.42208533408367604
classical_musicnet_2243__180s,classical_musicnet_2243,classical,discovery,180.0,0.2750901960784316,-0.8785875671028718,-0.4352985549605894,-4.356166790313416,0.012665004006971077,0.4170272789002281
classical_musicnet_2243__300s,classical_musicnet_2243,classical,discovery,300.0,0.1904470588235299,-0.8475917207559488,-0.4220110096576241,-3.7344254679120485,0.023329618851891196,0.3779914174921594
classical_musicnet_2244__180s,classical_musicnet_2244,classical,discovery,180.0,0.3174117647058824,-0.5627575811085627,-0.3082360216288146,-3.3387742838301824,0.03426469426076106,0.22483094350956248
classical_musicnet_2244__300s,classical_musicnet_2244,classical,discovery,300.0,0.3174117647058824,-0.5496047032885455,-0.30188945832267045,-3.286579396613182,0.03603447554911802,0.21781006203376604
classical_musicnet_2247__180s,classical_musicnet_2247,classical,discovery,180.0,0.12696470588235326,-0.8925414222842293,-0.3463056443894374,-3.5894372920747495,0.026871829530674407,0.37150705401160433
classical_musicnet_2247__300s,classical_musicnet_2247,classical,discovery,300.0,0.12696470588235326,-0.8925414222842293,-0.3463056443894374,-3.5894372920747495,0.026871829530674407,0.37150705401160433
classical_musicnet_2248__180s,classical_musicnet_2248,classical,discovery,180.0,1.0792000000000002,-1.338095046946216,-0.5423113300202946,-10.968469586084515,1.7236405319169797e-05,1.1979982211291966
classical_musicnet_2248__300s,classical_musicnet_2248,classical,discovery,300.0,1.0792000000000002,-1.338095046946216,-0.5423113300202946,-10.968469586084515,1.7236405319169797e-05,1.1979982211291966
classical_musicnet_2282__180s,classical_musicnet_2282,classical,discovery,180.0,0.888752941176471,-0.22515037781662386,-0.39093648513088874,-5.233535434480297,0.005306324396723852,0.3984735710456848
classical_musicnet_2282__300s,classical_musicnet_2282,classical,discovery,300.0,1.2696470588235296,-0.11236038656904876,-0.35054712328951676,-7.019206455921664,0.0008937355864563992,0.6543640304509103
classical_musicnet_2283__180s,classical_musicnet_2283,classical,discovery,180.0,0.6983058823529414,-0.7536520510909774,-0.44791562747707275,-6.312331403140618,0.0018105156952169256,0.49959322076882356
classical_musicnet_2283__300s,classical_musicnet_2283,classical,discovery,300.0,0.46553725490196113,-0.6764912893169486,-0.4516042094894159,-4.615928309980676,0.009796082775008128,0.36522402079180366
classical_musicnet_2284__180s,classical_musicnet_2284,classical,discovery,180.0,0.9522352941176473,-0.8953327676714035,-0.5028678048757652,-8.375105334402786,0.00023048244857985578,0.7499044363442974
classical_musicnet_2284__300s,classical_musicnet_2284,classical,discovery,300.0,0.9945568627450985,-0.8567450725059093,-0.4948912960936739,-8.465448849764705,0.00021057694253831134,0.7516979597132055
classical_musicnet_2285__180s,classical_musicnet_2285,classical,discovery,180.0,0.46553725490196113,-0.4220751109120256,-0.40094181388256,-3.569272478558932,0.027404195062779663,0.24676724128734695
classical_musicnet_2285__300s,classical_musicnet_2285,classical,discovery,300.0,0.6136627450980398,-0.365220785246631,-0.40209600155694286,-4.200259571718486,0.014770253905555962,0.2881565579220791
classical_musicnet_2288__180s,classical_musicnet_2288,classical,discovery,180.0,0.9099137254901964,-1.083803194584974,-0.46703425881072436,-8.939222244969416,0.00013112580142261377,0.8375556165151498
classical_musicnet_2288__300s,classical_musicnet_2288,classical,discovery,300.0,0.8041098039215689,-1.1430933883282464,-0.48771373291519166,-8.556226845771164,0.00019230667954603367,0.8279418522918887
classical_musicnet_2289__180s,classical_musicnet_2289,classical,discovery,180.0,0.9522352941176473,-1.1605233136928546,-0.4977452143591577,-9.49585534975264,7.515705933102966e-05,0.9367769007908543
classical_musicnet_2289__300s,classical_musicnet_2289,classical,discovery,300.0,1.0368784313725496,-1.197864795753703,-0.49713633581493216,-10.151492655620432,3.9016275723113944e-05,1.0254132511161014
classical_musicnet_2292__180s,classical_musicnet_2292,classical,discovery,180.0,0.23276862745098073,-0.8164080535733073,-0.3850872130982927,-3.87086168656511,0.02041494802970496,0.3542008521783882
classical_musicnet_2292__300s,classical_musicnet_2292,classical,discovery,300.0,0.23276862745098073,-0.8164080535733073,-0.3850872130982927,-3.87086168656511,0.02041494802970496,0.3542008521783882
classical_musicnet_2293__180s,classical_musicnet_2293,classical,discovery,180.0,0.9522352941176473,-1.0189899777872775,-0.4958877140489265,-8.900065666699923,0.0001363613736052406,0.8293241035370548
classical_musicnet_2293__300s,classical_musicnet_2293,classical,discovery,300.0,1.0792000000000006,-0.9609343807116202,-0.516788996192637,-9.3913697858536,8.343411967455964e-05,0.8876592273963503
classical_musicnet_2294__180s,classical_musicnet_2294,classical,discovery,180.0,0.23276862745098073,-0.5811178071962567,0.07276327653205544,-3.114089350613688,0.042529809795433283,0.15487781941249792
classical_musicnet_2294__300s,classical_musicnet_2294,classical,discovery,300.0,0.1904470588235299,-0.5093655524020408,0.20135911251070723,-2.6287026085153604,0.06731385862127862,0.11902742494587931
classical_musicnet_2295__180s,classical_musicnet_2295,classical,discovery,180.0,0.8887529411764706,-0.9345764926927719,-0.4259358822504808,-8.206689458163524,0.0002727480061717565,0.704363631872412
classical_musicnet_2295__300s,classical_musicnet_2295,classical,discovery,300.0,0.6136627450980398,-0.8268288447496703,-0.43167378711135523,-6.131329255544516,0.00216897497202698,0.49471474106990776
classical_musicnet_2296__180s,classical_musicnet_2296,classical,discovery,180.0,0.7406274509803923,-0.28872101245776743,-0.34954619672777626,-4.651542451383534,0.009456584259623623,0.31303379750319366
classical_musicnet_2296__300s,classical_musicnet_2296,classical,discovery,300.0,0.9522352941176473,-0.3015592184515851,-0.3335768838845848,-5.958583801837119,0.002576910602645241,0.4364101568219718
classical_musicnet_2297__180s,classical_musicnet_2297,classical,discovery,180.0,0.23276862745098073,-0.7987014655408649,-0.3778264299462546,-3.7999368745241524,0.02188262201869998,0.34177289712838593
classical_musicnet_2297__300s,classical_musicnet_2297,classical,discovery,300.0,0.1904470588235299,-0.9086427194565875,-0.3971068030690873,-4.004631199594695,0.017904592784307293,0.4066628338893603
classical_musicnet_2298__180s,classical_musicnet_2298,classical,discovery,180.0,-0.16928627450980374,-0.4353130233786528,0.6269987199567736,-0.4192017115127864,0.39670778933039874,0.07562435246392714
classical_musicnet_2298__300s,classical_musicnet_2298,classical,discovery,300.0,-0.16928627450980374,-0.4353130233786528,0.6269987199567736,-0.4192017115127864,0.39670778933039874,0.07562435246392714
classical_musicnet_2300__180s,classical_musicnet_2300,classical,discovery,180.0,1.0368784313725496,-0.20726612973297018,-0.4137746767353283,-6.017688457680938,0.0024293761340824483,0.5025672870971768
classical_musicnet_2300__300s,classical_musicnet_2300,classical,discovery,300.0,1.0792000000000002,-0.1269731523621913,-0.39372945424694994,-5.938392610190008,0.002629332137663531,0.5155180484529566
classical_musicnet_2302__180s,classical_musicnet_2302,classical,discovery,180.0,0.5078588235294124,-0.7682268616482939,-0.4351738587937941,-5.260095445219984,0.005167962298948642,0.420699828867487
classical_musicnet_2302__300s,classical_musicnet_2302,classical,discovery,300.0,0.5078588235294124,-0.7682268616482939,-0.4351738587937941,-5.260095445219984,0.005167962298948642,0.420699828867487
classical_musicnet_2303__180s,classical_musicnet_2303,classical,discovery,180.0,0.08464313725490243,-1.1710966251665722,-0.2939900714737473,-4.5418465391574445,0.010541410681447195,0.5513181512454628
classical_musicnet_2303__300s,classical_musicnet_2303,classical,discovery,300.0,0.08464313725490243,-1.1710966251665722,-0.2939900714737473,-4.5418465391574445,0.010541410681447195,0.5513181512454628
classical_musicnet_2304__180s,classical_musicnet_2304,classical,discovery,180.0,1.2273254901960784,-0.8829647319931262,-0.4585035983651107,-9.963873193324362,4.706785555205746e-05,0.9321870453737295
classical_musicnet_2304__300s,classical_musicnet_2304,classical,discovery,300.0,1.2696470588235296,-0.9469666587408866,-0.45372976976596896,-10.48511752867595,2.7948543305017187e-05,1.0075724482199102
classical_musicnet_2305__180s,classical_musicnet_2305,classical,discovery,180.0,-0.4443764705882353,-1.1963619217694677,-0.19855738099731074,-1.5856482770642615,0.1699970350405609,0.5434810945688486
classical_musicnet_2305__300s,classical_musicnet_2305,classical,discovery,300.0,-0.4443764705882353,-1.1963619217694677,-0.19855738099731074,-1.5856482770642615,0.1699970350405609,0.5434810945688486
classical_musicnet_2307__180s,classical_musicnet_2307,classical,discovery,180.0,1.2696470588235296,-1.0645813429803972,-0.5118536393949598,-10.951145672962712,1.7537603503398163e-05,1.112879189602909
classical_musicnet_2307__300s,classical_musicnet_2307,classical,discovery,300.0,1.2696470588235296,-1.0645813429803972,-0.5118536393949598,-10.951145672962712,1.7537603503398163e-05,1.112879189602909
classical_musicnet_2308__180s,classical_musicnet_2308,classical,discovery,180.0,0.6136627450980398,-1.3147822575476649,-0.42027790619643707,-8.194533616114104,0.0002760828000568988,0.8522644848717861
classical_musicnet_2308__300s,classical_musicnet_2308,classical,discovery,300.0,0.6136627450980398,-1.3147822575476649,-0.42027790619643707,-8.194533616114104,0.0002760828000568988,0.8522644848717861
classical_musicnet_2310__180s,classical_musicnet_2310,classical,discovery,180.0,0.5078588235294124,-0.8865400297018047,-0.37316260682379426,-5.790802858933278,0.00304622022212765,0.46766112402059906
classical_musicnet_2310__300s,classical_musicnet_2310,classical,discovery,300.0,0.5078588235294124,-0.8865400297018047,-0.37316260682379426,-5.790802858933278,0.00304622022212765,0.46766112402059906
classical_musicnet_2313__180s,classical_musicnet_2313,classical,discovery,180.0,1.0792000000000006,-0.4801201413292455,-0.43232815365891614,-7.407524419263315,0.0006063028731862195,0.6102658591720603
classical_musicnet_2313__300s,classical_musicnet_2313,classical,discovery,300.0,1.2696470588235296,-0.38500985992574616,-0.41861943200827934,-8.133792473521021,0.0002933670848922929,0.7297674219152074
classical_musicnet_2314__180s,classical_musicnet_2314,classical,discovery,180.0,0.3174117647058824,-0.7216684390346436,-0.4438074637981384,-3.9391204060699305,0.01909366434805122,0.34174264428623724
classical_musicnet_2314__300s,classical_musicnet_2314,classical,discovery,300.0,1.2696470588235296,-0.6767707333174603,-0.4960156955427785,-9.324166174783377,8.923337651912235e-05,0.8706214232005557
classical_musicnet_2315__180s,classical_musicnet_2315,classical,discovery,180.0,0.6983058823529414,0.053083408946436775,-0.10129594212294932,-3.0890273486031443,0.043562141985177154,0.19868242316049742
classical_musicnet_2315__300s,classical_musicnet_2315,classical,discovery,300.0,1.0792000000000002,-0.006085726255281964,-0.09550715687057655,-5.581945909596871,0.003751107795692402,0.4350185308516072
classical_musicnet_2325__180s,classical_musicnet_2325,classical,discovery,180.0,1.0792000000000002,-0.38403262166998753,-0.3849216480878283,-7.026753462680109,0.0008870219068917904,0.5633591817504268
classical_musicnet_2325__300s,classical_musicnet_2325,classical,discovery,300.0,1.2696470588235296,-0.26562465005293806,-0.4247959989872829,-7.62725700099337,0.0004867578057840719,0.7028292370628519
classical_musicnet_2335__180s,classical_musicnet_2335,classical,discovery,180.0,0.1904470588235299,-0.12633623230894114,0.0009224653056035127,-0.9107445669003162,0.28684749999660214,0.03186153536988467
classical_musicnet_2335__300s,classical_musicnet_2335,classical,discovery,300.0,0.6348235294117652,-0.19841694077434258,-0.06395326442749649,-3.7952010114502546,0.02198421720823192,0.18282591162151754
classical_musicnet_2336__180s,classical_musicnet_2336,classical,discovery,180.0,0.7194666666666673,0.00818128293752518,0.2422433560512701,-3.5793536324491653,0.02713677633075576,0.19379943734832514
classical_musicnet_2336__300s,classical_musicnet_2336,classical,discovery,300.0,0.8041098039215689,0.03291604228705177,0.3016547167117317,-4.003477152524017,0.017924896863305124,0.23883713372580537
classical_musicnet_2341__180s,classical_musicnet_2341,classical,discovery,180.0,0.7617882352941181,-0.42538756785687015,-0.3280041442084088,-5.36330740310665,0.004663533553711001,0.3539541915836329
classical_musicnet_2341__300s,classical_musicnet_2341,classical,discovery,300.0,0.6348235294117648,-0.305587041684988,-0.2740764515477083,-4.139083431127724,0.015687434836103905,0.2437821338301651
classical_musicnet_2345__180s,classical_musicnet_2345,classical,discovery,180.0,0.9310745098039223,0.11155785120832923,-0.11967853403555133,-4.202212621717433,0.014741859856790713,0.3344568061945743
classical_musicnet_2345__300s,classical_musicnet_2345,classical,discovery,300.0,0.9733960784313731,0.07330106947026642,-0.08431239485878064,-4.630628792022892,0.009654509104470436,0.3573615497522454
classical_musicnet_2350__180s,classical_musicnet_2350,classical,discovery,180.0,0.6559843137254903,-0.6583249117701498,-0.314289265417301,-5.730131396417109,0.003236143978511983,0.3874762618765372
classical_musicnet_2350__300s,classical_musicnet_2350,classical,discovery,300.0,0.5290196078431374,-0.5818171469116,-0.35120177077184567,-4.6417614587903895,0.009548645330757029,0.3110846997333397
classical_musicnet_2359__180s,classical_musicnet_2359,classical,discovery,180.0,1.2696470588235296,-0.818678128962082,-0.48714784946328155,-9.927044470740142,4.8833534171013986e-05,0.9416424945497214
classical_musicnet_2359__300s,classical_musicnet_2359,classical,discovery,300.0,1.2696470588235296,-0.8524501521639346,-0.5116396769410347,-10.0568510806026,4.288905166375245e-05,0.9714373919525495
classical_musicnet_2364__180s,classical_musicnet_2364,classical,discovery,180.0,0.7194666666666673,-0.7801965128306312,-0.38807614571344523,-6.579470787918538,0.0013866584641330862,0.5031576575894395
classical_musicnet_2364__300s,classical_musicnet_2364,classical,discovery,300.0,0.6559843137254903,-0.7644846805592531,-0.4390865803448965,-6.113600684830259,0.002207685029580912,0.48177449619075796
classical_musicnet_2371__180s,classical_musicnet_2371,classical,discovery,180.0,0.5713411764705882,-0.5057352486259757,-0.13850249634912148,-4.679220529564575,0.009200808421733365,0.24687461878235462
classical_musicnet_2371__300s,classical_musicnet_2371,classical,discovery,300.0,0.4232156862745099,-0.521440818153634,-0.12052926073071701,-3.8833816146952653,0.02016606988681262,0.19644559042079682
classical_musicnet_2372__180s,classical_musicnet_2372,classical,discovery,180.0,1.2696470588235296,-0.49297502140175803,-0.47924009134186535,-8.557852491649484,0.0001919943709272165,0.7871745145709568
classical_musicnet_2372__300s,classical_musicnet_2372,classical,discovery,300.0,1.2696470588235296,-0.5618593085777691,-0.4887772901985769,-8.843387033938063,0.00014431222786579121,0.8170971327255924
classical_musicnet_2374__180s,classical_musicnet_2374,classical,discovery,180.0,0.8887529411764706,-0.798923808541272,-0.49246404898667956,-7.600552662658607,0.0004999248791438211,0.6478132083397382
classical_musicnet_2374__300s,classical_musicnet_2374,classical,discovery,300.0,0.8887529411764706,-0.7844451226542097,-0.4833449389785572,-7.544192535645485,0.0005288945046666598,0.6361001865893551
classical_musicnet_2381__180s,classical_musicnet_2381,classical,discovery,180.0,0.6559843137254906,0.04008878132931986,-0.14529852587588526,-2.8722634405978766,0.053541835934769216,0.1854234583004417
classical_musicnet_2381__300s,classical_musicnet_2381,classical,discovery,300.0,1.0792000000000006,-0.13198032385774386,-0.35641689116597897,-5.978678188937058,0.0025257754372847332,0.5038544645219877
classical_musicnet_2382__180s,classical_musicnet_2382,classical,discovery,180.0,0.5713411764705882,-0.29159116504415744,-0.08591620795559334,-3.8033517722969554,0.021809649537076915,0.17608258288289327
classical_musicnet_2382__300s,classical_musicnet_2382,classical,discovery,300.0,0.5713411764705882,-0.29159116504415744,-0.08591620795559334,-3.8033517722969554,0.021809649537076915,0.17608258288289327
classical_musicnet_2383__180s,classical_musicnet_2383,classical,discovery,180.0,0.3174117647058824,-0.6161022764563021,-0.4282198032791049,-3.5020339708550603,0.029254413502201832,0.28603922557532807
classical_musicnet_2383__300s,classical_musicnet_2383,classical,discovery,300.0,0.6559843137254903,-0.5459610006492163,-0.45658464219779404,-5.183251825728903,0.005578441266091234,0.3869326164214057
classical_musicnet_2389__180s,classical_musicnet_2389,classical,discovery,180.0,0.2750901960784316,0.12756816857999748,-0.09304116030489261,-0.2898093078917845,0.42805055229463623,0.0482459170195389
classical_musicnet_2389__300s,classical_musicnet_2389,classical,discovery,300.0,0.8887529411764706,-0.031177653179719884,-0.1762980903627828,-4.525989076060306,0.01070809887922877,0.31931724243801723
classical_musicnet_2390__180s,classical_musicnet_2390,classical,discovery,180.0,0.9945568627450981,-0.563162666597677,-0.36400277337049325,-7.294883316141896,0.0006785434178000065,0.5570648219997848
classical_musicnet_2390__300s,classical_musicnet_2390,classical,discovery,300.0,1.0368784313725496,-0.5359674536442727,-0.4409506825157609,-7.389620313488018,0.0006172491830647335,0.6028423067859313
classical_musicnet_2393__180s,classical_musicnet_2393,classical,discovery,180.0,0.8464313725490198,-0.33289190875726643,-0.44867177471838304,-5.409194145212884,0.004455306567219891,0.41643701649067616
classical_musicnet_2393__300s,classical_musicnet_2393,classical,discovery,300.0,0.9522352941176473,-0.3590252184061655,-0.47495524871186556,-6.128225952705767,0.00217570174580602,0.499735926898959
classical_musicnet_2398__180s,classical_musicnet_2398,classical,discovery,180.0,1.1850039215686277,-0.7804101398231403,-0.41895800554539486,-9.30285459775361,9.115531416498845e-05,0.8226534661074156
classical_musicnet_2398__300s,classical_musicnet_2398,classical,discovery,300.0,1.1426823529411765,-0.6115671331979927,-0.41376178503085365,-8.344694236903537,0.00023759764959920994,0.7038189162495762
classical_musicnet_2404__180s,classical_musicnet_2404,classical,discovery,180.0,0.8464313725490198,-0.12072298279045972,-0.3208379419247989,-4.580320931517174,0.01014757674933688,0.3358224060984229
classical_musicnet_2404__300s,classical_musicnet_2404,classical,discovery,300.0,1.0792000000000006,-0.2241671524881893,-0.29713061462907947,-6.397829341848078,0.001662399688736965,0.4997906289364989
classical_musicnet_2406__180s,classical_musicnet_2406,classical,discovery,180.0,0.8041098039215689,-0.2815580635834412,0.03522768300775226,-5.192478286367699,0.005527491895901642,0.27570843980955345
classical_musicnet_2406__300s,classical_musicnet_2406,classical,discovery,300.0,1.2273254901960784,-0.2715962311938744,-0.1980599462852399,-7.520007395549977,0.0005418348123672638,0.6029291498440305
classical_musicnet_2411__180s,classical_musicnet_2411,classical,discovery,180.0,0.46553725490196113,-0.4086791453262567,-0.272813997103043,-3.5786328348414456,0.02715581214283775,0.2039483252261156
classical_musicnet_2411__300s,classical_musicnet_2411,classical,discovery,300.0,0.46553725490196113,-0.4086791453262567,-0.272813997103043,-3.5786328348414456,0.02715581214283775,0.2039483252261156
classical_musicnet_2423__180s,classical_musicnet_2423,classical,discovery,180.0,0.6983058823529414,-0.47456339242652507,-0.3663130328200378,-5.177548832529619,0.005610166977664572,0.3492087580595438
classical_musicnet_2423__300s,classical_musicnet_2423,classical,discovery,300.0,0.8464313725490198,-0.59945678690502,-0.36978214529870346,-6.5736456628449,0.0013947481960748063,0.47890709327119324
classical_musicnet_2432__180s,classical_musicnet_2432,classical,discovery,180.0,0.46553725490196074,-0.3565402696027645,-0.2592291897075402,-3.3657815986096162,0.033382159726671336,0.18575795717411756
classical_musicnet_2432__300s,classical_musicnet_2432,classical,discovery,300.0,0.3174117647058824,-0.347105122978926,-0.21279401874126164,-2.4785682165656366,0.07737435183556297,0.12953103337660585
classical_musicnet_2433__180s,classical_musicnet_2433,classical,discovery,180.0,0.38089411764705905,0.5285575648616667,0.14479873345834315,0.6563018747948327,0.6584291673092415,0.05970383903626813
classical_musicnet_2433__300s,classical_musicnet_2433,classical,discovery,300.0,0.5713411764705886,0.602033571620674,0.2823505413608876,-0.22482203457268612,0.44403004287356196,0.12552732157375376
classical_musicnet_2442__180s,classical_musicnet_2442,classical,discovery,180.0,0.8464313725490198,-0.4245733016848096,-0.30518984925650294,-5.86948015975276,0.002816386721734401,0.3948742039413426
classical_musicnet_2442__300s,classical_musicnet_2442,classical,discovery,300.0,0.8464313725490198,-0.4245733016848096,-0.30518984925650294,-5.86948015975276,0.002816386721734401,0.3948742039413426
classical_musicnet_2444__180s,classical_musicnet_2444,classical,discovery,180.0,1.1426823529411771,-0.7834251935128752,-0.4960552901943788,-9.027007516999292,0.00012010698974426428,0.8197890823894403
classical_musicnet_2444__300s,classical_musicnet_2444,classical,discovery,300.0,1.2696470588235296,-0.8856094340165552,-0.5533608878057332,-10.17522047618497,3.81014363012306e-05,1.0096113512981217
classical_musicnet_2462__180s,classical_musicnet_2462,classical,discovery,180.0,0.6559843137254903,-0.6472117679299683,-0.46172568122869584,-5.607511588010471,0.003656769907225909,0.431943581157481
classical_musicnet_2462__300s,classical_musicnet_2462,classical,discovery,300.0,0.8464313725490198,-0.6610670460193151,-0.4687972514213086,-6.782530531335504,0.0011321200057502227,0.5418582438305388
classical_musicnet_2463__180s,classical_musicnet_2463,classical,discovery,180.0,1.0792000000000006,-0.4687444529363096,-0.31967712962004696,-7.4174497152834915,0.0006003184977262658,0.5693553172247682
classical_musicnet_2463__300s,classical_musicnet_2463,classical,discovery,300.0,1.2696470588235296,-0.5293773046063379,-0.38733788282544296,-8.758560835573832,0.00015708587403275452,0.766878561415874
classical_musicnet_2466__180s,classical_musicnet_2466,classical,discovery,180.0,0.6983058823529414,-0.43493523787436345,-0.45654994539777394,-4.964095062677221,0.006935826502845417,0.36788245371696204
classical_musicnet_2466__300s,classical_musicnet_2466,classical,discovery,300.0,1.2696470588235296,-0.3885318528340849,-0.4803825869333995,-8.116903728515906,0.00029836227099712463,0.7540850209674481
classical_musicnet_2472__180s,classical_musicnet_2472,classical,discovery,180.0,0.8041098039215689,-0.4460053741919439,-0.3258646685410195,-5.700278405690401,0.00333388210215368,0.38315821384873766
classical_musicnet_2472__300s,classical_musicnet_2472,classical,discovery,300.0,0.9945568627450981,-0.4973553824226937,-0.36010037071991297,-7.019426707773947,0.000893538937085406,0.5307573693614929
classical_musicnet_2476__180s,classical_musicnet_2476,classical,discovery,180.0,0.8041098039215689,-0.35487567698997174,-0.33678044581934913,-5.310440737094264,0.004915467928857421,0.35959966230795093
classical_musicnet_2476__300s,classical_musicnet_2476,classical,discovery,300.0,0.6983058823529414,-0.645950460193506,-0.4489904276628428,-5.8576790052992695,0.002849724949104035,0.44680792772858785
classical_musicnet_2477__180s,classical_musicnet_2477,classical,discovery,180.0,0.8675921568627456,-0.7725135706357399,-0.4184312759270146,-7.402772619054658,0.0006091889999318828,0.5920337498308746
classical_musicnet_2477__300s,classical_musicnet_2477,classical,discovery,300.0,1.1426823529411771,-0.8252969029871838,-0.44089758246453176,-9.231894466224116,9.785807638629357e-05,0.8218692020824075
classical_musicnet_2478__180s,classical_musicnet_2478,classical,discovery,180.0,1.2696470588235296,-0.9743785938627446,-0.49534721988226416,-10.579307819878647,2.5436300351501118e-05,1.0422812572643891
classical_musicnet_2478__300s,classical_musicnet_2478,classical,discovery,300.0,1.1426823529411771,-0.8479884011311694,-0.4815485496154162,-9.306678722477756,9.080742214404932e-05,0.8508077101594559
classical_musicnet_2481__180s,classical_musicnet_2481,classical,discovery,180.0,0.5713411764705886,-0.5775191709661176,-0.3398282675368774,-4.878425664473499,0.007551524271259224,0.3225187664931035
classical_musicnet_2481__300s,classical_musicnet_2481,classical,discovery,300.0,0.6983058823529414,-0.44330090267855904,-0.33658159987792774,-5.061015613766135,0.006299186857121377,0.3295104190533273
classical_musicnet_2482__180s,classical_musicnet_2482,classical,discovery,180.0,0.6983058823529414,-0.2562399266861478,-0.2714811034191941,-4.305767548080621,0.013310955139991013,0.2625191414662562
classical_musicnet_2482__300s,classical_musicnet_2482,classical,discovery,300.0,0.9522352941176473,-0.2769146993129451,-0.24390967243901626,-5.9007532151225295,0.0027299093989888133,0.40674838797320434
classical_musicnet_2483__180s,classical_musicnet_2483,classical,discovery,180.0,0.7617882352941181,-0.6295966868124223,-0.4920235860886096,-6.140025011251865,0.0021502362426605924,0.48894143807349244
classical_musicnet_2483__300s,classical_musicnet_2483,classical,discovery,300.0,0.8464313725490201,-0.6756160862320114,-0.5032119643198092,-6.826188549689491,0.0010838096975593129,0.5625661203561987
classical_musicnet_2486__180s,classical_musicnet_2486,classical,discovery,180.0,1.2696470588235296,-0.21678058972297778,-0.3341559270816915,-7.467894294929045,0.0005708036592979805,0.6636582600298245
classical_musicnet_2486__300s,classical_musicnet_2486,classical,discovery,300.0,1.2696470588235296,-0.14643711975467724,-0.2926462798676701,-7.1926372258534625,0.0007515378033309055,0.6413169477078248
classical_musicnet_2491__180s,classical_musicnet_2491,classical,discovery,180.0,0.1904470588235299,-0.23658610349539963,-0.05144188042126941,-1.3486802628634098,0.20608621642549177,0.053167764546401576
classical_musicnet_2491__300s,classical_musicnet_2491,classical,discovery,300.0,0.6771450980392156,-0.3634466868243774,-0.19167947360619253,-4.674318672322844,0.009245602181379367,0.2587669303052848
classical_musicnet_2492__180s,classical_musicnet_2492,classical,discovery,180.0,0.6983058823529414,-0.7096346584027999,-0.36405075088159694,-6.16983768641898,0.002087209907038218,0.44769742539881485
classical_musicnet_2492__300s,classical_musicnet_2492,classical,discovery,300.0,1.0792000000000002,-0.5846922101857889,-0.3998969095614766,-7.86509512358315,0.00038376546403928524,0.6387209785231208
classical_musicnet_2494__180s,classical_musicnet_2494,classical,discovery,180.0,0.8041098039215689,-0.18321016011155958,-0.31123985147336647,-4.599775452185794,0.009954014526883747,0.31661349131013594
classical_musicnet_2494__300s,classical_musicnet_2494,classical,discovery,300.0,0.8887529411764706,-0.06205054737464151,-0.2858931224771235,-4.599839856570598,0.009953379846074622,0.34653093360414094
classical_musicnet_2497__180s,classical_musicnet_2497,classical,discovery,180.0,0.8464313725490198,-0.3906067699360012,-0.17651648483052845,-5.792389587515579,0.0030414052192020606,0.35404526776686
classical_musicnet_2497__300s,classical_musicnet_2497,classical,discovery,300.0,1.0792000000000006,-0.2604592680385555,-0.17836794304391337,-6.611876070596223,0.0013425030286724321,0.478582454081857
classical_musicnet_2505__180s,classical_musicnet_2505,classical,discovery,180.0,0.6559843137254906,0.11137574040730193,0.10775869685998017,-2.701737068660359,0.06287093338836164,0.16257029632229883
classical_musicnet_2505__300s,classical_musicnet_2505,classical,discovery,300.0,0.888752941176471,0.11719287970868743,-0.058051308122738454,-3.96118123254295,0.01868483889182907,0.29914485669319385
classical_musicnet_2507__180s,classical_musicnet_2507,classical,discovery,180.0,0.5078588235294124,-0.28826327260562773,-0.08032676539748612,-3.4187810116166437,0.03171363957343272,0.14997599846342863
classical_musicnet_2507__300s,classical_musicnet_2507,classical,discovery,300.0,0.5078588235294124,-0.41096626140187575,-0.1319734340042772,-3.909591336241916,0.019654642673459528,0.18960163783447706
classical_musicnet_2509__180s,classical_musicnet_2509,classical,discovery,180.0,1.2696470588235296,-0.6956696525694788,-0.49277770098346785,-9.405513233919507,8.226247568346391e-05,0.8784647277928085
classical_musicnet_2509__300s,classical_musicnet_2509,classical,discovery,300.0,1.2696470588235296,-0.7242346513046871,-0.4687393929991609,-9.538303924385117,7.203373833479591e-05,0.8831908898829534
classical_musicnet_2514__180s,classical_musicnet_2514,classical,discovery,180.0,0.6983058823529414,-0.38849884278928165,-0.43920485149857685,-4.77721939463217,0.008349083331702747,0.34733912954403795
classical_musicnet_2514__300s,classical_musicnet_2514,classical,discovery,300.0,1.2273254901960788,-0.49552622067768737,-0.4713052999503656,-8.323745408693076,0.00024262632280012717,0.7485341199888119
classical_musicnet_2516__180s,classical_musicnet_2516,classical,discovery,180.0,0.888752941176471,-0.9070941553703659,-0.3652292800452829,-8.12201174262573,0.0002968425693396596,0.6660090764023531
classical_musicnet_2516__300s,classical_musicnet_2516,classical,discovery,300.0,1.2273254901960784,-0.6200438235237864,-0.44683488719811143,-8.861321212310184,0.00014174754001517075,0.7888474743001126
classical_musicnet_2521__180s,classical_musicnet_2521,classical,discovery,180.0,1.036878431372549,-0.5371032967435669,-0.35427654728451363,-7.438948895101848,0.000587557393781131,0.5735617016126263
classical_musicnet_2521__300s,classical_musicnet_2521,classical,discovery,300.0,1.185003921568628,-0.42637485733556474,-0.44288749302157565,-7.797845910560009,0.00041044999768286597,0.6792980120746962
classical_musicnet_2527__180s,classical_musicnet_2527,classical,discovery,180.0,1.0792000000000006,-0.6199153471831377,-0.45533719740244716,-7.9851164394653855,0.0003403769512435176,0.6739447961388633
classical_musicnet_2527__300s,classical_musicnet_2527,classical,discovery,300.0,0.8464313725490198,-0.6335682858469994,-0.46220079619869864,-6.669977797100211,0.001266820044810906,0.5266794158527918
classical_musicnet_2528__180s,classical_musicnet_2528,classical,discovery,180.0,1.0792000000000002,-0.19084013572382996,-0.3299529719670359,-6.240446758045053,0.0019451934516744838,0.503683563135675
classical_musicnet_2528__300s,classical_musicnet_2528,classical,discovery,300.0,1.1850039215686277,-0.2645009529129672,-0.40796619942394674,-7.133285301064043,0.0007974566550181523,0.6249743535596137
classical_musicnet_2529__180s,classical_musicnet_2529,classical,discovery,180.0,0.8041098039215689,-0.3773247823804589,-0.42497101097873596,-5.35977365379199,0.004679965203079818,0.3949461227131457
classical_musicnet_2529__300s,classical_musicnet_2529,classical,discovery,300.0,1.0792000000000006,-0.39120322520581224,-0.4236826652366122,-7.037068473525655,0.0008779272852200963,0.5788709556487698
classical_musicnet_2530__180s,classical_musicnet_2530,classical,discovery,180.0,0.8464313725490198,-0.4524392995731016,-0.34766903032788615,-5.9651420860346915,0.0025601089120414517,0.41633105651547025
classical_musicnet_2530__300s,classical_musicnet_2530,classical,discovery,300.0,1.1426823529411771,-0.46585086233945855,-0.36564564474192934,-7.755039221271557,0.00042839379361652417,0.6312598315106565
classical_musicnet_2532__180s,classical_musicnet_2532,classical,discovery,180.0,0.7617882352941178,-0.4524392995731016,-0.4283763562728963,-5.425786455501971,0.004382313928498334,0.3957240397571414
classical_musicnet_2532__300s,classical_musicnet_2532,classical,discovery,300.0,1.0368784313725496,-0.4217224945275742,-0.39760968360093474,-6.930203347743438,0.0009768468515255438,0.5477629308767452
classical_musicnet_2533__180s,classical_musicnet_2533,classical,discovery,180.0,0.6983058823529414,-0.39292548979739234,-0.046650493462807176,-4.997606695141817,0.00670878055007304,0.25449993500595103
classical_musicnet_2533__300s,classical_musicnet_2533,classical,discovery,300.0,1.2273254901960784,-0.429100550641451,-0.10863374476007545,-8.230043503823783,0.0002664537186484986,0.6279227788073728
classical_musicnet_2538__180s,classical_musicnet_2538,classical,discovery,180.0,0.5290196078431374,-0.8775379408281682,-0.37571425594179764,-5.8760068715183715,0.0027981161000343387,0.4708678296763266
classical_musicnet_2538__300s,classical_musicnet_2538,classical,discovery,300.0,0.7194666666666673,-0.9075449037402904,-0.3419343939932214,-7.140118315935618,0.0007920304972560808,0.563464603257624
classical_musicnet_2555__180s,classical_musicnet_2555,classical,discovery,180.0,1.0792000000000002,-0.7824704265111257,-0.5084500610079418,-8.643200905889628,0.00017629052529398158,0.7755711847776835
classical_musicnet_2555__300s,classical_musicnet_2555,classical,discovery,300.0,1.0792000000000006,-0.7897645371682149,-0.4974991343350561,-8.679582312289222,0.0001699931663087157,0.7750692964008654
classical_musicnet_2557__180s,classical_musicnet_2557,classical,discovery,180.0,0.7194666666666673,-0.7432962646423574,-0.4554149603734551,-6.389285363414434,0.001676640130038609,0.5075817705653792
classical_musicnet_2557__300s,classical_musicnet_2557,classical,discovery,300.0,0.9945568627450981,-0.5156103825752514,-0.41929922308911116,-7.065974177018169,0.0008529347776106518,0.5574053868723327
classical_musicnet_2582__180s,classical_musicnet_2582,classical,discovery,180.0,1.0792000000000006,-0.4326013629811984,-0.41347287486029427,-7.216861164218052,0.000733564523294687,0.5877271462218842
classical_musicnet_2582__300s,classical_musicnet_2582,classical,discovery,300.0,0.8464313725490198,-0.410608506759504,-0.4287683735616654,-5.747096931609761,0.003181877390770918,0.43045227681110293
classical_musicnet_2586__180s,classical_musicnet_2586,classical,discovery,180.0,0.5078588235294124,-0.38810004576152407,-0.36525319305923026,-3.6933046570116863,0.024285165932724517,0.23969815099183986
classical_musicnet_2586__300s,classical_musicnet_2586,classical,discovery,300.0,1.0368784313725496,-0.22378097780327108,-0.2529034056255329,-6.16998718203198,0.0020868985527596287,0.45712698467593027
classical_musicnet_2590__180s,classical_musicnet_2590,classical,discovery,180.0,0.9945568627450981,0.6125446648343277,0.3810549193808447,-2.720637230094134,0.061766527558363794,0.35837229381519925
classical_musicnet_2590__300s,classical_musicnet_2590,classical,discovery,300.0,0.9522352941176473,0.4437452816905007,0.04007797433534658,-3.008182549134631,0.047057578865669046,0.33167096277979385
classical_musicnet_2603__180s,classical_musicnet_2603,classical,discovery,180.0,0.8887529411764706,-0.5072907371544005,-0.3071399686229597,-6.466179064905877,0.001552741790749459,0.4490512851500255
classical_musicnet_2603__300s,classical_musicnet_2603,classical,discovery,300.0,0.9522352941176473,-0.4329265750564758,-0.2633987177481987,-6.548528093895679,0.0014301738175140199,0.452738936498327
classical_musicnet_2608__180s,classical_musicnet_2608,classical,discovery,180.0,1.1426823529411765,-0.21061537594620916,-0.010484473447036527,-6.861402836102001,0.0010463475199984408,0.494572536542153
classical_musicnet_2608__300s,classical_musicnet_2608,classical,discovery,300.0,1.2696470588235296,-0.16768422887592782,-0.24368739323605257,-7.30737967030895,0.0006701225060467534,0.63156094036199
classical_musicnet_2619__180s,classical_musicnet_2619,classical,discovery,180.0,0.3174117647058824,-0.2182866053735896,-0.30276977084430745,-1.8891970874140853,0.13133604412501793,0.12419475828141202
classical_musicnet_2619__300s,classical_musicnet_2619,classical,discovery,300.0,0.9522352941176476,-0.31145512884229526,-0.3841741660535881,-5.97430712607352,0.0025368118561457844,0.4547443274299859
classical_musicnet_2622__180s,classical_musicnet_2622,classical,discovery,180.0,1.2696470588235296,-0.24239055918824545,-0.44624942775405024,-7.518271213047115,0.000542775842549297,0.7061576814133385
classical_musicnet_2622__300s,classical_musicnet_2622,classical,discovery,300.0,1.2696470588235296,-0.23075462132547386,-0.443972013132379,-7.470381141720064,0.0005693867288694099,0.7031515081666587
classical_musicnet_2628__180s,classical_musicnet_2628,classical,discovery,180.0,0.1269647058823529,-0.8058025451163754,-0.41068916823062884,-3.1906368883473286,0.03951959757994732,0.3412867487761884
classical_musicnet_2628__300s,classical_musicnet_2628,classical,discovery,300.0,0.1269647058823529,-0.8058025451163754,-0.41068916823062884,-3.1906368883473286,0.03951959757994732,0.3412867487761884
classical_musicnet_2629__180s,classical_musicnet_2629,classical,discovery,180.0,0.9945568627450981,-0.4413152229795111,-0.4362424127279229,-6.744018308181414,0.0011765186245536363,0.5378263380309048
classical_musicnet_2629__300s,classical_musicnet_2629,classical,discovery,300.0,1.2273254901960784,-0.40173246613191427,-0.46798959441591875,-7.929988510967976,0.0003596611438723212,0.7166219884159614
classical_musicnet_2633__180s,classical_musicnet_2633,classical,discovery,180.0,0.8041098039215689,-0.9661374471108028,-0.4802748547043559,-7.813953655599556,0.0004038941855065885,0.6957125934743883
classical_musicnet_2633__300s,classical_musicnet_2633,classical,discovery,300.0,0.8464313725490198,-0.8786517363947752,-0.48408372921629,-7.692073238434074,0.00045622266590786026,0.6655230715617467
classical_musicnet_2659__180s,classical_musicnet_2659,classical,discovery,180.0,0.2750901960784316,-0.8925414222842293,-0.12424612426162492,-4.574841782307464,0.01020276060431616,0.3434328041659512
classical_musicnet_2659__300s,classical_musicnet_2659,classical,discovery,300.0,0.2750901960784316,-0.8925414222842293,-0.12424612426162492,-4.574841782307464,0.01020276060431616,0.3434328041659512
classical_musicnet_2677__180s,classical_musicnet_2677,classical,discovery,180.0,1.0368784313725496,-0.7938015292300004,-0.4857980863532874,-8.453675127839942,0.0002130703381138567,0.7415191165651717
classical_musicnet_2677__300s,classical_musicnet_2677,classical,discovery,300.0,1.0368784313725496,-0.8808361199413538,-0.5084773204783609,-8.808983090938625,0.00014936277720463653,0.8017625741176827
classical_musicnet_2678__180s,classical_musicnet_2678,classical,discovery,180.0,1.2696470588235296,-0.6012238240123747,-0.4695350845172333,-9.019246922656317,0.00012104260431222588,0.8257908611390974
classical_musicnet_2678__300s,classical_musicnet_2678,classical,discovery,300.0,1.2696470588235296,-0.6544255630542967,-0.5208164215929324,-9.21720823751458,9.930570383303413e-05,0.870430805878451
classical_musopen_00d18099ad17__180s,classical_musopen_00d18099ad17,classical,holdout,180.0,0.8464313725490198,-0.14401006642891478,-0.3453748701229086,-4.665896922114062,0.009323066134021526,0.3458716185791546
classical_musopen_00d18099ad17__300s,classical_musopen_00d18099ad17,classical,holdout,300.0,1.2273254901960784,-0.24712965012851504,-0.4301395185311449,-7.297589871549094,0.0006767106266272624,0.6646817299472026
classical_musopen_05c904fe5b10__180s,classical_musopen_05c904fe5b10,classical,validation,180.0,0.6136627450980398,-0.5426972101334189,-0.395486801449436,-4.951946203291001,0.007020007678438003,0.3444475141757082
classical_musopen_05c904fe5b10__300s,classical_musopen_05c904fe5b10,classical,validation,300.0,0.8041098039215689,-0.5693414259182449,-0.45647936791741783,-6.15317831573564,0.0021221983518647743,0.472495170011953
classical_musopen_0b7876dd110e__180s,classical_musopen_0b7876dd110e,classical,validation,180.0,1.1850039215686277,-0.28076484829701714,-0.40118441552292144,-7.20534342095271,0.0007420560693560264,0.6260181938315201
classical_musopen_0b7876dd110e__300s,classical_musopen_0b7876dd110e,classical,validation,300.0,1.1850039215686277,-0.356669950508742,-0.430447315220245,-7.510343170082062,0.0005470937321135966,0.6546095233314134
classical_musopen_0ddcc98bc949__180s,classical_musopen_0ddcc98bc949,classical,discovery,180.0,0.38089411764705905,-0.8347177857236431,-0.4143043115631166,-4.804340720636344,0.008127503845038207,0.40931570851317267
classical_musopen_0ddcc98bc949__300s,classical_musopen_0ddcc98bc949,classical,discovery,300.0,0.38089411764705905,-0.8347177857236431,-0.4143043115631166,-4.804340720636344,0.008127503845038207,0.40931570851317267
classical_musopen_12241f03c895__180s,classical_musopen_12241f03c895,classical,discovery,180.0,0.6136627450980398,-1.2601267179577278,-0.43016079782352995,-7.959011989132404,0.0003493761486517845,0.807430020008999
classical_musopen_12241f03c895__300s,classical_musopen_12241f03c895,classical,discovery,300.0,0.6136627450980398,-1.2601267179577278,-0.43016079782352995,-7.959011989132404,0.0003493761486517845,0.807430020008999
classical_musopen_124b2ee448a3__180s,classical_musopen_124b2ee448a3,classical,holdout,180.0,0.5078588235294124,-0.26307717755948135,-0.36495164646693645,-3.1663281686954265,0.04045270200664965,0.20904674668215253
classical_musopen_124b2ee448a3__300s,classical_musopen_124b2ee448a3,classical,holdout,300.0,0.6983058823529414,-0.2744540740756535,-0.4044780663607854,-4.314219870783784,0.013200399692025444,0.30655222053780506
classical_musopen_12be103565ed__180s,classical_musopen_12be103565ed,classical,discovery,180.0,0.6559843137254903,-0.4812363043032837,-0.4150871859820349,-4.931678816056408,0.007162706988896145,0.3477162066613597
classical_musopen_12be103565ed__300s,classical_musopen_12be103565ed,classical,discovery,300.0,0.8464313725490198,-0.6132874341020456,-0.4396090811803423,-6.596077328870614,0.0013638521608287438,0.5091473468776574
classical_musopen_1551871968d3__180s,classical_musopen_1551871968d3,classical,discovery,180.0,0.1904470588235299,-0.750008348451648,-0.31896483917685137,-3.3759393316477544,0.03305594112768586,0.2898898697111106
classical_musopen_1551871968d3__300s,classical_musopen_1551871968d3,classical,discovery,300.0,0.1904470588235299,-0.750008348451648,-0.31896483917685137,-3.3759393316477544,0.03305594112768586,0.2898898697111106
classical_musopen_19bfd66ce0b8__180s,classical_musopen_19bfd66ce0b8,classical,discovery,180.0,-0.08464313725490168,-1.0099104291177203,-0.273411594519913,-2.877050571429562,0.05329976539254492,0.4188634557839667
classical_musopen_19bfd66ce0b8__300s,classical_musopen_19bfd66ce0b8,classical,discovery,300.0,-0.08464313725490168,-1.0099104291177203,-0.273411594519913,-2.877050571429562,0.05329976539254492,0.4188634557839667
classical_musopen_1da5c488f898__180s,classical_musopen_1da5c488f898,classical,validation,180.0,0.888752941176471,-0.3194084306626927,-0.23479504678194832,-5.711190758551288,0.0032978187066601103,0.373445180078579
classical_musopen_1da5c488f898__300s,classical_musopen_1da5c488f898,classical,validation,300.0,0.6136627450980398,-0.3691199658871085,-0.2270965365785872,-4.306627212805136,0.013299669220720007,0.23890089656048716
classical_musopen_208080de49cd__180s,classical_musopen_208080de49cd,classical,holdout,180.0,0.6559843137254903,-0.2693198848786115,-0.36819888962173764,-4.062274467482973,0.016918664010247525,0.2730156447243705
classical_musopen_208080de49cd__300s,classical_musopen_208080de49cd,classical,holdout,300.0,0.888752941176471,-0.2604592680385555,-0.38947265648062573,-5.383159832482103,0.004572283164361475,0.40465942889233775
classical_musopen_215977f7d168__180s,classical_musopen_215977f7d168,classical,validation,180.0,1.1850039215686277,-0.6144664256640378,-0.36892389658350055,-8.628900606653689,0.00017882919030045463,0.7239281205700768
classical_musopen_215977f7d168__300s,classical_musopen_215977f7d168,classical,validation,300.0,1.036878431372549,-0.5747033196561296,-0.40454025440864977,-7.571651936137562,0.0005145763357386426,0.6051479184754175
classical_musopen_22818b508e94__180s,classical_musopen_22818b508e94,classical,discovery,180.0,0.6983058823529414,-1.0918961918440206,-0.376713488886823,-7.775052378754581,0.0004199090675299927,0.6918093962611523
classical_musopen_22818b508e94__300s,classical_musopen_22818b508e94,classical,discovery,300.0,0.6983058823529414,-1.0918961918440206,-0.376713488886823,-7.775052378754581,0.0004199090675299927,0.6918093962611523
classical_musopen_2431e0d1cb75__180s,classical_musopen_2431e0d1cb75,classical,discovery,180.0,0.04232156862745084,-0.731014579374294,-0.3856650592794037,-2.3902868296035216,0.08391637940624977,0.285176920973177
classical_musopen_2431e0d1cb75__300s,classical_musopen_2431e0d1cb75,classical,discovery,300.0,0.04232156862745084,-0.731014579374294,-0.3856650592794037,-2.3902868296035216,0.08391637940624977,0.285176920973177
classical_musopen_25c64baa9139__180s,classical_musopen_25c64baa9139,classical,validation,180.0,0.9945568627450981,-0.2999659026270694,-0.3910063297983233,-6.171295594143487,0.002084175502132254,0.4830434422497672
classical_musopen_25c64baa9139__300s,classical_musopen_25c64baa9139,classical,validation,300.0,1.2273254901960784,-0.14977738188734288,-0.1968400762448958,-7.007011850864025,0.0009046911425291608,0.5822336329389012
classical_musopen_267eb0cfe9bf__180s,classical_musopen_267eb0cfe9bf,classical,discovery,180.0,1.2696470588235296,-0.5371564665136129,-0.42306393995142805,-8.773001284833684,0.0001548341318766795,0.7822868561060847
classical_musopen_267eb0cfe9bf__300s,classical_musopen_267eb0cfe9bf,classical,discovery,300.0,1.0792000000000002,-0.5901786846435205,-0.5011995072236124,-7.836170907965411,0.00039502322029739343,0.6793280990145547
classical_musopen_26a41c433b68__180s,classical_musopen_26a41c433b68,classical,discovery,180.0,0.04232156862745121,-0.8237181128527559,-0.350628697344202,-2.7991551643226895,0.0573698463036315,0.32442918776999313
classical_musopen_26a41c433b68__300s,classical_musopen_26a41c433b68,classical,discovery,300.0,0.04232156862745121,-0.8237181128527559,-0.350628697344202,-2.7991551643226895,0.0573698463036315,0.32442918776999313
classical_musopen_26b6da893e99__180s,classical_musopen_26b6da893e99,classical,holdout,180.0,1.185003921568628,-0.4230497638813934,-0.4491361619406043,-7.780615358913143,0.000417580579834877,0.680609751740931
classical_musopen_26b6da893e99__300s,classical_musopen_26b6da893e99,classical,holdout,300.0,1.2273254901960788,-0.2596480848067194,-0.36304783497880894,-7.384847744089032,0.0006202002571027571,0.6441804966596989
classical_musopen_281136d63fb7__180s,classical_musopen_281136d63fb7,classical,validation,180.0,1.185003921568628,-0.6330329292373228,-0.5231015891421958,-8.627954344243562,0.00017899845942494225,0.7899937212101215
classical_musopen_281136d63fb7__300s,classical_musopen_281136d63fb7,classical,validation,300.0,1.2696470588235296,-0.5915947629317541,-0.5261891148416022,-8.94953509314991,0.0001297806445610494,0.8449103676794731
classical_musopen_2873bce09ec4__180s,classical_musopen_2873bce09ec4,classical,validation,180.0,1.2273254901960788,-0.9010818655746021,-0.5562631896703085,-9.990024033212107,4.585300198930802e-05,0.9841290004036319
classical_musopen_2873bce09ec4__300s,classical_musopen_2873bce09ec4,classical,validation,300.0,1.2696470588235296,-0.7675890143591335,-0.5334482403232579,-9.687845899870219,6.20290378072423e-05,0.9325856556808233
classical_musopen_28b2abb46028__180s,classical_musopen_28b2abb46028,classical,validation,180.0,1.2696470588235296,-0.5589620719342934,-0.16198353813504732,-8.999102150218857,0.00012350540184117702,0.7196247606452283
classical_musopen_28b2abb46028__300s,classical_musopen_28b2abb46028,classical,validation,300.0,1.2273254901960784,-0.33776152658336267,-0.06327793796198507,-7.868239735340922,0.00038256102705682207,0.5959506307212391
classical_musopen_2bb770b12fae__180s,classical_musopen_2bb770b12fae,classical,holdout,180.0,0.8464313725490198,-0.43173884399894186,-0.3139777935291357,-5.8951762015624185,0.00274513476332577,0.3996127559892039
classical_musopen_2bb770b12fae__300s,classical_musopen_2bb770b12fae,classical,holdout,300.0,1.0792000000000002,-0.39292548979739234,-0.28489398804752963,-7.115649859119552,0.0008116333801389406,0.5357904692871233
classical_musopen_2ca1fc27dc8e__180s,classical_musopen_2ca1fc27dc8e,classical,holdout,180.0,1.1850039215686277,-0.3366536774413715,-0.4371461429638637,-7.422506603400556,0.0005972922256832177,0.6518949224470223
classical_musopen_2ca1fc27dc8e__300s,classical_musopen_2ca1fc27dc8e,classical,holdout,300.0,1.2696470588235296,-0.4495985449298696,-0.47870913847384255,-8.37523795492544,0.00023045189094754621,0.7721495688445819
classical_musopen_33730045e3a6__180s,classical_musopen_33730045e3a6,classical,validation,180.0,1.0792000000000002,-0.7545398568102049,-0.5102380430898965,-8.524519000805412,0.0001985007814059832,0.7612441380387556
classical_musopen_33730045e3a6__300s,classical_musopen_33730045e3a6,classical,validation,300.0,1.2696470588235296,-0.796703799198743,-0.5415387439318167,-9.806444494926733,5.509235557093394e-05,0.952091242135236
classical_musopen_373729be509d__180s,classical_musopen_373729be509d,classical,validation,180.0,0.8887529411764706,-0.18960228479078917,-0.3304544079169823,-5.114734855319105,0.005971695119208689,0.37333851640902815
classical_musopen_373729be509d__300s,classical_musopen_373729be509d,classical,validation,300.0,1.0792000000000006,-0.3312734593111787,-0.4536556587333341,-6.768985457821345,0.0011475412625652625,0.5738975010910772
classical_musopen_39eaf7f62acd__180s,classical_musopen_39eaf7f62acd,classical,discovery,180.0,0.8887529411764706,-0.8300441615982915,-0.48041105337610984,-7.737958507514743,0.0004357706987799921,0.660715492041721
classical_musopen_39eaf7f62acd__300s,classical_musopen_39eaf7f62acd,classical,discovery,300.0,0.8887529411764706,-0.5369105134483018,-0.434561503745743,-6.525585780150891,0.0014633160261440193,0.5015860728738025
classical_musopen_3d194a9bdaa5__180s,classical_musopen_3d194a9bdaa5,classical,discovery,180.0,0.08464313725490243,-0.6327841776813116,-0.21755637570481773,-2.311447676857588,0.09017929668228128,0.1939416344691914
classical_musopen_3d194a9bdaa5__300s,classical_musopen_3d194a9bdaa5,classical,discovery,300.0,0.08464313725490243,-0.6327841776813116,-0.21755637570481773,-2.311447676857588,0.09017929668228128,0.1939416344691914
classical_musopen_3f120e57880d__180s,classical_musopen_3f120e57880d,classical,discovery,180.0,0.9945568627450985,-0.7306016713508731,-0.37842416069567586,-7.993442308418552,0.00033755573479985195,0.6385410756829465
classical_musopen_3f120e57880d__300s,classical_musopen_3f120e57880d,classical,discovery,300.0,1.1426823529411771,-0.5121396730158194,-0.3499646405544695,-7.958263871605852,0.00034963752944522906,0.6426546490002213
classical_musopen_40a2fd43125a__180s,classical_musopen_40a2fd43125a,classical,validation,180.0,1.1850039215686277,-0.2742542403643912,-0.30390942142793115,-7.227879923771799,0.0007255317535004297,0.594205669604914
classical_musopen_40a2fd43125a__300s,classical_musopen_40a2fd43125a,classical,validation,300.0,1.2696470588235296,-0.32957207939099226,-0.3502014216138717,-7.935209464964518,0.00035778893304875056,0.6921909816876469
classical_musopen_414d9c796be3__180s,classical_musopen_414d9c796be3,classical,validation,180.0,1.2696470588235296,-0.6157072732940742,-0.512871474899545,-9.058043776849082,0.00011643699803622908,0.8496244768267155
classical_musopen_414d9c796be3__300s,classical_musopen_414d9c796be3,classical,validation,300.0,1.2273254901960784,-0.5366295670606903,-0.5064968631628337,-8.478964619816658,0.00020775056762805898,0.7780070853883018
classical_musopen_4832911d08b7__180s,classical_musopen_4832911d08b7,classical,discovery,180.0,0.2750901960784316,-0.568969836196868,-0.34243755058682596,-3.098450495937443,0.04317121573310096,0.22787033387519248
classical_musopen_4832911d08b7__300s,classical_musopen_4832911d08b7,classical,discovery,300.0,0.2750901960784316,-0.568969836196868,-0.34243755058682596,-3.098450495937443,0.04317121573310096,0.22787033387519248
classical_musopen_4ebac9c72c1e__180s,classical_musopen_4ebac9c72c1e,classical,discovery,180.0,0.2750901960784316,-1.030573451679992,-0.3147801865319222,-5.058913074202,0.006312361389102132,0.4783949408037483
classical_musopen_4ebac9c72c1e__300s,classical_musopen_4ebac9c72c1e,classical,discovery,300.0,0.2750901960784316,-1.030573451679992,-0.3147801865319222,-5.058913074202,0.006312361389102132,0.4783949408037483
classical_musopen_5118ccc9f4d0__180s,classical_musopen_5118ccc9f4d0,classical,holdout,180.0,0.9522352941176473,-0.6530476471316723,-0.45675160225353284,-7.37726127369941,0.0006249203293627376,0.59989341330449
classical_musopen_5118ccc9f4d0__300s,classical_musopen_5118ccc9f4d0,classical,holdout,300.0,0.9945568627450985,-0.5623955301055898,-0.49990137990592187,-7.221814149228508,0.0007299428178630748,0.6064625761271404
classical_musopen_53427878778a__180s,classical_musopen_53427878778a,classical,validation,180.0,1.2696470588235296,-0.6101867471713671,-0.5205692312039695,-9.030812018153275,0.00011965096526024009,0.8504682899393248
classical_musopen_53427878778a__300s,classical_musopen_53427878778a,classical,validation,300.0,1.2696470588235296,-0.42082258812975604,-0.5095861300903075,-8.238043587252243,0.00026433113188773936,0.7755878834644313
classical_musopen_5b78471c4c9d__180s,classical_musopen_5b78471c4c9d,classical,discovery,180.0,-0.14812549019607812,-0.8932823349487261,-0.29818044943135086,-1.9991740850332949,0.11928966507198963,0.34833321724429606
classical_musopen_5b78471c4c9d__300s,classical_musopen_5b78471c4c9d,classical,discovery,300.0,-0.14812549019607812,-0.8932823349487261,-0.29818044943135086,-1.9991740850332949,0.11928966507198963,0.34833321724429606
classical_musopen_5f1728c240a1__180s,classical_musopen_5f1728c240a1,classical,discovery,180.0,0.5078588235294124,-0.6572595539959971,-0.4290297518360243,-4.795383476162996,0.008200031259312963,0.3626914460076307
classical_musopen_5f1728c240a1__300s,classical_musopen_5f1728c240a1,classical,discovery,300.0,0.8887529411764706,-0.6954918814815325,-0.48149680900555786,-7.170090450348363,0.0007686618533139051,0.5890489740085013
classical_musopen_6288d37e8273__180s,classical_musopen_6288d37e8273,classical,discovery,180.0,0.08464313725490243,-0.8909621084467493,-0.2538482495823662,-3.3813487418743655,0.03288347487021518,0.34065687045393783
classical_musopen_6288d37e8273__300s,classical_musopen_6288d37e8273,classical,discovery,300.0,0.08464313725490243,-0.8909621084467493,-0.2538482495823662,-3.3813487418743655,0.03288347487021518,0.34065687045393783
classical_musopen_631eca7e6359__180s,classical_musopen_631eca7e6359,classical,validation,180.0,0.3385725490196082,-0.35220551468769656,-0.14251374784417745,-2.6606586389954723,0.06533510117974568,0.1222923598914098
classical_musopen_631eca7e6359__300s,classical_musopen_631eca7e6359,classical,validation,300.0,0.5290196078431374,-0.4785037418106385,-0.2071861813025878,-4.280169000957328,0.013651383308516936,0.23373669538000166
classical_musopen_66e009cc7ce8__180s,classical_musopen_66e009cc7ce8,classical,validation,180.0,1.185003921568628,-0.5141116413095878,-0.38048300416804165,-8.199836795197607,0.0002746229599245068,0.6872191464200775
classical_musopen_66e009cc7ce8__300s,classical_musopen_66e009cc7ce8,classical,validation,300.0,1.2273254901960784,-0.7630978960562764,-0.4929599692982357,-9.44077480603661,7.941254364814144e-05,0.8767498223812075
classical_musopen_67f1921ea1d2__180s,classical_musopen_67f1921ea1d2,classical,discovery,180.0,0.1904470588235299,-0.5890283711894837,-0.3262445302020806,-2.693461798176335,0.06336026455217837,0.21576912438911208
classical_musopen_67f1921ea1d2__300s,classical_musopen_67f1921ea1d2,classical,discovery,300.0,0.1904470588235299,-0.5890283711894837,-0.3262445302020806,-2.693461798176335,0.06336026455217837,0.21576912438911208
classical_musopen_6911e41c184d__180s,classical_musopen_6911e41c184d,classical,discovery,180.0,0.04232156862745084,-0.6174280791493254,-0.26089841353261545,-1.9754886003215948,0.1218005778815297,0.19442140791921447
classical_musopen_6911e41c184d__300s,classical_musopen_6911e41c184d,classical,discovery,300.0,0.04232156862745084,-0.6174280791493254,-0.26089841353261545,-1.9754886003215948,0.1218005778815297,0.19442140791921447
classical_musopen_6c30622a4e97__180s,classical_musopen_6c30622a4e97,classical,discovery,180.0,-0.1058039215686271,-0.9123187387490371,-0.3912412153816583,-2.2805565616947057,0.09274611102358468,0.38893651243968447
classical_musopen_6c30622a4e97__300s,classical_musopen_6c30622a4e97,classical,discovery,300.0,-0.1058039215686271,-0.9123187387490371,-0.3912412153816583,-2.2805565616947057,0.09274611102358468,0.38893651243968447
classical_musopen_715f07ea34cd__180s,classical_musopen_715f07ea34cd,classical,holdout,180.0,1.2273254901960784,0.11772796890746999,-0.261613838318057,-5.845848808417776,0.002883540170057832,0.5850393676587619
classical_musopen_715f07ea34cd__300s,classical_musopen_715f07ea34cd,classical,holdout,300.0,1.2696470588235296,0.033665864243760384,-0.2687686577983319,-6.445542657764302,0.0015850663969532712,0.6232981657123271
classical_musopen_738d2a0f7b4c__180s,classical_musopen_738d2a0f7b4c,classical,discovery,180.0,0.4232156862745099,-0.8363993626421938,-0.3479898948998016,-5.09444908102622,0.0060933269570632624,0.40082695760228776
classical_musopen_738d2a0f7b4c__300s,classical_musopen_738d2a0f7b4c,classical,discovery,300.0,0.4232156862745099,-0.8363993626421938,-0.3479898948998016,-5.09444908102622,0.0060933269570632624,0.40082695760228776
classical_musopen_76480b1bf8fd__180s,classical_musopen_76480b1bf8fd,classical,discovery,180.0,1.2696470588235296,-0.4632110298492482,-0.44861876904786974,-8.448094651807892,0.00021426244041903027,0.7650214417847572
classical_musopen_76480b1bf8fd__300s,classical_musopen_76480b1bf8fd,classical,discovery,300.0,1.2696470588235296,-0.3473313777735196,-0.4462707411578321,-7.960720157398188,0.00034878007279529755,0.7296626206966584
classical_musopen_7c2a6aff83ae__180s,classical_musopen_7c2a6aff83ae,classical,validation,180.0,0.6983058823529414,-0.17841888046192228,0.03941556296306349,-4.137413796226864,0.015713237093349326,0.2008815533627327
classical_musopen_7c2a6aff83ae__300s,classical_musopen_7c2a6aff83ae,classical,validation,300.0,0.8887529411764706,-0.07615843776539138,0.17930534995178238,-4.898375883661919,0.007403466872374449,0.29354186227407186
classical_musopen_85b8d83993e5__180s,classical_musopen_85b8d83993e5,classical,validation,180.0,0.9522352941176473,-0.16136739149976345,-0.28294382766817516,-5.393514766344364,0.0045253949138689895,0.39660112035421197
classical_musopen_85b8d83993e5__300s,classical_musopen_85b8d83993e5,classical,validation,300.0,0.8041098039215689,-0.19766446173728938,-0.2356728617862636,-4.699550718198314,0.009017312549816742,0.29918882318961865
classical_musopen_860ce064b48c__180s,classical_musopen_860ce064b48c,classical,discovery,180.0,0.9099137254901964,-0.9361879137927706,-0.5194216104941551,-8.289914381337985,0.0002509729519514059,0.7554284083949473
classical_musopen_860ce064b48c__300s,classical_musopen_860ce064b48c,classical,discovery,300.0,0.9099137254901964,-0.9361879137927706,-0.5194216104941551,-8.289914381337985,0.0002509729519514059,0.7554284083949473
classical_musopen_88dae15b633b__180s,classical_musopen_88dae15b633b,classical,holdout,180.0,1.2273254901960788,-0.4289855814348911,-0.450013949865816,-8.054132490668996,0.000317685001910279,0.7180144745152788
classical_musopen_88dae15b633b__300s,classical_musopen_88dae15b633b,classical,holdout,300.0,1.2696470588235296,-0.3412745523838497,-0.4864240150893678,-7.914549177432412,0.0003652551164807279,0.7437140794538086
classical_musopen_8b402eee923c__180s,classical_musopen_8b402eee923c,classical,validation,180.0,1.0792000000000002,-0.7197470892436603,-0.4700325620427565,-8.398483478212858,0.00022515789159185248,0.7269298280046504
classical_musopen_8b402eee923c__300s,classical_musopen_8b402eee923c,classical,validation,300.0,1.185003921568628,-0.4022291374794512,-0.4340999379071591,-7.700556482219606,0.0004523705310001057,0.6687164899061521
classical_musopen_8c1a75b7bf5d__180s,classical_musopen_8c1a75b7bf5d,classical,discovery,180.0,1.0792000000000002,-0.5535004859846834,-0.4347805235720617,-7.715656306198144,0.00044559414917553114,0.6384536177254246
classical_musopen_8c1a75b7bf5d__300s,classical_musopen_8c1a75b7bf5d,classical,discovery,300.0,1.2696470588235296,-0.47020461592405954,-0.4105013125843169,-8.49716912448689,0.00020400355274578482,0.7535074388451664
classical_musopen_8f00b775156a__180s,classical_musopen_8f00b775156a,classical,discovery,180.0,1.0368784313725496,-0.3140350907923825,-0.35864625400990274,-6.496185355733852,0.0015069110233914393,0.5055557195408918
classical_musopen_8f00b775156a__300s,classical_musopen_8f00b775156a,classical,discovery,300.0,1.2696470588235296,0.03019323997785602,-0.2783592760276355,-6.45525584933984,0.0015697689255326527,0.6258143520997667
classical_musopen_909c6ffb1fa0__180s,classical_musopen_909c6ffb1fa0,classical,discovery,180.0,-0.1269647058823527,-0.4524392995731016,0.20108418647680773,-0.5214857952519352,0.37250487074986705,0.08116042205402138
classical_musopen_909c6ffb1fa0__300s,classical_musopen_909c6ffb1fa0,classical,discovery,300.0,0.4232156862745099,-0.6624880399579579,-0.022163935996394567,-4.528623567156633,0.010680226512312417,0.24363315988874493
classical_musopen_90f0e736fe47__180s,classical_musopen_90f0e736fe47,classical,discovery,180.0,0.1904470588235299,-0.6867456372727443,-0.36844261688390806,-3.083780691257126,0.04378126549293879,0.2730492850270532
classical_musopen_90f0e736fe47__300s,classical_musopen_90f0e736fe47,classical,discovery,300.0,0.1904470588235299,-0.6867456372727443,-0.36844261688390806,-3.083780691257126,0.04378126549293879,0.2730492850270532
classical_musopen_97fae7a3dfae__180s,classical_musopen_97fae7a3dfae,classical,validation,180.0,1.0368784313725496,-0.5780188981823964,-0.4131499768938949,-7.5812070352839696,0.0005096854176828652,0.609529001525075
classical_musopen_97fae7a3dfae__300s,classical_musopen_97fae7a3dfae,classical,validation,300.0,1.0792000000000006,-0.7242075638668031,-0.4738822135143998,-8.415311854885804,0.00022140138528326596,0.7307093791738413
classical_musopen_9887c7fd8762__180s,classical_musopen_9887c7fd8762,classical,discovery,180.0,0.23276862745098073,-1.1108899609213747,-0.37321070047233545,-5.118582951220276,0.005948896061892827,0.5475087100602635
classical_musopen_9887c7fd8762__300s,classical_musopen_9887c7fd8762,classical,discovery,300.0,0.23276862745098073,-1.1108899609213747,-0.37321070047233545,-5.118582951220276,0.005948896061892827,0.5475087100602635
classical_musopen_9a95a1b73779__180s,classical_musopen_9a95a1b73779,classical,holdout,180.0,1.2696470588235296,-0.8948979900521967,-0.45647922363096777,-10.264168559539435,3.48588530855557e-05,0.975229545720147
classical_musopen_9a95a1b73779__300s,classical_musopen_9a95a1b73779,classical,holdout,300.0,1.2696470588235296,-0.7192253433952468,-0.42192829068199306,-9.541238267666307,7.182269159320645e-05,0.8631043965296361
classical_musopen_9d607b626772__180s,classical_musopen_9d607b626772,classical,discovery,180.0,0.8464313725490198,0.04531256400555791,-0.036772562944459346,-4.026242236643676,0.017528516728246065,0.2711442714488671
classical_musopen_9d607b626772__300s,classical_musopen_9d607b626772,classical,discovery,300.0,1.2696470588235296,-0.3152316689662791,-0.34123358681187577,-7.879354609714091,0.00037833405268329205,0.685952236182393
classical_musopen_9e03803778c4__180s,classical_musopen_9e03803778c4,classical,validation,180.0,0.5078588235294124,0.07764321664779086,-0.08921390086464503,-1.8714498576475445,0.13337405104011155,0.11503174558719313
classical_musopen_9e03803778c4__300s,classical_musopen_9e03803778c4,classical,validation,300.0,1.0792000000000002,-0.1065237919522741,-0.2689387630202154,-5.916299016773428,0.0026879121266816016,0.47609459559903505
classical_musopen_9e92b1162c06__180s,classical_musopen_9e92b1162c06,classical,validation,180.0,1.2696470588235296,-0.9256816423678985,-0.49281394505163456,-10.375289609971857,3.119287659950312e-05,1.0090763609818303
classical_musopen_9e92b1162c06__300s,classical_musopen_9e92b1162c06,classical,validation,300.0,1.0792000000000002,-0.7941185839324678,-0.5114787609609801,-8.69075643261106,0.0001681045330918468,0.7832763121441864
classical_musopen_a1e65e9cab92__180s,classical_musopen_a1e65e9cab92,classical,validation,180.0,1.0792000000000006,0.013541168457983744,0.1697495260805665,-5.635501825137418,0.0035561941761550406,0.4195215188130286
classical_musopen_a1e65e9cab92__300s,classical_musopen_a1e65e9cab92,classical,validation,300.0,1.2273254901960788,-0.11236038656904876,0.042684703592186755,-6.972336771897319,0.0009365817072039138,0.5469998798932741
classical_musopen_ad4d8a90f9bc__180s,classical_musopen_ad4d8a90f9bc,classical,validation,180.0,0.6559843137254903,-0.7366843611884294,-0.4541299073867232,-5.988656379964725,0.0025007608012822253,0.4727529098928553
classical_musopen_ad4d8a90f9bc__300s,classical_musopen_ad4d8a90f9bc,classical,validation,300.0,0.8887529411764706,-0.8170903883722452,-0.48008702592318325,-7.683508278951368,0.00046014517059380034,0.6531202792353028
classical_musopen_af6a2556f0c9__180s,classical_musopen_af6a2556f0c9,classical,discovery,180.0,0.888752941176471,-0.8025205335478621,-0.42913792523081457,-7.648259085537931,0.0004766463029033487,0.6254512874911274
classical_musopen_af6a2556f0c9__300s,classical_musopen_af6a2556f0c9,classical,discovery,300.0,0.888752941176471,-0.8025205335478621,-0.42913792523081457,-7.648259085537931,0.0004766463029033487,0.6254512874911274
classical_musopen_b5e0f49dce63__180s,classical_musopen_b5e0f49dce63,classical,validation,180.0,1.2273254901960784,-0.750008348451648,-0.5429774132203188,-9.359882962142528,8.610276195312897e-05,0.8909527913862295
classical_musopen_b5e0f49dce63__300s,classical_musopen_b5e0f49dce63,classical,validation,300.0,1.2696470588235296,-0.7010412897754317,-0.540108687227988,-9.403839417862205,8.240027188086969e-05,0.9010903297726881
classical_musopen_baea77fb0fba__180s,classical_musopen_baea77fb0fba,classical,validation,180.0,1.2696470588235296,-0.3665430792782636,-0.3937864025104331,-8.068692389674089,0.0003130944883754846,0.7159797310894646
classical_musopen_baea77fb0fba__300s,classical_musopen_baea77fb0fba,classical,validation,300.0,1.2696470588235296,-0.36328905820867874,-0.4643208859889267,-8.018726716950624,0.0003291306078157801,0.7407616985701043
classical_musopen_bb045bab8875__180s,classical_musopen_bb045bab8875,classical,discovery,180.0,0.2750901960784316,-0.5960933231696415,-0.2972097714419885,-3.2360520784514426,0.03783133342802192,0.22598349287353792
classical_musopen_bb045bab8875__300s,classical_musopen_bb045bab8875,classical,discovery,300.0,0.2750901960784316,-0.5960933231696415,-0.2972097714419885,-3.2360520784514426,0.03783133342802192,0.22598349287353792
classical_musopen_bb26f6675995__180s,classical_musopen_bb26f6675995,classical,validation,180.0,1.2696470588235296,-0.6346244315395586,-0.5268412593929168,-9.130625113534444,0.00010828613831619368,0.8639540580798308
classical_musopen_bb26f6675995__300s,classical_musopen_bb26f6675995,classical,validation,300.0,1.2696470588235296,-0.6940936459625906,-0.5398002710366783,-9.374704691674511,8.48360887036496e-05,0.8975344523205008
classical_musopen_c080ce7f8b19__180s,classical_musopen_c080ce7f8b19,classical,discovery,180.0,1.2273254901960784,0.1284154838378211,-0.36118845809843814,-5.749618483600742,0.003173889661442259,0.613457433995246
classical_musopen_c080ce7f8b19__300s,classical_musopen_c080ce7f8b19,classical,discovery,300.0,1.2696470588235296,-0.0422959358176112,-0.4109458348181267,-6.692757796125934,0.0012383234298871603,0.6688667327617023
classical_musopen_c6602c75c700__180s,classical_musopen_c6602c75c700,classical,discovery,180.0,0.9945568627450981,-0.6395395711087762,-0.45003998649529037,-7.572697495840038,0.0005140388730451147,0.6198111212406318
classical_musopen_c6602c75c700__300s,classical_musopen_c6602c75c700,classical,discovery,300.0,1.185003921568628,-0.6331618632899152,-0.445789329049591,-8.66822669480432,0.00017193421180945214,0.7590681919324586
classical_musopen_c678e65ee624__180s,classical_musopen_c678e65ee624,classical,discovery,180.0,0.08464313725490243,-0.9285497777787758,-0.3341857455478158,-3.4985455709855913,0.02935364199692586,0.38647813733020353
classical_musopen_c678e65ee624__300s,classical_musopen_c678e65ee624,classical,discovery,300.0,0.08464313725490243,-0.9285497777787758,-0.3341857455478158,-3.4985455709855913,0.02935364199692586,0.38647813733020353
classical_musopen_c787198261a5__180s,classical_musopen_c787198261a5,classical,discovery,180.0,0.6983058823529414,-0.5299456564903043,-0.3773940717719696,-5.405361723310622,0.004472337432136817,0.3728755479640282
classical_musopen_c787198261a5__300s,classical_musopen_c787198261a5,classical,discovery,300.0,0.6983058823529414,-0.5299456564903043,-0.3773940717719696,-5.405361723310622,0.004472337432136817,0.3728755479640282
classical_musopen_c867a2eeaae9__180s,classical_musopen_c867a2eeaae9,classical,discovery,180.0,-0.06348235294117625,-1.0475773973301945,-0.3400831353313888,-3.1260748870944886,0.04204441371374539,0.4645469545609217
classical_musopen_c867a2eeaae9__300s,classical_musopen_c867a2eeaae9,classical,discovery,300.0,-0.06348235294117625,-1.0475773973301945,-0.3400831353313888,-3.1260748870944886,0.04204441371374539,0.4645469545609217
classical_musopen_cc8d87d2b00c__180s,classical_musopen_cc8d87d2b00c,classical,discovery,180.0,-0.1058039215686271,-0.915324486717507,-0.36422357365415,-2.307113289859423,0.09053555236076921,0.38194437866744996
classical_musopen_cc8d87d2b00c__300s,classical_musopen_cc8d87d2b00c,classical,discovery,300.0,-0.1058039215686271,-0.915324486717507,-0.36422357365415,-2.307113289859423,0.09053555236076921,0.38194437866744996
classical_musopen_cd013009d6d8__180s,classical_musopen_cd013009d6d8,classical,discovery,180.0,0.6983058823529414,-0.17818211166660733,-0.2629707804362552,-3.9810271574892706,0.018324404406771275,0.24690410221393874
classical_musopen_cd013009d6d8__300s,classical_musopen_cd013009d6d8,classical,discovery,300.0,0.46553725490196113,0.025096659106242293,-0.1476524781527273,-1.8140296933069295,0.14015180576302994,0.10935028986121682
classical_musopen_d2e3d82ad3e8__180s,classical_musopen_d2e3d82ad3e8,classical,discovery,180.0,0.8464313725490201,-0.008181282937525378,-0.19058819524223958,-4.172745494118028,0.015176033153356553,0.2955736343337635
classical_musopen_d2e3d82ad3e8__300s,classical_musopen_d2e3d82ad3e8,classical,discovery,300.0,1.1850039215686277,-0.38306737406767366,-0.42010052465278463,-7.6269590470497635,0.0004869027881736543,0.6581016894567923
classical_musopen_d3fcd3c28c74__180s,classical_musopen_d3fcd3c28c74,classical,discovery,180.0,0.8887529411764706,-0.44833489889891487,-0.5119137245966006,-6.112376906088546,0.00221038242593002,0.5004970165460559
classical_musopen_d3fcd3c28c74__300s,classical_musopen_d3fcd3c28c74,classical,discovery,300.0,1.2696470588235296,-0.2519036361984289,-0.4826005901952274,-7.539701109132227,0.0005312740732594618,0.7220679432199071
classical_musopen_d70f00840b98__180s,classical_musopen_d70f00840b98,classical,discovery,180.0,-0.1058039215686271,-0.9560176899829494,-0.3416639570028967,-2.4902800286626245,0.07654240155312227,0.40137708100458264
classical_musopen_d70f00840b98__300s,classical_musopen_d70f00840b98,classical,discovery,300.0,-0.1058039215686271,-0.9560176899829494,-0.3416639570028967,-2.4902800286626245,0.07654240155312227,0.40137708100458264
classical_musopen_d80a81db9e9a__180s,classical_musopen_d80a81db9e9a,classical,validation,180.0,0.46553725490196113,-0.5644652944450251,-0.2612119700097513,-4.241432867834084,0.014182913408658562,0.2557726800113771
classical_musopen_d80a81db9e9a__300s,classical_musopen_d80a81db9e9a,classical,validation,300.0,1.2696470588235296,-0.7214943609669714,-0.41441411082525537,-9.554666420114328,7.086475990696231e-05,0.8615767209586905
classical_musopen_d89f306017d2__180s,classical_musopen_d89f306017d2,classical,validation,180.0,1.2273254901960784,-0.3970776160608138,-0.4832894836867584,-7.902500149736299,0.000369681069207737,0.7212970385773159
classical_musopen_d89f306017d2__300s,classical_musopen_d89f306017d2,classical,validation,300.0,1.2696470588235296,-0.4000042248808469,-0.4747879073282264,-8.168149421832679,0.0002834618749056051,0.7551975275830607
classical_musopen_d95ec9d17c06__180s,classical_musopen_d95ec9d17c06,classical,discovery,180.0,0.6983058823529414,-0.8095221582273573,-0.4555895186503751,-6.543952020267586,0.0014367239710100547,0.5331399819859656
classical_musopen_d95ec9d17c06__300s,classical_musopen_d95ec9d17c06,classical,discovery,300.0,0.6983058823529414,-0.8095221582273573,-0.4555895186503751,-6.543952020267586,0.0014367239710100547,0.5331399819859656
classical_musopen_d9826478969c__180s,classical_musopen_d9826478969c,classical,validation,180.0,0.8041098039215689,-0.4568314626561799,-0.3864487710179548,-5.714791658149822,0.0032860038990087854,0.40581021392950345
classical_musopen_d9826478969c__300s,classical_musopen_d9826478969c,classical,validation,300.0,1.0368784313725496,-0.6259647586002266,-0.4721628982799873,-7.753035036138987,0.0004292528661230627,0.6520873099238113
classical_musopen_dbfd3cb8056d__180s,classical_musopen_dbfd3cb8056d,classical,discovery,180.0,1.0368784313725496,-0.3798614827734563,-0.4039622608670911,-6.750441170593649,0.001168995028326726,0.5376252626206396
classical_musopen_dbfd3cb8056d__300s,classical_musopen_dbfd3cb8056d,classical,discovery,300.0,1.0792000000000002,-0.37804703735346484,-0.4345335185839201,-6.9760223320901185,0.0009331394472083094,0.5790861520555018
classical_musopen_dc68b3cf3d10__180s,classical_musopen_dc68b3cf3d10,classical,discovery,180.0,1.2696470588235296,-0.21438406047026431,-0.4110518710247352,-7.418275061472435,0.000599823528625458,0.6883315122691936
classical_musopen_dc68b3cf3d10__300s,classical_musopen_dc68b3cf3d10,classical,discovery,300.0,1.2696470588235296,-0.1658913265789459,-0.38781040373372083,-7.2257592833603805,0.0007270708581582693,0.6728622599808015
classical_musopen_e09675b49c01__180s,classical_musopen_e09675b49c01,classical,validation,180.0,1.2273254901960788,-0.6171834096788713,-0.4905720328984881,-8.826785542043677,0.0001467276691048464,0.8046586157071786
classical_musopen_e09675b49c01__300s,classical_musopen_e09675b49c01,classical,validation,300.0,1.2273254901960784,-0.586554927236672,-0.4992312510895694,-8.693197534105645,0.00016769474205437386,0.7950625085932757
classical_musopen_e0aa0ba751f5__180s,classical_musopen_e0aa0ba751f5,classical,discovery,180.0,0.7617882352941181,0.023671178632572773,0.6536134326249933,-3.9743772425726167,0.01844441115487916,0.2156309423398015
classical_musopen_e0aa0ba751f5__300s,classical_musopen_e0aa0ba751f5,classical,discovery,300.0,0.9945568627450985,0.013942959726928019,0.6112992816521162,-5.362826250204211,0.0046657674944180945,0.35861630195436894
classical_musopen_e0dc320f51e3__180s,classical_musopen_e0dc320f51e3,classical,discovery,180.0,-0.19044705882352916,-0.5150854151264798,0.27420054193728893,-0.4497802359190899,0.3894130182003571,0.10307659202755325
classical_musopen_e0dc320f51e3__300s,classical_musopen_e0dc320f51e3,classical,discovery,300.0,-0.19044705882352916,-0.5150854151264798,0.27420054193728893,-0.4497802359190899,0.3894130182003571,0.10307659202755325
classical_musopen_e542fa316458__180s,classical_musopen_e542fa316458,classical,validation,180.0,1.2273254901960788,-0.6538706557370408,-0.4910653951068354,-8.98121572579347,0.000125734066122952,0.8214050130230989
classical_musopen_e542fa316458__300s,classical_musopen_e542fa316458,classical,validation,300.0,1.2696470588235296,-0.6512854404707655,-0.5091483599497496,-9.20996450950293,0.00010002758679279268,0.8640646789451196
classical_musopen_e92198fc7b0d__180s,classical_musopen_e92198fc7b0d,classical,holdout,180.0,1.2273254901960788,-0.37013296690456765,-0.45097260327396166,-7.805500749982271,0.00040732133860319603,0.7010916292152118
classical_musopen_e92198fc7b0d__300s,classical_musopen_e92198fc7b0d,classical,holdout,300.0,1.2696470588235296,-0.38384711203499594,-0.47184638859828826,-8.101538075453893,0.00030298080564506976,0.7493773069948619
classical_musopen_e979457eb8b9__180s,classical_musopen_e979457eb8b9,classical,discovery,180.0,1.2273254901960788,-0.3832371951827421,-0.42935230956969905,-7.871861946247088,0.00038117834423373063,0.696714358540571
classical_musopen_e979457eb8b9__300s,classical_musopen_e979457eb8b9,classical,discovery,300.0,1.2696470588235296,-0.5039546702217794,-0.48513922979122515,-8.60111435625581,0.0001838669352255692,0.7934785157194478
classical_musopen_f0ef963b9b80__180s,classical_musopen_f0ef963b9b80,classical,holdout,180.0,0.8887529411764706,-0.38516281895708226,-0.31210554318929923,-5.948701862560308,0.0026024351141852105,0.4107933072594387
classical_musopen_f0ef963b9b80__300s,classical_musopen_f0ef963b9b80,classical,holdout,300.0,1.0792000000000006,-0.2492214125340942,-0.2304344711345159,-6.537738509228122,0.0014456659173321088,0.4875114878686377
classical_musopen_f1de65f9d30b__180s,classical_musopen_f1de65f9d30b,classical,discovery,180.0,0.5078588235294124,-0.9176741577182403,-0.44898913094437065,-5.883107818789429,0.0027783722125058947,0.5139154573926665
classical_musopen_f1de65f9d30b__300s,classical_musopen_f1de65f9d30b,classical,discovery,300.0,0.5078588235294124,-0.9176741577182403,-0.44898913094437065,-5.883107818789429,0.0027783722125058947,0.5139154573926665
classical_musopen_f6b26962c493__180s,classical_musopen_f6b26962c493,classical,validation,180.0,1.2696470588235296,-0.7267203359307182,-0.5232017690058024,-9.520797490732399,7.330580191363828e-05,0.9067057010032012
classical_musopen_f6b26962c493__300s,classical_musopen_f6b26962c493,classical,validation,300.0,1.2696470588235296,-0.7091026301421982,-0.5426007750334753,-9.436547669624758,7.974891497509403e-05,0.906193155521609
classical_musopen_f88042497771__180s,classical_musopen_f88042497771,classical,holdout,180.0,0.2750901960784316,-0.46434206152824337,0.00922878263674343,-2.8380225203857323,0.05530376090375516,0.12255594154470097
classical_musopen_f88042497771__300s,classical_musopen_f88042497771,classical,holdout,300.0,0.46553725490196113,-0.2973681050870985,0.35830826888767786,-3.4336313616911287,0.0312607743816518,0.12413760706319328
classical_musopen_fcb18467286d__180s,classical_musopen_fcb18467286d,classical,validation,180.0,1.1426823529411765,-0.5998068285415245,-0.5183416543040307,-8.241368664479365,0.0002634539012539923,0.7393775297817212
classical_musopen_fcb18467286d__300s,classical_musopen_fcb18467286d,classical,validation,300.0,1.2696470588235296,-0.5792142789769792,-0.5375670288930096,-8.891488694132503,0.000137535809862518,0.8446598236841113
classical_musopen_fe9f4f266c55__180s,classical_musopen_fe9f4f266c55,classical,validation,180.0,0.2750901960784316,-0.33289190875726643,-0.1809573987142014,-2.1860601871605967,0.10100929188370228,0.10971302052803228
classical_musopen_fe9f4f266c55__300s,classical_musopen_fe9f4f266c55,classical,validation,300.0,0.4232156862745099,-0.3385867939152229,-0.1955579595345118,-3.073862544129774,0.04419836733075471,0.15276985690677325
focus_jamendo_0016398__180s,focus_jamendo_0016398,focus,holdout,180.0,-0.31741176470588206,0.25763963251476024,0.4379400437729073,3.4709270869750926,0.9698491400046516,0.0
focus_jamendo_0016398__300s,focus_jamendo_0016398,focus,holdout,300.0,-0.4655372549019605,0.36672416578076783,0.5832115649844953,4.7275008160800684,0.9912290526311035,0.0
focus_jamendo_0214220__180s,focus_jamendo_0214220,focus,holdout,180.0,-0.8041098039215686,0.6310172373692982,0.8738421588704314,7.684016147384211,0.9995400883558293,0.0
focus_jamendo_0214220__300s,focus_jamendo_0214220,focus,holdout,300.0,-0.5501803921568627,0.6270399096565189,0.8408557639890849,6.19055065414879,0.9979554902652681,0.0
focus_jamendo_1027423__180s,focus_jamendo_1027423,focus,discovery,180.0,-0.04232156862745084,0.12484465525127851,0.3453527159910276,1.3404870654582586,0.792570027765964,0.0
focus_jamendo_1027423__300s,focus_jamendo_1027423,focus,discovery,300.0,-0.14812549019607812,0.17050898966796743,0.3886393649877432,2.1331296636426367,0.8940817518793738,0.0
focus_jamendo_1027427__180s,focus_jamendo_1027427,focus,discovery,180.0,-1.1426823529411765,0.7660091135863903,1.0451660377211054,10.156669977052333,0.9999611851942494,0.0
focus_jamendo_1027427__300s,focus_jamendo_1027427,focus,discovery,300.0,-0.7194666666666665,0.7115033517925403,0.8406281334912904,7.542553701888658,0.999470238474089,0.0
focus_jamendo_1027938__180s,focus_jamendo_1027938,focus,discovery,180.0,3.758910394275982e-16,0.9555138655487367,0.7553501049386744,4.38319325597311,0.9876685378185562,0.0005970383903626876
focus_jamendo_1027938__300s,focus_jamendo_1027938,focus,discovery,300.0,0.14812549019607868,0.9209563106355743,0.3479187090916679,3.575563186223876,0.9727629749178955,0.012090027404844305
focus_jamendo_1027941__180s,focus_jamendo_1027941,focus,discovery,180.0,-0.571341176470588,0.8264744849687365,1.257376226342939,6.941854409975937,0.9990344574811815,0.0
focus_jamendo_1027941__300s,focus_jamendo_1027941,focus,discovery,300.0,-0.4655372549019605,0.9707170211503815,1.8616580010662698,6.6171440830905945,0.9986645412782218,0.0
focus_jamendo_1056129__180s,focus_jamendo_1056129,focus,discovery,180.0,-0.65598431372549,0.6967928891992157,1.4895363591127628,6.773661771029649,0.9988578063571697,0.0
focus_jamendo_1056129__300s,focus_jamendo_1056129,focus,discovery,300.0,-0.4020549019607841,0.7250656921265541,1.5310667200143877,5.3778796727829254,0.9954036218611971,0.0
focus_jamendo_1056135__180s,focus_jamendo_1056135,focus,discovery,180.0,-0.6136627450980391,0.674524332349904,1.8461560389470408,6.247572727438546,0.9980685919896776,0.0
focus_jamendo_1056135__300s,focus_jamendo_1056135,focus,discovery,300.0,-0.6136627450980391,0.674524332349904,1.8461560389470408,6.247572727438546,0.9980685919896776,0.0
focus_jamendo_1068406__180s,focus_jamendo_1068406,focus,validation,180.0,-0.21160784313725495,0.7298484650987073,0.43567167263336676,4.840704665114327,0.9921604598137114,0.0
focus_jamendo_1068406__300s,focus_jamendo_1068406,focus,validation,300.0,-0.16928627450980374,0.6359071664909742,0.38843485966086455,4.219954443636832,0.9855136256306191,0.0
focus_jamendo_1077172__180s,focus_jamendo_1077172,focus,holdout,180.0,0.12696470588235326,-0.06331054334731012,-0.25346430319170543,-0.14087625979919127,0.4648390665020082,0.0588510512207614
focus_jamendo_1077172__300s,focus_jamendo_1077172,focus,holdout,300.0,0.12696470588235326,-0.06331054334731012,-0.25346430319170543,-0.14087625979919127,0.4648390665020082,0.0588510512207614
focus_jamendo_1077186__180s,focus_jamendo_1077186,focus,holdout,180.0,0.0,0.3699333446003357,1.3610935532735646,1.602946134428688,0.8324297453751076,0.000597038390362677
focus_jamendo_1077186__300s,focus_jamendo_1077186,focus,holdout,300.0,0.2750901960784316,0.15140813619994878,0.7817567178598493,-0.6388288483372928,0.34551132778725596,0.03358340945790083
focus_jamendo_1081641__180s,focus_jamendo_1081641,focus,discovery,180.0,-0.25392941176470557,0.5873422045542332,0.3456698963126357,4.53504900820579,0.9893874526984741,0.0
focus_jamendo_1081641__300s,focus_jamendo_1081641,focus,discovery,300.0,-0.25392941176470557,0.8035073067280736,0.47464656477783895,5.380183947496897,0.99541415247158,0.0
focus_jamendo_1081643__180s,focus_jamendo_1081643,focus,discovery,180.0,-0.48669803921568616,0.016297786270980445,1.2109983701713036,3.0518725156396522,0.954863299551341,0.00020338182940475252
focus_jamendo_1081643__300s,focus_jamendo_1081643,focus,discovery,300.0,-0.25392941176470557,-0.10673408102302565,0.9370320012311117,1.3047435337968496,0.7866322295570152,0.007275012161840477
focus_jamendo_1089784__180s,focus_jamendo_1089784,focus,validation,180.0,-0.1058039215686271,1.1539068934880783,0.38687611577860326,6.031375738736182,0.9976035697506885,0.0
focus_jamendo_1089784__300s,focus_jamendo_1089784,focus,validation,300.0,-0.1058039215686271,1.1539068934880783,0.38687611577860326,6.031375738736182,0.9976035697506885,0.0
focus_jamendo_1092684__180s,focus_jamendo_1092684,focus,discovery,180.0,-0.7617882352941175,1.28375304576338,1.9143936602467744,9.65248015255869,0.9999357381500692,0.003311545761912395
focus_jamendo_1092684__300s,focus_jamendo_1092684,focus,discovery,300.0,-0.740627450980392,1.1311899734286048,1.4426998509117328,9.12715191296182,0.999891337149254,0.0
focus_jamendo_1093823__180s,focus_jamendo_1093823,focus,holdout,180.0,0.04232156862745121,0.7991011118866673,0.6371642240506401,3.5355047268593323,0.9716812785545106,0.0023881535614507293
focus_jamendo_1093823__300s,focus_jamendo_1093823,focus,holdout,300.0,0.04232156862745084,0.7025320935317652,0.27605920678574697,3.3139050165113053,0.9649027661631852,0.002388153561450708
focus_jamendo_1093829__180s,focus_jamendo_1093829,focus,holdout,180.0,-0.867592156862745,0.5537735667378597,0.9377917074514267,7.6988849040486205,0.9995468730068707,0.0
focus_jamendo_1093829__300s,focus_jamendo_1093829,focus,holdout,300.0,-0.9522352941176468,0.7795095854995676,1.298257398678621,8.963299682310742,0.9998719932674316,0.0
focus_jamendo_1097142__180s,focus_jamendo_1097142,focus,validation,180.0,0.23276862745098073,0.34591668522299857,0.12794110299749745,0.7661934072100672,0.6826968766189837,0.025224871992823306
focus_jamendo_1097142__300s,focus_jamendo_1097142,focus,validation,300.0,0.38089411764705905,0.5400461928289346,0.23525470892987588,0.6582582129032387,0.6588690116729343,0.05970383903626813
focus_jamendo_1101389__180s,focus_jamendo_1101389,focus,discovery,180.0,-0.6983058823529411,0.6678206491461322,0.45532922327196423,7.431899553628272,0.9994082885398062,0.0
focus_jamendo_1101389__300s,focus_jamendo_1101389,focus,discovery,300.0,-0.48669803921568633,0.8620647512981473,0.6559236575543943,6.903101267564058,0.9989963434802854,0.0
focus_jamendo_1101393__180s,focus_jamendo_1101393,focus,discovery,180.0,-0.8041098039215686,1.192593581934876,1.0527091441284209,9.959864356610083,0.999952743087321,2.41581165662838e-05
focus_jamendo_1101393__300s,focus_jamendo_1101393,focus,discovery,300.0,-0.6559843137254903,1.1755831000764667,1.2090577524350983,8.93650601034304,0.9998685175928719,0.0
focus_jamendo_1106739__180s,focus_jamendo_1106739,focus,discovery,180.0,-1.1003607843137253,0.9404370994328606,2.4577428961165855,9.917280170242389,0.9999506873286275,0.0
focus_jamendo_1106739__300s,focus_jamendo_1106739,focus,discovery,300.0,-1.1003607843137253,0.9404370994328606,2.4577428961165855,9.917280170242389,0.9999506873286275,0.0
focus_jamendo_1106747__180s,focus_jamendo_1106747,focus,discovery,180.0,-0.740627450980392,0.791940359373547,1.980390533437658,7.420475438472862,0.9994014940692029,0.0
focus_jamendo_1106747__300s,focus_jamendo_1106747,focus,discovery,300.0,-0.740627450980392,0.8061973531158856,1.6160109424043712,7.667831966785178,0.9995325880120574,0.0
focus_jamendo_1120647__180s,focus_jamendo_1120647,focus,validation,180.0,-0.5078588235294116,0.6920570422674617,0.9114944984656325,6.179440590150497,0.9979326962020306,0.0
focus_jamendo_1120647__300s,focus_jamendo_1120647,focus,validation,300.0,-0.5078588235294116,0.6920570422674617,0.9114944984656325,6.179440590150497,0.9979326962020306,0.0
focus_jamendo_1127596__180s,focus_jamendo_1127596,focus,validation,180.0,-0.8464313725490195,0.9355437894332711,0.5530011805034394,9.38179826096091,0.9999157635220722,0.0
focus_jamendo_1127596__300s,focus_jamendo_1127596,focus,validation,300.0,-0.31741176470588206,1.0489318106777463,0.4255117431986819,6.813623214431829,0.9989025009911724,0.0
focus_jamendo_1128146__180s,focus_jamendo_1128146,focus,discovery,180.0,-0.25392941176470557,-0.24684613852974233,-0.11657916782287898,1.2554147898560448,0.7782357796318485,0.04575656005199089
focus_jamendo_1128146__300s,focus_jamendo_1128146,focus,discovery,300.0,-0.04232156862745084,-0.2872581132568472,-0.16081332880062252,-0.13694832097160203,0.4658163288457319,0.06158708362823945
focus_jamendo_1128147__180s,focus_jamendo_1128147,focus,discovery,180.0,-0.9945568627450979,0.796375069490962,4.064644513450811,7.861777150804566,0.9996149595889285,0.2890779126639263
focus_jamendo_1128147__300s,focus_jamendo_1128147,focus,discovery,300.0,-0.5925019607843136,0.5664741751861236,2.7077300040510357,5.224792316615782,0.9946473277976365,0.0
focus_jamendo_1128887__180s,focus_jamendo_1128887,focus,validation,180.0,-0.08464313725490168,0.6766544746763363,0.03035556029061751,4.077881739646438,0.9833389750190864,0.0024845949802335125
focus_jamendo_1128887__300s,focus_jamendo_1128887,focus,validation,300.0,0.29625098039215736,0.8789521149968899,-0.03578224168817775,2.7243415435996816,0.9384477945171498,0.04595980646397529
focus_jamendo_1129320__180s,focus_jamendo_1129320,focus,holdout,180.0,-0.16928627450980374,0.35225446640831964,-0.03450130611357405,3.241330902300631,0.9623603483203417,0.007619690927892552
focus_jamendo_1129320__300s,focus_jamendo_1129320,focus,holdout,300.0,-0.16928627450980374,0.3319362578394726,-0.04896054719829213,3.163093863676621,0.9594215675355964,0.009146796852639532
focus_jamendo_1129323__180s,focus_jamendo_1129323,focus,holdout,180.0,0.12696470588235326,-0.7687364704090391,-0.37028691960827365,-3.0551175795029346,0.04499704647250398,0.3071588638232023
focus_jamendo_1129323__300s,focus_jamendo_1129323,focus,holdout,300.0,0.12696470588235326,-0.7687364704090391,-0.37028691960827365,-3.0551175795029346,0.04499704647250398,0.3071588638232023
focus_jamendo_1130216__180s,focus_jamendo_1130216,focus,discovery,180.0,-0.6771450980392155,0.737836895941084,2.075367075114657,6.770142439480814,0.9988537841329393,0.0
focus_jamendo_1130216__300s,focus_jamendo_1130216,focus,discovery,300.0,-0.867592156862745,0.7165819638783308,2.43856334241032,7.614123822765492,0.999506810528337,0.0
focus_jamendo_1130360__180s,focus_jamendo_1130360,focus,discovery,180.0,-0.7617882352941178,-0.20997563011650813,0.7641703773525205,3.9455708605973596,0.9810267728147238,0.0209960731766729
focus_jamendo_1130360__300s,focus_jamendo_1130360,focus,discovery,300.0,-0.6771450980392155,-0.22508317234005473,0.6029394900742012,3.4668432563764506,0.9697294920934632,0.023599891423431663
focus_jamendo_1130372__180s,focus_jamendo_1130372,focus,discovery,180.0,-0.5501803921568628,0.765517737697228,1.4647724532169426,6.453797672690682,0.9984279440054423,0.0
focus_jamendo_1130372__300s,focus_jamendo_1130372,focus,discovery,300.0,-0.2750901960784312,0.595003752479382,1.0830401671143182,4.312907701445401,0.986782496871879,0.0
focus_jamendo_1130830__180s,focus_jamendo_1130830,focus,discovery,180.0,-0.7194666666666665,0.8735160477613538,3.5028669855867895,6.857590395646331,0.9989496599264863,0.04550425151471668
focus_jamendo_1130830__300s,focus_jamendo_1130830,focus,discovery,300.0,-0.529019607843137,0.8143819889001959,3.417075212547817,5.532115658027059,0.9960579936310273,0.026825641624801954
focus_jamendo_1154294__180s,focus_jamendo_1154294,focus,holdout,180.0,-0.6559843137254903,0.6670397988101288,1.176920248324912,6.8088595672210985,0.9988972661998302,0.0
focus_jamendo_1154294__300s,focus_jamendo_1154294,focus,holdout,300.0,-0.7829490196078429,0.6876267338474339,0.5635835790832641,7.957660769807901,0.999650151613726,0.0
focus_jamendo_1154298__180s,focus_jamendo_1154298,focus,holdout,180.0,-1.036878431372549,0.7047736682879124,0.44881445918865803,9.582580671757379,0.9999310858884068,0.0
focus_jamendo_1154298__300s,focus_jamendo_1154298,focus,holdout,300.0,-0.7194666666666665,0.8889830794984409,0.8380693600834535,8.292172851772204,0.9997495930816802,0.0
focus_jamendo_1154856__180s,focus_jamendo_1154856,focus,discovery,180.0,-0.35973333333333307,0.44718805750157387,0.6988645807547089,4.384975266070569,0.9876902227767633,0.0
focus_jamendo_1154856__300s,focus_jamendo_1154856,focus,discovery,300.0,0.021160784313725794,0.5839916733916316,0.4221709684763271,2.86349298051461,0.9460119758015078,0.001343336378316039
focus_jamendo_1154857__180s,focus_jamendo_1154857,focus,discovery,180.0,0.6136627450980398,0.03869408207110135,-0.21550208466111437,-2.5931269951610165,0.06958206727633899,0.18022429609272841
focus_jamendo_1154857__300s,focus_jamendo_1154857,focus,discovery,300.0,0.7617882352941181,-0.012554618622207114,-0.2534830924975999,-3.6609824089257224,0.025062945989453127,0.2621631054600901
focus_jamendo_1156277__180s,focus_jamendo_1156277,focus,discovery,180.0,-0.4443764705882353,0.8527284206046157,0.8310850620388606,6.524784728170276,0.9985355130293841,0.0
focus_jamendo_1156277__300s,focus_jamendo_1156277,focus,discovery,300.0,-0.10580392156862747,0.8990812081412816,0.7405743206549567,4.775203078808001,0.9916342062714254,0.0
focus_jamendo_1156386__180s,focus_jamendo_1156386,focus,validation,180.0,-0.33857254901960765,0.05066713358237895,0.16907874058938632,2.860904324774813,0.9458796118153969,0.0
focus_jamendo_1156386__300s,focus_jamendo_1156386,focus,validation,300.0,0.12696470588235326,0.02625873557934279,-0.0670747799632715,0.1409922654597484,0.5351897913786088,0.0208816426496552
focus_jamendo_1161853__180s,focus_jamendo_1161853,focus,validation,180.0,0.14812549019607868,-1.1647305661800158,-0.37458323582974,-4.847002452665573,0.007790707000518158,0.5771346311446811
focus_jamendo_1161853__300s,focus_jamendo_1161853,focus,validation,300.0,0.14812549019607868,-1.1647305661800158,-0.37458323582974,-4.847002452665573,0.007790707000518158,0.5771346311446811
focus_jamendo_1248571__180s,focus_jamendo_1248571,focus,holdout,180.0,-0.23276862745098018,-0.018073105001574125,-0.1613461706603011,2.118520017482072,0.8926902378835425,0.026931365473792147
focus_jamendo_1248571__300s,focus_jamendo_1248571,focus,holdout,300.0,-0.35973333333333307,0.22249385039723274,-0.10014280046158974,3.848190316666261,0.9791267019422113,0.015672279577424897
focus_jamendo_1250838__180s,focus_jamendo_1250838,focus,discovery,180.0,-1.3542901960784313,0.7470997457116224,1.4901167336368752,11.093000041511361,0.9999847817510265,0.002632939301499429
focus_jamendo_1250838__300s,focus_jamendo_1250838,focus,discovery,300.0,-0.7617882352941178,0.6429598078928518,1.4666940790669287,7.180777294254405,0.9992395027640704,0.0
focus_jamendo_1272579__180s,focus_jamendo_1272579,focus,holdout,180.0,0.2750901960784316,0.16492387237409015,0.009982157657616368,-0.18524815522716687,0.45381994865797554,0.037378992240587015
focus_jamendo_1272579__300s,focus_jamendo_1272579,focus,holdout,300.0,0.5078588235294124,0.3965879866766959,0.09366314545580871,-0.6206650192136238,0.349630218302031,0.10107624660278063
focus_jamendo_1302666__180s,focus_jamendo_1302666,focus,discovery,180.0,-0.7617882352941175,0.9305941745668633,0.7813346337218671,8.745712499555106,0.999840883135534,0.0
focus_jamendo_1302666__300s,focus_jamendo_1302666,focus,discovery,300.0,-0.3385725490196078,0.855105486632137,0.3530247700690878,6.158116827744216,0.9978882342358819,0.0
focus_jamendo_1357893__180s,focus_jamendo_1357893,focus,validation,180.0,-0.9945568627450979,0.6386472129815686,2.3864135831502074,8.059150859778923,0.9996839047624033,0.0
focus_jamendo_1357893__300s,focus_jamendo_1357893,focus,validation,300.0,-0.529019607843137,0.366841718118481,1.8326852078467133,4.459336646640093,0.9885622988469009,0.0
focus_jamendo_1442910__180s,focus_jamendo_1442910,focus,discovery,180.0,-1.3966117647058824,0.9960663078492465,4.317509283442071,10.938731611018119,0.9999822433305303,0.47311650972452574
focus_jamendo_1442910__300s,focus_jamendo_1442910,focus,discovery,300.0,-1.3966117647058824,0.9884213581545969,4.525174039378795,10.799784927734967,0.9999795965250599,0.6514245298516762
focus_jamendo_1450425__180s,focus_jamendo_1450425,focus,discovery,180.0,0.12696470588235326,0.7914184610124622,0.2774994868164132,3.1900524595009516,0.9604582128163888,0.009552614245802917
focus_jamendo_1450425__300s,focus_jamendo_1450425,focus,discovery,300.0,0.0,0.7725664401072807,0.21779217999652767,3.8880724658791816,0.9799264101893151,0.000597038390362677
focus_jamendo_1496808__180s,focus_jamendo_1496808,focus,validation,180.0,-0.6348235294117645,1.2406808501957403,1.1565808182807562,9.1134723095392,0.9998898406357786,0.0010678705048247342
focus_jamendo_1496808__300s,focus_jamendo_1496808,focus,validation,300.0,-0.6348235294117645,1.2406808501957403,1.1565808182807562,9.1134723095392,0.9998898406357786,0.0010678705048247342
focus_jamendo_1502253__180s,focus_jamendo_1502253,focus,discovery,180.0,-0.06348235294117663,0.541968661236218,0.30053818185349696,3.246698329788604,0.9625542903852027,0.0
focus_jamendo_1502253__300s,focus_jamendo_1502253,focus,discovery,300.0,-0.14812549019607812,0.4967033563326069,0.26080337386257246,3.574148056205315,0.9727254557132456,0.0
focus_jamendo_1522319__180s,focus_jamendo_1522319,focus,discovery,180.0,-0.38089411764705866,1.0629343590330644,1.1607685452715586,6.86824453176062,0.9989607794237331,0.0
focus_jamendo_1522319__300s,focus_jamendo_1522319,focus,discovery,300.0,-0.8464313725490195,1.1277549599888346,1.1789259092284772,9.870568229768208,0.9999483293120676,0.0
focus_jamendo_1522321__180s,focus_jamendo_1522321,focus,discovery,180.0,-0.571341176470588,0.4706320357236139,0.5090003673771621,5.826093520513019,0.9970590974531283,0.0
focus_jamendo_1522321__300s,focus_jamendo_1522321,focus,discovery,300.0,-0.4655372549019605,0.41838776993911503,0.23689428933206524,5.123292348850037,0.9940788882957856,0.0
focus_jamendo_1522332__180s,focus_jamendo_1522332,focus,discovery,180.0,-0.529019607843137,0.23891873015669512,0.1701883496456964,4.774290708989811,0.991626634031277,0.0
focus_jamendo_1522332__300s,focus_jamendo_1522332,focus,discovery,300.0,-0.1058039215686271,0.1270372692956467,0.1796815408580152,1.8082774823541485,0.8591535635367504,0.0
focus_jamendo_1522335__180s,focus_jamendo_1522335,focus,discovery,180.0,-0.14812549019607812,0.8700898065537715,0.4021125356311083,5.07583491146477,0.9937928992274544,0.0
focus_jamendo_1522335__300s,focus_jamendo_1522335,focus,discovery,300.0,-0.23276862745098018,0.8705506180890072,0.4181332160961796,5.567427484870471,0.9961942435439932,0.0
focus_jamendo_1542218__180s,focus_jamendo_1542218,focus,discovery,180.0,-0.48669803921568616,0.8045334068966202,0.5612012171304027,6.709208358936692,0.9987818564323955,0.0
focus_jamendo_1542218__300s,focus_jamendo_1542218,focus,discovery,300.0,-0.48669803921568616,0.8058526785418948,0.4883572984531794,6.752203343699952,0.9988330607275809,0.0
focus_jamendo_1549291__180s,focus_jamendo_1549291,focus,validation,180.0,-0.4443764705882353,-0.9618960369527145,-0.08438318500212595,-0.6557455104318357,0.34169597017361614,0.34874301580604156
focus_jamendo_1549291__300s,focus_jamendo_1549291,focus,validation,300.0,-0.4443764705882353,-0.9618960369527145,-0.08438318500212595,-0.6557455104318357,0.34169597017361614,0.34874301580604156
focus_jamendo_1550368__180s,focus_jamendo_1550368,focus,validation,180.0,-1.1003607843137253,1.355433035122973,4.686319138404015,10.521812852547093,0.999973058421472,0.8136495278821686
focus_jamendo_1550368__300s,focus_jamendo_1550368,focus,validation,300.0,-0.909913725490196,1.2203812995279164,4.1353993023435764,9.115264943316236,0.9998900379125856,0.33511302443232216
focus_jamendo_1560365__180s,focus_jamendo_1560365,focus,discovery,180.0,-0.4232156862745095,0.3549508470344232,0.3886083862261935,4.5289215051762435,0.9893229210893539,0.0
focus_jamendo_1560365__300s,focus_jamendo_1560365,focus,discovery,300.0,-0.19044705882352916,0.3807540372868284,0.3407101202264657,3.293152404076075,0.9641931493906544,0.0
focus_jamendo_1569329__180s,focus_jamendo_1569329,focus,holdout,180.0,0.8887529411764706,-0.2554871233369414,-0.2341918612859153,-5.441990576495723,0.004312178374953738,0.3593074661617898
focus_jamendo_1569329__300s,focus_jamendo_1569329,focus,holdout,300.0,1.1426823529411771,-0.19356757095230348,-0.05173776988174069,-6.76832553381914,0.0011482979326382936,0.49587464437516693
focus_jamendo_1569330__180s,focus_jamendo_1569330,focus,holdout,180.0,0.3174117647058828,-0.613090074427777,-0.13120149455220087,-3.641963546965429,0.025531889699128056,0.20623036406918158
focus_jamendo_1569330__300s,focus_jamendo_1569330,focus,holdout,300.0,0.46553725490196074,-0.6688531533029536,-0.09588856655810338,-4.766516661885369,0.008438163170358884,0.2690001835525
focus_jamendo_1571054__180s,focus_jamendo_1571054,focus,validation,180.0,-0.38089411764705866,0.7991011118866673,1.1502192490703533,5.761270637451882,0.9968627630098755,0.0
focus_jamendo_1571054__300s,focus_jamendo_1571054,focus,validation,300.0,-0.38089411764705866,0.787431737420842,1.2365113914647272,5.667726032013036,0.9965561863045735,0.0
focus_jamendo_1575999__180s,focus_jamendo_1575999,focus,discovery,180.0,-0.4232156862745095,0.49008709958971514,0.37620772879258,5.105066182963559,0.9939706363028297,0.0
focus_jamendo_1575999__300s,focus_jamendo_1575999,focus,discovery,300.0,-0.48669803921568616,0.3751746176203556,0.2621580984287922,5.052581752495496,0.9936478009100309,0.0
focus_jamendo_1576036__180s,focus_jamendo_1576036,focus,discovery,180.0,0.08464313725490243,0.3699333446003357,-0.02040197732837292,1.8149779317213395,0.8599624267756121,0.01163816137284672
focus_jamendo_1576036__300s,focus_jamendo_1576036,focus,discovery,300.0,-0.1269647058823527,0.4297272540504912,0.040932325237347224,3.2802733992683777,0.9637458373518909,0.0019131188119936723
focus_jamendo_1597681__180s,focus_jamendo_1597681,focus,validation,180.0,-1.5870588235294119,1.1825554744848457,6.333182230280263,11.809456206742777,0.9999925661275259,3.447373633368755
focus_jamendo_1597681__300s,focus_jamendo_1597681,focus,validation,300.0,-1.4812549019607844,0.8764306995283525,3.5998271572563176,11.300994519503003,0.999987639527519,0.08804997026125684
focus_jamendo_1597868__180s,focus_jamendo_1597868,focus,holdout,180.0,-1.5870588235294119,1.7350953300205374,10.392737565977074,12.05302080074386,0.9999941731069703,17.701729919934102
focus_jamendo_1597868__300s,focus_jamendo_1597868,focus,holdout,300.0,-1.5870588235294119,1.7281466906088865,10.285919199335135,12.078614527195432,0.9999943203457972,17.186042480023755
focus_jamendo_1606551__180s,focus_jamendo_1606551,focus,holdout,180.0,-0.2750901960784312,-0.8543507422142554,-0.1975133385473055,-1.139934349334936,0.2423324147413278,0.3001250935668242
focus_jamendo_1606551__300s,focus_jamendo_1606551,focus,holdout,300.0,-0.5078588235294116,-0.8540662367097903,-0.2188031359375391,0.2413817054998355,0.560054120722008,0.3045659469994963
focus_jamendo_1610713__180s,focus_jamendo_1610713,focus,discovery,180.0,-0.8041098039215686,0.6442196670804179,2.9317591472546196,6.682172104524098,0.9987485149256347,0.0
focus_jamendo_1610713__300s,focus_jamendo_1610713,focus,discovery,300.0,-0.8041098039215686,0.6232369996552544,3.020890598335405,6.547901000538605,0.9985689303325825,0.0
focus_jamendo_1617037__180s,focus_jamendo_1617037,focus,discovery,180.0,-1.036878431372549,1.4911235791161457,4.552997186531249,10.789021137209499,0.9999793757246663,0.7031860682018981
focus_jamendo_1617037__300s,focus_jamendo_1617037,focus,discovery,300.0,-0.740627450980392,1.435323583758314,3.5360542285015653,9.333744911430209,0.9999116172106711,0.0750870295176999
focus_jamendo_1619099__180s,focus_jamendo_1619099,focus,discovery,180.0,-0.38089411764705866,0.1426987981839913,0.48884348742818684,3.33355808705989,0.9655622785738848,0.0
focus_jamendo_1619099__300s,focus_jamendo_1619099,focus,discovery,300.0,-0.38089411764705866,0.1426987981839913,0.48884348742818684,3.33355808705989,0.9655622785738848,0.0
focus_jamendo_1621763__180s,focus_jamendo_1621763,focus,holdout,180.0,-0.48669803921568616,0.030742126328696454,0.4006656254596646,3.5291824955368094,0.9715067914069693,3.506720026340283e-05
focus_jamendo_1621763__300s,focus_jamendo_1621763,focus,holdout,300.0,-0.33857254901960765,0.16866846063157373,0.4727619143562221,3.2023762228806945,0.9609236008182627,0.0
focus_jamendo_1630224__180s,focus_jamendo_1630224,focus,validation,180.0,0.12696470588235326,0.1832763957583385,-0.12301655956253864,0.8317697218630381,0.6967289981217778,0.02870583080315174
focus_jamendo_1630224__300s,focus_jamendo_1630224,focus,validation,300.0,0.12696470588235326,0.24837752582310108,-0.09604100662466636,1.092392304112562,0.7488319403334055,0.024637564064096337
focus_jamendo_1632069__180s,focus_jamendo_1632069,focus,discovery,180.0,-1.5870588235294119,1.7443204436185205,9.983972929115488,12.301969815118094,0.9999954572334439,15.782600379517488
focus_jamendo_1632069__300s,focus_jamendo_1632069,focus,discovery,300.0,-1.248486274509804,1.8236010352637804,10.90499063770274,10.171423260978669,0.9999617536148521,20.268917616483368
focus_jamendo_1632088__180s,focus_jamendo_1632088,focus,discovery,180.0,-0.6983058823529411,0.8101433937994227,0.6029247994871813,7.95612665723407,0.9996496146832212,0.0
focus_jamendo_1632088__300s,focus_jamendo_1632088,focus,discovery,300.0,-0.6983058823529411,0.8101433937994227,0.6029247994871813,7.95612665723407,0.9996496146832212,0.0
focus_jamendo_1633326__180s,focus_jamendo_1633326,focus,validation,180.0,0.0,0.48243350176192673,0.6741901986958357,2.4302598120376144,0.9191058519870686,0.000597038390362677
focus_jamendo_1633326__300s,focus_jamendo_1633326,focus,validation,300.0,0.1269647058823529,0.545292217254966,0.2742662035268047,2.1539767473776976,0.8960398045956517,0.009552614245802876
focus_jamendo_1646629__180s,focus_jamendo_1646629,focus,discovery,180.0,-1.3966117647058824,1.288561702820782,3.2206311733539676,12.735630846388862,0.9999970556833075,0.011913289158384318
focus_jamendo_1646629__300s,focus_jamendo_1646629,focus,discovery,300.0,-1.5870588235294119,1.5282905856261806,5.162633392933098,13.868686444773592,0.9999990517876794,1.4465871777526094
focus_jamendo_1647617__180s,focus_jamendo_1647617,focus,discovery,180.0,0.0,0.04082831298232649,0.12933627297159034,0.8483146350101419,0.7002134792403705,0.0005970480914186663
focus_jamendo_1647617__300s,focus_jamendo_1647617,focus,discovery,300.0,-0.04232156862745084,0.15563658291784122,0.18032555009911239,1.5551175625462441,0.8256516382778165,0.0
focus_jamendo_1650016__180s,focus_jamendo_1650016,focus,validation,180.0,-0.06348235294117625,1.1404303150120587,0.8424680432239273,5.49149691561583,0.9958952486671592,0.0
focus_jamendo_1650016__300s,focus_jamendo_1650016,focus,validation,300.0,-0.1058039215686271,1.084286163223311,0.5458831847836113,5.6561256984150114,0.9965161442934453,0.0
focus_jamendo_1667339__180s,focus_jamendo_1667339,focus,discovery,180.0,-0.740627450980392,0.5632017784525163,0.2478855424127091,7.34633804163169,0.9993554658715174,0.0
focus_jamendo_1667339__300s,focus_jamendo_1667339,focus,discovery,300.0,-0.4443764705882353,0.6751907803877061,0.2671638522110352,6.066020504252863,0.9976849829006597,0.0
focus_jamendo_1668128__180s,focus_jamendo_1668128,focus,discovery,180.0,0.23276862745098037,1.3408057581423494,0.8886693109975909,4.570006384178685,0.9897482925046018,0.03341248513070257
focus_jamendo_1668128__300s,focus_jamendo_1668128,focus,discovery,300.0,0.14812549019607868,1.3657778809761267,1.0604452972614553,5.084906976569859,0.9938486109651852,0.02309468619332859
focus_jamendo_1669925__180s,focus_jamendo_1669925,focus,validation,180.0,-0.571341176470588,1.241415286350932,0.9876725307201756,8.829954705338832,0.9998537365308741,0.001095763250717379
focus_jamendo_1669925__300s,focus_jamendo_1669925,focus,validation,300.0,-0.4655372549019605,1.3268647462879397,0.9798416390167568,8.571904826496343,0.9998106842231651,0.006795790312558617
focus_jamendo_1672165__180s,focus_jamendo_1672165,focus,holdout,180.0,-0.23276862745098018,0.9662293762611492,1.7554545903024317,5.283621807123321,0.9949515953576517,0.0
focus_jamendo_1672165__300s,focus_jamendo_1672165,focus,holdout,300.0,0.9945568627450985,0.7035843435521868,0.6358270625554915,-2.4677091095404577,0.07815312339884156,0.3583722938151994
focus_jamendo_1677808__180s,focus_jamendo_1677808,focus,holdout,180.0,-0.3385725490196078,0.5025497410138613,0.5195699743793827,4.586059832503725,0.9899099064797706,0.0
focus_jamendo_1677808__300s,focus_jamendo_1677808,focus,holdout,300.0,-0.19044705882352916,0.39979845641505524,0.41292414981230496,3.3363401291149977,0.9656546666599629,0.0
focus_jamendo_1677809__180s,focus_jamendo_1677809,focus,holdout,180.0,-0.529019607843137,0.7773247318112231,0.8185963268467189,6.7111615458159,0.9987842304825579,0.0
focus_jamendo_1677809__300s,focus_jamendo_1677809,focus,holdout,300.0,-0.6136627450980391,0.770900123594256,0.9292781879095174,7.125079379685916,0.9991959778386094,0.0
focus_jamendo_1683418__180s,focus_jamendo_1683418,focus,holdout,180.0,-1.121521568627451,0.30258664534261337,1.154957020145746,8.021861741895197,0.9996718992711131,0.0
focus_jamendo_1683418__300s,focus_jamendo_1683418,focus,holdout,300.0,-1.417772549019608,0.2431766588442797,1.2044036623767398,9.488551203920702,0.9999242920145348,0.007737617539100387
focus_jamendo_1684978__180s,focus_jamendo_1684978,focus,discovery,180.0,-1.1850039215686274,1.2788715302657143,6.771600520545625,9.625319336889811,0.9999339689432718,4.415185447506373
focus_jamendo_1684978__300s,focus_jamendo_1684978,focus,discovery,300.0,-1.1426823529411765,1.3853471463008011,6.966734217707609,9.725035183013771,0.9999402352747325,4.911677043354717
focus_jamendo_1684979__180s,focus_jamendo_1684979,focus,discovery,180.0,-1.3966117647058824,1.4520026132495958,8.705120156045552,10.606409492541593,0.9999752437914291,10.37772149981323
focus_jamendo_1684979__300s,focus_jamendo_1684979,focus,discovery,300.0,-1.3966117647058824,1.4520026132495958,8.705120156045552,10.606409492541593,0.9999752437914291,10.37772149981323
focus_jamendo_1685030__180s,focus_jamendo_1685030,focus,holdout,180.0,-1.2696470588235296,0.5614996817908343,0.48678925561676795,10.32815938817044,0.9999673018509897,5.970383903627868e-06
focus_jamendo_1685030__300s,focus_jamendo_1685030,focus,holdout,300.0,-1.3966117647058827,0.605583985328397,0.5773626831223191,11.214311273752541,0.9999865202871354,0.00573753893138541
focus_jamendo_1685032__180s,focus_jamendo_1685032,focus,holdout,180.0,-0.9310745098039215,1.0265672601994758,2.527420056965322,9.248859275250288,0.9999037879060995,0.0
focus_jamendo_1685032__300s,focus_jamendo_1685032,focus,holdout,300.0,-0.9310745098039215,1.001071054564414,2.4169439607932537,9.198130875864953,0.99989878181253,0.0
focus_jamendo_1692446__180s,focus_jamendo_1692446,focus,discovery,180.0,0.1904470588235299,-0.05942357463917245,1.6871152292696625,-1.4951119776459836,0.18315568698473253,0.02142196974793842
focus_jamendo_1692446__300s,focus_jamendo_1692446,focus,discovery,300.0,-0.4232156862745095,0.12569485253378854,1.4240701938578961,3.030217518263947,0.9539207351322752,0.0
focus_jamendo_1699096__180s,focus_jamendo_1699096,focus,discovery,180.0,-0.9945568627450979,0.09644454188162642,0.6903962894805437,6.6446109586536775,0.9987006759711218,0.0
focus_jamendo_1699096__300s,focus_jamendo_1699096,focus,discovery,300.0,-0.9945568627450979,0.21348614901853555,0.8647706679887179,7.048484783224643,0.9991320297606616,0.0
focus_jamendo_1700327__180s,focus_jamendo_1700327,focus,validation,180.0,-1.1426823529411765,0.4845866415763637,0.7000436697266813,9.147463246768123,0.9998935217405951,0.0
focus_jamendo_1700327__300s,focus_jamendo_1700327,focus,validation,300.0,-0.8887529411764704,0.6157572861447573,0.5631826716661986,8.277197889648805,0.9997458159903954,0.0
focus_jamendo_1704604__180s,focus_jamendo_1704604,focus,discovery,180.0,-1.206164705882353,1.0582958716564417,2.7325422894630007,10.895346463374283,0.9999814560136514,0.0
focus_jamendo_1704604__300s,focus_jamendo_1704604,focus,discovery,300.0,-1.248486274509804,1.1334489262420417,2.8740277351848125,11.388448300332566,0.9999886745666885,0.0
focus_jamendo_1705713__180s,focus_jamendo_1705713,focus,discovery,180.0,-1.1426823529411765,0.9047658745802687,3.6367643896603754,9.4099534196342,0.9999181019454244,0.08446170362024846
focus_jamendo_1705713__300s,focus_jamendo_1705713,focus,discovery,300.0,-1.1426823529411765,0.9047658745802687,3.6367643896603754,9.4099534196342,0.9999181019454244,0.08446170362024846
focus_jamendo_1706218__180s,focus_jamendo_1706218,focus,discovery,180.0,-1.036878431372549,0.5587176626355512,1.7537392142858839,8.296201259832808,0.9997505995427689,0.0
focus_jamendo_1706218__300s,focus_jamendo_1706218,focus,discovery,300.0,-0.23276862745098018,0.09620363429671851,0.6377905754732458,2.1896875051927562,0.8993196154851252,0.0
focus_jamendo_1709689__180s,focus_jamendo_1709689,focus,discovery,180.0,-1.121521568627451,0.6689261688323682,0.5945096421478777,9.854450930202535,0.9999474898168159,0.0
focus_jamendo_1709689__300s,focus_jamendo_1709689,focus,discovery,300.0,-0.29625098039215664,0.5021003766996384,0.32529091829294593,4.435058928504138,0.9882845123668959,0.0
focus_jamendo_1713602__180s,focus_jamendo_1713602,focus,validation,180.0,0.04232156862745121,0.5569149142229279,-0.013748971333995065,2.848866953215799,0.945260084595512,0.008059670580150101
focus_jamendo_1713602__300s,focus_jamendo_1713602,focus,validation,300.0,0.04232156862745121,0.5569149142229279,-0.013748971333995065,2.848866953215799,0.945260084595512,0.008059670580150101
focus_jamendo_1721937__180s,focus_jamendo_1721937,focus,validation,180.0,-0.04232156862745084,-0.19368360489610456,-0.05768752478714848,0.20459440000899676,0.5509709251485205,0.02849456852919691
focus_jamendo_1721937__300s,focus_jamendo_1721937,focus,validation,300.0,0.0,-0.1700008802985491,-0.10993464292993886,0.08235468342486407,0.5205770422083442,0.03255704919070062
focus_jamendo_1744930__180s,focus_jamendo_1744930,focus,holdout,180.0,-0.04232156862745084,0.6671274189798452,0.20028157288271262,3.7014513798116013,0.975907127595062,0.0
focus_jamendo_1744930__300s,focus_jamendo_1744930,focus,holdout,300.0,0.0,0.7305791142611198,0.26357646078296737,3.6875148021659934,0.9755772626287387,0.000597038390362677
focus_jamendo_1755448__180s,focus_jamendo_1755448,focus,validation,180.0,-0.867592156862745,1.4599861730975565,5.46899247223412,9.191266789821006,0.9998980847232865,1.8437199398935225
focus_jamendo_1755448__300s,focus_jamendo_1755448,focus,validation,300.0,-0.8464313725490195,1.297535558718802,4.592822236519126,8.832099654727056,0.9998540498766486,0.7142708660730349
focus_jamendo_1761112__180s,focus_jamendo_1761112,focus,validation,180.0,-0.48669803921568616,0.9219002251443088,1.8994870090905478,6.516350030893772,0.9985231266037663,0.0
focus_jamendo_1761112__300s,focus_jamendo_1761112,focus,validation,300.0,-0.25392941176470557,0.862994693323477,1.9570520399724722,4.8692304184634265,0.9923792489852709,0.0
focus_jamendo_1780015__180s,focus_jamendo_1780015,focus,discovery,180.0,-0.65598431372549,1.1713106149044594,0.9917990990458809,9.030135499333703,0.9998802680709181,0.0
focus_jamendo_1780015__300s,focus_jamendo_1780015,focus,discovery,300.0,-0.8675921568627452,1.244998057507998,1.110336652501057,10.524614756016616,0.9999731338014932,0.0012369871968293405
focus_jamendo_1785989__180s,focus_jamendo_1785989,focus,discovery,180.0,-0.29625098039215664,0.6259688324529088,0.130038350656912,5.057658184723285,0.9936797624187615,0.0
focus_jamendo_1785989__300s,focus_jamendo_1785989,focus,discovery,300.0,-0.14812549019607812,0.6750254872068265,0.25894193192042964,4.326960673675195,0.9869645386916583,0.0
focus_jamendo_1786770__180s,focus_jamendo_1786770,focus,validation,180.0,0.08464313725490243,0.17196788495893034,0.23770421625908408,0.84766612603374,0.7000773300892956,0.005373345513264156
focus_jamendo_1786770__300s,focus_jamendo_1786770,focus,validation,300.0,0.08464313725490243,0.17196788495893034,0.23770421625908408,0.84766612603374,0.7000773300892956,0.005373345513264156
focus_jamendo_1787506__180s,focus_jamendo_1787506,focus,validation,180.0,-1.036878431372549,0.23778003273689974,1.0018193223674225,7.32943005438359,0.999344482649943,0.0
focus_jamendo_1787506__300s,focus_jamendo_1787506,focus,validation,300.0,-1.036878431372549,0.23778003273689974,1.0018193223674225,7.32943005438359,0.999344482649943,0.0
focus_jamendo_1789540__180s,focus_jamendo_1789540,focus,validation,180.0,-0.7617882352941178,0.927665427122226,0.8100759999908869,8.718594650660938,0.9998365099055917,0.0
focus_jamendo_1789540__300s,focus_jamendo_1789540,focus,validation,300.0,-0.7617882352941178,0.927665427122226,0.8100759999908869,8.718594650660938,0.9998365099055917,0.0
focus_jamendo_1797025__180s,focus_jamendo_1797025,focus,discovery,180.0,0.08464313725490243,-0.3622668605189968,-0.22008270064557287,-1.1695726540630762,0.23693223774635055,0.09738658423765661
focus_jamendo_1797025__300s,focus_jamendo_1797025,focus,discovery,300.0,0.08464313725490243,-0.11424274217608207,-0.005134006079601731,-0.23428992884401179,0.4416939841423758,0.01835376876936107
focus_jamendo_1798108__180s,focus_jamendo_1798108,focus,holdout,180.0,-0.29625098039215664,0.8620023983508373,0.7868700369359771,5.715313382656304,0.9967157044135213,0.0
focus_jamendo_1798108__300s,focus_jamendo_1798108,focus,holdout,300.0,0.14812549019607868,0.8122291581607208,0.3928702363312903,3.0940396422511744,0.956646215515526,0.012090027404844305
focus_jamendo_1798830__180s,focus_jamendo_1798830,focus,discovery,180.0,-0.4655372549019605,0.9203182638944785,0.9553138629429081,6.8703951141442525,0.9989630096366089,0.0
focus_jamendo_1798830__300s,focus_jamendo_1798830,focus,discovery,300.0,-0.31741176470588206,0.8963612650953435,1.0750437810084026,5.836565683694157,0.9970896452028423,0.0
focus_jamendo_1809441__180s,focus_jamendo_1809441,focus,validation,180.0,-0.23276862745098018,0.23868881395126426,1.711628552160454,2.2386279748781597,0.9036650834609151,0.0
focus_jamendo_1809441__300s,focus_jamendo_1809441,focus,validation,300.0,-0.35973333333333307,0.5411825679865665,1.448693894472518,4.395964980992361,0.9878231248047571,0.0
focus_jamendo_1809751__180s,focus_jamendo_1809751,focus,validation,180.0,-0.14812549019607812,0.9353266682909714,1.7605260798171527,4.652838959128421,0.9905555526116601,0.0
focus_jamendo_1809751__300s,focus_jamendo_1809751,focus,validation,300.0,0.08464313725490243,0.7914831470065122,0.9758720490671356,3.0803911133672948,0.9560766119971692,0.005373345513264156
focus_jamendo_1810290__180s,focus_jamendo_1810290,focus,validation,180.0,-0.4655372549019605,0.6688353773605517,0.4469243916516578,6.071320717756922,0.9976971923449929,0.0
focus_jamendo_1810290__300s,focus_jamendo_1810290,focus,validation,300.0,-0.4655372549019605,0.6688353773605517,0.4469243916516578,6.071320717756922,0.9976971923449929,0.0
focus_jamendo_1811125__180s,focus_jamendo_1811125,focus,holdout,180.0,-0.14812549019607812,0.09612277314213175,0.4653464104275751,1.7800788062787303,0.8557065966154884,0.0
focus_jamendo_1811125__300s,focus_jamendo_1811125,focus,holdout,300.0,0.0,-0.014837757104651144,0.32959894812558177,0.5107011859062242,0.6249708344229922,0.001636282835779656
focus_jamendo_1816033__180s,focus_jamendo_1816033,focus,validation,180.0,0.14812549019607832,0.2437599845955731,-0.24498030296592413,1.0249888601205235,0.7359432291112299,0.05569203879243654
focus_jamendo_1816033__300s,focus_jamendo_1816033,focus,validation,300.0,0.23276862745098073,0.23868881395126426,-0.25902385709446923,0.5129417278329234,0.6254958305520333,0.07227872293947854
focus_jamendo_1823875__180s,focus_jamendo_1823875,focus,discovery,180.0,-0.4020549019607841,0.8977247430997061,0.6171646838632316,6.5754887307973355,0.9986078164766992,0.0
focus_jamendo_1823875__300s,focus_jamendo_1823875,focus,discovery,300.0,-0.38089411764705866,0.8608542681031649,0.6303235639177438,6.288799908939824,0.9981464548457083,0.0
focus_jamendo_1823902__180s,focus_jamendo_1823902,focus,discovery,180.0,-0.6771450980392155,0.2922162513150836,0.206116452056305,5.851839457814084,0.9971336331028143,0.0
focus_jamendo_1823902__300s,focus_jamendo_1823902,focus,discovery,300.0,-0.4020549019607841,0.40317037943046447,0.35315453988328377,4.625976793778683,0.9903009101346036,0.0
focus_jamendo_1824127__180s,focus_jamendo_1824127,focus,discovery,180.0,0.0,-0.12881581784343815,-0.0657869046027518,0.23331609056802438,0.5580658533233384,0.02130876446785095
focus_jamendo_1824127__300s,focus_jamendo_1824127,focus,discovery,300.0,0.04232156862745121,-0.023939869187994765,-0.09210223200049832,0.4400840955158347,0.6082790688420951,0.01832535442024807
focus_jamendo_1826551__180s,focus_jamendo_1826551,focus,discovery,180.0,-1.3754509803921569,0.44861090450773045,1.0756503627268992,10.171941334930489,0.999961773423419,0.004035979518851739
focus_jamendo_1826551__300s,focus_jamendo_1826551,focus,discovery,300.0,-1.3542901960784313,0.5269018739512286,1.0846772268498315,10.372928766207814,0.999968733397201,0.002632939301499429
focus_jamendo_1826554__180s,focus_jamendo_1826554,focus,discovery,180.0,-1.1850039215686274,0.6866422208652054,1.6278911328898253,9.771531016255453,0.9999429503186752,0.0
focus_jamendo_1826554__300s,focus_jamendo_1826554,focus,discovery,300.0,-1.1850039215686274,0.6810341273916002,1.5578480433785644,9.783879016420325,0.9999436503972735,0.0
focus_jamendo_1828706__180s,focus_jamendo_1828706,focus,validation,180.0,-0.9522352941176468,1.174271500962952,2.5898853728316253,9.963993033567663,0.9999529377844678,0.0
focus_jamendo_1828706__300s,focus_jamendo_1828706,focus,validation,300.0,-0.9522352941176468,1.174271500962952,2.5898853728316253,9.963993033567663,0.9999529377844678,0.0
focus_jamendo_1832577__180s,focus_jamendo_1832577,focus,holdout,180.0,0.08464313725490243,-0.1690402054030574,-0.11940671834457968,-0.4066096600441338,0.39972533900172885,0.03865951182094435
focus_jamendo_1832577__300s,focus_jamendo_1832577,focus,holdout,300.0,0.38089411764705905,0.3745179661030411,0.5802047394284607,-0.21691588357953162,0.44598266740663906,0.05970383903626813
focus_jamendo_1833203__180s,focus_jamendo_1833203,focus,discovery,180.0,-0.825270588235294,1.117269918965257,1.0830132971644482,9.751176750004086,0.9999417772842513,0.0
focus_jamendo_1833203__300s,focus_jamendo_1833203,focus,discovery,300.0,-0.8675921568627452,1.2051305134392458,1.3597661410577804,10.228346792730607,0.9999638698522543,0.0001477024937133963
focus_jamendo_1835124__180s,focus_jamendo_1835124,focus,discovery,180.0,-0.571341176470588,-1.1687117004134966,-0.17352701720843267,-0.7351062376730202,0.3240752004274696,0.5158753930681158
focus_jamendo_1835124__300s,focus_jamendo_1835124,focus,discovery,300.0,-0.6771450980392155,-1.1410288341680852,-0.16185195469711736,-0.0020341885473510457,0.4994914530385229,0.49159189650210405
focus_jamendo_1838283__180s,focus_jamendo_1838283,focus,discovery,180.0,-1.5870588235294119,1.7861535452012844,9.477716447867632,12.73850172780438,0.999997064123945,13.572138860732826
focus_jamendo_1838283__300s,focus_jamendo_1838283,focus,discovery,300.0,-1.5870588235294119,1.7596777807692998,9.327262145484795,12.704186978302856,0.9999969616319632,12.932937043623332
focus_jamendo_1838287__180s,focus_jamendo_1838287,focus,discovery,180.0,-1.2273254901960784,0.5328886768459263,1.0873835826414076,9.649956678926138,0.9999355757926663,0.0
focus_jamendo_1838287__300s,focus_jamendo_1838287,focus,discovery,300.0,-0.6136627450980391,0.4743765522699601,0.9863735649176214,5.845513107538542,0.9971154944531634,0.0
focus_jamendo_1842470__180s,focus_jamendo_1842470,focus,discovery,180.0,-0.9945568627450979,0.8099748471843681,2.9383848808393638,8.497872702451009,0.999796139899927,0.0
focus_jamendo_1842470__300s,focus_jamendo_1842470,focus,discovery,300.0,-0.6983058823529411,0.7734739077828263,3.045355564733491,6.5464171689648065,0.9985668083356063,0.0
focus_jamendo_1842472__180s,focus_jamendo_1842472,focus,discovery,180.0,-0.740627450980392,0.42460631817419325,0.5895124674428484,6.586427691483544,0.9986229416684876,0.0
focus_jamendo_1842472__300s,focus_jamendo_1842472,focus,discovery,300.0,-0.571341176470588,0.3738461843664338,0.5578136498415821,5.39293339412638,0.9954719852987206,0.0
focus_jamendo_1844721__180s,focus_jamendo_1844721,focus,discovery,180.0,-1.417772549019608,0.8277996316485517,4.452194435843586,10.284531578327622,0.9999658437760458,0.5874854165219524
focus_jamendo_1844721__300s,focus_jamendo_1844721,focus,discovery,300.0,-1.5235764705882355,0.8792558498635616,4.556409725268899,11.070284762506166,0.9999844321136148,0.6972102177426449
focus_jamendo_1847333__180s,focus_jamendo_1847333,focus,discovery,180.0,-1.1426823529411765,0.07222191818644062,0.5971674532042288,7.461683394222056,0.9994256421461177,0.0
focus_jamendo_1847333__300s,focus_jamendo_1847333,focus,discovery,300.0,-0.5078588235294116,0.34683872645275826,0.6793581524066669,4.84319217362609,0.9921797841904869,0.0
focus_jamendo_1847530__180s,focus_jamendo_1847530,focus,discovery,180.0,-0.6771450980392155,0.34107816410302233,0.25699692224955617,6.03170884402078,0.9976043659693017,0.0
focus_jamendo_1847530__300s,focus_jamendo_1847530,focus,discovery,300.0,-0.4443764705882353,0.3290028983514292,0.2677069839286437,4.606116286827958,0.9901082801909785,0.0
focus_jamendo_1850576__180s,focus_jamendo_1850576,focus,discovery,180.0,-0.2750901960784312,-0.6527828176299448,-0.1638078900767577,-0.3073878374313501,0.42375246583663284,0.1866708789376111
focus_jamendo_1850576__300s,focus_jamendo_1850576,focus,discovery,300.0,-0.2750901960784312,-0.6527828176299448,-0.1638078900767577,-0.3073878374313501,0.42375246583663284,0.1866708789376111
focus_jamendo_1856292__180s,focus_jamendo_1856292,focus,discovery,180.0,-0.04232156862745084,-0.12295107936156235,-0.1057688942131186,0.5275302935152234,0.6289069081709682,0.02545598119150609
focus_jamendo_1856292__300s,focus_jamendo_1856292,focus,discovery,300.0,-0.04232156862745084,-0.17412837285579721,-0.14696990486789754,0.3329245948552778,0.5824708052025644,0.03859891649534097
focus_jamendo_1858750__180s,focus_jamendo_1858750,focus,validation,180.0,-0.1269647058823527,-0.2540599336540706,-0.002045390962942779,0.4193201243043843,0.6033205501415221,0.03371933984544098
focus_jamendo_1858750__300s,focus_jamendo_1858750,focus,validation,300.0,-0.1269647058823527,-0.2540599336540706,-0.002045390962942779,0.4193201243043843,0.6033205501415221,0.03371933984544098
focus_jamendo_1864786__180s,focus_jamendo_1864786,focus,validation,180.0,0.6771450980392161,0.601402075111395,-0.07895235159233396,-0.6641734212088315,0.3398027344301708,0.1853028509576361
focus_jamendo_1864786__300s,focus_jamendo_1864786,focus,validation,300.0,0.8041098039215689,0.5093038664023606,-0.16658184831944392,-1.754278193298011,0.14750840492030892,0.2655631662931351
focus_jamendo_1865466__180s,focus_jamendo_1865466,focus,holdout,180.0,-0.04232156862745084,0.7162934353887912,0.8745509662708612,3.5622598496088917,0.9724082751679188,0.0
focus_jamendo_1865466__300s,focus_jamendo_1865466,focus,holdout,300.0,-0.740627450980392,0.2658308184095966,1.4619347196088275,5.468670941103796,0.9958008741572502,0.0
focus_jamendo_1866931__180s,focus_jamendo_1866931,focus,discovery,180.0,0.04232156862745121,0.8935739682513514,0.49773450069028785,4.005478013817503,0.9821102915351763,0.0023881535614507293
focus_jamendo_1866931__300s,focus_jamendo_1866931,focus,discovery,300.0,0.1269647058823529,0.7608596463378771,0.2701444212100903,3.064987507862141,0.9554251875552405,0.009552614245802876
focus_jamendo_1867616__180s,focus_jamendo_1867616,focus,validation,180.0,-0.31741176470588206,0.3465132152240915,-0.016985422695980277,4.079417196635534,0.9833641124186474,0.005956450016413271
focus_jamendo_1867616__300s,focus_jamendo_1867616,focus,validation,300.0,-0.31741176470588206,0.3465132152240915,-0.016985422695980277,4.079417196635534,0.9833641124186474,0.005956450016413271
focus_jamendo_1868247__180s,focus_jamendo_1868247,focus,validation,180.0,-0.7194666666666665,0.5579114245261491,2.2381199359022186,6.176832972084805,0.9979273096166056,0.0
focus_jamendo_1868247__300s,focus_jamendo_1868247,focus,validation,300.0,-0.7194666666666665,0.5579114245261491,2.2381199359022186,6.176832972084805,0.9979273096166056,0.0
focus_jamendo_1868257__180s,focus_jamendo_1868257,focus,validation,180.0,-0.7194666666666665,0.8023346208211634,0.7943505761238492,7.949304598484566,0.9996472170080383,0.0
focus_jamendo_1868257__300s,focus_jamendo_1868257,focus,validation,300.0,-0.7194666666666665,0.8023346208211634,0.7943505761238492,7.949304598484566,0.9996472170080383,0.0
focus_jamendo_1868402__180s,focus_jamendo_1868402,focus,validation,180.0,0.0,-0.12925172330766038,-0.23311907360637396,0.3174657730072364,0.5787065177609212,0.05104779556581018
focus_jamendo_1868402__300s,focus_jamendo_1868402,focus,validation,300.0,-0.14812549019607812,0.03653902939488836,-0.20215254765627197,1.8718671309794368,0.8666741722924574,0.03389367089978987
focus_jamendo_1869522__180s,focus_jamendo_1869522,focus,discovery,180.0,-1.5235764705882355,1.5937211167957661,3.040765232926634,14.861520201992914,0.9999996486632085,0.07815097212300305
focus_jamendo_1869522__300s,focus_jamendo_1869522,focus,discovery,300.0,-1.5235764705882355,1.625018887823011,3.1272989656705343,14.949012974927816,0.9999996780962653,0.08702471662033345
focus_jamendo_1871445__180s,focus_jamendo_1871445,focus,discovery,180.0,-0.7617882352941175,0.9078763524431107,2.4508223789263903,7.792022138459662,0.9995871536507969,0.0
focus_jamendo_1871445__300s,focus_jamendo_1871445,focus,discovery,300.0,-0.8041098039215686,0.9349024912248899,2.6834434338093174,8.03537523024307,0.9996763018074727,0.0
focus_jamendo_1871951__180s,focus_jamendo_1871951,focus,holdout,180.0,-1.036878431372549,0.41383621234839735,0.889994633317942,8.12919599469012,0.999705281754014,0.0
focus_jamendo_1871951__300s,focus_jamendo_1871951,focus,holdout,300.0,-0.9733960784313724,0.30778847598647263,0.7206743638773656,7.395666536205541,0.9993864693005378,0.0
focus_jamendo_1874522__180s,focus_jamendo_1874522,focus,discovery,180.0,-0.06348235294117663,0.36752874622555987,0.3021704192179505,2.510372004418448,0.9248657448557088,0.0
focus_jamendo_1874522__300s,focus_jamendo_1874522,focus,discovery,300.0,-0.06348235294117663,0.36752874622555987,0.3021704192179505,2.510372004418448,0.9248657448557088,0.0
focus_jamendo_1879434__180s,focus_jamendo_1879434,focus,validation,180.0,-0.6136627450980391,0.6223623396598574,0.2638075398314514,6.840770250101206,0.9989318626675759,0.0
focus_jamendo_1879434__300s,focus_jamendo_1879434,focus,validation,300.0,0.10580392156862785,0.5841688531941762,0.11920804075799346,2.5220423994173635,0.9256726997628726,0.007313720281942867
focus_jamendo_1879604__180s,focus_jamendo_1879604,focus,discovery,180.0,-0.571341176470588,1.02438486893524,1.5831051177152213,7.608916571457363,0.9995042369451833,0.0
focus_jamendo_1879604__300s,focus_jamendo_1879604,focus,discovery,300.0,-0.571341176470588,1.02438486893524,1.5831051177152213,7.608916571457363,0.9995042369451833,0.0
focus_jamendo_1881280__180s,focus_jamendo_1881280,focus,discovery,180.0,-0.6348235294117645,0.05278584816313552,0.37838120096706834,4.504870348795549,0.989065853850398,0.0
focus_jamendo_1881280__300s,focus_jamendo_1881280,focus,discovery,300.0,-0.6348235294117645,0.05278584816313552,0.37838120096706834,4.504870348795549,0.989065853850398,0.0
focus_jamendo_1885488__180s,focus_jamendo_1885488,focus,discovery,180.0,-1.5235764705882355,1.4073672559178134,5.432520012007587,12.84674049689311,0.9999973653049984,1.8008333970312644
focus_jamendo_1885488__300s,focus_jamendo_1885488,focus,discovery,300.0,-1.4812549019607844,1.2979668703007008,4.28440274756723,12.726523819989374,0.9999970287469484,0.46146195286913877
focus_jamendo_1890389__180s,focus_jamendo_1890389,focus,discovery,180.0,-1.1850039215686274,1.1243472472519638,1.377174160363589,11.745854887511879,0.9999920779679222,0.0
focus_jamendo_1890389__300s,focus_jamendo_1890389,focus,discovery,300.0,-0.7617882352941175,1.2107591343373456,0.925821280732533,9.852718603629242,0.9999473987779833,0.00023725170869419215
focus_jamendo_1890394__180s,focus_jamendo_1890394,focus,discovery,180.0,0.0,0.5224022904181544,0.6139727118824209,2.629723600704313,0.932750213717396,0.000597038390362677
focus_jamendo_1890394__300s,focus_jamendo_1890394,focus,discovery,300.0,0.1904470588235299,0.46960564061394366,0.3196522047024205,1.4381265642316623,0.8081643715196053,0.018060411308471157
focus_jamendo_1890497__180s,focus_jamendo_1890497,focus,discovery,180.0,0.0,0.4680409582912022,0.36553558910083456,2.528186267403277,0.9260943108364791,0.000597038390362677
focus_jamendo_1890497__300s,focus_jamendo_1890497,focus,discovery,300.0,-0.04232156862745084,0.355468377174869,0.21777358446245199,2.3784208464669048,0.9151669147727377,0.0
focus_jamendo_1890501__180s,focus_jamendo_1890501,focus,discovery,180.0,-0.7617882352941175,0.8719525236046543,2.7374735915984485,7.493254722746505,0.9994434821962869,0.0
focus_jamendo_1890501__300s,focus_jamendo_1890501,focus,discovery,300.0,-0.740627450980392,0.9390103374364395,2.7203504232543514,7.660317833311096,0.9995290642475729,0.0
focus_jamendo_1891400__180s,focus_jamendo_1891400,focus,discovery,180.0,-0.6348235294117645,1.042018590350265,0.8442523828386803,8.436353888302452,0.999783207677994,0.0
focus_jamendo_1891400__300s,focus_jamendo_1891400,focus,discovery,300.0,-0.571341176470588,1.0384948968841137,0.8778804233200522,8.030804746914349,0.999674819446398,0.0
focus_jamendo_1894575__180s,focus_jamendo_1894575,focus,discovery,180.0,-0.23276862745098018,0.7195249544716351,0.25248248671255097,5.015784502591851,0.9934112724139936,0.0
focus_jamendo_1894575__300s,focus_jamendo_1894575,focus,discovery,300.0,-0.1058039215686271,0.587992149237398,0.27716706654840684,3.701697184065929,0.9759129063684328,0.0
focus_jamendo_1894851__180s,focus_jamendo_1894851,focus,discovery,180.0,-0.529019607843137,0.39282930303842156,1.119547661889015,4.935370135932678,0.9928634957745872,0.0
focus_jamendo_1894851__300s,focus_jamendo_1894851,focus,discovery,300.0,-0.529019607843137,0.49978165683824693,1.2389122299144035,5.324972929983869,0.9951551044881247,0.0
focus_jamendo_1895201__180s,focus_jamendo_1895201,focus,discovery,180.0,-0.571341176470588,0.7056672690352955,1.035674260610011,6.546424120597032,0.9985668182843143,0.0
focus_jamendo_1895201__300s,focus_jamendo_1895201,focus,discovery,300.0,-0.38089411764705866,0.6340525955147791,0.9078967296821194,5.189902986404411,0.9944583337960476,0.0
focus_jamendo_1895276__180s,focus_jamendo_1895276,focus,discovery,180.0,-0.38089411764705866,0.30913572382792404,0.41109592645305365,4.0752552211548805,0.9832958889505653,0.0
focus_jamendo_1895276__300s,focus_jamendo_1895276,focus,discovery,300.0,-0.4232156862745095,0.397757982937031,0.5089158435990956,4.647585560433631,0.9905062788853568,0.0
focus_jamendo_1897824__180s,focus_jamendo_1897824,focus,discovery,180.0,0.0,0.27795745676514866,0.4695645343530804,1.673283234126328,0.8420130707350437,0.000597038390362677
focus_jamendo_1897824__300s,focus_jamendo_1897824,focus,discovery,300.0,3.758910394275982e-16,0.396415566175173,0.7140254038431554,2.047113832630999,0.8856556625572934,0.0005970383903626876
focus_jamendo_1898926__180s,focus_jamendo_1898926,focus,holdout,180.0,-0.44437647058823515,0.809540281213023,1.0622807927497286,6.223886051096563,0.9980223887863124,0.0
focus_jamendo_1898926__300s,focus_jamendo_1898926,focus,holdout,300.0,-0.29625098039215664,0.8895064388597893,1.179844612611659,5.629338869308055,0.9964219001437076,0.0
focus_jamendo_1900437__180s,focus_jamendo_1900437,focus,holdout,180.0,0.2750901960784316,0.15460156013913307,-0.05459831172641973,-0.19558371853993495,0.45125934438533466,0.04336340354619042
focus_jamendo_1900437__300s,focus_jamendo_1900437,focus,holdout,300.0,0.3174117647058824,0.20172075829213257,0.012656289441300528,-0.2804174726896558,0.4303514300419884,0.04674375471500799
focus_jamendo_1900439__180s,focus_jamendo_1900439,focus,holdout,180.0,0.5078588235294124,0.2390544902018064,-0.2026747750742211,-1.132590152607453,0.24368341422834064,0.1348976254497105
focus_jamendo_1900439__300s,focus_jamendo_1900439,focus,holdout,300.0,0.5078588235294124,0.3225562577027196,-0.14999148523306746,-0.807595853856649,0.3084030411453052,0.12460598005101581
focus_jamendo_1900645__180s,focus_jamendo_1900645,focus,discovery,180.0,-0.9310745098039215,0.2515655233834596,1.266214301667716,6.629335114972122,0.9986807017127471,0.0
focus_jamendo_1900645__300s,focus_jamendo_1900645,focus,discovery,300.0,-1.0157176470588236,0.16447214322388498,1.0020015345788247,6.895779249614441,0.9989889751765358,0.0
focus_jamendo_1900646__180s,focus_jamendo_1900646,focus,discovery,180.0,-0.6136627450980391,0.22839868426101276,1.0927487328086383,4.753738101098303,0.9914542447448264,0.0
focus_jamendo_1900646__300s,focus_jamendo_1900646,focus,discovery,300.0,-0.6136627450980391,0.19289116787434837,1.0838460510551395,4.608603315421726,0.9901326081686496,0.0
focus_jamendo_1900840__180s,focus_jamendo_1900840,focus,discovery,180.0,-0.4232156862745095,1.1666864075601657,3.0481547003989817,6.584755479640167,0.9986206401877891,0.0
focus_jamendo_1900840__300s,focus_jamendo_1900840,focus,discovery,300.0,-0.38089411764705866,1.2185999195363906,3.6155346335339007,6.263134697356519,0.9980983591279486,0.07788480265508803
focus_jamendo_1900848__180s,focus_jamendo_1900848,focus,discovery,180.0,-0.9945568627450979,0.8748471054966737,1.6541479027931043,9.43132778478157,0.9999198337499712,0.0
focus_jamendo_1900848__300s,focus_jamendo_1900848,focus,discovery,300.0,-1.0157176470588236,0.9044755633130703,1.7141275057769099,9.649898298236245,0.9999355720316692,0.0
focus_jamendo_1900849__180s,focus_jamendo_1900849,focus,discovery,180.0,-0.8464313725490195,-0.12633623230894114,0.6598359443692824,4.8497149752417945,0.9922302328609824,0.00933368322680611
focus_jamendo_1900849__300s,focus_jamendo_1900849,focus,discovery,300.0,-0.9945568627450979,0.11889327427370745,1.1471118097317454,6.504567061859021,0.9985056478815207,0.0
focus_jamendo_1900865__180s,focus_jamendo_1900865,focus,discovery,180.0,-0.9310745098039215,0.21647624831916826,0.9796919803088905,6.628625152123953,0.9986797659644444,0.0
focus_jamendo_1900865__300s,focus_jamendo_1900865,focus,discovery,300.0,-0.9310745098039215,0.21647624831916826,0.9796919803088905,6.628625152123953,0.9986797659644444,0.0
focus_jamendo_1901339__180s,focus_jamendo_1901339,focus,validation,180.0,0.888752941176471,-0.2208470986359526,-0.3573656838534756,-5.232642751721716,0.005311038207012519,0.386730895615085
focus_jamendo_1901339__300s,focus_jamendo_1901339,focus,validation,300.0,0.888752941176471,-0.20254705963089692,-0.4336781882358817,-5.11626967898819,0.005962591258517053,0.4097068257624668
focus_jamendo_1902125__180s,focus_jamendo_1902125,focus,discovery,180.0,-0.5078588235294116,0.9292799203944149,0.8239061324527456,7.224648064719837,0.999272121346494,0.0
focus_jamendo_1902125__300s,focus_jamendo_1902125,focus,discovery,300.0,-0.4232156862745095,0.7716515605863736,0.5560936306881064,6.1997822342538855,0.9979742394110684,0.0
focus_jamendo_1906117__180s,focus_jamendo_1906117,focus,validation,180.0,-0.6136627450980391,0.3594253886966899,0.9552929113087028,5.376818318289996,0.9953987633433707,0.0
focus_jamendo_1906117__300s,focus_jamendo_1906117,focus,validation,300.0,-0.6136627450980391,0.4532056317963878,1.059405592475207,5.718721344475967,0.9967268415435911,0.0
focus_jamendo_1906544__180s,focus_jamendo_1906544,focus,discovery,180.0,-0.4020549019607841,0.8969191559620732,3.1902146344769213,5.249869740261308,0.994779197840176,0.0010763213264122194
focus_jamendo_1906544__300s,focus_jamendo_1906544,focus,discovery,300.0,-0.14812549019607812,0.9115998441913303,3.221529138903299,3.802029136603216,0.9781621155142589,0.002589463771433991
focus_jamendo_1916203__180s,focus_jamendo_1916203,focus,discovery,180.0,-0.65598431372549,0.5346190089020768,0.017468865887159436,6.846347852828912,0.9989377974188202,0.0032816684081760712
focus_jamendo_1916203__300s,focus_jamendo_1916203,focus,discovery,300.0,-0.529019607843137,0.605185633187997,0.08348263945490866,6.363130378620644,0.9982790053250333,0.00036759542762375245
focus_jamendo_1920476__180s,focus_jamendo_1920476,focus,discovery,180.0,-0.5078588235294116,0.29449515510179236,0.5784095673846854,4.674371821113961,0.9907548846552812,0.0
focus_jamendo_1920476__300s,focus_jamendo_1920476,focus,discovery,300.0,-0.5078588235294116,0.29449515510179236,0.5784095673846854,4.674371821113961,0.9907548846552812,0.0
focus_jamendo_1921939__180s,focus_jamendo_1921939,focus,discovery,180.0,-0.6983058823529411,0.6198353765582122,0.7254309721788184,7.090782043635348,0.9991679470213948,0.0
focus_jamendo_1921939__300s,focus_jamendo_1921939,focus,discovery,300.0,-0.8464313725490195,0.5580808990675131,0.541267292388052,7.796338681039588,0.999588931148008,0.0
focus_jamendo_1922056__180s,focus_jamendo_1922056,focus,validation,180.0,-0.25392941176470557,0.6821764983091256,0.4706516203859272,4.870672157360659,0.9923901446517005,0.0
focus_jamendo_1922056__300s,focus_jamendo_1922056,focus,validation,300.0,-0.06348235294117625,0.7247569377486205,0.5002811161071563,3.9147423046431262,0.9804443627427127,0.0
focus_jamendo_1923890__180s,focus_jamendo_1923890,focus,discovery,180.0,-1.5870588235294119,1.92811309145527,11.67638144536519,12.207207083069404,0.9999950056939148,24.5465770032927
focus_jamendo_1923890__300s,focus_jamendo_1923890,focus,discovery,300.0,-1.5870588235294119,1.92811309145527,11.67638144536519,12.207207083069404,0.9999950056939148,24.5465770032927
focus_jamendo_1924920__180s,focus_jamendo_1924920,focus,discovery,180.0,-0.6136627450980391,0.30500918848138014,0.49230145881986737,5.385303448915031,0.9954374628888977,0.0
focus_jamendo_1924920__300s,focus_jamendo_1924920,focus,discovery,300.0,-0.4232156862745095,0.5200286230506016,0.16832947205474066,5.3381311814171015,0.99521813440466,0.0
focus_jamendo_1924921__180s,focus_jamendo_1924921,focus,discovery,180.0,-0.6136627450980391,0.9012081384626391,0.5582679607506363,7.865146840633977,0.9996162543750494,0.0
focus_jamendo_1924921__300s,focus_jamendo_1924921,focus,discovery,300.0,-0.6983058823529411,0.9327959279649594,0.526545825308795,8.51251324737274,0.9997991021856247,0.0
focus_jamendo_1926373__180s,focus_jamendo_1926373,focus,discovery,180.0,-1.0157176470588236,0.34272446589488154,1.3694847275801285,7.458501083485792,0.9994238125043996,0.0
focus_jamendo_1926373__300s,focus_jamendo_1926373,focus,discovery,300.0,-0.8675921568627452,0.3649792925270019,1.4476599458001431,6.640867520819106,0.9986958092724878,0.0
focus_jamendo_1928112__180s,focus_jamendo_1928112,focus,validation,180.0,0.0,-0.1528995947417172,-0.15846072030289146,0.1793947647801042,0.5447287985096185,0.03836538011061342
focus_jamendo_1928112__300s,focus_jamendo_1928112,focus,validation,300.0,0.04232156862745084,-0.24950696460019126,-0.1780541044358255,-0.4668015881073513,0.38537354364117654,0.059477573639501256
focus_jamendo_1929250__180s,focus_jamendo_1929250,focus,discovery,180.0,-0.25392941176470557,-0.2705915474806567,-0.0871962543695894,1.1401983888368314,0.7577160615708675,0.0462195235195741
focus_jamendo_1929250__300s,focus_jamendo_1929250,focus,discovery,300.0,-0.04232156862745084,-0.2613686471352981,-0.12755760677438693,-0.04488031447411234,0.48878180433225377,0.05036115184994461
focus_jamendo_1931218__180s,focus_jamendo_1931218,focus,discovery,180.0,0.21160784313725495,0.4666928977351501,0.2357047929521631,1.3445134148758906,0.7932311910624559,0.0214933820530565
focus_jamendo_1931218__300s,focus_jamendo_1931218,focus,discovery,300.0,0.06348235294117663,0.5912953542823025,0.35186007971000993,2.6814771206885872,0.9359247629931505,0.003731489939766758
focus_jamendo_1932519__180s,focus_jamendo_1932519,focus,holdout,180.0,-0.867592156862745,0.5742444330505088,1.1356038317156187,7.683545386604036,0.99953987189614,0.0
focus_jamendo_1932519__300s,focus_jamendo_1932519,focus,holdout,300.0,-0.6348235294117645,0.5989713397977625,1.1695949648582327,6.401157573328364,0.9983431148130814,0.0
focus_jamendo_1935622__180s,focus_jamendo_1935622,focus,discovery,180.0,-1.50241568627451,1.256373060323502,7.2539081019508345,11.149672858800097,0.9999856202161731,5.680019861219464
focus_jamendo_1935622__300s,focus_jamendo_1935622,focus,discovery,300.0,-1.3542901960784313,1.2202861231169524,6.900223614119723,10.307975368302513,0.9999666351875796,4.73274672350495
focus_jamendo_1935873__180s,focus_jamendo_1935873,focus,discovery,180.0,-0.19044705882352916,-0.42998125814830584,-0.27440183466006934,0.19095500851504876,0.5475942177135837,0.12492527283141379
focus_jamendo_1935873__300s,focus_jamendo_1935873,focus,discovery,300.0,-0.14812549019607812,-0.2927681026138815,-0.21595487956264614,0.4905086407049628,0.6202262477725903,0.07401787004477449
focus_jamendo_1935877__180s,focus_jamendo_1935877,focus,discovery,180.0,-0.3385725490196078,0.397757982937031,-0.0009224653056035986,4.4116957339762175,0.9880108989051392,0.004610965201254455
focus_jamendo_1935877__300s,focus_jamendo_1935877,focus,discovery,300.0,-0.3808941176470589,0.44413238016485646,-0.02602936613390309,4.869066094216045,0.992378006153811,0.006789688180867372
focus_jamendo_1939376__180s,focus_jamendo_1939376,focus,holdout,180.0,-0.7617882352941175,0.8485602629656597,1.2681286758014805,8.149683940555182,0.9997112567651474,0.0
focus_jamendo_1939376__300s,focus_jamendo_1939376,focus,holdout,300.0,-0.7194666666666665,0.9976040135288706,1.6509610110434534,8.332425597362183,0.9997594701010515,0.0
focus_jamendo_1939637__180s,focus_jamendo_1939637,focus,validation,180.0,0.4443764705882353,-0.08047798847491851,-0.18853370684045812,-2.1136836402018213,0.10777394052729414,0.11493121924301818
focus_jamendo_1939637__300s,focus_jamendo_1939637,focus,validation,300.0,0.4443764705882353,-0.08047798847491851,-0.18853370684045812,-2.1136836402018213,0.10777394052729414,0.11493121924301818
focus_jamendo_1942807__180s,focus_jamendo_1942807,focus,discovery,180.0,-1.3754509803921569,1.0354059448196307,2.623938717238025,11.850409159904974,0.9999928644148238,0.004035979518851739
focus_jamendo_1942807__300s,focus_jamendo_1942807,focus,discovery,300.0,-1.3754509803921569,1.0354059448196307,2.623938717238025,11.850409159904974,0.9999928644148238,0.004035979518851739
focus_jamendo_1945054__180s,focus_jamendo_1945054,focus,validation,180.0,-0.35973333333333307,0.5780118237519002,0.6306257501581861,4.9716310555625824,0.9931158869144653,0.0
focus_jamendo_1945054__300s,focus_jamendo_1945054,focus,validation,300.0,-0.5501803921568628,0.6592081723194182,0.5803332179582747,6.4600567188456495,0.9984377375234649,0.0
focus_jamendo_1953401__180s,focus_jamendo_1953401,focus,discovery,180.0,-0.19044705882352916,0.6023103984320433,0.42844430300398,4.18221182596716,0.984964800594156,0.0
focus_jamendo_1953401__300s,focus_jamendo_1953401,focus,discovery,300.0,-0.08464313725490168,0.4825497762597573,0.3926759438322577,3.0732950654311377,0.955777653402675,0.0
focus_jamendo_1956108__180s,focus_jamendo_1956108,focus,discovery,180.0,-0.14812549019607812,0.5412287743606161,-0.013011461835396499,3.902585907114476,0.9802099191534258,0.005607564579636061
focus_jamendo_1956108__300s,focus_jamendo_1956108,focus,discovery,300.0,-0.06348235294117663,0.6920570422674617,0.054406540307791296,4.005993550344286,0.9821193470892555,0.0012931123918482293
focus_jamendo_1957365__180s,focus_jamendo_1957365,focus,validation,180.0,-0.8464313725490195,1.2777966270187113,3.240259006992747,9.443921306945333,0.9999208369155445,0.006734525176326903
focus_jamendo_1957365__300s,focus_jamendo_1957365,focus,validation,300.0,-1.0580392156862748,1.4241222699312452,4.255529836305013,10.783856024500624,0.9999792689245883,0.4389388102540011
focus_jamendo_1957922__180s,focus_jamendo_1957922,focus,discovery,180.0,-0.825270588235294,0.5174153782532721,0.829270028372136,7.352413884299103,0.9993593675855995,0.0
focus_jamendo_1957922__300s,focus_jamendo_1957922,focus,discovery,300.0,-0.825270588235294,0.5174153782532721,0.829270028372136,7.352413884299103,0.9993593675855995,0.0
focus_jamendo_1959047__180s,focus_jamendo_1959047,focus,validation,180.0,-0.3385725490196078,-0.2833659763466547,0.4168077643012408,1.3252257313114957,0.7900498181794846,0.03507085972098239
focus_jamendo_1959047__300s,focus_jamendo_1959047,focus,validation,300.0,-0.3385725490196078,-0.12557588836972428,0.6804253463367013,1.8550468441103962,0.8647185720964066,0.009249054427185552
focus_jamendo_1962000__180s,focus_jamendo_1962000,focus,validation,180.0,-0.9733960784313724,0.4967033563326069,2.6520254095535094,7.199714316874986,0.999253758166936,0.0
focus_jamendo_1962000__300s,focus_jamendo_1962000,focus,validation,300.0,-0.8887529411764704,0.5503014181912605,2.0546468031917726,7.234793584711683,0.9992794634253914,0.0
focus_jamendo_1963475__180s,focus_jamendo_1963475,focus,discovery,180.0,-0.33857254901960765,1.151341937889194,1.644177543262388,6.743643407192507,0.9988230407339881,0.0
focus_jamendo_1963475__300s,focus_jamendo_1963475,focus,discovery,300.0,-0.4232156862745095,1.2022397394367828,1.7263958216666568,7.413875266349358,0.999397533149937,0.00010992059530569132
focus_jamendo_1964726__180s,focus_jamendo_1964726,focus,holdout,180.0,-1.3966117647058824,1.8215211933495217,10.950744834358357,11.010436159429629,0.9999834719676384,20.511523220724417
focus_jamendo_1964726__300s,focus_jamendo_1964726,focus,holdout,300.0,-1.3966117647058824,1.8598806980818448,11.20877554851397,11.03957541132573,0.9999839466252362,21.89525325008472
focus_jamendo_1964742__180s,focus_jamendo_1964742,focus,holdout,180.0,-0.7194666666666665,0.6906972446335917,0.6675297170140312,7.543780028301398,0.9994708873929226,0.0
focus_jamendo_1964742__300s,focus_jamendo_1964742,focus,holdout,300.0,-0.7194666666666665,0.7580110687464094,0.6559032360721396,7.83356851432109,0.9996039478426598,0.0
focus_jamendo_1967104__180s,focus_jamendo_1967104,focus,discovery,180.0,-0.571341176470588,0.9242656976481252,1.1405546932656672,7.4142010651454875,0.9993977292827443,0.0
focus_jamendo_1967104__300s,focus_jamendo_1967104,focus,discovery,300.0,-0.529019607843137,0.8978984870248989,1.158999967860925,7.044609843640285,0.9991286628399252,0.0
focus_jamendo_1967111__180s,focus_jamendo_1967111,focus,discovery,180.0,-1.1003607843137253,0.6636885427779052,1.1581218045836656,9.418271660289427,0.9999187803124989,0.0
focus_jamendo_1967111__300s,focus_jamendo_1967111,focus,discovery,300.0,-0.9945568627450979,0.7859288634366068,1.362519523351235,9.206283681986834,0.9998996035875023,0.0
focus_jamendo_1968379__180s,focus_jamendo_1968379,focus,discovery,180.0,-0.909913725490196,0.1426987981839913,0.4367851758480768,6.472073649628399,0.9984563699674023,0.0
focus_jamendo_1968379__300s,focus_jamendo_1968379,focus,discovery,300.0,-0.5925019607843136,0.11889327427370745,0.289725630278688,4.580214403797924,0.9898513531661293,0.0
focus_jamendo_1969508__180s,focus_jamendo_1969508,focus,discovery,180.0,-1.0792000000000002,0.5139235522304947,2.333845825825204,8.058176406537871,0.9996835966897564,0.0
focus_jamendo_1969508__300s,focus_jamendo_1969508,focus,discovery,300.0,-1.0792000000000002,0.5139235522304947,2.333845825825204,8.058176406537871,0.9996835966897564,0.0
focus_jamendo_1976281__180s,focus_jamendo_1976281,focus,holdout,180.0,-0.825270588235294,0.49978165683824693,1.0986912553872776,7.139616721121133,0.9992075724395938,0.0
focus_jamendo_1976281__300s,focus_jamendo_1976281,focus,holdout,300.0,-1.0157176470588236,0.652817167690071,1.0568384124811718,8.926599489315013,0.9998672087603212,0.0
focus_jamendo_1976293__180s,focus_jamendo_1976293,focus,holdout,180.0,0.2750901960784316,0.479704708962104,0.1908846145569768,1.0489950623892779,0.7405818768892907,0.03358340945790083
focus_jamendo_1976293__300s,focus_jamendo_1976293,focus,holdout,300.0,0.10580392156862785,0.48725243372757127,0.25737843125892107,2.0424135036023587,0.8851787980615754,0.007313720281942867
focus_jamendo_1978485__180s,focus_jamendo_1978485,focus,discovery,180.0,-0.9945568627450979,0.40372427965640034,1.3059435299104025,7.623874967497872,0.9995115939814575,0.0
focus_jamendo_1978485__300s,focus_jamendo_1978485,focus,discovery,300.0,-0.8464313725490195,0.44026784706253785,1.4389085062006444,6.838331730251132,0.9989292576074686,0.0
focus_jamendo_1978695__180s,focus_jamendo_1978695,focus,discovery,180.0,-1.3754509803921569,1.0040828870429415,4.457423672953095,10.776162879077173,0.9999791088256998,0.5883904519022064
focus_jamendo_1978695__300s,focus_jamendo_1978695,focus,discovery,300.0,-1.1850039215686274,1.0399839301869929,4.794880392213768,9.633886540187437,0.9999345321915472,0.920182709147129
focus_jamendo_1978794__180s,focus_jamendo_1978794,focus,validation,180.0,-1.1850039215686274,0.6888255231846178,1.0370727110020788,10.084342412749034,0.9999582739172759,0.0
focus_jamendo_1978794__300s,focus_jamendo_1978794,focus,validation,300.0,-1.1850039215686274,0.8407555143502055,1.7604190895035814,10.353213229321925,0.9999681108623586,0.0
focus_jamendo_1979493__180s,focus_jamendo_1979493,focus,discovery,180.0,0.08464313725490243,-0.07208788371330534,-0.10232327428281476,-0.006610235365605788,0.49834744717598123,0.02562528426653779
focus_jamendo_1979493__300s,focus_jamendo_1979493,focus,discovery,300.0,0.08464313725490243,-0.135032314102652,-0.14043474897343108,-0.2524171113888857,0.43722865530684046,0.03774020329405409
focus_jamendo_1980501__180s,focus_jamendo_1980501,focus,discovery,180.0,-0.10580392156862747,0.1513239880065579,-0.08123511779588824,2.0447552733202636,0.8854165945966033,0.013058231632756323
focus_jamendo_1980501__300s,focus_jamendo_1980501,focus,discovery,300.0,-0.14812549019607812,0.021359962718952824,-0.06788192210301339,1.7388698044549484,0.8505434527286149,0.011484267395352887
focus_jamendo_1981814__180s,focus_jamendo_1981814,focus,discovery,180.0,-0.7617882352941175,0.9390103374364395,1.9733436767688193,8.168655437005887,0.999716681484192,0.0
focus_jamendo_1981814__300s,focus_jamendo_1981814,focus,discovery,300.0,-0.8887529411764704,0.8134099877197625,2.258362367421794,8.239448991947814,0.9997360400014098,0.0
focus_jamendo_1983051__180s,focus_jamendo_1983051,focus,discovery,180.0,-0.4655372549019605,0.47159090483922667,1.2561426497027857,4.82384686201066,0.9920282446177425,0.0
focus_jamendo_1983051__300s,focus_jamendo_1983051,focus,discovery,300.0,-0.6348235294117645,0.5163901618919332,1.019511781367844,6.1300959710601575,0.9978283542272756,0.0
focus_jamendo_1983056__180s,focus_jamendo_1983056,focus,discovery,180.0,-0.5501803921568628,0.7012130130021862,0.4171048830978514,6.721039627437764,0.9987961664464128,0.0
focus_jamendo_1983056__300s,focus_jamendo_1983056,focus,discovery,300.0,-0.29625098039215664,0.678323086165375,0.3467282999212679,5.16704714697737,0.9943309421266403,0.0
focus_jamendo_1983239__180s,focus_jamendo_1983239,focus,discovery,180.0,-0.3385725490196078,0.7952985053797001,0.3860596139314306,5.888978102464685,0.9972378449240823,0.0
focus_jamendo_1983239__300s,focus_jamendo_1983239,focus,discovery,300.0,-0.23276862745098018,0.6673919782473874,0.35265015723028403,4.744503746367962,0.9913756484615898,0.0
focus_jamendo_1983242__180s,focus_jamendo_1983242,focus,discovery,180.0,-0.38089411764705866,0.6837334325086211,0.4966356850463479,5.610707504780919,0.996354855638187,0.0
focus_jamendo_1983242__300s,focus_jamendo_1983242,focus,discovery,300.0,-0.14812549019607812,0.8613095303305224,0.48531780063773644,4.996057818532259,0.9932808901981133,0.0
focus_jamendo_1985293__180s,focus_jamendo_1985293,focus,discovery,180.0,-0.31741176470588206,0.32819638709529303,0.6001350932568926,3.6850663830942167,0.9755188579636024,0.0
focus_jamendo_1985293__300s,focus_jamendo_1985293,focus,discovery,300.0,-0.2750901960784312,0.6066253468292842,0.6186618786585565,4.600539336859709,0.9900535106873822,0.0
focus_jamendo_1985295__180s,focus_jamendo_1985295,focus,discovery,180.0,-0.6136627450980391,0.38616438363007494,0.3349193097763308,5.808351021822568,0.9970066104369728,0.0
focus_jamendo_1985295__300s,focus_jamendo_1985295,focus,discovery,300.0,-0.529019607843137,0.397757982937031,0.335415139624992,5.35909582389721,0.9953168763621791,0.0
focus_jamendo_1986013__180s,focus_jamendo_1986013,focus,discovery,180.0,-0.6136627450980391,0.8078531427360363,1.5616033307685535,6.955948473288827,0.9990479575836589,0.0
focus_jamendo_1986013__300s,focus_jamendo_1986013,focus,discovery,300.0,-0.1058039215686271,0.7182599848306536,1.0646957085805306,3.846252712741058,0.9790870651767763,0.0
focus_jamendo_1987334__180s,focus_jamendo_1987334,focus,validation,180.0,-0.48669803921568616,0.761175644872735,0.7113750533321995,6.449229516927951,0.9984207575480267,0.0
focus_jamendo_1987334__300s,focus_jamendo_1987334,focus,validation,300.0,-0.6348235294117645,0.7417140170991107,0.7154372520586336,7.236380352178921,0.9992806050209225,0.0
focus_jamendo_1987580__180s,focus_jamendo_1987580,focus,validation,180.0,0.8887529411764706,-0.27905260967536605,-0.39031857187843294,-5.461119877304779,0.004230819067830219,0.40879709580176476
focus_jamendo_1987580__300s,focus_jamendo_1987580,focus,validation,300.0,0.8887529411764706,-0.32324072869742776,-0.3822325296096477,-5.651584572657735,0.003499656816934438,0.4161649370358507
focus_jamendo_1989240__180s,focus_jamendo_1989240,focus,holdout,180.0,0.5078588235294124,0.979405865510384,0.8623486554468196,1.4416512892110303,0.8087102327935687,0.10089948797129326
focus_jamendo_1989240__300s,focus_jamendo_1989240,focus,holdout,300.0,0.5078588235294124,0.8902860638394529,0.6175498702945588,1.1916928629899297,0.767043694700979,0.10089948797129326
focus_jamendo_1989577__180s,focus_jamendo_1989577,focus,discovery,180.0,-0.6136627450980391,0.7586277465177512,1.810610922248124,6.620441984930247,0.9986689323829974,0.0
focus_jamendo_1989577__300s,focus_jamendo_1989577,focus,discovery,300.0,-0.6348235294117645,0.783971632201324,1.235797783018854,7.1471507655689654,0.9992135155127977,0.0
focus_jamendo_1993496__180s,focus_jamendo_1993496,focus,discovery,180.0,0.04232156862745084,0.46731957877876934,0.02912543892029376,2.4490758863508804,0.9204938459024093,0.004944054877252184
focus_jamendo_1993496__300s,focus_jamendo_1993496,focus,discovery,300.0,0.04232156862745084,0.46731957877876934,0.02912543892029376,2.4490758863508804,0.9204938459024093,0.004944054877252184
focus_jamendo_1994905__180s,focus_jamendo_1994905,focus,validation,180.0,-1.3754509803921569,0.8938041215601843,2.8891970972643253,11.11706691921973,0.9999851436292162,0.004035979518851739
focus_jamendo_1994905__300s,focus_jamendo_1994905,focus,validation,300.0,-0.9522352941176468,0.8795946358585849,2.524652628158911,8.755074183074829,0.9998423655526625,0.0
focus_jamendo_1997549__180s,focus_jamendo_1997549,focus,holdout,180.0,-1.248486274509804,1.3842120484719664,6.268401816982005,10.701456702907372,0.9999774883862391,3.289449209257039
focus_jamendo_1997549__300s,focus_jamendo_1997549,focus,holdout,300.0,-1.2061647058823528,1.4928261356577268,7.201529220141638,10.43095346923193,0.9999704959487553,5.548358423309527
focus_jamendo_2002309__180s,focus_jamendo_2002309,focus,discovery,180.0,-1.5870588235294119,0.7042403904225385,5.297441982177204,10.324985340309357,0.9999671979040251,1.5955243112128263
focus_jamendo_2002309__300s,focus_jamendo_2002309,focus,discovery,300.0,-1.5870588235294119,0.8303245732952269,5.704140375698318,10.647600022911794,0.9999762427730329,2.237402969565545
focus_jamendo_2004625__180s,focus_jamendo_2004625,focus,validation,180.0,-1.5870588235294119,1.92811309145527,11.67638144536519,12.207207083069404,0.9999950056939148,24.5465770032927
focus_jamendo_2004625__300s,focus_jamendo_2004625,focus,validation,300.0,-1.3966117647058824,1.7049363047963602,10.225570268939585,10.891529656533857,0.9999813851009111,16.86250502963274
focus_jamendo_2005032__180s,focus_jamendo_2005032,focus,discovery,180.0,-0.6136627450980391,0.591090515672212,0.7186899762880016,6.475167407855111,0.9984611308681282,0.0
focus_jamendo_2005032__300s,focus_jamendo_2005032,focus,discovery,300.0,-0.38089411764705866,0.6514956175100032,0.7385891813424438,5.350450332154513,0.9952764050086194,0.0
focus_jamendo_2005033__180s,focus_jamendo_2005033,focus,discovery,180.0,-0.6771450980392155,1.0516369838493693,0.7029732745824344,8.798448466399687,0.9998490556635857,0.0
focus_jamendo_2005033__300s,focus_jamendo_2005033,focus,discovery,300.0,-0.7829490196078429,1.023751804524126,0.7414414905000886,9.283461770745278,0.9999070598402283,0.0
focus_jamendo_2009953__180s,focus_jamendo_2009953,focus,discovery,180.0,-1.1003607843137255,0.481469715368798,0.6202680481795358,8.92637486363592,0.9998671789326108,0.0
focus_jamendo_2009953__300s,focus_jamendo_2009953,focus,discovery,300.0,-1.1003607843137255,0.481469715368798,0.6202680481795358,8.92637486363592,0.9998671789326108,0.0
focus_jamendo_2015074__180s,focus_jamendo_2015074,focus,discovery,180.0,-1.0580392156862748,1.0146453135025226,2.7309941131787894,9.840805077780649,0.999946768397754,0.0
focus_jamendo_2015074__300s,focus_jamendo_2015074,focus,discovery,300.0,-1.0580392156862748,1.0146453135025226,2.7309941131787894,9.840805077780649,0.999946768397754,0.0
focus_jamendo_2019707__180s,focus_jamendo_2019707,focus,discovery,180.0,-0.16928627450980374,-0.6141616087462248,0.16935533326413632,-0.9381066137933198,0.28128295638372186,0.1430784348845945
focus_jamendo_2019707__300s,focus_jamendo_2019707,focus,discovery,300.0,0.14812549019607868,-0.5924717931630059,0.15460468101383565,-2.7061348057095955,0.06261232429057031,0.14585173777750318
focus_jamendo_2022629__180s,focus_jamendo_2022629,focus,validation,180.0,-0.4443764705882353,0.535009562176335,0.8483570097853177,5.176317394904879,0.9943829590257824,0.0
focus_jamendo_2022629__300s,focus_jamendo_2022629,focus,validation,300.0,-0.38089411764705866,0.4626821390559866,0.8694562836603106,4.487110651965622,0.9888721123189814,0.0
focus_jamendo_2023052__180s,focus_jamendo_2023052,focus,discovery,180.0,-0.8464313725490195,1.133277492457425,1.39268414844346,9.784008060847288,0.9999436576679969,0.0
focus_jamendo_2023052__300s,focus_jamendo_2023052,focus,discovery,300.0,-0.909913725490196,1.1292158483643926,1.5334633468345193,10.06795202003086,0.9999575844041423,0.0
focus_jamendo_2023746__180s,focus_jamendo_2023746,focus,discovery,180.0,-0.8464313725490195,0.6010235401348558,1.4546424346040843,7.508037527549662,0.9994516441025141,0.0
focus_jamendo_2023746__300s,focus_jamendo_2023746,focus,discovery,300.0,-0.7829490196078429,0.5120948588608075,0.9825862468904834,7.002254794712031,0.9990909988596203,0.0
focus_jamendo_2026945__180s,focus_jamendo_2026945,focus,discovery,180.0,-0.6559843137254903,0.7995092376775704,0.7821289664038852,7.570260653334056,0.9994847076139644,0.0
focus_jamendo_2026945__300s,focus_jamendo_2026945,focus,discovery,300.0,-0.6559843137254903,0.705077000651703,0.721032346196473,7.203503820485996,0.9992565786033438,0.0
focus_jamendo_2027198__180s,focus_jamendo_2027198,focus,discovery,180.0,-0.1269647058823527,0.8028519822506825,2.6361985009492708,3.519833066356118,0.971246842582234,0.0
focus_jamendo_2027198__300s,focus_jamendo_2027198,focus,discovery,300.0,-0.31741176470588206,0.7903490810372983,2.582623363280639,4.614883281234542,0.9901937751265919,0.0
focus_jamendo_2027199__180s,focus_jamendo_2027199,focus,discovery,180.0,-0.4232156862745095,0.768356798390166,2.1164801076873587,5.384049196485803,0.9954317628838388,0.0
focus_jamendo_2027199__300s,focus_jamendo_2027199,focus,discovery,300.0,-0.14812549019607812,0.7195249544716351,2.33038747861471,3.4501217421262327,0.9692347710457847,0.0
focus_jamendo_2029578__180s,focus_jamendo_2029578,focus,holdout,180.0,0.06348235294117663,0.6396697870326975,0.9480987185133853,2.5790459957795244,0.9295007796975682,0.003731489939766758
focus_jamendo_2029578__300s,focus_jamendo_2029578,focus,holdout,300.0,0.06348235294117663,0.6396697870326975,0.9480987185133853,2.5790459957795244,0.9295007796975682,0.003731489939766758
focus_jamendo_2032139__180s,focus_jamendo_2032139,focus,discovery,180.0,-0.6136627450980391,0.041254804248123306,0.10826059399805454,4.470589515085662,0.9886888366759764,2.368982635709568e-05
focus_jamendo_2032139__300s,focus_jamendo_2032139,focus,discovery,300.0,-0.8464313725490195,0.21494099502155736,0.07669147422497787,6.5882979363775105,0.998625511161353,0.0005333171031232411
focus_jamendo_2032187__180s,focus_jamendo_2032187,focus,discovery,180.0,-1.1426823529411765,0.39166095063217776,1.2083538954018866,8.494455295602142,0.999795442178014,0.0
focus_jamendo_2032187__300s,focus_jamendo_2032187,focus,discovery,300.0,-1.0792000000000002,0.5288571058889754,1.1002323326210766,8.755061844887216,0.9998423636080337,0.0
focus_jamendo_2032670__180s,focus_jamendo_2032670,focus,discovery,180.0,-0.5078588235294116,0.6698211133402737,0.7688430728004476,6.158992482933305,0.9978900787052325,0.0
focus_jamendo_2032670__300s,focus_jamendo_2032670,focus,discovery,300.0,-0.5078588235294116,0.6698211133402737,0.7688430728004476,6.158992482933305,0.9978900787052325,0.0
focus_jamendo_2034075__180s,focus_jamendo_2034075,focus,discovery,180.0,-0.6983058823529411,0.4005919738787314,0.7855777843327395,6.135482565335935,0.9978399953535565,0.0
focus_jamendo_2034075__300s,focus_jamendo_2034075,focus,discovery,300.0,-0.6983058823529411,0.5036842017415722,1.0805774656405691,6.4185557409994365,0.9983716457266979,0.0
focus_jamendo_2034860__180s,focus_jamendo_2034860,focus,discovery,180.0,-1.3966117647058824,0.9875045857318645,4.995020544931975,10.554477848838289,0.9999739242273309,1.1609594807056896
focus_jamendo_2034860__300s,focus_jamendo_2034860,focus,discovery,300.0,-1.5870588235294119,1.0925743827815189,5.2176729079463575,12.003301487983629,0.999993876076744,1.482562432620275
focus_jamendo_2035379__180s,focus_jamendo_2035379,focus,discovery,180.0,-0.6983058823529411,0.4005919738787314,0.7855777843327395,6.135482565335935,0.9978399953535565,0.0
focus_jamendo_2035379__300s,focus_jamendo_2035379,focus,discovery,300.0,-0.6983058823529411,0.5036842017415722,1.0805774656405691,6.4185557409994365,0.9983716457266979,0.0
focus_jamendo_2035939__180s,focus_jamendo_2035939,focus,discovery,180.0,-0.825270588235294,0.8134621790814881,1.4737525675714391,8.269447597592512,0.9997438388428839,0.0
focus_jamendo_2035939__300s,focus_jamendo_2035939,focus,discovery,300.0,-1.1850039215686274,0.6844796871766551,1.354104314613454,9.903104982828504,0.9999499833696436,0.0
focus_jamendo_2037708__180s,focus_jamendo_2037708,focus,validation,180.0,-0.38089411764705866,0.20091882948631548,0.39534180006464675,3.6270781004749173,0.9740951328795594,0.0
focus_jamendo_2037708__300s,focus_jamendo_2037708,focus,validation,300.0,-0.38089411764705866,0.20091882948631548,0.39534180006464675,3.6270781004749173,0.9740951328795594,0.0
focus_jamendo_2039455__180s,focus_jamendo_2039455,focus,discovery,180.0,-0.4443764705882353,0.397757982937031,0.4582154957489438,4.798109696929665,0.991822110822884,0.0
focus_jamendo_2039455__300s,focus_jamendo_2039455,focus,discovery,300.0,-0.3385725490196078,0.4380304857927744,0.7053433377064775,4.218564548764588,0.9854937693735512,0.0
focus_jamendo_2039456__180s,focus_jamendo_2039456,focus,discovery,180.0,-0.4232156862745095,0.34107816410302233,0.2983296671277066,4.516822235931835,0.9891943559587448,0.0
focus_jamendo_2039456__300s,focus_jamendo_2039456,focus,discovery,300.0,-0.38089411764705866,0.3607646660644528,0.27509038413925924,4.362826964605628,0.9874180090742712,0.0
focus_jamendo_2039515__180s,focus_jamendo_2039515,focus,discovery,180.0,-0.6348235294117645,0.23287123723809647,0.09697107941905973,5.408770039847684,0.9955428119363566,0.0001296233221759273
focus_jamendo_2039515__300s,focus_jamendo_2039515,focus,discovery,300.0,-0.571341176470588,0.28234013955716397,0.10464279759238898,5.239990799875661,0.9947276395226421,4.8385314138023115e-05
focus_jamendo_2039520__180s,focus_jamendo_2039520,focus,discovery,180.0,-1.290807843137255,0.8754410803935911,1.270497381674897,11.373567954979329,0.9999885047821736,0.00021493382053056943
focus_jamendo_2039520__300s,focus_jamendo_2039520,focus,discovery,300.0,-0.8464313725490195,0.7219134685763459,1.3413380013832403,8.07596749616919,0.9996891743363954,0.0
focus_jamendo_2041944__180s,focus_jamendo_2041944,focus,discovery,180.0,-0.6136627450980391,0.7532950283503594,0.41835570223926927,7.313400935736322,0.9993338976762792,0.0
focus_jamendo_2041944__300s,focus_jamendo_2041944,focus,discovery,300.0,-0.38089411764705866,0.8309311235231994,0.4502667927985853,6.255161965553982,0.9980831664337656,0.0
focus_jamendo_2041947__180s,focus_jamendo_2041947,focus,discovery,180.0,-0.6136627450980391,0.9332553758016223,0.8328944871355334,7.859143654860945,0.9996139446421863,0.0
focus_jamendo_2041947__300s,focus_jamendo_2041947,focus,discovery,300.0,-0.6771450980392155,0.6807688591698563,0.6334097096426208,7.270511410043425,0.9993047276538563,0.0
focus_jamendo_2042978__180s,focus_jamendo_2042978,focus,discovery,180.0,-1.3966117647058824,1.7891703448971938,10.73655494631091,10.984102443503138,0.9999830309491731,19.39715120529509
focus_jamendo_2042978__300s,focus_jamendo_2042978,focus,discovery,300.0,-1.5870588235294119,1.7871593314601686,10.721974831715762,12.103350884782115,0.9999944591155707,19.351256244704988
focus_jamendo_2043688__180s,focus_jamendo_2043688,focus,discovery,180.0,-0.7194666666666665,0.9719895901405963,1.6543227652195454,8.222700494229962,0.9997315830350697,0.0
focus_jamendo_2043688__300s,focus_jamendo_2043688,focus,discovery,300.0,-0.7617882352941175,1.0462485417423306,1.4351591974602689,8.897360544925254,0.9998632693034036,0.0
focus_jamendo_2055767__180s,focus_jamendo_2055767,focus,discovery,180.0,-0.9310745098039215,0.4876083775659428,1.00272764987698,7.759956761116978,0.9995737067828181,0.0
focus_jamendo_2055767__300s,focus_jamendo_2055767,focus,discovery,300.0,-0.8887529411764704,0.4610284783796458,1.119946519378918,7.338711643448353,0.9993505348108238,0.0
focus_jamendo_2057382__180s,focus_jamendo_2057382,focus,discovery,180.0,-0.9945568627450979,0.556461475672256,1.4360480675361817,8.201000499046362,0.999725696346384,0.0
focus_jamendo_2057382__300s,focus_jamendo_2057382,focus,discovery,300.0,-0.8041098039215686,0.6125446648343277,1.3575026416898788,7.357590257824744,0.999362673062224,0.0
focus_jamendo_2057691__180s,focus_jamendo_2057691,focus,discovery,180.0,-0.8887529411764704,0.9058758882489693,2.367724072725452,8.573113046697873,0.9998109127769609,0.0
focus_jamendo_2057691__300s,focus_jamendo_2057691,focus,discovery,300.0,-0.6559843137254903,0.9114188411202363,2.0541930814794513,7.388422749184122,0.9993820116356411,0.0
focus_jamendo_2060537__180s,focus_jamendo_2060537,focus,holdout,180.0,-0.529019607843137,0.4527408012071473,1.024274596411294,5.2369321120510754,0.9947115737440994,0.0
focus_jamendo_2060537__300s,focus_jamendo_2060537,focus,holdout,300.0,-0.65598431372549,0.22478681166772815,0.7363182855387035,5.170610760556946,0.994350994584354,0.0
focus_jamendo_2123290__180s,focus_jamendo_2123290,focus,validation,180.0,-0.909913725490196,0.4577719087612758,0.5674663186015313,7.733356583160747,0.9995622201759696,0.0
focus_jamendo_2123290__300s,focus_jamendo_2123290,focus,validation,300.0,-0.909913725490196,0.4577719087612758,0.5674663186015313,7.733356583160747,0.9995622201759696,0.0
focus_jamendo_2125861__180s,focus_jamendo_2125861,focus,discovery,180.0,-0.08464313725490168,0.7153788545162881,0.3935570406863688,4.054514928270387,0.9829517911051697,0.0
focus_jamendo_2125861__300s,focus_jamendo_2125861,focus,discovery,300.0,0.0,0.6043268283834093,0.22524035325192193,3.1748997007183757,0.9598787055366911,0.000597038390362677
focus_jamendo_2127098__180s,focus_jamendo_2127098,focus,discovery,180.0,-0.04232156862745084,0.74720914944907,0.4236972271283964,3.9242909914727155,0.9806266043231728,0.0
focus_jamendo_2127098__300s,focus_jamendo_2127098,focus,discovery,300.0,-0.35973333333333307,0.6296299690761582,0.31991925544060373,5.348931481390499,0.9952692590877351,0.0
focus_jamendo_2127108__180s,focus_jamendo_2127108,focus,discovery,180.0,-0.9522352941176468,0.652817167690071,0.7199389643950241,8.726311516846733,0.9998377664774599,0.0
focus_jamendo_2127108__300s,focus_jamendo_2127108,focus,discovery,300.0,-0.9522352941176468,0.7070742904904193,0.6121542312275384,9.010462477556578,0.9998778895500657,0.0
focus_jamendo_2127649__180s,focus_jamendo_2127649,focus,discovery,180.0,-0.7194666666666665,1.3350779551743506,1.5336892405774554,9.81557316473584,0.9999454082484958,0.007600087713849677
focus_jamendo_2127649__300s,focus_jamendo_2127649,focus,discovery,300.0,-0.909913725490196,1.266585086378661,1.5755307205775275,10.625521907625536,0.9999757124381208,0.0022690080264133054
focus_jamendo_2129421__180s,focus_jamendo_2129421,focus,discovery,180.0,-1.121521568627451,1.0248204845828444,2.005280051514289,10.630043439304453,0.9999758220045554,0.0
focus_jamendo_2129421__300s,focus_jamendo_2129421,focus,discovery,300.0,-1.121521568627451,1.1145065780658265,2.4541723081763047,10.77751126605749,0.9999791369755169,0.0
focus_jamendo_2149372__180s,focus_jamendo_2149372,focus,validation,180.0,-0.16928627450980374,0.49070327907585054,1.889275656144563,2.836491721900085,0.9446162076741219,0.0
focus_jamendo_2149372__300s,focus_jamendo_2149372,focus,validation,300.0,-0.16928627450980374,0.49070327907585054,1.889275656144563,2.836491721900085,0.9446162076741219,0.0
focus_jamendo_2152724__180s,focus_jamendo_2152724,focus,validation,180.0,0.1904470588235299,1.116561139968325,1.0172300520340882,3.807405402573078,0.9782766631382517,0.018060411308471157
focus_jamendo_2152724__300s,focus_jamendo_2152724,focus,validation,300.0,0.46553725490196074,0.9872516174077498,0.7395051343838318,1.7867983522691555,0.8565342964171759,0.085973528212226
focus_jamendo_2160158__180s,focus_jamendo_2160158,focus,discovery,180.0,-0.5501803921568627,0.7895880348764837,1.7898595119537353,6.388231137179956,0.9983215943481637,0.0
focus_jamendo_2160158__300s,focus_jamendo_2160158,focus,discovery,300.0,-0.35973333333333307,0.718324171424458,0.991669125080812,5.377696576055438,0.995402784071639,0.0
focus_jamendo_2160682__180s,focus_jamendo_2160682,focus,validation,180.0,-0.10580392156862747,0.8519729694835404,0.7930319113432239,4.549624974043135,0.9895394125256569,0.0
focus_jamendo_2160682__300s,focus_jamendo_2160682,focus,validation,300.0,-0.14812549019607812,0.934491223895602,0.751592684606936,5.167780714994318,0.9943350756914933,0.0
focus_jamendo_2165080__180s,focus_jamendo_2165080,focus,validation,180.0,-0.8887529411764704,0.982198234093003,2.025363985054254,9.07083924968477,0.999885043206982,0.0
focus_jamendo_2165080__300s,focus_jamendo_2165080,focus,validation,300.0,-1.121521568627451,1.1322685970938788,2.825448020310073,10.661612133179508,0.99997657333279,0.0
focus_jamendo_2169943__180s,focus_jamendo_2169943,focus,holdout,180.0,0.5078588235294124,-0.52923131218692,-0.12486903628767894,-4.411880691884351,0.011986910399124223,0.22873738527332502
focus_jamendo_2169943__300s,focus_jamendo_2169943,focus,holdout,300.0,0.5078588235294124,-0.20947007617685728,-0.06498460140153917,-3.094450749593772,0.04333673732292168,0.1328130506666199
focus_jamendo_2178516__180s,focus_jamendo_2178516,focus,discovery,180.0,0.08464313725490243,0.971472011240951,1.103309394030477,3.773787914210006,0.977550638333304,0.005373345513264156
focus_jamendo_2178516__300s,focus_jamendo_2178516,focus,discovery,300.0,-0.1058039215686271,1.0553804592882423,1.203221084463819,5.196462566089554,0.99449436635339,0.0
focus_jamendo_2178517__180s,focus_jamendo_2178517,focus,discovery,180.0,0.08464313725490243,-0.17591048647384622,-0.24983719439223093,-0.3685519134973465,0.40889097660600426,0.06583751378302927
focus_jamendo_2178517__300s,focus_jamendo_2178517,focus,discovery,300.0,0.12696470588235326,-0.05389738242340782,-0.26718116692331995,-0.09413900169344025,0.47648261489797933,0.061673628766676813
focus_jamendo_2178866__180s,focus_jamendo_2178866,focus,discovery,180.0,-0.571341176470588,0.977935527654246,1.11203672781793,7.655142736556068,0.9995266219490615,0.0
focus_jamendo_2178866__300s,focus_jamendo_2178866,focus,discovery,300.0,-0.571341176470588,0.9758921350439211,1.0395478101153144,7.68377736093714,0.9995399785725748,0.0
focus_jamendo_2180121__180s,focus_jamendo_2180121,focus,discovery,180.0,-1.1426823529411765,1.5300907967769595,2.8847878701946366,12.432919386568106,0.9999960148012473,0.03990773268431186
focus_jamendo_2180121__300s,focus_jamendo_2180121,focus,discovery,300.0,-1.1426823529411765,1.5576297723217154,3.002498546088483,12.48854301686262,0.9999962304193136,0.04651304573525513
focus_jamendo_2180126__180s,focus_jamendo_2180126,focus,discovery,180.0,-1.121521568627451,-0.11236038656904876,0.7838964325339468,6.463007017964014,0.9984423327036517,0.00783969122910381
focus_jamendo_2180126__300s,focus_jamendo_2180126,focus,discovery,300.0,-0.8675921568627452,-0.12041488714019713,0.6418358261190348,5.00840137789357,0.993362771061816,0.008684804580712425
focus_jamendo_2196880__180s,focus_jamendo_2196880,focus,discovery,180.0,-0.4443764705882353,1.2479552654471637,1.4542609632611005,7.870938216884381,0.9996184695218632,0.001359999686321959
focus_jamendo_2196880__300s,focus_jamendo_2196880,focus,discovery,300.0,-0.4443764705882353,1.2479552654471637,1.4542609632611005,7.870938216884381,0.9996184695218632,0.001359999686321959
focus_jamendo_2200501__180s,focus_jamendo_2200501,focus,discovery,180.0,-0.8041098039215686,1.107487888336794,1.4917216885637594,9.375437953583353,0.9999152260902956,0.0
focus_jamendo_2200501__300s,focus_jamendo_2200501,focus,discovery,300.0,-0.825270588235294,1.0408826757805854,1.374335225213904,9.279404083838058,0.9999066819872651,0.0
focus_jamendo_2201166__180s,focus_jamendo_2201166,focus,discovery,180.0,-0.4655372549019605,0.8778693895309886,0.6961040091239346,6.824619862725254,0.9989144906570767,0.0
focus_jamendo_2201166__300s,focus_jamendo_2201166,focus,discovery,300.0,-0.35973333333333307,0.8016016921293442,0.6708327177708063,5.893687294325943,0.9972507861864768,0.0
focus_jamendo_2201227__180s,focus_jamendo_2201227,focus,discovery,180.0,-0.25392941176470557,0.8819719039916301,0.7639389430993725,5.562352963877937,0.9961749561278976,0.0
focus_jamendo_2201227__300s,focus_jamendo_2201227,focus,discovery,300.0,-0.25392941176470557,0.8819719039916301,0.7639389430993725,5.562352963877937,0.9961749561278976,0.0
focus_jamendo_2203332__180s,focus_jamendo_2203332,focus,discovery,180.0,-0.6983058823529411,1.044362872712296,0.7464276862992762,8.869919267957693,0.9998594658182096,0.0
focus_jamendo_2203332__300s,focus_jamendo_2203332,focus,discovery,300.0,-0.38089411764705866,1.1090497939384663,0.6350996420472879,7.332807492619615,0.9993466914407734,0.0
focus_jamendo_2205840__180s,focus_jamendo_2205840,focus,discovery,180.0,-0.7194666666666665,0.9591992371800028,1.8664467899672166,8.059767848515698,0.9996840996678621,0.0
focus_jamendo_2205840__300s,focus_jamendo_2205840,focus,discovery,300.0,-0.6136627450980391,0.663734097776777,1.3835568284289856,6.439795590905657,0.9984058124579012,0.0
focus_jamendo_2206772__180s,focus_jamendo_2206772,focus,discovery,180.0,-0.571341176470588,1.4382521301245221,2.2970822914082665,8.987002903090945,0.9998749913870603,0.0215344236246106
focus_jamendo_2206772__300s,focus_jamendo_2206772,focus,discovery,300.0,-0.571341176470588,1.4382521301245221,2.2970822914082665,8.987002903090945,0.9998749913870603,0.0215344236246106
focus_jamendo_2207645__180s,focus_jamendo_2207645,focus,holdout,180.0,-0.4232156862745095,0.7083746138739014,0.9503058665792194,5.730413640037127,0.9967647663190096,0.0
focus_jamendo_2207645__300s,focus_jamendo_2207645,focus,holdout,300.0,3.758910394275982e-16,0.6866422208652054,0.828210707262631,3.21211392202844,0.9612876092435175,0.0005970383903626876
focus_jamendo_2208659__180s,focus_jamendo_2208659,focus,validation,180.0,0.08464313725490243,0.9349763908231213,0.7092161590385692,3.822426256597425,0.9785935949819928,0.005373345513264156
focus_jamendo_2208659__300s,focus_jamendo_2208659,focus,validation,300.0,-0.08464313725490168,1.0642029495498124,0.7855216153290965,5.323834815124412,0.995149614062034,0.0
focus_jamendo_2209988__180s,focus_jamendo_2209988,focus,discovery,180.0,-0.9522352941176468,0.8097766659996338,2.1112475399053787,8.673140014244062,0.9998289083398055,0.0
focus_jamendo_2209988__300s,focus_jamendo_2209988,focus,discovery,300.0,-1.1426823529411767,0.841841612053974,2.019935256211032,9.975492884229823,0.9999534758678696,0.0
focus_jamendo_2215208__180s,focus_jamendo_2215208,focus,discovery,180.0,-1.5870588235294119,1.6569109203254555,9.06535960093983,12.405477898438809,0.9999959039275996,11.838426341362167
focus_jamendo_2215208__300s,focus_jamendo_2215208,focus,discovery,300.0,-1.5870588235294119,1.7709749594222894,10.095242772566316,12.357174088984307,0.9999957012160938,16.30509495578487
focus_jamendo_2215209__180s,focus_jamendo_2215209,focus,discovery,180.0,-1.5658980392156863,0.6386472129815686,2.926669926122778,11.142232699468883,0.9999855128308537,0.030096705258182792
focus_jamendo_2215209__300s,focus_jamendo_2215209,focus,discovery,300.0,-1.5870588235294119,0.6647497611288098,2.903382178355365,11.38872588202711,0.9999886777099496,0.03448493742734852
focus_jamendo_2234790__180s,focus_jamendo_2234790,focus,discovery,180.0,-0.23276862745098018,-0.30855975945600234,0.02918390246601831,0.7958385124529868,0.6890835955619155,0.04328291054303087
focus_jamendo_2234790__300s,focus_jamendo_2234790,focus,discovery,300.0,-0.14812549019607812,-0.09274044928035306,0.18285943482488942,1.1289411345875764,0.7556434363013376,0.005962072027980946
focus_jamendo_2234792__180s,focus_jamendo_2234792,focus,discovery,180.0,-0.529019607843137,0.017522150316263013,0.5973500654896621,3.6213135671403487,0.9739492735491116,0.00018371940707934394
focus_jamendo_2234792__300s,focus_jamendo_2234792,focus,discovery,300.0,-0.38089411764705866,-0.025560140448904225,0.5622846980608671,2.5863917553553493,0.9299806244936492,0.0014767023761963996
focus_jamendo_2235775__180s,focus_jamendo_2235775,focus,discovery,180.0,-0.8464313725490195,0.6061467636714296,1.2153178566514728,7.652621053059452,0.9995254273003148,0.0
focus_jamendo_2235775__300s,focus_jamendo_2235775,focus,discovery,300.0,-0.8464313725490195,0.6238742814769599,1.052190664996506,7.811191990801933,0.9995949893048935,0.0
focus_jamendo_2255191__180s,focus_jamendo_2255191,focus,discovery,180.0,-0.6136627450980391,0.8872886155572153,0.8528381897145133,7.655086371274203,0.999526595278854,0.0
focus_jamendo_2255191__300s,focus_jamendo_2255191,focus,discovery,300.0,-0.7194666666666665,0.9789054925009193,0.7576349576730956,8.712644057196664,0.9998355343026777,0.0
focus_jamendo_2257645__180s,focus_jamendo_2257645,focus,discovery,180.0,-1.1003607843137253,1.1587882333790278,0.9298877131317989,11.623034159741009,0.9999910427125527,0.0
focus_jamendo_2257645__300s,focus_jamendo_2257645,focus,discovery,300.0,-0.5925019607843136,1.0835983614760534,0.9079539826575792,8.329990151146802,0.999758883730918,0.0
focus_jamendo_2259996__180s,focus_jamendo_2259996,focus,discovery,180.0,-0.825270588235294,0.38616438363007494,0.7324602235002978,6.84877091472448,0.998940365361752,0.0
focus_jamendo_2259996__300s,focus_jamendo_2259996,focus,discovery,300.0,-0.8675921568627452,0.43385866754823066,1.1275247968931006,7.095791264194461,0.9991721010946304,0.0
focus_jamendo_2260000__180s,focus_jamendo_2260000,focus,discovery,180.0,-1.0157176470588236,1.1422996808245451,1.7479044252519673,10.63527435184993,0.9999759481442925,0.0
focus_jamendo_2260000__300s,focus_jamendo_2260000,focus,discovery,300.0,-0.8887529411764704,1.0266539139702615,1.3290094614567252,9.616115050371613,0.9999333584095559,0.0
focus_jamendo_2266423__180s,focus_jamendo_2266423,focus,discovery,180.0,-1.1850039215686274,0.737836895941084,1.5026998746507527,10.051714592714601,0.9999568900920116,0.0
focus_jamendo_2266423__300s,focus_jamendo_2266423,focus,discovery,300.0,-0.7617882352941178,0.7777790501529697,1.7453606652670373,7.606013599062131,0.9995027963843468,0.0
focus_jamendo_2269943__180s,focus_jamendo_2269943,focus,discovery,180.0,-0.9945568627450979,0.6188092763896655,1.750280097314947,8.302400756912155,0.9997521405353204,0.0
focus_jamendo_2269943__300s,focus_jamendo_2269943,focus,discovery,300.0,-0.8041098039215686,0.7134030737457782,1.8880999729373975,7.510177617222126,0.9994528157370208,0.0
focus_jamendo_2274006__180s,focus_jamendo_2274006,focus,holdout,180.0,-0.4443764705882353,-0.07503465221494529,-0.17268658669443096,3.128887381932473,0.958068718455078,0.03240103244359473
focus_jamendo_2274006__300s,focus_jamendo_2274006,focus,holdout,300.0,-0.4443764705882353,-0.07503465221494529,-0.17268658669443096,3.128887381932473,0.958068718455078,0.03240103244359473
focus_jamendo_2276079__180s,focus_jamendo_2276079,focus,discovery,180.0,-0.9733960784313724,0.8511965336091017,0.5761833416183407,9.761077296154065,0.9999423508437433,0.0
focus_jamendo_2276079__300s,focus_jamendo_2276079,focus,discovery,300.0,-0.9733960784313724,0.8929740180530457,0.5648170075131095,9.94306373597358,0.9999519424734403,0.0
focus_jamendo_2276080__180s,focus_jamendo_2276080,focus,discovery,180.0,-0.2750901960784312,1.1201153820916259,1.3560939738485356,6.386610334741962,0.9983188763553899,0.0
focus_jamendo_2276080__300s,focus_jamendo_2276080,focus,discovery,300.0,-0.23276862745098018,0.9001472862384733,0.6847025317073381,5.555232400524626,0.9961477277573403,0.0
focus_jamendo_2279515__180s,focus_jamendo_2279515,focus,discovery,180.0,-0.7617882352941175,1.1177122774881647,2.0164693956336848,8.899951722670991,0.9998636230900643,0.0
focus_jamendo_2279515__300s,focus_jamendo_2279515,focus,discovery,300.0,-0.571341176470588,1.1461110527137601,2.103900867715693,7.854525090798636,0.9996121581900688,0.0
focus_jamendo_2280562__180s,focus_jamendo_2280562,focus,discovery,180.0,-0.571341176470588,1.2334838223406082,1.6537743209660372,8.45422131386556,0.9997870459813756,0.0008135662069580787
focus_jamendo_2280562__300s,focus_jamendo_2280562,focus,discovery,300.0,-0.48669803921568616,1.0840990619088473,1.1636256843738584,7.578365475595846,0.999488864962443,0.0
