track_id,group,source_dataset,source_track_id,title,creator,artist_key,album_key,album_name,duration_seconds,source_url,download_url,license_type,license_url,matched_mood_tags,matched_genre_tags,matched_instrument_tags,query_tags,instrumental_evidence,speed_evidence,requested_audioformat,selection_score,selection_rank,selection_status,split,relative_path,sha256,audio_payload_sha256,average_bitrate_kbps,sample_rate,channels,download_status,downloaded_at,duplicate_of,error
focus_jamendo_2269943,focus,jamendo-api-open-focus,2269943,Mystic Horizon,BlackTrendMusic,jamendo_artist_595802,jamendo_album_610743,,412.865,https://www.jamendo.com/track/2269943,https://api.jamendo.com/v3.0/tracks/file/?client_id={client_id}&id=2269943&audioformat=mp32&action=download,Creative Commons Attribution-Non-Commercial-No Derivatives license,http://creativecommons.org/licenses/by-nc-nd/3.0/,meditation relaxing,ambient drone newage,synthesizer,meditation,Jamendo API vocalinstrumental=instrumental,Jamendo API speed=verylow,mp32,2108,99,selected,discovery,focus_music/focus_jamendo_2269943.mp3,895d95f69da42ac9e30a23611d0819c9333b6ffe6e0fb915187c00902a909f6e,a53de0dd8734ca87a3ba9d767c4f6c1d3ae63be08fbeca62810ebb9c1cb619a4,192.000,44100,2,verified,2026-08-01,,
focus_jamendo_2259996,focus,jamendo-api-open-focus,2259996,Calm Breath,TuneBox,jamendo_artist_549225,jamendo_album_606187,,247.693,https://www.jamendo.com/track/2259996,https://api.jamendo.com/v3.0/tracks/file/?client_id={client_id}&id=2259996&audioformat=mp32&action=download,Creative Commons Attribution-Non-Commercial-No Derivatives license,http://creativecommons.org/licenses/by-nc-nd/3.0/,meditation relaxing,ambient newage,piano synthesizer,meditation,Jamendo API vocalinstrumental=instrumental,Jamendo API speed=verylow,mp32,2108,104,selected,discovery,focus_music/focus_jamendo_2259996.mp3,e47bd2c8b221cd00ac7fc135e000d6facb906ea152d1d1f4e83f704dd70a22f1,657f65f39aebd8a09fe2854c584e22a6f9610d5c49a080911c6f0d45b3266ebf,192.000,44100,2,verified,2026-08-01,,
focus_jamendo_1986013,focus,jamendo-api-open-focus,1986013,Touching Fantasy,StimiBeats,jamendo_artist_551562,jamendo_album_502544,,263.000,https://www.jamendo.com/track/1986013,https://api.jamendo.com/v3.0/tracks/file/?client_id={client_id}&id=1986013&audioformat=mp32&action=download,Creative Commons Attribution-Non-Commercial-No Derivatives license,http://creativecommons.org/licenses/by-nc-nd/3.0/,meditation relaxing,ambient newage,synthesizer,meditation,Jamendo API vocalinstrumental=instrumental,Jamendo API speed=verylow,mp32,2108,96,selected,discovery,focus_music/focus_jamendo_1986013.mp3,27307c75b33b335cf913a46f2e0506774e4a9cef8c0c07c8a69c3964738390b7,a799bf94156c816b659e561b78ba647d2c0f27feb8b63a7c024e9c11067c223a,192.000,44100,2,verified,2026-08-01,,
focus_jamendo_2043688,focus,jamendo-api-open-focus,2043688,Arcane Harmonies - Ambient Music,StimiBeats,jamendo_artist_551562,jamendo_album_526884,,268.852,https://www.jamendo.com/track/2043688,https://api.jamendo.com/v3.0/tracks/file/?client_id={client_id}&id=2043688&audioformat=mp32&action=download,Creative Commons Attribution-Non-Commercial-No Derivatives license,http://creativecommons.org/licenses/by-nc-nd/3.0/,meditation relaxing,ambient newage,synthesizer,meditation,Jamendo API vocalinstrumental=instrumental,Jamendo API speed=verylow,mp32,2108,97,selected,discovery,focus_music/focus_jamendo_2043688.mp3,52b6777aa6231af05b38cdbe5b49a9bb7ab4969a37bd7c6f2bcb6bb1e787ef00,41dcaae79fd1842273eef38fc6637e18e866b161d060eace89709ecbe7b27d17,192.000,44100,2,verified,2026-08-01,,
focus_jamendo_2034075,focus,jamendo-api-open-focus,2034075,Belief In Yourself Meditation,Ashot_Danielyan_Composer,jamendo_artist_522042,jamendo_album_524183,,185.000,https://www.jamendo.com/track/2034075,https://api.jamendo.com/v3.0/tracks/file/?client_id={client_id}&id=2034075&audioformat=mp32&action=download,Creative Commons Attribution-Non-Commercial-No Derivatives license,http://creativecommons.org/licenses/by-nc-nd/3.0/,meditation relaxing,ambient newage,synthesizer,meditation,Jamendo API vocalinstrumental=instrumental,Jamendo API speed=verylow,mp32,12108,4,selected,discovery,focus_music/focus_jamendo_2034075.mp3,af49d41dfdb3803ba0a76fb49a4d0a4f8bffcf77b5e4fe342a1ecda2abb903d1,6d8282972663666d808adbc942b0faf88838441f42aa5aef07d5984950eae461,192.000,44100,2,verified,2026-08-01,,
focus_jamendo_2041947,focus,jamendo-api-open-focus,2041947,Bright Star - Meditation Music,StimiBeats,jamendo_artist_551562,jamendo_album_525829,,267.000,https://www.jamendo.com/track/2041947,https://api.jamendo.com/v3.0/tracks/file/?client_id={client_id}&id=2041947&audioformat=mp32&action=download,Creative Commons Attribution-Non-Commercial-No Derivatives license,http://creativecommons.org/licenses/by-nc-nd/3.0/,meditation relaxing,ambient newage,synthesizer,meditation,Jamendo API vocalinstrumental=instrumental,Jamendo API speed=verylow,mp32,12108,6,selected,discovery,focus_music/focus_jamendo_2041947.mp3,934f83336c742bcad1a2df22227baf88007f8c77f7a0d66afe4b1952d21d28a6,47947e7f9049a26a22db520a4bb1c859d4b09c991d0066790ddf44b865809fa2,192.000,44100,2,verified,2026-08-01,,
focus_jamendo_2127649,focus,jamendo-api-open-focus,2127649,Theta Warmth,Siarhei Korbut,jamendo_artist_568113,jamendo_album_546550,,600.059,https://www.jamendo.com/track/2127649,https://api.jamendo.com/v3.0/tracks/file/?client_id={client_id}&id=2127649&audioformat=mp32&action=download,Creative Commons Attribution-Non-Commercial-No Derivatives license,http://creativecommons.org/licenses/by-nc-nd/3.0/,meditation relaxing,ambient newage,synthesizer,meditation,Jamendo API vocalinstrumental=instrumental,Jamendo API speed=verylow,mp32,2108,101,selected,discovery,focus_music/focus_jamendo_2127649.mp3,3f8fd6ca55d501c8311c53df6a9a90415b25b1ea942afd57ad4165c025dc5c31,2cdd80c782a9edb6d6fce1ab7acf052e9c0edaffc7578bfbef6e3eaa1345a8ea,192.000,44100,2,verified,2026-08-01,,
focus_jamendo_2127098,focus,jamendo-api-open-focus,2127098,Little Eden,Siarhei Korbut,jamendo_artist_568113,jamendo_album_546354,,600.059,https://www.jamendo.com/track/2127098,https://api.jamendo.com/v3.0/tracks/file/?client_id={client_id}&id=2127098&audioformat=mp32&action=download,Creative Commons Attribution-Non-Commercial-No Derivatives license,http://creativecommons.org/licenses/by-nc-nd/3.0/,meditation relaxing,ambient newage,synthesizer,meditation,Jamendo API vocalinstrumental=instrumental,Jamendo API speed=verylow,mp32,2108,102,selected,discovery,focus_music/focus_jamendo_2127098.mp3,91ff4e251a0eac6e4aef054c2baa198811daffd261a0adf969b5be5f46665995,fc5adf5d2074b3df9ad6fd25d920908c9cdb9d1a1214b3b5297e85f1c2eb2259,192.000,44100,2,verified,2026-08-01,,
focus_jamendo_2125861,focus,jamendo-api-open-focus,2125861,Night Lights,Siarhei Korbut,jamendo_artist_568113,jamendo_album_545825,,600.059,https://www.jamendo.com/track/2125861,https://api.jamendo.com/v3.0/tracks/file/?client_id={client_id}&id=2125861&audioformat=mp32&action=download,Creative Commons Attribution-Non-Commercial-No Derivatives license,http://creativecommons.org/licenses/by-nc-nd/3.0/,meditation relaxing,ambient newage,synthesizer,meditation,Jamendo API vocalinstrumental=instrumental,Jamendo API speed=verylow,mp32,2108,103,selected,discovery,focus_music/focus_jamendo_2125861.mp3,96060524ec460edcad66a20789daca6f1596f4353b276f14df6b4c405c2257bd,597b4e542ea752f79472c49154c6284596ec091283de38ff62ef9f7e256ddb33,192.000,44100,2,verified,2026-08-01,,
focus_jamendo_2041944,focus,jamendo-api-open-focus,2041944,Endless Adventures - Meditation Music,StimiBeats,jamendo_artist_551562,jamendo_album_525829,,373.000,https://www.jamendo.com/track/2041944,https://api.jamendo.com/v3.0/tracks/file/?client_id={client_id}&id=2041944&audioformat=mp32&action=download,Creative Commons Attribution-Non-Commercial-No Derivatives license,http://creativecommons.org/licenses/by-nc-nd/3.0/,meditation relaxing,ambient newage,synthesizer,meditation,Jamendo API vocalinstrumental=instrumental,Jamendo API speed=verylow,mp32,12108,10,selected,discovery,focus_music/focus_jamendo_2041944.mp3,5db60dbd06441cf02214f29b82f1188335b4781d7f1cccb410c01e2792ff9fe0,deb110c69123ca03e96413333d859d50cc215f4edc81ad54b7f242286fa3f72d,192.000,44100,2,verified,2026-08-01,,
focus_jamendo_2127108,focus,jamendo-api-open-focus,2127108,Meditative Night,Siarhei Korbut,jamendo_artist_568113,jamendo_album_546354,,600.059,https://www.jamendo.com/track/2127108,https://api.jamendo.com/v3.0/tracks/file/?client_id={client_id}&id=2127108&audioformat=mp32&action=download,Creative Commons Attribution-Non-Commercial-No Derivatives license,http://creativecommons.org/licenses/by-nc-nd/3.0/,meditation relaxing,ambient newage,synthesizer,meditation,Jamendo API vocalinstrumental=instrumental,Jamendo API speed=verylow,mp32,12108,11,selected,discovery,focus_music/focus_jamendo_2127108.mp3,e34a5834d74551a69856050a24c62468a8264dc7cf8208fe7b7376706097e657,191a9192a6fce36984c101cbb809231f229cc850ef00885aa896f9b646d3c1d4,192.000,44100,2,verified,2026-08-01,,
focus_jamendo_1894575,focus,jamendo-api-open-focus,1894575,Cozy Relaxing Ambience,Raw Vibrations,jamendo_artist_528815,jamendo_album_459433,,508.000,https://www.jamendo.com/track/1894575,https://api.jamendo.com/v3.0/tracks/file/?client_id={client_id}&id=1894575&audioformat=mp32&action=download,Creative Commons Attribution-Non-Commercial-No Derivatives license,http://creativecommons.org/licenses/by-nc-nd/3.0/,meditation relaxing,ambient newage,synthesizer,meditation,Jamendo API vocalinstrumental=instrumental,Jamendo API speed=verylow,mp32,2108,106,selected,discovery,focus_music/focus_jamendo_1894575.mp3,106e273fcc4c406e4d7667f8ab3ce05d1cd795360c5b95a6f7c5b1769db46a6e,8bd7b2eb8a8980fd57c9c8599e237e8fca0941924b74d60df64249a59f0884d6,152.078,44100,2,verified,2026-08-01,,
focus_jamendo_1890501,focus,jamendo-api-open-focus,1890501,Relaxing Ambient Meditation,Alexis Music,jamendo_artist_487189,jamendo_album_457508,,331.000,https://www.jamendo.com/track/1890501,https://api.jamendo.com/v3.0/tracks/file/?client_id={client_id}&id=1890501&audioformat=mp32&action=download,Creative Commons Attribution-Non-Commercial-No Derivatives license,http://creativecommons.org/licenses/by-nc-nd/3.0/,meditation relaxing,ambient newage,synthesizer,meditation,Jamendo API vocalinstrumental=instrumental,Jamendo API speed=verylow,mp32,12108,14,selected,discovery,focus_music/focus_jamendo_1890501.mp3,04b521c0fec68759a88ed187bd37fac22db61761651522c7aa8f6af72b188161,a86dc339367bfb78b98bf3498773581b3e202ee05361a409a6f8b54eee51c278,167.356,44100,2,verified,2026-08-01,,
focus_jamendo_2276080,focus,jamendo-api-open-focus,2276080,Relax Meditation,AskharMusic,jamendo_artist_599717,jamendo_album_613726,,489.535,https://www.jamendo.com/track/2276080,https://api.jamendo.com/v3.0/tracks/file/?client_id={client_id}&id=2276080&audioformat=mp32&action=download,Creative Commons Attribution-Non-Commercial-No Derivatives license,http://creativecommons.org/licenses/by-nc-nd/3.0/,meditation relaxing,ambient newage,synthesizer,meditation,Jamendo API vocalinstrumental=instrumental,Jamendo API speed=verylow,mp32,12108,16,selected,discovery,focus_music/focus_jamendo_2276080.mp3,b2230e87b7576a9e74babc70e3f4193ffaf3cb894299192e177c6a7650fb2365,3f7d9c02b47fdd0541a57d4f0cdba22bbcb24fe9b7939c8cb1532fb43dbc2029,192.000,44100,2,verified,2026-08-01,,
focus_jamendo_1980501,focus,jamendo-api-open-focus,1980501,Forest,MintWhaleMusic,jamendo_artist_545923,jamendo_album_500003,,222.000,https://www.jamendo.com/track/1980501,https://api.jamendo.com/v3.0/tracks/file/?client_id={client_id}&id=1980501&audioformat=mp32&action=download,Creative Commons Attribution-Non-Commercial-No Derivatives license,http://creativecommons.org/licenses/by-nc-nd/3.0/,meditation relaxing,ambient newage,synthesizer,meditation,Jamendo API vocalinstrumental=instrumental,Jamendo API speed=verylow,mp32,2108,110,selected,discovery,focus_music/focus_jamendo_1980501.mp3,fbc1857c7bd7433381c49fdc7c84d883e6d3a523cf44bae0fe01b0e7fefa4bef,69c47ad386c4d6f2d6719372d8dc79cb0d4defaa8d4ab812a80ae94a84274d56,192.000,44100,2,verified,2026-08-01,,
focus_jamendo_2260000,focus,jamendo-api-open-focus,2260000,Open Sky,TuneBox,jamendo_artist_549225,jamendo_album_606187,,255.791,https://www.jamendo.com/track/2260000,https://api.jamendo.com/v3.0/tracks/file/?client_id={client_id}&id=2260000&audioformat=mp32&action=download,Creative Commons Attribution-Non-Commercial-No Derivatives license,http://creativecommons.org/licenses/by-nc-nd/3.0/,meditation relaxing,ambient newage,synthesizer,meditation,Jamendo API vocalinstrumental=instrumental,Jamendo API speed=verylow,mp32,2108,111,selected,discovery,focus_music/focus_jamendo_2260000.mp3,9ce87662eca4a93a758705b53dba3c14935711812ccf377b9a4088ab323d8f3b,b4a309d6ff61c3c405939c50724b12c12c1e16ba4e1f22eb4c2b904960bb665f,192.000,44100,2,verified,2026-08-01,,
focus_jamendo_2039455,focus,jamendo-api-open-focus,2039455,Theta Binaural Meditation Music,STOCK ELITE MUSIC,jamendo_artist_559588,jamendo_album_524779,,288.000,https://www.jamendo.com/track/2039455,https://api.jamendo.com/v3.0/tracks/file/?client_id={client_id}&id=2039455&audioformat=mp32&action=download,Creative Commons Attribution-Non-Commercial-No Derivatives license,http://creativecommons.org/licenses/by-nc-nd/3.0/,meditation relaxing,ambient drone,synthesizer,meditation,Jamendo API vocalinstrumental=instrumental,Jamendo API speed=verylow,mp32,12108,19,selected,discovery,focus_music/focus_jamendo_2039455.mp3,97dae4ac73c077ed48cf0e0592ab5a78723e77e9bf5700ed9ba35bd6f1ce6459,899622956bad9ae5f8194191a1e6563b19ef59a737fdbdd4e9aacc3b5d229b24,192.000,44100,2,verified,2026-08-01,,
focus_jamendo_2205840,focus,jamendo-api-open-focus,2205840,Serenity Meditation Stillness Awareness Harmony Flow,Crystal Wave,jamendo_artist_489261,jamendo_album_580746,,600.059,https://www.jamendo.com/track/2205840,https://api.jamendo.com/v3.0/tracks/file/?client_id={client_id}&id=2205840&audioformat=mp32&action=download,Creative Commons Attribution-Non-Commercial-No Derivatives license,http://creativecommons.org/licenses/by-nc-nd/3.0/,meditation relaxing,ambient newage,synthesizer,meditation,Jamendo API vocalinstrumental=instrumental,Jamendo API speed=verylow,mp32,12108,20,selected,discovery,focus_music/focus_jamendo_2205840.mp3,5e8d940ddfb0544327cd2207a743f510c306c6de125ab423979179163608603c,ccf9d66ee9223101715c1ad77ca053664f05cd248070d4f4c58d64fdfda4cb9e,192.000,44100,2,verified,2026-08-01,,
focus_jamendo_2276079,focus,jamendo-api-open-focus,2276079,Meditation Relax,AskharMusic,jamendo_artist_599717,jamendo_album_613725,,504.059,https://www.jamendo.com/track/2276079,https://api.jamendo.com/v3.0/tracks/file/?client_id={client_id}&id=2276079&audioformat=mp32&action=download,Creative Commons Attribution-Non-Commercial-No Derivatives license,http://creativecommons.org/licenses/by-nc-nd/3.0/,meditation relaxing,ambient newage,synthesizer,meditation,Jamendo API vocalinstrumental=instrumental,Jamendo API speed=verylow,mp32,12108,21,selected,discovery,focus_music/focus_jamendo_2276079.mp3,e2a3a74f4a6c0ba3ec6130555794fe33f65745084b6c6d3468a3c49a7f8fe6d2,ea894ea734c0e4740b08025265529053d7c057da1434ac8ca21d0f58e2af3c92,192.000,44100,2,verified,2026-08-01,,
focus_jamendo_1027423,focus,jamendo-api-open-focus,1027423,Tibetan Mountain Gods,Ambient Sounddesign,jamendo_artist_432967,jamendo_album_120815,Ethno World Meditation,398.367,https://www.jamendo.com/track/1027423,https://api.jamendo.com/v3.0/tracks/file/?client_id={client_id}&id=1027423&audioformat=mp32&action=download,Creative Commons Attribution-Non-Commercial-Share-Alike license,http://creativecommons.org/licenses/by-nc-sa/3.0/,meditation relaxing,chillout newage,synthesizer,meditation relaxing,Jamendo API vocalinstrumental=instrumental,Jamendo API speed=low,mp32,12081,25,selected,discovery,focus_music/focus_jamendo_1027423.mp3,c1dbfe110149a0c0e8c3d46b081a5938cafed8c90c67cf63208ada55a5577494,970ae9a11eb812ebfaac83661af18ac1005e495ffaeb27ded3683d32405ecaa4,188.114,44100,2,verified,2026-08-01,,
focus_jamendo_1900646,focus,jamendo-api-open-focus,1900646,Ambient Chill Drone,TheQLon,jamendo_artist_503399,jamendo_album_462327,,184.686,https://www.jamendo.com/track/1900646,https://api.jamendo.com/v3.0/tracks/file/?client_id={client_id}&id=1900646&audioformat=mp32&action=download,Creative Commons Attribution-Non-Commercial-No Derivatives license,http://creativecommons.org/licenses/by-nc-nd/3.0/,meditation relaxing,ambient drone,synthesizer,meditation,Jamendo API vocalinstrumental=instrumental,Jamendo API speed=low,mp32,2106,119,selected,discovery,focus_music/focus_jamendo_1900646.mp3,017c95c46d96fb086238d4d6ddc7770b7f13216804102dae304dafe76a1bea8e,3c7c4551144924895cd2fc16f4fec00a014490b021843f2b5c922ef3bfebbd5d,185.245,44100,2,verified,2026-08-01,,
focus_jamendo_1027941,focus,jamendo-api-open-focus,1027941,Pluto Atmosphere,Ambient Sounddesign,jamendo_artist_432967,jamendo_album_120869,Sleep Meditation,923.376,https://www.jamendo.com/track/1027941,https://api.jamendo.com/v3.0/tracks/file/?client_id={client_id}&id=1027941&audioformat=mp32&action=download,Creative Commons Attribution-Non-Commercial-Share-Alike license,http://creativecommons.org/licenses/by-nc-sa/3.0/,meditation relaxing,chillout newage,synthesizer,meditation relaxing,Jamendo API vocalinstrumental=instrumental,Jamendo API speed=low,mp32,12081,26,selected,discovery,focus_music/focus_jamendo_1027941.mp3,ee1c06019c2362c6904ec834839fc5f755c217d49ef7135b725f71de66960a24,e3b77dced90c5d75c2125f1166c0160a23e5a179ad6bb253b25e1094cbb667c6,185.541,44100,2,verified,2026-08-01,,
focus_jamendo_1027938,focus,jamendo-api-open-focus,1027938,Jupiter Atmosphere,Ambient Sounddesign,jamendo_artist_432967,jamendo_album_120869,Sleep Meditation,922.331,https://www.jamendo.com/track/1027938,https://api.jamendo.com/v3.0/tracks/file/?client_id={client_id}&id=1027938&audioformat=mp32&action=download,Creative Commons Attribution-Non-Commercial-Share-Alike license,http://creativecommons.org/licenses/by-nc-sa/3.0/,meditation relaxing,chillout newage,synthesizer,meditation relaxing,Jamendo API vocalinstrumental=instrumental,Jamendo API speed=low,mp32,12081,27,selected,discovery,focus_music/focus_jamendo_1027938.mp3,1794f62a27b14e2ac835e6bb76d9d9da8abc6d6c659c70e11a7ad69873e55f94,e84fbf234b35bc70383300045e014eecfd341b19b7e5ae7e44df7a155ca00cf6,188.048,44100,2,verified,2026-08-01,,
focus_jamendo_1081641,focus,jamendo-api-open-focus,1081641,Fly away,Maluto,jamendo_artist_439190,jamendo_album_128863,Art of Relax (Vol. 1),646.000,https://www.jamendo.com/track/1081641,https://api.jamendo.com/v3.0/tracks/file/?client_id={client_id}&id=1081641&audioformat=mp32&action=download,Creative Commons Attribution-Share-Alike license,http://creativecommons.org/licenses/by-sa/3.0/,meditation relaxing,ambient chillout,synthesizer,meditation relaxing,Jamendo API vocalinstrumental=instrumental,Jamendo API speed=low,mp32,2106,122,selected,discovery,focus_music/focus_jamendo_1081641.mp3,1f865710148b48c356fc20b1e8be17c1b5ac171220f232acd3a0aca658a1dfcd,49150484fef5591f9efae4e59fef7b28e4013f47c3c92635ad6ef2f1d2a571a5,209.346,44100,2,verified,2026-08-01,,
focus_jamendo_1081643,focus,jamendo-api-open-focus,1081643,Trance,Maluto,jamendo_artist_439190,jamendo_album_128863,Art of Relax (Vol. 1),232.000,https://www.jamendo.com/track/1081643,https://api.jamendo.com/v3.0/tracks/file/?client_id={client_id}&id=1081643&audioformat=mp32&action=download,Creative Commons Attribution-Share-Alike license,http://creativecommons.org/licenses/by-sa/3.0/,meditation relaxing,ambient chillout,synthesizer,meditation relaxing,Jamendo API vocalinstrumental=instrumental,Jamendo API speed=low,mp32,2106,123,selected,discovery,focus_music/focus_jamendo_1081643.mp3,9282c3910305673c955ab4ab28b926fa2a8affda24df4f859f2fee2a239362dc,a7e94208f0e13c99d202d145e0aa21af28a38717743d6f5b2362cbb13471567d,200.247,44100,2,verified,2026-08-01,,
focus_jamendo_1027427,focus,jamendo-api-open-focus,1027427,Himalaya Monk Melody,Ambient Sounddesign,jamendo_artist_432967,jamendo_album_120815,Ethno World Meditation,264.072,https://www.jamendo.com/track/1027427,https://api.jamendo.com/v3.0/tracks/file/?client_id={client_id}&id=1027427&audioformat=mp32&action=download,Creative Commons Attribution-Non-Commercial-Share-Alike license,http://creativecommons.org/licenses/by-nc-sa/3.0/,meditation relaxing,chillout newage,synthesizer,meditation relaxing,Jamendo API vocalinstrumental=instrumental,Jamendo API speed=low,mp32,12081,28,selected,discovery,focus_music/focus_jamendo_1027427.mp3,f8e16d768fbf261da0340d233ed9ce871a48f119cb734877dd84455acf6f6c87,a9de4caa2ee41e5c94dc7d50a6d5625b78311589b29c54be7029465d8f763dd0,190.342,44100,2,verified,2026-08-01,,
focus_jamendo_1089784,focus,jamendo-api-open-focus,1089784,Solitude,Antle,jamendo_artist_434538,jamendo_album_129890,Space Night,165.000,https://www.jamendo.com/track/1089784,https://api.jamendo.com/v3.0/tracks/file/?client_id={client_id}&id=1089784&audioformat=mp32&action=download,Creative Commons Attribution-Non-Commercial-Share-Alike license,http://creativecommons.org/licenses/by-nc-sa/3.0/,meditation,ambient chillout downtempo,synthesizer,meditation,Jamendo API vocalinstrumental=instrumental,Jamendo API speed=verylow,mp32,1088,136,selected,validation,focus_music/focus_jamendo_1089784.mp3,fb64c9955f412c0ac8b9d4c901b5f293e90bb1c867afa42a6cb7f609f8f3447a,1dfdb8d4fdf62c964b801f3bcc1fe79558d057b263f63c2ce1d9b14761c0c308,181.204,44100,2,verified,2026-08-01,,
focus_jamendo_1906544,focus,jamendo-api-open-focus,1906544,Ambient Harp,Raw Vibrations,jamendo_artist_528815,jamendo_album_465310,,396.000,https://www.jamendo.com/track/1906544,https://api.jamendo.com/v3.0/tracks/file/?client_id={client_id}&id=1906544&audioformat=mp32&action=download,Creative Commons Attribution-Non-Commercial-No Derivatives license,http://creativecommons.org/licenses/by-nc-nd/3.0/,meditation relaxing,ambient newage,,meditation,Jamendo API vocalinstrumental=instrumental,Jamendo API speed=verylow,mp32,2108,100,selected,discovery,focus_music/focus_jamendo_1906544.mp3,20c6d24fe67f97de0b0fdd2e8fd7381edc8c6ec09317fdeda5412015d326b30d,7cbeca9c281aa376aa45b7c15e6c18275b349dc1de7484f93621defb166b642f,171.993,44100,2,verified,2026-08-01,,
focus_jamendo_2200501,focus,jamendo-api-open-focus,2200501,Close your eyes,Cephas,jamendo_artist_546016,jamendo_album_578591,,201.665,https://www.jamendo.com/track/2200501,https://api.jamendo.com/v3.0/tracks/file/?client_id={client_id}&id=2200501&audioformat=mp32&action=download,Creative Commons Attribution-Non-Commercial-No Derivatives license,http://creativecommons.org/licenses/by-nc-nd/3.0/,meditation relaxing,ambient newage,,meditation,Jamendo API vocalinstrumental=instrumental,Jamendo API speed=verylow,mp32,2108,105,selected,discovery,focus_music/focus_jamendo_2200501.mp3,b6f737495745fe8c5a05390e8f9011eb2803360d42380a41fc03826c5a0dbbc8,68ea6a4965fd69089a02e14e19821aaa9c32f7b1680151ec19814c725883b8ad,192.000,44100,2,verified,2026-08-01,,
focus_jamendo_1823875,focus,jamendo-api-open-focus,1823875,Healing Meditation Music (Long),Bulbasound,jamendo_artist_498010,jamendo_album_413617,,776.000,https://www.jamendo.com/track/1823875,https://api.jamendo.com/v3.0/tracks/file/?client_id={client_id}&id=1823875&audioformat=mp32&action=download,Creative Commons Attribution-Non-Commercial-No Derivatives license,http://creativecommons.org/licenses/by-nc-nd/3.0/,meditation,ambient chillout newage,synthesizer,meditation,Jamendo API vocalinstrumental=instrumental,Jamendo API speed=verylow,mp32,11088,48,selected,discovery,focus_music/focus_jamendo_1823875.mp3,c07e08cce7c9d940590d59b3512732ea2454a648411be274550502cf079f8980,3b7e69c51ec439efc7942fd75508a7852cfb46edadf1055121c03096d7f3fb2c,184.340,44100,2,verified,2026-08-01,,
focus_jamendo_1963475,focus,jamendo-api-open-focus,1963475,Horizon,B3B0CK,jamendo_artist_536209,jamendo_album_490655,,181.000,https://www.jamendo.com/track/1963475,https://api.jamendo.com/v3.0/tracks/file/?client_id={client_id}&id=1963475&audioformat=mp32&action=download,Creative Commons Attribution-Non-Commercial-No Derivatives license,http://creativecommons.org/licenses/by-nc-nd/3.0/,meditation relaxing,ambient newage,,meditation,Jamendo API vocalinstrumental=instrumental,Jamendo API speed=verylow,mp32,2108,108,selected,discovery,focus_music/focus_jamendo_1963475.mp3,9ea4c0cf3d448e054feabcafb40a9cd2a1b655d7335e1988e21dee9e38dd60c1,dec64e130f677ade01e92e2cdf4fb00b834b07367d28d793cbb79210b078a8a6,192.000,44100,2,verified,2026-08-01,,
focus_jamendo_1823902,focus,jamendo-api-open-focus,1823902,Relaxation Meditation (Long),Bulbasound,jamendo_artist_498010,jamendo_album_414229,,926.459,https://www.jamendo.com/track/1823902,https://api.jamendo.com/v3.0/tracks/file/?client_id={client_id}&id=1823902&audioformat=mp32&action=download,Creative Commons Attribution-Non-Commercial-No Derivatives license,http://creativecommons.org/licenses/by-nc-nd/3.0/,meditation,ambient chillout newage,synthesizer,meditation,Jamendo API vocalinstrumental=instrumental,Jamendo API speed=verylow,mp32,11088,54,selected,discovery,focus_music/focus_jamendo_1823902.mp3,5d90c604364a075cc709b1062b9efafbc0cb8d0d63118d426caff1ecdb1b4287,b0fa7ea4b57f80a43cef5870bdd0fbd8b9c4576e942850256d60e5690a0b7882,168.322,44100,2,verified,2026-08-01,,
focus_jamendo_1953401,focus,jamendo-api-open-focus,1953401,Another Galaxy (Meditative Relaxing),Ashot_Danielyan_Composer,jamendo_artist_522042,jamendo_album_486643,Another Galaxy,502.000,https://www.jamendo.com/track/1953401,https://api.jamendo.com/v3.0/tracks/file/?client_id={client_id}&id=1953401&audioformat=mp32&action=download,Creative Commons Attribution-Non-Commercial-No Derivatives license,http://creativecommons.org/licenses/by-nc-nd/3.0/,meditation relaxing,ambient,synthesizer,meditation,Jamendo API vocalinstrumental=instrumental,Jamendo API speed=verylow,mp32,12108,2,selected,discovery,focus_music/focus_jamendo_1953401.mp3,2022c887fda3cd76e565d74812a0da17559f720a381f9199813ac4560230b2cc,7c7032542bff7b6e37dcde489ea5c383683c0db4a27b2f48cc8bce7161dd392b,192.000,44100,2,verified,2026-08-01,,
focus_jamendo_2039456,focus,jamendo-api-open-focus,2039456,852 Hz Meditation Music,STOCK ELITE MUSIC,jamendo_artist_559588,jamendo_album_524781,,336.000,https://www.jamendo.com/track/2039456,https://api.jamendo.com/v3.0/tracks/file/?client_id={client_id}&id=2039456&audioformat=mp32&action=download,Creative Commons Attribution-Non-Commercial-No Derivatives license,http://creativecommons.org/licenses/by-nc-nd/3.0/,meditation relaxing,ambient,synthesizer,meditation,Jamendo API vocalinstrumental=instrumental,Jamendo API speed=verylow,mp32,12108,3,selected,discovery,focus_music/focus_jamendo_2039456.mp3,e43ac799408e2f37c1e8c67dd56d79c118d86889dcc2c562d65551a9023649ed,8b2472adc60c53529898687deeee723309670aee3637d05dc4ee6b86b0d7c1e2,192.000,44100,2,verified,2026-08-01,,
focus_jamendo_2035379,focus,jamendo-api-open-focus,2035379,Belief In Yourself Meditation,Ashot_Danielyan_Composer,jamendo_artist_522042,jamendo_album_522669,,185.000,https://www.jamendo.com/track/2035379,https://api.jamendo.com/v3.0/tracks/file/?client_id={client_id}&id=2035379&audioformat=mp32&action=download,Creative Commons Attribution-Non-Commercial-No Derivatives license,http://creativecommons.org/licenses/by-nc-nd/3.0/,meditation relaxing,ambient,synthesizer,meditation,Jamendo API vocalinstrumental=instrumental,Jamendo API speed=verylow,mp32,12108,5,selected,discovery,focus_music/focus_jamendo_2035379.mp3,2e1b1bcebefd3bbefd31ce0dd8fa2cbaaf3c8edb6fd0e6f2830e65b4fbcc5edd,bdb6789bff16bc2a154ae40bcc1a5bf3a6b5d31cc710eacd97aaa2385e938c91,192.000,44100,2,verified,2026-08-01,,
focus_jamendo_1967111,focus,jamendo-api-open-focus,1967111,Expansion,Ancient Astronaut,jamendo_artist_516768,jamendo_album_492737,Spheres of Love,254.000,https://www.jamendo.com/track/1967111,https://api.jamendo.com/v3.0/tracks/file/?client_id={client_id}&id=1967111&audioformat=mp32&action=download,Creative Commons Attribution-Non-Commercial-Share-Alike license,http://creativecommons.org/licenses/by-nc-sa/3.0/,meditation relaxing,ambient,synthesizer,meditation,Jamendo API vocalinstrumental=instrumental,Jamendo API speed=verylow,mp32,2108,98,selected,discovery,focus_music/focus_jamendo_1967111.mp3,20625a7574bcf503b4ae81288e942a2385713359815098b45f0ca6f695ce016c,33e46c07f723f302a0cbcb69b28a9439c0d6e047354bad97230db0563661f485,192.000,44100,2,verified,2026-08-01,,
focus_jamendo_2035939,focus,jamendo-api-open-focus,2035939,The Quiet Mind of Monks,Carlos Carty,jamendo_artist_488420,jamendo_album_522945,,427.000,https://www.jamendo.com/track/2035939,https://api.jamendo.com/v3.0/tracks/file/?client_id={client_id}&id=2035939&audioformat=mp32&action=download,Creative Commons Attribution-Non-Commercial-No Derivatives license,http://creativecommons.org/licenses/by-nc-nd/3.0/,meditation relaxing,newage,synthesizer,meditation,Jamendo API vocalinstrumental=instrumental,Jamendo API speed=verylow,mp32,2083,126,selected,discovery,focus_music/focus_jamendo_2035939.mp3,66aa20fefff7be80f6bbdc2eecea4ab6874b984df1a561ba78a8f295f12e82b2,32b4e9f72317ffaedf22df7695ab440a4f4e8cd6beef47c403435cdb68bd1837,192.000,44100,2,verified,2026-08-01,,
focus_jamendo_1798830,focus,jamendo-api-open-focus,1798830,Meditation (Long),Bulbasound,jamendo_artist_498010,jamendo_album_412412,,891.063,https://www.jamendo.com/track/1798830,https://api.jamendo.com/v3.0/tracks/file/?client_id={client_id}&id=1798830&audioformat=mp32&action=download,Creative Commons Attribution-Non-Commercial-No Derivatives license,http://creativecommons.org/licenses/by-nc-nd/3.0/,meditation,ambient newage,soundscape synthesizer,meditation,Jamendo API vocalinstrumental=instrumental,Jamendo API speed=verylow,mp32,11088,36,selected,discovery,focus_music/focus_jamendo_1798830.mp3,314616f8907fe8af5ec771be68105729f1936ebb38452a5f275aa2370182d75d,886701b2555021d1ad4ee43b52f29c127b981d3661e95f0ed5a69d27c85e97d6,189.171,44100,2,verified,2026-08-01,,
focus_jamendo_1890497,focus,jamendo-api-open-focus,1890497,Meditative Background,Alexis Music,jamendo_artist_487189,jamendo_album_457508,,331.000,https://www.jamendo.com/track/1890497,https://api.jamendo.com/v3.0/tracks/file/?client_id={client_id}&id=1890497&audioformat=mp32&action=download,Creative Commons Attribution-Non-Commercial-No Derivatives license,http://creativecommons.org/licenses/by-nc-nd/3.0/,meditation relaxing,ambient,synthesizer,meditation,Jamendo API vocalinstrumental=instrumental,Jamendo API speed=verylow,mp32,12108,7,selected,discovery,focus_music/focus_jamendo_1890497.mp3,767bccb7ee0249a4efa3dd30eb32f98bcfc856b9bcbfa4ea920dc004341f7cda,a0ce9ca7dcf32d6e73c6037e9cc036e9a295992b5cac1b0391608f4616217853,166.204,44100,2,verified,2026-08-01,,
focus_jamendo_2178866,focus,jamendo-api-open-focus,2178866,Binaural Elevation 12Hz,Nargo,jamendo_artist_522843,jamendo_album_569301,,207.909,https://www.jamendo.com/track/2178866,https://api.jamendo.com/v3.0/tracks/file/?client_id={client_id}&id=2178866&audioformat=mp32&action=download,Creative Commons Attribution-Non-Commercial-No Derivatives license,http://creativecommons.org/licenses/by-nc-nd/3.0/,meditation,ambient newage,soundscape synthesizer,meditation,Jamendo API vocalinstrumental=instrumental,Jamendo API speed=verylow,mp32,1088,145,selected,discovery,focus_music/focus_jamendo_2178866.mp3,ccd6d4143e32ab3b538db8203b67bfc45bc120bf351239eacaf8bf68720aee73,963a62060b0f735099a111678e514a7f57f0833c0ac044cc4ab99177ef8df00a,192.000,44100,2,verified,2026-08-01,,
focus_jamendo_2039515,focus,jamendo-api-open-focus,2039515,432 Hz Healing Frequency Meditation,STOCK ELITE MUSIC,jamendo_artist_559588,jamendo_album_524803,,333.000,https://www.jamendo.com/track/2039515,https://api.jamendo.com/v3.0/tracks/file/?client_id={client_id}&id=2039515&audioformat=mp32&action=download,Creative Commons Attribution-Non-Commercial-No Derivatives license,http://creativecommons.org/licenses/by-nc-nd/3.0/,meditation relaxing,ambient,synthesizer,meditation,Jamendo API vocalinstrumental=instrumental,Jamendo API speed=verylow,mp32,12108,8,selected,discovery,focus_music/focus_jamendo_2039515.mp3,52e93db817fdcd699364a6ada2bc0cb0cdea92b38872951651ef0dba488a9ee4,afdec37e915508f4d64d1f82fdd1a8c24547cbb1426564ebf7df96bcf5859dd9,192.000,44100,2,verified,2026-08-01,,
focus_jamendo_1894851,focus,jamendo-api-open-focus,1894851,For Meditation,AurbanniAudio,jamendo_artist_531308,jamendo_album_459491,,299.000,https://www.jamendo.com/track/1894851,https://api.jamendo.com/v3.0/tracks/file/?client_id={client_id}&id=1894851&audioformat=mp32&action=download,Creative Commons Attribution-Non-Commercial-No Derivatives license,http://creativecommons.org/licenses/by-nc-nd/3.0/,meditation relaxing,ambient,synthesizer,meditation,Jamendo API vocalinstrumental=instrumental,Jamendo API speed=verylow,mp32,12108,9,selected,discovery,focus_music/focus_jamendo_1894851.mp3,e45daf007dae6bee8b0c2257753e5960646eea7b773e27280902b14a38631e1f,3de7bc68ee32da94d33f6717e725dc72a385569e331fa1f32e352865ffcc094a,170.357,44100,2,verified,2026-08-01,,
focus_jamendo_2203332,focus,jamendo-api-open-focus,2203332,Calm Meditation Flow,Crystal Wave,jamendo_artist_489261,jamendo_album_579613,,595.775,https://www.jamendo.com/track/2203332,https://api.jamendo.com/v3.0/tracks/file/?client_id={client_id}&id=2203332&audioformat=mp32&action=download,Creative Commons Attribution-Non-Commercial-No Derivatives license,http://creativecommons.org/licenses/by-nc-nd/3.0/,meditation,ambient newage,soundscape synthesizer,meditation,Jamendo API vocalinstrumental=instrumental,Jamendo API speed=verylow,mp32,11088,40,selected,discovery,focus_music/focus_jamendo_2203332.mp3,0ac90c4b59fda0de406a70dc0872a6533c2ebee86bb51effee92207f6d5bae15,11833257958f8995095385e959742f5e011aa0b31bd7d546fb2342fcd7f22406,192.000,44100,2,verified,2026-08-01,,
focus_jamendo_1956108,focus,jamendo-api-open-focus,1956108,Peace Of This Infinite Ocean (Meditative Relaxing),Ashot_Danielyan_Composer,jamendo_artist_522042,jamendo_album_487764,Peace Of This Infinite Ocean,599.000,https://www.jamendo.com/track/1956108,https://api.jamendo.com/v3.0/tracks/file/?client_id={client_id}&id=1956108&audioformat=mp32&action=download,Creative Commons Attribution-Non-Commercial-No Derivatives license,http://creativecommons.org/licenses/by-nc-nd/3.0/,meditation relaxing,ambient,synthesizer,meditation,Jamendo API vocalinstrumental=instrumental,Jamendo API speed=verylow,mp32,12108,12,selected,discovery,focus_music/focus_jamendo_1956108.mp3,752c755eed5e82f318d880125829413ec23fa922727b5cb7f11ebc1edb65b477,bf82fc269777553c3ae56eb917af116b5ef1b962235e301f4481ffece5569aa0,192.000,44100,2,verified,2026-08-01,,
focus_jamendo_2039520,focus,jamendo-api-open-focus,2039520,Meditation Music Therapy,STOCK ELITE MUSIC,jamendo_artist_559588,jamendo_album_524799,,437.000,https://www.jamendo.com/track/2039520,https://api.jamendo.com/v3.0/tracks/file/?client_id={client_id}&id=2039520&audioformat=mp32&action=download,Creative Commons Attribution-Non-Commercial-No Derivatives license,http://creativecommons.org/licenses/by-nc-nd/3.0/,meditation relaxing,ambient,synthesizer,meditation,Jamendo API vocalinstrumental=instrumental,Jamendo API speed=verylow,mp32,12108,13,selected,discovery,focus_music/focus_jamendo_2039520.mp3,d7d59f213066ad215d0d913f439597571514f38b162ad9968b22c97a88e32ae4,951f048b3f8dbb1077a924e63a9d495d78ba158d2c0ade9f5133618f6e752449,192.000,44100,2,verified,2026-08-01,,
focus_jamendo_1932519,focus,jamendo-api-open-focus,1932519,Meditation,SunSmileMusic,jamendo_artist_475631,jamendo_album_477233,,600.000,https://www.jamendo.com/track/1932519,https://api.jamendo.com/v3.0/tracks/file/?client_id={client_id}&id=1932519&audioformat=mp32&action=download,Creative Commons Attribution-Non-Commercial-No Derivatives license,http://creativecommons.org/licenses/by-nc-nd/3.0/,meditation relaxing,ambient,synthesizer,meditation,Jamendo API vocalinstrumental=instrumental,Jamendo API speed=verylow,mp32,12108,15,selected,holdout,focus_music/focus_jamendo_1932519.mp3,8801ad4350b6ed760f9782d1496552d30bea1599b03b1eed2d5c2d793776d8a2,a0701037d14cf5bbfdfedec15cc78d53cd76fffc6f92c7fc347571165e0d979d,169.732,44100,2,verified,2026-08-01,,
focus_jamendo_1983056,focus,jamendo-api-open-focus,1983056,Idle Affair,TuneBox,jamendo_artist_549225,jamendo_album_501176,,222.000,https://www.jamendo.com/track/1983056,https://api.jamendo.com/v3.0/tracks/file/?client_id={client_id}&id=1983056&audioformat=mp32&action=download,Creative Commons Attribution-Non-Commercial-No Derivatives license,http://creativecommons.org/licenses/by-nc-nd/3.0/,meditation relaxing,ambient,synthesizer,meditation,Jamendo API vocalinstrumental=instrumental,Jamendo API speed=verylow,mp32,2108,107,selected,discovery,focus_music/focus_jamendo_1983056.mp3,771b05b81182cf42d0a2e88133d31080c8a908ade847a66ef13fdf487a6c8e45,95c3ca6e82202a3210b62ba0b09cbf23e949a6db4c250492e87ac690aedff502,192.000,44100,2,verified,2026-08-01,,
focus_jamendo_2026945,focus,jamendo-api-open-focus,2026945,Healing and Calm Meditation (Long),Bulbasound,jamendo_artist_498010,jamendo_album_518820,,582.060,https://www.jamendo.com/track/2026945,https://api.jamendo.com/v3.0/tracks/file/?client_id={client_id}&id=2026945&audioformat=mp32&action=download,Creative Commons Attribution-Non-Commercial-No Derivatives license,http://creativecommons.org/licenses/by-nc-nd/3.0/,meditation relaxing,newage,synthesizer,meditation,Jamendo API vocalinstrumental=instrumental,Jamendo API speed=verylow,mp32,12083,24,selected,discovery,focus_music/focus_jamendo_2026945.mp3,726676293bc557430e8e28660eeb4dc0e1aac41bba48228545b08d0eec1f2a8b,0fcf71408cc6e7a69c8b2eadd74b5af6215657768848e103005f7fcb8142329a,192.000,44100,2,verified,2026-08-01,,
focus_jamendo_2201166,focus,jamendo-api-open-focus,2201166,Relaxation Ambient Meditation Background,Crystal Wave,jamendo_artist_489261,jamendo_album_578907,,600.059,https://www.jamendo.com/track/2201166,https://api.jamendo.com/v3.0/tracks/file/?client_id={client_id}&id=2201166&audioformat=mp32&action=download,Creative Commons Attribution-Non-Commercial-No Derivatives license,http://creativecommons.org/licenses/by-nc-nd/3.0/,meditation,ambient newage,soundscape synthesizer,meditation,Jamendo API vocalinstrumental=instrumental,Jamendo API speed=verylow,mp32,11088,51,selected,discovery,focus_music/focus_jamendo_2201166.mp3,10c28cbd05c8af39f369c55cd6996d90852e6d8de6ddd08b0c67dff7e24e596a,0643da0627bbae3f7712b55c8f7bc2aee85022564016d1220652d112f5337030,192.000,44100,2,verified,2026-08-01,,
focus_jamendo_1935873,focus,jamendo-api-open-focus,1935873,Elemental Control,B3B0CK,jamendo_artist_536209,jamendo_album_478780,Heavenly,194.000,https://www.jamendo.com/track/1935873,https://api.jamendo.com/v3.0/tracks/file/?client_id={client_id}&id=1935873&audioformat=mp32&action=download,Creative Commons Attribution-Non-Commercial-No Derivatives license,http://creativecommons.org/licenses/by-nc-nd/3.0/,meditation relaxing,ambient,synthesizer,meditation,Jamendo API vocalinstrumental=instrumental,Jamendo API speed=verylow,mp32,2108,109,selected,discovery,focus_music/focus_jamendo_1935873.mp3,183354217561378006194560021297f489468107c778f1f76e3fda961bb15bab,1013a7d7759be8c85286c70175fd12570b838acaab5983b28b8f66947658a079,189.071,44100,2,verified,2026-08-01,,
focus_jamendo_2235775,focus,jamendo-api-open-focus,2235775,Breath of Heaven,BlackTrendMusic,jamendo_artist_595802,jamendo_album_595060,,249.652,https://www.jamendo.com/track/2235775,https://api.jamendo.com/v3.0/tracks/file/?client_id={client_id}&id=2235775&audioformat=mp32&action=download,Creative Commons Attribution-Non-Commercial-No Derivatives license,http://creativecommons.org/licenses/by-nc-nd/3.0/,meditation,ambient drone,soundscape synthesizer,meditation,Jamendo API vocalinstrumental=instrumental,Jamendo API speed=verylow,mp32,1088,182,selected,discovery,focus_music/focus_jamendo_2235775.mp3,e1882e073388aafac809c340774df0a99a47073b74d5ae62ebbbf60f0cd30ca3,29e7f103c6374c9b3fcb4e2ce44570eded8f555fefa67b386c039321100e2c20,192.000,44100,2,verified,2026-08-01,,
focus_jamendo_1983051,focus,jamendo-api-open-focus,1983051,Virtual Ocean,TuneBox,jamendo_artist_549225,jamendo_album_501176,,221.000,https://www.jamendo.com/track/1983051,https://api.jamendo.com/v3.0/tracks/file/?client_id={client_id}&id=1983051&audioformat=mp32&action=download,Creative Commons Attribution-Non-Commercial-No Derivatives license,http://creativecommons.org/licenses/by-nc-nd/3.0/,meditation relaxing,ambient,synthesizer,meditation,Jamendo API vocalinstrumental=instrumental,Jamendo API speed=verylow,mp32,2108,112,selected,discovery,focus_music/focus_jamendo_1983051.mp3,0a06eab0b62698f37ef5dfd9e5b50cdc56c4473e4db0fe6c98c61938e4ca1706,ebfbb34c52de0261509faabe202260c35f40d025f0ac9240b161f0a4c128f5fa,192.000,44100,2,verified,2026-08-01,,
focus_jamendo_2207645,focus,jamendo-api-open-focus,2207645,Blue Sky (c),SONIC MYSTERY,jamendo_artist_341323,jamendo_album_581538,,248.633,https://www.jamendo.com/track/2207645,https://api.jamendo.com/v3.0/tracks/file/?client_id={client_id}&id=2207645&audioformat=mp32&action=download,Creative Commons Attribution-Non-Commercial-No Derivatives license,http://creativecommons.org/licenses/by-nc-nd/3.0/,meditation relaxing,ambient,synthesizer,meditation,Jamendo API vocalinstrumental=instrumental,Jamendo API speed=verylow,mp32,2108,113,selected,holdout,focus_music/focus_jamendo_2207645.mp3,fd6e858a233dbeb18536d356a69a85417c8cf541d3c4788ed9a4a864ddf630ae,a0c3852208e3d143414ca683521a665f6fcba0de03b5c44afec7dc4f2d4a8298,192.000,44100,2,verified,2026-08-01,,
focus_jamendo_1890389,focus,jamendo-api-open-focus,1890389,Long Meditation,Alexis Music,jamendo_artist_487189,jamendo_album_457462,,1084.000,https://www.jamendo.com/track/1890389,https://api.jamendo.com/v3.0/tracks/file/?client_id={client_id}&id=1890389&audioformat=mp32&action=download,Creative Commons Attribution-Non-Commercial-No Derivatives license,http://creativecommons.org/licenses/by-nc-nd/3.0/,meditation relaxing,ambient,synthesizer,meditation,Jamendo API vocalinstrumental=instrumental,Jamendo API speed=verylow,mp32,12108,17,selected,discovery,focus_music/focus_jamendo_1890389.mp3,63bfd8e8d61a948d0068c184281bc534de3f04b0545134bec73d3d6b4f42a2c8,51fcb2376bccbef0fc2c659a9a3273d9bef25571dd1dde872cfd518edd07b8cf,173.755,44100,2,verified,2026-08-01,,
focus_jamendo_1926373,focus,jamendo-api-open-focus,1926373,Slumbered Lake,Nargo,jamendo_artist_522843,jamendo_album_474752,,195.000,https://www.jamendo.com/track/1926373,https://api.jamendo.com/v3.0/tracks/file/?client_id={client_id}&id=1926373&audioformat=mp32&action=download,Creative Commons Attribution-Non-Commercial-No Derivatives license,http://creativecommons.org/licenses/by-nc-nd/3.0/,meditation relaxing,newage,piano,meditation,Jamendo API vocalinstrumental=instrumental,Jamendo API speed=verylow,mp32,2083,127,selected,discovery,focus_music/focus_jamendo_1926373.mp3,b9a64c381c3200d6db1343f3dabb6b817fb8839c5cdfcf4ebc85c83e4877ab6e,2086ed765c46c695615d12f64369d4ab93ca50e94b3da76199d5cccbf8c60af0,145.128,44100,2,verified,2026-08-01,,
focus_jamendo_2042978,focus,jamendo-api-open-focus,2042978,BRAIN FLOSSING 8D,Carlos Carty,jamendo_artist_488420,jamendo_album_526475,,500.000,https://www.jamendo.com/track/2042978,https://api.jamendo.com/v3.0/tracks/file/?client_id={client_id}&id=2042978&audioformat=mp32&action=download,Creative Commons Attribution-Non-Commercial-No Derivatives license,http://creativecommons.org/licenses/by-nc-nd/3.0/,meditation relaxing,ambient,synthesizer,meditation,Jamendo API vocalinstrumental=instrumental,Jamendo API speed=verylow,mp32,2108,114,selected,discovery,focus_music/focus_jamendo_2042978.mp3,0d38395274ed45087fdd7539dcf31685eb8f8d443dad116daa608f1e21b77db9,de1d26b4e91dc5309583841da3a32c10ad602f23354fa8c40404e47a18f5ea55,192.000,44100,2,verified,2026-08-01,,
focus_jamendo_1890394,focus,jamendo-api-open-focus,1890394,Meditation Ambient,Alexis Music,jamendo_artist_487189,jamendo_album_457462,,336.000,https://www.jamendo.com/track/1890394,https://api.jamendo.com/v3.0/tracks/file/?client_id={client_id}&id=1890394&audioformat=mp32&action=download,Creative Commons Attribution-Non-Commercial-No Derivatives license,http://creativecommons.org/licenses/by-nc-nd/3.0/,meditation relaxing,ambient,synthesizer,meditation,Jamendo API vocalinstrumental=instrumental,Jamendo API speed=verylow,mp32,12108,18,selected,discovery,focus_music/focus_jamendo_1890394.mp3,4f63836a082851d6bc56d6d8c349ad54348b8563e7be55bfa9db1bf158ca93b0,35c87d677a26b0d8f93e6706eee3061491126ed03a22a2d6622e7c5781b5fb3d,154.194,44100,2,verified,2026-08-01,,
focus_jamendo_1761112,focus,jamendo-api-open-focus,1761112,meditation- root chakra,Josananda,jamendo_artist_487475,jamendo_album_334051,,314.000,https://www.jamendo.com/track/1761112,https://api.jamendo.com/v3.0/tracks/file/?client_id={client_id}&id=1761112&audioformat=mp32&action=download,Creative Commons Attribution-Non-Commercial-No Derivatives license,http://creativecommons.org/licenses/by-nc-nd/3.0/,meditation,ambient newage,soundscape synthesizer,meditation,Jamendo API vocalinstrumental=instrumental,Jamendo API speed=verylow,mp32,11088,66,selected,validation,focus_music/focus_jamendo_1761112.mp3,ef77612ab44823a550d6909e531bac5a1f173232ca2b51c7e06c1ec0b7b32d77,03279d6ecb5d73a65922895441c96022df0e88dee32f70eb70842e4d3cda8f21,185.846,44100,2,verified,2026-08-01,,
focus_jamendo_1967104,focus,jamendo-api-open-focus,1967104,Crystal Terrace,Ancient Astronaut,jamendo_artist_516768,jamendo_album_492737,,364.408,https://www.jamendo.com/track/1967104,https://api.jamendo.com/v3.0/tracks/file/?client_id={client_id}&id=1967104&audioformat=mp32&action=download,Creative Commons Attribution-Non-Commercial-Share-Alike license,http://creativecommons.org/licenses/by-nc-sa/3.0/,meditation relaxing,ambient,synthesizer,meditation,Jamendo API vocalinstrumental=instrumental,Jamendo API speed=low,mp32,2106,115,selected,discovery,focus_music/focus_jamendo_1967104.mp3,39e260b2e1bd257d27697882bd69bed69df86a88322beb4cb75a21352e08da0e,2ab709e433577d3af71b7e849fa9ee546d0323e18f17e1fcf884c95f6640c8b6,192.000,44100,2,verified,2026-08-01,,
focus_jamendo_1744930,focus,jamendo-api-open-focus,1744930,Into the Deep Blue,Van Syla,jamendo_artist_354509,jamendo_album_192290,Into the Deep Blue,376.059,https://www.jamendo.com/track/1744930,https://api.jamendo.com/v3.0/tracks/file/?client_id={client_id}&id=1744930&audioformat=mp32&action=download,Creative Commons Attribution-Non-Commercial-No Derivatives license,http://creativecommons.org/licenses/by-nc-nd/3.0/,meditation,ambient chillout,soundscape synthesizer,meditation,Jamendo API vocalinstrumental=instrumental,Jamendo API speed=low,mp32,1086,205,selected,holdout,focus_music/focus_jamendo_1744930.mp3,9af355bed96a4548fbf16b99e5fec8ed8ca36d6ff61a00bde57a7ecc23c1d601,8f6a82eb3f3946063fcb3fbbdab2f2b1e3bc7289c4ab8e76c18318e9c964192f,176.015,44100,2,verified,2026-08-01,,
focus_jamendo_1985293,focus,jamendo-api-open-focus,1985293,Dancing Spheres,Ancient Astronaut,jamendo_artist_516768,jamendo_album_502190,,318.433,https://www.jamendo.com/track/1985293,https://api.jamendo.com/v3.0/tracks/file/?client_id={client_id}&id=1985293&audioformat=mp32&action=download,Creative Commons Attribution-Non-Commercial-Share-Alike license,http://creativecommons.org/licenses/by-nc-sa/3.0/,meditation relaxing,ambient,synthesizer,meditation,Jamendo API vocalinstrumental=instrumental,Jamendo API speed=low,mp32,2106,116,selected,discovery,focus_music/focus_jamendo_1985293.mp3,c06cce1c19dd9f774eda4bfe4f2d47d9f76337e17a32a42daf71b1acfd3b066e,dcc57c1870f1d2a7d59e2a59777051486d7007d04df20c58e7dfa37610b28f34,192.000,44100,2,verified,2026-08-01,,
focus_jamendo_1935877,focus,jamendo-api-open-focus,1935877,Heavenly,B3B0CK,jamendo_artist_536209,jamendo_album_478780,Heavenly,264.072,https://www.jamendo.com/track/1935877,https://api.jamendo.com/v3.0/tracks/file/?client_id={client_id}&id=1935877&audioformat=mp32&action=download,Creative Commons Attribution-Non-Commercial-No Derivatives license,http://creativecommons.org/licenses/by-nc-nd/3.0/,meditation relaxing,ambient,synthesizer,meditation,Jamendo API vocalinstrumental=instrumental,Jamendo API speed=low,mp32,2106,117,selected,discovery,focus_music/focus_jamendo_1935877.mp3,1a032aebc630410f811ed6b61351067b309cd2dccec0698d6ac44262f4ed568d,3c3b652bdedcfc21015c5431ce446606fff94af06ee09fda6b35cae638511043,176.453,44100,2,verified,2026-08-01,,
focus_jamendo_1985295,focus,jamendo-api-open-focus,1985295,Hawks on the High Way,Ancient Astronaut,jamendo_artist_516768,jamendo_album_502190,,471.928,https://www.jamendo.com/track/1985295,https://api.jamendo.com/v3.0/tracks/file/?client_id={client_id}&id=1985295&audioformat=mp32&action=download,Creative Commons Attribution-Non-Commercial-Share-Alike license,http://creativecommons.org/licenses/by-nc-sa/3.0/,meditation relaxing,ambient,synthesizer,meditation,Jamendo API vocalinstrumental=instrumental,Jamendo API speed=low,mp32,2106,118,selected,discovery,focus_music/focus_jamendo_1985295.mp3,a630b45a127f8aef06c7b6c3da426d0a7005faea6a8f6afa5d096d23168f3664,0f4c4fe61ebcd5b02615142b78421618fb39b51464d93f6b8e874d5e28e97505,192.000,44100,2,verified,2026-08-01,,
focus_jamendo_1898926,focus,jamendo-api-open-focus,1898926,Ambient Meditation Music,ABSounds,jamendo_artist_540821,jamendo_album_461555,,272.065,https://www.jamendo.com/track/1898926,https://api.jamendo.com/v3.0/tracks/file/?client_id={client_id}&id=1898926&audioformat=mp32&action=download,Creative Commons Attribution-Non-Commercial-No Derivatives license,http://creativecommons.org/licenses/by-nc-nd/3.0/,meditation relaxing,ambient,synthesizer,meditation,Jamendo API vocalinstrumental=instrumental,Jamendo API speed=low,mp32,12106,22,selected,holdout,focus_music/focus_jamendo_1898926.mp3,d50c2b9490df24b90c44d8bd74f133f41feb7316279d92a02b760bda7a234198,33716a238666c60e84563435e25d002918b5086b89cafcd0607c29a452bf287a,177.077,44100,2,verified,2026-08-01,,
focus_jamendo_1994905,focus,jamendo-api-open-focus,1994905,Meditation,The_Mountain,jamendo_artist_552678,jamendo_album_506632,,470.465,https://www.jamendo.com/track/1994905,https://api.jamendo.com/v3.0/tracks/file/?client_id={client_id}&id=1994905&audioformat=mp32&action=download,Creative Commons Attribution-Non-Commercial-No Derivatives license,http://creativecommons.org/licenses/by-nc-nd/3.0/,meditation relaxing,ambient,synthesizer,meditation,Jamendo API vocalinstrumental=instrumental,Jamendo API speed=low,mp32,12106,23,selected,validation,focus_music/focus_jamendo_1994905.mp3,428db27a3e5e3b384964a996f56dff970a31da1bf917a6ef755fb3db1ccc95ac,b9229ae39546f1048d4ed9cc3216c7d0f6fdf0277447ba07ab50bf8676e45f08,192.000,44100,2,verified,2026-08-01,,
focus_jamendo_1092684,focus,jamendo-api-open-focus,1092684,Sarvanivaranavishkambhin,Kenananda,jamendo_artist_370882,jamendo_album_130240,Bodhisattva Meditation,630.000,https://www.jamendo.com/track/1092684,https://api.jamendo.com/v3.0/tracks/file/?client_id={client_id}&id=1092684&audioformat=mp32&action=download,Creative Commons Attribution-Non-Commercial-Share-Alike license,http://creativecommons.org/licenses/by-nc-sa/3.0/,meditation,ambient newage,synthesizer,meditation,Jamendo API vocalinstrumental=instrumental,Jamendo API speed=verylow,mp32,11088,29,selected,discovery,focus_music/focus_jamendo_1092684.mp3,f6d60f9619b6f32a9af54448a82337cc3b1d0cffd10594d1b831b49f6458f6ea,8f5006f7d99d33fa25b0c9b6d8175424ec0bd386921ea152c04df6cd990a228f,199.249,44100,2,verified,2026-08-01,,
focus_jamendo_1699096,focus,jamendo-api-open-focus,1699096,Gratitude (Full Track),AudioSphere,jamendo_artist_463637,jamendo_album_439588,,244.000,https://www.jamendo.com/track/1699096,https://api.jamendo.com/v3.0/tracks/file/?client_id={client_id}&id=1699096&audioformat=mp32&action=download,Creative Commons Attribution-Non-Commercial-No Derivatives license,http://creativecommons.org/licenses/by-nc-nd/3.0/,meditation,ambient newage,synthesizer,meditation,Jamendo API vocalinstrumental=instrumental,Jamendo API speed=verylow,mp32,1088,133,selected,discovery,focus_music/focus_jamendo_1699096.mp3,9850520eae1fcb5a616730cc07739b85d8025ab0e0dc9114eb962931e5a75c6a,04dae0d2435bfc2c27d7c49132a2a687672f7a84c7b7086b42f513e9b5f94211,160.728,44100,2,verified,2026-08-01,,
focus_jamendo_2032187,focus,jamendo-api-open-focus,2032187,Reality,Cephas,jamendo_artist_546016,jamendo_album_521087,,319.000,https://www.jamendo.com/track/2032187,https://api.jamendo.com/v3.0/tracks/file/?client_id={client_id}&id=2032187&audioformat=mp32&action=download,Creative Commons Attribution-Non-Commercial-No Derivatives license,http://creativecommons.org/licenses/by-nc-nd/3.0/,meditation,ambient newage,synthesizer,meditation,Jamendo API vocalinstrumental=instrumental,Jamendo API speed=verylow,mp32,1088,134,selected,discovery,focus_music/focus_jamendo_2032187.mp3,a96d0b55cd5776add8e38f249d40f61c7de109f8a9842fdf143654643068de55,71873bfc22d5986c156ace716ddb1ffd00b22774ea5c8bfa836133962e831768,192.000,44100,2,verified,2026-08-01,,
focus_jamendo_1902125,focus,jamendo-api-open-focus,1902125,drone 1,nikproteus,jamendo_artist_508884,jamendo_album_462976,,240.000,https://www.jamendo.com/track/1902125,https://api.jamendo.com/v3.0/tracks/file/?client_id={client_id}&id=1902125&audioformat=mp32&action=download,Creative Commons Attribution-Non-Commercial-No Derivatives license,http://creativecommons.org/licenses/by-nc-nd/3.0/,meditation,ambient drone,synthesizer,meditation,Jamendo API vocalinstrumental=instrumental,Jamendo API speed=verylow,mp32,1088,139,selected,discovery,focus_music/focus_jamendo_1902125.mp3,769dcf74360a3dc2d17a2a1fb41f40005a6889a9586bd5d865644e37d9f0f0ae,68c696d4100c15c6d6a67fba5f5fa3332b899f3cc630a235a8054492ef2af897,180.219,44100,2,verified,2026-08-01,,
focus_jamendo_2257645,focus,jamendo-api-open-focus,2257645,Calm Meditation,AskharMusic,jamendo_artist_599717,jamendo_album_605161,,440.059,https://www.jamendo.com/track/2257645,https://api.jamendo.com/v3.0/tracks/file/?client_id={client_id}&id=2257645&audioformat=mp32&action=download,Creative Commons Attribution-Non-Commercial-No Derivatives license,http://creativecommons.org/licenses/by-nc-nd/3.0/,meditation,ambient newage,synthesizer,meditation,Jamendo API vocalinstrumental=instrumental,Jamendo API speed=verylow,mp32,11088,34,selected,discovery,focus_music/focus_jamendo_2257645.mp3,512309272f70a669c875c87e4bfb4f570de5f7f63689118a143b04e0f527514b,0215d91f9123853ee0c32480040325feb7c341c6b59e7e9ba3748ebaafe6f058,192.000,44100,2,verified,2026-08-01,,
focus_jamendo_2129421,focus,jamendo-api-open-focus,2129421,Yourself,Cephas,jamendo_artist_546016,jamendo_album_547322,,242.599,https://www.jamendo.com/track/2129421,https://api.jamendo.com/v3.0/tracks/file/?client_id={client_id}&id=2129421&audioformat=mp32&action=download,Creative Commons Attribution-Non-Commercial-No Derivatives license,http://creativecommons.org/licenses/by-nc-nd/3.0/,meditation,ambient newage,synthesizer,meditation,Jamendo API vocalinstrumental=instrumental,Jamendo API speed=verylow,mp32,1088,143,selected,discovery,focus_music/focus_jamendo_2129421.mp3,f716c6549ab412a0a070a122e34ea5647896b956bcacb55cd684d9417462f074,a22ac276e5fabde134659a8c30df0261116ceb9a12f6ad8dc6dc4fb651675b74,192.000,44100,2,verified,2026-08-01,,
focus_jamendo_1935622,focus,jamendo-api-open-focus,1935622,Meditative Drone,Raw Vibrations,jamendo_artist_528815,jamendo_album_478668,,600.059,https://www.jamendo.com/track/1935622,https://api.jamendo.com/v3.0/tracks/file/?client_id={client_id}&id=1935622&audioformat=mp32&action=download,Creative Commons Attribution-Non-Commercial-No Derivatives license,http://creativecommons.org/licenses/by-nc-nd/3.0/,meditation,ambient drone,synthesizer,meditation,Jamendo API vocalinstrumental=instrumental,Jamendo API speed=verylow,mp32,11088,35,selected,discovery,focus_music/focus_jamendo_1935622.mp3,c2a25e65514baafaf0a6e00ec6285580bc2ae5816a0bb39f99ab0a06ceff94c4,4fbe164eee3bec885d61d98ad9443d1616db0e53ac1ae49f39a28f5ce3f117a3,192.000,44100,2,verified,2026-08-01,,
focus_jamendo_1575999,focus,jamendo-api-open-focus,1575999,"We're Way Past That, Man!",Tonepoet,jamendo_artist_507576,jamendo_album_179320,Taking Flight (Featuring CloudFall),430.054,https://www.jamendo.com/track/1575999,https://api.jamendo.com/v3.0/tracks/file/?client_id={client_id}&id=1575999&audioformat=mp32&action=download,Creative Commons Attribution-Non-Commercial-Share-Alike license,http://creativecommons.org/licenses/by-nc-sa/3.0/,meditation,ambient,piano soundscape synthesizer,meditation,Jamendo API vocalinstrumental=instrumental,Jamendo API speed=low,mp32,1086,223,selected,discovery,focus_music/focus_jamendo_1575999.mp3,4029557aff9146cb448ca98894a0c1bd3ebad6c220c5ca56557abc250f736bd6,bcb7f4cab0053192a090256075bfb942357351e725efd370208672571486898b,186.379,44100,2,verified,2026-08-01,,
focus_jamendo_1957922,focus,jamendo-api-open-focus,1957922,Uncharted Ocean,MintWhaleMusic,jamendo_artist_545923,jamendo_album_488788,,171.000,https://www.jamendo.com/track/1957922,https://api.jamendo.com/v3.0/tracks/file/?client_id={client_id}&id=1957922&audioformat=mp32&action=download,Creative Commons Attribution-Non-Commercial-No Derivatives license,http://creativecommons.org/licenses/by-nc-nd/3.0/,meditation,ambient drone,synthesizer,meditation,Jamendo API vocalinstrumental=instrumental,Jamendo API speed=verylow,mp32,1088,152,selected,discovery,focus_music/focus_jamendo_1957922.mp3,3ebcf3135bab6b7bc11f0f5aaf447d224657ca353c4d41eba6ab28ede8adaa64,65e65e8df02750c45649d32887b72dbd2f5c1ce7dc731e82139d4314ffc4095e,192.000,44100,2,verified,2026-08-01,,
focus_jamendo_1866931,focus,jamendo-api-open-focus,1866931,Love Meditation,Raw Vibrations,jamendo_artist_528815,jamendo_album_446649,,597.891,https://www.jamendo.com/track/1866931,https://api.jamendo.com/v3.0/tracks/file/?client_id={client_id}&id=1866931&audioformat=mp32&action=download,Creative Commons Attribution-Non-Commercial-No Derivatives license,http://creativecommons.org/licenses/by-nc-nd/3.0/,meditation,ambient newage,synthesizer,meditation,Jamendo API vocalinstrumental=instrumental,Jamendo API speed=verylow,mp32,11088,39,selected,discovery,focus_music/focus_jamendo_1866931.mp3,83df60bb71e97f9cd9e2f4d211b691255dad2f1055f680aae9e63093a5115f66,22b8cbcf1612f883e11c99707b6a016001ee0d9a8af69af4d73a222a10057211,174.555,44100,2,verified,2026-08-01,,
focus_jamendo_1969508,focus,jamendo-api-open-focus,1969508,Abyssal Starry Sky (ver_2),Nargo,jamendo_artist_522843,jamendo_album_493986,,133.000,https://www.jamendo.com/track/1969508,https://api.jamendo.com/v3.0/tracks/file/?client_id={client_id}&id=1969508&audioformat=mp32&action=download,Creative Commons Attribution-Non-Commercial-No Derivatives license,http://creativecommons.org/licenses/by-nc-nd/3.0/,meditation,ambient newage,piano,meditation,Jamendo API vocalinstrumental=instrumental,Jamendo API speed=verylow,mp32,1088,159,selected,discovery,focus_music/focus_jamendo_1969508.mp3,66393324438b36bc5e0f691ac98aac3a507c1f01579985d252c354723fd717d5,38459a3ac9cf295562d990281328571ce35e4173d90aedc8c340792b63f9fffd,192.000,44100,2,verified,2026-08-01,,
focus_jamendo_1705713,focus,jamendo-api-open-focus,1705713,Blissful Sky,AudioSphere,jamendo_artist_463637,jamendo_album_439700,,124.000,https://www.jamendo.com/track/1705713,https://api.jamendo.com/v3.0/tracks/file/?client_id={client_id}&id=1705713&audioformat=mp32&action=download,Creative Commons Attribution-Non-Commercial-No Derivatives license,http://creativecommons.org/licenses/by-nc-nd/3.0/,meditation,ambient drone,synthesizer,meditation,Jamendo API vocalinstrumental=instrumental,Jamendo API speed=verylow,mp32,1088,174,selected,discovery,focus_music/focus_jamendo_1705713.mp3,25f5000699331e541cd96dab3211d779b44cc2f3e6a9d26a8fb810507a0c6d86,27d927da243448820e568d6fefe2b421f4b7192a9d61b4fefc199aa4ea254df5,172.090,44100,2,verified,2026-08-01,,
focus_jamendo_1978794,focus,jamendo-api-open-focus,1978794,sleepDrone (shortVersion),Septi,jamendo_artist_345064,jamendo_album_499094,Septi_(2),488.000,https://www.jamendo.com/track/1978794,https://api.jamendo.com/v3.0/tracks/file/?client_id={client_id}&id=1978794&audioformat=mp32&action=download,Creative Commons Attribution-Non-Commercial-No Derivatives license,http://creativecommons.org/licenses/by-nc-nd/3.0/,meditation,ambient drone,synthesizer,meditation,Jamendo API vocalinstrumental=instrumental,Jamendo API speed=verylow,mp32,1088,176,selected,validation,focus_music/focus_jamendo_1978794.mp3,b1e029cdb2be8d4df02321c0c792a2046d06d293fff7081cc05fa4ad2fce1bfa,d5e02521408929261658a3867852a0891c330f030f962c9138d8a8fe0aa38bd1,192.000,44100,2,verified,2026-08-01,,
focus_jamendo_2274006,focus,jamendo-api-open-focus,2274006,Peaceful New Age Ambient,Databend,jamendo_artist_601217,jamendo_album_612659,,159.425,https://www.jamendo.com/track/2274006,https://api.jamendo.com/v3.0/tracks/file/?client_id={client_id}&id=2274006&audioformat=mp32&action=download,Creative Commons Attribution-Non-Commercial-No Derivatives license,http://creativecommons.org/licenses/by-nc-nd/3.0/,meditation,ambient newage,synthesizer,meditation,Jamendo API vocalinstrumental=instrumental,Jamendo API speed=verylow,mp32,1088,183,selected,holdout,focus_music/focus_jamendo_2274006.mp3,f169fc6d89de142ef788a6103bf63f3a97e2441faa28d7f648e9e41ba87f4857,d332b828e2a9c6f8874fc33417d23c21c2d5e86e70e71e713c3fd7c7b6aacb4e,192.000,44100,2,verified,2026-08-01,,
focus_jamendo_2032670,focus,jamendo-api-open-focus,2032670,There Is Always Hope,The Golden Moons,jamendo_artist_554152,jamendo_album_521340,,164.000,https://www.jamendo.com/track/2032670,https://api.jamendo.com/v3.0/tracks/file/?client_id={client_id}&id=2032670&audioformat=mp32&action=download,Creative Commons Attribution-Non-Commercial-No Derivatives license,http://creativecommons.org/licenses/by-nc-nd/3.0/,meditation,ambient drone,synthesizer,meditation,Jamendo API vocalinstrumental=instrumental,Jamendo API speed=verylow,mp32,1088,184,selected,discovery,focus_music/focus_jamendo_2032670.mp3,cd5797fc32e030823a724cb4e9b86b990697952b20e4176d202b77340305124c,6b6da217954128ca08e75de9714c3f0ae1223d97c43e76f15e4d3c0908cc9521,192.000,44100,2,verified,2026-08-01,,
focus_jamendo_2027198,focus,jamendo-api-open-focus,2027198,Meditation (Full version),GarnaVutka,jamendo_artist_462377,jamendo_album_518976,,585.000,https://www.jamendo.com/track/2027198,https://api.jamendo.com/v3.0/tracks/file/?client_id={client_id}&id=2027198&audioformat=mp32&action=download,Creative Commons Attribution-Non-Commercial-No Derivatives license,http://creativecommons.org/licenses/by-nc-nd/3.0/,meditation,ambient newage,synthesizer,meditation,Jamendo API vocalinstrumental=instrumental,Jamendo API speed=verylow,mp32,11088,61,selected,discovery,focus_music/focus_jamendo_2027198.mp3,f7ee00c6730a5296e3dda9722166c287ad9a39e2641b9860a923ec05149fa90f,dafef2e839e007e1690deeb068b2b45ef7148e497eca6dc3e4e52b7d8aa77dd5,192.000,44100,2,verified,2026-08-01,,
focus_jamendo_1704604,focus,jamendo-api-open-focus,1704604,Floating Drone,AudioSphere,jamendo_artist_463637,jamendo_album_439648,,248.000,https://www.jamendo.com/track/1704604,https://api.jamendo.com/v3.0/tracks/file/?client_id={client_id}&id=1704604&audioformat=mp32&action=download,Creative Commons Attribution-Non-Commercial-No Derivatives license,http://creativecommons.org/licenses/by-nc-nd/3.0/,meditation,ambient drone,synthesizer,meditation,Jamendo API vocalinstrumental=instrumental,Jamendo API speed=verylow,mp32,1088,192,selected,discovery,focus_music/focus_jamendo_1704604.mp3,449df509005b3379a7226f00d8012bfccd1bff9edcb3e633890960ee01813b01,f1dc911a598323a91e785f1722bf5359a3fb350d7e411452703c5dede2e5a0f1,152.436,44100,2,verified,2026-08-01,,
focus_jamendo_1978485,focus,jamendo-api-open-focus,1978485,Sanctuary,MintWhaleMusic,jamendo_artist_545923,jamendo_album_498925,,336.000,https://www.jamendo.com/track/1978485,https://api.jamendo.com/v3.0/tracks/file/?client_id={client_id}&id=1978485&audioformat=mp32&action=download,Creative Commons Attribution-Non-Commercial-No Derivatives license,http://creativecommons.org/licenses/by-nc-nd/3.0/,meditation,ambient drone,synthesizer,meditation,Jamendo API vocalinstrumental=instrumental,Jamendo API speed=verylow,mp32,1088,195,selected,discovery,focus_music/focus_jamendo_1978485.mp3,8f8a185ece1feddee2be9424f788ed2cbb8a2ade3c81a46327e871ddb79b59b9,938660100eb20ccdd19c86ec2bed15f1a8cb4767023136f5a7542cd7061a852d,192.000,44100,2,verified,2026-08-01,,
focus_jamendo_2005033,focus,jamendo-api-open-focus,2005033,Rainforest (Inspiring Ambient Peaceful Meditation Music),soundbay,jamendo_artist_475727,jamendo_album_511190,,599.000,https://www.jamendo.com/track/2005033,https://api.jamendo.com/v3.0/tracks/file/?client_id={client_id}&id=2005033&audioformat=mp32&action=download,Creative Commons Attribution-Non-Commercial-No Derivatives license,http://creativecommons.org/licenses/by-nc-nd/3.0/,meditation,ambient newage,synthesizer,meditation,Jamendo API vocalinstrumental=instrumental,Jamendo API speed=verylow,mp32,11088,65,selected,discovery,focus_music/focus_jamendo_2005033.mp3,9f1a74b1a9eccaaf7ccb98d17011bd9bc757c182ec52df95801ffe438c005202,b32a1a510f611dd20b5914ca8fd11805fb3bfb51c89009c1df4b9bc664a23992,192.000,44100,2,verified,2026-08-01,,
focus_jamendo_1923890,focus,jamendo-api-open-focus,1923890,Last Hour,B3B0CK,jamendo_artist_536209,jamendo_album_473510,,193.071,https://www.jamendo.com/track/1923890,https://api.jamendo.com/v3.0/tracks/file/?client_id={client_id}&id=1923890&audioformat=mp32&action=download,Creative Commons Attribution-Non-Commercial-No Derivatives license,http://creativecommons.org/licenses/by-nc-nd/3.0/,meditation,ambient newage,synthesizer,meditation,Jamendo API vocalinstrumental=instrumental,Jamendo API speed=low,mp32,1086,206,selected,discovery,focus_music/focus_jamendo_1923890.mp3,c10ffff7436891a76e45fb1170c5e6edbfc98eb1c14e9cbdc689dc29de61e7bc,a2461d07359fbf11301a09c1601cb543489cb64235ba538341127deb248ac7d3,191.071,44100,2,verified,2026-08-01,,
focus_jamendo_2005032,focus,jamendo-api-open-focus,2005032,Nightfall (Peaceful Nature Relax Meditation),soundbay,jamendo_artist_475727,jamendo_album_511191,,521.117,https://www.jamendo.com/track/2005032,https://api.jamendo.com/v3.0/tracks/file/?client_id={client_id}&id=2005032&audioformat=mp32&action=download,Creative Commons Attribution-Non-Commercial-No Derivatives license,http://creativecommons.org/licenses/by-nc-nd/3.0/,meditation,ambient newage,synthesizer,meditation,Jamendo API vocalinstrumental=instrumental,Jamendo API speed=low,mp32,11086,71,selected,discovery,focus_music/focus_jamendo_2005032.mp3,330582ee93bb46f380ec7897656bb89c7ed505124490682d5402509330977c0b,64f9836474e982c5283e6f68506a1bde9e1fe0c213dcd51f74f609c2a89c5c2d,192.000,44100,2,verified,2026-08-01,,
focus_jamendo_2023746,focus,jamendo-api-open-focus,2023746,The Swell of a Lifetime,The Golden Moons,jamendo_artist_554152,jamendo_album_517450,,190.563,https://www.jamendo.com/track/2023746,https://api.jamendo.com/v3.0/tracks/file/?client_id={client_id}&id=2023746&audioformat=mp32&action=download,Creative Commons Attribution-Non-Commercial-No Derivatives license,http://creativecommons.org/licenses/by-nc-nd/3.0/,meditation,ambient newage,synthesizer,meditation,Jamendo API vocalinstrumental=instrumental,Jamendo API speed=low,mp32,1086,215,selected,discovery,focus_music/focus_jamendo_2023746.mp3,d8716c3bc0aef75f01230d3979c96734515c42933b261d1dbb961f892f1ca5d5,ff5060a5d5efc88750abaefc5bde3c43a5fd5c177191a57f8c86690bb2de7c26,192.000,44100,2,verified,2026-08-01,,
focus_jamendo_1864786,focus,jamendo-api-open-focus,1864786,Apisi (Blackfoot),Komar Nejanko,jamendo_artist_537530,jamendo_album_445803,,476.918,https://www.jamendo.com/track/1864786,https://api.jamendo.com/v3.0/tracks/file/?client_id={client_id}&id=1864786&audioformat=mp32&action=download,Creative Commons Attribution-Non-Commercial-No Derivatives license,http://creativecommons.org/licenses/by-nc-nd/3.0/,meditation,ambient newage,synthesizer,meditation,Jamendo API vocalinstrumental=instrumental,Jamendo API speed=low,mp32,1086,217,selected,validation,focus_music/focus_jamendo_1864786.mp3,7fe1da7aa899d8b4a565384d729b281f16a5193dee32a6bac7054fe9d9d48155,1dddd4a8c1d0c6603fb13bc53f5c017322298943b80131d04db37f37a852bfe5,185.246,44100,2,verified,2026-08-01,,
focus_jamendo_1879434,focus,jamendo-api-open-focus,1879434,Meditation Healing 432Hz,RealTunesStudio,jamendo_artist_508688,jamendo_album_452126,,600.059,https://www.jamendo.com/track/1879434,https://api.jamendo.com/v3.0/tracks/file/?client_id={client_id}&id=1879434&audioformat=mp32&action=download,Creative Commons Attribution-Non-Commercial-No Derivatives license,http://creativecommons.org/licenses/by-nc-nd/3.0/,meditation,ambient newage,piano,meditation,Jamendo API vocalinstrumental=instrumental,Jamendo API speed=low,mp32,11086,73,selected,validation,focus_music/focus_jamendo_1879434.mp3,c6f181b545890a6b778ec880dcafa62279a18ad39f43bd1644e8200cf629baa8,1b6fea6bb97c30729093c829d4b4f77d7643a2bc7226dee784962d44c16970e2,172.072,44100,2,verified,2026-08-01,,
focus_jamendo_1981814,focus,jamendo-api-open-focus,1981814,Electric Funnel,Robinicus,jamendo_artist_551113,jamendo_album_500571,,394.606,https://www.jamendo.com/track/1981814,https://api.jamendo.com/v3.0/tracks/file/?client_id={client_id}&id=1981814&audioformat=mp32&action=download,Creative Commons Attribution-Non-Commercial-No Derivatives license,http://creativecommons.org/licenses/by-nc-nd/3.0/,meditation,ambient newage,synthesizer,meditation,Jamendo API vocalinstrumental=instrumental,Jamendo API speed=low,mp32,1086,221,selected,discovery,focus_music/focus_jamendo_1981814.mp3,63848de377ada5be22ad1e2cb414437a069805fd0d0ca6175fee8a2035f54106,36ecdc56c5b902db4e1023d56a9559fb93baecf2d87baff27aa9a0304ef7105f,192.000,44100,2,verified,2026-08-01,,
focus_jamendo_1842472,focus,jamendo-api-open-focus,1842472,l'invenzione delle nuvole,bessarrene,jamendo_artist_536407,jamendo_album_200486,Così lontano...,468.454,https://www.jamendo.com/track/1842472,https://api.jamendo.com/v3.0/tracks/file/?client_id={client_id}&id=1842472&audioformat=mp32&action=download,Creative Commons Attribution-Non-Commercial-No Derivatives license,http://creativecommons.org/licenses/by-nc-nd/3.0/,meditation,ambient newage,synthesizer,meditation,Jamendo API vocalinstrumental=instrumental,Jamendo API speed=low,mp32,1086,227,selected,discovery,focus_music/focus_jamendo_1842472.mp3,bea88157f97cf02c18e671aac1cca8b3a081ac75b894da218884a8470a61e2db,160df8f9896bd62267229b3a910e6c495cc6e1a50f7c964a155d23e8786716df,192.857,44100,2,verified,2026-08-01,,
focus_jamendo_1549291,focus,jamendo-api-open-focus,1549291,Relaxed atmosphere ambient,DepasRec,jamendo_artist_508679,jamendo_album_377944,,168.072,https://www.jamendo.com/track/1549291,https://api.jamendo.com/v3.0/tracks/file/?client_id={client_id}&id=1549291&audioformat=mp32&action=download,Creative Commons Attribution-Non-Commercial-No Derivatives license,http://creativecommons.org/licenses/by-nc-nd/3.0/,meditation,ambient newage,piano,meditation,Jamendo API vocalinstrumental=instrumental,Jamendo API speed=low,mp32,1086,229,selected,validation,focus_music/focus_jamendo_1549291.mp3,6cc16a06e62da5258714d3975f4ac886f522260cd0c9dbfa8869097948819b40,f0b8ee8350f4e0c534c5f5d50e1cb390bfb1ce9f5c6088d0843354fd998782d8,183.747,44100,2,verified,2026-08-01,,
focus_jamendo_1983239,focus,jamendo-api-open-focus,1983239,Rest from Illusions,Botanica magia,jamendo_artist_535404,jamendo_album_501304,,379.272,https://www.jamendo.com/track/1983239,https://api.jamendo.com/v3.0/tracks/file/?client_id={client_id}&id=1983239&audioformat=mp32&action=download,Creative Commons Attribution-Non-Commercial-No Derivatives license,http://creativecommons.org/licenses/by-nc-nd/3.0/,meditation relaxing,ambient,,meditation,Jamendo API vocalinstrumental=instrumental,Jamendo API speed=low,mp32,2106,120,selected,discovery,focus_music/focus_jamendo_1983239.mp3,b4a16de2dc5ddd65ec4680371bbad772508315dc4eec8b98ba1638615f3ef884,e48a836ef5cba5894b9368f369f70d903bcfcb3f48c0204efcfbe9338fe14756,192.000,44100,2,verified,2026-08-01,,
focus_jamendo_2019707,focus,jamendo-api-open-focus,2019707,HANG DRUM INTROSPECTION VOYAGE,Carlos Carty,jamendo_artist_488420,jamendo_album_516072,,428.069,https://www.jamendo.com/track/2019707,https://api.jamendo.com/v3.0/tracks/file/?client_id={client_id}&id=2019707&audioformat=mp32&action=download,Creative Commons Attribution-Non-Commercial-No Derivatives license,http://creativecommons.org/licenses/by-nc-nd/3.0/,meditation relaxing,newage,,meditation,Jamendo API vocalinstrumental=instrumental,Jamendo API speed=low,mp32,2081,128,selected,discovery,focus_music/focus_jamendo_2019707.mp3,13be25481ccabe731a5d15308bacf85aa599400b915225d10c0b4756cff73bdb,824a9d46bc7688426beba8426491f356228e9607cf8f12ebb3fb7421cf0aaece,192.000,44100,2,verified,2026-08-01,,
focus_jamendo_1983242,focus,jamendo-api-open-focus,1983242,Sounds of Thoughts,Botanica magia,jamendo_artist_535404,jamendo_album_501304,,280.242,https://www.jamendo.com/track/1983242,https://api.jamendo.com/v3.0/tracks/file/?client_id={client_id}&id=1983242&audioformat=mp32&action=download,Creative Commons Attribution-Non-Commercial-No Derivatives license,http://creativecommons.org/licenses/by-nc-nd/3.0/,meditation relaxing,ambient,,meditation,Jamendo API vocalinstrumental=instrumental,Jamendo API speed=low,mp32,2106,121,selected,discovery,focus_music/focus_jamendo_1983242.mp3,505dba1418bf42c5c7335f7b6aba680e9a81ff796694a4f73c26a18d937c1084,b30c2c43fb298062245653e2bca3674f754ad0d30ce4b0c242794e5975fa796c,192.000,44100,2,verified,2026-08-01,,
focus_jamendo_2266423,focus,jamendo-api-open-focus,2266423,Echoes of Peace,Alex Saym,jamendo_artist_515330,jamendo_album_609046,,352.366,https://www.jamendo.com/track/2266423,https://api.jamendo.com/v3.0/tracks/file/?client_id={client_id}&id=2266423&audioformat=mp32&action=download,Creative Commons Attribution-Non-Commercial-No Derivatives license,http://creativecommons.org/licenses/by-nc-nd/3.0/,meditation,ambient,soundscape synthesizer,meditation,Jamendo API vocalinstrumental=instrumental,Jamendo API speed=verylow,mp32,1088,163,selected,discovery,focus_music/focus_jamendo_2266423.mp3,8af72f70043f1fc1c5399d3e924ed19c112a425af00b8209a577a58b02eac9d8,f50f330cb288ad1f0ba5b6ca6f2bc834768b0812346f7731284170a9a6fbd571,192.000,44100,2,verified,2026-08-01,,
focus_jamendo_2208659,focus,jamendo-api-open-focus,2208659,Solitude,Peter Widu,jamendo_artist_556826,jamendo_album_582071,,258.821,https://www.jamendo.com/track/2208659,https://api.jamendo.com/v3.0/tracks/file/?client_id={client_id}&id=2208659&audioformat=mp32&action=download,Creative Commons Attribution-Non-Commercial-No Derivatives license,http://creativecommons.org/licenses/by-nc-nd/3.0/,meditation,ambient,soundscape synthesizer,meditation,Jamendo API vocalinstrumental=instrumental,Jamendo API speed=verylow,mp32,1088,165,selected,validation,focus_music/focus_jamendo_2208659.mp3,45f16618c364ebf51c8671ca761f9d8c42573ba23c0c39d0eb4bd86dd74072e3,ab7e3d7f5d27c938e952dd5c69ca63c2cbc3ae91966d42cc4ec8280bc0ed03d6,192.000,44100,2,verified,2026-08-01,,
focus_jamendo_2022629,focus,jamendo-api-open-focus,2022629,Yoga Meditation with Rain,Flybird Audio,jamendo_artist_484615,jamendo_album_517050,,480.052,https://www.jamendo.com/track/2022629,https://api.jamendo.com/v3.0/tracks/file/?client_id={client_id}&id=2022629&audioformat=mp32&action=download,Creative Commons Attribution-Non-Commercial-No Derivatives license,http://creativecommons.org/licenses/by-nc-nd/3.0/,meditation,ambient newage,synthesizer,meditation,Jamendo API vocalinstrumental=instrumental,Jamendo API speed=low,mp32,11086,79,selected,validation,focus_music/focus_jamendo_2022629.mp3,d65e25fb5538192e6e10c0eeaa654a78317342ffb39ffb622b259700c3b26ad1,36ed6c68eb40fd445b130a433be6818edfd211990309e7bd6189b1cdfe28efda,192.000,44100,2,verified,2026-08-01,,
focus_jamendo_2234790,focus,jamendo-api-open-focus,2234790,Fading into Hope,BlackTrendMusic,jamendo_artist_595802,jamendo_album_594519,,260.075,https://www.jamendo.com/track/2234790,https://api.jamendo.com/v3.0/tracks/file/?client_id={client_id}&id=2234790&audioformat=mp32&action=download,Creative Commons Attribution-Non-Commercial-No Derivatives license,http://creativecommons.org/licenses/by-nc-nd/3.0/,meditation,newage,soundscape synthesizer,meditation,Jamendo API vocalinstrumental=instrumental,Jamendo API speed=verylow,mp32,1063,285,selected,discovery,focus_music/focus_jamendo_2234790.mp3,414d63ae863ee71d571d3fa70b05671dc160af505233579daef197b3e5a59a83,81af23bc3b49273ca7a484fb09fa6d17a8534d3c6ca25af480105b0b6a4e6ce8,192.000,44100,2,verified,2026-08-01,,
focus_jamendo_2209988,focus,jamendo-api-open-focus,2209988,Meditation Sleep Music,Crystal Wave,jamendo_artist_489261,jamendo_album_582792,,561.502,https://www.jamendo.com/track/2209988,https://api.jamendo.com/v3.0/tracks/file/?client_id={client_id}&id=2209988&audioformat=mp32&action=download,Creative Commons Attribution-Non-Commercial-No Derivatives license,http://creativecommons.org/licenses/by-nc-nd/3.0/,meditation,newage,soundscape synthesizer,meditation,Jamendo API vocalinstrumental=instrumental,Jamendo API speed=verylow,mp32,11063,88,selected,discovery,focus_music/focus_jamendo_2209988.mp3,db9cb57a5d223ccdbbd5821f61468ecfff51b24b9d75f8f49d7e1b4a7281a959,9fb672c7a2210f4653dc3521d5796283f3bed942f675a11a554fdc11f89b61f7,192.000,44100,2,verified,2026-08-01,,
focus_jamendo_2060537,focus,jamendo-api-open-focus,2060537,Meditation,Aleksandr Vladimirov,jamendo_artist_530744,jamendo_album_530411,,235.703,https://www.jamendo.com/track/2060537,https://api.jamendo.com/v3.0/tracks/file/?client_id={client_id}&id=2060537&audioformat=mp32&action=download,Creative Commons Attribution-Non-Commercial-No Derivatives license,http://creativecommons.org/licenses/by-nc-nd/3.0/,meditation,ambient,piano synthesizer,meditation,Jamendo API vocalinstrumental=instrumental,Jamendo API speed=verylow,mp32,11088,49,selected,holdout,focus_music/focus_jamendo_2060537.mp3,b926af2f4e97d8514074e999709eb4be241da779a6fb4e2602b2399d17425e5d,cbff57e14e9fbface59eaac35441686511fec89152f096a411fff3f4d3222644,192.000,44100,2,verified,2026-08-01,,
focus_jamendo_1685030,focus,jamendo-api-open-focus,1685030,Monochrome,GroovyVoxx,jamendo_artist_359341,jamendo_album_187683,First Light,197.000,https://www.jamendo.com/track/1685030,https://api.jamendo.com/v3.0/tracks/file/?client_id={client_id}&id=1685030&audioformat=mp32&action=download,Creative Commons Attribution-Non-Commercial-No Derivatives license,http://creativecommons.org/licenses/by-nc-nd/3.0/,meditation,ambient,soundscape synthesizer,meditation,Jamendo API vocalinstrumental=instrumental,Jamendo API speed=verylow,mp32,1088,173,selected,holdout,focus_music/focus_jamendo_1685030.mp3,fe1c7149e59b72cb0dda90d2436f459ba40af2dc1120b0c2e94d8e5aa37290e2,1ed3228c9dbec45542e8ee0de1e467805f12cc17a0d502988163f04c14af2498,155.567,44100,2,verified,2026-08-01,,
focus_jamendo_1797025,focus,jamendo-api-open-focus,1797025,The Yellow Sea 黄海 | Relaxing Meditation Music,The Piano Lady (Lena Orsa),jamendo_artist_494669,jamendo_album_406873,,246.073,https://www.jamendo.com/track/1797025,https://api.jamendo.com/v3.0/tracks/file/?client_id={client_id}&id=1797025&audioformat=mp32&action=download,Creative Commons Attribution-Non-Commercial-No Derivatives license,http://creativecommons.org/licenses/by-nc-nd/3.0/,meditation,ambient newage,piano,meditation,Jamendo API vocalinstrumental=instrumental,Jamendo API speed=low,mp32,11086,80,selected,discovery,focus_music/focus_jamendo_1797025.mp3,028f230d55ab4f60d782349bf043e9ff7798efaca48616279892469f16001f5e,eaf5e004dd4ac917ff4617f4bfbbf8140974c2949c926d19956cc044fb60ae7c,173.549,44100,2,verified,2026-08-01,,
focus_jamendo_2255191,focus,jamendo-api-open-focus,2255191,Meditation and Relax,AskharMusic,jamendo_artist_599717,jamendo_album_603971,,388.624,https://www.jamendo.com/track/2255191,https://api.jamendo.com/v3.0/tracks/file/?client_id={client_id}&id=2255191&audioformat=mp32&action=download,Creative Commons Attribution-Non-Commercial-No Derivatives license,http://creativecommons.org/licenses/by-nc-nd/3.0/,meditation,newage,piano synthesizer,meditation,Jamendo API vocalinstrumental=instrumental,Jamendo API speed=verylow,mp32,11063,89,selected,discovery,focus_music/focus_jamendo_2255191.mp3,b87601b48c88e81272aba1c0d85e8d41f4356693d10ce5e772d5843087cb9f2a,bf2362475dd3a9483b26541fb76ba46f0341fe3e89282ff7ec32b3c5ab8f03f1,192.000,44100,2,verified,2026-08-01,,
focus_jamendo_1785989,focus,jamendo-api-open-focus,1785989,covid,nikproteus,jamendo_artist_508884,jamendo_album_417046,,288.000,https://www.jamendo.com/track/1785989,https://api.jamendo.com/v3.0/tracks/file/?client_id={client_id}&id=1785989&audioformat=mp32&action=download,Creative Commons Attribution-Non-Commercial-No Derivatives license,http://creativecommons.org/licenses/by-nc-nd/3.0/,meditation,ambient,soundscape synthesizer,meditation,Jamendo API vocalinstrumental=instrumental,Jamendo API speed=verylow,mp32,1088,175,selected,discovery,focus_music/focus_jamendo_1785989.mp3,e8a57f87b328d3eb6f239f624b36bec1ad89bc7266aebea996e83fda85d048ec,473f4c879abdc127b2ebf6fe92ec81eb4f6cbc474dfde82494d0dcbd1f975e9d,162.207,44100,2,verified,2026-08-01,,
focus_jamendo_2160682,focus,jamendo-api-open-focus,2160682,Cosmic wind Pt. 2,AMBIENTIC,jamendo_artist_427251,jamendo_album_562342,,1069.296,https://www.jamendo.com/track/2160682,https://api.jamendo.com/v3.0/tracks/file/?client_id={client_id}&id=2160682&audioformat=mp32&action=download,Creative Commons Attribution-Non-Commercial-No Derivatives license,http://creativecommons.org/licenses/by-nc-nd/3.0/,meditation,ambient,soundscape synthesizer,meditation,Jamendo API vocalinstrumental=instrumental,Jamendo API speed=verylow,mp32,1088,177,selected,validation,focus_music/focus_jamendo_2160682.mp3,7670f9b531a366cf88379e656d6e5f54c0d0e5aa603e64dddbd9dc2705db0110,a63d30c77ba1c774084ca8e134b97cec16962258b27658bb46415910c0ce2110,192.000,44100,2,verified,2026-08-01,,
focus_jamendo_1056129,focus,jamendo-api-open-focus,1056129,deef - Eine ganz normale Woche im Paralleluniversum - 06 Wanderblasen,deef,jamendo_artist_436517,jamendo_album_124520,Eine ganz normale Woche im Paralleluniversum,328.000,https://www.jamendo.com/track/1056129,https://api.jamendo.com/v3.0/tracks/file/?client_id={client_id}&id=1056129&audioformat=mp32&action=download,Creative Commons Attribution-Non-Commercial-Share-Alike license,http://creativecommons.org/licenses/by-nc-sa/3.0/,meditation,ambient,piano synthesizer,meditation,Jamendo API vocalinstrumental=instrumental,Jamendo API speed=verylow,mp32,1088,180,selected,discovery,focus_music/focus_jamendo_1056129.mp3,9d61f202afeb8e2dc7fbba176e34f1155d587053ffbe79b362742754214f8cc9,ba20ad6d1c29c8e68abb76dd0efc37900d674aaf937442d5d110c6606d52b8cd,201.751,44100,2,verified,2026-08-01,,
focus_jamendo_1621763,focus,jamendo-api-open-focus,1621763,The last step,Joa Rajadel,jamendo_artist_456883,jamendo_album_296848,,357.433,https://www.jamendo.com/track/1621763,https://api.jamendo.com/v3.0/tracks/file/?client_id={client_id}&id=1621763&audioformat=mp32&action=download,Creative Commons Attribution-Non-Commercial-No Derivatives license,http://creativecommons.org/licenses/by-nc-nd/3.0/,meditation,ambient chillout,piano,meditation,Jamendo API vocalinstrumental=instrumental,Jamendo API speed=low,mp32,1086,251,selected,holdout,focus_music/focus_jamendo_1621763.mp3,3c5177b7062de86205733d8a9ca04225ec8366157f13a9b7c16c5e01b253e43f,37bcb494f9e247184b898732711232eb79beb8b667d962a79ef9a48e0b8ec7fb,191.965,44100,2,verified,2026-08-01,,
focus_jamendo_1357893,focus,jamendo-api-open-focus,1357893,simple things №5,dAb_st,jamendo_artist_491308,jamendo_album_215827,,338.704,https://www.jamendo.com/track/1357893,https://api.jamendo.com/v3.0/tracks/file/?client_id={client_id}&id=1357893&audioformat=mp32&action=download,Creative Commons Attribution-Non-Commercial-No Derivatives license,http://creativecommons.org/licenses/by-nc-nd/3.0/,meditation,ambient chillout,piano,meditation,Jamendo API vocalinstrumental=instrumental,Jamendo API speed=low,mp32,1086,254,selected,validation,focus_music/focus_jamendo_1357893.mp3,ffd9c7fabe61005ef025d3138570d36636094e9d843c1cf3f7e7ae3d1b53a24c,121ee0c515126c7e4a13b34eeca6bfcc52295153f6102c78474360e3d975c662,190.480,44100,2,verified,2026-08-01,,
focus_jamendo_1522335,focus,jamendo-api-open-focus,1522335,Exhale Exercise 4,Solxis,jamendo_artist_435992,jamendo_album_174880,Deep Spa Relax Volume 3,255.000,https://www.jamendo.com/track/1522335,https://api.jamendo.com/v3.0/tracks/file/?client_id={client_id}&id=1522335&audioformat=mp32&action=download,Creative Commons Attribution-Non-Commercial-No Derivatives license,http://creativecommons.org/licenses/by-nc-nd/3.0/,meditation,ambient,soundscape synthesizer,meditation,Jamendo API vocalinstrumental=instrumental,Jamendo API speed=verylow,mp32,1088,186,selected,discovery,focus_music/focus_jamendo_1522335.mp3,0e6eb4709efdcf5602521eab39c49c2f5c7827ffcf38314dc6fdebc9b78ded5d,b975b1855ea93e1cfce27f1f46264dcfe95e9957a9a7514011d392858936b17b,186.982,44100,2,verified,2026-08-01,,
focus_jamendo_1522321,focus,jamendo-api-open-focus,1522321,Hold Breath Exercise 10,Solxis,jamendo_artist_435992,jamendo_album_174881,Deep Spa Relax Volume 2,296.000,https://www.jamendo.com/track/1522321,https://api.jamendo.com/v3.0/tracks/file/?client_id={client_id}&id=1522321&audioformat=mp32&action=download,Creative Commons Attribution-Non-Commercial-No Derivatives license,http://creativecommons.org/licenses/by-nc-nd/3.0/,meditation,ambient,soundscape synthesizer,meditation,Jamendo API vocalinstrumental=instrumental,Jamendo API speed=verylow,mp32,1088,190,selected,discovery,focus_music/focus_jamendo_1522321.mp3,ae9a227689c43c775f91f48e571d2005a0918334c6642c4048bd5260970cf355,cb2587699b6a06f8e3e1ea203cd016b16d99989d59a3ed36229b1d9c8230825d,174.376,44100,2,verified,2026-08-01,,
focus_jamendo_1798108,focus,jamendo-api-open-focus,1798108,A and A,pharmacopia,jamendo_artist_002838,jamendo_album_196715,hmm,645.747,https://www.jamendo.com/track/1798108,https://api.jamendo.com/v3.0/tracks/file/?client_id={client_id}&id=1798108&audioformat=mp32&action=download,Creative Commons Attribution-Non-Commercial-No Derivatives license,http://creativecommons.org/licenses/by-nc-nd/3.0/,meditation,ambient drone,soundscape,meditation,Jamendo API vocalinstrumental=instrumental,Jamendo API speed=low,mp32,1086,255,selected,holdout,focus_music/focus_jamendo_1798108.mp3,61fe215fd03773475d0db28d4e48a80ba689c2cb6e7e279dc0d1849dead168eb,fef06d518addd528b15dd242326a973c14fbbb370e3166dd7dccbeee61d15267,190.401,44100,2,verified,2026-08-01,,
focus_jamendo_1842470,focus,jamendo-api-open-focus,1842470,così lontano,bessarrene,jamendo_artist_536407,jamendo_album_200486,Così lontano...,404.062,https://www.jamendo.com/track/1842470,https://api.jamendo.com/v3.0/tracks/file/?client_id={client_id}&id=1842470&audioformat=mp32&action=download,Creative Commons Attribution-Non-Commercial-No Derivatives license,http://creativecommons.org/licenses/by-nc-nd/3.0/,meditation,ambient newage,synthesizer,meditation,Jamendo API vocalinstrumental=instrumental,Jamendo API speed=low,mp32,1086,256,selected,discovery,focus_music/focus_jamendo_1842470.mp3,19d92e7a3757c6fd0b2f455f3359aa2a9c261d3ec735abf83ea9a82c312460ed,c9019e8ac69ae27b1f8bb0a4f12ffde8c04acc3ff9f793b073f5a2b4080da9a3,184.011,44100,2,verified,2026-08-01,,
focus_jamendo_2165080,focus,jamendo-api-open-focus,2165080,Alone again,Livio Amato,jamendo_artist_485003,jamendo_album_563935,,211.801,https://www.jamendo.com/track/2165080,https://api.jamendo.com/v3.0/tracks/file/?client_id={client_id}&id=2165080&audioformat=mp32&action=download,Creative Commons Attribution-Non-Commercial-No Derivatives license,http://creativecommons.org/licenses/by-nc-nd/3.0/,meditation,newage,piano soundscape,meditation,Jamendo API vocalinstrumental=instrumental,Jamendo API speed=verylow,mp32,1063,294,selected,validation,focus_music/focus_jamendo_2165080.mp3,cfe8fa182743d2c98b337cf8304c17486de7f504ca751927ce862e9718ac7330,a7e9f76aa13a841826a7b4af803147aafb35920cc3cb2c8b02705030b4745870,192.000,44100,2,verified,2026-08-01,,
focus_jamendo_1900437,focus,jamendo-api-open-focus,1900437,Mediante magica,131312,jamendo_artist_542588,jamendo_album_462114,131312 - Live set Vol. III,364.800,https://www.jamendo.com/track/1900437,https://api.jamendo.com/v3.0/tracks/file/?client_id={client_id}&id=1900437&audioformat=mp32&action=download,Creative Commons Attribution-Non-Commercial-No Derivatives license,http://creativecommons.org/licenses/by-nc-nd/3.0/,meditation relaxing,ambient,,meditation,Jamendo API vocalinstrumental=instrumental,Jamendo API speed=low,mp32,2106,124,selected,holdout,focus_music/focus_jamendo_1900437.mp3,0e883f69aaa2610f25633cbde3c5ce06ead23d1980b247e8f4d6faebb8d1f979,130703461081de216cc6efc1ddd2f11b06bd73a7c1533c1d29ed1fd4c05fbec5,192.000,44100,2,verified,2026-08-01,,
focus_jamendo_1522332,focus,jamendo-api-open-focus,1522332,Exhale Exercise 12,Solxis,jamendo_artist_435992,jamendo_album_174880,Deep Spa Relax Volume 3,268.000,https://www.jamendo.com/track/1522332,https://api.jamendo.com/v3.0/tracks/file/?client_id={client_id}&id=1522332&audioformat=mp32&action=download,Creative Commons Attribution-Non-Commercial-No Derivatives license,http://creativecommons.org/licenses/by-nc-nd/3.0/,meditation,ambient,soundscape synthesizer,meditation,Jamendo API vocalinstrumental=instrumental,Jamendo API speed=verylow,mp32,1088,197,selected,discovery,focus_music/focus_jamendo_1522332.mp3,6fa43ee77686097635fc1c9f20e4f8571dae2e314f5499f637ae4781d7b2379d,509dcc9774062d90e405740b3fdfaf73cc763fe2095fe179deabf75501d9dca0,178.248,44100,2,verified,2026-08-01,,
focus_jamendo_1900645,focus,jamendo-api-open-focus,1900645,Ambient Drone Theme,TheQLon,jamendo_artist_503399,jamendo_album_462326,,198.661,https://www.jamendo.com/track/1900645,https://api.jamendo.com/v3.0/tracks/file/?client_id={client_id}&id=1900645&audioformat=mp32&action=download,Creative Commons Attribution-Non-Commercial-No Derivatives license,http://creativecommons.org/licenses/by-nc-nd/3.0/,meditation,ambient chillout,soundscape,meditation,Jamendo API vocalinstrumental=instrumental,Jamendo API speed=low,mp32,1086,265,selected,discovery,focus_music/focus_jamendo_1900645.mp3,eeb0d0a370ba0df968bb9eca1c766d1a9f8fae03f04189ecbf894ba44d156d2e,5b7cfa1b6a2be0621d903218c6ae645ef706b2d25adb1fe7bd4610fedb9b27d5,172.255,44100,2,verified,2026-08-01,,
focus_jamendo_1906117,focus,jamendo-api-open-focus,1906117,Midnight Contemplation,DHDMusic,jamendo_artist_509200,jamendo_album_464997,,228.000,https://www.jamendo.com/track/1906117,https://api.jamendo.com/v3.0/tracks/file/?client_id={client_id}&id=1906117&audioformat=mp32&action=download,Creative Commons Attribution-Non-Commercial license,http://creativecommons.org/licenses/by-nc/3.0/,meditation,ambient,piano soundscape,meditation,Jamendo API vocalinstrumental=instrumental,Jamendo API speed=verylow,mp32,1088,198,selected,validation,focus_music/focus_jamendo_1906117.mp3,25fca6e342f5a71ee0ba48fca240c17240784dee6abe2cfaa3f1d6ddfef9411c,72103b95f880fe1e7754e39cee07907112546ed603012d741ddf11a82f7c5dae,196.173,44100,2,verified,2026-08-01,,
focus_jamendo_1867616,focus,jamendo-api-open-focus,1867616,Documentary Ambient Background,Alexander Lyamin,jamendo_artist_508418,jamendo_album_446928,,160.000,https://www.jamendo.com/track/1867616,https://api.jamendo.com/v3.0/tracks/file/?client_id={client_id}&id=1867616&audioformat=mp32&action=download,Creative Commons Attribution-Non-Commercial-No Derivatives license,http://creativecommons.org/licenses/by-nc-nd/3.0/,meditation,ambient,piano synthesizer,meditation,Jamendo API vocalinstrumental=instrumental,Jamendo API speed=verylow,mp32,1088,201,selected,validation,focus_music/focus_jamendo_1867616.mp3,96cb2cc434460734a04b9318adf44cba390842637a93dd289d637d1efbe52d34,662dc50e61240e441092e5feac54ecaef439a4a4cda9c4cf38050ef73e1d26d9,189.591,44100,2,verified,2026-08-01,,
focus_jamendo_1900439,focus,jamendo-api-open-focus,1900439,Thapsia Villosa,131312,jamendo_artist_542588,jamendo_album_462114,131312 - Live set Vol. III,253.309,https://www.jamendo.com/track/1900439,https://api.jamendo.com/v3.0/tracks/file/?client_id={client_id}&id=1900439&audioformat=mp32&action=download,Creative Commons Attribution-Non-Commercial-No Derivatives license,http://creativecommons.org/licenses/by-nc-nd/3.0/,meditation relaxing,ambient,,meditation,Jamendo API vocalinstrumental=instrumental,Jamendo API speed=low,mp32,2106,125,selected,holdout,focus_music/focus_jamendo_1900439.mp3,dbe9d8fbbf040638d6d63e193129e6345f06b36287c628a3b53a6069f370ab4b,bb78fcdbdc170fe0cb0263f051b5066d31c27a8b47fc07dd8a18662640c4432f,192.000,44100,2,verified,2026-08-01,,
focus_jamendo_1868402,focus,jamendo-api-open-focus,1868402,Never give up,télétype2000,jamendo_artist_502867,jamendo_album_447220,,180.062,https://www.jamendo.com/track/1868402,https://api.jamendo.com/v3.0/tracks/file/?client_id={client_id}&id=1868402&audioformat=mp32&action=download,Creative Commons Attribution-Non-Commercial-Share-Alike license,http://creativecommons.org/licenses/by-nc-sa/3.0/,meditation,ambient lofi,synthesizer,meditation,Jamendo API vocalinstrumental=instrumental,Jamendo API speed=low,mp32,1136,130,selected,validation,focus_music/focus_jamendo_1868402.mp3,26343aab528a1d5f084fdf03b425a48365c6ce9dad4639fc2542f25cd4d5e730,7a50e9c9a2c514bf5fb7411ae05759659af280ddb5524a87ba6b3bff65ba1be7,183.485,44100,2,verified,2026-08-01,,
focus_jamendo_2160158,focus,jamendo-api-open-focus,2160158,Meditative,Sound Gallery by Dmitry Taras,jamendo_artist_488965,jamendo_album_562034,,355.056,https://www.jamendo.com/track/2160158,https://api.jamendo.com/v3.0/tracks/file/?client_id={client_id}&id=2160158&audioformat=mp32&action=download,Creative Commons Attribution-Non-Commercial-No Derivatives license,http://creativecommons.org/licenses/by-nc-nd/3.0/,meditation,ambient,soundscape synthesizer,meditation,Jamendo API vocalinstrumental=instrumental,Jamendo API speed=verylow,mp32,11088,68,selected,discovery,focus_music/focus_jamendo_2160158.mp3,2c1a72821e63d3e081735acf2d13fe1f783061d6c53305fb2c4c3ef5d4a13f4e,b4c16361bd845ea478f4509c9797cc17e2104363b028740adb9892a042b7b74a,192.000,44100,2,verified,2026-08-01,,
focus_jamendo_1832577,focus,jamendo-api-open-focus,1832577,Tiempo (piano),Miguel Angel Albentosa Bó (MaaBo),jamendo_artist_486442,jamendo_album_429052,,306.286,https://www.jamendo.com/track/1832577,https://api.jamendo.com/v3.0/tracks/file/?client_id={client_id}&id=1832577&audioformat=mp32&action=download,Creative Commons Attribution-Non-Commercial-No Derivatives license,http://creativecommons.org/licenses/by-nc-nd/3.0/,meditation,ambient newage,piano,meditation,Jamendo API vocalinstrumental=instrumental,Jamendo API speed=low,mp32,1086,274,selected,holdout,focus_music/focus_jamendo_1832577.mp3,88b5e13d47e0d4bb885288dfb323c023549bd2a7c0b5d5f0850b192cd644b328,57cb0ebbb7639c66d54004254ac90ff3675517d6b667589590da188066151240,148.760,44100,2,verified,2026-08-01,,
focus_jamendo_1560365,focus,jamendo-api-open-focus,1560365,Calm Meditation,BDKSonic,jamendo_artist_486550,jamendo_album_425035,,203.807,https://www.jamendo.com/track/1560365,https://api.jamendo.com/v3.0/tracks/file/?client_id={client_id}&id=1560365&audioformat=mp32&action=download,Creative Commons Attribution-Non-Commercial license,http://creativecommons.org/licenses/by-nc/3.0/,meditation,ambient,soundscape synthesizer,meditation,Jamendo API vocalinstrumental=instrumental,Jamendo API speed=low,mp32,11086,70,selected,discovery,focus_music/focus_jamendo_1560365.mp3,2701c29a4fcd4a252d7568d7977e29719768702323ddb5836b54beb2bbb9fca7,b85397fe82264b788f3a0dfc807e583c54f34bc57790ca7eb80e566e99cad0da,169.398,44100,2,verified,2026-08-01,,
focus_jamendo_1816033,focus,jamendo-api-open-focus,1816033,I Will Meet You There Some Day,Morgan Kluck-Keil,jamendo_artist_533093,jamendo_album_285513,,192.000,https://www.jamendo.com/track/1816033,https://api.jamendo.com/v3.0/tracks/file/?client_id={client_id}&id=1816033&audioformat=mp32&action=download,Creative Commons Attribution-Non-Commercial-No Derivatives license,http://creativecommons.org/licenses/by-nc-nd/3.0/,meditation,ambient chillout,,meditation,Jamendo API vocalinstrumental=instrumental,Jamendo API speed=verylow,mp32,1088,137,selected,validation,focus_music/focus_jamendo_1816033.mp3,be3ec9dd060fefc47ffeab7f789d0d6213324ce7e5973d433195adb54691eb03,ac55b5eb97363115372938108a8a998465363e041fc0ca644cfce8826138920f,152.906,44100,2,verified,2026-08-01,,
focus_jamendo_1677809,focus,jamendo-api-open-focus,1677809,The Third Eye,Tab,jamendo_artist_348835,jamendo_album_187053,Awakening Gaia,314.462,https://www.jamendo.com/track/1677809,https://api.jamendo.com/v3.0/tracks/file/?client_id={client_id}&id=1677809&audioformat=mp32&action=download,Creative Commons Attribution-Non-Commercial-No Derivatives license,http://creativecommons.org/licenses/by-nc-nd/3.0/,meditation,newage,soundscape synthesizer,meditation,Jamendo API vocalinstrumental=instrumental,Jamendo API speed=low,mp32,1061,298,selected,holdout,focus_music/focus_jamendo_1677809.mp3,c102a52f4ef6e0c54c57570791fa7f2f2c2ee222175051bfb19eeac7c397c606,a6b562e11b40f5613bca207fe8c7287d0101f0815db22b9a42355e167dd748eb,173.315,44100,2,verified,2026-08-01,,
focus_jamendo_1161853,focus,jamendo-api-open-focus,1161853,Haute voltige,Eddy BOUSSETTA,jamendo_artist_338522,jamendo_album_139570,PIANO VOL3,153.600,https://www.jamendo.com/track/1161853,https://api.jamendo.com/v3.0/tracks/file/?client_id={client_id}&id=1161853&audioformat=mp32&action=download,Creative Commons Attribution-Non-Commercial-Share-Alike license,http://creativecommons.org/licenses/by-nc-sa/3.0/,meditation,ambient,piano synthesizer,meditation,Jamendo API vocalinstrumental=instrumental,Jamendo API speed=low,mp32,1086,218,selected,validation,focus_music/focus_jamendo_1161853.mp3,e24638065720e0396f756cba409073f80660f254d1971217522ea12be5b2d9ab,115aa66e1897c72e3eea7ff0fcdd8798595659639c9fabf0f758e41168bf6dfe,164.360,44100,2,verified,2026-08-01,,
focus_jamendo_1979493,focus,jamendo-api-open-focus,1979493,Music_For_INOUE-U-220717-184710-gt_Urawa-Comunale_mixed_220723-OCPL00000-Ambient_Samurai,Ambient Samurai - Ichiro NAKAGAWA,jamendo_artist_357163,jamendo_album_499395,,306.181,https://www.jamendo.com/track/1979493,https://api.jamendo.com/v3.0/tracks/file/?client_id={client_id}&id=1979493&audioformat=mp32&action=download,Creative Commons Attribution license,http://creativecommons.org/licenses/by/3.0/,meditation,ambient,soundscape synthesizer,meditation,Jamendo API vocalinstrumental=instrumental,Jamendo API speed=low,mp32,1086,219,selected,discovery,focus_music/focus_jamendo_1979493.mp3,c3f561d3a8b6efe0defd666500a7f7c05efa88be949c7154fa07b565e4377589,1f9899bbe465fee3f4c02df52c90efd858f17da52ea53d033f3afa57726d71ac,192.000,44100,2,verified,2026-08-01,,
focus_jamendo_0016398,focus,jamendo-api-open-focus,16398,Eau bénite et feu sacré,Philippe Mangold,jamendo_artist_000872,jamendo_album_002334,Voyage dans l'éther,245.000,https://www.jamendo.com/track/16398,https://api.jamendo.com/v3.0/tracks/file/?client_id={client_id}&id=16398&audioformat=mp32&action=download,Creative Commons Attribution-Non-Commercial-Share-Alike license,http://creativecommons.org/licenses/by-nc-sa/2.0/fr/,meditation,ambient newage,,meditation,Jamendo API vocalinstrumental=instrumental,Jamendo API speed=verylow,mp32,1088,147,selected,holdout,focus_music/focus_jamendo_0016398.mp3,e2c92f533baf40a1bc944ddd548f678245085cebcf53165174a0ef47f9afe974,2bd641467cdb10f13878a0fbcff9a6cae68c3ecee6ed4aaa395f9d71ba08d2ba,204.915,44100,2,verified,2026-08-01,,
focus_jamendo_1522319,focus,jamendo-api-open-focus,1522319,Hold Breath Exercise 8,Solxis,jamendo_artist_435992,jamendo_album_174881,Deep Spa Relax Volume 2,253.571,https://www.jamendo.com/track/1522319,https://api.jamendo.com/v3.0/tracks/file/?client_id={client_id}&id=1522319&audioformat=mp32&action=download,Creative Commons Attribution-Non-Commercial-No Derivatives license,http://creativecommons.org/licenses/by-nc-nd/3.0/,meditation,ambient,soundscape synthesizer,meditation,Jamendo API vocalinstrumental=instrumental,Jamendo API speed=low,mp32,1086,220,selected,discovery,focus_music/focus_jamendo_1522319.mp3,ab1bebef1bea5e0f4808211879dfc3b41b1c0fa0cf326abf710882b9045df751,45724ad1db1a6ce5f1795cfe89e96c6d4b2d8856eb748958bc9a33248c3c811d,182.643,44100,2,verified,2026-08-01,,
focus_jamendo_1056135,focus,jamendo-api-open-focus,1056135,deef - Eine ganz normale Woche im Paralleluniversum - 08 Doswidanja Kamischin ( Zu Hause mit 3 Kaminen ),deef,jamendo_artist_436517,jamendo_album_124520,Eine ganz normale Woche im Paralleluniversum,152.268,https://www.jamendo.com/track/1056135,https://api.jamendo.com/v3.0/tracks/file/?client_id={client_id}&id=1056135&audioformat=mp32&action=download,Creative Commons Attribution-Non-Commercial-Share-Alike license,http://creativecommons.org/licenses/by-nc-sa/3.0/,meditation,ambient,soundscape synthesizer,meditation,Jamendo API vocalinstrumental=instrumental,Jamendo API speed=low,mp32,1086,230,selected,discovery,focus_music/focus_jamendo_1056135.mp3,ce0ddc5bc70f7966dee2cce02ddf781646d6e1c697defc17a1c090c5e30d14ad,8b85dd2ec2d686e0a184fa47d344c2310110bb87dc059886b0b852d4b648c66c,198.524,44100,2,verified,2026-08-01,,
focus_jamendo_1302666,focus,jamendo-api-open-focus,1302666,Meditation 3,Anjey Satori,jamendo_artist_365568,jamendo_album_154974,Sound of Nature for Meditation,472.000,https://www.jamendo.com/track/1302666,https://api.jamendo.com/v3.0/tracks/file/?client_id={client_id}&id=1302666&audioformat=mp32&action=download,Creative Commons Attribution-Non-Commercial-No Derivatives license,http://creativecommons.org/licenses/by-nc-nd/3.0/,meditation,ambient newage,,meditation,Jamendo API vocalinstrumental=instrumental,Jamendo API speed=verylow,mp32,11088,44,selected,discovery,focus_music/focus_jamendo_1302666.mp3,04bf3a0f392f9db3dbce24d72018ed1a47988d53731b8cd82a0b8d588da5b936,664839037307fcd1edb6133a949698e890101620360f42d105c142c40a4c7f44,179.510,44100,2,verified,2026-08-01,,
focus_jamendo_1987334,focus,jamendo-api-open-focus,1987334,Middle East,Alexiaction,jamendo_artist_505520,jamendo_album_503140,,182.000,https://www.jamendo.com/track/1987334,https://api.jamendo.com/v3.0/tracks/file/?client_id={client_id}&id=1987334&audioformat=mp32&action=download,Creative Commons Attribution-Non-Commercial-No Derivatives license,http://creativecommons.org/licenses/by-nc-nd/3.0/,meditation,ambient downtempo,,meditation,Jamendo API vocalinstrumental=instrumental,Jamendo API speed=verylow,mp32,1088,168,selected,validation,focus_music/focus_jamendo_1987334.mp3,0a4507e08f4a4d2f14360e45644854261df9b32f6e283f08c42b24621a268e5c,adcc398ddddc57027bf8405789ce8fe00ba59928365050651135a8e4029d6bb1,192.000,44100,2,verified,2026-08-01,,
focus_jamendo_1677808,focus,jamendo-api-open-focus,1677808,Within the Crystal Grid,Tab,jamendo_artist_348835,jamendo_album_187053,Awakening Gaia,187.376,https://www.jamendo.com/track/1677808,https://api.jamendo.com/v3.0/tracks/file/?client_id={client_id}&id=1677808&audioformat=mp32&action=download,Creative Commons Attribution-Non-Commercial-No Derivatives license,http://creativecommons.org/licenses/by-nc-nd/3.0/,meditation,ambient,soundscape synthesizer,meditation,Jamendo API vocalinstrumental=instrumental,Jamendo API speed=low,mp32,1086,241,selected,holdout,focus_music/focus_jamendo_1677808.mp3,536e8e53850e8023fcb6fed64be329fa67d5b8a0562e335988bffd09cbbcfc59,01fa6b39ea03211865227cef4c4a96044a81a0d393d3a58f36b7489a74f2f1bc,172.809,44100,2,verified,2026-08-01,,
focus_jamendo_1542218,focus,jamendo-api-open-focus,1542218,(N)orth,Tonepoet,jamendo_artist_507576,jamendo_album_176359,relics,239.882,https://www.jamendo.com/track/1542218,https://api.jamendo.com/v3.0/tracks/file/?client_id={client_id}&id=1542218&audioformat=mp32&action=download,Creative Commons Attribution-Share-Alike license,http://creativecommons.org/licenses/by-sa/3.0/,meditation,ambient,soundscape synthesizer,meditation,Jamendo API vocalinstrumental=instrumental,Jamendo API speed=low,mp32,1086,242,selected,discovery,focus_music/focus_jamendo_1542218.mp3,236cc698bb098abc093bfe559024579561f3ec0a89b81ee4250084894da2ea56,c210aa8a1790ac9c18396f550b20409639996d73297298a25518267c9f1545db,183.243,44100,2,verified,2026-08-01,,
focus_jamendo_1156277,focus,jamendo-api-open-focus,1156277,Meditation,Anjey Satori,jamendo_artist_365568,jamendo_album_138729,Relax with Forest,568.000,https://www.jamendo.com/track/1156277,https://api.jamendo.com/v3.0/tracks/file/?client_id={client_id}&id=1156277&audioformat=mp32&action=download,Creative Commons Attribution-Non-Commercial-No Derivatives license,http://creativecommons.org/licenses/by-nc-nd/3.0/,meditation,ambient newage,,meditation,Jamendo API vocalinstrumental=instrumental,Jamendo API speed=verylow,mp32,11088,55,selected,discovery,focus_music/focus_jamendo_1156277.mp3,a8b10a95ee2a98bfdccd00bf7decb8bb69dec4999ff2b1748b0de28b1e93729d,51b68130aa75b7698c41298e041b330ac2a9c81af162157bda85e9b60a198e09,184.590,44100,2,verified,2026-08-01,,
focus_jamendo_2002309,focus,jamendo-api-open-focus,2002309,White Portal,Asa Taura,jamendo_artist_484962,jamendo_album_509709,,225.000,https://www.jamendo.com/track/2002309,https://api.jamendo.com/v3.0/tracks/file/?client_id={client_id}&id=2002309&audioformat=mp32&action=download,Creative Commons Attribution-Non-Commercial-No Derivatives license,http://creativecommons.org/licenses/by-nc-nd/3.0/,meditation,ambient drone,,meditation,Jamendo API vocalinstrumental=instrumental,Jamendo API speed=verylow,mp32,1088,191,selected,discovery,focus_music/focus_jamendo_2002309.mp3,95204257ee0f339fbf4736db2217409b895927d8ba0682b7f9199fe1624c6bfe,b4b2f92646c6e97f6974f73b2681c86a755877d5850762a8adbdaf8de364d2e8,192.000,44100,2,verified,2026-08-01,,
focus_jamendo_1127596,focus,jamendo-api-open-focus,1127596,SiJ - Realm of Eternal Rain,SiJ,jamendo_artist_370851,jamendo_album_135027,The Water Shrine,543.000,https://www.jamendo.com/track/1127596,https://api.jamendo.com/v3.0/tracks/file/?client_id={client_id}&id=1127596&audioformat=mp32&action=download,Creative Commons Attribution-Non-Commercial-No Derivatives license,http://creativecommons.org/licenses/by-nc-nd/3.0/,meditation,ambient drone,,meditation,Jamendo API vocalinstrumental=instrumental,Jamendo API speed=verylow,mp32,1088,196,selected,validation,focus_music/focus_jamendo_1127596.mp3,0a1148458739bb61b649a646025ba4d627d5b757184cce15fbaf5215f9caf821,8059879fb477984e396af7dea91803c28d9483165302491b49066d37a5c8d1a8,178.271,44100,2,verified,2026-08-01,,
focus_jamendo_1442910,focus,jamendo-api-open-focus,1442910,Ambient Meditation Music (Full Track),AudioSphere,jamendo_artist_463637,jamendo_album_422811,,190.000,https://www.jamendo.com/track/1442910,https://api.jamendo.com/v3.0/tracks/file/?client_id={client_id}&id=1442910&audioformat=mp32&action=download,Creative Commons Attribution-Non-Commercial license,http://creativecommons.org/licenses/by-nc/3.0/,meditation,ambient newage,,meditation,Jamendo API vocalinstrumental=instrumental,Jamendo API speed=verylow,mp32,11088,64,selected,discovery,focus_music/focus_jamendo_1442910.mp3,90435e46af7ae14a9a0ca6138b12747ebc1afa40bfbcc2fd627e5de897884338,b555ee977d433374582c18be0f806488e5d620c4b4c9df90f980e18e612f32a7,181.270,44100,2,verified,2026-08-01,,
focus_jamendo_1097142,focus,jamendo-api-open-focus,1097142,Sheen World,Win920,jamendo_artist_438134,jamendo_album_130847,Sheen World,263.000,https://www.jamendo.com/track/1097142,https://api.jamendo.com/v3.0/tracks/file/?client_id={client_id}&id=1097142&audioformat=mp32&action=download,Creative Commons Attribution-Share-Alike license,http://creativecommons.org/licenses/by-sa/3.0/,meditation relaxing,,synthesizer,meditation relaxing,Jamendo API vocalinstrumental=instrumental,Jamendo API speed=low,mp32,2081,129,selected,validation,focus_music/focus_jamendo_1097142.mp3,604b2f3b0b438a9e3450a00388ded03e9ae7f4202b39b4d409e89c7d4b194397,959544d2929bdc40a6fff11f39ad387c7333fb22cd7998e62badc7fbb25c0cbf,205.751,44100,2,verified,2026-08-01,,
focus_jamendo_1811125,focus,jamendo-api-open-focus,1811125,Purity,Snake Surikov,jamendo_artist_364293,jamendo_album_197920,Winter,196.075,https://www.jamendo.com/track/1811125,https://api.jamendo.com/v3.0/tracks/file/?client_id={client_id}&id=1811125&audioformat=mp32&action=download,Creative Commons Attribution-Non-Commercial-No Derivatives license,http://creativecommons.org/licenses/by-nc-nd/3.0/,meditation,ambient,soundscape synthesizer,meditation,Jamendo API vocalinstrumental=instrumental,Jamendo API speed=low,mp32,1086,273,selected,holdout,focus_music/focus_jamendo_1811125.mp3,4dfc150ffba5a56cec5034bdf481638ce8d303eef33d2efbffd9baac3d7a74fc,ad922b2af29865ce416a6ec8a601696292853ac1f4196cc4a24e5cb21cec656b,130.894,44100,2,verified,2026-08-01,,
focus_jamendo_2027199,focus,jamendo-api-open-focus,2027199,Meditation (Loopable version),GarnaVutka,jamendo_artist_462377,jamendo_album_518976,,338.000,https://www.jamendo.com/track/2027199,https://api.jamendo.com/v3.0/tracks/file/?client_id={client_id}&id=2027199&audioformat=mp32&action=download,Creative Commons Attribution-Non-Commercial-No Derivatives license,http://creativecommons.org/licenses/by-nc-nd/3.0/,meditation,ambient,synthesizer,meditation,Jamendo API vocalinstrumental=instrumental,Jamendo API speed=verylow,mp32,11088,30,selected,discovery,focus_music/focus_jamendo_2027199.mp3,1ff9b9ab161d6c414e248bc9c7ad3bc7b4416def2382c25239593693001ea103,8f04013224d94210847930a18f06ff07add8051d683ee688bf8609d2da94015a,192.000,44100,2,verified,2026-08-01,,
focus_jamendo_1989577,focus,jamendo-api-open-focus,1989577,Innerstanding,Macroform,jamendo_artist_004116,jamendo_album_503948,,647.000,https://www.jamendo.com/track/1989577,https://api.jamendo.com/v3.0/tracks/file/?client_id={client_id}&id=1989577&audioformat=mp32&action=download,Creative Commons Attribution-Non-Commercial-No Derivatives license,http://creativecommons.org/licenses/by-nc-nd/3.0/,meditation,newage,synthesizer,meditation,Jamendo API vocalinstrumental=instrumental,Jamendo API speed=verylow,mp32,1063,276,selected,discovery,focus_music/focus_jamendo_1989577.mp3,5a088d1f1c7e3a5779d74acc5ce88d87a80b41af4cef54ffb15db3421ee8831c,42742a8aa3008c20bc7f0529be640a5c09a526a2aa854527043c4bad0f155402,192.000,44100,2,verified,2026-08-01,,
focus_jamendo_1900840,focus,jamendo-api-open-focus,1900840,Deep Atmospheric Space Ambient 10,GubinDmitry,jamendo_artist_514780,jamendo_album_462416,,208.000,https://www.jamendo.com/track/1900840,https://api.jamendo.com/v3.0/tracks/file/?client_id={client_id}&id=1900840&audioformat=mp32&action=download,Creative Commons Attribution-Non-Commercial-Share-Alike license,http://creativecommons.org/licenses/by-nc-sa/3.0/,meditation,ambient,synthesizer,meditation,Jamendo API vocalinstrumental=instrumental,Jamendo API speed=verylow,mp32,1088,135,selected,discovery,focus_music/focus_jamendo_1900840.mp3,dbd8619f183d324721c03384f39c35aa8dfda766a9d70de91cae2f869a88e6aa,2b4a4b1a3eb934c75d5a837728a7249e533fedaad1e949f28f45b7da59bd6c1f,134.745,44100,2,verified,2026-08-01,,
focus_jamendo_1617037,focus,jamendo-api-open-focus,1617037,MU NO SEKAI - Nothingness,DJ Gami.K,jamendo_artist_439567,jamendo_album_182462,Rebirth of Zen (Single Edit),327.000,https://www.jamendo.com/track/1617037,https://api.jamendo.com/v3.0/tracks/file/?client_id={client_id}&id=1617037&audioformat=mp32&action=download,Creative Commons Attribution-Non-Commercial-No Derivatives license,http://creativecommons.org/licenses/by-nc-nd/3.0/,meditation,ambient,synthesizer,meditation,Jamendo API vocalinstrumental=instrumental,Jamendo API speed=verylow,mp32,1088,138,selected,discovery,focus_music/focus_jamendo_1617037.mp3,e0fdab19a7b842b3bf6ec33abe91fc259901f35e46b4a8a21200d603099fb9dd,63590fb251be52942d8766983a66fefbbf85866591d9ba3e352e39f05b657dbc,147.507,44100,2,verified,2026-08-01,,
focus_jamendo_2004625,focus,jamendo-api-open-focus,2004625,Sambatyon II,Fabio Keiner,jamendo_artist_554051,jamendo_album_510561,,443.611,https://www.jamendo.com/track/2004625,https://api.jamendo.com/v3.0/tracks/file/?client_id={client_id}&id=2004625&audioformat=mp32&action=download,Creative Commons Attribution-Non-Commercial-Share-Alike license,http://creativecommons.org/licenses/by-nc-sa/3.0/,meditation,ambient drone,,meditation,Jamendo API vocalinstrumental=instrumental,Jamendo API speed=low,mp32,1086,208,selected,validation,focus_music/focus_jamendo_2004625.mp3,529a23c671549c2f213faac11d86e97dff8b83a75622c0501579852e59179e84,3bad29e71d2696562dd9f7776c1ceb713d9a1fcdafebd461f4dead6b91b0d6ff,192.000,44100,2,verified,2026-08-01,,
focus_jamendo_2034860,focus,jamendo-api-open-focus,2034860,Soothing Weightless Meditation 432 Hz,Carlos Carty,jamendo_artist_488420,jamendo_album_522365,,427.000,https://www.jamendo.com/track/2034860,https://api.jamendo.com/v3.0/tracks/file/?client_id={client_id}&id=2034860&audioformat=mp32&action=download,Creative Commons Attribution-Non-Commercial-No Derivatives license,http://creativecommons.org/licenses/by-nc-nd/3.0/,meditation,ambient,synthesizer,meditation,Jamendo API vocalinstrumental=instrumental,Jamendo API speed=verylow,mp32,11088,31,selected,discovery,focus_music/focus_jamendo_2034860.mp3,e616e0d66ca8e45abb772ddcab9d3c30cb0ac15cfe4a0059481b82ee6fe6ff34,e841f55bb3b4da668d98b60b7af311e9352601f9ca7bb1c0fbfa328ea3c7b163,192.000,44100,2,verified,2026-08-01,,
focus_jamendo_1885488,focus,jamendo-api-open-focus,1885488,A Sense Of Peace - Relax Dreamy,BDKSonic,jamendo_artist_486550,jamendo_album_454915,,190.851,https://www.jamendo.com/track/1885488,https://api.jamendo.com/v3.0/tracks/file/?client_id={client_id}&id=1885488&audioformat=mp32&action=download,Creative Commons Attribution-Non-Commercial-No Derivatives license,http://creativecommons.org/licenses/by-nc-nd/3.0/,meditation,ambient,synthesizer,meditation,Jamendo API vocalinstrumental=instrumental,Jamendo API speed=verylow,mp32,1088,140,selected,discovery,focus_music/focus_jamendo_1885488.mp3,904ec23565313145f2ca42954fb9a280dfecd6394d4684d1877d545fa1ec45af,f79d2e97d66c1ebe60779cce917fc63c07246478de330c390755742f99d85c23,191.548,44100,2,verified,2026-08-01,,
focus_jamendo_1128887,focus,jamendo-api-open-focus,1128887,Homeward Bound,Frank Harper,jamendo_artist_433123,jamendo_album_135246,Music For Relaxation,1111.000,https://www.jamendo.com/track/1128887,https://api.jamendo.com/v3.0/tracks/file/?client_id={client_id}&id=1128887&audioformat=mp32&action=download,Creative Commons Attribution-Non-Commercial-Share-Alike license,http://creativecommons.org/licenses/by-nc-sa/3.0/,meditation,ambient,synthesizer,meditation,Jamendo API vocalinstrumental=instrumental,Jamendo API speed=verylow,mp32,1088,141,selected,validation,focus_music/focus_jamendo_1128887.mp3,fb74ed28bc1a230cfe01089ad4efbbbb1f5486c6e064313ae8bebc37482e2a0a,cf96aad0abb4bb61cae37043fa3d2adc1ace8c80f75066f5bf3a42db119a5d12,177.277,44100,2,verified,2026-08-01,,
focus_jamendo_1945054,focus,jamendo-api-open-focus,1945054,Meditation,Bopposound,jamendo_artist_520561,jamendo_album_482674,,595.000,https://www.jamendo.com/track/1945054,https://api.jamendo.com/v3.0/tracks/file/?client_id={client_id}&id=1945054&audioformat=mp32&action=download,Creative Commons Attribution-Non-Commercial-No Derivatives license,http://creativecommons.org/licenses/by-nc-nd/3.0/,meditation,ambient,synthesizer,meditation,Jamendo API vocalinstrumental=instrumental,Jamendo API speed=verylow,mp32,11088,33,selected,validation,focus_music/focus_jamendo_1945054.mp3,571aeb5003be4a5fc5754b741d21de087009e4de89acf5ae5bd834f2cd4a2dca,1a8a2001b1d557027de2d3e46757b5c57932d2591c71044cc769748701c34713,192.000,44100,2,verified,2026-08-01,,
focus_jamendo_1900865,focus,jamendo-api-open-focus,1900865,Deep Atmospheric Space Ambient 19,GubinDmitry,jamendo_artist_514780,jamendo_album_462435,,161.000,https://www.jamendo.com/track/1900865,https://api.jamendo.com/v3.0/tracks/file/?client_id={client_id}&id=1900865&audioformat=mp32&action=download,Creative Commons Attribution-Non-Commercial-Share-Alike license,http://creativecommons.org/licenses/by-nc-sa/3.0/,meditation,ambient,synthesizer,meditation,Jamendo API vocalinstrumental=instrumental,Jamendo API speed=verylow,mp32,1088,142,selected,discovery,focus_music/focus_jamendo_1900865.mp3,416e57ec5660fa87b5c899cf72ef5e9bd21b0cf0e674d4acedac85dfd284206c,b2a9ebc005588e694290abd882063dd198820910eec136ef931361cfd6734575,127.933,44100,2,verified,2026-08-01,,
focus_jamendo_1101393,focus,jamendo-api-open-focus,1101393,The Melodies Reach The Sky,Kenananda,jamendo_artist_370882,jamendo_album_131474,The Tao of Tranquility,1130.000,https://www.jamendo.com/track/1101393,https://api.jamendo.com/v3.0/tracks/file/?client_id={client_id}&id=1101393&audioformat=mp32&action=download,Creative Commons Attribution-Non-Commercial-Share-Alike license,http://creativecommons.org/licenses/by-nc-sa/3.0/,meditation,newage,synthesizer,meditation,Jamendo API vocalinstrumental=instrumental,Jamendo API speed=verylow,mp32,1063,279,selected,discovery,focus_music/focus_jamendo_1101393.mp3,cd9774791ad67b9f39630cce5690ed98a5fe49de5133ba363a41aaf5a3431cbb,f923c3191c3eacaba2e96e64293b270964b4a587458604c2a2177dabd722596c,207.294,44100,2,verified,2026-08-01,,
focus_jamendo_1931218,focus,jamendo-api-open-focus,1931218,Too Slow (main),Nargo,jamendo_artist_522843,jamendo_album_476638,,326.269,https://www.jamendo.com/track/1931218,https://api.jamendo.com/v3.0/tracks/file/?client_id={client_id}&id=1931218&audioformat=mp32&action=download,Creative Commons Attribution-Non-Commercial-No Derivatives license,http://creativecommons.org/licenses/by-nc-nd/3.0/,meditation,ambient,piano,meditation,Jamendo API vocalinstrumental=instrumental,Jamendo API speed=verylow,mp32,1088,144,selected,discovery,focus_music/focus_jamendo_1931218.mp3,96a97cbd453f3170f251cde7e4be479bdaec64b0c3fc5006253aa610e84807d7,b7a97fbe9534dcde8ff3556bfcafd09c8b32a41b2f8766bc75dc03759de8489c,165.414,44100,2,verified,2026-08-01,,
focus_jamendo_1571054,focus,jamendo-api-open-focus,1571054,Igor Pumphonia - My Runaway Love (Dub),Igor Pumphonia,jamendo_artist_475967,jamendo_album_178851,My Runaway Love,240.065,https://www.jamendo.com/track/1571054,https://api.jamendo.com/v3.0/tracks/file/?client_id={client_id}&id=1571054&audioformat=mp32&action=download,Creative Commons Attribution-Non-Commercial-No Derivatives license,http://creativecommons.org/licenses/by-nc-nd/3.0/,meditation,chillout downtempo,,meditation,Jamendo API vocalinstrumental=instrumental,Jamendo API speed=low,mp32,1061,299,selected,validation,focus_music/focus_jamendo_1571054.mp3,c14bee3c6b44f1761226acb73a7c29bec1fa28dd7402a6b1bb74f3c19f4d65c9,8ff37f3a7142b24aa2948f012de58db0f85766e37c15e902efebd3d10da73694,191.941,44100,2,verified,2026-08-01,,
focus_jamendo_1130372,focus,jamendo-api-open-focus,1130372,Gehnwald,Augenstilzchen,jamendo_artist_340472,jamendo_album_135484,Treedom,468.000,https://www.jamendo.com/track/1130372,https://api.jamendo.com/v3.0/tracks/file/?client_id={client_id}&id=1130372&audioformat=mp32&action=download,Creative Commons Attribution-Share-Alike license,http://creativecommons.org/licenses/by-sa/3.0/,meditation,newage,synthesizer,meditation,Jamendo API vocalinstrumental=instrumental,Jamendo API speed=verylow,mp32,1063,280,selected,discovery,focus_music/focus_jamendo_1130372.mp3,c83d98f7de95ee56a6cd495143f3a7698f94a13ec1718d5b312700795aef7de0,e8ae4d7ae0afaecfabb815dba5708cfe1a9f92963ee4193b04108b320e7dc825,184.465,44100,2,verified,2026-08-01,,
focus_jamendo_1895276,focus,jamendo-api-open-focus,1895276,One night next to the bonfire,Flashinmusic,jamendo_artist_523869,jamendo_album_459776,,244.000,https://www.jamendo.com/track/1895276,https://api.jamendo.com/v3.0/tracks/file/?client_id={client_id}&id=1895276&audioformat=mp32&action=download,Creative Commons Attribution-Non-Commercial-No Derivatives license,http://creativecommons.org/licenses/by-nc-nd/3.0/,meditation,ambient,synthesizer,meditation,Jamendo API vocalinstrumental=instrumental,Jamendo API speed=verylow,mp32,1088,148,selected,discovery,focus_music/focus_jamendo_1895276.mp3,5afb4caaffc1d8ff2b9cf471dde6b729c2d2c7a774f1d880e4da78e045e44d95,99621377b1acd95a2cee7bcd562e7fe22a11f940ce0ed53b96677b6ec13f2bc5,192.000,44100,2,verified,2026-08-01,,
focus_jamendo_1916203,focus,jamendo-api-open-focus,1916203,Gravity,Kai Klaas,jamendo_artist_452142,jamendo_album_469419,,270.000,https://www.jamendo.com/track/1916203,https://api.jamendo.com/v3.0/tracks/file/?client_id={client_id}&id=1916203&audioformat=mp32&action=download,Creative Commons Attribution-Non-Commercial-No Derivatives license,http://creativecommons.org/licenses/by-nc-nd/3.0/,meditation,ambient,synthesizer,meditation,Jamendo API vocalinstrumental=instrumental,Jamendo API speed=verylow,mp32,1088,149,selected,discovery,focus_music/focus_jamendo_1916203.mp3,500da754d876dec5c03024ef55a5e12e1d4f428d69c9b9cba4df44f37dbde0e3,e72fc0c08343098c19b503b06275d272a5d6a549cad2c8bd47e41dc9278d79ec,183.858,44100,2,verified,2026-08-01,,
focus_jamendo_1900848,focus,jamendo-api-open-focus,1900848,Deep Atmospheric Space Ambient 13,GubinDmitry,jamendo_artist_514780,jamendo_album_462425,,220.000,https://www.jamendo.com/track/1900848,https://api.jamendo.com/v3.0/tracks/file/?client_id={client_id}&id=1900848&audioformat=mp32&action=download,Creative Commons Attribution-Non-Commercial-Share-Alike license,http://creativecommons.org/licenses/by-nc-sa/3.0/,meditation,ambient,synthesizer,meditation,Jamendo API vocalinstrumental=instrumental,Jamendo API speed=verylow,mp32,1088,150,selected,discovery,focus_music/focus_jamendo_1900848.mp3,e656c610275c52e26f70b253ed5217458b6157e2f832657056ef4ee7148e3fbd,490bafac0d9b3f51a66725bbb34e967930951d215421a71aa0e62f92ac26ab2b,137.897,44100,2,verified,2026-08-01,,
focus_jamendo_2032139,focus,jamendo-api-open-focus,2032139,Edge of Silence,Crypt of Insomnia,jamendo_artist_467601,jamendo_album_521054,,209.000,https://www.jamendo.com/track/2032139,https://api.jamendo.com/v3.0/tracks/file/?client_id={client_id}&id=2032139&audioformat=mp32&action=download,Creative Commons Attribution-Non-Commercial-No Derivatives license,http://creativecommons.org/licenses/by-nc-nd/3.0/,meditation,ambient,synthesizer,meditation,Jamendo API vocalinstrumental=instrumental,Jamendo API speed=verylow,mp32,1088,151,selected,discovery,focus_music/focus_jamendo_2032139.mp3,5c5df796f3da466fd07428211406f0913ce3b1fd1d36973200ef547000afe41c,b4bc20574bc16e38de861106d4e88db5c7be788fd58d8b313d22a6d0537de60d,192.000,44100,2,verified,2026-08-01,,
focus_jamendo_1101389,focus,jamendo-api-open-focus,1101389,The Rain Washes The Trees,Kenananda,jamendo_artist_370882,jamendo_album_131474,The Tao of Tranquility,1100.000,https://www.jamendo.com/track/1101389,https://api.jamendo.com/v3.0/tracks/file/?client_id={client_id}&id=1101389&audioformat=mp32&action=download,Creative Commons Attribution-Non-Commercial-Share-Alike license,http://creativecommons.org/licenses/by-nc-sa/3.0/,meditation,newage,synthesizer,meditation,Jamendo API vocalinstrumental=instrumental,Jamendo API speed=verylow,mp32,1063,281,selected,discovery,focus_music/focus_jamendo_1101389.mp3,1b3e3ef4609cf8422ebb6b8245d3aef289865e9f4ce4e2e99ded130efb5eb87a,99042502eb4f497596752efbb930cf64a0443089c7cae31bb8ffc2a9b29be001,200.668,44100,2,verified,2026-08-01,,
focus_jamendo_2215208,focus,jamendo-api-open-focus,2215208,Harmony,Luiza_D,jamendo_artist_596201,jamendo_album_585701,,441.234,https://www.jamendo.com/track/2215208,https://api.jamendo.com/v3.0/tracks/file/?client_id={client_id}&id=2215208&audioformat=mp32&action=download,Creative Commons Attribution-Non-Commercial-No Derivatives license,http://creativecommons.org/licenses/by-nc-nd/3.0/,meditation,ambient,soundscape,meditation,Jamendo API vocalinstrumental=instrumental,Jamendo API speed=verylow,mp32,1088,153,selected,discovery,focus_music/focus_jamendo_2215208.mp3,c602bc01e7a6242688dd7c4065ee8ac4ad1d21a2e79aa4306cf3cdae6ab73d08,632f88341b8b85337e75015fcd6a28dc91fe618ef2f289fdb2d880740bd25b0c,192.000,44100,2,verified,2026-08-01,,
focus_jamendo_1844721,focus,jamendo-api-open-focus,1844721,Journey to Space,Crypt of Insomnia,jamendo_artist_467601,jamendo_album_200639,Space Ambient,200.000,https://www.jamendo.com/track/1844721,https://api.jamendo.com/v3.0/tracks/file/?client_id={client_id}&id=1844721&audioformat=mp32&action=download,Creative Commons Attribution-Non-Commercial-No Derivatives license,http://creativecommons.org/licenses/by-nc-nd/3.0/,meditation,ambient,synthesizer,meditation,Jamendo API vocalinstrumental=instrumental,Jamendo API speed=verylow,mp32,1088,154,selected,discovery,focus_music/focus_jamendo_1844721.mp3,79492b18c55585b0a84c592abc461d86a82af2ba004e774b0375b14a1b0e6f2e,c1ba45d20f865c1148df5b21674d7e6f820e41cb116513ff4d81d98c486e14e9,179.743,44100,2,verified,2026-08-01,,
focus_jamendo_1976281,focus,jamendo-api-open-focus,1976281,Heart Chakra Healing Solfeggio 639 Hz,Healing Meditation Music,jamendo_artist_542794,jamendo_album_497788,,576.000,https://www.jamendo.com/track/1976281,https://api.jamendo.com/v3.0/tracks/file/?client_id={client_id}&id=1976281&audioformat=mp32&action=download,Creative Commons Attribution-Non-Commercial-No Derivatives license,http://creativecommons.org/licenses/by-nc-nd/3.0/,meditation,newage,synthesizer,meditation,Jamendo API vocalinstrumental=instrumental,Jamendo API speed=verylow,mp32,1063,283,selected,holdout,focus_music/focus_jamendo_1976281.mp3,d1c51bdbc37ab09a72433b5dee4745a9df70b48b9c206c2bdfd691fa6973061c,083b9b88c2e28cabfb9f02ba8c92e848e491d220c76399368c188d86be31a95f,192.000,44100,2,verified,2026-08-01,,
focus_jamendo_2029578,focus,jamendo-api-open-focus,2029578,Magical worlds 2,JCMM,jamendo_artist_517336,jamendo_album_520088,,163.000,https://www.jamendo.com/track/2029578,https://api.jamendo.com/v3.0/tracks/file/?client_id={client_id}&id=2029578&audioformat=mp32&action=download,Creative Commons Attribution-Non-Commercial-No Derivatives license,http://creativecommons.org/licenses/by-nc-nd/3.0/,meditation,ambient,synthesizer,meditation,Jamendo API vocalinstrumental=instrumental,Jamendo API speed=verylow,mp32,1088,155,selected,holdout,focus_music/focus_jamendo_2029578.mp3,11e2882cee202fa34b7f57a8003011f9a3e1e60e99d56530518d5553c965cc5c,33b80dd7ccdbf34e2ef568528f6b521b43d634977c5d45d942c6b5381b73591a,192.000,44100,2,verified,2026-08-01,,
focus_jamendo_2057382,focus,jamendo-api-open-focus,2057382,The Root,Cephas,jamendo_artist_546016,jamendo_album_529183,,355.265,https://www.jamendo.com/track/2057382,https://api.jamendo.com/v3.0/tracks/file/?client_id={client_id}&id=2057382&audioformat=mp32&action=download,Creative Commons Attribution-Non-Commercial-No Derivatives license,http://creativecommons.org/licenses/by-nc-nd/3.0/,meditation,ambient,synthesizer,meditation,Jamendo API vocalinstrumental=instrumental,Jamendo API speed=verylow,mp32,1088,156,selected,discovery,focus_music/focus_jamendo_2057382.mp3,9277272afd57e693df88fd875033c5fbda7ca5c5d9de02839cba3ba676c46708,6d6e6c2a3d5033102bf0d437400a8851b360be31ccd60cf831e00f15cb1f94ba,192.000,44100,2,verified,2026-08-01,,
focus_jamendo_1755448,focus,jamendo-api-open-focus,1755448,Deep Meditation,Stock Studio,jamendo_artist_528887,jamendo_album_242099,,289.000,https://www.jamendo.com/track/1755448,https://api.jamendo.com/v3.0/tracks/file/?client_id={client_id}&id=1755448&audioformat=mp32&action=download,Creative Commons Attribution-Non-Commercial-No Derivatives license,http://creativecommons.org/licenses/by-nc-nd/3.0/,meditation,ambient,synthesizer,meditation,Jamendo API vocalinstrumental=instrumental,Jamendo API speed=verylow,mp32,11088,41,selected,validation,focus_music/focus_jamendo_1755448.mp3,0725cfcea8890417237490aca683ea1ba6b22416c4a6f386dd05b17c9e27bf23,984138f4abd2b2825ceaa0ca6f7e6f1f2baf9ecace2b7a8c550bd1266c74c824,143.467,44100,2,verified,2026-08-01,,
focus_jamendo_2215209,focus,jamendo-api-open-focus,2215209,Sound of Waves,Luiza_D,jamendo_artist_596201,jamendo_album_585706,,597.891,https://www.jamendo.com/track/2215209,https://api.jamendo.com/v3.0/tracks/file/?client_id={client_id}&id=2215209&audioformat=mp32&action=download,Creative Commons Attribution-Non-Commercial-No Derivatives license,http://creativecommons.org/licenses/by-nc-nd/3.0/,meditation,ambient,synthesizer,meditation,Jamendo API vocalinstrumental=instrumental,Jamendo API speed=verylow,mp32,1088,158,selected,discovery,focus_music/focus_jamendo_2215209.mp3,5348cf171e6f94db9f1b2e2c1d4ec8e5b58b8436f38f00519bc9b110318e565b,4e2c4f899f6217d0e5bc8987c5e2b5c90b77784934e293b97aee6e2a5b6cdc95,192.000,44100,2,verified,2026-08-01,,
focus_jamendo_1900849,focus,jamendo-api-open-focus,1900849,Deep Atmospheric Space Ambient 14,GubinDmitry,jamendo_artist_514780,jamendo_album_462427,,221.000,https://www.jamendo.com/track/1900849,https://api.jamendo.com/v3.0/tracks/file/?client_id={client_id}&id=1900849&audioformat=mp32&action=download,Creative Commons Attribution-Non-Commercial-Share-Alike license,http://creativecommons.org/licenses/by-nc-sa/3.0/,meditation,ambient,synthesizer,meditation,Jamendo API vocalinstrumental=instrumental,Jamendo API speed=verylow,mp32,1088,160,selected,discovery,focus_music/focus_jamendo_1900849.mp3,b1029df03f051c5a466099f380f976f9cb843c9cf59e54d6ce5d7f12161c45bd,9b3097ebda10f395085eb4e101b5591c09a350d45905ee348008cae2df711e0c,115.579,44100,2,verified,2026-08-01,,
focus_jamendo_2180121,focus,jamendo-api-open-focus,2180121,Better Life,Serge Quadrado,jamendo_artist_457603,jamendo_album_570004,,282.410,https://www.jamendo.com/track/2180121,https://api.jamendo.com/v3.0/tracks/file/?client_id={client_id}&id=2180121&audioformat=mp32&action=download,Creative Commons Attribution-Non-Commercial-No Derivatives license,http://creativecommons.org/licenses/by-nc-nd/3.0/,meditation,ambient,synthesizer,meditation,Jamendo API vocalinstrumental=instrumental,Jamendo API speed=verylow,mp32,1088,161,selected,discovery,focus_music/focus_jamendo_2180121.mp3,a2ed8b805e644855973f55fcc24fc33219ec55e63a14db543a68f09d4ad4ad9d,f05dc83623ea20b18ec9e296652d1023902f275e05c8d06db538e66e08acfb18,192.000,44100,2,verified,2026-08-01,,
focus_jamendo_1924921,focus,jamendo-api-open-focus,1924921,Far Far,wavetune,jamendo_artist_544488,jamendo_album_473922,,204.000,https://www.jamendo.com/track/1924921,https://api.jamendo.com/v3.0/tracks/file/?client_id={client_id}&id=1924921&audioformat=mp32&action=download,Creative Commons Attribution-Non-Commercial-No Derivatives license,http://creativecommons.org/licenses/by-nc-nd/3.0/,meditation,ambient,synthesizer,meditation,Jamendo API vocalinstrumental=instrumental,Jamendo API speed=verylow,mp32,1088,162,selected,discovery,focus_music/focus_jamendo_1924921.mp3,41905b8adf6f8073617d19f327b12ec9249aa5c163c56f00db49639ecc38165a,48738bb8f66c99bc4196fdb7ae6247f0834ccb6b9d6ee7cda9988eec1705ccdd,174.308,44100,2,verified,2026-08-01,,
focus_jamendo_1993496,focus,jamendo-api-open-focus,1993496,kə-ˈlī-də-ˌskōp (A Beginning),Tonepoet,jamendo_artist_507576,jamendo_album_506015,,148.000,https://www.jamendo.com/track/1993496,https://api.jamendo.com/v3.0/tracks/file/?client_id={client_id}&id=1993496&audioformat=mp32&action=download,Creative Commons Attribution-Non-Commercial-No Derivatives license,http://creativecommons.org/licenses/by-nc-nd/3.0/,meditation,ambient,synthesizer,meditation,Jamendo API vocalinstrumental=instrumental,Jamendo API speed=verylow,mp32,1088,164,selected,discovery,focus_music/focus_jamendo_1993496.mp3,fdaacb603afe8331ac3705dcb127b875fe7bf0332aeefd8aa49bc689b260ec6a,9a817d1ecad5292dae1b4a8ec7c9ede1e70ed4929b76529f83ffb3d5e3047093,192.000,44100,2,verified,2026-08-01,,
focus_jamendo_1828706,focus,jamendo-api-open-focus,1828706,Space Between Us,Silent Station,jamendo_artist_503377,jamendo_album_342018,,166.000,https://www.jamendo.com/track/1828706,https://api.jamendo.com/v3.0/tracks/file/?client_id={client_id}&id=1828706&audioformat=mp32&action=download,Creative Commons Attribution-Non-Commercial-No Derivatives license,http://creativecommons.org/licenses/by-nc-nd/3.0/,meditation,ambient,synthesizer,meditation,Jamendo API vocalinstrumental=instrumental,Jamendo API speed=verylow,mp32,1088,166,selected,validation,focus_music/focus_jamendo_1828706.mp3,a022d7ec2cea010a5014d9f8081198905aa734f95c3f2581d49dbc12c8f71d24,2a7b098a6625c62487741f585e027916f120b034c5142de97548e802eb14db92,183.313,44100,2,verified,2026-08-01,,
focus_jamendo_1610713,focus,jamendo-api-open-focus,1610713,Music For Celebration of 60th Birthday of Mr. Yasuteru Aoki,Ambient Samurai - Ichiro NAKAGAWA,jamendo_artist_357163,jamendo_album_182000,Song for Self-Breaking Man(ぼくが壊れていく・・という歌）2018/12/02　part 2,434.573,https://www.jamendo.com/track/1610713,https://api.jamendo.com/v3.0/tracks/file/?client_id={client_id}&id=1610713&audioformat=mp32&action=download,Creative Commons Attribution license,http://creativecommons.org/licenses/by/3.0/,meditation,ambient chillout,,meditation,Jamendo API vocalinstrumental=instrumental,Jamendo API speed=low,mp32,1086,233,selected,discovery,focus_music/focus_jamendo_1610713.mp3,d25483ee6b8ce611e9e7b0602a9f1c01ed617c86c3f21ba8b564b37e0d732086,fa6a20f4bd4de3fabacbef14ae492243d259748636e276b27cefbb6bfff933ff,190.618,44100,2,verified,2026-08-01,,
focus_jamendo_2152724,focus,jamendo-api-open-focus,2152724,Golden Voices,MASERPAN,jamendo_artist_545630,jamendo_album_559521,,292.833,https://www.jamendo.com/track/2152724,https://api.jamendo.com/v3.0/tracks/file/?client_id={client_id}&id=2152724&audioformat=mp32&action=download,Creative Commons Attribution-Non-Commercial license,http://creativecommons.org/licenses/by-nc/3.0/,meditation,ambient,synthesizer,meditation,Jamendo API vocalinstrumental=instrumental,Jamendo API speed=verylow,mp32,1088,167,selected,validation,focus_music/focus_jamendo_2152724.mp3,fdaa13acfbe96510dcdbe33d96a8bcc2d7a938e64cf9f0c5957436c6b4169f19,3117569a87de25dac9423e6c21b46a0633d1bd5435ca355329609e03cccc5160,192.000,44100,2,verified,2026-08-01,,
focus_jamendo_2279515,focus,jamendo-api-open-focus,2279515,Gentle Flowing Meditative Ambient,Alex Saym,jamendo_artist_515330,jamendo_album_615329,,239.073,https://www.jamendo.com/track/2279515,https://api.jamendo.com/v3.0/tracks/file/?client_id={client_id}&id=2279515&audioformat=mp32&action=download,Creative Commons Attribution-Non-Commercial-No Derivatives license,http://creativecommons.org/licenses/by-nc-nd/3.0/,meditation,ambient,synthesizer,meditation,Jamendo API vocalinstrumental=instrumental,Jamendo API speed=verylow,mp32,11088,45,selected,discovery,focus_music/focus_jamendo_2279515.mp3,36ff329ede86a903b81e35c4eb7a30e32ca2619b7087a63543eb7553854cf10b,8cc720eca4bedbdd760303c7eb9dad1bbaf05c62bba5ef024c9172717b2bb1b6,192.000,44100,2,verified,2026-08-01,,
focus_jamendo_1684979,focus,jamendo-api-open-focus,1684979,Either Way,Knut,jamendo_artist_522061,jamendo_album_187675,Nyctaphonia,138.606,https://www.jamendo.com/track/1684979,https://api.jamendo.com/v3.0/tracks/file/?client_id={client_id}&id=1684979&audioformat=mp32&action=download,Creative Commons Attribution-Non-Commercial-Share-Alike license,http://creativecommons.org/licenses/by-nc-sa/3.0/,meditation,ambient drone,,meditation,Jamendo API vocalinstrumental=instrumental,Jamendo API speed=low,mp32,1086,234,selected,discovery,focus_music/focus_jamendo_1684979.mp3,26f7bd6968c636e67f66ed2d722726c3112356dd11676691f2f611fb7ed2f6db,b8980b604a8ed5786e7acf84e434134a6268a3c31098a390ea3f23802e6467d8,199.637,44100,2,verified,2026-08-01,,
focus_jamendo_1964742,focus,jamendo-api-open-focus,1964742,Meditation Background Music,UrbanGodzilla,jamendo_artist_548641,jamendo_album_491974,,348.000,https://www.jamendo.com/track/1964742,https://api.jamendo.com/v3.0/tracks/file/?client_id={client_id}&id=1964742&audioformat=mp32&action=download,Creative Commons Attribution-Non-Commercial-No Derivatives license,http://creativecommons.org/licenses/by-nc-nd/3.0/,meditation,newage,synthesizer,meditation,Jamendo API vocalinstrumental=instrumental,Jamendo API speed=verylow,mp32,11063,86,selected,holdout,focus_music/focus_jamendo_1964742.mp3,3a1fe55117c705f11cd2aff06ec616fcdeea1cc1466c665e2c4a074a9f73cc47,bdd9aa3f8b414ebdda4e708fe6675881825e2f5b424037c0eb11fa824279cfc5,192.000,44100,2,verified,2026-08-01,,
focus_jamendo_1683418,focus,jamendo-api-open-focus,1683418,Room 208. My bed was a boat,Madì - Composer,jamendo_artist_498662,jamendo_album_400985,,731.000,https://www.jamendo.com/track/1683418,https://api.jamendo.com/v3.0/tracks/file/?client_id={client_id}&id=1683418&audioformat=mp32&action=download,Creative Commons Attribution-Non-Commercial-No Derivatives license,http://creativecommons.org/licenses/by-nc-nd/3.0/,meditation,newage,piano,meditation,Jamendo API vocalinstrumental=instrumental,Jamendo API speed=verylow,mp32,1063,284,selected,holdout,focus_music/focus_jamendo_1683418.mp3,f85df983800edaed09da32ee57cf71a6940fda7efd36f85ebab55196b83fbc12,61433dbceb541c786bdf2472996a812af9cc68554bf479b80cc967da8b85ef5c,156.098,44100,2,verified,2026-08-01,,
focus_jamendo_1856292,focus,jamendo-api-open-focus,1856292,Depth of Night,DEEP CHURCH,jamendo_artist_515497,jamendo_album_348626,,507.000,https://www.jamendo.com/track/1856292,https://api.jamendo.com/v3.0/tracks/file/?client_id={client_id}&id=1856292&audioformat=mp32&action=download,Creative Commons Attribution-Non-Commercial-No Derivatives license,http://creativecommons.org/licenses/by-nc-nd/3.0/,meditation,ambient,synthesizer,meditation,Jamendo API vocalinstrumental=instrumental,Jamendo API speed=verylow,mp32,1088,169,selected,discovery,focus_music/focus_jamendo_1856292.mp3,14a8ce78b43f32d95beefdbdcb27e1f6cec87b0e74d8fe149cfe34c36558cfec,862908ecab68cafb8736c16a54ae821dce90994085120ae5f17026ebad378f27,170.968,44100,2,verified,2026-08-01,,
focus_jamendo_2009953,focus,jamendo-api-open-focus,2009953,Meditate,Mit-Rich,jamendo_artist_489561,jamendo_album_512810,,149.000,https://www.jamendo.com/track/2009953,https://api.jamendo.com/v3.0/tracks/file/?client_id={client_id}&id=2009953&audioformat=mp32&action=download,Creative Commons Attribution-Non-Commercial-No Derivatives license,http://creativecommons.org/licenses/by-nc-nd/3.0/,meditation,ambient,synthesizer,meditation,Jamendo API vocalinstrumental=instrumental,Jamendo API speed=verylow,mp32,11088,46,selected,discovery,focus_music/focus_jamendo_2009953.mp3,9d75dedba3a2c36f42b2868a0b2f9f031897fac0e7179e86f576bfb3db5a0180,e0a733cda7dcc846882389f10cc14ac80487f5539262900b306c72ccec68ccb2,192.000,44100,2,verified,2026-08-01,,
focus_jamendo_1709689,focus,jamendo-api-open-focus,1709689,springtime return,Sergio Calzoni,jamendo_artist_500339,jamendo_album_189672,Soundtracks For Winter Departures,332.000,https://www.jamendo.com/track/1709689,https://api.jamendo.com/v3.0/tracks/file/?client_id={client_id}&id=1709689&audioformat=mp32&action=download,Creative Commons Attribution-Non-Commercial-No Derivatives license,http://creativecommons.org/licenses/by-nc-nd/3.0/,meditation,ambient,synthesizer,meditation,Jamendo API vocalinstrumental=instrumental,Jamendo API speed=verylow,mp32,1088,170,selected,discovery,focus_music/focus_jamendo_1709689.mp3,1add9e4dcf44c927fe85c0dd31ee99c25dd25592dbec32197c020cee5ef09938,61d912cc0a0e3ea10515f419b91a33cf578a0a1fcfead8ca24f9500031b044f1,185.282,44100,2,verified,2026-08-01,,
focus_jamendo_1130360,focus,jamendo-api-open-focus,1130360,Warm nights in may,Augenstilzchen,jamendo_artist_340472,jamendo_album_135484,Treedom,472.000,https://www.jamendo.com/track/1130360,https://api.jamendo.com/v3.0/tracks/file/?client_id={client_id}&id=1130360&audioformat=mp32&action=download,Creative Commons Attribution-Share-Alike license,http://creativecommons.org/licenses/by-sa/3.0/,meditation,newage,synthesizer,meditation,Jamendo API vocalinstrumental=instrumental,Jamendo API speed=verylow,mp32,1063,286,selected,discovery,focus_music/focus_jamendo_1130360.mp3,99c06840944d1257965426df542de1b84d660059ad7613202f9cded8837609aa,a655bbb8b78eef28b24f8cf648d0fcad7f3094b1bfa116d1a0e41cae0209a0ef,188.401,44100,2,verified,2026-08-01,,
focus_jamendo_1879604,focus,jamendo-api-open-focus,1879604,Hidden Reflections - Calm Background Documentary,BDKSonic,jamendo_artist_486550,jamendo_album_452227,,143.360,https://www.jamendo.com/track/1879604,https://api.jamendo.com/v3.0/tracks/file/?client_id={client_id}&id=1879604&audioformat=mp32&action=download,Creative Commons Attribution-Non-Commercial license,http://creativecommons.org/licenses/by-nc/3.0/,meditation,ambient,synthesizer,meditation,Jamendo API vocalinstrumental=instrumental,Jamendo API speed=verylow,mp32,1088,171,selected,discovery,focus_music/focus_jamendo_1879604.mp3,77fad09cf44902aac77d73a5ff4dd3fb13e7499bf1e8b5b4494dbaeaad2d8a8f,4e2382b5a0f493399e1458014dd2dbaa43f9c4ff2e01a54c5c94603b3c679c06,184.393,44100,2,verified,2026-08-01,,
focus_jamendo_2196880,focus,jamendo-api-open-focus,2196880,Summer Morning in the Japanese Bamboo Forest,MemoryMusic,jamendo_artist_522537,jamendo_album_579459,,174.054,https://www.jamendo.com/track/2196880,https://api.jamendo.com/v3.0/tracks/file/?client_id={client_id}&id=2196880&audioformat=mp32&action=download,Creative Commons Attribution-Non-Commercial-No Derivatives license,http://creativecommons.org/licenses/by-nc-nd/3.0/,meditation,ambient,soundscape,meditation,Jamendo API vocalinstrumental=instrumental,Jamendo API speed=verylow,mp32,1088,172,selected,discovery,focus_music/focus_jamendo_2196880.mp3,5afa082b5b53e8719b13f18ac4ba97d2981c4bbbea9917cbeb39bcae3a50bbcb,1eda27d1ed60998c8f6e2d31908377c51329eb850d4041c3404bf1944344e09f,192.000,44100,2,verified,2026-08-01,,
focus_jamendo_2055767,focus,jamendo-api-open-focus,2055767,Magic Meditate Ambient,Mit-Rich,jamendo_artist_489561,jamendo_album_528306,,269.688,https://www.jamendo.com/track/2055767,https://api.jamendo.com/v3.0/tracks/file/?client_id={client_id}&id=2055767&audioformat=mp32&action=download,Creative Commons Attribution-Non-Commercial-No Derivatives license,http://creativecommons.org/licenses/by-nc-nd/3.0/,meditation,ambient,synthesizer,meditation,Jamendo API vocalinstrumental=instrumental,Jamendo API speed=verylow,mp32,11088,50,selected,discovery,focus_music/focus_jamendo_2055767.mp3,360dce83e21ba9736a3d0ab3254ab4a2de1af916d7272c1b2234f429eac05665,92c47ed9c7c784c0f8c25961ba132ba2c1f2739a978a6d8856e6add2b217d530,192.000,44100,2,verified,2026-08-01,,
focus_jamendo_1130830,focus,jamendo-api-open-focus,1130830,Mushmoon,Augenstilzchen,jamendo_artist_340472,jamendo_album_135551,Mushmoon,626.000,https://www.jamendo.com/track/1130830,https://api.jamendo.com/v3.0/tracks/file/?client_id={client_id}&id=1130830&audioformat=mp32&action=download,Creative Commons Attribution-Share-Alike license,http://creativecommons.org/licenses/by-sa/3.0/,meditation,newage,synthesizer,meditation,Jamendo API vocalinstrumental=instrumental,Jamendo API speed=verylow,mp32,1063,289,selected,discovery,focus_music/focus_jamendo_1130830.mp3,cf819c791e2b7ef57ad6f67c6b6234cf9fe6f37d777d51967d94eee5ad6dc422,7cf62337c71faa454d308b94af2bea4e1e2ce573927274f6fd478a7c16f2c029,186.450,44100,2,verified,2026-08-01,,
focus_jamendo_2234792,focus,jamendo-api-open-focus,2234792,Softly Spoken,BlackTrendMusic,jamendo_artist_595802,jamendo_album_594522,,268.069,https://www.jamendo.com/track/2234792,https://api.jamendo.com/v3.0/tracks/file/?client_id={client_id}&id=2234792&audioformat=mp32&action=download,Creative Commons Attribution-Non-Commercial-No Derivatives license,http://creativecommons.org/licenses/by-nc-nd/3.0/,meditation,newage,piano,meditation,Jamendo API vocalinstrumental=instrumental,Jamendo API speed=verylow,mp32,1063,290,selected,discovery,focus_music/focus_jamendo_2234792.mp3,177d68204212bc162fdbd15b55704e6f47f0870a78f3be1b06041bc05c0cb4e5,fe0279767deadac9627496aae21ea02442cf253e99786ddcf8456196d432994b,192.000,44100,2,verified,2026-08-01,,
focus_jamendo_1650016,focus,jamendo-api-open-focus,1650016,Elevation,Higgins,jamendo_artist_362847,jamendo_album_319597,,317.000,https://www.jamendo.com/track/1650016,https://api.jamendo.com/v3.0/tracks/file/?client_id={client_id}&id=1650016&audioformat=mp32&action=download,Creative Commons Attribution-Non-Commercial-No Derivatives license,http://creativecommons.org/licenses/by-nc-nd/3.0/,meditation,ambient,synthesizer,meditation,Jamendo API vocalinstrumental=instrumental,Jamendo API speed=verylow,mp32,1088,178,selected,validation,focus_music/focus_jamendo_1650016.mp3,f2315db35e3d20181cc84e0a954da1c15333e10241bf657f18eb13c90cd9bd20,dd7fdd035cd3086178f56cfb42a9979c28cdc0eefe0911ea4e140bbf029bc0fd,184.718,44100,2,verified,2026-08-01,,
focus_jamendo_1847530,focus,jamendo-api-open-focus,1847530,Meditation Ambient,Mit-Rich,jamendo_artist_489561,jamendo_album_418633,,357.000,https://www.jamendo.com/track/1847530,https://api.jamendo.com/v3.0/tracks/file/?client_id={client_id}&id=1847530&audioformat=mp32&action=download,Creative Commons Attribution-Non-Commercial-No Derivatives license,http://creativecommons.org/licenses/by-nc-nd/3.0/,meditation,ambient,synthesizer,meditation,Jamendo API vocalinstrumental=instrumental,Jamendo API speed=verylow,mp32,11088,53,selected,discovery,focus_music/focus_jamendo_1847530.mp3,2587ef4d489dc069ebc47029ef31e78c7540d3f1f4370277c36ed0cc7199ab87,78bbea3aed8a2febf0cff27312be8d6dda396692fb199b0297c7851ef94423e7,182.338,44100,2,verified,2026-08-01,,
focus_jamendo_1895201,focus,jamendo-api-open-focus,1895201,Calm Strings and Ambient Piano,V8V,jamendo_artist_496155,jamendo_album_459751,,222.000,https://www.jamendo.com/track/1895201,https://api.jamendo.com/v3.0/tracks/file/?client_id={client_id}&id=1895201&audioformat=mp32&action=download,Creative Commons Attribution-Non-Commercial-No Derivatives license,http://creativecommons.org/licenses/by-nc-nd/3.0/,meditation,ambient,piano,meditation,Jamendo API vocalinstrumental=instrumental,Jamendo API speed=verylow,mp32,1088,179,selected,discovery,focus_music/focus_jamendo_1895201.mp3,73c7d918960e62a4d4e3c8abc1d5e9e229e6952a13827915f48bc3fc1f8327a8,71a55ce1986c6cc7422aeb40056d4a63ffcfae97ed79af60d967580752d69103,162.626,44100,2,verified,2026-08-01,,
focus_jamendo_1093823,focus,jamendo-api-open-focus,1093823,Harmonias eterne,Eion Alea,jamendo_artist_367317,jamendo_album_130382,Sojorno celeste,1124.000,https://www.jamendo.com/track/1093823,https://api.jamendo.com/v3.0/tracks/file/?client_id={client_id}&id=1093823&audioformat=mp32&action=download,Creative Commons Attribution-Non-Commercial-Share-Alike license,http://creativecommons.org/licenses/by-nc-sa/3.0/,meditation,newage,synthesizer,meditation,Jamendo API vocalinstrumental=instrumental,Jamendo API speed=verylow,mp32,1063,291,selected,holdout,focus_music/focus_jamendo_1093823.mp3,0803bebf043868fa0507b9942d7a8ef2be22abdaa3cf3da2648bffdd3802aa42,0257b461ed80c8de7c1a6928013164c6d02a0bc044fcc4089f6a0a1c992f11a5,180.745,44100,2,verified,2026-08-01,,
focus_jamendo_1502253,focus,jamendo-api-open-focus,1502253,Sacred Time,Kai Klaas,jamendo_artist_452142,jamendo_album_319100,,181.000,https://www.jamendo.com/track/1502253,https://api.jamendo.com/v3.0/tracks/file/?client_id={client_id}&id=1502253&audioformat=mp32&action=download,Creative Commons Attribution-Non-Commercial-No Derivatives license,http://creativecommons.org/licenses/by-nc-nd/3.0/,meditation,ambient,synthesizer,meditation,Jamendo API vocalinstrumental=instrumental,Jamendo API speed=verylow,mp32,1088,181,selected,discovery,focus_music/focus_jamendo_1502253.mp3,9f116ca504770115e7791cbe821680c89dff3ed1a962c633c837cab7edbc6b49,b7d1668e08294e4420b536c917c775eb7edbb48441dc2410995005bc3a27a4f4,183.568,44100,2,verified,2026-08-01,,
focus_jamendo_1929250,focus,jamendo-api-open-focus,1929250,Gentle and Calm Meditative music,DEEP CHURCH,jamendo_artist_515497,jamendo_album_475901,,653.000,https://www.jamendo.com/track/1929250,https://api.jamendo.com/v3.0/tracks/file/?client_id={client_id}&id=1929250&audioformat=mp32&action=download,Creative Commons Attribution-Non-Commercial-No Derivatives license,http://creativecommons.org/licenses/by-nc-nd/3.0/,meditation,ambient,synthesizer,meditation,Jamendo API vocalinstrumental=instrumental,Jamendo API speed=verylow,mp32,11088,56,selected,discovery,focus_music/focus_jamendo_1929250.mp3,f9aab348d375c7d16e1b335b1c89fd4a6ef523bde5cdaa9492c95570864c1847,a7e247f527095f2c827d7607b027c0b5c9ce75c000625e4f66cc2dad0a7c7cc8,161.491,44100,2,verified,2026-08-01,,
focus_jamendo_2180126,focus,jamendo-api-open-focus,2180126,Piano for Meditation,Serge Quadrado,jamendo_artist_457603,jamendo_album_570004,,224.052,https://www.jamendo.com/track/2180126,https://api.jamendo.com/v3.0/tracks/file/?client_id={client_id}&id=2180126&audioformat=mp32&action=download,Creative Commons Attribution-Non-Commercial-No Derivatives license,http://creativecommons.org/licenses/by-nc-nd/3.0/,meditation,newage,piano,meditation,Jamendo API vocalinstrumental=instrumental,Jamendo API speed=verylow,mp32,11063,90,selected,discovery,focus_music/focus_jamendo_2180126.mp3,a1de3c148ce74c27a9e62c4d2ab1feb3d346feb5f703a2fbfacec77f278d98bc,edef23c7a5235c5cbec35ce2c0375b4e38e25413217b8f7eff3762a706578a9b,192.000,44100,2,verified,2026-08-01,,
focus_jamendo_1957365,focus,jamendo-api-open-focus,1957365,Meditation,EpicKeyz,jamendo_artist_527634,jamendo_album_488072,,234.000,https://www.jamendo.com/track/1957365,https://api.jamendo.com/v3.0/tracks/file/?client_id={client_id}&id=1957365&audioformat=mp32&action=download,Creative Commons Attribution-Non-Commercial-No Derivatives license,http://creativecommons.org/licenses/by-nc-nd/3.0/,meditation,ambient,synthesizer,meditation,Jamendo API vocalinstrumental=instrumental,Jamendo API speed=verylow,mp32,11088,58,selected,validation,focus_music/focus_jamendo_1957365.mp3,102d34940f9c5407605b28cd32a34c5cacba0d300da59fedb05e9b0e8884d0a0,08d7eeb3464b0b55f37101bfab4dc9a90c16052dbd77556c1577b0d3930ee7a3,192.000,44100,2,verified,2026-08-01,,
focus_jamendo_1869522,focus,jamendo-api-open-focus,1869522,Meditate Atmosphere,Mit-Rich,jamendo_artist_489561,jamendo_album_447744,,219.000,https://www.jamendo.com/track/1869522,https://api.jamendo.com/v3.0/tracks/file/?client_id={client_id}&id=1869522&audioformat=mp32&action=download,Creative Commons Attribution-Non-Commercial-No Derivatives license,http://creativecommons.org/licenses/by-nc-nd/3.0/,meditation,ambient,synthesizer,meditation,Jamendo API vocalinstrumental=instrumental,Jamendo API speed=verylow,mp32,11088,59,selected,discovery,focus_music/focus_jamendo_1869522.mp3,86ed8aaa124ffd0030c15e6fe84ccd37f07fba01704c51c1b66acb706bbecd93,21341f32e9683cd3299d36fa885b49e1bd7c5153b819ba9520c54ac97ddbaa1a,176.211,44100,2,verified,2026-08-01,,
focus_jamendo_1964726,focus,jamendo-api-open-focus,1964726,Meditation,UrbanGodzilla,jamendo_artist_548641,jamendo_album_491956,,303.000,https://www.jamendo.com/track/1964726,https://api.jamendo.com/v3.0/tracks/file/?client_id={client_id}&id=1964726&audioformat=mp32&action=download,Creative Commons Attribution-Non-Commercial-No Derivatives license,http://creativecommons.org/licenses/by-nc-nd/3.0/,meditation,newage,synthesizer,meditation,Jamendo API vocalinstrumental=instrumental,Jamendo API speed=verylow,mp32,11063,91,selected,holdout,focus_music/focus_jamendo_1964726.mp3,cfdf9b5227e43d53d0badd8e36579939d4412f8beb2d9575dd10c6264224af18,b4c78821cd7d4bbb18dd760d7ad590d47812104f913a6386822b1af25ba4b320,192.000,44100,2,verified,2026-08-01,,
focus_jamendo_2169943,focus,jamendo-api-open-focus,2169943,Oriente (piano),Miguel Angel Albentosa Bó (MaaBo),jamendo_artist_486442,jamendo_album_566254,,284.813,https://www.jamendo.com/track/2169943,https://api.jamendo.com/v3.0/tracks/file/?client_id={client_id}&id=2169943&audioformat=mp32&action=download,Creative Commons Attribution-Non-Commercial-No Derivatives license,http://creativecommons.org/licenses/by-nc-nd/3.0/,meditation,newage,piano,meditation,Jamendo API vocalinstrumental=instrumental,Jamendo API speed=verylow,mp32,1063,293,selected,holdout,focus_music/focus_jamendo_2169943.mp3,7dcfa9cad8a21f28c9a334ee50db7e3e6d9e306a60fd2ce1ab25de1b7ab04c48,d777abf681b4e45d6f516ed6d054a0a23e5246952773b71435df930c8c914c4a,192.000,44100,2,verified,2026-08-01,,
focus_jamendo_1881280,focus,jamendo-api-open-focus,1881280,Lost In A Dark Valley (Calm Atmospheric  Peaceful  Dreamy),BDKSonic,jamendo_artist_486550,jamendo_album_453029,,123.925,https://www.jamendo.com/track/1881280,https://api.jamendo.com/v3.0/tracks/file/?client_id={client_id}&id=1881280&audioformat=mp32&action=download,Creative Commons Attribution-Non-Commercial license,http://creativecommons.org/licenses/by-nc/3.0/,meditation,ambient,synthesizer,meditation,Jamendo API vocalinstrumental=instrumental,Jamendo API speed=verylow,mp32,1088,188,selected,discovery,focus_music/focus_jamendo_1881280.mp3,3eb0836638493d0c87a688b8f358d9d10f94bbf8d1da9aae823e5545ec258a76,261aba5864c75b301693344f52c79ae343d3cd1e85a4b3733776289cd23007cd,192.577,44100,2,verified,2026-08-01,,
focus_jamendo_1130216,focus,jamendo-api-open-focus,1130216,Warmth,Augenstilzchen,jamendo_artist_340472,jamendo_album_135471,Meditativum,462.498,https://www.jamendo.com/track/1130216,https://api.jamendo.com/v3.0/tracks/file/?client_id={client_id}&id=1130216&audioformat=mp32&action=download,Creative Commons Attribution-Share-Alike license,http://creativecommons.org/licenses/by-sa/3.0/,meditation,newage,synthesizer,meditation,Jamendo API vocalinstrumental=instrumental,Jamendo API speed=verylow,mp32,11063,92,selected,discovery,focus_music/focus_jamendo_1130216.mp3,8c48adc882e6cb6eefbece870e4ffb40b658fcfdf6251726fb9f775eb1d1d65c,e914bfabcac62e848a1de1174cddbbfe64d9051b651674dcaec739f1da9f90c3,187.106,44100,2,verified,2026-08-01,,
focus_jamendo_1685032,focus,jamendo-api-open-focus,1685032,Ad Vitam,GroovyVoxx,jamendo_artist_359341,jamendo_album_187683,First Light,208.692,https://www.jamendo.com/track/1685032,https://api.jamendo.com/v3.0/tracks/file/?client_id={client_id}&id=1685032&audioformat=mp32&action=download,Creative Commons Attribution-Non-Commercial-No Derivatives license,http://creativecommons.org/licenses/by-nc-nd/3.0/,meditation,ambient,synthesizer,meditation,Jamendo API vocalinstrumental=instrumental,Jamendo API speed=verylow,mp32,1088,189,selected,holdout,focus_music/focus_jamendo_1685032.mp3,e58c9b780133cc7def30f8f6e8ec7dd5c4ad9605f31e764379f02e844393d129,c78d4301fabca7a1964ff9566cae2b20cc3f47222daeccb43dda586519bffc36,179.849,44100,2,verified,2026-08-01,,
focus_jamendo_1093829,focus,jamendo-api-open-focus,1093829,Illumination,Eion Alea,jamendo_artist_367317,jamendo_album_130382,Sojorno celeste,1110.000,https://www.jamendo.com/track/1093829,https://api.jamendo.com/v3.0/tracks/file/?client_id={client_id}&id=1093829&audioformat=mp32&action=download,Creative Commons Attribution-Non-Commercial-Share-Alike license,http://creativecommons.org/licenses/by-nc-sa/3.0/,meditation,newage,synthesizer,meditation,Jamendo API vocalinstrumental=instrumental,Jamendo API speed=verylow,mp32,1063,295,selected,holdout,focus_music/focus_jamendo_1093829.mp3,b1c37e1da586b9fb1bf1d24dfbd979f0168784818039014866b8267d2701165e,4c034db92a57f56c30a9986e4c7d0b2b4a81dbe4d37f820e1e28d27f432e6a94,189.521,44100,2,verified,2026-08-01,,
focus_jamendo_2280562,focus,jamendo-api-open-focus,2280562,Far,Bemused,jamendo_artist_509771,jamendo_album_615707,,224.313,https://www.jamendo.com/track/2280562,https://api.jamendo.com/v3.0/tracks/file/?client_id={client_id}&id=2280562&audioformat=mp32&action=download,Creative Commons Attribution-Non-Commercial-No Derivatives license,http://creativecommons.org/licenses/by-nc-nd/3.0/,meditation,ambient,synthesizer,meditation,Jamendo API vocalinstrumental=instrumental,Jamendo API speed=verylow,mp32,1088,193,selected,discovery,focus_music/focus_jamendo_2280562.mp3,6a7c21b56e2a70f96a9b904e26b0e563ff0c88b143a8439fc1819b47e242a43d,49c77cea52d6c8e8c7a7c7599a1fa51615072ef831dd6fbb1e527c1cd5568c3d,192.000,44100,2,verified,2026-08-01,,
focus_jamendo_1787506,focus,jamendo-api-open-focus,1787506,Sunset | Emotional Music,Epikton,jamendo_artist_496045,jamendo_album_195862,Emotional Music,140.983,https://www.jamendo.com/track/1787506,https://api.jamendo.com/v3.0/tracks/file/?client_id={client_id}&id=1787506&audioformat=mp32&action=download,Creative Commons Attribution-Non-Commercial-No Derivatives license,http://creativecommons.org/licenses/by-nc-nd/3.0/,meditation,ambient newage,,meditation,Jamendo API vocalinstrumental=instrumental,Jamendo API speed=low,mp32,1086,257,selected,validation,focus_music/focus_jamendo_1787506.mp3,b705c060d4d3c9a5f3186b1a61491c1afdf41281d32aac281909c49b557d7a8c,a674e7b9f424a2879fa2cce7a5ae6d64062b836a13e56c19bcce21dd43836098,177.656,44100,2,verified,2026-08-01,,
focus_jamendo_1897824,focus,jamendo-api-open-focus,1897824,Ambient for Meditation,AurbanniAudio,jamendo_artist_531308,jamendo_album_460950,,280.000,https://www.jamendo.com/track/1897824,https://api.jamendo.com/v3.0/tracks/file/?client_id={client_id}&id=1897824&audioformat=mp32&action=download,Creative Commons Attribution-Non-Commercial-No Derivatives license,http://creativecommons.org/licenses/by-nc-nd/3.0/,meditation,ambient,synthesizer,meditation,Jamendo API vocalinstrumental=instrumental,Jamendo API speed=verylow,mp32,11088,67,selected,discovery,focus_music/focus_jamendo_1897824.mp3,a57ea4568320c02af1b5819c0b751bcee093bc82b82af15357f323a590a478aa,2cd4e60bbacfe1d6c75d968fc0498989be24a539fc75f988b33827316bd12157,178.532,44100,2,verified,2026-08-01,,
focus_jamendo_1874522,focus,jamendo-api-open-focus,1874522,Emotional Strings Yearning and Sorrow,V8V,jamendo_artist_496155,jamendo_album_450128,,168.000,https://www.jamendo.com/track/1874522,https://api.jamendo.com/v3.0/tracks/file/?client_id={client_id}&id=1874522&audioformat=mp32&action=download,Creative Commons Attribution-Non-Commercial-No Derivatives license,http://creativecommons.org/licenses/by-nc-nd/3.0/,meditation,ambient,piano,meditation,Jamendo API vocalinstrumental=instrumental,Jamendo API speed=verylow,mp32,1088,199,selected,discovery,focus_music/focus_jamendo_1874522.mp3,eb93f6d0db7b9a844c14423431e82ff4752495d018814a4b64a91593fe37a5c4,6d8576b7af70377ac890ebae8100d94c07a1f2531997408a8d557be655787db7,171.577,44100,2,verified,2026-08-01,,
focus_jamendo_1871951,focus,jamendo-api-open-focus,1871951,Calm Space Ambient,Sound Creator,jamendo_artist_518691,jamendo_album_449061,,586.000,https://www.jamendo.com/track/1871951,https://api.jamendo.com/v3.0/tracks/file/?client_id={client_id}&id=1871951&audioformat=mp32&action=download,Creative Commons Attribution-Non-Commercial-Share-Alike license,http://creativecommons.org/licenses/by-nc-sa/3.0/,meditation,ambient,synthesizer,meditation,Jamendo API vocalinstrumental=instrumental,Jamendo API speed=verylow,mp32,1088,200,selected,holdout,focus_music/focus_jamendo_1871951.mp3,82e0c0352cbd81e865bccb0675ee3ab7256f500bfcd0bbcf3e6246d71b81423a,d73e372087effb789a4b2e4bb75e43a5285c99b225f0bdbe1a2bfd9ddecf7699,181.877,44100,2,verified,2026-08-01,,
focus_jamendo_1692446,focus,jamendo-api-open-focus,1692446,12.10.2019,subtopialimburg,jamendo_artist_499666,jamendo_album_394977,,619.416,https://www.jamendo.com/track/1692446,https://api.jamendo.com/v3.0/tracks/file/?client_id={client_id}&id=1692446&audioformat=mp32&action=download,Creative Commons Attribution-Non-Commercial-No Derivatives license,http://creativecommons.org/licenses/by-nc-nd/3.0/,meditation,ambient chillout,,meditation,Jamendo API vocalinstrumental=instrumental,Jamendo API speed=low,mp32,1086,269,selected,discovery,focus_music/focus_jamendo_1692446.mp3,eeae13700926a67a1d11e3a226d17e929ab43e3d93617b564ae6d123db039f8c,71bd5b2c2b1f1d66c871c91aae7cba1ffb547d254488cc5bd529d0703f642a4d,173.393,44100,2,verified,2026-08-01,,
focus_jamendo_1871445,focus,jamendo-api-open-focus,1871445,Deep Piano and Calm Cello,V8V,jamendo_artist_496155,jamendo_album_448663,,192.052,https://www.jamendo.com/track/1871445,https://api.jamendo.com/v3.0/tracks/file/?client_id={client_id}&id=1871445&audioformat=mp32&action=download,Creative Commons Attribution-Non-Commercial-No Derivatives license,http://creativecommons.org/licenses/by-nc-nd/3.0/,meditation,ambient,piano,meditation,Jamendo API vocalinstrumental=instrumental,Jamendo API speed=verylow,mp32,1088,202,selected,discovery,focus_music/focus_jamendo_1871445.mp3,c73429ef70d56cdb5ddb3e55c2a98406e9be4f6ed72318796d08510ea8f8e6ba,6b3194dbdd6d96379e143150553f38129bdce966b5cd65ed9e3dd4994b2757de,163.136,44100,2,verified,2026-08-01,,
focus_jamendo_2201227,focus,jamendo-api-open-focus,2201227,Healing Zen Melodies - Peaceful Bamboo Flute,MemoryMusic,jamendo_artist_522537,jamendo_album_579457,,130.064,https://www.jamendo.com/track/2201227,https://api.jamendo.com/v3.0/tracks/file/?client_id={client_id}&id=2201227&audioformat=mp32&action=download,Creative Commons Attribution-Non-Commercial-No Derivatives license,http://creativecommons.org/licenses/by-nc-nd/3.0/,meditation,ambient,soundscape,meditation,Jamendo API vocalinstrumental=instrumental,Jamendo API speed=verylow,mp32,1088,203,selected,discovery,focus_music/focus_jamendo_2201227.mp3,99b39ecb161c0690664017c0cdbf7e7f3c3ebfd35c04573dca2d1129a329a7e5,d11c48c2b9b6a742774a0f791f8719d95743f7a8abc94895787b7367ddbb1704,192.000,44100,2,verified,2026-08-01,,
focus_jamendo_1924920,focus,jamendo-api-open-focus,1924920,So Far Away You Can't Imagine,wavetune,jamendo_artist_544488,jamendo_album_473923,,264.000,https://www.jamendo.com/track/1924920,https://api.jamendo.com/v3.0/tracks/file/?client_id={client_id}&id=1924920&audioformat=mp32&action=download,Creative Commons Attribution-Non-Commercial-No Derivatives license,http://creativecommons.org/licenses/by-nc-nd/3.0/,meditation,ambient,piano,meditation,Jamendo API vocalinstrumental=instrumental,Jamendo API speed=verylow,mp32,1088,204,selected,discovery,focus_music/focus_jamendo_1924920.mp3,7e5ab37e11466158c44772a702e5f92bac5838217760b97afbe868bbc8c94393,a1f4585b22836bc25f3aee3c1f20bcf422fd0afe8783d3cc2e603871e1787986,177.716,44100,2,verified,2026-08-01,,
focus_jamendo_1833203,focus,jamendo-api-open-focus,1833203,Ambient Relax Meditation,Sound Gallery by Dmitry Taras,jamendo_artist_488965,jamendo_album_410412,,452.000,https://www.jamendo.com/track/1833203,https://api.jamendo.com/v3.0/tracks/file/?client_id={client_id}&id=1833203&audioformat=mp32&action=download,Creative Commons Attribution-Non-Commercial-No Derivatives license,http://creativecommons.org/licenses/by-nc-nd/3.0/,meditation,ambient,synthesizer,meditation,Jamendo API vocalinstrumental=instrumental,Jamendo API speed=verylow,mp32,11088,69,selected,discovery,focus_music/focus_jamendo_1833203.mp3,11578bf2cf8802e3016b948cd09f2fa36a34fed8289122ad49e84c05d60abaf9,cb0022553bc97df9232c52cf74877ce1d9d398403a0137cb9a83a2272adb674c,158.667,44100,2,verified,2026-08-01,,
focus_jamendo_1868257,focus,jamendo-api-open-focus,1868257,Cinematic Atmosphere Piano,cleanmindstudio,jamendo_artist_538115,jamendo_album_447152,,141.401,https://www.jamendo.com/track/1868257,https://api.jamendo.com/v3.0/tracks/file/?client_id={client_id}&id=1868257&audioformat=mp32&action=download,Creative Commons Attribution-Non-Commercial-No Derivatives license,http://creativecommons.org/licenses/by-nc-nd/3.0/,meditation,ambient,piano,meditation,Jamendo API vocalinstrumental=instrumental,Jamendo API speed=low,mp32,1086,207,selected,validation,focus_music/focus_jamendo_1868257.mp3,8652d9d84b750ee788c2ace81b0d94a63583792f4c6950c452a20a4e59984b79,4850bcec28a5577dceb63faa2240755224b6060cdb36faea4f930bbab22a9141,162.238,44100,2,verified,2026-08-01,,
focus_jamendo_1789540,focus,jamendo-api-open-focus,1789540,Angelair,AML Project,jamendo_artist_501081,jamendo_album_195924,Atmospheric Soundtracks Vol. 01,166.060,https://www.jamendo.com/track/1789540,https://api.jamendo.com/v3.0/tracks/file/?client_id={client_id}&id=1789540&audioformat=mp32&action=download,Creative Commons Attribution-Non-Commercial-No Derivatives license,http://creativecommons.org/licenses/by-nc-nd/3.0/,meditation,ambient,soundscape,meditation,Jamendo API vocalinstrumental=instrumental,Jamendo API speed=low,mp32,1086,209,selected,validation,focus_music/focus_jamendo_1789540.mp3,b9cdc6bc798a3deb8eaeae46804548ba3d311abefed677a9ad0fba00dff1b734,c177bd56372f7d47937d4ee2b21b45eab3a01c574e1ef5b3d72f2528bbf6509e,179.040,44100,2,verified,2026-08-01,,
focus_jamendo_1786770,focus,jamendo-api-open-focus,1786770,Für Regina As-dur,HEINZ ALMSTEDT,jamendo_artist_349709,jamendo_album_385680,,165.878,https://www.jamendo.com/track/1786770,https://api.jamendo.com/v3.0/tracks/file/?client_id={client_id}&id=1786770&audioformat=mp32&action=download,Creative Commons Attribution-Non-Commercial-No Derivatives license,http://creativecommons.org/licenses/by-nc-nd/3.0/,meditation,ambient,synthesizer,meditation,Jamendo API vocalinstrumental=instrumental,Jamendo API speed=low,mp32,1086,210,selected,validation,focus_music/focus_jamendo_1786770.mp3,801959485bcc825230d75b496c2b7f25b8991dd073ccf45c9e359f2750cf895b,4342674bf75ea47ea514d4b02dbc4520af19114007cf50b8ee9e34b32ddc40ac,168.333,44100,2,verified,2026-08-01,,
focus_jamendo_1077172,focus,jamendo-api-open-focus,1077172,Something is going to happen,Nito Ferri,jamendo_artist_438864,jamendo_album_128310,The last word of the king,136.333,https://www.jamendo.com/track/1077172,https://api.jamendo.com/v3.0/tracks/file/?client_id={client_id}&id=1077172&audioformat=mp32&action=download,Creative Commons Attribution-Share-Alike license,http://creativecommons.org/licenses/by-sa/2.5/it/,meditation,ambient,piano,meditation,Jamendo API vocalinstrumental=instrumental,Jamendo API speed=low,mp32,1086,211,selected,holdout,focus_music/focus_jamendo_1077172.mp3,ed513779a3362b2e761b19d2ef85a65a5268e0fa8d135538734b82bf1795defe,9275592db4d5562fe2d6e3680cc5aa162b197459c1f40f8364c21ce6e63ea747,171.138,44100,2,verified,2026-08-01,,
focus_jamendo_1077186,focus,jamendo-api-open-focus,1077186,the measured tread of death,Nito Ferri,jamendo_artist_438864,jamendo_album_128310,The last word of the king,394.397,https://www.jamendo.com/track/1077186,https://api.jamendo.com/v3.0/tracks/file/?client_id={client_id}&id=1077186&audioformat=mp32&action=download,Creative Commons Attribution-Share-Alike license,http://creativecommons.org/licenses/by-sa/2.5/it/,meditation,ambient,piano,meditation,Jamendo API vocalinstrumental=instrumental,Jamendo API speed=low,mp32,1086,212,selected,holdout,focus_music/focus_jamendo_1077186.mp3,f73bb63cf1a3de5b13482f8fbf28b28be44516012ced1155f42c9b20d3382b4e,410caae44817a5cfd09a617dcc8226975565feb72134f8464fa96a6ddd24099f,174.028,44100,2,verified,2026-08-01,,
focus_jamendo_2023052,focus,jamendo-api-open-focus,2023052,Pink and Purple Clouds,The Golden Moons,jamendo_artist_554152,jamendo_album_517118,,187.037,https://www.jamendo.com/track/2023052,https://api.jamendo.com/v3.0/tracks/file/?client_id={client_id}&id=2023052&audioformat=mp32&action=download,Creative Commons Attribution-Non-Commercial-No Derivatives license,http://creativecommons.org/licenses/by-nc-nd/3.0/,meditation,ambient,synthesizer,meditation,Jamendo API vocalinstrumental=instrumental,Jamendo API speed=low,mp32,1086,213,selected,discovery,focus_music/focus_jamendo_2023052.mp3,a6c68f8904061bdc83daf15032f999377be74f660b233ba1615997445c14e9f4,141b66846618bed22d834a4e2e79066a3284dfede926a9df7a9353644c4d49f4,192.000,44100,2,verified,2026-08-01,,
focus_jamendo_1997549,focus,jamendo-api-open-focus,1997549,Calming Meditative,RND-Music,jamendo_artist_529675,jamendo_album_507769,,387.474,https://www.jamendo.com/track/1997549,https://api.jamendo.com/v3.0/tracks/file/?client_id={client_id}&id=1997549&audioformat=mp32&action=download,Creative Commons Attribution-Non-Commercial-No Derivatives license,http://creativecommons.org/licenses/by-nc-nd/3.0/,meditation,ambient,synthesizer,meditation,Jamendo API vocalinstrumental=instrumental,Jamendo API speed=low,mp32,11086,72,selected,holdout,focus_music/focus_jamendo_1997549.mp3,ba98f4eb6b241b4f46a4c2d15a3744bb6a74caddce6b141674a1508a4757e689,17b80e4b912e902525b4d6c436a6d1672f509f4e3654fcd0152d5c54d9ed339d,192.000,44100,2,verified,2026-08-01,,
focus_jamendo_1550368,focus,jamendo-api-open-focus,1550368,Good Morning,A.K.1974,jamendo_artist_006131,jamendo_album_177130,Forest,720.065,https://www.jamendo.com/track/1550368,https://api.jamendo.com/v3.0/tracks/file/?client_id={client_id}&id=1550368&audioformat=mp32&action=download,Creative Commons Attribution-Share-Alike license,http://creativecommons.org/licenses/by-sa/3.0/,meditation,newage,synthesizer,meditation,Jamendo API vocalinstrumental=instrumental,Jamendo API speed=low,mp32,1061,300,selected,validation,focus_music/focus_jamendo_1550368.mp3,976760d1452a7ef220869913bb99ca55d03898d04a056b6bf1a143e0222b18a1,f177055cd60c3d1d8695fc8ddd5e875baee927df6516011bcb11603a234859c8,175.765,44100,2,verified,2026-08-01,,
focus_jamendo_1868247,focus,jamendo-api-open-focus,1868247,The Motion,EdiKey20,jamendo_artist_537742,jamendo_album_447145,,144.065,https://www.jamendo.com/track/1868247,https://api.jamendo.com/v3.0/tracks/file/?client_id={client_id}&id=1868247&audioformat=mp32&action=download,Creative Commons Attribution-Non-Commercial-No Derivatives license,http://creativecommons.org/licenses/by-nc-nd/3.0/,meditation,lofi,piano,meditation,Jamendo API vocalinstrumental=instrumental,Jamendo API speed=low,mp32,1111,131,selected,validation,focus_music/focus_jamendo_1868247.mp3,b0c9ea6f755ce563c6cc349084f797acda2cab0d51aa231a6f41359915528f53,b80ccaa44fa88c00b1d0f4508c5ca5b0c6b7ab251186e1b32e7b3386022f350f,192.483,44100,2,verified,2026-08-01,,
focus_jamendo_1939376,focus,jamendo-api-open-focus,1939376,Magnetic,C.J.ROGERS,jamendo_artist_336426,jamendo_album_480074,,286.459,https://www.jamendo.com/track/1939376,https://api.jamendo.com/v3.0/tracks/file/?client_id={client_id}&id=1939376&audioformat=mp32&action=download,Creative Commons Attribution-Non-Commercial-No Derivatives license,http://creativecommons.org/licenses/by-nc-nd/3.0/,meditation,ambient,synthesizer,meditation,Jamendo API vocalinstrumental=instrumental,Jamendo API speed=low,mp32,1086,224,selected,holdout,focus_music/focus_jamendo_1939376.mp3,646b578942e5d568ae4ad8944592337f9b3e9c42b9c342e204fefa2d6c645edc,1f5c141af6bb2e1b6abaa46fe89636daf4df37d16c4cd722d53b3496c3460503,192.000,44100,2,verified,2026-08-01,,
focus_jamendo_1576036,focus,jamendo-api-open-focus,1576036,Perpetual Hover (As My Soul Spins Below Me),Tonepoet,jamendo_artist_507576,jamendo_album_179320,Taking Flight (Featuring CloudFall),344.059,https://www.jamendo.com/track/1576036,https://api.jamendo.com/v3.0/tracks/file/?client_id={client_id}&id=1576036&audioformat=mp32&action=download,Creative Commons Attribution-Non-Commercial-Share-Alike license,http://creativecommons.org/licenses/by-nc-sa/3.0/,meditation,ambient,soundscape,meditation,Jamendo API vocalinstrumental=instrumental,Jamendo API speed=low,mp32,1086,226,selected,discovery,focus_music/focus_jamendo_1576036.mp3,c280bf7dd52bb3e7e7f1f805f5d31a6d3d934c8b26a62f3bf173f73c0a05ffd1,608793d975be60d3f76b9428c3c72b616ebb6b6c2209efd529b999c29d2f8beb,188.195,44100,2,verified,2026-08-01,,
focus_jamendo_1106747,focus,jamendo-api-open-focus,1106747,Emptyness,Astral Outlander,jamendo_artist_440150,jamendo_album_132171,Purple World,265.718,https://www.jamendo.com/track/1106747,https://api.jamendo.com/v3.0/tracks/file/?client_id={client_id}&id=1106747&audioformat=mp32&action=download,Creative Commons Attribution-Non-Commercial-Share-Alike license,http://creativecommons.org/licenses/by-nc-sa/3.0/,meditation,ambient,piano,meditation,Jamendo API vocalinstrumental=instrumental,Jamendo API speed=low,mp32,1086,228,selected,discovery,focus_music/focus_jamendo_1106747.mp3,259d1ebf12dad187a821f929030ef630c2c31f14d33219f1c0758ef8df2a36c8,7b478418d6fa0d7ea3bdadaa04a2ee79a70b1cd4c2b5af660fe935cb144588aa,164.419,44100,2,verified,2026-08-01,,
focus_jamendo_1891400,focus,jamendo-api-open-focus,1891400,"This Meditation (documentary, cosmic background)",AurbanniAudio,jamendo_artist_531308,jamendo_album_457972,,212.820,https://www.jamendo.com/track/1891400,https://api.jamendo.com/v3.0/tracks/file/?client_id={client_id}&id=1891400&audioformat=mp32&action=download,Creative Commons Attribution-Non-Commercial-No Derivatives license,http://creativecommons.org/licenses/by-nc-nd/3.0/,meditation,ambient,synthesizer,meditation,Jamendo API vocalinstrumental=instrumental,Jamendo API speed=low,mp32,11086,74,selected,discovery,focus_music/focus_jamendo_1891400.mp3,138a8e9a8aa5c800bf53790fe7127dcd47201f5177d5a7667de393b623c62f27,a6e5b8289272e560306014a6c7de90018348ced39a4ef0beaa403bdd3cea9515,141.226,44100,2,verified,2026-08-01,,
focus_jamendo_2015074,focus,jamendo-api-open-focus,2015074,The Greatest Mystery: Psychedelic Inspiration,The Golden Moons,jamendo_artist_554152,jamendo_album_514559,,154.070,https://www.jamendo.com/track/2015074,https://api.jamendo.com/v3.0/tracks/file/?client_id={client_id}&id=2015074&audioformat=mp32&action=download,Creative Commons Attribution-Non-Commercial-No Derivatives license,http://creativecommons.org/licenses/by-nc-nd/3.0/,meditation,ambient,synthesizer,meditation,Jamendo API vocalinstrumental=instrumental,Jamendo API speed=low,mp32,1086,231,selected,discovery,focus_music/focus_jamendo_2015074.mp3,312b9c2734180cdf49e77f872791440dafccadcdba2af59aa0a99e3e1f1556a5,dd9f5d11b88f0af06a15d2a5e1d1d23c077b3987874c902e2d82568d1b79ad0c,192.000,44100,2,verified,2026-08-01,,
focus_jamendo_1962000,focus,jamendo-api-open-focus,1962000,Morning Cloud (Ambient/Calm/Hypnotic),Liam Batten,jamendo_artist_549378,jamendo_album_490030,,268.199,https://www.jamendo.com/track/1962000,https://api.jamendo.com/v3.0/tracks/file/?client_id={client_id}&id=1962000&audioformat=mp32&action=download,Creative Commons Attribution-Non-Commercial-No Derivatives license,http://creativecommons.org/licenses/by-nc-nd/3.0/,meditation,ambient,synthesizer,meditation,Jamendo API vocalinstrumental=instrumental,Jamendo API speed=low,mp32,1086,232,selected,validation,focus_music/focus_jamendo_1962000.mp3,2c008beb0e73a37cda9bf5a5f7b280071b2796798bf7521445caef523b814e6d,48adb964f5b9bf805859ff5dc774facfc14ef6e4e7b1a55f1475f75e6260f252,192.000,44100,2,verified,2026-08-01,,
focus_jamendo_1700327,focus,jamendo-api-open-focus,1700327,Concious Meditation,Sasu,jamendo_artist_523835,jamendo_album_251919,,249.078,https://www.jamendo.com/track/1700327,https://api.jamendo.com/v3.0/tracks/file/?client_id={client_id}&id=1700327&audioformat=mp32&action=download,Creative Commons Attribution-Non-Commercial-No Derivatives license,http://creativecommons.org/licenses/by-nc-nd/3.0/,meditation,ambient,piano,meditation,Jamendo API vocalinstrumental=instrumental,Jamendo API speed=low,mp32,11086,75,selected,validation,focus_music/focus_jamendo_1700327.mp3,71af623a3c22891be06919163e0ebeffe1bf9fdf7d12598cae0d9e240059e078,4d7b8b4d52c4bb499155cbe97b5e46c810652eb2907422c0bae0b00d505ffb19,148.706,44100,2,verified,2026-08-01,,
focus_jamendo_1847333,focus,jamendo-api-open-focus,1847333,Altai | Meditation Relaxing Music,The Piano Lady (Lena Orsa),jamendo_artist_494669,jamendo_album_408437,,367.229,https://www.jamendo.com/track/1847333,https://api.jamendo.com/v3.0/tracks/file/?client_id={client_id}&id=1847333&audioformat=mp32&action=download,Creative Commons Attribution-Non-Commercial-No Derivatives license,http://creativecommons.org/licenses/by-nc-nd/3.0/,meditation,ambient,piano,meditation,Jamendo API vocalinstrumental=instrumental,Jamendo API speed=low,mp32,11086,76,selected,discovery,focus_music/focus_jamendo_1847333.mp3,a513c583a2e8ea3a23be20d1102fa920d2bbd85c2399fb7af369cd448402b9cc,dbf486e0e54c6bea7ff23a20cc79231be2ab5583bfeca001fb2b59c53ca5c779,185.893,44100,2,verified,2026-08-01,,
focus_jamendo_1968379,focus,jamendo-api-open-focus,1968379,Relax (meditation background),AurbanniAudio,jamendo_artist_531308,jamendo_album_493281,,305.789,https://www.jamendo.com/track/1968379,https://api.jamendo.com/v3.0/tracks/file/?client_id={client_id}&id=1968379&audioformat=mp32&action=download,Creative Commons Attribution-Non-Commercial-No Derivatives license,http://creativecommons.org/licenses/by-nc-nd/3.0/,meditation,ambient,synthesizer,meditation,Jamendo API vocalinstrumental=instrumental,Jamendo API speed=low,mp32,11086,77,selected,discovery,focus_music/focus_jamendo_1968379.mp3,e312378eca133b16d5b1ae155a56d52c72baa74e8ca326fbadd97703f7dc642a,ec4c3092c6e2b7d4c9d5aecd3a0ad889254bf0a176b83aa9f655209b0d58dc1f,192.000,44100,2,verified,2026-08-01,,
focus_jamendo_1976293,focus,jamendo-api-open-focus,1976293,Healing Meditation Music,Healing Meditation Music,jamendo_artist_542794,jamendo_album_497790,,601.104,https://www.jamendo.com/track/1976293,https://api.jamendo.com/v3.0/tracks/file/?client_id={client_id}&id=1976293&audioformat=mp32&action=download,Creative Commons Attribution-Non-Commercial-No Derivatives license,http://creativecommons.org/licenses/by-nc-nd/3.0/,meditation,newage,synthesizer,meditation,Jamendo API vocalinstrumental=instrumental,Jamendo API speed=low,mp32,11061,95,selected,holdout,focus_music/focus_jamendo_1976293.mp3,de9f42b7f037b9e154415c764776f0114bf6a1ad152ad6610e7a307268b84629,add35711961669bd78b9797624650084b37379ca97c11ec7b1d0bf0d30a8fad5,192.000,44100,2,verified,2026-08-01,,
focus_jamendo_1633326,focus,jamendo-api-open-focus,1633326,OCEAN LIFE / Surround,Michał Jałochowski,jamendo_artist_441157,jamendo_album_183641,OCEAN LIFE II,760.059,https://www.jamendo.com/track/1633326,https://api.jamendo.com/v3.0/tracks/file/?client_id={client_id}&id=1633326&audioformat=mp32&action=download,Creative Commons Attribution-Non-Commercial license,http://creativecommons.org/licenses/by-nc/3.0/,meditation,ambient,synthesizer,meditation,Jamendo API vocalinstrumental=instrumental,Jamendo API speed=low,mp32,1086,236,selected,validation,focus_music/focus_jamendo_1633326.mp3,ab3408c4a87b39a493c823e0ba0875874c883abb6979d9d5524646053e254d3c,11b796c339a1655602e0343f43728d5e42c96be05b95c9550ec1f1427bc0ae34,180.342,44100,2,verified,2026-08-01,,
focus_jamendo_1939637,focus,jamendo-api-open-focus,1939637,sabbia tra le dita,roeaudionews,jamendo_artist_438910,jamendo_album_480250,De saund ov sailens,125.074,https://www.jamendo.com/track/1939637,https://api.jamendo.com/v3.0/tracks/file/?client_id={client_id}&id=1939637&audioformat=mp32&action=download,Creative Commons Attribution-Non-Commercial-No Derivatives license,http://creativecommons.org/licenses/by-nc-nd/3.0/,meditation,ambient,synthesizer,meditation,Jamendo API vocalinstrumental=instrumental,Jamendo API speed=low,mp32,1086,237,selected,validation,focus_music/focus_jamendo_1939637.mp3,71b714a877fd39ea356ef02747c1f2fd3a852b83c56bcfb07249492034a53f30,23648c314437452b64c0b51b23545662eac24fe86f1a04d229540f6a4b0c0d28,164.241,44100,2,verified,2026-08-01,,
focus_jamendo_1810290,focus,jamendo-api-open-focus,1810290,Artifacts,Robert O'Neill,jamendo_artist_532277,jamendo_album_280572,,137.064,https://www.jamendo.com/track/1810290,https://api.jamendo.com/v3.0/tracks/file/?client_id={client_id}&id=1810290&audioformat=mp32&action=download,Creative Commons Attribution-Non-Commercial-No Derivatives license,http://creativecommons.org/licenses/by-nc-nd/3.0/,meditation,ambient,synthesizer,meditation,Jamendo API vocalinstrumental=instrumental,Jamendo API speed=low,mp32,1086,238,selected,validation,focus_music/focus_jamendo_1810290.mp3,4c03e3c7ede2f77175a3c876b11246c6e495dc0cc21ff103e5a8bf415b807195,b2030e14a919926da3efedc88be59dac9a210b79ca68d37c6f1b31303a308056,182.826,44100,2,verified,2026-08-01,,
focus_jamendo_1597868,focus,jamendo-api-open-focus,1597868,Looking for Max,Unenthüllte,jamendo_artist_351084,jamendo_album_181098,Flicker,526.550,https://www.jamendo.com/track/1597868,https://api.jamendo.com/v3.0/tracks/file/?client_id={client_id}&id=1597868&audioformat=mp32&action=download,Creative Commons Attribution-Non-Commercial-No Derivatives license,http://creativecommons.org/licenses/by-nc-nd/3.0/,meditation,ambient,soundscape,meditation,Jamendo API vocalinstrumental=instrumental,Jamendo API speed=low,mp32,1086,239,selected,holdout,focus_music/focus_jamendo_1597868.mp3,ec519a96ae60fbf02c77e5005de022d82ac1758810f9fa6cc05ddb73399f71e2,2209e3ed80d96cd368a6bcd0c92b53e1707396d0c1c7ad4d529f1157efd275dc,182.953,44100,2,verified,2026-08-01,,
focus_jamendo_1632069,focus,jamendo-api-open-focus,1632069,Atmospheric Forest,DJ Gami.K,jamendo_artist_439567,jamendo_album_183564,Psychedelic Nostalgia,225.045,https://www.jamendo.com/track/1632069,https://api.jamendo.com/v3.0/tracks/file/?client_id={client_id}&id=1632069&audioformat=mp32&action=download,Creative Commons Attribution-Non-Commercial-No Derivatives license,http://creativecommons.org/licenses/by-nc-nd/3.0/,meditation,ambient,synthesizer,meditation,Jamendo API vocalinstrumental=instrumental,Jamendo API speed=low,mp32,1086,240,selected,discovery,focus_music/focus_jamendo_1632069.mp3,248c8540ddd655c03aa3674beefcaa106ec34a812519dae4bec86de98e4a98b2,791e5b053f7193b95bc84262500610ffa773c74b8f7bf085a38c53d592f83390,181.105,44100,2,verified,2026-08-01,,
focus_jamendo_1272579,focus,jamendo-api-open-focus,1272579,Ad astra per aspera,Dee Yan-Key,jamendo_artist_428874,jamendo_album_151949,one hour of eternity,650.136,https://www.jamendo.com/track/1272579,https://api.jamendo.com/v3.0/tracks/file/?client_id={client_id}&id=1272579&audioformat=mp32&action=download,Creative Commons Attribution-Non-Commercial-Share-Alike license,http://creativecommons.org/licenses/by-nc-sa/3.0/,meditation,ambient,soundscape,meditation,Jamendo API vocalinstrumental=instrumental,Jamendo API speed=low,mp32,1086,243,selected,holdout,focus_music/focus_jamendo_1272579.mp3,4c395a712bbb5e8af86fa89eddee3e422c9e006d8870598c23a7a7e3f1355dc9,177f30682318cdbca0a308a9350aac6222e7804ae8c374f91be84b733d03d705,188.069,44100,2,verified,2026-08-01,,
focus_jamendo_1630224,focus,jamendo-api-open-focus,1630224,Mort imminente,MIKAËL PARANTHOËN,jamendo_artist_516138,jamendo_album_314952,,240.065,https://www.jamendo.com/track/1630224,https://api.jamendo.com/v3.0/tracks/file/?client_id={client_id}&id=1630224&audioformat=mp32&action=download,Creative Commons Attribution-Non-Commercial-No Derivatives license,http://creativecommons.org/licenses/by-nc-nd/3.0/,meditation,ambient,piano,meditation,Jamendo API vocalinstrumental=instrumental,Jamendo API speed=low,mp32,1086,246,selected,validation,focus_music/focus_jamendo_1630224.mp3,d2b937c974ae48c7959f574833f9f12824774d4933cbbd6e7a86b9629ba91aa4,b88a329fa19f42fb8040fe2f2295f8bbe80813358ffa487d852830518fde5a76,185.313,44100,2,verified,2026-08-01,,
focus_jamendo_1928112,focus,jamendo-api-open-focus,1928112,Macao,Christian-Z,jamendo_artist_492916,jamendo_album_475390,,181.786,https://www.jamendo.com/track/1928112,https://api.jamendo.com/v3.0/tracks/file/?client_id={client_id}&id=1928112&audioformat=mp32&action=download,Creative Commons Attribution-Non-Commercial-No Derivatives license,http://creativecommons.org/licenses/by-nc-nd/3.0/,meditation,ambient,synthesizer,meditation,Jamendo API vocalinstrumental=instrumental,Jamendo API speed=low,mp32,1086,247,selected,validation,focus_music/focus_jamendo_1928112.mp3,aec5e3df495966c38991940fc3e09f1b9e0b843b9b7121988e96fdec2edcd43f,87a4291ffa3eba392c5a13228cfe54a06d26ec23fd532acd0f95b29f7900601a,153.170,44100,2,verified,2026-08-01,,
focus_jamendo_1606551,focus,jamendo-api-open-focus,1606551,DIONE,Joa Rajadel,jamendo_artist_456883,jamendo_album_181661,Gelum,307.017,https://www.jamendo.com/track/1606551,https://api.jamendo.com/v3.0/tracks/file/?client_id={client_id}&id=1606551&audioformat=mp32&action=download,Creative Commons Attribution-Non-Commercial-No Derivatives license,http://creativecommons.org/licenses/by-nc-nd/3.0/,meditation,ambient,piano,meditation,Jamendo API vocalinstrumental=instrumental,Jamendo API speed=low,mp32,1086,249,selected,holdout,focus_music/focus_jamendo_1606551.mp3,a3955b605c5f01ca39fb6c98b43f8d07487dbce18af18e977d0c0551bfc080c2,d26ef782785854eb168732a57128ed8c6062fd71a04dae5fbf516e29e90b20e8,204.515,44100,2,verified,2026-08-01,,
focus_jamendo_1921939,focus,jamendo-api-open-focus,1921939,Ambient Meditation,lesfm,jamendo_artist_537822,jamendo_album_472458,,217.260,https://www.jamendo.com/track/1921939,https://api.jamendo.com/v3.0/tracks/file/?client_id={client_id}&id=1921939&audioformat=mp32&action=download,Creative Commons Attribution-Non-Commercial-No Derivatives license,http://creativecommons.org/licenses/by-nc-nd/3.0/,meditation,ambient,synthesizer,meditation,Jamendo API vocalinstrumental=instrumental,Jamendo API speed=low,mp32,11086,81,selected,discovery,focus_music/focus_jamendo_1921939.mp3,308833681fb488f500af999f5c96b09a201da95f5efdf95656db79d7d202b89f,c83d31e7e024584ca861bf150bd9f8a7186898f249122162a046fd5c6b451f08,170.721,44100,2,verified,2026-08-01,,
focus_jamendo_1978695,focus,jamendo-api-open-focus,1978695,Call Of The Wild,Robinicus,jamendo_artist_551113,jamendo_album_499041,,322.769,https://www.jamendo.com/track/1978695,https://api.jamendo.com/v3.0/tracks/file/?client_id={client_id}&id=1978695&audioformat=mp32&action=download,Creative Commons Attribution-Non-Commercial-No Derivatives license,http://creativecommons.org/licenses/by-nc-nd/3.0/,meditation,ambient,synthesizer,meditation,Jamendo API vocalinstrumental=instrumental,Jamendo API speed=low,mp32,1086,253,selected,discovery,focus_music/focus_jamendo_1978695.mp3,3ebddfc685f7391ac530300d4dc79f4de552c09cd2f00fe32312e611146ccb45,ebc31230192dc742d9597c1f4ece7a582031193dff273a8ddbe6e5b19dc18782,192.000,44100,2,verified,2026-08-01,,
focus_jamendo_1450425,focus,jamendo-api-open-focus,1450425,the transience room,Sergio Calzoni,jamendo_artist_500339,jamendo_album_168570,Retrospectre,280.738,https://www.jamendo.com/track/1450425,https://api.jamendo.com/v3.0/tracks/file/?client_id={client_id}&id=1450425&audioformat=mp32&action=download,Creative Commons Attribution-Non-Commercial-Share-Alike license,http://creativecommons.org/licenses/by-nc-sa/3.0/,meditation,ambient,piano,meditation,Jamendo API vocalinstrumental=instrumental,Jamendo API speed=low,mp32,1086,258,selected,discovery,focus_music/focus_jamendo_1450425.mp3,23faab8c8fc4f591471cef69bceb7accfc8d7dc7fddfc676d714f162de30f20e,6c5f0ccc542384db310f9554003de37f0f5a2eae15b709c02c27e7e1499e7f11,193.658,44100,2,verified,2026-08-01,,
focus_jamendo_1838283,focus,jamendo-api-open-focus,1838283,Memories I,Asa Taura,jamendo_artist_484962,jamendo_album_200186,Ascension,349.309,https://www.jamendo.com/track/1838283,https://api.jamendo.com/v3.0/tracks/file/?client_id={client_id}&id=1838283&audioformat=mp32&action=download,Creative Commons Attribution-Non-Commercial-No Derivatives license,http://creativecommons.org/licenses/by-nc-nd/3.0/,meditation,ambient,synthesizer,meditation,Jamendo API vocalinstrumental=instrumental,Jamendo API speed=low,mp32,1086,259,selected,discovery,focus_music/focus_jamendo_1838283.mp3,a4f280fc4b17af7b488696c3fec9513373812ae9371b1cf404e36243a67ccdc7,4a02c3443641f2e8a78d11926b6f5db6421ab85d2795d668a3cc092a9d7ac29c,143.060,44100,2,verified,2026-08-01,,
focus_jamendo_1669925,focus,jamendo-api-open-focus,1669925,In The Garden (Short Zen Version),JCRZ,jamendo_artist_002189,jamendo_album_251401,,344.059,https://www.jamendo.com/track/1669925,https://api.jamendo.com/v3.0/tracks/file/?client_id={client_id}&id=1669925&audioformat=mp32&action=download,Creative Commons Attribution-Non-Commercial-No Derivatives license,http://creativecommons.org/licenses/by-nc-nd/3.0/,meditation,ambient,synthesizer,meditation,Jamendo API vocalinstrumental=instrumental,Jamendo API speed=low,mp32,1086,261,selected,validation,focus_music/focus_jamendo_1669925.mp3,1e08f94c277f97343d272d1eb19439be540122de758e440110412bd009ae0600,c607c16253f221e7c1b4ad9e4f788884114703bd28e6ff6790ae1b484ce0070f,176.570,44100,2,verified,2026-08-01,,
focus_jamendo_1721937,focus,jamendo-api-open-focus,1721937,The Lake,LASERTRACKS,jamendo_artist_360311,jamendo_album_190584,Cinema HQ (all genres),320.549,https://www.jamendo.com/track/1721937,https://api.jamendo.com/v3.0/tracks/file/?client_id={client_id}&id=1721937&audioformat=mp32&action=download,Creative Commons Attribution-Non-Commercial-No Derivatives license,http://creativecommons.org/licenses/by-nc-nd/3.0/,meditation,ambient,soundscape,meditation,Jamendo API vocalinstrumental=instrumental,Jamendo API speed=low,mp32,1086,263,selected,validation,focus_music/focus_jamendo_1721937.mp3,9eaf0543cbc4aa9df3e07d511646098f5f9fb3237e46846b0b537b8d3223ccce,e3acb9ef0f9c7553699b42bb5c25002ddad1d50b646c5a3433fad63c0f410c0c,189.655,44100,2,verified,2026-08-01,,
focus_jamendo_1850576,focus,jamendo-api-open-focus,1850576,Boring Evening,TheQLon,jamendo_artist_503399,jamendo_album_419407,,120.059,https://www.jamendo.com/track/1850576,https://api.jamendo.com/v3.0/tracks/file/?client_id={client_id}&id=1850576&audioformat=mp32&action=download,Creative Commons Attribution-Non-Commercial-No Derivatives license,http://creativecommons.org/licenses/by-nc-nd/3.0/,meditation,lofi,synthesizer,meditation,Jamendo API vocalinstrumental=instrumental,Jamendo API speed=low,mp32,1111,132,selected,discovery,focus_music/focus_jamendo_1850576.mp3,05ab8338f4b8123ef6bfec8975406b158eadb6c24f3c13f7f780c35aa1962203,a0142ea5e9ce5e27d2940e7a551cf63ab6dda2ccef42a3e2d5006a7862f98857,195.926,44100,2,verified,2026-08-01,,
focus_jamendo_1646629,focus,jamendo-api-open-focus,1646629,müllerthal,subtopialimburg,jamendo_artist_499666,jamendo_album_390268,,590.420,https://www.jamendo.com/track/1646629,https://api.jamendo.com/v3.0/tracks/file/?client_id={client_id}&id=1646629&audioformat=mp32&action=download,Creative Commons Attribution-Non-Commercial-No Derivatives license,http://creativecommons.org/licenses/by-nc-nd/3.0/,meditation,ambient,soundscape,meditation,Jamendo API vocalinstrumental=instrumental,Jamendo API speed=low,mp32,1086,266,selected,discovery,focus_music/focus_jamendo_1646629.mp3,be1e336f1bde34fa9b5759d7f18dcd1bead8e30972fbb88aad3d52877f853eaf,6ab2077d818b8e8e678ee517ff90dca355ec92a75f50a54f1745dd3296ba81b2,163.223,44100,2,verified,2026-08-01,,
focus_jamendo_1838287,focus,jamendo-api-open-focus,1838287,Otomeza,Asa Taura,jamendo_artist_484962,jamendo_album_200186,Ascension,368.614,https://www.jamendo.com/track/1838287,https://api.jamendo.com/v3.0/tracks/file/?client_id={client_id}&id=1838287&audioformat=mp32&action=download,Creative Commons Attribution-Non-Commercial-No Derivatives license,http://creativecommons.org/licenses/by-nc-nd/3.0/,meditation,ambient,synthesizer,meditation,Jamendo API vocalinstrumental=instrumental,Jamendo API speed=low,mp32,1086,268,selected,discovery,focus_music/focus_jamendo_1838287.mp3,139d86c5fcd7558938d373a04529559a54ef9f2abe22bc3b3e245e7b51a8518e,09bf628b6e037381784626b6f08bf5c3696dd18be2b65f8d8d5f47bf09e93fb8,174.681,44100,2,verified,2026-08-01,,
focus_jamendo_1706218,focus,jamendo-api-open-focus,1706218,Meditation forest,Flashinmusic,jamendo_artist_523869,jamendo_album_297327,,442.358,https://www.jamendo.com/track/1706218,https://api.jamendo.com/v3.0/tracks/file/?client_id={client_id}&id=1706218&audioformat=mp32&action=download,Creative Commons Attribution-Non-Commercial-No Derivatives license,http://creativecommons.org/licenses/by-nc-nd/3.0/,meditation,ambient,synthesizer,meditation,Jamendo API vocalinstrumental=instrumental,Jamendo API speed=low,mp32,11086,82,selected,discovery,focus_music/focus_jamendo_1706218.mp3,60def81d44b939df8e098c3343147acc5dcd2823ff1e25368aee3167de29d01a,07a9266d432ff4d0cddd88e3f79d163c93210d68c09f3c068400c29eb5cfc418,192.000,44100,2,verified,2026-08-01,,
focus_jamendo_1920476,focus,jamendo-api-open-focus,1920476,Ambiance Spring,lesfm,jamendo_artist_537822,jamendo_album_471713,,154.358,https://www.jamendo.com/track/1920476,https://api.jamendo.com/v3.0/tracks/file/?client_id={client_id}&id=1920476&audioformat=mp32&action=download,Creative Commons Attribution-Non-Commercial-No Derivatives license,http://creativecommons.org/licenses/by-nc-nd/3.0/,meditation,ambient,piano,meditation,Jamendo API vocalinstrumental=instrumental,Jamendo API speed=low,mp32,1086,270,selected,discovery,focus_music/focus_jamendo_1920476.mp3,45dc9db534813c4c5e2cd01bcc76bdae9408b5d93d2a8de1b103f19871fb8fe1,c5713382f717955e5bc01b47e6c04dc029eba55341de9f697967cf611899b1c5,180.758,44100,2,verified,2026-08-01,,
focus_jamendo_1672165,focus,jamendo-api-open-focus,1672165,In the lost emisphere,Diego Benetti,jamendo_artist_520295,jamendo_album_186461,The Deep (1996),511.347,https://www.jamendo.com/track/1672165,https://api.jamendo.com/v3.0/tracks/file/?client_id={client_id}&id=1672165&audioformat=mp32&action=download,Creative Commons Attribution-Non-Commercial-No Derivatives license,http://creativecommons.org/licenses/by-nc-nd/3.0/,meditation,ambient,synthesizer,meditation,Jamendo API vocalinstrumental=instrumental,Jamendo API speed=low,mp32,1086,271,selected,holdout,focus_music/focus_jamendo_1672165.mp3,81f714bcc49f3fb2767fd47e4563ce1129e0f8568e9040d957670ba0d827bef4,049c05c0b13e0608598e275913d692cfabfb76fed998c2052fee0df858e829ce,187.450,44100,2,verified,2026-08-01,,
focus_jamendo_1667339,focus,jamendo-api-open-focus,1667339,Nostalgia,Bemused,jamendo_artist_509771,jamendo_album_186054,Vapour Trails,267.494,https://www.jamendo.com/track/1667339,https://api.jamendo.com/v3.0/tracks/file/?client_id={client_id}&id=1667339&audioformat=mp32&action=download,Creative Commons Attribution-Non-Commercial-No Derivatives license,http://creativecommons.org/licenses/by-nc-nd/3.0/,meditation,ambient,synthesizer,meditation,Jamendo API vocalinstrumental=instrumental,Jamendo API speed=low,mp32,1086,272,selected,discovery,focus_music/focus_jamendo_1667339.mp3,162fd7c5d09922c3346daf43b669566e96de12182bf27363ddce4088e11e10c9,537f5a35c7048a15662843b0176177a1854d76d1ce6dcf30681e86522f089a59,170.877,44100,2,verified,2026-08-01,,
focus_jamendo_2057691,focus,jamendo-api-open-focus,2057691,Meditation Relaxation,Alex Saym,jamendo_artist_515330,jamendo_album_529326,,291.736,https://www.jamendo.com/track/2057691,https://api.jamendo.com/v3.0/tracks/file/?client_id={client_id}&id=2057691&audioformat=mp32&action=download,Creative Commons Attribution-Non-Commercial-No Derivatives license,http://creativecommons.org/licenses/by-nc-nd/3.0/,meditation,ambient,,meditation,Jamendo API vocalinstrumental=instrumental,Jamendo API speed=verylow,mp32,11088,32,selected,discovery,focus_music/focus_jamendo_2057691.mp3,67bcae40c8c8a627c877b67cd244a9ea8614ddc26d2aca447578914c2a64962e,3b6ce06090c98e37918646eda914454e2d4dfcda2d2e0092c3e0d61eda646ed5,192.000,44100,2,verified,2026-08-01,,
focus_jamendo_1865466,focus,jamendo-api-open-focus,1865466,Matargashti,JCMM,jamendo_artist_517336,jamendo_album_446095,,286.000,https://www.jamendo.com/track/1865466,https://api.jamendo.com/v3.0/tracks/file/?client_id={client_id}&id=1865466&audioformat=mp32&action=download,Creative Commons Attribution-Non-Commercial-No Derivatives license,http://creativecommons.org/licenses/by-nc-nd/3.0/,meditation,ambient,,meditation,Jamendo API vocalinstrumental=instrumental,Jamendo API speed=verylow,mp32,1088,146,selected,holdout,focus_music/focus_jamendo_1865466.mp3,3c390f8c9ad01592a07834a55fbeaee2aa6cb6951fae1ba15309513a7964d761,8ae961e1f34f96e5e587c852fb4afd06fc6e84e7d32120bbde82add783822a89,183.484,44100,2,verified,2026-08-01,,
focus_jamendo_2037708,focus,jamendo-api-open-focus,2037708,Guided Relaxation (Meditation ambient),Moonwalk,jamendo_artist_560085,jamendo_album_525533,,176.000,https://www.jamendo.com/track/2037708,https://api.jamendo.com/v3.0/tracks/file/?client_id={client_id}&id=2037708&audioformat=mp32&action=download,Creative Commons Attribution license,http://creativecommons.org/licenses/by/3.0/,meditation,ambient,,meditation,Jamendo API vocalinstrumental=instrumental,Jamendo API speed=verylow,mp32,11088,38,selected,validation,focus_music/focus_jamendo_2037708.mp3,2ecabd13919ff61a493f57bbdd3efcd8ef134ee60d411e2291b9afe03916c6d6,8fe1cb7346e999605a31f7be2cc9627cfe6fe07ad79be216a6cdb91aa03c6a37,192.000,44100,2,verified,2026-08-01,,
focus_jamendo_0214220,focus,jamendo-api-open-focus,214220,Aam,KraftiM,jamendo_artist_004035,jamendo_album_031538,FraxurY,605.179,https://www.jamendo.com/track/214220,https://api.jamendo.com/v3.0/tracks/file/?client_id={client_id}&id=214220&audioformat=mp32&action=download,Creative Commons Attribution license,http://creativecommons.org/licenses/by/3.0/,meditation,ambient,,meditation,Jamendo API vocalinstrumental=instrumental,Jamendo API speed=verylow,mp32,1088,157,selected,holdout,focus_music/focus_jamendo_0214220.mp3,59cb0e7a58367a44971c9d474c4fb2f249d5f0c9501b5f5bda0e69d7d6b88bd0,f45abc8cba3abf325f7a5955a7111f95d0a9d0839bc0315d7aa539a2a3342f19,189.118,44100,2,verified,2026-08-01,,
focus_jamendo_1250838,focus,jamendo-api-open-focus,1250838,Heart Chakra - (note F),Macroform,jamendo_artist_004116,jamendo_album_149681,Chakra Sound Meditations,634.000,https://www.jamendo.com/track/1250838,https://api.jamendo.com/v3.0/tracks/file/?client_id={client_id}&id=1250838&audioformat=mp32&action=download,Creative Commons Attribution-Non-Commercial-No Derivatives license,http://creativecommons.org/licenses/by-nc-nd/3.0/,meditation,ambient,,meditation,Jamendo API vocalinstrumental=instrumental,Jamendo API speed=verylow,mp32,11088,47,selected,discovery,focus_music/focus_jamendo_1250838.mp3,cb21bc5a61082124ffebe2ee577b48fc782dc8c0f265d25373d5c5f4b6be1b93,03e767837836912928ad227d4d2cabf4e05d7134d82b96b95be9d07cea7c8e4f,161.483,44100,2,verified,2026-08-01,,
focus_jamendo_1154298,focus,jamendo-api-open-focus,1154298,Oneness - The Solfeggio Meditation,Chakana,jamendo_artist_453841,jamendo_album_138461,7 steps to Oneness,976.000,https://www.jamendo.com/track/1154298,https://api.jamendo.com/v3.0/tracks/file/?client_id={client_id}&id=1154298&audioformat=mp32&action=download,Creative Commons Attribution-Non-Commercial-Share-Alike license,http://creativecommons.org/licenses/by-nc-sa/3.0/,meditation,ambient,,meditation,Jamendo API vocalinstrumental=instrumental,Jamendo API speed=verylow,mp32,11088,52,selected,holdout,focus_music/focus_jamendo_1154298.mp3,4d5bfeed6ee143308a65af3975b9be39e1fc8a3140a1eb29267b0ae3b3d2fb84,2d29e6587f47f7e2d436b63fd2b0a6bcc09c4df04c1f4368ca7643beb13054b5,196.438,44100,2,verified,2026-08-01,,
focus_jamendo_1668128,focus,jamendo-api-open-focus,1668128,China Land,DDmyzik,jamendo_artist_471325,jamendo_album_409120,,248.000,https://www.jamendo.com/track/1668128,https://api.jamendo.com/v3.0/tracks/file/?client_id={client_id}&id=1668128&audioformat=mp32&action=download,Creative Commons Attribution-Non-Commercial-No Derivatives license,http://creativecommons.org/licenses/by-nc-nd/3.0/,meditation,ambient,,meditation,Jamendo API vocalinstrumental=instrumental,Jamendo API speed=verylow,mp32,1088,185,selected,discovery,focus_music/focus_jamendo_1668128.mp3,47cc69b7266be8c6eb4b5a5bba66e89f96b2193adbd0bcbad6429627b6c85a94,72088a97affd7a5bc321c3a73d6a78e3da5a5645aa00956ba36bafbfbcc127ec,170.415,44100,2,verified,2026-08-01,,
focus_jamendo_1824127,focus,jamendo-api-open-focus,1824127,Meditation Temple,Flashinmusic,jamendo_artist_523869,jamendo_album_354874,,392.000,https://www.jamendo.com/track/1824127,https://api.jamendo.com/v3.0/tracks/file/?client_id={client_id}&id=1824127&audioformat=mp32&action=download,Creative Commons Attribution-Non-Commercial-No Derivatives license,http://creativecommons.org/licenses/by-nc-nd/3.0/,meditation,ambient,,meditation,Jamendo API vocalinstrumental=instrumental,Jamendo API speed=verylow,mp32,11088,60,selected,discovery,focus_music/focus_jamendo_1824127.mp3,ad6f5fffc37a24cf086b2e7173b1ec281114f90d5c5b68bad039dd405f429bff,addc2145e86eb7daa466def355624c025f72c0640228cc5f06c03a7acfc9aa56,192.000,44100,2,verified,2026-08-01,,
focus_jamendo_1942807,focus,jamendo-api-open-focus,1942807,Breath Of The Sky,MintWhaleMusic,jamendo_artist_545923,jamendo_album_481535,,128.000,https://www.jamendo.com/track/1942807,https://api.jamendo.com/v3.0/tracks/file/?client_id={client_id}&id=1942807&audioformat=mp32&action=download,Creative Commons Attribution-Non-Commercial-No Derivatives license,http://creativecommons.org/licenses/by-nc-nd/3.0/,meditation,ambient,,meditation,Jamendo API vocalinstrumental=instrumental,Jamendo API speed=verylow,mp32,1088,187,selected,discovery,focus_music/focus_jamendo_1942807.mp3,74da923a1fca759b8e9e0c54b97bc967a3dc0b71786bee8f478fc6c6bdc10655,def30bedf4675e22f4aeda409b2817c7348389f12ec5ae6188c4c12473b0561f,192.000,44100,2,verified,2026-08-01,,
focus_jamendo_2206772,focus,jamendo-api-open-focus,2206772,Quietude - Fantasy Japanese Meditative Flute,MemoryMusic,jamendo_artist_522537,jamendo_album_582244,,148.062,https://www.jamendo.com/track/2206772,https://api.jamendo.com/v3.0/tracks/file/?client_id={client_id}&id=2206772&audioformat=mp32&action=download,Creative Commons Attribution-Non-Commercial-No Derivatives license,http://creativecommons.org/licenses/by-nc-nd/3.0/,meditation,ambient,,meditation,Jamendo API vocalinstrumental=instrumental,Jamendo API speed=verylow,mp32,11088,62,selected,discovery,focus_music/focus_jamendo_2206772.mp3,03ad06192d44e3cf04cacd5e4ac12dfdc3c707f41e8336b673b9fffb3c7e8b43,7fa15914f16115133c7d5cb76bd1811bbc88f39f90795dade8ee55d664c80f94,192.000,44100,2,verified,2026-08-01,,
focus_jamendo_2123290,focus,jamendo-api-open-focus,2123290,Mystery,Kirill Kharchenko,jamendo_artist_561522,jamendo_album_544782,,122.201,https://www.jamendo.com/track/2123290,https://api.jamendo.com/v3.0/tracks/file/?client_id={client_id}&id=2123290&audioformat=mp32&action=download,Creative Commons Attribution-Non-Commercial-No Derivatives license,http://creativecommons.org/licenses/by-nc-nd/3.0/,meditation,ambient,,meditation,Jamendo API vocalinstrumental=instrumental,Jamendo API speed=verylow,mp32,1088,194,selected,validation,focus_music/focus_jamendo_2123290.mp3,969da9147c88755db46dc5a09767210687027bb82e484cffd50b9c8eb999ac8c,8cfe5dc8bca207a257d7c90f0ef78bd940f32bc8df8cf9b0b7448c95a0bb4704,192.000,44100,2,verified,2026-08-01,,
focus_jamendo_1922056,focus,jamendo-api-open-focus,1922056,At The Edge Of Silence Part One,Tom Cloverfield,jamendo_artist_542748,jamendo_album_472516,,210.000,https://www.jamendo.com/track/1922056,https://api.jamendo.com/v3.0/tracks/file/?client_id={client_id}&id=1922056&audioformat=mp32&action=download,Creative Commons Attribution-Non-Commercial-No Derivatives license,http://creativecommons.org/licenses/by-nc-nd/3.0/,meditation,,piano,meditation,Jamendo API vocalinstrumental=instrumental,Jamendo API speed=verylow,mp32,1063,275,selected,validation,focus_music/focus_jamendo_1922056.mp3,1af2a26ae4390030250f92baae8152e549765f26c80614f796249d3316d2c4cc,a9ec024d60a5025fdd69586a1dfe4041f95ed8c2f19a74f6e125193e46a570ea,157.309,44100,2,verified,2026-08-01,,
focus_jamendo_1128146,focus,jamendo-api-open-focus,1128146,still dancing,Detlef Bard,jamendo_artist_368073,jamendo_album_135119,In the year 2013,226.000,https://www.jamendo.com/track/1128146,https://api.jamendo.com/v3.0/tracks/file/?client_id={client_id}&id=1128146&audioformat=mp32&action=download,Creative Commons Attribution-Share-Alike license,http://creativecommons.org/licenses/by-sa/2.0/de/,meditation,,piano,meditation,Jamendo API vocalinstrumental=instrumental,Jamendo API speed=verylow,mp32,1063,277,selected,discovery,focus_music/focus_jamendo_1128146.mp3,727547ee710cc5b81cd8bc90f2733392e1a9dd69a3bc4538b9b52de801c7ea91,1097db3b39c247f7c80190151c4149ae2655ca3529dba60c97541213e445a251,188.103,44100,2,verified,2026-08-01,,
focus_jamendo_1128147,focus,jamendo-api-open-focus,1128147,tomorrow I will,Detlef Bard,jamendo_artist_368073,jamendo_album_135119,In the year 2013,261.000,https://www.jamendo.com/track/1128147,https://api.jamendo.com/v3.0/tracks/file/?client_id={client_id}&id=1128147&audioformat=mp32&action=download,Creative Commons Attribution-Share-Alike license,http://creativecommons.org/licenses/by-sa/2.0/de/,meditation,,piano,meditation,Jamendo API vocalinstrumental=instrumental,Jamendo API speed=verylow,mp32,1063,278,selected,discovery,focus_music/focus_jamendo_1128147.mp3,f9c38756554ba9e27c110e028a6abd4ee9f66d1507d5eefbc936aa4835179f60,c8bdac1ba001c01fa924467020e51f756a0e7495f2a119d502c84a1cc1e6c16c,180.417,44100,2,verified,2026-08-01,,
focus_jamendo_1248571,focus,jamendo-api-open-focus,1248571,nostalgia (bossa nova),Dee Yan-Key,jamendo_artist_428874,jamendo_album_149504,bailes de salón,478.929,https://www.jamendo.com/track/1248571,https://api.jamendo.com/v3.0/tracks/file/?client_id={client_id}&id=1248571&audioformat=mp32&action=download,Creative Commons Attribution-Non-Commercial-Share-Alike license,http://creativecommons.org/licenses/by-nc-sa/3.0/,meditation,ambient,,meditation,Jamendo API vocalinstrumental=instrumental,Jamendo API speed=low,mp32,1086,214,selected,holdout,focus_music/focus_jamendo_1248571.mp3,48af0030cea0e2d6f3806ecb1dba028b1596c16b55d34956b0d792aa1009d317,5d6ce875fbcec10ffc839773d000fd5d47651e3390b7d16905b7be9c00af013d,196.317,44100,2,verified,2026-08-01,,
focus_jamendo_1129320,focus,jamendo-api-open-focus,1129320,Meditazione PISA,Adamaximus,jamendo_artist_365441,jamendo_album_135322,Il Cielo (the Sky),182.000,https://www.jamendo.com/track/1129320,https://api.jamendo.com/v3.0/tracks/file/?client_id={client_id}&id=1129320&audioformat=mp32&action=download,Creative Commons Attribution-Share-Alike license,http://creativecommons.org/licenses/by-sa/2.5/it/,meditation,,synthesizer,meditation,Jamendo API vocalinstrumental=instrumental,Jamendo API speed=verylow,mp32,11063,84,selected,holdout,focus_music/focus_jamendo_1129320.mp3,a02c7707c3e5c2d06f3a1b598b6b3337aa032bedc86ed541283430274756c939,daf19d5a429aa07cf109904647621807834e69912ebacace2f30be7c3311d1f3,209.426,44100,2,verified,2026-08-01,,
focus_jamendo_1597681,focus,jamendo-api-open-focus,1597681,Getting From Original To Final Place,Cometa,jamendo_artist_005346,jamendo_album_181081,The Last Dreams,273.398,https://www.jamendo.com/track/1597681,https://api.jamendo.com/v3.0/tracks/file/?client_id={client_id}&id=1597681&audioformat=mp32&action=download,Creative Commons Attribution-Non-Commercial-No Derivatives license,http://creativecommons.org/licenses/by-nc-nd/3.0/,meditation,ambient,,meditation,Jamendo API vocalinstrumental=instrumental,Jamendo API speed=low,mp32,1086,216,selected,validation,focus_music/focus_jamendo_1597681.mp3,7fc15c2bc0cc0a17fcc484fd5b1fa28ec1ad92bedba08ac0f0bfa67b8aa44978,0ef83d3a92c60bc4bd6c4b538d8296460b916a84de0b5c9e789bbdf12274e6ed,191.009,44100,2,verified,2026-08-01,,
focus_jamendo_1713602,focus,jamendo-api-open-focus,1713602,Fog in the foothills,KATUSHKA,jamendo_artist_352232,jamendo_album_189995,ÿ⿾䤄䌄㨄⨄ ᄀ㸄㬄㄄〄丄㴄⨄ ㄀,126.250,https://www.jamendo.com/track/1713602,https://api.jamendo.com/v3.0/tracks/file/?client_id={client_id}&id=1713602&audioformat=mp32&action=download,Creative Commons Attribution-Share-Alike license,http://creativecommons.org/licenses/by-sa/3.0/,meditation,ambient,,meditation,Jamendo API vocalinstrumental=instrumental,Jamendo API speed=low,mp32,1086,222,selected,validation,focus_music/focus_jamendo_1713602.mp3,6fd0cba79ad01d1863907abdf9be50c30751060c39181a7ca31268f8f9efb4bf,c96564506d827573a53fe82756d823464fad0d25523fc7889bbcb43a967f1e82,195.601,44100,2,verified,2026-08-01,,
focus_jamendo_1156386,focus,jamendo-api-open-focus,1156386,Muses Dale,Olexa Kabanov,jamendo_artist_454420,jamendo_album_138751,Dale of Muses,353.959,https://www.jamendo.com/track/1156386,https://api.jamendo.com/v3.0/tracks/file/?client_id={client_id}&id=1156386&audioformat=mp32&action=download,Creative Commons Attribution-Share-Alike license,http://creativecommons.org/licenses/by-sa/3.0/,meditation,ambient,,meditation,Jamendo API vocalinstrumental=instrumental,Jamendo API speed=low,mp32,1086,225,selected,validation,focus_music/focus_jamendo_1156386.mp3,743d9bcc84416df2c8880e6e09920afa36ef968b72728e07bb49ca72a4bf3535,c1901be6932bfe958dd3b9e3d88e2ed4047cd85e86456b9fd8ac1b3d6b79c501,189.433,44100,2,verified,2026-08-01,,
focus_jamendo_2149372,focus,jamendo-api-open-focus,2149372,Looking at Eternity (Documentary Suspense),CreaFlow,jamendo_artist_587419,jamendo_album_557715,,146.573,https://www.jamendo.com/track/2149372,https://api.jamendo.com/v3.0/tracks/file/?client_id={client_id}&id=2149372&audioformat=mp32&action=download,Creative Commons Attribution-Non-Commercial-No Derivatives license,http://creativecommons.org/licenses/by-nc-nd/3.0/,meditation,,piano,meditation,Jamendo API vocalinstrumental=instrumental,Jamendo API speed=verylow,mp32,1063,282,selected,validation,focus_music/focus_jamendo_2149372.mp3,ac5d3020244e7d1b8f1b63ba9baa631cdc568844088379e5173b6e67c61d10d9,31b8881c275f89e018f5bfc1b953d293d847d2ab8f9c5cd92d22099212249eae,192.000,44100,2,verified,2026-08-01,,
focus_jamendo_1154294,focus,jamendo-api-open-focus,1154294,Expansion - The Solfeggio Meditation,Chakana,jamendo_artist_453841,jamendo_album_138461,7 steps to Oneness,774.139,https://www.jamendo.com/track/1154294,https://api.jamendo.com/v3.0/tracks/file/?client_id={client_id}&id=1154294&audioformat=mp32&action=download,Creative Commons Attribution-Non-Commercial-Share-Alike license,http://creativecommons.org/licenses/by-nc-sa/3.0/,meditation,ambient,,meditation,Jamendo API vocalinstrumental=instrumental,Jamendo API speed=low,mp32,11086,78,selected,holdout,focus_music/focus_jamendo_1154294.mp3,d61aa9c98f2fbd32caebd061b8768e0a79e67b2351ffe68725f03b80477b66aa,7fc642e6961a169c2dd045e211dd7d3c692aa72e09593f324821d2568e7518bf,173.493,44100,2,verified,2026-08-01,,
focus_jamendo_1858750,focus,jamendo-api-open-focus,1858750,Mountain,SoulProdMusic,jamendo_artist_513439,jamendo_album_201603,747,124.500,https://www.jamendo.com/track/1858750,https://api.jamendo.com/v3.0/tracks/file/?client_id={client_id}&id=1858750&audioformat=mp32&action=download,Creative Commons Attribution-Non-Commercial-No Derivatives license,http://creativecommons.org/licenses/by-nc-nd/3.0/,meditation,ambient,,meditation,Jamendo API vocalinstrumental=instrumental,Jamendo API speed=low,mp32,1086,235,selected,validation,focus_music/focus_jamendo_1858750.mp3,d2bc78c15a18ca81a78bf52390624b81471ccd49944ab9ae8c4d7d1527cc3c5b,97ff0532044bf6043b2fc68bed7274b9b3f02bd5bda0e31bdbce4711e0881058,122.630,44100,2,verified,2026-08-01,,
focus_jamendo_1129323,focus,jamendo-api-open-focus,1129323,Meditazione Sun,Adamaximus,jamendo_artist_365441,jamendo_album_135322,Il Cielo (the Sky),120.000,https://www.jamendo.com/track/1129323,https://api.jamendo.com/v3.0/tracks/file/?client_id={client_id}&id=1129323&audioformat=mp32&action=download,Creative Commons Attribution-Share-Alike license,http://creativecommons.org/licenses/by-sa/2.5/it/,meditation,,synthesizer,meditation,Jamendo API vocalinstrumental=instrumental,Jamendo API speed=verylow,mp32,11063,87,selected,holdout,focus_music/focus_jamendo_1129323.mp3,0cc52f6b96915ca192b737079a49f6965b927750227096589fb7b2e204bcb33f,e186fb5da5d26dae09b49a25d5d4ac719c38def463bdfa2b89eee4d20672474f,187.578,44100,2,verified,2026-08-01,,
focus_jamendo_1569329,focus,jamendo-api-open-focus,1569329,alessandro_simonetto_satie_early_and_esoteric_works_i_03_trois_sarabandes_iii.,Alessandro Simonetto,jamendo_artist_347023,jamendo_album_178692,Classical Music - Satie: Early and Esoteric Piano Works,318.000,https://www.jamendo.com/track/1569329,https://api.jamendo.com/v3.0/tracks/file/?client_id={client_id}&id=1569329&audioformat=mp32&action=download,Creative Commons Attribution-Non-Commercial-Share-Alike license,http://creativecommons.org/licenses/by-nc-sa/3.0/,meditation,,piano,meditation,Jamendo API vocalinstrumental=instrumental,Jamendo API speed=verylow,mp32,1063,287,selected,holdout,focus_music/focus_jamendo_1569329.mp3,c0721b98b4fb8aedfe614c0fab7961cf9b2a736fb0cd94cfe365027722e8acbf,e9edd494c6c1e028f634da51a43982ef09b5a0ccc0c7c5d5cb29dae378092c91,103.294,44100,2,verified,2026-08-01,,
focus_jamendo_1569330,focus,jamendo-api-open-focus,1569330,alessandro_simonetto_satie_early_and_esoteric_works_i_04_trois_gymnopedies_i._lent_et_douloureux,Alessandro Simonetto,jamendo_artist_347023,jamendo_album_178692,Classical Music - Satie: Early and Esoteric Piano Works,204.000,https://www.jamendo.com/track/1569330,https://api.jamendo.com/v3.0/tracks/file/?client_id={client_id}&id=1569330&audioformat=mp32&action=download,Creative Commons Attribution-Non-Commercial-Share-Alike license,http://creativecommons.org/licenses/by-nc-sa/3.0/,meditation,,piano,meditation,Jamendo API vocalinstrumental=instrumental,Jamendo API speed=verylow,mp32,1063,288,selected,holdout,focus_music/focus_jamendo_1569330.mp3,eeef4bd13f2a8cc2bcf95a56b75ae97a66158439a12f60668c5e78e53fec39bc,208f743562a66722df5a464703a76c43a9432d09bef641f6fa4ccb90e1bd64de,107.233,44100,2,verified,2026-08-01,,
focus_jamendo_1809441,focus,jamendo-api-open-focus,1809441,Out of the tube,1KA,jamendo_artist_356451,jamendo_album_197805,Primitiv Machines #2,367.073,https://www.jamendo.com/track/1809441,https://api.jamendo.com/v3.0/tracks/file/?client_id={client_id}&id=1809441&audioformat=mp32&action=download,Creative Commons Attribution-Non-Commercial-No Derivatives license,http://creativecommons.org/licenses/by-nc-nd/3.0/,meditation,ambient,,meditation,Jamendo API vocalinstrumental=instrumental,Jamendo API speed=low,mp32,1086,244,selected,validation,focus_music/focus_jamendo_1809441.mp3,212e1ee352657edfefa03ed9c6b6d0fcc6b0a8ba3a36a0304c578d2f9f9dd2cf,185fcc517d84df19f1e04be7b9218a3b9ea6a599580da83a6a4726d1e3456cd0,155.445,44100,2,verified,2026-08-01,,
focus_jamendo_1989240,focus,jamendo-api-open-focus,1989240,Drawing Pad in C#,pharmacopia,jamendo_artist_002838,jamendo_album_503839,,310.047,https://www.jamendo.com/track/1989240,https://api.jamendo.com/v3.0/tracks/file/?client_id={client_id}&id=1989240&audioformat=mp32&action=download,Creative Commons Attribution-Non-Commercial-No Derivatives license,http://creativecommons.org/licenses/by-nc-nd/3.0/,meditation,ambient,,meditation,Jamendo API vocalinstrumental=instrumental,Jamendo API speed=low,mp32,1086,245,selected,holdout,focus_music/focus_jamendo_1989240.mp3,e209b38d7aeed037722cfea87a445e6c2fcd27933aa7723af29a89bb9ad158f6,94693041782f8eb0b91a00f999982c3a7cc42f79c722c39812592522bebf154d,192.000,44100,2,verified,2026-08-01,,
focus_jamendo_1684978,focus,jamendo-api-open-focus,1684978,Despite,Knut,jamendo_artist_522061,jamendo_album_187675,Nyctaphonia,376.607,https://www.jamendo.com/track/1684978,https://api.jamendo.com/v3.0/tracks/file/?client_id={client_id}&id=1684978&audioformat=mp32&action=download,Creative Commons Attribution-Non-Commercial-Share-Alike license,http://creativecommons.org/licenses/by-nc-sa/3.0/,meditation,ambient,,meditation,Jamendo API vocalinstrumental=instrumental,Jamendo API speed=low,mp32,1086,248,selected,discovery,focus_music/focus_jamendo_1684978.mp3,50eed866a218df02b9060349b7d26486a8a4bed9fe36254d765fe3d46ee495dd,6b19f55b43291aedbd13a8a2d7da9366509039f58cd7dc35d2c6040d8f462ad6,213.005,44100,2,verified,2026-08-01,,
focus_jamendo_1959047,focus,jamendo-api-open-focus,1959047,Netherworld,1st Contact,jamendo_artist_544266,jamendo_album_488698,,220.082,https://www.jamendo.com/track/1959047,https://api.jamendo.com/v3.0/tracks/file/?client_id={client_id}&id=1959047&audioformat=mp32&action=download,Creative Commons Attribution-Share-Alike license,http://creativecommons.org/licenses/by-sa/3.0/,meditation,ambient,,meditation,Jamendo API vocalinstrumental=instrumental,Jamendo API speed=low,mp32,1086,250,selected,validation,focus_music/focus_jamendo_1959047.mp3,0a10110842290038cfe586a9e81551bad7083a59f143d7569649d568917c412c,eddcf71497038a3a92fed73e46ac56c59b25caa99a5f09b90a7fdd3255c8b7c3,192.000,44100,2,verified,2026-08-01,,
focus_jamendo_1632088,focus,jamendo-api-open-focus,1632088,MU NO KOKORO - Empty Your Mind,DJ Gami.K,jamendo_artist_439567,jamendo_album_183564,Psychedelic Nostalgia,150.230,https://www.jamendo.com/track/1632088,https://api.jamendo.com/v3.0/tracks/file/?client_id={client_id}&id=1632088&audioformat=mp32&action=download,Creative Commons Attribution-Non-Commercial-No Derivatives license,http://creativecommons.org/licenses/by-nc-nd/3.0/,meditation,ambient,,meditation,Jamendo API vocalinstrumental=instrumental,Jamendo API speed=low,mp32,1086,252,selected,discovery,focus_music/focus_jamendo_1632088.mp3,d1e3f3f6216be5f89d5d567788d787473c0cf477f897db4b18daa0c45c6715df,499e38bc50c8b7e53e551f27d31e41ce342f73c7eed6ff7152bd60b97d0bf2ba,181.886,44100,2,verified,2026-08-01,,
focus_jamendo_1901339,focus,jamendo-api-open-focus,1901339,The forgotten castle,zero-project,jamendo_artist_340121,jamendo_album_462675,,316.000,https://www.jamendo.com/track/1901339,https://api.jamendo.com/v3.0/tracks/file/?client_id={client_id}&id=1901339&audioformat=mp32&action=download,Creative Commons Attribution license,http://creativecommons.org/licenses/by/3.0/,meditation,,piano,meditation,Jamendo API vocalinstrumental=instrumental,Jamendo API speed=verylow,mp32,1063,292,selected,validation,focus_music/focus_jamendo_1901339.mp3,75ae494e1195ffe45c94f75f56ff967ae7f38077592005ac137515dba9d40d0f,4d6922689adcad45ba807656174e1e27fd8369944e3c671e759d1373608fdab1,189.542,44100,2,verified,2026-08-01,,
focus_jamendo_1835124,focus,jamendo-api-open-focus,1835124,romanticismo 2 solo piano,nikproteus,jamendo_artist_508884,jamendo_album_429878,,196.075,https://www.jamendo.com/track/1835124,https://api.jamendo.com/v3.0/tracks/file/?client_id={client_id}&id=1835124&audioformat=mp32&action=download,Creative Commons Attribution-Non-Commercial-No Derivatives license,http://creativecommons.org/licenses/by-nc-nd/3.0/,meditation,,piano,meditation,Jamendo API vocalinstrumental=instrumental,Jamendo API speed=verylow,mp32,1063,296,selected,discovery,focus_music/focus_jamendo_1835124.mp3,2abe65a0e02f909624e02fceab56b4f504150a5a63114824a5b1173c4ca8c4a4,57c446975f38f1c677d6a5a8e166f894e684cdf03c6ecbcea3b6e66f7e0b0f5d,177.382,44100,2,verified,2026-08-01,,
focus_jamendo_1120647,focus,jamendo-api-open-focus,1120647,Erzetrix - ALOE,rz3x,jamendo_artist_443505,jamendo_album_133935,ÿ᷾㔄㄄㔄䄄㴄〄伄 ᰀ㔄䔄〄㴄㠄㨄〄 ⠀匀欀礀 䴀攀挀栀愀渀椀挀猀⤀,175.987,https://www.jamendo.com/track/1120647,https://api.jamendo.com/v3.0/tracks/file/?client_id={client_id}&id=1120647&audioformat=mp32&action=download,Creative Commons Attribution-Non-Commercial-Share-Alike license,http://creativecommons.org/licenses/by-nc-sa/3.0/,meditation,ambient,,meditation,Jamendo API vocalinstrumental=instrumental,Jamendo API speed=low,mp32,1086,260,selected,validation,focus_music/focus_jamendo_1120647.mp3,ab90d3b9b5cd0b25885c176f71ff9e1f1cd308969a764a003af372fd1eca705a,14c1e54d056782453e4eca4c4985fbec0d177354776067f006b6480efe480a31,184.806,44100,2,verified,2026-08-01,,
focus_jamendo_1106739,focus,jamendo-api-open-focus,1106739,Space Station. Night,Astral Outlander,jamendo_artist_440150,jamendo_album_132171,Purple World,162.038,https://www.jamendo.com/track/1106739,https://api.jamendo.com/v3.0/tracks/file/?client_id={client_id}&id=1106739&audioformat=mp32&action=download,Creative Commons Attribution-Non-Commercial-Share-Alike license,http://creativecommons.org/licenses/by-nc-sa/3.0/,meditation,ambient,,meditation,Jamendo API vocalinstrumental=instrumental,Jamendo API speed=low,mp32,1086,262,selected,discovery,focus_music/focus_jamendo_1106739.mp3,c83e6c630f913dcca71cb4912cec71113f215488c74249ffca3f63f17b1d5586,aff731c82279462eaabf03edad90ff7d8e353392a856d01b387f8fcf05c52d30,186.918,44100,2,verified,2026-08-01,,
focus_jamendo_1647617,focus,jamendo-api-open-focus,1647617,Himalayas,DDmyzik,jamendo_artist_471325,jamendo_album_408504,,297.509,https://www.jamendo.com/track/1647617,https://api.jamendo.com/v3.0/tracks/file/?client_id={client_id}&id=1647617&audioformat=mp32&action=download,Creative Commons Attribution-Non-Commercial-No Derivatives license,http://creativecommons.org/licenses/by-nc-nd/3.0/,meditation,ambient,,meditation,Jamendo API vocalinstrumental=instrumental,Jamendo API speed=low,mp32,1086,264,selected,discovery,focus_music/focus_jamendo_1647617.mp3,d3a55fe3497300153d1a86848eb959112babc10b99151e6dfcbd9fc66dac496f,ac05f6e265c33fc9f1a1cc4c3399c18313231ce6ae4c5fe050372d9fca870818,177.481,44100,2,verified,2026-08-01,,
focus_jamendo_2178517,focus,jamendo-api-open-focus,2178517,Loop Meditation Zen Background,E.M.M,jamendo_artist_495254,jamendo_album_569187,,265.482,https://www.jamendo.com/track/2178517,https://api.jamendo.com/v3.0/tracks/file/?client_id={client_id}&id=2178517&audioformat=mp32&action=download,Creative Commons Attribution-Non-Commercial-No Derivatives license,http://creativecommons.org/licenses/by-nc-nd/3.0/,meditation,,soundscape,meditation,Jamendo API vocalinstrumental=instrumental,Jamendo API speed=verylow,mp32,11063,93,selected,discovery,focus_music/focus_jamendo_2178517.mp3,01699df1f6814c880967506877d3404afeb174ca8c1bc6014738d4fc24842476,24abb2e44f972af86c697a120ee0c881ef11b12cf23642913c8d69772ad4a345,192.000,44100,2,verified,2026-08-01,,
focus_jamendo_1987580,focus,jamendo-api-open-focus,1987580,Gluconia 05: First plants appear,Jav Grojas,jamendo_artist_543146,jamendo_album_503230,,691.592,https://www.jamendo.com/track/1987580,https://api.jamendo.com/v3.0/tracks/file/?client_id={client_id}&id=1987580&audioformat=mp32&action=download,Creative Commons Attribution-Non-Commercial-No Derivatives license,http://creativecommons.org/licenses/by-nc-nd/3.0/,meditation,ambient,,meditation,Jamendo API vocalinstrumental=instrumental,Jamendo API speed=low,mp32,1086,267,selected,validation,focus_music/focus_jamendo_1987580.mp3,087df65b34a2f523412e0b00727fc810eeead7cf31af1c877b3420a5a3327152,837361b95a8495622b7ee6cf244b56432d787875d40aae66f391ba1ff297fd2e,192.000,44100,2,verified,2026-08-01,,
focus_jamendo_2178516,focus,jamendo-api-open-focus,2178516,Loop Meditation Relaxation Bamboo Flute Background,E.M.M,jamendo_artist_495254,jamendo_album_569193,,271.125,https://www.jamendo.com/track/2178516,https://api.jamendo.com/v3.0/tracks/file/?client_id={client_id}&id=2178516&audioformat=mp32&action=download,Creative Commons Attribution-Non-Commercial-No Derivatives license,http://creativecommons.org/licenses/by-nc-nd/3.0/,meditation,,soundscape,meditation,Jamendo API vocalinstrumental=instrumental,Jamendo API speed=verylow,mp32,11063,94,selected,discovery,focus_music/focus_jamendo_2178516.mp3,08f1b3afe7427e52c119576afd39c5a85877426ad4fb87ff8dfa9bdabac78a92,391fbf06ea5e9a6520455913b38293be51b1999aa6e33fa2ad609dbbbce68492,192.000,44100,2,verified,2026-08-01,,
focus_jamendo_1809751,focus,jamendo-api-open-focus,1809751,"To the north, facing the sea",Oscar Avila,jamendo_artist_435611,jamendo_album_197935,Music to sleep,346.000,https://www.jamendo.com/track/1809751,https://api.jamendo.com/v3.0/tracks/file/?client_id={client_id}&id=1809751&audioformat=mp32&action=download,Creative Commons Attribution-Non-Commercial-No Derivatives license,http://creativecommons.org/licenses/by-nc-nd/3.0/,meditation,,soundscape,meditation,Jamendo API vocalinstrumental=instrumental,Jamendo API speed=verylow,mp32,1063,297,selected,validation,focus_music/focus_jamendo_1809751.mp3,8de58d241d731adf23ce3731d81bed934793435b13e87715dcc4dd243a56f991,6de2f7ef2a54f3a57fc206d09eaef13f031eb986cd6f6e7623dfaa04f1826bed,182.456,44100,2,verified,2026-08-01,,
focus_jamendo_1154856,focus,jamendo-api-open-focus-early-local-candidate,1154856,Meditando con Dios,Jesús Miguel Ruiz,jamendo_artist_377260,jamendo_id3_album_ba9393563242,Música y Meditación,426.057,https://www.jamendo.com/track/1154856,https://api.jamendo.com/v3.0/tracks/file/?client_id={client_id}&id=1154856&audioformat=mp32&action=download,Creative Commons Attribution-Non-Commercial-No Derivatives license,http://creativecommons.org/licenses/by-nc-nd/3.0/,meditation,newage,,local ID3 title/album meditation evidence,inherited early Jamendo candidate query: vocalinstrumental=instrumental,inherited early Jamendo candidate query: speed=low/verylow,mp32,11063,1,selected,discovery,focus_music/focus_jamendo_1154856.mp3,ab7e30298ee74a5de02c7f0973783fbbf01390ec961d3158d48e40402b12dd47,fb370d3dc7270ff24929a408f1e2a05f77df0f68c5bfb7783379f6619fdcefab,175.639,44100,2,verified,2026-08-01,,
focus_jamendo_1068406,focus,jamendo-api-open-focus-early-local-candidate,1068406,Meditation Desert,Orazio Iaci,jamendo_artist_367264,jamendo_id3_album_d896abaa0aa8,Chroemotion,219.507,https://www.jamendo.com/track/1068406,https://api.jamendo.com/v3.0/tracks/file/?client_id={client_id}&id=1068406&audioformat=mp32&action=download,Creative Commons Attribution-Non-Commercial-Share-Alike license,http://creativecommons.org/licenses/by-nc-sa/3.0/,meditation,ambient,,local ID3 title/album meditation evidence,inherited early Jamendo candidate query: vocalinstrumental=instrumental,inherited early Jamendo candidate query: speed=low/verylow,mp32,11088,42,selected,validation,focus_music/focus_jamendo_1068406.mp3,89514268ac427a0ee0d20b0c9cc9c286bd785e9c70e6c5a2bd03b7d19124057a,a90bf5d8516b0e54e4e6fd6687b79c593ad385d5198b8f61f6b595019a742bc6,179.552,44100,2,verified,2026-08-01,,
focus_jamendo_1154857,focus,jamendo-api-open-focus-early-local-candidate,1154857,Mundos extraterrestres,Jesús Miguel Ruiz,jamendo_artist_377260,jamendo_id3_album_ba9393563242,Música y Meditación,684.069,https://www.jamendo.com/track/1154857,https://api.jamendo.com/v3.0/tracks/file/?client_id={client_id}&id=1154857&audioformat=mp32&action=download,Creative Commons Attribution-Non-Commercial-No Derivatives license,http://creativecommons.org/licenses/by-nc-nd/3.0/,meditation,newage,,local ID3 title/album meditation evidence,inherited early Jamendo candidate query: vocalinstrumental=instrumental,inherited early Jamendo candidate query: speed=low/verylow,mp32,11063,85,selected,discovery,focus_music/focus_jamendo_1154857.mp3,eaae89d67451b68e654f9b91206e536823af14f56203c8c4f6eb78b9b66b3e63,409ce712a94cea77f344847fa3ce1d286fcd01857616901bf8d4c4b4ca4eeb32,193.770,44100,2,verified,2026-08-01,,
focus_jamendo_1496808,focus,jamendo-api-open-focus-early-local-candidate,1496808,Meditation,M.O.M,jamendo_artist_504828,jamendo_id3_album_22e6d861c5fa,,120.895,https://www.jamendo.com/track/1496808,https://api.jamendo.com/v3.0/tracks/file/?client_id={client_id}&id=1496808&audioformat=mp32&action=download,Creative Commons Attribution license,http://creativecommons.org/licenses/by/3.0/,meditation,ambient,,local ID3 title/album meditation evidence,inherited early Jamendo candidate query: vocalinstrumental=instrumental,inherited early Jamendo candidate query: speed=low/verylow,mp32,11088,57,selected,validation,focus_music/focus_jamendo_1496808.mp3,63514abd683fa65bc58199c15598f60d52c467b0263b51c20df55d696ecea918,0d1fc38c0e13ed1e486dad7ed478bf67341ceea07cc0282395b541d11c32571f,180.685,44100,2,verified,2026-08-01,,
focus_jamendo_1619099,focus,jamendo-api-open-focus-early-local-candidate,1619099,Milky Way Meditation,The Piano Lady (Lena Orsa),jamendo_artist_494669,jamendo_id3_album_3ebb1abfb5ef,,176.823,https://www.jamendo.com/track/1619099,https://api.jamendo.com/v3.0/tracks/file/?client_id={client_id}&id=1619099&audioformat=mp32&action=download,Creative Commons Attribution-Non-Commercial license,http://creativecommons.org/licenses/by-nc/3.0/,meditation,ambient,,local ID3 title/album meditation evidence,inherited early Jamendo candidate query: vocalinstrumental=instrumental,inherited early Jamendo candidate query: speed=low/verylow,mp32,11088,63,selected,discovery,focus_music/focus_jamendo_1619099.mp3,1188d7eaf05892e07d1d94275eb825addb69d2a1c61af239da0b5a1903f72cdd,94aeef1162e5325830969fcb74446d3deb9a71a3d5c32c17f69890ce22b79130,166.501,44100,2,verified,2026-08-01,,
focus_jamendo_1780015,focus,jamendo-api-open-focus-early-local-candidate,1780015,Ambient Guitar Relax Meditation,SoundGallery by DmitriyTaras,jamendo_artist_488965,jamendo_id3_album_bdb94de53cb6,,261.068,https://www.jamendo.com/track/1780015,https://api.jamendo.com/v3.0/tracks/file/?client_id={client_id}&id=1780015&audioformat=mp32&action=download,Creative Commons Attribution-Non-Commercial-No Derivatives license,http://creativecommons.org/licenses/by-nc-nd/3.0/,meditation,newage,,local ID3 title/album meditation evidence,inherited early Jamendo candidate query: vocalinstrumental=instrumental,inherited early Jamendo candidate query: speed=low/verylow,mp32,11063,83,selected,discovery,focus_music/focus_jamendo_1780015.mp3,d4d7d001721c8583d59972ff077311492525c9390666afb1cc1f37c521a08003,d49ac4a9ffeb1d96ed0478db7d2dbca8061043f6bf1a582c4fe851ee41e74efa,197.355,44100,2,verified,2026-08-01,,
focus_jamendo_1826551,focus,jamendo-api-open-focus-early-local-candidate,1826551,Bamboo Hall Meditation,Crypt of Insomnia,jamendo_artist_467601,jamendo_id3_album_c069f1ba1f6a,Meditation,201.064,https://www.jamendo.com/track/1826551,https://api.jamendo.com/v3.0/tracks/file/?client_id={client_id}&id=1826551&audioformat=mp32&action=download,Creative Commons Attribution-Non-Commercial-No Derivatives license,http://creativecommons.org/licenses/by-nc-nd/3.0/,meditation,ambient,,local ID3 title/album meditation evidence,inherited early Jamendo candidate query: vocalinstrumental=instrumental,inherited early Jamendo candidate query: speed=low/verylow,mp32,11088,43,selected,discovery,focus_music/focus_jamendo_1826551.mp3,6de497ef04c9dd83948ab65613e8b30479071c08dd026c21c830a7b8d09cf89f,54cc7aac15e4fd022dfe3f75309dd752b402fce84964490967ae0035a673e25a,173.648,44100,2,verified,2026-08-01,,
focus_jamendo_1826554,focus,jamendo-api-open-focus-early-local-candidate,1826554,Healing Chimes,Crypt of Insomnia,jamendo_artist_467601,jamendo_id3_album_c069f1ba1f6a,Meditation,371.174,https://www.jamendo.com/track/1826554,https://api.jamendo.com/v3.0/tracks/file/?client_id={client_id}&id=1826554&audioformat=mp32&action=download,Creative Commons Attribution-Non-Commercial-No Derivatives license,http://creativecommons.org/licenses/by-nc-nd/3.0/,meditation,ambient,,local ID3 title/album meditation evidence,inherited early Jamendo candidate query: vocalinstrumental=instrumental,inherited early Jamendo candidate query: speed=low/verylow,mp32,11088,37,selected,discovery,focus_music/focus_jamendo_1826554.mp3,c875d40f8dde9c9717e8c15ad1ad6cf19e534c359d94e1bcaae45f48a395b186,4c59f7a127e990f39af27f913cf9bb93ba220aaba77396efc75dfedfc4d7ffbc,175.258,44100,2,verified,2026-08-01,,
