prompt_id,caption,split,seed,bpm,keyscale,timesignature
p01_soft_piano__v01,"Instrumental focus music with soft piano, steady pulse, restrained melody, smooth dynamics, low distraction, no vocals. Keep the arrangement sparse and continuous with gradual eight-bar changes.",train,,80,,4
p01_soft_piano__v02,"Instrumental focus music with soft piano, steady pulse, restrained melody, smooth dynamics, low distraction, no vocals. Use a narrow melodic range and seamless transitions without dramatic accents.",train,,80,,4
p01_soft_piano__v03,"Instrumental focus music with soft piano, steady pulse, restrained melody, smooth dynamics, low distraction, no vocals. Maintain restrained dynamics and a stable background texture throughout.",train,,80,,4
p01_soft_piano__v04,"Instrumental focus music with soft piano, steady pulse, restrained melody, smooth dynamics, low distraction, no vocals. Emphasize gentle repetition with subtle timbral evolution and no breakdowns.",train,,80,,4
p01_soft_piano__v05,"Instrumental focus music with soft piano, steady pulse, restrained melody, smooth dynamics, low distraction, no vocals. Use smooth four-bar phrases and avoid abrupt harmonic or rhythmic changes.",train,,80,,4
p01_soft_piano__v06,"Instrumental focus music with soft piano, steady pulse, restrained melody, smooth dynamics, low distraction, no vocals. Keep the foreground minimal while the accompaniment remains even and predictable.",train,,80,,4
p01_soft_piano__v07,"Instrumental focus music with soft piano, steady pulse, restrained melody, smooth dynamics, low distraction, no vocals. Favor long connected layers with soft attacks and controlled high frequencies.",train,,80,,4
p01_soft_piano__v08,"Instrumental focus music with soft piano, steady pulse, restrained melody, smooth dynamics, low distraction, no vocals. Use understated recurring motifs with low contrast between adjacent sections.",train,,80,,4
p01_soft_piano__v09,"Instrumental focus music with soft piano, steady pulse, restrained melody, smooth dynamics, low distraction, no vocals. Maintain an unbroken concentration-friendly flow with restrained bass movement.",train,,80,,4
p01_soft_piano__v10,"Instrumental focus music with soft piano, steady pulse, restrained melody, smooth dynamics, low distraction, no vocals. Use gradual harmonic motion and a consistent pulse without fills or drops.",train,,80,,4
p01_soft_piano__v11,"Instrumental focus music with soft piano, steady pulse, restrained melody, smooth dynamics, low distraction, no vocals. Keep musical events evenly spaced with soft articulation and limited ornamentation.",train,,80,,4
p01_soft_piano__v12,"Instrumental focus music with soft piano, steady pulse, restrained melody, smooth dynamics, low distraction, no vocals. Favor warm balanced sonorities and slow texture changes without climactic gestures.",train,,80,,4
p01_soft_piano__v13,"Instrumental focus music with soft piano, steady pulse, restrained melody, smooth dynamics, low distraction, no vocals. Use a stable meter and quiet recurring figures with smooth phrase boundaries.",train,,80,,4
p01_soft_piano__v14,"Instrumental focus music with soft piano, steady pulse, restrained melody, smooth dynamics, low distraction, no vocals. Maintain low distraction through simple voicing and gently evolving ambience.",train,,80,,4
p01_soft_piano__v15,"Instrumental focus music with soft piano, steady pulse, restrained melody, smooth dynamics, low distraction, no vocals. Keep density moderate and consistent with no sudden pauses or prominent solos.",train,,80,,4
p01_soft_piano__v16,"Instrumental focus music with soft piano, steady pulse, restrained melody, smooth dynamics, low distraction, no vocals. Use calm cyclical phrasing and subtle variation while preserving an even energy level.",train,,80,,4
p02_felt_piano__v01,"Instrumental focus music with felt piano, even rhythmic flow, sparse melodic movement, controlled dynamics, no vocals. Keep the arrangement sparse and continuous with gradual eight-bar changes.",train,,84,,4
p02_felt_piano__v02,"Instrumental focus music with felt piano, even rhythmic flow, sparse melodic movement, controlled dynamics, no vocals. Use a narrow melodic range and seamless transitions without dramatic accents.",train,,84,,4
p02_felt_piano__v03,"Instrumental focus music with felt piano, even rhythmic flow, sparse melodic movement, controlled dynamics, no vocals. Maintain restrained dynamics and a stable background texture throughout.",train,,84,,4
p02_felt_piano__v04,"Instrumental focus music with felt piano, even rhythmic flow, sparse melodic movement, controlled dynamics, no vocals. Emphasize gentle repetition with subtle timbral evolution and no breakdowns.",train,,84,,4
p02_felt_piano__v05,"Instrumental focus music with felt piano, even rhythmic flow, sparse melodic movement, controlled dynamics, no vocals. Use smooth four-bar phrases and avoid abrupt harmonic or rhythmic changes.",train,,84,,4
p02_felt_piano__v06,"Instrumental focus music with felt piano, even rhythmic flow, sparse melodic movement, controlled dynamics, no vocals. Keep the foreground minimal while the accompaniment remains even and predictable.",train,,84,,4
p02_felt_piano__v07,"Instrumental focus music with felt piano, even rhythmic flow, sparse melodic movement, controlled dynamics, no vocals. Favor long connected layers with soft attacks and controlled high frequencies.",train,,84,,4
p02_felt_piano__v08,"Instrumental focus music with felt piano, even rhythmic flow, sparse melodic movement, controlled dynamics, no vocals. Use understated recurring motifs with low contrast between adjacent sections.",train,,84,,4
p02_felt_piano__v09,"Instrumental focus music with felt piano, even rhythmic flow, sparse melodic movement, controlled dynamics, no vocals. Maintain an unbroken concentration-friendly flow with restrained bass movement.",train,,84,,4
p02_felt_piano__v10,"Instrumental focus music with felt piano, even rhythmic flow, sparse melodic movement, controlled dynamics, no vocals. Use gradual harmonic motion and a consistent pulse without fills or drops.",train,,84,,4
p02_felt_piano__v11,"Instrumental focus music with felt piano, even rhythmic flow, sparse melodic movement, controlled dynamics, no vocals. Keep musical events evenly spaced with soft articulation and limited ornamentation.",train,,84,,4
p02_felt_piano__v12,"Instrumental focus music with felt piano, even rhythmic flow, sparse melodic movement, controlled dynamics, no vocals. Favor warm balanced sonorities and slow texture changes without climactic gestures.",train,,84,,4
p02_felt_piano__v13,"Instrumental focus music with felt piano, even rhythmic flow, sparse melodic movement, controlled dynamics, no vocals. Use a stable meter and quiet recurring figures with smooth phrase boundaries.",train,,84,,4
p02_felt_piano__v14,"Instrumental focus music with felt piano, even rhythmic flow, sparse melodic movement, controlled dynamics, no vocals. Maintain low distraction through simple voicing and gently evolving ambience.",train,,84,,4
p02_felt_piano__v15,"Instrumental focus music with felt piano, even rhythmic flow, sparse melodic movement, controlled dynamics, no vocals. Keep density moderate and consistent with no sudden pauses or prominent solos.",train,,84,,4
p02_felt_piano__v16,"Instrumental focus music with felt piano, even rhythmic flow, sparse melodic movement, controlled dynamics, no vocals. Use calm cyclical phrasing and subtle variation while preserving an even energy level.",train,,84,,4
p03_piano_marimba__v01,"Instrumental focus music with piano and soft marimba, stable pulse, limited melodic range, gentle transitions, no vocals. Keep the arrangement sparse and continuous with gradual eight-bar changes.",train,,88,,4
p03_piano_marimba__v02,"Instrumental focus music with piano and soft marimba, stable pulse, limited melodic range, gentle transitions, no vocals. Use a narrow melodic range and seamless transitions without dramatic accents.",train,,88,,4
p03_piano_marimba__v03,"Instrumental focus music with piano and soft marimba, stable pulse, limited melodic range, gentle transitions, no vocals. Maintain restrained dynamics and a stable background texture throughout.",train,,88,,4
p03_piano_marimba__v04,"Instrumental focus music with piano and soft marimba, stable pulse, limited melodic range, gentle transitions, no vocals. Emphasize gentle repetition with subtle timbral evolution and no breakdowns.",train,,88,,4
p03_piano_marimba__v05,"Instrumental focus music with piano and soft marimba, stable pulse, limited melodic range, gentle transitions, no vocals. Use smooth four-bar phrases and avoid abrupt harmonic or rhythmic changes.",train,,88,,4
p03_piano_marimba__v06,"Instrumental focus music with piano and soft marimba, stable pulse, limited melodic range, gentle transitions, no vocals. Keep the foreground minimal while the accompaniment remains even and predictable.",train,,88,,4
p03_piano_marimba__v07,"Instrumental focus music with piano and soft marimba, stable pulse, limited melodic range, gentle transitions, no vocals. Favor long connected layers with soft attacks and controlled high frequencies.",train,,88,,4
p03_piano_marimba__v08,"Instrumental focus music with piano and soft marimba, stable pulse, limited melodic range, gentle transitions, no vocals. Use understated recurring motifs with low contrast between adjacent sections.",train,,88,,4
p03_piano_marimba__v09,"Instrumental focus music with piano and soft marimba, stable pulse, limited melodic range, gentle transitions, no vocals. Maintain an unbroken concentration-friendly flow with restrained bass movement.",train,,88,,4
p03_piano_marimba__v10,"Instrumental focus music with piano and soft marimba, stable pulse, limited melodic range, gentle transitions, no vocals. Use gradual harmonic motion and a consistent pulse without fills or drops.",train,,88,,4
p03_piano_marimba__v11,"Instrumental focus music with piano and soft marimba, stable pulse, limited melodic range, gentle transitions, no vocals. Keep musical events evenly spaced with soft articulation and limited ornamentation.",train,,88,,4
p03_piano_marimba__v12,"Instrumental focus music with piano and soft marimba, stable pulse, limited melodic range, gentle transitions, no vocals. Favor warm balanced sonorities and slow texture changes without climactic gestures.",train,,88,,4
p03_piano_marimba__v13,"Instrumental focus music with piano and soft marimba, stable pulse, limited melodic range, gentle transitions, no vocals. Use a stable meter and quiet recurring figures with smooth phrase boundaries.",train,,88,,4
p03_piano_marimba__v14,"Instrumental focus music with piano and soft marimba, stable pulse, limited melodic range, gentle transitions, no vocals. Maintain low distraction through simple voicing and gently evolving ambience.",train,,88,,4
p03_piano_marimba__v15,"Instrumental focus music with piano and soft marimba, stable pulse, limited melodic range, gentle transitions, no vocals. Keep density moderate and consistent with no sudden pauses or prominent solos.",train,,88,,4
p03_piano_marimba__v16,"Instrumental focus music with piano and soft marimba, stable pulse, limited melodic range, gentle transitions, no vocals. Use calm cyclical phrasing and subtle variation while preserving an even energy level.",train,,88,,4
p04_piano_strings__v01,"Instrumental focus music with piano and muted strings, regular pulse, understated motifs, smooth dynamics, no vocals. Keep the arrangement sparse and continuous with gradual eight-bar changes.",development,,76,,4
p04_piano_strings__v02,"Instrumental focus music with piano and muted strings, regular pulse, understated motifs, smooth dynamics, no vocals. Use a narrow melodic range and seamless transitions without dramatic accents.",development,,76,,4
p04_piano_strings__v03,"Instrumental focus music with piano and muted strings, regular pulse, understated motifs, smooth dynamics, no vocals. Maintain restrained dynamics and a stable background texture throughout.",development,,76,,4
p04_piano_strings__v04,"Instrumental focus music with piano and muted strings, regular pulse, understated motifs, smooth dynamics, no vocals. Emphasize gentle repetition with subtle timbral evolution and no breakdowns.",development,,76,,4
p04_piano_strings__v05,"Instrumental focus music with piano and muted strings, regular pulse, understated motifs, smooth dynamics, no vocals. Use smooth four-bar phrases and avoid abrupt harmonic or rhythmic changes.",development,,76,,4
p04_piano_strings__v06,"Instrumental focus music with piano and muted strings, regular pulse, understated motifs, smooth dynamics, no vocals. Keep the foreground minimal while the accompaniment remains even and predictable.",development,,76,,4
p04_piano_strings__v07,"Instrumental focus music with piano and muted strings, regular pulse, understated motifs, smooth dynamics, no vocals. Favor long connected layers with soft attacks and controlled high frequencies.",development,,76,,4
p04_piano_strings__v08,"Instrumental focus music with piano and muted strings, regular pulse, understated motifs, smooth dynamics, no vocals. Use understated recurring motifs with low contrast between adjacent sections.",development,,76,,4
p04_piano_strings__v09,"Instrumental focus music with piano and muted strings, regular pulse, understated motifs, smooth dynamics, no vocals. Maintain an unbroken concentration-friendly flow with restrained bass movement.",development,,76,,4
p04_piano_strings__v10,"Instrumental focus music with piano and muted strings, regular pulse, understated motifs, smooth dynamics, no vocals. Use gradual harmonic motion and a consistent pulse without fills or drops.",development,,76,,4
p04_piano_strings__v11,"Instrumental focus music with piano and muted strings, regular pulse, understated motifs, smooth dynamics, no vocals. Keep musical events evenly spaced with soft articulation and limited ornamentation.",development,,76,,4
p04_piano_strings__v12,"Instrumental focus music with piano and muted strings, regular pulse, understated motifs, smooth dynamics, no vocals. Favor warm balanced sonorities and slow texture changes without climactic gestures.",development,,76,,4
p04_piano_strings__v13,"Instrumental focus music with piano and muted strings, regular pulse, understated motifs, smooth dynamics, no vocals. Use a stable meter and quiet recurring figures with smooth phrase boundaries.",development,,76,,4
p04_piano_strings__v14,"Instrumental focus music with piano and muted strings, regular pulse, understated motifs, smooth dynamics, no vocals. Maintain low distraction through simple voicing and gently evolving ambience.",development,,76,,4
p04_piano_strings__v15,"Instrumental focus music with piano and muted strings, regular pulse, understated motifs, smooth dynamics, no vocals. Keep density moderate and consistent with no sudden pauses or prominent solos.",development,,76,,4
p04_piano_strings__v16,"Instrumental focus music with piano and muted strings, regular pulse, understated motifs, smooth dynamics, no vocals. Use calm cyclical phrasing and subtle variation while preserving an even energy level.",development,,76,,4
p05_warm_synth__v01,"Instrumental focus music with warm synthesizer, steady pulse, restrained harmony, gradual timbral motion, no vocals. Keep the arrangement sparse and continuous with gradual eight-bar changes.",train,,90,,4
p05_warm_synth__v02,"Instrumental focus music with warm synthesizer, steady pulse, restrained harmony, gradual timbral motion, no vocals. Use a narrow melodic range and seamless transitions without dramatic accents.",train,,90,,4
p05_warm_synth__v03,"Instrumental focus music with warm synthesizer, steady pulse, restrained harmony, gradual timbral motion, no vocals. Maintain restrained dynamics and a stable background texture throughout.",train,,90,,4
p05_warm_synth__v04,"Instrumental focus music with warm synthesizer, steady pulse, restrained harmony, gradual timbral motion, no vocals. Emphasize gentle repetition with subtle timbral evolution and no breakdowns.",train,,90,,4
p05_warm_synth__v05,"Instrumental focus music with warm synthesizer, steady pulse, restrained harmony, gradual timbral motion, no vocals. Use smooth four-bar phrases and avoid abrupt harmonic or rhythmic changes.",train,,90,,4
p05_warm_synth__v06,"Instrumental focus music with warm synthesizer, steady pulse, restrained harmony, gradual timbral motion, no vocals. Keep the foreground minimal while the accompaniment remains even and predictable.",train,,90,,4
p05_warm_synth__v07,"Instrumental focus music with warm synthesizer, steady pulse, restrained harmony, gradual timbral motion, no vocals. Favor long connected layers with soft attacks and controlled high frequencies.",train,,90,,4
p05_warm_synth__v08,"Instrumental focus music with warm synthesizer, steady pulse, restrained harmony, gradual timbral motion, no vocals. Use understated recurring motifs with low contrast between adjacent sections.",train,,90,,4
p05_warm_synth__v09,"Instrumental focus music with warm synthesizer, steady pulse, restrained harmony, gradual timbral motion, no vocals. Maintain an unbroken concentration-friendly flow with restrained bass movement.",train,,90,,4
p05_warm_synth__v10,"Instrumental focus music with warm synthesizer, steady pulse, restrained harmony, gradual timbral motion, no vocals. Use gradual harmonic motion and a consistent pulse without fills or drops.",train,,90,,4
p05_warm_synth__v11,"Instrumental focus music with warm synthesizer, steady pulse, restrained harmony, gradual timbral motion, no vocals. Keep musical events evenly spaced with soft articulation and limited ornamentation.",train,,90,,4
p05_warm_synth__v12,"Instrumental focus music with warm synthesizer, steady pulse, restrained harmony, gradual timbral motion, no vocals. Favor warm balanced sonorities and slow texture changes without climactic gestures.",train,,90,,4
p05_warm_synth__v13,"Instrumental focus music with warm synthesizer, steady pulse, restrained harmony, gradual timbral motion, no vocals. Use a stable meter and quiet recurring figures with smooth phrase boundaries.",train,,90,,4
p05_warm_synth__v14,"Instrumental focus music with warm synthesizer, steady pulse, restrained harmony, gradual timbral motion, no vocals. Maintain low distraction through simple voicing and gently evolving ambience.",train,,90,,4
p05_warm_synth__v15,"Instrumental focus music with warm synthesizer, steady pulse, restrained harmony, gradual timbral motion, no vocals. Keep density moderate and consistent with no sudden pauses or prominent solos.",train,,90,,4
p05_warm_synth__v16,"Instrumental focus music with warm synthesizer, steady pulse, restrained harmony, gradual timbral motion, no vocals. Use calm cyclical phrasing and subtle variation while preserving an even energy level.",train,,90,,4
p06_analog_pad__v01,"Instrumental focus music with analog pads, even pulse, sparse tonal motifs, low contrast, no vocals. Keep the arrangement sparse and continuous with gradual eight-bar changes.",train,,86,,4
p06_analog_pad__v02,"Instrumental focus music with analog pads, even pulse, sparse tonal motifs, low contrast, no vocals. Use a narrow melodic range and seamless transitions without dramatic accents.",train,,86,,4
p06_analog_pad__v03,"Instrumental focus music with analog pads, even pulse, sparse tonal motifs, low contrast, no vocals. Maintain restrained dynamics and a stable background texture throughout.",train,,86,,4
p06_analog_pad__v04,"Instrumental focus music with analog pads, even pulse, sparse tonal motifs, low contrast, no vocals. Emphasize gentle repetition with subtle timbral evolution and no breakdowns.",train,,86,,4
p06_analog_pad__v05,"Instrumental focus music with analog pads, even pulse, sparse tonal motifs, low contrast, no vocals. Use smooth four-bar phrases and avoid abrupt harmonic or rhythmic changes.",train,,86,,4
p06_analog_pad__v06,"Instrumental focus music with analog pads, even pulse, sparse tonal motifs, low contrast, no vocals. Keep the foreground minimal while the accompaniment remains even and predictable.",train,,86,,4
p06_analog_pad__v07,"Instrumental focus music with analog pads, even pulse, sparse tonal motifs, low contrast, no vocals. Favor long connected layers with soft attacks and controlled high frequencies.",train,,86,,4
p06_analog_pad__v08,"Instrumental focus music with analog pads, even pulse, sparse tonal motifs, low contrast, no vocals. Use understated recurring motifs with low contrast between adjacent sections.",train,,86,,4
p06_analog_pad__v09,"Instrumental focus music with analog pads, even pulse, sparse tonal motifs, low contrast, no vocals. Maintain an unbroken concentration-friendly flow with restrained bass movement.",train,,86,,4
p06_analog_pad__v10,"Instrumental focus music with analog pads, even pulse, sparse tonal motifs, low contrast, no vocals. Use gradual harmonic motion and a consistent pulse without fills or drops.",train,,86,,4
p06_analog_pad__v11,"Instrumental focus music with analog pads, even pulse, sparse tonal motifs, low contrast, no vocals. Keep musical events evenly spaced with soft articulation and limited ornamentation.",train,,86,,4
p06_analog_pad__v12,"Instrumental focus music with analog pads, even pulse, sparse tonal motifs, low contrast, no vocals. Favor warm balanced sonorities and slow texture changes without climactic gestures.",train,,86,,4
p06_analog_pad__v13,"Instrumental focus music with analog pads, even pulse, sparse tonal motifs, low contrast, no vocals. Use a stable meter and quiet recurring figures with smooth phrase boundaries.",train,,86,,4
p06_analog_pad__v14,"Instrumental focus music with analog pads, even pulse, sparse tonal motifs, low contrast, no vocals. Maintain low distraction through simple voicing and gently evolving ambience.",train,,86,,4
p06_analog_pad__v15,"Instrumental focus music with analog pads, even pulse, sparse tonal motifs, low contrast, no vocals. Keep density moderate and consistent with no sudden pauses or prominent solos.",train,,86,,4
p06_analog_pad__v16,"Instrumental focus music with analog pads, even pulse, sparse tonal motifs, low contrast, no vocals. Use calm cyclical phrasing and subtle variation while preserving an even energy level.",train,,86,,4
p07_synth_plucks__v01,"Instrumental focus music with soft synth plucks, stable beat, simple recurring figures, controlled dynamics, no vocals. Keep the arrangement sparse and continuous with gradual eight-bar changes.",train,,94,,4
p07_synth_plucks__v02,"Instrumental focus music with soft synth plucks, stable beat, simple recurring figures, controlled dynamics, no vocals. Use a narrow melodic range and seamless transitions without dramatic accents.",train,,94,,4
p07_synth_plucks__v03,"Instrumental focus music with soft synth plucks, stable beat, simple recurring figures, controlled dynamics, no vocals. Maintain restrained dynamics and a stable background texture throughout.",train,,94,,4
p07_synth_plucks__v04,"Instrumental focus music with soft synth plucks, stable beat, simple recurring figures, controlled dynamics, no vocals. Emphasize gentle repetition with subtle timbral evolution and no breakdowns.",train,,94,,4
p07_synth_plucks__v05,"Instrumental focus music with soft synth plucks, stable beat, simple recurring figures, controlled dynamics, no vocals. Use smooth four-bar phrases and avoid abrupt harmonic or rhythmic changes.",train,,94,,4
p07_synth_plucks__v06,"Instrumental focus music with soft synth plucks, stable beat, simple recurring figures, controlled dynamics, no vocals. Keep the foreground minimal while the accompaniment remains even and predictable.",train,,94,,4
p07_synth_plucks__v07,"Instrumental focus music with soft synth plucks, stable beat, simple recurring figures, controlled dynamics, no vocals. Favor long connected layers with soft attacks and controlled high frequencies.",train,,94,,4
p07_synth_plucks__v08,"Instrumental focus music with soft synth plucks, stable beat, simple recurring figures, controlled dynamics, no vocals. Use understated recurring motifs with low contrast between adjacent sections.",train,,94,,4
p07_synth_plucks__v09,"Instrumental focus music with soft synth plucks, stable beat, simple recurring figures, controlled dynamics, no vocals. Maintain an unbroken concentration-friendly flow with restrained bass movement.",train,,94,,4
p07_synth_plucks__v10,"Instrumental focus music with soft synth plucks, stable beat, simple recurring figures, controlled dynamics, no vocals. Use gradual harmonic motion and a consistent pulse without fills or drops.",train,,94,,4
p07_synth_plucks__v11,"Instrumental focus music with soft synth plucks, stable beat, simple recurring figures, controlled dynamics, no vocals. Keep musical events evenly spaced with soft articulation and limited ornamentation.",train,,94,,4
p07_synth_plucks__v12,"Instrumental focus music with soft synth plucks, stable beat, simple recurring figures, controlled dynamics, no vocals. Favor warm balanced sonorities and slow texture changes without climactic gestures.",train,,94,,4
p07_synth_plucks__v13,"Instrumental focus music with soft synth plucks, stable beat, simple recurring figures, controlled dynamics, no vocals. Use a stable meter and quiet recurring figures with smooth phrase boundaries.",train,,94,,4
p07_synth_plucks__v14,"Instrumental focus music with soft synth plucks, stable beat, simple recurring figures, controlled dynamics, no vocals. Maintain low distraction through simple voicing and gently evolving ambience.",train,,94,,4
p07_synth_plucks__v15,"Instrumental focus music with soft synth plucks, stable beat, simple recurring figures, controlled dynamics, no vocals. Keep density moderate and consistent with no sudden pauses or prominent solos.",train,,94,,4
p07_synth_plucks__v16,"Instrumental focus music with soft synth plucks, stable beat, simple recurring figures, controlled dynamics, no vocals. Use calm cyclical phrasing and subtle variation while preserving an even energy level.",train,,94,,4
p08_ambient_electronic__v01,"Instrumental ambient electronic focus music, steady mid-tempo pulse, subtle melodic development, no drops, no vocals. Keep the arrangement sparse and continuous with gradual eight-bar changes.",calibration,,92,,4
p08_ambient_electronic__v02,"Instrumental ambient electronic focus music, steady mid-tempo pulse, subtle melodic development, no drops, no vocals. Use a narrow melodic range and seamless transitions without dramatic accents.",calibration,,92,,4
p08_ambient_electronic__v03,"Instrumental ambient electronic focus music, steady mid-tempo pulse, subtle melodic development, no drops, no vocals. Maintain restrained dynamics and a stable background texture throughout.",calibration,,92,,4
p08_ambient_electronic__v04,"Instrumental ambient electronic focus music, steady mid-tempo pulse, subtle melodic development, no drops, no vocals. Emphasize gentle repetition with subtle timbral evolution and no breakdowns.",calibration,,92,,4
p08_ambient_electronic__v05,"Instrumental ambient electronic focus music, steady mid-tempo pulse, subtle melodic development, no drops, no vocals. Use smooth four-bar phrases and avoid abrupt harmonic or rhythmic changes.",calibration,,92,,4
p08_ambient_electronic__v06,"Instrumental ambient electronic focus music, steady mid-tempo pulse, subtle melodic development, no drops, no vocals. Keep the foreground minimal while the accompaniment remains even and predictable.",calibration,,92,,4
p08_ambient_electronic__v07,"Instrumental ambient electronic focus music, steady mid-tempo pulse, subtle melodic development, no drops, no vocals. Favor long connected layers with soft attacks and controlled high frequencies.",calibration,,92,,4
p08_ambient_electronic__v08,"Instrumental ambient electronic focus music, steady mid-tempo pulse, subtle melodic development, no drops, no vocals. Use understated recurring motifs with low contrast between adjacent sections.",calibration,,92,,4
p08_ambient_electronic__v09,"Instrumental ambient electronic focus music, steady mid-tempo pulse, subtle melodic development, no drops, no vocals. Maintain an unbroken concentration-friendly flow with restrained bass movement.",calibration,,92,,4
p08_ambient_electronic__v10,"Instrumental ambient electronic focus music, steady mid-tempo pulse, subtle melodic development, no drops, no vocals. Use gradual harmonic motion and a consistent pulse without fills or drops.",calibration,,92,,4
p08_ambient_electronic__v11,"Instrumental ambient electronic focus music, steady mid-tempo pulse, subtle melodic development, no drops, no vocals. Keep musical events evenly spaced with soft articulation and limited ornamentation.",calibration,,92,,4
p08_ambient_electronic__v12,"Instrumental ambient electronic focus music, steady mid-tempo pulse, subtle melodic development, no drops, no vocals. Favor warm balanced sonorities and slow texture changes without climactic gestures.",calibration,,92,,4
p08_ambient_electronic__v13,"Instrumental ambient electronic focus music, steady mid-tempo pulse, subtle melodic development, no drops, no vocals. Use a stable meter and quiet recurring figures with smooth phrase boundaries.",calibration,,92,,4
p08_ambient_electronic__v14,"Instrumental ambient electronic focus music, steady mid-tempo pulse, subtle melodic development, no drops, no vocals. Maintain low distraction through simple voicing and gently evolving ambience.",calibration,,92,,4
p08_ambient_electronic__v15,"Instrumental ambient electronic focus music, steady mid-tempo pulse, subtle melodic development, no drops, no vocals. Keep density moderate and consistent with no sudden pauses or prominent solos.",calibration,,92,,4
p08_ambient_electronic__v16,"Instrumental ambient electronic focus music, steady mid-tempo pulse, subtle melodic development, no drops, no vocals. Use calm cyclical phrasing and subtle variation while preserving an even energy level.",calibration,,92,,4
p09_muted_guitar__v01,"Instrumental focus music with muted electric guitar, consistent pulse, restrained phrasing, smooth texture, no vocals. Keep the arrangement sparse and continuous with gradual eight-bar changes.",train,,82,,4
p09_muted_guitar__v02,"Instrumental focus music with muted electric guitar, consistent pulse, restrained phrasing, smooth texture, no vocals. Use a narrow melodic range and seamless transitions without dramatic accents.",train,,82,,4
p09_muted_guitar__v03,"Instrumental focus music with muted electric guitar, consistent pulse, restrained phrasing, smooth texture, no vocals. Maintain restrained dynamics and a stable background texture throughout.",train,,82,,4
p09_muted_guitar__v04,"Instrumental focus music with muted electric guitar, consistent pulse, restrained phrasing, smooth texture, no vocals. Emphasize gentle repetition with subtle timbral evolution and no breakdowns.",train,,82,,4
p09_muted_guitar__v05,"Instrumental focus music with muted electric guitar, consistent pulse, restrained phrasing, smooth texture, no vocals. Use smooth four-bar phrases and avoid abrupt harmonic or rhythmic changes.",train,,82,,4
p09_muted_guitar__v06,"Instrumental focus music with muted electric guitar, consistent pulse, restrained phrasing, smooth texture, no vocals. Keep the foreground minimal while the accompaniment remains even and predictable.",train,,82,,4
p09_muted_guitar__v07,"Instrumental focus music with muted electric guitar, consistent pulse, restrained phrasing, smooth texture, no vocals. Favor long connected layers with soft attacks and controlled high frequencies.",train,,82,,4
p09_muted_guitar__v08,"Instrumental focus music with muted electric guitar, consistent pulse, restrained phrasing, smooth texture, no vocals. Use understated recurring motifs with low contrast between adjacent sections.",train,,82,,4
p09_muted_guitar__v09,"Instrumental focus music with muted electric guitar, consistent pulse, restrained phrasing, smooth texture, no vocals. Maintain an unbroken concentration-friendly flow with restrained bass movement.",train,,82,,4
p09_muted_guitar__v10,"Instrumental focus music with muted electric guitar, consistent pulse, restrained phrasing, smooth texture, no vocals. Use gradual harmonic motion and a consistent pulse without fills or drops.",train,,82,,4
p09_muted_guitar__v11,"Instrumental focus music with muted electric guitar, consistent pulse, restrained phrasing, smooth texture, no vocals. Keep musical events evenly spaced with soft articulation and limited ornamentation.",train,,82,,4
p09_muted_guitar__v12,"Instrumental focus music with muted electric guitar, consistent pulse, restrained phrasing, smooth texture, no vocals. Favor warm balanced sonorities and slow texture changes without climactic gestures.",train,,82,,4
p09_muted_guitar__v13,"Instrumental focus music with muted electric guitar, consistent pulse, restrained phrasing, smooth texture, no vocals. Use a stable meter and quiet recurring figures with smooth phrase boundaries.",train,,82,,4
p09_muted_guitar__v14,"Instrumental focus music with muted electric guitar, consistent pulse, restrained phrasing, smooth texture, no vocals. Maintain low distraction through simple voicing and gently evolving ambience.",train,,82,,4
p09_muted_guitar__v15,"Instrumental focus music with muted electric guitar, consistent pulse, restrained phrasing, smooth texture, no vocals. Keep density moderate and consistent with no sudden pauses or prominent solos.",train,,82,,4
p09_muted_guitar__v16,"Instrumental focus music with muted electric guitar, consistent pulse, restrained phrasing, smooth texture, no vocals. Use calm cyclical phrasing and subtle variation while preserving an even energy level.",train,,82,,4
p10_nylon_guitar__v01,"Instrumental focus music with nylon guitar, regular pulse, minimal melodic variation, gentle dynamics, no vocals. Keep the arrangement sparse and continuous with gradual eight-bar changes.",train,,78,,4
p10_nylon_guitar__v02,"Instrumental focus music with nylon guitar, regular pulse, minimal melodic variation, gentle dynamics, no vocals. Use a narrow melodic range and seamless transitions without dramatic accents.",train,,78,,4
p10_nylon_guitar__v03,"Instrumental focus music with nylon guitar, regular pulse, minimal melodic variation, gentle dynamics, no vocals. Maintain restrained dynamics and a stable background texture throughout.",train,,78,,4
p10_nylon_guitar__v04,"Instrumental focus music with nylon guitar, regular pulse, minimal melodic variation, gentle dynamics, no vocals. Emphasize gentle repetition with subtle timbral evolution and no breakdowns.",train,,78,,4
p10_nylon_guitar__v05,"Instrumental focus music with nylon guitar, regular pulse, minimal melodic variation, gentle dynamics, no vocals. Use smooth four-bar phrases and avoid abrupt harmonic or rhythmic changes.",train,,78,,4
p10_nylon_guitar__v06,"Instrumental focus music with nylon guitar, regular pulse, minimal melodic variation, gentle dynamics, no vocals. Keep the foreground minimal while the accompaniment remains even and predictable.",train,,78,,4
p10_nylon_guitar__v07,"Instrumental focus music with nylon guitar, regular pulse, minimal melodic variation, gentle dynamics, no vocals. Favor long connected layers with soft attacks and controlled high frequencies.",train,,78,,4
p10_nylon_guitar__v08,"Instrumental focus music with nylon guitar, regular pulse, minimal melodic variation, gentle dynamics, no vocals. Use understated recurring motifs with low contrast between adjacent sections.",train,,78,,4
p10_nylon_guitar__v09,"Instrumental focus music with nylon guitar, regular pulse, minimal melodic variation, gentle dynamics, no vocals. Maintain an unbroken concentration-friendly flow with restrained bass movement.",train,,78,,4
p10_nylon_guitar__v10,"Instrumental focus music with nylon guitar, regular pulse, minimal melodic variation, gentle dynamics, no vocals. Use gradual harmonic motion and a consistent pulse without fills or drops.",train,,78,,4
p10_nylon_guitar__v11,"Instrumental focus music with nylon guitar, regular pulse, minimal melodic variation, gentle dynamics, no vocals. Keep musical events evenly spaced with soft articulation and limited ornamentation.",train,,78,,4
p10_nylon_guitar__v12,"Instrumental focus music with nylon guitar, regular pulse, minimal melodic variation, gentle dynamics, no vocals. Favor warm balanced sonorities and slow texture changes without climactic gestures.",train,,78,,4
p10_nylon_guitar__v13,"Instrumental focus music with nylon guitar, regular pulse, minimal melodic variation, gentle dynamics, no vocals. Use a stable meter and quiet recurring figures with smooth phrase boundaries.",train,,78,,4
p10_nylon_guitar__v14,"Instrumental focus music with nylon guitar, regular pulse, minimal melodic variation, gentle dynamics, no vocals. Maintain low distraction through simple voicing and gently evolving ambience.",train,,78,,4
p10_nylon_guitar__v15,"Instrumental focus music with nylon guitar, regular pulse, minimal melodic variation, gentle dynamics, no vocals. Keep density moderate and consistent with no sudden pauses or prominent solos.",train,,78,,4
p10_nylon_guitar__v16,"Instrumental focus music with nylon guitar, regular pulse, minimal melodic variation, gentle dynamics, no vocals. Use calm cyclical phrasing and subtle variation while preserving an even energy level.",train,,78,,4
p11_guitar_pad__v01,"Instrumental focus music with clean guitar and warm pad, stable rhythm, sparse motifs, seamless transitions, no vocals. Keep the arrangement sparse and continuous with gradual eight-bar changes.",train,,88,,4
p11_guitar_pad__v02,"Instrumental focus music with clean guitar and warm pad, stable rhythm, sparse motifs, seamless transitions, no vocals. Use a narrow melodic range and seamless transitions without dramatic accents.",train,,88,,4
p11_guitar_pad__v03,"Instrumental focus music with clean guitar and warm pad, stable rhythm, sparse motifs, seamless transitions, no vocals. Maintain restrained dynamics and a stable background texture throughout.",train,,88,,4
p11_guitar_pad__v04,"Instrumental focus music with clean guitar and warm pad, stable rhythm, sparse motifs, seamless transitions, no vocals. Emphasize gentle repetition with subtle timbral evolution and no breakdowns.",train,,88,,4
p11_guitar_pad__v05,"Instrumental focus music with clean guitar and warm pad, stable rhythm, sparse motifs, seamless transitions, no vocals. Use smooth four-bar phrases and avoid abrupt harmonic or rhythmic changes.",train,,88,,4
p11_guitar_pad__v06,"Instrumental focus music with clean guitar and warm pad, stable rhythm, sparse motifs, seamless transitions, no vocals. Keep the foreground minimal while the accompaniment remains even and predictable.",train,,88,,4
p11_guitar_pad__v07,"Instrumental focus music with clean guitar and warm pad, stable rhythm, sparse motifs, seamless transitions, no vocals. Favor long connected layers with soft attacks and controlled high frequencies.",train,,88,,4
p11_guitar_pad__v08,"Instrumental focus music with clean guitar and warm pad, stable rhythm, sparse motifs, seamless transitions, no vocals. Use understated recurring motifs with low contrast between adjacent sections.",train,,88,,4
p11_guitar_pad__v09,"Instrumental focus music with clean guitar and warm pad, stable rhythm, sparse motifs, seamless transitions, no vocals. Maintain an unbroken concentration-friendly flow with restrained bass movement.",train,,88,,4
p11_guitar_pad__v10,"Instrumental focus music with clean guitar and warm pad, stable rhythm, sparse motifs, seamless transitions, no vocals. Use gradual harmonic motion and a consistent pulse without fills or drops.",train,,88,,4
p11_guitar_pad__v11,"Instrumental focus music with clean guitar and warm pad, stable rhythm, sparse motifs, seamless transitions, no vocals. Keep musical events evenly spaced with soft articulation and limited ornamentation.",train,,88,,4
p11_guitar_pad__v12,"Instrumental focus music with clean guitar and warm pad, stable rhythm, sparse motifs, seamless transitions, no vocals. Favor warm balanced sonorities and slow texture changes without climactic gestures.",train,,88,,4
p11_guitar_pad__v13,"Instrumental focus music with clean guitar and warm pad, stable rhythm, sparse motifs, seamless transitions, no vocals. Use a stable meter and quiet recurring figures with smooth phrase boundaries.",train,,88,,4
p11_guitar_pad__v14,"Instrumental focus music with clean guitar and warm pad, stable rhythm, sparse motifs, seamless transitions, no vocals. Maintain low distraction through simple voicing and gently evolving ambience.",train,,88,,4
p11_guitar_pad__v15,"Instrumental focus music with clean guitar and warm pad, stable rhythm, sparse motifs, seamless transitions, no vocals. Keep density moderate and consistent with no sudden pauses or prominent solos.",train,,88,,4
p11_guitar_pad__v16,"Instrumental focus music with clean guitar and warm pad, stable rhythm, sparse motifs, seamless transitions, no vocals. Use calm cyclical phrasing and subtle variation while preserving an even energy level.",train,,88,,4
p12_harp_guitar__v01,"Instrumental focus music with soft harp and guitar, even pulse, narrow melodic range, low distraction, no vocals. Keep the arrangement sparse and continuous with gradual eight-bar changes.",qualification,,74,,4
p12_harp_guitar__v02,"Instrumental focus music with soft harp and guitar, even pulse, narrow melodic range, low distraction, no vocals. Use a narrow melodic range and seamless transitions without dramatic accents.",qualification,,74,,4
p12_harp_guitar__v03,"Instrumental focus music with soft harp and guitar, even pulse, narrow melodic range, low distraction, no vocals. Maintain restrained dynamics and a stable background texture throughout.",qualification,,74,,4
p12_harp_guitar__v04,"Instrumental focus music with soft harp and guitar, even pulse, narrow melodic range, low distraction, no vocals. Emphasize gentle repetition with subtle timbral evolution and no breakdowns.",qualification,,74,,4
p12_harp_guitar__v05,"Instrumental focus music with soft harp and guitar, even pulse, narrow melodic range, low distraction, no vocals. Use smooth four-bar phrases and avoid abrupt harmonic or rhythmic changes.",qualification,,74,,4
p12_harp_guitar__v06,"Instrumental focus music with soft harp and guitar, even pulse, narrow melodic range, low distraction, no vocals. Keep the foreground minimal while the accompaniment remains even and predictable.",qualification,,74,,4
p12_harp_guitar__v07,"Instrumental focus music with soft harp and guitar, even pulse, narrow melodic range, low distraction, no vocals. Favor long connected layers with soft attacks and controlled high frequencies.",qualification,,74,,4
p12_harp_guitar__v08,"Instrumental focus music with soft harp and guitar, even pulse, narrow melodic range, low distraction, no vocals. Use understated recurring motifs with low contrast between adjacent sections.",qualification,,74,,4
p12_harp_guitar__v09,"Instrumental focus music with soft harp and guitar, even pulse, narrow melodic range, low distraction, no vocals. Maintain an unbroken concentration-friendly flow with restrained bass movement.",qualification,,74,,4
p12_harp_guitar__v10,"Instrumental focus music with soft harp and guitar, even pulse, narrow melodic range, low distraction, no vocals. Use gradual harmonic motion and a consistent pulse without fills or drops.",qualification,,74,,4
p12_harp_guitar__v11,"Instrumental focus music with soft harp and guitar, even pulse, narrow melodic range, low distraction, no vocals. Keep musical events evenly spaced with soft articulation and limited ornamentation.",qualification,,74,,4
p12_harp_guitar__v12,"Instrumental focus music with soft harp and guitar, even pulse, narrow melodic range, low distraction, no vocals. Favor warm balanced sonorities and slow texture changes without climactic gestures.",qualification,,74,,4
p12_harp_guitar__v13,"Instrumental focus music with soft harp and guitar, even pulse, narrow melodic range, low distraction, no vocals. Use a stable meter and quiet recurring figures with smooth phrase boundaries.",qualification,,74,,4
p12_harp_guitar__v14,"Instrumental focus music with soft harp and guitar, even pulse, narrow melodic range, low distraction, no vocals. Maintain low distraction through simple voicing and gently evolving ambience.",qualification,,74,,4
p12_harp_guitar__v15,"Instrumental focus music with soft harp and guitar, even pulse, narrow melodic range, low distraction, no vocals. Keep density moderate and consistent with no sudden pauses or prominent solos.",qualification,,74,,4
p12_harp_guitar__v16,"Instrumental focus music with soft harp and guitar, even pulse, narrow melodic range, low distraction, no vocals. Use calm cyclical phrasing and subtle variation while preserving an even energy level.",qualification,,74,,4
p13_marimba_pad__v01,"Instrumental focus music with soft marimba and ambient pad, steady pulse, simple repeating motif, no vocals. Keep the arrangement sparse and continuous with gradual eight-bar changes.",train,,96,,4
p13_marimba_pad__v02,"Instrumental focus music with soft marimba and ambient pad, steady pulse, simple repeating motif, no vocals. Use a narrow melodic range and seamless transitions without dramatic accents.",train,,96,,4
p13_marimba_pad__v03,"Instrumental focus music with soft marimba and ambient pad, steady pulse, simple repeating motif, no vocals. Maintain restrained dynamics and a stable background texture throughout.",train,,96,,4
p13_marimba_pad__v04,"Instrumental focus music with soft marimba and ambient pad, steady pulse, simple repeating motif, no vocals. Emphasize gentle repetition with subtle timbral evolution and no breakdowns.",train,,96,,4
p13_marimba_pad__v05,"Instrumental focus music with soft marimba and ambient pad, steady pulse, simple repeating motif, no vocals. Use smooth four-bar phrases and avoid abrupt harmonic or rhythmic changes.",train,,96,,4
p13_marimba_pad__v06,"Instrumental focus music with soft marimba and ambient pad, steady pulse, simple repeating motif, no vocals. Keep the foreground minimal while the accompaniment remains even and predictable.",train,,96,,4
p13_marimba_pad__v07,"Instrumental focus music with soft marimba and ambient pad, steady pulse, simple repeating motif, no vocals. Favor long connected layers with soft attacks and controlled high frequencies.",train,,96,,4
p13_marimba_pad__v08,"Instrumental focus music with soft marimba and ambient pad, steady pulse, simple repeating motif, no vocals. Use understated recurring motifs with low contrast between adjacent sections.",train,,96,,4
p13_marimba_pad__v09,"Instrumental focus music with soft marimba and ambient pad, steady pulse, simple repeating motif, no vocals. Maintain an unbroken concentration-friendly flow with restrained bass movement.",train,,96,,4
p13_marimba_pad__v10,"Instrumental focus music with soft marimba and ambient pad, steady pulse, simple repeating motif, no vocals. Use gradual harmonic motion and a consistent pulse without fills or drops.",train,,96,,4
p13_marimba_pad__v11,"Instrumental focus music with soft marimba and ambient pad, steady pulse, simple repeating motif, no vocals. Keep musical events evenly spaced with soft articulation and limited ornamentation.",train,,96,,4
p13_marimba_pad__v12,"Instrumental focus music with soft marimba and ambient pad, steady pulse, simple repeating motif, no vocals. Favor warm balanced sonorities and slow texture changes without climactic gestures.",train,,96,,4
p13_marimba_pad__v13,"Instrumental focus music with soft marimba and ambient pad, steady pulse, simple repeating motif, no vocals. Use a stable meter and quiet recurring figures with smooth phrase boundaries.",train,,96,,4
p13_marimba_pad__v14,"Instrumental focus music with soft marimba and ambient pad, steady pulse, simple repeating motif, no vocals. Maintain low distraction through simple voicing and gently evolving ambience.",train,,96,,4
p13_marimba_pad__v15,"Instrumental focus music with soft marimba and ambient pad, steady pulse, simple repeating motif, no vocals. Keep density moderate and consistent with no sudden pauses or prominent solos.",train,,96,,4
p13_marimba_pad__v16,"Instrumental focus music with soft marimba and ambient pad, steady pulse, simple repeating motif, no vocals. Use calm cyclical phrasing and subtle variation while preserving an even energy level.",train,,96,,4
p14_vibraphone__v01,"Instrumental focus music with mellow vibraphone, consistent pulse, restrained harmony, smooth dynamics, no vocals. Keep the arrangement sparse and continuous with gradual eight-bar changes.",train,,90,,4
p14_vibraphone__v02,"Instrumental focus music with mellow vibraphone, consistent pulse, restrained harmony, smooth dynamics, no vocals. Use a narrow melodic range and seamless transitions without dramatic accents.",train,,90,,4
p14_vibraphone__v03,"Instrumental focus music with mellow vibraphone, consistent pulse, restrained harmony, smooth dynamics, no vocals. Maintain restrained dynamics and a stable background texture throughout.",train,,90,,4
p14_vibraphone__v04,"Instrumental focus music with mellow vibraphone, consistent pulse, restrained harmony, smooth dynamics, no vocals. Emphasize gentle repetition with subtle timbral evolution and no breakdowns.",train,,90,,4
p14_vibraphone__v05,"Instrumental focus music with mellow vibraphone, consistent pulse, restrained harmony, smooth dynamics, no vocals. Use smooth four-bar phrases and avoid abrupt harmonic or rhythmic changes.",train,,90,,4
p14_vibraphone__v06,"Instrumental focus music with mellow vibraphone, consistent pulse, restrained harmony, smooth dynamics, no vocals. Keep the foreground minimal while the accompaniment remains even and predictable.",train,,90,,4
p14_vibraphone__v07,"Instrumental focus music with mellow vibraphone, consistent pulse, restrained harmony, smooth dynamics, no vocals. Favor long connected layers with soft attacks and controlled high frequencies.",train,,90,,4
p14_vibraphone__v08,"Instrumental focus music with mellow vibraphone, consistent pulse, restrained harmony, smooth dynamics, no vocals. Use understated recurring motifs with low contrast between adjacent sections.",train,,90,,4
p14_vibraphone__v09,"Instrumental focus music with mellow vibraphone, consistent pulse, restrained harmony, smooth dynamics, no vocals. Maintain an unbroken concentration-friendly flow with restrained bass movement.",train,,90,,4
p14_vibraphone__v10,"Instrumental focus music with mellow vibraphone, consistent pulse, restrained harmony, smooth dynamics, no vocals. Use gradual harmonic motion and a consistent pulse without fills or drops.",train,,90,,4
p14_vibraphone__v11,"Instrumental focus music with mellow vibraphone, consistent pulse, restrained harmony, smooth dynamics, no vocals. Keep musical events evenly spaced with soft articulation and limited ornamentation.",train,,90,,4
p14_vibraphone__v12,"Instrumental focus music with mellow vibraphone, consistent pulse, restrained harmony, smooth dynamics, no vocals. Favor warm balanced sonorities and slow texture changes without climactic gestures.",train,,90,,4
p14_vibraphone__v13,"Instrumental focus music with mellow vibraphone, consistent pulse, restrained harmony, smooth dynamics, no vocals. Use a stable meter and quiet recurring figures with smooth phrase boundaries.",train,,90,,4
p14_vibraphone__v14,"Instrumental focus music with mellow vibraphone, consistent pulse, restrained harmony, smooth dynamics, no vocals. Maintain low distraction through simple voicing and gently evolving ambience.",train,,90,,4
p14_vibraphone__v15,"Instrumental focus music with mellow vibraphone, consistent pulse, restrained harmony, smooth dynamics, no vocals. Keep density moderate and consistent with no sudden pauses or prominent solos.",train,,90,,4
p14_vibraphone__v16,"Instrumental focus music with mellow vibraphone, consistent pulse, restrained harmony, smooth dynamics, no vocals. Use calm cyclical phrasing and subtle variation while preserving an even energy level.",train,,90,,4
p15_mallet_synth__v01,"Instrumental focus music with muted mallets and soft synthesizer, stable beat, sparse melodic motion, no vocals. Keep the arrangement sparse and continuous with gradual eight-bar changes.",train,,98,,4
p15_mallet_synth__v02,"Instrumental focus music with muted mallets and soft synthesizer, stable beat, sparse melodic motion, no vocals. Use a narrow melodic range and seamless transitions without dramatic accents.",train,,98,,4
p15_mallet_synth__v03,"Instrumental focus music with muted mallets and soft synthesizer, stable beat, sparse melodic motion, no vocals. Maintain restrained dynamics and a stable background texture throughout.",train,,98,,4
p15_mallet_synth__v04,"Instrumental focus music with muted mallets and soft synthesizer, stable beat, sparse melodic motion, no vocals. Emphasize gentle repetition with subtle timbral evolution and no breakdowns.",train,,98,,4
p15_mallet_synth__v05,"Instrumental focus music with muted mallets and soft synthesizer, stable beat, sparse melodic motion, no vocals. Use smooth four-bar phrases and avoid abrupt harmonic or rhythmic changes.",train,,98,,4
p15_mallet_synth__v06,"Instrumental focus music with muted mallets and soft synthesizer, stable beat, sparse melodic motion, no vocals. Keep the foreground minimal while the accompaniment remains even and predictable.",train,,98,,4
p15_mallet_synth__v07,"Instrumental focus music with muted mallets and soft synthesizer, stable beat, sparse melodic motion, no vocals. Favor long connected layers with soft attacks and controlled high frequencies.",train,,98,,4
p15_mallet_synth__v08,"Instrumental focus music with muted mallets and soft synthesizer, stable beat, sparse melodic motion, no vocals. Use understated recurring motifs with low contrast between adjacent sections.",train,,98,,4
p15_mallet_synth__v09,"Instrumental focus music with muted mallets and soft synthesizer, stable beat, sparse melodic motion, no vocals. Maintain an unbroken concentration-friendly flow with restrained bass movement.",train,,98,,4
p15_mallet_synth__v10,"Instrumental focus music with muted mallets and soft synthesizer, stable beat, sparse melodic motion, no vocals. Use gradual harmonic motion and a consistent pulse without fills or drops.",train,,98,,4
p15_mallet_synth__v11,"Instrumental focus music with muted mallets and soft synthesizer, stable beat, sparse melodic motion, no vocals. Keep musical events evenly spaced with soft articulation and limited ornamentation.",train,,98,,4
p15_mallet_synth__v12,"Instrumental focus music with muted mallets and soft synthesizer, stable beat, sparse melodic motion, no vocals. Favor warm balanced sonorities and slow texture changes without climactic gestures.",train,,98,,4
p15_mallet_synth__v13,"Instrumental focus music with muted mallets and soft synthesizer, stable beat, sparse melodic motion, no vocals. Use a stable meter and quiet recurring figures with smooth phrase boundaries.",train,,98,,4
p15_mallet_synth__v14,"Instrumental focus music with muted mallets and soft synthesizer, stable beat, sparse melodic motion, no vocals. Maintain low distraction through simple voicing and gently evolving ambience.",train,,98,,4
p15_mallet_synth__v15,"Instrumental focus music with muted mallets and soft synthesizer, stable beat, sparse melodic motion, no vocals. Keep density moderate and consistent with no sudden pauses or prominent solos.",train,,98,,4
p15_mallet_synth__v16,"Instrumental focus music with muted mallets and soft synthesizer, stable beat, sparse melodic motion, no vocals. Use calm cyclical phrasing and subtle variation while preserving an even energy level.",train,,98,,4
p16_bell_texture__v01,"Instrumental focus music with subdued bell textures, even pulse, minimal accents, gentle evolution, no vocals. Keep the arrangement sparse and continuous with gradual eight-bar changes.",development,,84,,4
p16_bell_texture__v02,"Instrumental focus music with subdued bell textures, even pulse, minimal accents, gentle evolution, no vocals. Use a narrow melodic range and seamless transitions without dramatic accents.",development,,84,,4
p16_bell_texture__v03,"Instrumental focus music with subdued bell textures, even pulse, minimal accents, gentle evolution, no vocals. Maintain restrained dynamics and a stable background texture throughout.",development,,84,,4
p16_bell_texture__v04,"Instrumental focus music with subdued bell textures, even pulse, minimal accents, gentle evolution, no vocals. Emphasize gentle repetition with subtle timbral evolution and no breakdowns.",development,,84,,4
p16_bell_texture__v05,"Instrumental focus music with subdued bell textures, even pulse, minimal accents, gentle evolution, no vocals. Use smooth four-bar phrases and avoid abrupt harmonic or rhythmic changes.",development,,84,,4
p16_bell_texture__v06,"Instrumental focus music with subdued bell textures, even pulse, minimal accents, gentle evolution, no vocals. Keep the foreground minimal while the accompaniment remains even and predictable.",development,,84,,4
p16_bell_texture__v07,"Instrumental focus music with subdued bell textures, even pulse, minimal accents, gentle evolution, no vocals. Favor long connected layers with soft attacks and controlled high frequencies.",development,,84,,4
p16_bell_texture__v08,"Instrumental focus music with subdued bell textures, even pulse, minimal accents, gentle evolution, no vocals. Use understated recurring motifs with low contrast between adjacent sections.",development,,84,,4
p16_bell_texture__v09,"Instrumental focus music with subdued bell textures, even pulse, minimal accents, gentle evolution, no vocals. Maintain an unbroken concentration-friendly flow with restrained bass movement.",development,,84,,4
p16_bell_texture__v10,"Instrumental focus music with subdued bell textures, even pulse, minimal accents, gentle evolution, no vocals. Use gradual harmonic motion and a consistent pulse without fills or drops.",development,,84,,4
p16_bell_texture__v11,"Instrumental focus music with subdued bell textures, even pulse, minimal accents, gentle evolution, no vocals. Keep musical events evenly spaced with soft articulation and limited ornamentation.",development,,84,,4
p16_bell_texture__v12,"Instrumental focus music with subdued bell textures, even pulse, minimal accents, gentle evolution, no vocals. Favor warm balanced sonorities and slow texture changes without climactic gestures.",development,,84,,4
p16_bell_texture__v13,"Instrumental focus music with subdued bell textures, even pulse, minimal accents, gentle evolution, no vocals. Use a stable meter and quiet recurring figures with smooth phrase boundaries.",development,,84,,4
p16_bell_texture__v14,"Instrumental focus music with subdued bell textures, even pulse, minimal accents, gentle evolution, no vocals. Maintain low distraction through simple voicing and gently evolving ambience.",development,,84,,4
p16_bell_texture__v15,"Instrumental focus music with subdued bell textures, even pulse, minimal accents, gentle evolution, no vocals. Keep density moderate and consistent with no sudden pauses or prominent solos.",development,,84,,4
p16_bell_texture__v16,"Instrumental focus music with subdued bell textures, even pulse, minimal accents, gentle evolution, no vocals. Use calm cyclical phrasing and subtle variation while preserving an even energy level.",development,,84,,4
p17_cello_pad__v01,"Instrumental focus music with soft cello and warm pad, measured pulse, limited melodic movement, no vocals. Keep the arrangement sparse and continuous with gradual eight-bar changes.",train,,72,,4
p17_cello_pad__v02,"Instrumental focus music with soft cello and warm pad, measured pulse, limited melodic movement, no vocals. Use a narrow melodic range and seamless transitions without dramatic accents.",train,,72,,4
p17_cello_pad__v03,"Instrumental focus music with soft cello and warm pad, measured pulse, limited melodic movement, no vocals. Maintain restrained dynamics and a stable background texture throughout.",train,,72,,4
p17_cello_pad__v04,"Instrumental focus music with soft cello and warm pad, measured pulse, limited melodic movement, no vocals. Emphasize gentle repetition with subtle timbral evolution and no breakdowns.",train,,72,,4
p17_cello_pad__v05,"Instrumental focus music with soft cello and warm pad, measured pulse, limited melodic movement, no vocals. Use smooth four-bar phrases and avoid abrupt harmonic or rhythmic changes.",train,,72,,4
p17_cello_pad__v06,"Instrumental focus music with soft cello and warm pad, measured pulse, limited melodic movement, no vocals. Keep the foreground minimal while the accompaniment remains even and predictable.",train,,72,,4
p17_cello_pad__v07,"Instrumental focus music with soft cello and warm pad, measured pulse, limited melodic movement, no vocals. Favor long connected layers with soft attacks and controlled high frequencies.",train,,72,,4
p17_cello_pad__v08,"Instrumental focus music with soft cello and warm pad, measured pulse, limited melodic movement, no vocals. Use understated recurring motifs with low contrast between adjacent sections.",train,,72,,4
p17_cello_pad__v09,"Instrumental focus music with soft cello and warm pad, measured pulse, limited melodic movement, no vocals. Maintain an unbroken concentration-friendly flow with restrained bass movement.",train,,72,,4
p17_cello_pad__v10,"Instrumental focus music with soft cello and warm pad, measured pulse, limited melodic movement, no vocals. Use gradual harmonic motion and a consistent pulse without fills or drops.",train,,72,,4
p17_cello_pad__v11,"Instrumental focus music with soft cello and warm pad, measured pulse, limited melodic movement, no vocals. Keep musical events evenly spaced with soft articulation and limited ornamentation.",train,,72,,4
p17_cello_pad__v12,"Instrumental focus music with soft cello and warm pad, measured pulse, limited melodic movement, no vocals. Favor warm balanced sonorities and slow texture changes without climactic gestures.",train,,72,,4
p17_cello_pad__v13,"Instrumental focus music with soft cello and warm pad, measured pulse, limited melodic movement, no vocals. Use a stable meter and quiet recurring figures with smooth phrase boundaries.",train,,72,,4
p17_cello_pad__v14,"Instrumental focus music with soft cello and warm pad, measured pulse, limited melodic movement, no vocals. Maintain low distraction through simple voicing and gently evolving ambience.",train,,72,,4
p17_cello_pad__v15,"Instrumental focus music with soft cello and warm pad, measured pulse, limited melodic movement, no vocals. Keep density moderate and consistent with no sudden pauses or prominent solos.",train,,72,,4
p17_cello_pad__v16,"Instrumental focus music with soft cello and warm pad, measured pulse, limited melodic movement, no vocals. Use calm cyclical phrasing and subtle variation while preserving an even energy level.",train,,72,,4
p18_muted_strings__v01,"Instrumental focus music with muted string ensemble, stable pulse, understated harmonic changes, no vocals. Keep the arrangement sparse and continuous with gradual eight-bar changes.",train,,78,,4
p18_muted_strings__v02,"Instrumental focus music with muted string ensemble, stable pulse, understated harmonic changes, no vocals. Use a narrow melodic range and seamless transitions without dramatic accents.",train,,78,,4
p18_muted_strings__v03,"Instrumental focus music with muted string ensemble, stable pulse, understated harmonic changes, no vocals. Maintain restrained dynamics and a stable background texture throughout.",train,,78,,4
p18_muted_strings__v04,"Instrumental focus music with muted string ensemble, stable pulse, understated harmonic changes, no vocals. Emphasize gentle repetition with subtle timbral evolution and no breakdowns.",train,,78,,4
p18_muted_strings__v05,"Instrumental focus music with muted string ensemble, stable pulse, understated harmonic changes, no vocals. Use smooth four-bar phrases and avoid abrupt harmonic or rhythmic changes.",train,,78,,4
p18_muted_strings__v06,"Instrumental focus music with muted string ensemble, stable pulse, understated harmonic changes, no vocals. Keep the foreground minimal while the accompaniment remains even and predictable.",train,,78,,4
p18_muted_strings__v07,"Instrumental focus music with muted string ensemble, stable pulse, understated harmonic changes, no vocals. Favor long connected layers with soft attacks and controlled high frequencies.",train,,78,,4
p18_muted_strings__v08,"Instrumental focus music with muted string ensemble, stable pulse, understated harmonic changes, no vocals. Use understated recurring motifs with low contrast between adjacent sections.",train,,78,,4
p18_muted_strings__v09,"Instrumental focus music with muted string ensemble, stable pulse, understated harmonic changes, no vocals. Maintain an unbroken concentration-friendly flow with restrained bass movement.",train,,78,,4
p18_muted_strings__v10,"Instrumental focus music with muted string ensemble, stable pulse, understated harmonic changes, no vocals. Use gradual harmonic motion and a consistent pulse without fills or drops.",train,,78,,4
p18_muted_strings__v11,"Instrumental focus music with muted string ensemble, stable pulse, understated harmonic changes, no vocals. Keep musical events evenly spaced with soft articulation and limited ornamentation.",train,,78,,4
p18_muted_strings__v12,"Instrumental focus music with muted string ensemble, stable pulse, understated harmonic changes, no vocals. Favor warm balanced sonorities and slow texture changes without climactic gestures.",train,,78,,4
p18_muted_strings__v13,"Instrumental focus music with muted string ensemble, stable pulse, understated harmonic changes, no vocals. Use a stable meter and quiet recurring figures with smooth phrase boundaries.",train,,78,,4
p18_muted_strings__v14,"Instrumental focus music with muted string ensemble, stable pulse, understated harmonic changes, no vocals. Maintain low distraction through simple voicing and gently evolving ambience.",train,,78,,4
p18_muted_strings__v15,"Instrumental focus music with muted string ensemble, stable pulse, understated harmonic changes, no vocals. Keep density moderate and consistent with no sudden pauses or prominent solos.",train,,78,,4
p18_muted_strings__v16,"Instrumental focus music with muted string ensemble, stable pulse, understated harmonic changes, no vocals. Use calm cyclical phrasing and subtle variation while preserving an even energy level.",train,,78,,4
p19_strings_piano__v01,"Instrumental focus music with light strings and piano, even rhythmic flow, restrained motifs, no vocals. Keep the arrangement sparse and continuous with gradual eight-bar changes.",calibration,,82,,4
p19_strings_piano__v02,"Instrumental focus music with light strings and piano, even rhythmic flow, restrained motifs, no vocals. Use a narrow melodic range and seamless transitions without dramatic accents.",calibration,,82,,4
p19_strings_piano__v03,"Instrumental focus music with light strings and piano, even rhythmic flow, restrained motifs, no vocals. Maintain restrained dynamics and a stable background texture throughout.",calibration,,82,,4
p19_strings_piano__v04,"Instrumental focus music with light strings and piano, even rhythmic flow, restrained motifs, no vocals. Emphasize gentle repetition with subtle timbral evolution and no breakdowns.",calibration,,82,,4
p19_strings_piano__v05,"Instrumental focus music with light strings and piano, even rhythmic flow, restrained motifs, no vocals. Use smooth four-bar phrases and avoid abrupt harmonic or rhythmic changes.",calibration,,82,,4
p19_strings_piano__v06,"Instrumental focus music with light strings and piano, even rhythmic flow, restrained motifs, no vocals. Keep the foreground minimal while the accompaniment remains even and predictable.",calibration,,82,,4
p19_strings_piano__v07,"Instrumental focus music with light strings and piano, even rhythmic flow, restrained motifs, no vocals. Favor long connected layers with soft attacks and controlled high frequencies.",calibration,,82,,4
p19_strings_piano__v08,"Instrumental focus music with light strings and piano, even rhythmic flow, restrained motifs, no vocals. Use understated recurring motifs with low contrast between adjacent sections.",calibration,,82,,4
p19_strings_piano__v09,"Instrumental focus music with light strings and piano, even rhythmic flow, restrained motifs, no vocals. Maintain an unbroken concentration-friendly flow with restrained bass movement.",calibration,,82,,4
p19_strings_piano__v10,"Instrumental focus music with light strings and piano, even rhythmic flow, restrained motifs, no vocals. Use gradual harmonic motion and a consistent pulse without fills or drops.",calibration,,82,,4
p19_strings_piano__v11,"Instrumental focus music with light strings and piano, even rhythmic flow, restrained motifs, no vocals. Keep musical events evenly spaced with soft articulation and limited ornamentation.",calibration,,82,,4
p19_strings_piano__v12,"Instrumental focus music with light strings and piano, even rhythmic flow, restrained motifs, no vocals. Favor warm balanced sonorities and slow texture changes without climactic gestures.",calibration,,82,,4
p19_strings_piano__v13,"Instrumental focus music with light strings and piano, even rhythmic flow, restrained motifs, no vocals. Use a stable meter and quiet recurring figures with smooth phrase boundaries.",calibration,,82,,4
p19_strings_piano__v14,"Instrumental focus music with light strings and piano, even rhythmic flow, restrained motifs, no vocals. Maintain low distraction through simple voicing and gently evolving ambience.",calibration,,82,,4
p19_strings_piano__v15,"Instrumental focus music with light strings and piano, even rhythmic flow, restrained motifs, no vocals. Keep density moderate and consistent with no sudden pauses or prominent solos.",calibration,,82,,4
p19_strings_piano__v16,"Instrumental focus music with light strings and piano, even rhythmic flow, restrained motifs, no vocals. Use calm cyclical phrasing and subtle variation while preserving an even energy level.",calibration,,82,,4
p20_chamber_ambient__v01,"Instrumental ambient chamber music, regular pulse, smooth voice leading, low dramatic contrast, no vocals. Keep the arrangement sparse and continuous with gradual eight-bar changes.",qualification,,76,,4
p20_chamber_ambient__v02,"Instrumental ambient chamber music, regular pulse, smooth voice leading, low dramatic contrast, no vocals. Use a narrow melodic range and seamless transitions without dramatic accents.",qualification,,76,,4
p20_chamber_ambient__v03,"Instrumental ambient chamber music, regular pulse, smooth voice leading, low dramatic contrast, no vocals. Maintain restrained dynamics and a stable background texture throughout.",qualification,,76,,4
p20_chamber_ambient__v04,"Instrumental ambient chamber music, regular pulse, smooth voice leading, low dramatic contrast, no vocals. Emphasize gentle repetition with subtle timbral evolution and no breakdowns.",qualification,,76,,4
p20_chamber_ambient__v05,"Instrumental ambient chamber music, regular pulse, smooth voice leading, low dramatic contrast, no vocals. Use smooth four-bar phrases and avoid abrupt harmonic or rhythmic changes.",qualification,,76,,4
p20_chamber_ambient__v06,"Instrumental ambient chamber music, regular pulse, smooth voice leading, low dramatic contrast, no vocals. Keep the foreground minimal while the accompaniment remains even and predictable.",qualification,,76,,4
p20_chamber_ambient__v07,"Instrumental ambient chamber music, regular pulse, smooth voice leading, low dramatic contrast, no vocals. Favor long connected layers with soft attacks and controlled high frequencies.",qualification,,76,,4
p20_chamber_ambient__v08,"Instrumental ambient chamber music, regular pulse, smooth voice leading, low dramatic contrast, no vocals. Use understated recurring motifs with low contrast between adjacent sections.",qualification,,76,,4
p20_chamber_ambient__v09,"Instrumental ambient chamber music, regular pulse, smooth voice leading, low dramatic contrast, no vocals. Maintain an unbroken concentration-friendly flow with restrained bass movement.",qualification,,76,,4
p20_chamber_ambient__v10,"Instrumental ambient chamber music, regular pulse, smooth voice leading, low dramatic contrast, no vocals. Use gradual harmonic motion and a consistent pulse without fills or drops.",qualification,,76,,4
p20_chamber_ambient__v11,"Instrumental ambient chamber music, regular pulse, smooth voice leading, low dramatic contrast, no vocals. Keep musical events evenly spaced with soft articulation and limited ornamentation.",qualification,,76,,4
p20_chamber_ambient__v12,"Instrumental ambient chamber music, regular pulse, smooth voice leading, low dramatic contrast, no vocals. Favor warm balanced sonorities and slow texture changes without climactic gestures.",qualification,,76,,4
p20_chamber_ambient__v13,"Instrumental ambient chamber music, regular pulse, smooth voice leading, low dramatic contrast, no vocals. Use a stable meter and quiet recurring figures with smooth phrase boundaries.",qualification,,76,,4
p20_chamber_ambient__v14,"Instrumental ambient chamber music, regular pulse, smooth voice leading, low dramatic contrast, no vocals. Maintain low distraction through simple voicing and gently evolving ambience.",qualification,,76,,4
p20_chamber_ambient__v15,"Instrumental ambient chamber music, regular pulse, smooth voice leading, low dramatic contrast, no vocals. Keep density moderate and consistent with no sudden pauses or prominent solos.",qualification,,76,,4
p20_chamber_ambient__v16,"Instrumental ambient chamber music, regular pulse, smooth voice leading, low dramatic contrast, no vocals. Use calm cyclical phrasing and subtle variation while preserving an even energy level.",qualification,,76,,4
p21_lofi_keys__v01,"Instrumental focus music with clean lo-fi keys, steady beat, restrained melody, smooth dynamics, no vocals. Keep the arrangement sparse and continuous with gradual eight-bar changes.",train,,88,,4
p21_lofi_keys__v02,"Instrumental focus music with clean lo-fi keys, steady beat, restrained melody, smooth dynamics, no vocals. Use a narrow melodic range and seamless transitions without dramatic accents.",train,,88,,4
p21_lofi_keys__v03,"Instrumental focus music with clean lo-fi keys, steady beat, restrained melody, smooth dynamics, no vocals. Maintain restrained dynamics and a stable background texture throughout.",train,,88,,4
p21_lofi_keys__v04,"Instrumental focus music with clean lo-fi keys, steady beat, restrained melody, smooth dynamics, no vocals. Emphasize gentle repetition with subtle timbral evolution and no breakdowns.",train,,88,,4
p21_lofi_keys__v05,"Instrumental focus music with clean lo-fi keys, steady beat, restrained melody, smooth dynamics, no vocals. Use smooth four-bar phrases and avoid abrupt harmonic or rhythmic changes.",train,,88,,4
p21_lofi_keys__v06,"Instrumental focus music with clean lo-fi keys, steady beat, restrained melody, smooth dynamics, no vocals. Keep the foreground minimal while the accompaniment remains even and predictable.",train,,88,,4
p21_lofi_keys__v07,"Instrumental focus music with clean lo-fi keys, steady beat, restrained melody, smooth dynamics, no vocals. Favor long connected layers with soft attacks and controlled high frequencies.",train,,88,,4
p21_lofi_keys__v08,"Instrumental focus music with clean lo-fi keys, steady beat, restrained melody, smooth dynamics, no vocals. Use understated recurring motifs with low contrast between adjacent sections.",train,,88,,4
p21_lofi_keys__v09,"Instrumental focus music with clean lo-fi keys, steady beat, restrained melody, smooth dynamics, no vocals. Maintain an unbroken concentration-friendly flow with restrained bass movement.",train,,88,,4
p21_lofi_keys__v10,"Instrumental focus music with clean lo-fi keys, steady beat, restrained melody, smooth dynamics, no vocals. Use gradual harmonic motion and a consistent pulse without fills or drops.",train,,88,,4
p21_lofi_keys__v11,"Instrumental focus music with clean lo-fi keys, steady beat, restrained melody, smooth dynamics, no vocals. Keep musical events evenly spaced with soft articulation and limited ornamentation.",train,,88,,4
p21_lofi_keys__v12,"Instrumental focus music with clean lo-fi keys, steady beat, restrained melody, smooth dynamics, no vocals. Favor warm balanced sonorities and slow texture changes without climactic gestures.",train,,88,,4
p21_lofi_keys__v13,"Instrumental focus music with clean lo-fi keys, steady beat, restrained melody, smooth dynamics, no vocals. Use a stable meter and quiet recurring figures with smooth phrase boundaries.",train,,88,,4
p21_lofi_keys__v14,"Instrumental focus music with clean lo-fi keys, steady beat, restrained melody, smooth dynamics, no vocals. Maintain low distraction through simple voicing and gently evolving ambience.",train,,88,,4
p21_lofi_keys__v15,"Instrumental focus music with clean lo-fi keys, steady beat, restrained melody, smooth dynamics, no vocals. Keep density moderate and consistent with no sudden pauses or prominent solos.",train,,88,,4
p21_lofi_keys__v16,"Instrumental focus music with clean lo-fi keys, steady beat, restrained melody, smooth dynamics, no vocals. Use calm cyclical phrasing and subtle variation while preserving an even energy level.",train,,88,,4
p22_soft_rhodes__v01,"Instrumental focus music with soft electric piano, stable pulse, sparse chordal motion, no vocals. Keep the arrangement sparse and continuous with gradual eight-bar changes.",train,,86,,4
p22_soft_rhodes__v02,"Instrumental focus music with soft electric piano, stable pulse, sparse chordal motion, no vocals. Use a narrow melodic range and seamless transitions without dramatic accents.",train,,86,,4
p22_soft_rhodes__v03,"Instrumental focus music with soft electric piano, stable pulse, sparse chordal motion, no vocals. Maintain restrained dynamics and a stable background texture throughout.",train,,86,,4
p22_soft_rhodes__v04,"Instrumental focus music with soft electric piano, stable pulse, sparse chordal motion, no vocals. Emphasize gentle repetition with subtle timbral evolution and no breakdowns.",train,,86,,4
p22_soft_rhodes__v05,"Instrumental focus music with soft electric piano, stable pulse, sparse chordal motion, no vocals. Use smooth four-bar phrases and avoid abrupt harmonic or rhythmic changes.",train,,86,,4
p22_soft_rhodes__v06,"Instrumental focus music with soft electric piano, stable pulse, sparse chordal motion, no vocals. Keep the foreground minimal while the accompaniment remains even and predictable.",train,,86,,4
p22_soft_rhodes__v07,"Instrumental focus music with soft electric piano, stable pulse, sparse chordal motion, no vocals. Favor long connected layers with soft attacks and controlled high frequencies.",train,,86,,4
p22_soft_rhodes__v08,"Instrumental focus music with soft electric piano, stable pulse, sparse chordal motion, no vocals. Use understated recurring motifs with low contrast between adjacent sections.",train,,86,,4
p22_soft_rhodes__v09,"Instrumental focus music with soft electric piano, stable pulse, sparse chordal motion, no vocals. Maintain an unbroken concentration-friendly flow with restrained bass movement.",train,,86,,4
p22_soft_rhodes__v10,"Instrumental focus music with soft electric piano, stable pulse, sparse chordal motion, no vocals. Use gradual harmonic motion and a consistent pulse without fills or drops.",train,,86,,4
p22_soft_rhodes__v11,"Instrumental focus music with soft electric piano, stable pulse, sparse chordal motion, no vocals. Keep musical events evenly spaced with soft articulation and limited ornamentation.",train,,86,,4
p22_soft_rhodes__v12,"Instrumental focus music with soft electric piano, stable pulse, sparse chordal motion, no vocals. Favor warm balanced sonorities and slow texture changes without climactic gestures.",train,,86,,4
p22_soft_rhodes__v13,"Instrumental focus music with soft electric piano, stable pulse, sparse chordal motion, no vocals. Use a stable meter and quiet recurring figures with smooth phrase boundaries.",train,,86,,4
p22_soft_rhodes__v14,"Instrumental focus music with soft electric piano, stable pulse, sparse chordal motion, no vocals. Maintain low distraction through simple voicing and gently evolving ambience.",train,,86,,4
p22_soft_rhodes__v15,"Instrumental focus music with soft electric piano, stable pulse, sparse chordal motion, no vocals. Keep density moderate and consistent with no sudden pauses or prominent solos.",train,,86,,4
p22_soft_rhodes__v16,"Instrumental focus music with soft electric piano, stable pulse, sparse chordal motion, no vocals. Use calm cyclical phrasing and subtle variation while preserving an even energy level.",train,,86,,4
p23_rhodes_bass__v01,"Instrumental focus music with electric piano and subdued bass, consistent groove, limited melodic range, no vocals. Keep the arrangement sparse and continuous with gradual eight-bar changes.",development,,92,,4
p23_rhodes_bass__v02,"Instrumental focus music with electric piano and subdued bass, consistent groove, limited melodic range, no vocals. Use a narrow melodic range and seamless transitions without dramatic accents.",development,,92,,4
p23_rhodes_bass__v03,"Instrumental focus music with electric piano and subdued bass, consistent groove, limited melodic range, no vocals. Maintain restrained dynamics and a stable background texture throughout.",development,,92,,4
p23_rhodes_bass__v04,"Instrumental focus music with electric piano and subdued bass, consistent groove, limited melodic range, no vocals. Emphasize gentle repetition with subtle timbral evolution and no breakdowns.",development,,92,,4
p23_rhodes_bass__v05,"Instrumental focus music with electric piano and subdued bass, consistent groove, limited melodic range, no vocals. Use smooth four-bar phrases and avoid abrupt harmonic or rhythmic changes.",development,,92,,4
p23_rhodes_bass__v06,"Instrumental focus music with electric piano and subdued bass, consistent groove, limited melodic range, no vocals. Keep the foreground minimal while the accompaniment remains even and predictable.",development,,92,,4
p23_rhodes_bass__v07,"Instrumental focus music with electric piano and subdued bass, consistent groove, limited melodic range, no vocals. Favor long connected layers with soft attacks and controlled high frequencies.",development,,92,,4
p23_rhodes_bass__v08,"Instrumental focus music with electric piano and subdued bass, consistent groove, limited melodic range, no vocals. Use understated recurring motifs with low contrast between adjacent sections.",development,,92,,4
p23_rhodes_bass__v09,"Instrumental focus music with electric piano and subdued bass, consistent groove, limited melodic range, no vocals. Maintain an unbroken concentration-friendly flow with restrained bass movement.",development,,92,,4
p23_rhodes_bass__v10,"Instrumental focus music with electric piano and subdued bass, consistent groove, limited melodic range, no vocals. Use gradual harmonic motion and a consistent pulse without fills or drops.",development,,92,,4
p23_rhodes_bass__v11,"Instrumental focus music with electric piano and subdued bass, consistent groove, limited melodic range, no vocals. Keep musical events evenly spaced with soft articulation and limited ornamentation.",development,,92,,4
p23_rhodes_bass__v12,"Instrumental focus music with electric piano and subdued bass, consistent groove, limited melodic range, no vocals. Favor warm balanced sonorities and slow texture changes without climactic gestures.",development,,92,,4
p23_rhodes_bass__v13,"Instrumental focus music with electric piano and subdued bass, consistent groove, limited melodic range, no vocals. Use a stable meter and quiet recurring figures with smooth phrase boundaries.",development,,92,,4
p23_rhodes_bass__v14,"Instrumental focus music with electric piano and subdued bass, consistent groove, limited melodic range, no vocals. Maintain low distraction through simple voicing and gently evolving ambience.",development,,92,,4
p23_rhodes_bass__v15,"Instrumental focus music with electric piano and subdued bass, consistent groove, limited melodic range, no vocals. Keep density moderate and consistent with no sudden pauses or prominent solos.",development,,92,,4
p23_rhodes_bass__v16,"Instrumental focus music with electric piano and subdued bass, consistent groove, limited melodic range, no vocals. Use calm cyclical phrasing and subtle variation while preserving an even energy level.",development,,92,,4
p24_tape_keys__v01,"Instrumental focus music with warm tape-textured keys, even pulse, simple motifs, gentle transitions, no vocals. Keep the arrangement sparse and continuous with gradual eight-bar changes.",calibration,,84,,4
p24_tape_keys__v02,"Instrumental focus music with warm tape-textured keys, even pulse, simple motifs, gentle transitions, no vocals. Use a narrow melodic range and seamless transitions without dramatic accents.",calibration,,84,,4
p24_tape_keys__v03,"Instrumental focus music with warm tape-textured keys, even pulse, simple motifs, gentle transitions, no vocals. Maintain restrained dynamics and a stable background texture throughout.",calibration,,84,,4
p24_tape_keys__v04,"Instrumental focus music with warm tape-textured keys, even pulse, simple motifs, gentle transitions, no vocals. Emphasize gentle repetition with subtle timbral evolution and no breakdowns.",calibration,,84,,4
p24_tape_keys__v05,"Instrumental focus music with warm tape-textured keys, even pulse, simple motifs, gentle transitions, no vocals. Use smooth four-bar phrases and avoid abrupt harmonic or rhythmic changes.",calibration,,84,,4
p24_tape_keys__v06,"Instrumental focus music with warm tape-textured keys, even pulse, simple motifs, gentle transitions, no vocals. Keep the foreground minimal while the accompaniment remains even and predictable.",calibration,,84,,4
p24_tape_keys__v07,"Instrumental focus music with warm tape-textured keys, even pulse, simple motifs, gentle transitions, no vocals. Favor long connected layers with soft attacks and controlled high frequencies.",calibration,,84,,4
p24_tape_keys__v08,"Instrumental focus music with warm tape-textured keys, even pulse, simple motifs, gentle transitions, no vocals. Use understated recurring motifs with low contrast between adjacent sections.",calibration,,84,,4
p24_tape_keys__v09,"Instrumental focus music with warm tape-textured keys, even pulse, simple motifs, gentle transitions, no vocals. Maintain an unbroken concentration-friendly flow with restrained bass movement.",calibration,,84,,4
p24_tape_keys__v10,"Instrumental focus music with warm tape-textured keys, even pulse, simple motifs, gentle transitions, no vocals. Use gradual harmonic motion and a consistent pulse without fills or drops.",calibration,,84,,4
p24_tape_keys__v11,"Instrumental focus music with warm tape-textured keys, even pulse, simple motifs, gentle transitions, no vocals. Keep musical events evenly spaced with soft articulation and limited ornamentation.",calibration,,84,,4
p24_tape_keys__v12,"Instrumental focus music with warm tape-textured keys, even pulse, simple motifs, gentle transitions, no vocals. Favor warm balanced sonorities and slow texture changes without climactic gestures.",calibration,,84,,4
p24_tape_keys__v13,"Instrumental focus music with warm tape-textured keys, even pulse, simple motifs, gentle transitions, no vocals. Use a stable meter and quiet recurring figures with smooth phrase boundaries.",calibration,,84,,4
p24_tape_keys__v14,"Instrumental focus music with warm tape-textured keys, even pulse, simple motifs, gentle transitions, no vocals. Maintain low distraction through simple voicing and gently evolving ambience.",calibration,,84,,4
p24_tape_keys__v15,"Instrumental focus music with warm tape-textured keys, even pulse, simple motifs, gentle transitions, no vocals. Keep density moderate and consistent with no sudden pauses or prominent solos.",calibration,,84,,4
p24_tape_keys__v16,"Instrumental focus music with warm tape-textured keys, even pulse, simple motifs, gentle transitions, no vocals. Use calm cyclical phrasing and subtle variation while preserving an even energy level.",calibration,,84,,4
p25_minimal_acoustic__v01,"Minimal instrumental focus music, stable acoustic pulse, restrained tonal movement, smooth dynamics, no vocals. Keep the arrangement sparse and continuous with gradual eight-bar changes.",train,,80,,4
p25_minimal_acoustic__v02,"Minimal instrumental focus music, stable acoustic pulse, restrained tonal movement, smooth dynamics, no vocals. Use a narrow melodic range and seamless transitions without dramatic accents.",train,,80,,4
p25_minimal_acoustic__v03,"Minimal instrumental focus music, stable acoustic pulse, restrained tonal movement, smooth dynamics, no vocals. Maintain restrained dynamics and a stable background texture throughout.",train,,80,,4
p25_minimal_acoustic__v04,"Minimal instrumental focus music, stable acoustic pulse, restrained tonal movement, smooth dynamics, no vocals. Emphasize gentle repetition with subtle timbral evolution and no breakdowns.",train,,80,,4
p25_minimal_acoustic__v05,"Minimal instrumental focus music, stable acoustic pulse, restrained tonal movement, smooth dynamics, no vocals. Use smooth four-bar phrases and avoid abrupt harmonic or rhythmic changes.",train,,80,,4
p25_minimal_acoustic__v06,"Minimal instrumental focus music, stable acoustic pulse, restrained tonal movement, smooth dynamics, no vocals. Keep the foreground minimal while the accompaniment remains even and predictable.",train,,80,,4
p25_minimal_acoustic__v07,"Minimal instrumental focus music, stable acoustic pulse, restrained tonal movement, smooth dynamics, no vocals. Favor long connected layers with soft attacks and controlled high frequencies.",train,,80,,4
p25_minimal_acoustic__v08,"Minimal instrumental focus music, stable acoustic pulse, restrained tonal movement, smooth dynamics, no vocals. Use understated recurring motifs with low contrast between adjacent sections.",train,,80,,4
p25_minimal_acoustic__v09,"Minimal instrumental focus music, stable acoustic pulse, restrained tonal movement, smooth dynamics, no vocals. Maintain an unbroken concentration-friendly flow with restrained bass movement.",train,,80,,4
p25_minimal_acoustic__v10,"Minimal instrumental focus music, stable acoustic pulse, restrained tonal movement, smooth dynamics, no vocals. Use gradual harmonic motion and a consistent pulse without fills or drops.",train,,80,,4
p25_minimal_acoustic__v11,"Minimal instrumental focus music, stable acoustic pulse, restrained tonal movement, smooth dynamics, no vocals. Keep musical events evenly spaced with soft articulation and limited ornamentation.",train,,80,,4
p25_minimal_acoustic__v12,"Minimal instrumental focus music, stable acoustic pulse, restrained tonal movement, smooth dynamics, no vocals. Favor warm balanced sonorities and slow texture changes without climactic gestures.",train,,80,,4
p25_minimal_acoustic__v13,"Minimal instrumental focus music, stable acoustic pulse, restrained tonal movement, smooth dynamics, no vocals. Use a stable meter and quiet recurring figures with smooth phrase boundaries.",train,,80,,4
p25_minimal_acoustic__v14,"Minimal instrumental focus music, stable acoustic pulse, restrained tonal movement, smooth dynamics, no vocals. Maintain low distraction through simple voicing and gently evolving ambience.",train,,80,,4
p25_minimal_acoustic__v15,"Minimal instrumental focus music, stable acoustic pulse, restrained tonal movement, smooth dynamics, no vocals. Keep density moderate and consistent with no sudden pauses or prominent solos.",train,,80,,4
p25_minimal_acoustic__v16,"Minimal instrumental focus music, stable acoustic pulse, restrained tonal movement, smooth dynamics, no vocals. Use calm cyclical phrasing and subtle variation while preserving an even energy level.",train,,80,,4
p26_minimal_electronic__v01,"Minimal instrumental electronic focus music, regular pulse, subtle repetition, low contrast, no vocals. Keep the arrangement sparse and continuous with gradual eight-bar changes.",train,,94,,4
p26_minimal_electronic__v02,"Minimal instrumental electronic focus music, regular pulse, subtle repetition, low contrast, no vocals. Use a narrow melodic range and seamless transitions without dramatic accents.",train,,94,,4
p26_minimal_electronic__v03,"Minimal instrumental electronic focus music, regular pulse, subtle repetition, low contrast, no vocals. Maintain restrained dynamics and a stable background texture throughout.",train,,94,,4
p26_minimal_electronic__v04,"Minimal instrumental electronic focus music, regular pulse, subtle repetition, low contrast, no vocals. Emphasize gentle repetition with subtle timbral evolution and no breakdowns.",train,,94,,4
p26_minimal_electronic__v05,"Minimal instrumental electronic focus music, regular pulse, subtle repetition, low contrast, no vocals. Use smooth four-bar phrases and avoid abrupt harmonic or rhythmic changes.",train,,94,,4
p26_minimal_electronic__v06,"Minimal instrumental electronic focus music, regular pulse, subtle repetition, low contrast, no vocals. Keep the foreground minimal while the accompaniment remains even and predictable.",train,,94,,4
p26_minimal_electronic__v07,"Minimal instrumental electronic focus music, regular pulse, subtle repetition, low contrast, no vocals. Favor long connected layers with soft attacks and controlled high frequencies.",train,,94,,4
p26_minimal_electronic__v08,"Minimal instrumental electronic focus music, regular pulse, subtle repetition, low contrast, no vocals. Use understated recurring motifs with low contrast between adjacent sections.",train,,94,,4
p26_minimal_electronic__v09,"Minimal instrumental electronic focus music, regular pulse, subtle repetition, low contrast, no vocals. Maintain an unbroken concentration-friendly flow with restrained bass movement.",train,,94,,4
p26_minimal_electronic__v10,"Minimal instrumental electronic focus music, regular pulse, subtle repetition, low contrast, no vocals. Use gradual harmonic motion and a consistent pulse without fills or drops.",train,,94,,4
p26_minimal_electronic__v11,"Minimal instrumental electronic focus music, regular pulse, subtle repetition, low contrast, no vocals. Keep musical events evenly spaced with soft articulation and limited ornamentation.",train,,94,,4
p26_minimal_electronic__v12,"Minimal instrumental electronic focus music, regular pulse, subtle repetition, low contrast, no vocals. Favor warm balanced sonorities and slow texture changes without climactic gestures.",train,,94,,4
p26_minimal_electronic__v13,"Minimal instrumental electronic focus music, regular pulse, subtle repetition, low contrast, no vocals. Use a stable meter and quiet recurring figures with smooth phrase boundaries.",train,,94,,4
p26_minimal_electronic__v14,"Minimal instrumental electronic focus music, regular pulse, subtle repetition, low contrast, no vocals. Maintain low distraction through simple voicing and gently evolving ambience.",train,,94,,4
p26_minimal_electronic__v15,"Minimal instrumental electronic focus music, regular pulse, subtle repetition, low contrast, no vocals. Keep density moderate and consistent with no sudden pauses or prominent solos.",train,,94,,4
p26_minimal_electronic__v16,"Minimal instrumental electronic focus music, regular pulse, subtle repetition, low contrast, no vocals. Use calm cyclical phrasing and subtle variation while preserving an even energy level.",train,,94,,4
p27_neutral_ambient__v01,"Neutral instrumental ambient focus music, soft steady pulse, gradual texture changes, no dramatic events, no vocals. Keep the arrangement sparse and continuous with gradual eight-bar changes.",qualification,,78,,4
p27_neutral_ambient__v02,"Neutral instrumental ambient focus music, soft steady pulse, gradual texture changes, no dramatic events, no vocals. Use a narrow melodic range and seamless transitions without dramatic accents.",qualification,,78,,4
p27_neutral_ambient__v03,"Neutral instrumental ambient focus music, soft steady pulse, gradual texture changes, no dramatic events, no vocals. Maintain restrained dynamics and a stable background texture throughout.",qualification,,78,,4
p27_neutral_ambient__v04,"Neutral instrumental ambient focus music, soft steady pulse, gradual texture changes, no dramatic events, no vocals. Emphasize gentle repetition with subtle timbral evolution and no breakdowns.",qualification,,78,,4
p27_neutral_ambient__v05,"Neutral instrumental ambient focus music, soft steady pulse, gradual texture changes, no dramatic events, no vocals. Use smooth four-bar phrases and avoid abrupt harmonic or rhythmic changes.",qualification,,78,,4
p27_neutral_ambient__v06,"Neutral instrumental ambient focus music, soft steady pulse, gradual texture changes, no dramatic events, no vocals. Keep the foreground minimal while the accompaniment remains even and predictable.",qualification,,78,,4
p27_neutral_ambient__v07,"Neutral instrumental ambient focus music, soft steady pulse, gradual texture changes, no dramatic events, no vocals. Favor long connected layers with soft attacks and controlled high frequencies.",qualification,,78,,4
p27_neutral_ambient__v08,"Neutral instrumental ambient focus music, soft steady pulse, gradual texture changes, no dramatic events, no vocals. Use understated recurring motifs with low contrast between adjacent sections.",qualification,,78,,4
p27_neutral_ambient__v09,"Neutral instrumental ambient focus music, soft steady pulse, gradual texture changes, no dramatic events, no vocals. Maintain an unbroken concentration-friendly flow with restrained bass movement.",qualification,,78,,4
p27_neutral_ambient__v10,"Neutral instrumental ambient focus music, soft steady pulse, gradual texture changes, no dramatic events, no vocals. Use gradual harmonic motion and a consistent pulse without fills or drops.",qualification,,78,,4
p27_neutral_ambient__v11,"Neutral instrumental ambient focus music, soft steady pulse, gradual texture changes, no dramatic events, no vocals. Keep musical events evenly spaced with soft articulation and limited ornamentation.",qualification,,78,,4
p27_neutral_ambient__v12,"Neutral instrumental ambient focus music, soft steady pulse, gradual texture changes, no dramatic events, no vocals. Favor warm balanced sonorities and slow texture changes without climactic gestures.",qualification,,78,,4
p27_neutral_ambient__v13,"Neutral instrumental ambient focus music, soft steady pulse, gradual texture changes, no dramatic events, no vocals. Use a stable meter and quiet recurring figures with smooth phrase boundaries.",qualification,,78,,4
p27_neutral_ambient__v14,"Neutral instrumental ambient focus music, soft steady pulse, gradual texture changes, no dramatic events, no vocals. Maintain low distraction through simple voicing and gently evolving ambience.",qualification,,78,,4
p27_neutral_ambient__v15,"Neutral instrumental ambient focus music, soft steady pulse, gradual texture changes, no dramatic events, no vocals. Keep density moderate and consistent with no sudden pauses or prominent solos.",qualification,,78,,4
p27_neutral_ambient__v16,"Neutral instrumental ambient focus music, soft steady pulse, gradual texture changes, no dramatic events, no vocals. Use calm cyclical phrasing and subtle variation while preserving an even energy level.",qualification,,78,,4
p28_flowing_texture__v01,"Instrumental focus music with flowing soft textures, consistent pulse, understated motifs, seamless dynamics, no vocals. Keep the arrangement sparse and continuous with gradual eight-bar changes.",development,,86,,4
p28_flowing_texture__v02,"Instrumental focus music with flowing soft textures, consistent pulse, understated motifs, seamless dynamics, no vocals. Use a narrow melodic range and seamless transitions without dramatic accents.",development,,86,,4
p28_flowing_texture__v03,"Instrumental focus music with flowing soft textures, consistent pulse, understated motifs, seamless dynamics, no vocals. Maintain restrained dynamics and a stable background texture throughout.",development,,86,,4
p28_flowing_texture__v04,"Instrumental focus music with flowing soft textures, consistent pulse, understated motifs, seamless dynamics, no vocals. Emphasize gentle repetition with subtle timbral evolution and no breakdowns.",development,,86,,4
p28_flowing_texture__v05,"Instrumental focus music with flowing soft textures, consistent pulse, understated motifs, seamless dynamics, no vocals. Use smooth four-bar phrases and avoid abrupt harmonic or rhythmic changes.",development,,86,,4
p28_flowing_texture__v06,"Instrumental focus music with flowing soft textures, consistent pulse, understated motifs, seamless dynamics, no vocals. Keep the foreground minimal while the accompaniment remains even and predictable.",development,,86,,4
p28_flowing_texture__v07,"Instrumental focus music with flowing soft textures, consistent pulse, understated motifs, seamless dynamics, no vocals. Favor long connected layers with soft attacks and controlled high frequencies.",development,,86,,4
p28_flowing_texture__v08,"Instrumental focus music with flowing soft textures, consistent pulse, understated motifs, seamless dynamics, no vocals. Use understated recurring motifs with low contrast between adjacent sections.",development,,86,,4
p28_flowing_texture__v09,"Instrumental focus music with flowing soft textures, consistent pulse, understated motifs, seamless dynamics, no vocals. Maintain an unbroken concentration-friendly flow with restrained bass movement.",development,,86,,4
p28_flowing_texture__v10,"Instrumental focus music with flowing soft textures, consistent pulse, understated motifs, seamless dynamics, no vocals. Use gradual harmonic motion and a consistent pulse without fills or drops.",development,,86,,4
p28_flowing_texture__v11,"Instrumental focus music with flowing soft textures, consistent pulse, understated motifs, seamless dynamics, no vocals. Keep musical events evenly spaced with soft articulation and limited ornamentation.",development,,86,,4
p28_flowing_texture__v12,"Instrumental focus music with flowing soft textures, consistent pulse, understated motifs, seamless dynamics, no vocals. Favor warm balanced sonorities and slow texture changes without climactic gestures.",development,,86,,4
p28_flowing_texture__v13,"Instrumental focus music with flowing soft textures, consistent pulse, understated motifs, seamless dynamics, no vocals. Use a stable meter and quiet recurring figures with smooth phrase boundaries.",development,,86,,4
p28_flowing_texture__v14,"Instrumental focus music with flowing soft textures, consistent pulse, understated motifs, seamless dynamics, no vocals. Maintain low distraction through simple voicing and gently evolving ambience.",development,,86,,4
p28_flowing_texture__v15,"Instrumental focus music with flowing soft textures, consistent pulse, understated motifs, seamless dynamics, no vocals. Keep density moderate and consistent with no sudden pauses or prominent solos.",development,,86,,4
p28_flowing_texture__v16,"Instrumental focus music with flowing soft textures, consistent pulse, understated motifs, seamless dynamics, no vocals. Use calm cyclical phrasing and subtle variation while preserving an even energy level.",development,,86,,4
p29_light_percussion__v01,"Instrumental focus music with light percussion and warm pads, steady rhythm, restrained melody, no vocals. Keep the arrangement sparse and continuous with gradual eight-bar changes.",train,,96,,4
p29_light_percussion__v02,"Instrumental focus music with light percussion and warm pads, steady rhythm, restrained melody, no vocals. Use a narrow melodic range and seamless transitions without dramatic accents.",train,,96,,4
p29_light_percussion__v03,"Instrumental focus music with light percussion and warm pads, steady rhythm, restrained melody, no vocals. Maintain restrained dynamics and a stable background texture throughout.",train,,96,,4
p29_light_percussion__v04,"Instrumental focus music with light percussion and warm pads, steady rhythm, restrained melody, no vocals. Emphasize gentle repetition with subtle timbral evolution and no breakdowns.",train,,96,,4
p29_light_percussion__v05,"Instrumental focus music with light percussion and warm pads, steady rhythm, restrained melody, no vocals. Use smooth four-bar phrases and avoid abrupt harmonic or rhythmic changes.",train,,96,,4
p29_light_percussion__v06,"Instrumental focus music with light percussion and warm pads, steady rhythm, restrained melody, no vocals. Keep the foreground minimal while the accompaniment remains even and predictable.",train,,96,,4
p29_light_percussion__v07,"Instrumental focus music with light percussion and warm pads, steady rhythm, restrained melody, no vocals. Favor long connected layers with soft attacks and controlled high frequencies.",train,,96,,4
p29_light_percussion__v08,"Instrumental focus music with light percussion and warm pads, steady rhythm, restrained melody, no vocals. Use understated recurring motifs with low contrast between adjacent sections.",train,,96,,4
p29_light_percussion__v09,"Instrumental focus music with light percussion and warm pads, steady rhythm, restrained melody, no vocals. Maintain an unbroken concentration-friendly flow with restrained bass movement.",train,,96,,4
p29_light_percussion__v10,"Instrumental focus music with light percussion and warm pads, steady rhythm, restrained melody, no vocals. Use gradual harmonic motion and a consistent pulse without fills or drops.",train,,96,,4
p29_light_percussion__v11,"Instrumental focus music with light percussion and warm pads, steady rhythm, restrained melody, no vocals. Keep musical events evenly spaced with soft articulation and limited ornamentation.",train,,96,,4
p29_light_percussion__v12,"Instrumental focus music with light percussion and warm pads, steady rhythm, restrained melody, no vocals. Favor warm balanced sonorities and slow texture changes without climactic gestures.",train,,96,,4
p29_light_percussion__v13,"Instrumental focus music with light percussion and warm pads, steady rhythm, restrained melody, no vocals. Use a stable meter and quiet recurring figures with smooth phrase boundaries.",train,,96,,4
p29_light_percussion__v14,"Instrumental focus music with light percussion and warm pads, steady rhythm, restrained melody, no vocals. Maintain low distraction through simple voicing and gently evolving ambience.",train,,96,,4
p29_light_percussion__v15,"Instrumental focus music with light percussion and warm pads, steady rhythm, restrained melody, no vocals. Keep density moderate and consistent with no sudden pauses or prominent solos.",train,,96,,4
p29_light_percussion__v16,"Instrumental focus music with light percussion and warm pads, steady rhythm, restrained melody, no vocals. Use calm cyclical phrasing and subtle variation while preserving an even energy level.",train,,96,,4
p30_brushed_rhythm__v01,"Instrumental focus music with brushed rhythmic texture, even pulse, sparse harmony, controlled dynamics, no vocals. Keep the arrangement sparse and continuous with gradual eight-bar changes.",train,,90,,4
p30_brushed_rhythm__v02,"Instrumental focus music with brushed rhythmic texture, even pulse, sparse harmony, controlled dynamics, no vocals. Use a narrow melodic range and seamless transitions without dramatic accents.",train,,90,,4
p30_brushed_rhythm__v03,"Instrumental focus music with brushed rhythmic texture, even pulse, sparse harmony, controlled dynamics, no vocals. Maintain restrained dynamics and a stable background texture throughout.",train,,90,,4
p30_brushed_rhythm__v04,"Instrumental focus music with brushed rhythmic texture, even pulse, sparse harmony, controlled dynamics, no vocals. Emphasize gentle repetition with subtle timbral evolution and no breakdowns.",train,,90,,4
p30_brushed_rhythm__v05,"Instrumental focus music with brushed rhythmic texture, even pulse, sparse harmony, controlled dynamics, no vocals. Use smooth four-bar phrases and avoid abrupt harmonic or rhythmic changes.",train,,90,,4
p30_brushed_rhythm__v06,"Instrumental focus music with brushed rhythmic texture, even pulse, sparse harmony, controlled dynamics, no vocals. Keep the foreground minimal while the accompaniment remains even and predictable.",train,,90,,4
p30_brushed_rhythm__v07,"Instrumental focus music with brushed rhythmic texture, even pulse, sparse harmony, controlled dynamics, no vocals. Favor long connected layers with soft attacks and controlled high frequencies.",train,,90,,4
p30_brushed_rhythm__v08,"Instrumental focus music with brushed rhythmic texture, even pulse, sparse harmony, controlled dynamics, no vocals. Use understated recurring motifs with low contrast between adjacent sections.",train,,90,,4
p30_brushed_rhythm__v09,"Instrumental focus music with brushed rhythmic texture, even pulse, sparse harmony, controlled dynamics, no vocals. Maintain an unbroken concentration-friendly flow with restrained bass movement.",train,,90,,4
p30_brushed_rhythm__v10,"Instrumental focus music with brushed rhythmic texture, even pulse, sparse harmony, controlled dynamics, no vocals. Use gradual harmonic motion and a consistent pulse without fills or drops.",train,,90,,4
p30_brushed_rhythm__v11,"Instrumental focus music with brushed rhythmic texture, even pulse, sparse harmony, controlled dynamics, no vocals. Keep musical events evenly spaced with soft articulation and limited ornamentation.",train,,90,,4
p30_brushed_rhythm__v12,"Instrumental focus music with brushed rhythmic texture, even pulse, sparse harmony, controlled dynamics, no vocals. Favor warm balanced sonorities and slow texture changes without climactic gestures.",train,,90,,4
p30_brushed_rhythm__v13,"Instrumental focus music with brushed rhythmic texture, even pulse, sparse harmony, controlled dynamics, no vocals. Use a stable meter and quiet recurring figures with smooth phrase boundaries.",train,,90,,4
p30_brushed_rhythm__v14,"Instrumental focus music with brushed rhythmic texture, even pulse, sparse harmony, controlled dynamics, no vocals. Maintain low distraction through simple voicing and gently evolving ambience.",train,,90,,4
p30_brushed_rhythm__v15,"Instrumental focus music with brushed rhythmic texture, even pulse, sparse harmony, controlled dynamics, no vocals. Keep density moderate and consistent with no sudden pauses or prominent solos.",train,,90,,4
p30_brushed_rhythm__v16,"Instrumental focus music with brushed rhythmic texture, even pulse, sparse harmony, controlled dynamics, no vocals. Use calm cyclical phrasing and subtle variation while preserving an even energy level.",train,,90,,4
p31_subtle_polyrhythm__v01,"Instrumental focus music with subtle interlocking rhythm, stable meter, limited melodic motion, no vocals. Keep the arrangement sparse and continuous with gradual eight-bar changes.",calibration,,88,,4
p31_subtle_polyrhythm__v02,"Instrumental focus music with subtle interlocking rhythm, stable meter, limited melodic motion, no vocals. Use a narrow melodic range and seamless transitions without dramatic accents.",calibration,,88,,4
p31_subtle_polyrhythm__v03,"Instrumental focus music with subtle interlocking rhythm, stable meter, limited melodic motion, no vocals. Maintain restrained dynamics and a stable background texture throughout.",calibration,,88,,4
p31_subtle_polyrhythm__v04,"Instrumental focus music with subtle interlocking rhythm, stable meter, limited melodic motion, no vocals. Emphasize gentle repetition with subtle timbral evolution and no breakdowns.",calibration,,88,,4
p31_subtle_polyrhythm__v05,"Instrumental focus music with subtle interlocking rhythm, stable meter, limited melodic motion, no vocals. Use smooth four-bar phrases and avoid abrupt harmonic or rhythmic changes.",calibration,,88,,4
p31_subtle_polyrhythm__v06,"Instrumental focus music with subtle interlocking rhythm, stable meter, limited melodic motion, no vocals. Keep the foreground minimal while the accompaniment remains even and predictable.",calibration,,88,,4
p31_subtle_polyrhythm__v07,"Instrumental focus music with subtle interlocking rhythm, stable meter, limited melodic motion, no vocals. Favor long connected layers with soft attacks and controlled high frequencies.",calibration,,88,,4
p31_subtle_polyrhythm__v08,"Instrumental focus music with subtle interlocking rhythm, stable meter, limited melodic motion, no vocals. Use understated recurring motifs with low contrast between adjacent sections.",calibration,,88,,4
p31_subtle_polyrhythm__v09,"Instrumental focus music with subtle interlocking rhythm, stable meter, limited melodic motion, no vocals. Maintain an unbroken concentration-friendly flow with restrained bass movement.",calibration,,88,,4
p31_subtle_polyrhythm__v10,"Instrumental focus music with subtle interlocking rhythm, stable meter, limited melodic motion, no vocals. Use gradual harmonic motion and a consistent pulse without fills or drops.",calibration,,88,,4
p31_subtle_polyrhythm__v11,"Instrumental focus music with subtle interlocking rhythm, stable meter, limited melodic motion, no vocals. Keep musical events evenly spaced with soft articulation and limited ornamentation.",calibration,,88,,4
p31_subtle_polyrhythm__v12,"Instrumental focus music with subtle interlocking rhythm, stable meter, limited melodic motion, no vocals. Favor warm balanced sonorities and slow texture changes without climactic gestures.",calibration,,88,,4
p31_subtle_polyrhythm__v13,"Instrumental focus music with subtle interlocking rhythm, stable meter, limited melodic motion, no vocals. Use a stable meter and quiet recurring figures with smooth phrase boundaries.",calibration,,88,,4
p31_subtle_polyrhythm__v14,"Instrumental focus music with subtle interlocking rhythm, stable meter, limited melodic motion, no vocals. Maintain low distraction through simple voicing and gently evolving ambience.",calibration,,88,,4
p31_subtle_polyrhythm__v15,"Instrumental focus music with subtle interlocking rhythm, stable meter, limited melodic motion, no vocals. Keep density moderate and consistent with no sudden pauses or prominent solos.",calibration,,88,,4
p31_subtle_polyrhythm__v16,"Instrumental focus music with subtle interlocking rhythm, stable meter, limited melodic motion, no vocals. Use calm cyclical phrasing and subtle variation while preserving an even energy level.",calibration,,88,,4
p32_pulse_drone__v01,"Instrumental focus music with a soft pulse and warm drone, gradual harmonic movement, low distraction, no vocals. Keep the arrangement sparse and continuous with gradual eight-bar changes.",qualification,,82,,4
p32_pulse_drone__v02,"Instrumental focus music with a soft pulse and warm drone, gradual harmonic movement, low distraction, no vocals. Use a narrow melodic range and seamless transitions without dramatic accents.",qualification,,82,,4
p32_pulse_drone__v03,"Instrumental focus music with a soft pulse and warm drone, gradual harmonic movement, low distraction, no vocals. Maintain restrained dynamics and a stable background texture throughout.",qualification,,82,,4
p32_pulse_drone__v04,"Instrumental focus music with a soft pulse and warm drone, gradual harmonic movement, low distraction, no vocals. Emphasize gentle repetition with subtle timbral evolution and no breakdowns.",qualification,,82,,4
p32_pulse_drone__v05,"Instrumental focus music with a soft pulse and warm drone, gradual harmonic movement, low distraction, no vocals. Use smooth four-bar phrases and avoid abrupt harmonic or rhythmic changes.",qualification,,82,,4
p32_pulse_drone__v06,"Instrumental focus music with a soft pulse and warm drone, gradual harmonic movement, low distraction, no vocals. Keep the foreground minimal while the accompaniment remains even and predictable.",qualification,,82,,4
p32_pulse_drone__v07,"Instrumental focus music with a soft pulse and warm drone, gradual harmonic movement, low distraction, no vocals. Favor long connected layers with soft attacks and controlled high frequencies.",qualification,,82,,4
p32_pulse_drone__v08,"Instrumental focus music with a soft pulse and warm drone, gradual harmonic movement, low distraction, no vocals. Use understated recurring motifs with low contrast between adjacent sections.",qualification,,82,,4
p32_pulse_drone__v09,"Instrumental focus music with a soft pulse and warm drone, gradual harmonic movement, low distraction, no vocals. Maintain an unbroken concentration-friendly flow with restrained bass movement.",qualification,,82,,4
p32_pulse_drone__v10,"Instrumental focus music with a soft pulse and warm drone, gradual harmonic movement, low distraction, no vocals. Use gradual harmonic motion and a consistent pulse without fills or drops.",qualification,,82,,4
p32_pulse_drone__v11,"Instrumental focus music with a soft pulse and warm drone, gradual harmonic movement, low distraction, no vocals. Keep musical events evenly spaced with soft articulation and limited ornamentation.",qualification,,82,,4
p32_pulse_drone__v12,"Instrumental focus music with a soft pulse and warm drone, gradual harmonic movement, low distraction, no vocals. Favor warm balanced sonorities and slow texture changes without climactic gestures.",qualification,,82,,4
p32_pulse_drone__v13,"Instrumental focus music with a soft pulse and warm drone, gradual harmonic movement, low distraction, no vocals. Use a stable meter and quiet recurring figures with smooth phrase boundaries.",qualification,,82,,4
p32_pulse_drone__v14,"Instrumental focus music with a soft pulse and warm drone, gradual harmonic movement, low distraction, no vocals. Maintain low distraction through simple voicing and gently evolving ambience.",qualification,,82,,4
p32_pulse_drone__v15,"Instrumental focus music with a soft pulse and warm drone, gradual harmonic movement, low distraction, no vocals. Keep density moderate and consistent with no sudden pauses or prominent solos.",qualification,,82,,4
p32_pulse_drone__v16,"Instrumental focus music with a soft pulse and warm drone, gradual harmonic movement, low distraction, no vocals. Use calm cyclical phrasing and subtle variation while preserving an even energy level.",qualification,,82,,4
