segment_id,track_id,group,split,scale_seconds,modality,scale_bars,scale_label,eligible_scales,effective_seconds,h1_max_persistence,h1_total_persistence,h1_dominance,h1_gap,h1_count,h1_prominent_count,distance_scale,h1_surrogate_excess,null_h1_max_median,null_h1_dominance_median,null_h1_gap_median,surrogate_percentile,period_seconds,period_frames,delay_frames,embedding_span_seconds,available_cycles,point_count,landmark_count
classical_musicnet_1729__300s,classical_musicnet_1729,classical,discovery,300.0,acoustic,0,multiscale_mean,4,299.5,0.09469319880008698,1.8843767195940018,0.050415377752901225,0.013852953910827637,64.5,0.5,8.726293724204993,0.02003583312034607,0.0746573656797409,0.037792056478403835,0.005104556679725647,0.875,,,,,,550.0,64.0
classical_musicnet_1729__300s,classical_musicnet_1729,classical,discovery,300.0,acoustic,4,4_bars,1,299.5,0.10807156562805176,1.752087652683258,0.061681597642985565,0.01890963315963745,57.0,1.0,8.673797328182355,0.03041696548461914,0.07765460014343262,0.03788253463570604,0.0035927891731262207,1.0,7.43017578125,15.0,2.0,7.0,39.93333333333333,585.0,64.0
classical_musicnet_1729__300s,classical_musicnet_1729,classical,discovery,300.0,acoustic,8,8_bars,1,299.5,0.07512897253036499,1.6380347609519958,0.04586531026160971,0.0048735737800598145,56.0,0.0,8.677699347500752,0.0029988884925842285,0.07213008403778076,0.03900415106841011,0.004229128360748291,0.6,14.8603515625,30.0,4.0,14.0,19.966666666666665,571.0,64.0
classical_musicnet_1729__300s,classical_musicnet_1729,classical,discovery,300.0,acoustic,16,16_bars,1,299.5,0.107277512550354,2.2090530395507812,0.04856266944689081,0.024154961109161377,73.0,1.0,8.788473087581654,0.03157365322113037,0.07570385932922363,0.03541784002363761,0.0051310062408447266,1.0,29.720703125,59.0,7.0,24.5,10.152542372881356,550.0,64.0
classical_musicnet_1729__300s,classical_musicnet_1729,classical,discovery,300.0,acoustic,32,32_bars,1,299.5,0.08829474449157715,1.938331425189972,0.04555193366011881,0.007473647594451904,72.0,0.0,8.765205133555213,0.015153825283050537,0.07314091920852661,0.038863700185861584,0.00746530294418335,0.9,59.44140625,119.0,15.0,52.5,5.033613445378151,494.0,64.0
classical_musicnet_1729__300s,classical_musicnet_1729,classical,discovery,300.0,rhythm,0,multiscale_mean,4,299.5,0.09560485184192657,1.1984740197658539,0.08220054132614638,0.01691131293773651,42.0,0.25,12.409574305702034,0.009047627449035645,0.08655722439289093,0.06898014371693645,0.009943008422851562,0.725,,,,,,550.0,64.0
classical_musicnet_1729__300s,classical_musicnet_1729,classical,discovery,300.0,rhythm,4,4_bars,1,299.5,0.08950108289718628,0.9977750182151794,0.08970066524343921,0.00444185733795166,39.0,0.0,12.626023014819463,0.0035463571548461914,0.08595472574234009,0.06817365068085769,0.008015751838684082,0.6,7.43017578125,15.0,2.0,7.0,39.93333333333333,585.0,64.0
classical_musicnet_1729__300s,classical_musicnet_1729,classical,discovery,300.0,rhythm,8,8_bars,1,299.5,0.09830999374389648,1.2078834176063538,0.08139030001646688,0.014086484909057617,39.0,0.0,12.473369763723262,0.011303722858428955,0.08700627088546753,0.0756615264427089,0.009227514266967773,0.7,14.8603515625,30.0,4.0,14.0,19.966666666666665,571.0,64.0
classical_musicnet_1729__300s,classical_musicnet_1729,classical,discovery,300.0,rhythm,16,16_bars,1,299.5,0.09318238496780396,1.5482404232025146,0.060185991510967936,0.004708647727966309,45.0,0.0,12.726727247293578,0.006553530693054199,0.08662885427474976,0.0637182432577153,0.009719789028167725,0.7,29.720703125,59.0,7.0,24.5,10.152542372881356,550.0,64.0
classical_musicnet_1729__300s,classical_musicnet_1729,classical,discovery,300.0,rhythm,32,32_bars,1,299.5,0.10142594575881958,1.0399972200393677,0.09752520853371151,0.04440826177597046,45.0,1.0,11.81217719697183,0.014786899089813232,0.08663904666900635,0.0683671544864639,0.01280897855758667,0.9,59.44140625,119.0,15.0,52.5,5.033613445378151,494.0,64.0
classical_musicnet_1739__300s,classical_musicnet_1739,classical,discovery,300.0,acoustic,0,multiscale_mean,4,299.5,0.12081225216388702,1.6758819073438644,0.0716443965856177,0.024323150515556335,55.0,1.25,9.747347746016803,0.03880801796913147,0.08200423419475555,0.05310247423913145,0.007020384073257446,0.9,,,,,,536.0,64.0
classical_musicnet_1739__300s,classical_musicnet_1739,classical,discovery,300.0,acoustic,4,4_bars,1,299.5,0.10744529962539673,1.8256765007972717,0.05885232108671796,0.01936483383178711,53.0,1.0,9.499484970281255,0.01985114812850952,0.08759415149688721,0.06346014558231176,0.004974186420440674,0.9,9.65966796875,19.0,2.0,7.0,31.526315789473685,585.0,64.0
classical_musicnet_1739__300s,classical_musicnet_1739,classical,discovery,300.0,acoustic,8,8_bars,1,299.5,0.08470851182937622,1.3671193718910217,0.0619613133798302,0.01701265573501587,53.0,0.0,10.02258791389243,0.007862567901611328,0.07684594392776489,0.05276856288475342,0.004151403903961182,0.7,19.3193359375,39.0,5.0,17.5,15.35897435897436,564.0,64.0
classical_musicnet_1739__300s,classical_musicnet_1739,classical,discovery,300.0,acoustic,16,16_bars,1,299.5,0.16775357723236084,1.760147213935852,0.09530656066957509,0.0418398380279541,58.0,2.0,9.873238721819817,0.08509403467178345,0.08265954256057739,0.04851607564633921,0.010714948177337646,1.0,38.638671875,77.0,10.0,35.0,7.779220779220779,529.0,64.0
classical_musicnet_1739__300s,classical_musicnet_1739,classical,discovery,300.0,acoustic,32,32_bars,1,299.5,0.1233416199684143,1.7505845427513123,0.07045739120634759,0.01907527446746826,56.0,2.0,9.59407937807371,0.04242432117462158,0.08091729879379272,0.0476651128431214,0.008240997791290283,1.0,77.27734375,155.0,19.0,66.5,3.8645161290322583,466.0,64.0
classical_musicnet_1739__300s,classical_musicnet_1739,classical,discovery,300.0,rhythm,0,multiscale_mean,4,299.5,0.09496553242206573,2.3022214621305466,0.042549414833834336,0.004209846258163452,67.0,0.5,9.299453915366998,-0.003005892038345337,0.09797142446041107,0.044463613331972685,0.010774627327919006,0.5,,,,,,536.0,64.0
classical_musicnet_1739__300s,classical_musicnet_1739,classical,discovery,300.0,rhythm,4,4_bars,1,299.5,0.10343104600906372,2.421308994293213,0.04271699574603676,0.00436776876449585,68.0,1.0,9.252378949582873,0.0021913647651672363,0.10123968124389648,0.04737439731468901,0.009772539138793945,0.7,9.65966796875,19.0,2.0,7.0,31.526315789473685,585.0,64.0
classical_musicnet_1739__300s,classical_musicnet_1739,classical,discovery,300.0,rhythm,8,8_bars,1,299.5,0.08842885494232178,1.684349775314331,0.05250029194548935,0.003597259521484375,55.0,0.0,9.4429578980556,-0.005698263645172119,0.0941271185874939,0.041625891623594986,0.006596028804779053,0.4,19.3193359375,39.0,5.0,17.5,15.35897435897436,564.0,64.0
classical_musicnet_1739__300s,classical_musicnet_1739,classical,discovery,300.0,rhythm,16,16_bars,1,299.5,0.10091859102249146,2.9923649430274963,0.03372536202766366,0.0014208555221557617,80.0,1.0,9.388452187893648,0.0032118558883666992,0.09770673513412476,0.04585840801849921,0.012838006019592285,0.7,38.638671875,77.0,10.0,35.0,7.779220779220779,529.0,64.0
classical_musicnet_1739__300s,classical_musicnet_1739,classical,discovery,300.0,rhythm,32,32_bars,1,299.5,0.08708363771438599,2.110862135887146,0.04125500961614756,0.007453501224517822,65.0,0.0,9.114026625935871,-0.011728525161743164,0.09881216287612915,0.04299575637110754,0.013891935348510742,0.2,77.27734375,155.0,19.0,66.5,3.8645161290322583,466.0,64.0
classical_musicnet_1765__300s,classical_musicnet_1765,classical,discovery,300.0,acoustic,0,multiscale_mean,4,299.5,0.09128996729850769,1.9413592219352722,0.047390438613221605,0.0036092400550842285,60.75,0.75,9.126119934592944,-0.0004621148109436035,0.0917520821094513,0.04710285921068617,0.010283201932907104,0.525,,,,,,544.75,64.0
classical_musicnet_1765__300s,classical_musicnet_1765,classical,discovery,300.0,acoustic,4,4_bars,1,299.5,0.10326504707336426,1.7592159509658813,0.058699471782681104,0.00866001844406128,57.0,1.0,9.08898434616908,0.015075504779815674,0.08818954229354858,0.05064310530816631,0.01190042495727539,0.9,8.544921875,17.0,2.0,7.0,35.23529411764706,585.0,64.0
classical_musicnet_1765__300s,classical_musicnet_1765,classical,discovery,300.0,acoustic,8,8_bars,1,299.5,0.07808881998062134,2.078811824321747,0.037564160000917515,0.0016841888427734375,63.0,0.0,9.12310081840782,-0.012091457843780518,0.09018027782440186,0.04297669590214554,0.00957953929901123,0.2,17.08984375,34.0,4.0,14.0,17.61764705882353,571.0,64.0
classical_musicnet_1765__300s,classical_musicnet_1765,classical,discovery,300.0,acoustic,16,16_bars,1,299.5,0.10402578115463257,2.1595027446746826,0.048171173392189175,0.0025032758712768555,67.0,2.0,9.253197555302556,0.009720146656036377,0.09430563449859619,0.05161806632632017,0.010729730129241943,0.8,34.1796875,68.0,8.0,28.0,8.808823529411764,543.0,64.0
classical_musicnet_1765__300s,classical_musicnet_1765,classical,discovery,300.0,acoustic,32,32_bars,1,299.5,0.0797802209854126,1.767906367778778,0.045126949277098635,0.0015894770622253418,56.0,0.0,9.039197018492326,-0.014552652835845947,0.09433287382125854,0.04317356930611263,0.008923113346099854,0.2,68.359375,137.0,17.0,59.5,4.372262773722627,480.0,64.0
classical_musicnet_1765__300s,classical_musicnet_1765,classical,discovery,300.0,rhythm,0,multiscale_mean,4,299.5,0.09130750596523285,2.031680628657341,0.04520851900563314,0.007736697793006897,67.0,0.0,10.24452687967083,-0.0013855993747711182,0.09269310534000397,0.0487408602748977,0.008181855082511902,0.5,,,,,,544.75,64.0
classical_musicnet_1765__300s,classical_musicnet_1765,classical,discovery,300.0,rhythm,4,4_bars,1,299.5,0.08917415142059326,1.7878478169441223,0.049877931765475496,0.007313847541809082,62.0,0.0,10.055577383852757,0.002326071262359619,0.08684808015823364,0.04634979528595138,0.008242487907409668,0.6,8.544921875,17.0,2.0,7.0,35.23529411764706,585.0,64.0
classical_musicnet_1765__300s,classical_musicnet_1765,classical,discovery,300.0,rhythm,8,8_bars,1,299.5,0.09925490617752075,2.0532578825950623,0.04834020461768539,0.01267862319946289,56.0,0.0,10.478106334325446,-0.0017594695091247559,0.10101437568664551,0.04828775260240309,0.010781466960906982,0.5,17.08984375,34.0,4.0,14.0,17.61764705882353,571.0,64.0
classical_musicnet_1765__300s,classical_musicnet_1765,classical,discovery,300.0,rhythm,16,16_bars,1,299.5,0.07933521270751953,1.8989760279655457,0.041777890578489685,0.008801400661468506,75.0,0.0,10.170525883074632,-0.004909396171569824,0.08424460887908936,0.05013927839386579,0.006746053695678711,0.4,34.1796875,68.0,8.0,28.0,8.808823529411764,543.0,64.0
classical_musicnet_1765__300s,classical_musicnet_1765,classical,discovery,300.0,rhythm,32,32_bars,1,299.5,0.09746575355529785,2.386640787124634,0.04083804906088201,0.0021529197692871094,75.0,0.0,10.273897917430489,-0.0011996030807495117,0.09866535663604736,0.050186614817370544,0.006957411766052246,0.5,68.359375,137.0,17.0,59.5,4.372262773722627,480.0,64.0
classical_musicnet_1811__300s,classical_musicnet_1811,classical,discovery,300.0,acoustic,0,multiscale_mean,4,299.5,0.122611403465271,1.3893790394067764,0.08941449240512596,0.024515211582183838,44.25,1.0,8.873206674894313,0.034561872482299805,0.08804953098297119,0.049214364127003474,0.0099477618932724,0.925,,,,,,550.0,64.0
classical_musicnet_1811__300s,classical_musicnet_1811,classical,discovery,300.0,acoustic,4,4_bars,1,299.5,0.09670960903167725,1.555242121219635,0.062182992417821534,0.010704517364501953,49.0,0.0,8.606868307458173,0.00592571496963501,0.09078389406204224,0.05781950153954538,0.01437145471572876,0.7,7.430419921875,15.0,2.0,7.0,39.93333333333333,585.0,64.0
classical_musicnet_1811__300s,classical_musicnet_1811,classical,discovery,300.0,acoustic,8,8_bars,1,299.5,0.1016228199005127,1.3613111972808838,0.07465068979341138,0.03354448080062866,51.0,1.0,8.793327576978832,0.008602380752563477,0.09302043914794922,0.044738420481341405,0.007325947284698486,1.0,14.86083984375,30.0,4.0,14.0,19.966666666666665,571.0,64.0
classical_musicnet_1811__300s,classical_musicnet_1811,classical,discovery,300.0,acoustic,16,16_bars,1,299.5,0.16027092933654785,1.3525860905647278,0.11849222053557568,0.01864635944366455,39.0,2.0,9.092112321635181,0.07769036293029785,0.08258056640625,0.04273106724870918,0.006777763366699219,1.0,29.7216796875,59.0,7.0,24.5,10.152542372881356,550.0,64.0
classical_musicnet_1811__300s,classical_musicnet_1811,classical,discovery,300.0,acoustic,32,32_bars,1,299.5,0.1318422555923462,1.2883767485618591,0.10233206687369523,0.035165488719940186,38.0,1.0,9.000518493505066,0.04602903127670288,0.08581322431564331,0.051568467238417945,0.011315882205963135,1.0,59.443359375,119.0,15.0,52.5,5.033613445378151,494.0,64.0
classical_musicnet_1811__300s,classical_musicnet_1811,classical,discovery,300.0,rhythm,0,multiscale_mean,4,299.5,0.07948456704616547,1.2172201722860336,0.06498136722652892,0.011419892311096191,43.75,0.0,12.762827354610593,-0.004713520407676697,0.08419808745384216,0.06559930901453265,0.008545875549316406,0.55,,,,,,550.0,64.0
classical_musicnet_1811__300s,classical_musicnet_1811,classical,discovery,300.0,rhythm,4,4_bars,1,299.5,0.08987486362457275,1.200165569782257,0.07488538738940705,0.01945674419403076,47.0,0.0,12.555347296836572,0.008755266666412354,0.0811195969581604,0.06471910011908466,0.011366069316864014,0.8,7.430419921875,15.0,2.0,7.0,39.93333333333333,585.0,64.0
classical_musicnet_1811__300s,classical_musicnet_1811,classical,discovery,300.0,rhythm,8,8_bars,1,299.5,0.07289588451385498,1.2130470871925354,0.060093202715291553,0.014666974544525146,41.0,0.0,12.60260026032445,-0.020472824573516846,0.09336870908737183,0.07435836132962817,0.010172605514526367,0.4,14.86083984375,30.0,4.0,14.0,19.966666666666665,571.0,64.0
classical_musicnet_1811__300s,classical_musicnet_1811,classical,discovery,300.0,rhythm,16,16_bars,1,299.5,0.060963213443756104,1.0732896327972412,0.05680033756114075,0.009320855140686035,43.0,0.0,12.801344209657529,-0.016859889030456543,0.07782310247421265,0.05971964019266626,0.007295370101928711,0.2,29.7216796875,59.0,7.0,24.5,10.152542372881356,550.0,64.0
classical_musicnet_1811__300s,classical_musicnet_1811,classical,discovery,300.0,rhythm,32,32_bars,1,299.5,0.09420430660247803,1.3823783993721008,0.06814654124027632,0.0022349953651428223,44.0,0.0,13.09201765162382,0.009723365306854248,0.08448094129562378,0.0636001344167515,0.005349457263946533,0.8,59.443359375,119.0,15.0,52.5,5.033613445378151,494.0,64.0
classical_musicnet_2081__300s,classical_musicnet_2081,classical,discovery,300.0,acoustic,0,multiscale_mean,4,298.5,0.09535807371139526,1.8368136435747147,0.05211093069727009,0.013478890061378479,63.5,0.25,9.466177781132622,0.01154986023902893,0.08380821347236633,0.05113989398394612,0.007958337664604187,0.75,,,,,,548.0,64.0
classical_musicnet_2081__300s,classical_musicnet_2081,classical,discovery,300.0,acoustic,4,4_bars,1,298.5,0.08606511354446411,1.5902553796768188,0.05412030963350979,0.004936814308166504,54.0,0.0,9.548424822593585,-0.002059638500213623,0.08812475204467773,0.0552708889743778,0.007698535919189453,0.4,7.430419921875,15.0,2.0,7.0,39.8,583.0,64.0
classical_musicnet_2081__300s,classical_musicnet_2081,classical,discovery,300.0,acoustic,8,8_bars,1,298.5,0.09666848182678223,1.9631224274635315,0.049242207451974114,0.017548978328704834,67.0,0.0,9.561905106445286,0.010841608047485352,0.08582687377929688,0.053297419214161576,0.007228076457977295,1.0,14.86083984375,30.0,4.0,14.0,19.9,569.0,64.0
classical_musicnet_2081__300s,classical_musicnet_2081,classical,discovery,300.0,acoustic,16,16_bars,1,298.5,0.09239804744720459,1.9565594792366028,0.04722475775858132,0.015544116497039795,71.0,0.0,9.290474304001613,0.011751115322113037,0.08064693212509155,0.04745578961397897,0.005285024642944336,0.6,29.7216796875,59.0,7.0,24.5,10.11864406779661,548.0,64.0
classical_musicnet_2081__300s,classical_musicnet_2081,classical,discovery,300.0,acoustic,32,32_bars,1,298.5,0.10630065202713013,1.8373172879219055,0.05785644794501514,0.015885651111602783,62.0,1.0,9.463906891490002,0.025666356086730957,0.08063429594039917,0.048535478133266106,0.011621713638305664,1.0,59.443359375,119.0,15.0,52.5,5.016806722689076,492.0,64.0
classical_musicnet_2081__300s,classical_musicnet_2081,classical,discovery,300.0,rhythm,0,multiscale_mean,4,298.5,0.08767138421535492,1.541065275669098,0.056667299565480916,0.016692757606506348,57.25,0.5,10.499384824739842,-0.002484142780303955,0.09015552699565887,0.05962404532615967,0.008354172110557556,0.525,,,,,,548.0,64.0
classical_musicnet_2081__300s,classical_musicnet_2081,classical,discovery,300.0,rhythm,4,4_bars,1,298.5,0.063662588596344,1.2649379968643188,0.05032862381726101,0.004812955856323242,52.0,0.0,10.242478457202646,-0.025902628898620605,0.0895652174949646,0.07085631058748791,0.009250819683074951,0.1,7.430419921875,15.0,2.0,7.0,39.8,583.0,64.0
classical_musicnet_2081__300s,classical_musicnet_2081,classical,discovery,300.0,rhythm,8,8_bars,1,298.5,0.10389363765716553,1.5318685173988342,0.06782151110043082,0.030694544315338135,58.0,1.0,10.356354026156417,0.01667308807373047,0.08722054958343506,0.05492980159557161,0.00612872838973999,0.8,14.86083984375,30.0,4.0,14.0,19.9,569.0,64.0
classical_musicnet_2081__300s,classical_musicnet_2081,classical,discovery,300.0,rhythm,16,16_bars,1,298.5,0.08195501565933228,1.5572705268859863,0.05262734652996647,0.006850600242614746,56.0,0.0,10.814451062029264,-0.005463778972625732,0.08741879463195801,0.05343042948875498,0.0049225687980651855,0.4,29.7216796875,59.0,7.0,24.5,10.11864406779661,548.0,64.0
classical_musicnet_2081__300s,classical_musicnet_2081,classical,discovery,300.0,rhythm,32,32_bars,1,298.5,0.10117429494857788,1.8101840615272522,0.05589171681426536,0.024412930011749268,63.0,1.0,10.584255753571043,0.004756748676300049,0.09641754627227783,0.05927963963282417,0.013114571571350098,0.8,59.443359375,119.0,15.0,52.5,5.016806722689076,492.0,64.0
classical_musicnet_2131__300s,classical_musicnet_2131,classical,discovery,300.0,acoustic,0,multiscale_mean,4,273.5,0.0882253646850586,1.881200835108757,0.04693958737439227,0.009748145937919617,66.0,0.25,9.362050021800453,0.00866749882698059,0.079557865858078,0.05307178595927206,0.009329408407211304,0.7500000000000001,,,,,,494.5,64.0
classical_musicnet_2131__300s,classical_musicnet_2131,classical,discovery,300.0,acoustic,4,4_bars,1,273.5,0.07882225513458252,1.7887824773788452,0.044064751377754466,0.004264473915100098,60.0,0.0,9.422947213997428,0.002599358558654785,0.07622289657592773,0.05611439660271858,0.004164695739746094,0.8,8.17333984375,16.0,2.0,7.0,34.1875,533.0,64.0
classical_musicnet_2131__300s,classical_musicnet_2131,classical,discovery,300.0,acoustic,8,8_bars,1,273.5,0.10444998741149902,1.988290786743164,0.05253255112778998,0.01734912395477295,65.0,1.0,9.429248741195972,0.027855396270751953,0.07659459114074707,0.04666356494524562,0.007339179515838623,0.9,16.3466796875,33.0,4.0,14.0,16.575757575757574,519.0,64.0
classical_musicnet_2131__300s,classical_musicnet_2131,classical,discovery,300.0,acoustic,16,16_bars,1,273.5,0.08421117067337036,1.7104241847991943,0.04923408556881277,0.0021331310272216797,67.0,0.0,9.35415190386777,0.0006267428398132324,0.08358442783355713,0.05615260089322537,0.01094895601272583,0.7,32.693359375,65.0,8.0,28.0,8.415384615384616,491.0,64.0
classical_musicnet_2131__300s,classical_musicnet_2131,classical,discovery,300.0,acoustic,32,32_bars,1,273.5,0.08541804552078247,2.0373058915138245,0.04192696142321191,0.01524585485458374,72.0,0.0,9.241852228140637,0.0035884976387023926,0.08182954788208008,0.053356581395898675,0.014864802360534668,0.6,65.38671875,131.0,16.0,56.0,4.175572519083969,435.0,64.0
classical_musicnet_2131__300s,classical_musicnet_2131,classical,discovery,300.0,rhythm,0,multiscale_mean,4,273.5,0.09412305057048798,1.421055182814598,0.06685112723456864,0.01758211851119995,48.5,0.25,11.245385447433677,0.004410192370414734,0.08971285820007324,0.07366647130332211,0.014169096946716309,0.55,,,,,,494.5,64.0
classical_musicnet_2131__300s,classical_musicnet_2131,classical,discovery,300.0,rhythm,4,4_bars,1,273.5,0.0880475640296936,1.1552996039390564,0.07621188800679121,0.012270331382751465,43.0,0.0,11.61739411275196,0.0031595826148986816,0.08488798141479492,0.07260691627086424,0.011065185070037842,0.6,8.17333984375,16.0,2.0,7.0,34.1875,533.0,64.0
classical_musicnet_2131__300s,classical_musicnet_2131,classical,discovery,300.0,rhythm,8,8_bars,1,273.5,0.11022579669952393,1.5610202550888062,0.07061138146042391,0.023925364017486572,49.0,1.0,11.096324824356536,0.026000022888183594,0.08422577381134033,0.07382575601694932,0.00953221321105957,0.8,16.3466796875,33.0,4.0,14.0,16.575757575757574,519.0,64.0
classical_musicnet_2131__300s,classical_musicnet_2131,classical,discovery,300.0,rhythm,16,16_bars,1,273.5,0.08252125978469849,1.5380250811576843,0.05365404036362271,0.01434260606765747,58.0,0.0,11.115284162997616,-0.01067429780960083,0.09319555759429932,0.0739356864523539,0.02388596534729004,0.3,32.693359375,65.0,8.0,28.0,8.415384615384616,491.0,64.0
classical_musicnet_2131__300s,classical_musicnet_2131,classical,discovery,300.0,rhythm,32,32_bars,1,273.5,0.09569758176803589,1.4298757910728455,0.0669271991074367,0.019790172576904297,44.0,0.0,11.152538689628589,-0.0008445382118225098,0.0965421199798584,0.074297526473121,0.012193024158477783,0.5,65.38671875,131.0,16.0,56.0,4.175572519083969,435.0,64.0
classical_musicnet_2138__300s,classical_musicnet_2138,classical,discovery,300.0,acoustic,0,multiscale_mean,4,299.5,0.1042073518037796,1.8468354493379593,0.055834705834079075,0.01155976951122284,57.25,1.0,8.972603738219508,0.018457844853401184,0.08574950695037842,0.0416484003473503,0.00513128936290741,0.75,,,,,,550.0,64.0
classical_musicnet_2138__300s,classical_musicnet_2138,classical,discovery,300.0,acoustic,4,4_bars,1,299.5,0.14054036140441895,2.1282782554626465,0.06603476826570696,0.016961216926574707,52.0,3.0,8.888635169461057,0.04031139612197876,0.10022896528244019,0.0421440495057113,0.005429327487945557,1.0,7.43017578125,15.0,2.0,7.0,39.93333333333333,585.0,64.0
classical_musicnet_2138__300s,classical_musicnet_2138,classical,discovery,300.0,acoustic,8,8_bars,1,299.5,0.09394651651382446,1.711526095867157,0.054890496113777214,0.0160524845123291,53.0,0.0,9.0864979462004,0.010444343090057373,0.08350217342376709,0.04396221713474089,0.006217837333679199,0.7,14.8603515625,30.0,4.0,14.0,19.966666666666665,571.0,64.0
classical_musicnet_2138__300s,classical_musicnet_2138,classical,discovery,300.0,acoustic,16,16_bars,1,299.5,0.10241580009460449,1.8976582884788513,0.05396956908227151,0.0055733323097229,65.0,1.0,8.904804186949235,0.025242328643798828,0.07717347145080566,0.04228784316575644,0.0037081241607666016,1.0,29.720703125,59.0,7.0,24.5,10.152542372881356,550.0,64.0
classical_musicnet_2138__300s,classical_musicnet_2138,classical,discovery,300.0,acoustic,32,32_bars,1,299.5,0.07992672920227051,1.6498791575431824,0.048443989874560604,0.0076520442962646484,59.0,0.0,9.010477650267344,-0.0021666884422302246,0.08209341764450073,0.038199491583192594,0.005169868469238281,0.3,59.44140625,119.0,15.0,52.5,5.033613445378151,494.0,64.0
classical_musicnet_2138__300s,classical_musicnet_2138,classical,discovery,300.0,rhythm,0,multiscale_mean,4,299.5,0.08060845732688904,1.8236724138259888,0.044904448391807496,0.006600543856620789,66.0,0.0,10.995880902450152,-0.008869260549545288,0.08947771787643433,0.04583719101651706,0.008943721652030945,0.375,,,,,,550.0,64.0
classical_musicnet_2138__300s,classical_musicnet_2138,classical,discovery,300.0,rhythm,4,4_bars,1,299.5,0.0953066349029541,1.6406004428863525,0.05809253271642337,0.011034131050109863,63.0,0.0,10.828115232881238,0.004407763481140137,0.09089887142181396,0.051412517142141186,0.014749109745025635,0.8,7.43017578125,15.0,2.0,7.0,39.93333333333333,585.0,64.0
classical_musicnet_2138__300s,classical_musicnet_2138,classical,discovery,300.0,rhythm,8,8_bars,1,299.5,0.0763859748840332,1.8527660369873047,0.04122807378757915,0.004773378372192383,65.0,0.0,10.888344309619336,-0.012653350830078125,0.08903932571411133,0.04463050407848819,0.007108211517333984,0.3,14.8603515625,30.0,4.0,14.0,19.966666666666665,571.0,64.0
classical_musicnet_2138__300s,classical_musicnet_2138,classical,discovery,300.0,rhythm,16,16_bars,1,299.5,0.0806015133857727,2.186401844024658,0.03686491282746269,0.009538114070892334,74.0,0.0,10.987997451312317,-0.011107444763183594,0.0917089581489563,0.0461329505544034,0.010946452617645264,0.2,29.720703125,59.0,7.0,24.5,10.152542372881356,550.0,64.0
classical_musicnet_2138__300s,classical_musicnet_2138,classical,discovery,300.0,rhythm,32,32_bars,1,299.5,0.07013970613479614,1.6149213314056396,0.043432274235764796,0.0010565519332885742,62.0,0.0,11.279066615987714,-0.01612401008605957,0.08626371622085571,0.04117279229103546,0.0029711127281188965,0.2,59.44140625,119.0,15.0,52.5,5.033613445378151,494.0,64.0
classical_musicnet_2149__300s,classical_musicnet_2149,classical,discovery,300.0,acoustic,0,multiscale_mean,4,299.5,0.09441722929477692,1.748001679778099,0.05558052655727111,0.012797176837921143,63.75,0.25,9.400388331099716,0.014782652258872986,0.07963457703590393,0.03526840594587743,0.006003022193908691,0.825,,,,,,546.5,64.0
classical_musicnet_2149__300s,classical_musicnet_2149,classical,discovery,300.0,acoustic,4,4_bars,1,299.5,0.09282302856445312,1.7158467769622803,0.054097504398840424,0.005534112453460693,62.0,0.0,9.458307178560723,0.014157116413116455,0.07866591215133667,0.035827456397568645,0.0074089765548706055,1.0,8.17333984375,16.0,2.0,7.0,37.4375,585.0,64.0
classical_musicnet_2149__300s,classical_musicnet_2149,classical,discovery,300.0,acoustic,8,8_bars,1,299.5,0.09370726346969604,1.2699123620986938,0.07379033881899749,0.004029631614685059,50.0,0.0,9.299933786555204,0.012275218963623047,0.081432044506073,0.03322621630373736,0.0057312846183776855,0.8,16.3466796875,33.0,4.0,14.0,18.151515151515152,571.0,64.0
classical_musicnet_2149__300s,classical_musicnet_2149,classical,discovery,300.0,acoustic,16,16_bars,1,299.5,0.07602006196975708,1.8270824551582336,0.04160735152107484,0.0018913745880126953,65.0,0.0,9.518384358594748,-0.0016181468963623047,0.07763820886611938,0.03393884133419607,0.0041201114654541016,0.5,32.693359375,65.0,8.0,28.0,9.215384615384615,543.0,64.0
classical_musicnet_2149__300s,classical_musicnet_2149,classical,discovery,300.0,acoustic,32,32_bars,1,299.5,0.11511856317520142,2.1791651248931885,0.05282691149017169,0.03973358869552612,78.0,1.0,9.324928000688192,0.034316420555114746,0.08080214262008667,0.03808110974800765,0.006751716136932373,1.0,65.38671875,131.0,16.0,56.0,4.572519083969466,487.0,64.0
classical_musicnet_2149__300s,classical_musicnet_2149,classical,discovery,300.0,rhythm,0,multiscale_mean,4,299.5,0.09324012696743011,1.829412117600441,0.05197120466024523,0.014730989933013916,62.75,0.25,12.238612811626144,0.00578664243221283,0.08745348453521729,0.04955098182462364,0.008502274751663208,0.575,,,,,,546.5,64.0
classical_musicnet_2149__300s,classical_musicnet_2149,classical,discovery,300.0,rhythm,4,4_bars,1,299.5,0.08561933040618896,1.3002497553825378,0.06584837263130226,0.021374285221099854,47.0,0.0,12.333832249883853,-0.018300294876098633,0.1039196252822876,0.052106070225969005,0.01287001371383667,0.2,8.17333984375,16.0,2.0,7.0,37.4375,585.0,64.0
classical_musicnet_2149__300s,classical_musicnet_2149,classical,discovery,300.0,rhythm,8,8_bars,1,299.5,0.11867725849151611,2.178525388240814,0.05447595843138162,0.033780694007873535,69.0,1.0,12.219134213269413,0.03852802515029907,0.08014923334121704,0.049184262240333156,0.0038773417472839355,1.0,16.3466796875,33.0,4.0,14.0,18.151515151515152,571.0,64.0
classical_musicnet_2149__300s,classical_musicnet_2149,classical,discovery,300.0,rhythm,16,16_bars,1,299.5,0.09830069541931152,1.9677881002426147,0.04995491913341265,0.0019237995147705078,62.0,0.0,12.008002504863512,0.006867706775665283,0.09143298864364624,0.051532290704943404,0.0103532075881958,0.8,32.693359375,65.0,8.0,28.0,9.215384615384615,543.0,64.0
classical_musicnet_2149__300s,classical_musicnet_2149,classical,discovery,300.0,rhythm,32,32_bars,1,299.5,0.07036322355270386,1.8710852265357971,0.03760556844488435,0.0018451809883117676,73.0,0.0,12.393482278487792,-0.003948867321014404,0.07431209087371826,0.04538130412724901,0.006908535957336426,0.3,65.38671875,131.0,16.0,56.0,4.572519083969466,487.0,64.0
classical_musicnet_2151__300s,classical_musicnet_2151,classical,discovery,300.0,acoustic,0,multiscale_mean,4,299.5,0.1465209573507309,1.7247441411018372,0.09205142619866735,0.0505819171667099,54.75,1.25,9.040070237672548,0.06241047382354736,0.08411048352718353,0.034616240900032166,0.008085906505584717,0.975,,,,,,555.25,64.0
classical_musicnet_2151__300s,classical_musicnet_2151,classical,discovery,300.0,acoustic,4,4_bars,1,299.5,0.15484291315078735,1.496590793132782,0.10346376167840639,0.03589046001434326,47.0,2.0,8.961759256171069,0.0697627067565918,0.08508020639419556,0.03538738076174862,0.00745922327041626,1.0,6.687255859375,13.0,2.0,7.0,46.07692307692308,585.0,64.0
classical_musicnet_2151__300s,classical_musicnet_2151,classical,discovery,300.0,acoustic,8,8_bars,1,299.5,0.20470845699310303,1.3272384405136108,0.15423638341418558,0.1360771656036377,46.0,1.0,9.07609516512829,0.11809039115905762,0.08661806583404541,0.03672582347293665,0.006337761878967285,1.0,13.37451171875,27.0,3.0,10.5,22.185185185185187,578.0,64.0
classical_musicnet_2151__300s,classical_musicnet_2151,classical,discovery,300.0,acoustic,16,16_bars,1,299.5,0.09522384405136108,1.9118597507476807,0.04980691916032095,0.012169241905212402,65.0,0.0,9.012082524681365,0.013171672821044922,0.08205217123031616,0.030263002518320096,0.0072318315505981445,0.9,26.7490234375,53.0,7.0,24.5,11.30188679245283,550.0,64.0
classical_musicnet_2151__300s,classical_musicnet_2151,classical,discovery,300.0,acoustic,32,32_bars,1,299.5,0.13130861520767212,2.163287580013275,0.06069864054175651,0.01819080114364624,61.0,2.0,9.110344004709475,0.04861712455749512,0.082691490650177,0.03608875684712331,0.011314809322357178,1.0,53.498046875,107.0,13.0,45.5,5.598130841121495,508.0,64.0
classical_musicnet_2151__300s,classical_musicnet_2151,classical,discovery,300.0,rhythm,0,multiscale_mean,4,299.5,0.09491273760795593,2.0908419489860535,0.046693980075408044,0.009288802742958069,67.75,0.5,9.727939623991528,0.006514906883239746,0.08839783072471619,0.04017516850175904,0.008990645408630371,0.7749999999999999,,,,,,555.25,64.0
classical_musicnet_2151__300s,classical_musicnet_2151,classical,discovery,300.0,rhythm,4,4_bars,1,299.5,0.0797872543334961,1.8514944911003113,0.043093433287009084,0.007529854774475098,63.0,0.0,9.618370909579117,-0.012069642543792725,0.09185689687728882,0.04041897382195699,0.006429314613342285,0.4,6.687255859375,13.0,2.0,7.0,46.07692307692308,585.0,64.0
classical_musicnet_2151__300s,classical_musicnet_2151,classical,discovery,300.0,rhythm,8,8_bars,1,299.5,0.0969691276550293,2.376173257827759,0.04080894662692912,0.006525754928588867,72.0,0.0,9.56935324422631,0.00448000431060791,0.09248912334442139,0.04305862150751415,0.018111228942871094,0.9,13.37451171875,27.0,3.0,10.5,22.185185185185187,578.0,64.0
classical_musicnet_2151__300s,classical_musicnet_2151,classical,discovery,300.0,rhythm,16,16_bars,1,299.5,0.10220277309417725,1.6305640935897827,0.06267939634876409,0.019600987434387207,58.0,1.0,9.842066837704165,0.01815110445022583,0.08405166864395142,0.03931299746249186,0.004385590553283691,1.0,26.7490234375,53.0,7.0,24.5,11.30188679245283,550.0,64.0
classical_musicnet_2151__300s,classical_musicnet_2151,classical,discovery,300.0,rhythm,32,32_bars,1,299.5,0.1006917953491211,2.505135953426361,0.04019414403892988,0.0034986138343811035,78.0,1.0,9.881967504456515,0.015498161315917969,0.08519363403320312,0.03791008121507316,0.007036447525024414,0.8,53.498046875,107.0,13.0,45.5,5.598130841121495,508.0,64.0
classical_musicnet_2155__300s,classical_musicnet_2155,classical,discovery,300.0,acoustic,0,multiscale_mean,4,299.5,0.09739278256893158,1.367227241396904,0.07203233316029685,0.01527450978755951,49.5,0.25,8.53313763401415,0.01224265992641449,0.08515012264251709,0.03612720412738259,0.007718086242675781,0.675,,,,,,544.75,64.0
classical_musicnet_2155__300s,classical_musicnet_2155,classical,discovery,300.0,acoustic,4,4_bars,1,299.5,0.13577240705490112,1.2733104825019836,0.10662945834555289,0.03953814506530762,39.0,1.0,8.651023031963614,0.04087996482849121,0.09489244222640991,0.03878259562114355,0.011233925819396973,1.0,8.544921875,17.0,2.0,7.0,35.23529411764706,585.0,64.0
classical_musicnet_2155__300s,classical_musicnet_2155,classical,discovery,300.0,acoustic,8,8_bars,1,299.5,0.09069210290908813,1.411923885345459,0.06423299715402028,0.014241456985473633,50.0,0.0,8.69690577982528,0.010358810424804688,0.08033329248428345,0.034471713011935634,0.004665791988372803,0.8,17.08984375,34.0,4.0,14.0,17.61764705882353,571.0,64.0
classical_musicnet_2155__300s,classical_musicnet_2155,classical,discovery,300.0,acoustic,16,16_bars,1,299.5,0.0773082971572876,1.3045148849487305,0.059262104288159145,0.007115483283996582,54.0,0.0,8.582375149703964,-0.009193658828735352,0.08650195598602295,0.036907881055975394,0.009167313575744629,0.2,34.1796875,68.0,8.0,28.0,8.808823529411764,543.0,64.0
classical_musicnet_2155__300s,classical_musicnet_2155,classical,discovery,300.0,acoustic,32,32_bars,1,299.5,0.08579832315444946,1.4791597127914429,0.05800477285345505,0.00020295381546020508,55.0,0.0,8.202246574563738,0.006925523281097412,0.07887279987335205,0.03434662682047575,0.005805313587188721,0.7,68.359375,137.0,17.0,59.5,4.372262773722627,480.0,64.0
classical_musicnet_2155__300s,classical_musicnet_2155,classical,discovery,300.0,rhythm,0,multiscale_mean,4,299.5,0.09253810346126556,1.8872694671154022,0.051433122655372684,0.015862315893173218,62.5,0.25,11.480613381447306,-0.001768559217453003,0.09430666267871857,0.044425489577583105,0.011114373803138733,0.5,,,,,,544.75,64.0
classical_musicnet_2155__300s,classical_musicnet_2155,classical,discovery,300.0,rhythm,4,4_bars,1,299.5,0.09070611000061035,1.4026728868484497,0.06466661675083094,0.0036371946334838867,50.0,0.0,11.293007469199871,-0.0012284517288208008,0.09193456172943115,0.04492096806955914,0.007484555244445801,0.5,8.544921875,17.0,2.0,7.0,35.23529411764706,585.0,64.0
classical_musicnet_2155__300s,classical_musicnet_2155,classical,discovery,300.0,rhythm,8,8_bars,1,299.5,0.08860564231872559,2.358460545539856,0.03756927055077938,0.008435070514678955,75.0,0.0,11.390459229941602,-0.008685946464538574,0.09729158878326416,0.04427776435622663,0.01502138376235962,0.2,17.08984375,34.0,4.0,14.0,17.61764705882353,571.0,64.0
classical_musicnet_2155__300s,classical_musicnet_2155,classical,discovery,300.0,rhythm,16,16_bars,1,299.5,0.10286998748779297,2.2821109890937805,0.04507668031020802,0.031840384006500244,69.0,1.0,11.470255621441593,0.006729423999786377,0.09614056348800659,0.04144739474285977,0.01280200481414795,0.8,34.1796875,68.0,8.0,28.0,8.808823529411764,543.0,64.0
classical_musicnet_2155__300s,classical_musicnet_2155,classical,discovery,300.0,rhythm,32,32_bars,1,299.5,0.08797067403793335,1.5058334469795227,0.05841992300967242,0.019536614418029785,56.0,0.0,11.768731205206159,-0.0038892626762390137,0.09185993671417236,0.047055831141686884,0.009149551391601562,0.5,68.359375,137.0,17.0,59.5,4.372262773722627,480.0,64.0
classical_musicnet_2180__300s,classical_musicnet_2180,classical,discovery,300.0,acoustic,0,multiscale_mean,4,292.5,0.09520323574542999,1.8711875081062317,0.052163009855655945,0.012432664632797241,67.25,0.5,9.237955224473811,0.021036773920059204,0.07416646182537079,0.05503155520353095,0.007634162902832031,0.875,,,,,,532.5,64.0
classical_musicnet_2180__300s,classical_musicnet_2180,classical,discovery,300.0,acoustic,4,4_bars,1,292.5,0.11749303340911865,1.9099894762039185,0.06151501611549958,0.01944202184677124,56.0,1.0,9.400574114231283,0.042138636112213135,0.07535439729690552,0.05779248395882167,0.007345378398895264,1.0,7.8017578125,16.0,2.0,7.0,36.5625,571.0,64.0
classical_musicnet_2180__300s,classical_musicnet_2180,classical,discovery,300.0,acoustic,8,8_bars,1,292.5,0.08760881423950195,1.3632088899612427,0.06426661011724531,0.002618074417114258,57.0,0.0,9.240122505216025,0.011020660400390625,0.07658815383911133,0.06356883833911335,0.01609981060028076,0.8,15.603515625,31.0,4.0,14.0,18.870967741935484,557.0,64.0
classical_musicnet_2180__300s,classical_musicnet_2180,classical,discovery,300.0,acoustic,16,16_bars,1,292.5,0.10260123014450073,2.3161540627479553,0.0442981025289706,0.02366816997528076,84.0,1.0,9.110058937697026,0.02913188934326172,0.07346934080123901,0.05028422237042251,0.002795875072479248,1.0,31.20703125,62.0,8.0,28.0,9.435483870967742,529.0,64.0
classical_musicnet_2180__300s,classical_musicnet_2180,classical,discovery,300.0,acoustic,32,32_bars,1,292.5,0.07310986518859863,1.8953976035118103,0.03857231066090829,0.004002392292022705,72.0,0.0,9.201065340750912,0.0018559098243713379,0.0712539553642273,0.048480676145766295,0.0042955875396728516,0.7,62.4140625,125.0,16.0,56.0,4.68,473.0,64.0
classical_musicnet_2180__300s,classical_musicnet_2180,classical,discovery,300.0,rhythm,0,multiscale_mean,4,292.5,0.07743874192237854,1.7047256082296371,0.045168861550343324,0.006017223000526428,62.0,0.25,11.386073028705287,-0.010718151926994324,0.08815689384937286,0.05450519685762199,0.011319562792778015,0.42500000000000004,,,,,,532.5,64.0
classical_musicnet_2180__300s,classical_musicnet_2180,classical,discovery,300.0,rhythm,4,4_bars,1,292.5,0.07466733455657959,1.6812145709991455,0.0444127334158214,0.0004048943519592285,54.0,0.0,11.507545473517357,-0.0063631534576416016,0.08103048801422119,0.054592059090427025,0.012056946754455566,0.4,7.8017578125,16.0,2.0,7.0,36.5625,571.0,64.0
classical_musicnet_2180__300s,classical_musicnet_2180,classical,discovery,300.0,rhythm,8,8_bars,1,292.5,0.05937165021896362,1.7148576974868774,0.034621910789433274,0.00011223554611206055,70.0,0.0,11.682210050767228,-0.027754664421081543,0.08712631464004517,0.06036120059301316,0.008009076118469238,0.1,15.603515625,31.0,4.0,14.0,18.870967741935484,557.0,64.0
classical_musicnet_2180__300s,classical_musicnet_2180,classical,discovery,300.0,rhythm,16,16_bars,1,292.5,0.07032525539398193,1.5352965593338013,0.045805649056165146,0.005855083465576172,67.0,0.0,11.30137955942035,-0.019720733165740967,0.0900459885597229,0.05585224231675664,0.008907914161682129,0.3,31.20703125,62.0,8.0,28.0,9.435483870967742,529.0,64.0
classical_musicnet_2180__300s,classical_musicnet_2180,classical,discovery,300.0,rhythm,32,32_bars,1,292.5,0.10539072751998901,1.8875336050987244,0.05583515293995347,0.017696678638458252,57.0,1.0,11.05315703111621,0.010965943336486816,0.0944247841835022,0.04721528543029114,0.016304314136505127,0.9,62.4140625,125.0,16.0,56.0,4.68,473.0,64.0
classical_musicnet_2293__300s,classical_musicnet_2293,classical,discovery,300.0,acoustic,0,multiscale_mean,4,299.5,0.10626611113548279,0.8727594912052155,0.12790174825556955,0.043149009346961975,32.0,0.25,11.164976699140242,0.027472734451293945,0.07879337668418884,0.05086929130754502,0.0074503421783447266,0.65,,,,,,550.0,64.0
classical_musicnet_2293__300s,classical_musicnet_2293,classical,discovery,300.0,acoustic,4,4_bars,1,299.5,0.19199657440185547,0.7819966077804565,0.2455209811546369,0.13912290334701538,27.0,1.0,10.709635126616249,0.10924571752548218,0.08275085687637329,0.05523745212595925,0.00926053524017334,1.0,7.43017578125,15.0,2.0,7.0,39.93333333333333,585.0,64.0
classical_musicnet_2293__300s,classical_musicnet_2293,classical,discovery,300.0,acoustic,8,8_bars,1,299.5,0.05414938926696777,0.5335232615470886,0.10149396131285376,0.0019390583038330078,29.0,0.0,11.266735592346272,-0.025056302547454834,0.07920569181442261,0.04618915315360057,0.006276488304138184,0.1,14.8603515625,30.0,4.0,14.0,19.966666666666665,571.0,64.0
classical_musicnet_2293__300s,classical_musicnet_2293,classical,discovery,300.0,acoustic,16,16_bars,1,299.5,0.09220558404922485,1.0719128251075745,0.08601966679517183,0.017799198627471924,35.0,0.0,11.374301967533578,0.01769798994064331,0.07450759410858154,0.055967087644270094,0.004758477210998535,0.7,29.720703125,59.0,7.0,24.5,10.152542372881356,550.0,64.0
classical_musicnet_2293__300s,classical_musicnet_2293,classical,discovery,300.0,acoustic,32,32_bars,1,299.5,0.08671289682388306,1.1036052703857422,0.07857238375961577,0.013734877109527588,37.0,0.0,11.309234110064871,0.008003532886505127,0.07870936393737793,0.04608347230635015,0.009505867958068848,0.8,59.44140625,119.0,15.0,52.5,5.033613445378151,494.0,64.0
classical_musicnet_2293__300s,classical_musicnet_2293,classical,discovery,300.0,rhythm,0,multiscale_mean,4,299.5,0.08424445986747742,1.6269676983356476,0.05200855165960032,0.007612332701683044,59.25,0.0,12.02516746045135,0.0038227736949920654,0.08042168617248535,0.04701690958698875,0.0059578269720077515,0.65,,,,,,550.0,64.0
classical_musicnet_2293__300s,classical_musicnet_2293,classical,discovery,300.0,rhythm,4,4_bars,1,299.5,0.08734637498855591,1.68661367893219,0.05178801528744607,0.008110582828521729,61.0,0.0,12.023309210983337,0.004020035266876221,0.08332633972167969,0.044584849606973634,0.008590400218963623,0.6,7.43017578125,15.0,2.0,7.0,39.93333333333333,585.0,64.0
classical_musicnet_2293__300s,classical_musicnet_2293,classical,discovery,300.0,rhythm,8,8_bars,1,299.5,0.07608556747436523,1.4572125673294067,0.05221308763058855,0.007041990756988525,58.0,0.0,11.971881427067117,-0.006608366966247559,0.08269393444061279,0.050901554999188,0.00560683012008667,0.4,14.8603515625,30.0,4.0,14.0,19.966666666666665,571.0,64.0
classical_musicnet_2293__300s,classical_musicnet_2293,classical,discovery,300.0,rhythm,16,16_bars,1,299.5,0.08875757455825806,1.8548771739006042,0.04785091746620104,0.00026476383209228516,67.0,0.0,12.049362003595732,0.015801429748535156,0.0729561448097229,0.04405277121045317,0.004256546497344971,0.8,29.720703125,59.0,7.0,24.5,10.152542372881356,550.0,64.0
classical_musicnet_2293__300s,classical_musicnet_2293,classical,discovery,300.0,rhythm,32,32_bars,1,299.5,0.08478832244873047,1.5091673731803894,0.05618218625416559,0.015031993389129639,51.0,0.0,12.056117200159218,0.0020779967308044434,0.08271032571792603,0.04852846253134022,0.005377531051635742,0.8,59.44140625,119.0,15.0,52.5,5.033613445378151,494.0,64.0
classical_musicnet_2296__300s,classical_musicnet_2296,classical,discovery,300.0,acoustic,0,multiscale_mean,4,290.5,0.0968751609325409,1.7605651170015335,0.05412413463501191,0.02129611372947693,59.75,0.25,8.86127373754842,0.017812728881835938,0.07906243205070496,0.05000928432249194,0.010020390152931213,0.525,,,,,,528.5,64.0
classical_musicnet_2296__300s,classical_musicnet_2296,classical,discovery,300.0,acoustic,4,4_bars,1,290.5,0.15455150604248047,1.915194809436798,0.08069753806816628,0.05564457178115845,56.0,1.0,8.987556250356798,0.07371985912322998,0.08083164691925049,0.048118012092004316,0.011706948280334473,1.0,7.8017578125,16.0,2.0,7.0,36.3125,567.0,64.0
classical_musicnet_2296__300s,classical_musicnet_2296,classical,discovery,300.0,acoustic,8,8_bars,1,290.5,0.0778999924659729,1.7099435925483704,0.04555705393174792,0.005524337291717529,65.0,0.0,8.92230846122393,-0.0013533830642700195,0.07925337553024292,0.050031402374511647,0.007585406303405762,0.3,15.603515625,31.0,4.0,14.0,18.741935483870968,553.0,64.0
classical_musicnet_2296__300s,classical_musicnet_2296,classical,discovery,300.0,acoustic,16,16_bars,1,290.5,0.09090298414230347,1.7820056676864624,0.05101161336951344,0.020822227001190186,56.0,0.0,8.79600229326309,0.015410244464874268,0.0754927396774292,0.051776536106004675,0.010255575180053711,0.7,31.20703125,62.0,8.0,28.0,9.370967741935484,525.0,64.0
classical_musicnet_2296__300s,classical_musicnet_2296,classical,discovery,300.0,acoustic,32,32_bars,1,290.5,0.06414616107940674,1.6351163983345032,0.03923033317061998,0.0031933188438415527,62.0,0.0,8.739227945349864,-0.01652580499649048,0.08067196607589722,0.050111186717447145,0.010533630847930908,0.1,62.4140625,125.0,16.0,56.0,4.648,469.0,64.0
classical_musicnet_2296__300s,classical_musicnet_2296,classical,discovery,300.0,rhythm,0,multiscale_mean,4,290.5,0.09715422987937927,1.70083686709404,0.057426845718827835,0.01433032751083374,52.75,0.5,12.178092229927223,0.0029085874557495117,0.09424564242362976,0.059380644487849896,0.008969932794570923,0.675,,,,,,528.5,64.0
classical_musicnet_2296__300s,classical_musicnet_2296,classical,discovery,300.0,rhythm,4,4_bars,1,290.5,0.10064351558685303,1.7089585661888123,0.05889172363686993,0.011898636817932129,54.0,1.0,11.95118839313301,0.010094165802001953,0.09054934978485107,0.06256120961859714,0.007639884948730469,0.8,7.8017578125,16.0,2.0,7.0,36.3125,567.0,64.0
classical_musicnet_2296__300s,classical_musicnet_2296,classical,discovery,300.0,rhythm,8,8_bars,1,290.5,0.1057097315788269,1.559644341468811,0.06777810092221005,0.03422057628631592,47.0,1.0,12.062864909721789,0.010208964347839355,0.09550076723098755,0.06522726470779,0.016199469566345215,0.9,15.603515625,31.0,4.0,14.0,18.741935483870968,553.0,64.0
classical_musicnet_2296__300s,classical_musicnet_2296,classical,discovery,300.0,rhythm,16,16_bars,1,290.5,0.08576828241348267,1.7159677743911743,0.04998245520310734,0.0014993548393249512,56.0,0.0,12.271748532133497,-0.016163945198059082,0.10193222761154175,0.058176078068348375,0.008685946464538574,0.3,31.20703125,62.0,8.0,28.0,9.370967741935484,525.0,64.0
classical_musicnet_2296__300s,classical_musicnet_2296,classical,discovery,300.0,rhythm,32,32_bars,1,290.5,0.09649538993835449,1.818776786327362,0.053055103113124,0.009702742099761963,54.0,0.0,12.426567084720599,0.00749516487121582,0.08900022506713867,0.05155802555666408,0.0033544301986694336,0.7,62.4140625,125.0,16.0,56.0,4.648,469.0,64.0
classical_musopen_25c64baa9139__300s,classical_musopen_25c64baa9139,classical,discovery,300.0,acoustic,0,multiscale_mean,4,299.5,0.09750333428382874,1.7564049512147903,0.0561755419244379,0.008006930351257324,58.0,1.0,8.895069531349446,0.010508149862289429,0.0869951844215393,0.04211985783200783,0.01000918447971344,0.525,,,,,,546.5,64.0
classical_musopen_25c64baa9139__300s,classical_musopen_25c64baa9139,classical,discovery,300.0,acoustic,4,4_bars,1,299.5,0.1505468487739563,1.6573349833488464,0.09083670488253263,0.018913090229034424,46.0,4.0,8.811097873730553,0.054383814334869385,0.09616303443908691,0.04734526753680133,0.01630467176437378,1.0,7.8018798828125,16.0,2.0,7.0,37.4375,585.0,64.0
classical_musopen_25c64baa9139__300s,classical_musopen_25c64baa9139,classical,discovery,300.0,acoustic,8,8_bars,1,299.5,0.0821685791015625,1.8784963488578796,0.04374167623563429,0.0018096566200256348,59.0,0.0,8.826484951823659,-0.002465486526489258,0.08463406562805176,0.03982524406587135,0.0057253241539001465,0.5,15.603759765625,31.0,4.0,14.0,19.322580645161292,571.0,64.0
classical_musopen_25c64baa9139__300s,classical_musopen_25c64baa9139,classical,discovery,300.0,acoustic,16,16_bars,1,299.5,0.08138161897659302,1.7860404253005981,0.04556538464850041,0.005662798881530762,67.0,0.0,8.886084369365067,-0.0015555620193481445,0.08293718099594116,0.04031216217151321,0.010983705520629883,0.4,31.20751953125,62.0,8.0,28.0,9.661290322580646,543.0,64.0
classical_musopen_25c64baa9139__300s,classical_musopen_25c64baa9139,classical,discovery,300.0,acoustic,32,32_bars,1,299.5,0.07591629028320312,1.7037480473518372,0.044558401931084256,0.0056421756744384766,60.0,0.0,9.056610930478502,-0.008330166339874268,0.08424645662307739,0.0409967575538454,0.007023036479949951,0.2,62.4150390625,125.0,16.0,56.0,4.792,487.0,64.0
classical_musopen_25c64baa9139__300s,classical_musopen_25c64baa9139,classical,discovery,300.0,rhythm,0,multiscale_mean,4,299.5,0.0900983065366745,1.2839163392782211,0.07119418769388082,0.0114499032497406,47.75,0.25,12.896378003551767,-0.009318068623542786,0.09941637516021729,0.05910399056485434,0.015548944473266602,0.4,,,,,,546.5,64.0
classical_musopen_25c64baa9139__300s,classical_musopen_25c64baa9139,classical,discovery,300.0,rhythm,4,4_bars,1,299.5,0.07399606704711914,0.8992385268211365,0.08228747416850543,0.006457865238189697,37.0,0.0,12.883497288559786,-0.02604389190673828,0.10003995895385742,0.0663711893007173,0.013224303722381592,0.3,7.8018798828125,16.0,2.0,7.0,37.4375,585.0,64.0
classical_musopen_25c64baa9139__300s,classical_musopen_25c64baa9139,classical,discovery,300.0,rhythm,8,8_bars,1,299.5,0.11397552490234375,1.6077658534049988,0.07089062419192525,0.028487205505371094,56.0,1.0,12.822397135487373,0.0054512619972229,0.10852426290512085,0.05785707819141494,0.0122528076171875,0.7,15.603759765625,31.0,4.0,14.0,19.322580645161292,571.0,64.0
classical_musopen_25c64baa9139__300s,classical_musopen_25c64baa9139,classical,discovery,300.0,rhythm,16,16_bars,1,299.5,0.0929408073425293,1.4550998210906982,0.06387246152835323,0.004988968372344971,54.0,0.0,12.862232960545132,-0.003200352191925049,0.09614115953445435,0.05292332852165762,0.02690070867538452,0.5,31.20751953125,62.0,8.0,28.0,9.661290322580646,543.0,64.0
classical_musopen_25c64baa9139__300s,classical_musopen_25c64baa9139,classical,discovery,300.0,rhythm,32,32_bars,1,299.5,0.07948082685470581,1.173561155796051,0.06772619088673935,0.005865573883056641,44.0,0.0,13.017384629614785,-0.013479292392730713,0.09296011924743652,0.05926436624562752,0.009817957878112793,0.1,62.4150390625,125.0,16.0,56.0,4.792,487.0,64.0
classical_musopen_2bb770b12fae__300s,classical_musopen_2bb770b12fae,classical,discovery,300.0,acoustic,0,multiscale_mean,4,298.0,0.14089526236057281,1.5027966350317001,0.09715614970663264,0.015692666172981262,39.0,2.5,10.317274637793936,0.04839961230754852,0.09249565005302429,0.06751313778429546,0.01267939805984497,0.925,,,,,,547.0,64.0
classical_musopen_2bb770b12fae__300s,classical_musopen_2bb770b12fae,classical,discovery,300.0,acoustic,4,4_bars,1,298.0,0.1727064847946167,1.6373580694198608,0.10547875142289985,0.008739113807678223,41.0,3.0,10.394261557196703,0.08476555347442627,0.08794093132019043,0.07729066509681555,0.013080954551696777,1.0,7.430419921875,15.0,2.0,7.0,39.733333333333334,582.0,64.0
classical_musopen_2bb770b12fae__300s,classical_musopen_2bb770b12fae,classical,discovery,300.0,acoustic,8,8_bars,1,298.0,0.1546717882156372,1.1228570342063904,0.13774842522579528,0.03195542097091675,37.0,2.0,10.784496529507543,0.06226593255996704,0.09240585565567017,0.06453666335887849,0.006420433521270752,1.0,14.86083984375,30.0,4.0,14.0,19.866666666666667,568.0,64.0
classical_musopen_2bb770b12fae__300s,classical_musopen_2bb770b12fae,classical,discovery,300.0,acoustic,16,16_bars,1,298.0,0.1356123685836792,1.6192135214805603,0.08375199859971483,0.011374592781066895,34.0,4.0,10.318009679559044,0.04200422763824463,0.09360814094543457,0.06129394973181428,0.017105579376220703,1.0,29.7216796875,59.0,7.0,24.5,10.101694915254237,547.0,64.0
classical_musopen_2bb770b12fae__300s,classical_musopen_2bb770b12fae,classical,discovery,300.0,acoustic,32,32_bars,1,298.0,0.10059040784835815,1.631757915019989,0.061645423578120605,0.010701537132263184,44.0,1.0,9.772330784912452,0.004562735557556152,0.096027672290802,0.06693127294967349,0.01411062479019165,0.7,59.443359375,119.0,15.0,52.5,5.008403361344538,491.0,64.0
classical_musopen_2bb770b12fae__300s,classical_musopen_2bb770b12fae,classical,discovery,300.0,rhythm,0,multiscale_mean,4,298.0,0.11522947251796722,1.207886815071106,0.09350445451103571,0.0263022780418396,38.25,1.0,13.03547814614309,0.011342167854309082,0.10388730466365814,0.0913559150735276,0.01896868646144867,0.55,,,,,,547.0,64.0
classical_musopen_2bb770b12fae__300s,classical_musopen_2bb770b12fae,classical,discovery,300.0,rhythm,4,4_bars,1,298.0,0.14995574951171875,1.405105471611023,0.10672205933394242,0.04026436805725098,37.0,2.0,12.97764002596768,0.03667086362838745,0.1132848858833313,0.11509961247664333,0.03184634447097778,0.9,7.430419921875,15.0,2.0,7.0,39.733333333333334,582.0,64.0
classical_musopen_2bb770b12fae__300s,classical_musopen_2bb770b12fae,classical,discovery,300.0,rhythm,8,8_bars,1,298.0,0.1503450870513916,1.2772883772850037,0.11770645511623945,0.04578268527984619,39.0,2.0,13.441494821259266,0.03609156608581543,0.11425352096557617,0.08902290360539725,0.015226483345031738,0.8,14.86083984375,30.0,4.0,14.0,19.866666666666667,568.0,64.0
classical_musopen_2bb770b12fae__300s,classical_musopen_2bb770b12fae,classical,discovery,300.0,rhythm,16,16_bars,1,298.0,0.07572042942047119,1.000764548778534,0.0756625816860624,0.017095863819122314,41.0,0.0,12.551096779523583,-0.014512777328491211,0.0902332067489624,0.08520215920205579,0.011927247047424316,0.1,29.7216796875,59.0,7.0,24.5,10.101694915254237,547.0,64.0
classical_musopen_2bb770b12fae__300s,classical_musopen_2bb770b12fae,classical,discovery,300.0,rhythm,32,32_bars,1,298.0,0.08489662408828735,1.1483888626098633,0.07392672190789862,0.002066195011138916,36.0,0.0,13.171680957821826,-0.012880980968475342,0.0977776050567627,0.07609898501001405,0.01687467098236084,0.4,59.443359375,119.0,15.0,52.5,5.008403361344538,491.0,64.0
classical_musopen_2ca1fc27dc8e__300s,classical_musopen_2ca1fc27dc8e,classical,discovery,300.0,acoustic,0,multiscale_mean,4,299.5,0.09079043567180634,1.3280733078718185,0.06899926919374615,0.008335769176483154,46.75,0.25,10.091400485922847,0.01231016218662262,0.07848027348518372,0.0495641646208529,0.0074967145919799805,0.7250000000000001,,,,,,546.5,64.0
classical_musopen_2ca1fc27dc8e__300s,classical_musopen_2ca1fc27dc8e,classical,discovery,300.0,acoustic,4,4_bars,1,299.5,0.07492226362228394,1.076499879360199,0.06959802324066476,0.0018236637115478516,41.0,0.0,10.053438356882825,-0.009646594524383545,0.08456885814666748,0.052249378298554756,0.006038308143615723,0.3,7.8017578125,16.0,2.0,7.0,37.4375,585.0,64.0
classical_musopen_2ca1fc27dc8e__300s,classical_musopen_2ca1fc27dc8e,classical,discovery,300.0,acoustic,8,8_bars,1,299.5,0.08838450908660889,1.3686544299125671,0.06457766632316025,0.0075067877769470215,46.0,0.0,10.08482085104291,0.013759374618530273,0.07462513446807861,0.04593509519944734,0.005265593528747559,1.0,15.603515625,31.0,4.0,14.0,19.322580645161292,571.0,64.0
classical_musopen_2ca1fc27dc8e__300s,classical_musopen_2ca1fc27dc8e,classical,discovery,300.0,acoustic,16,16_bars,1,299.5,0.10317593812942505,1.2681738138198853,0.08135788407319913,0.016900479793548584,45.0,1.0,10.285632435731737,0.022451817989349365,0.08072412014007568,0.04769420539095398,0.005617260932922363,0.8,31.20703125,62.0,8.0,28.0,9.661290322580646,543.0,64.0
classical_musopen_2ca1fc27dc8e__300s,classical_musopen_2ca1fc27dc8e,classical,discovery,300.0,acoustic,32,32_bars,1,299.5,0.09667903184890747,1.5989651083946228,0.0604635031379604,0.00711214542388916,55.0,0.0,9.941710300033915,0.022676050662994385,0.07400298118591309,0.05237797959445551,0.013065695762634277,0.8,62.4140625,125.0,16.0,56.0,4.792,487.0,64.0
classical_musopen_2ca1fc27dc8e__300s,classical_musopen_2ca1fc27dc8e,classical,discovery,300.0,rhythm,0,multiscale_mean,4,299.5,0.0762697160243988,1.7707006931304932,0.04330162786096096,0.00771602988243103,63.25,0.0,12.535726155511068,-0.010115355253219604,0.08638507127761841,0.04347259802275635,0.007273867726325989,0.30000000000000004,,,,,,546.5,64.0
classical_musopen_2ca1fc27dc8e__300s,classical_musopen_2ca1fc27dc8e,classical,discovery,300.0,rhythm,4,4_bars,1,299.5,0.06066030263900757,1.6675564646720886,0.0363767608018814,0.0005772113800048828,64.0,0.0,12.593129146583049,-0.02563232183456421,0.08629262447357178,0.04215303892620232,0.006037414073944092,0.1,7.8017578125,16.0,2.0,7.0,37.4375,585.0,64.0
classical_musopen_2ca1fc27dc8e__300s,classical_musopen_2ca1fc27dc8e,classical,discovery,300.0,rhythm,8,8_bars,1,299.5,0.08102613687515259,1.5470446944236755,0.05237478733950699,0.011599481105804443,55.0,0.0,12.472458453719053,-0.00442737340927124,0.08545351028442383,0.0457661337475905,0.005564212799072266,0.4,15.603515625,31.0,4.0,14.0,19.322580645161292,571.0,64.0
classical_musopen_2ca1fc27dc8e__300s,classical_musopen_2ca1fc27dc8e,classical,discovery,300.0,rhythm,16,16_bars,1,299.5,0.0848589539527893,1.9541457295417786,0.04342508988451318,0.012106657028198242,67.0,0.0,12.587969719065818,0.0014650821685791016,0.0833938717842102,0.04280164266003329,0.011825263500213623,0.6,31.20703125,62.0,8.0,28.0,9.661290322580646,543.0,64.0
classical_musopen_2ca1fc27dc8e__300s,classical_musopen_2ca1fc27dc8e,classical,discovery,300.0,rhythm,32,32_bars,1,299.5,0.07853347063064575,1.91405588388443,0.04102987341794226,0.006580770015716553,67.0,0.0,12.48934730267635,-0.01186680793762207,0.09040027856826782,0.043169576757199256,0.005668580532073975,0.1,62.4140625,125.0,16.0,56.0,4.792,487.0,64.0
classical_musopen_39eaf7f62acd__300s,classical_musopen_39eaf7f62acd,classical,discovery,300.0,acoustic,0,multiscale_mean,4,291.5,0.09654322266578674,2.0264139622449875,0.04911024018820438,0.012032046914100647,64.25,0.5,8.422066172548973,0.009648770093917847,0.0868944525718689,0.05485248646269461,0.007444441318511963,0.75,,,,,,542.75,64.0
classical_musopen_39eaf7f62acd__300s,classical_musopen_39eaf7f62acd,classical,discovery,300.0,acoustic,4,4_bars,1,291.5,0.11065351963043213,1.681668221950531,0.06579985171039712,0.03167623281478882,52.0,1.0,8.596417309511807,0.016107678413391113,0.09454584121704102,0.06103100138241424,0.005082488059997559,0.9,5.9443359375,12.0,2.0,7.0,48.583333333333336,569.0,64.0
classical_musopen_39eaf7f62acd__300s,classical_musopen_39eaf7f62acd,classical,discovery,300.0,acoustic,8,8_bars,1,291.5,0.09314072132110596,1.865313172340393,0.049933020740020324,0.008373022079467773,62.0,0.0,8.370634093744721,0.00999760627746582,0.08314311504364014,0.051709199354653915,0.0065822601318359375,0.7,11.888671875,24.0,3.0,10.5,24.291666666666668,562.0,64.0
classical_musopen_39eaf7f62acd__300s,classical_musopen_39eaf7f62acd,classical,discovery,300.0,acoustic,16,16_bars,1,291.5,0.0796346664428711,1.880860686302185,0.04233948161223714,0.0005975961685180664,62.0,0.0,8.35587073045199,0.0004394650459289551,0.07919520139694214,0.051758746402133245,0.003333866596221924,0.6,23.77734375,48.0,6.0,21.0,12.145833333333334,541.0,64.0
classical_musopen_39eaf7f62acd__300s,classical_musopen_39eaf7f62acd,classical,discovery,300.0,acoustic,32,32_bars,1,291.5,0.10274398326873779,2.677813768386841,0.03836860669016295,0.00748133659362793,81.0,1.0,8.365342556487374,0.012050330638885498,0.0906936526298523,0.05491099871157702,0.014779150485992432,0.8,47.5546875,95.0,12.0,42.0,6.136842105263158,499.0,64.0
classical_musopen_39eaf7f62acd__300s,classical_musopen_39eaf7f62acd,classical,discovery,300.0,rhythm,0,multiscale_mean,4,291.5,0.10080550611019135,2.0134244859218597,0.0504730750748911,0.006781741976737976,62.0,0.75,10.38662375936634,-0.0030231624841690063,0.10382866859436035,0.053745566745130334,0.013236641883850098,0.525,,,,,,542.75,64.0
classical_musopen_39eaf7f62acd__300s,classical_musopen_39eaf7f62acd,classical,discovery,300.0,rhythm,4,4_bars,1,291.5,0.09150087833404541,1.7424688339233398,0.05251220369205812,0.0010685324668884277,56.0,0.0,10.429856857002473,-0.020116567611694336,0.11161744594573975,0.059750922463770686,0.02689296007156372,0.2,5.9443359375,12.0,2.0,7.0,48.583333333333336,569.0,64.0
classical_musopen_39eaf7f62acd__300s,classical_musopen_39eaf7f62acd,classical,discovery,300.0,rhythm,8,8_bars,1,291.5,0.11119681596755981,2.476776421070099,0.04489578268817534,0.013779282569885254,70.0,1.0,10.545836751097317,0.016089439392089844,0.09510737657546997,0.04477297160869633,0.009566426277160645,0.9,11.888671875,24.0,3.0,10.5,24.291666666666668,562.0,64.0
classical_musopen_39eaf7f62acd__300s,classical_musopen_39eaf7f62acd,classical,discovery,300.0,rhythm,16,16_bars,1,291.5,0.10868227481842041,1.9454072713851929,0.05586607823308644,0.005603790283203125,58.0,2.0,10.437567855819097,0.006581604480743408,0.102100670337677,0.058676857186247294,0.00622713565826416,0.7,23.77734375,48.0,6.0,21.0,12.145833333333334,541.0,64.0
classical_musopen_39eaf7f62acd__300s,classical_musopen_39eaf7f62acd,classical,discovery,300.0,rhythm,32,32_bars,1,291.5,0.09184205532073975,1.8890454173088074,0.04861823568624453,0.006675362586975098,64.0,0.0,10.133233573546477,-0.014647126197814941,0.10648918151855469,0.05178151572180704,0.010260045528411865,0.3,47.5546875,95.0,12.0,42.0,6.136842105263158,499.0,64.0
classical_musopen_5118ccc9f4d0__300s,classical_musopen_5118ccc9f4d0,classical,discovery,300.0,acoustic,0,multiscale_mean,4,299.5,0.07347330451011658,1.2480177730321884,0.061598732278662444,0.004770427942276001,49.25,0.0,10.395627325638024,-0.00665794312953949,0.08013124763965607,0.053503132760081354,0.006703555583953857,0.42500000000000004,,,,,,550.0,64.0
classical_musopen_5118ccc9f4d0__300s,classical_musopen_5118ccc9f4d0,classical,discovery,300.0,acoustic,4,4_bars,1,299.5,0.0771602988243103,0.9652761816978455,0.07993598131530746,0.0068705081939697266,36.0,0.0,10.52413808247885,-0.002455294132232666,0.07961559295654297,0.055133991644455295,0.0030407309532165527,0.4,7.430389404296875,15.0,2.0,7.0,39.93333333333333,585.0,64.0
classical_musopen_5118ccc9f4d0__300s,classical_musopen_5118ccc9f4d0,classical,discovery,300.0,acoustic,8,8_bars,1,299.5,0.07330673933029175,1.1682860255241394,0.0627472534368486,0.0036403536796569824,45.0,0.0,10.64847606507808,-0.008680641651153564,0.08198738098144531,0.05014204998003189,0.00949108600616455,0.5,14.86077880859375,30.0,4.0,14.0,19.966666666666665,571.0,64.0
classical_musopen_5118ccc9f4d0__300s,classical_musopen_5118ccc9f4d0,classical,discovery,300.0,acoustic,16,16_bars,1,299.5,0.06491750478744507,1.0982113480567932,0.05911203239914792,0.005774736404418945,56.0,0.0,10.234105180858919,-0.02080446481704712,0.08572196960449219,0.05813198026918898,0.009943842887878418,0.2,29.7215576171875,59.0,7.0,24.5,10.152542372881356,550.0,64.0
classical_musopen_5118ccc9f4d0__300s,classical_musopen_5118ccc9f4d0,classical,discovery,300.0,acoustic,32,32_bars,1,299.5,0.07850867509841919,1.7602975368499756,0.04459966196334582,0.0027961134910583496,60.0,0.0,10.175789974136253,0.005308628082275391,0.0732000470161438,0.05060450914664925,0.004338562488555908,0.6,59.443115234375,119.0,15.0,52.5,5.033613445378151,494.0,64.0
classical_musopen_5118ccc9f4d0__300s,classical_musopen_5118ccc9f4d0,classical,discovery,300.0,rhythm,0,multiscale_mean,4,299.5,0.09486915171146393,1.7196589261293411,0.05636549538867747,0.01002638041973114,57.75,0.25,12.178932248953203,-0.0010494142770767212,0.09591856598854065,0.04965294883599866,0.006445020437240601,0.525,,,,,,550.0,64.0
classical_musopen_5118ccc9f4d0__300s,classical_musopen_5118ccc9f4d0,classical,discovery,300.0,rhythm,4,4_bars,1,299.5,0.10246783494949341,1.6897388696670532,0.0606412249779658,0.02108663320541382,54.0,1.0,12.21235316343446,0.004317522048950195,0.09815031290054321,0.050387840864912894,0.007157385349273682,0.6,7.430389404296875,15.0,2.0,7.0,39.93333333333333,585.0,64.0
classical_musopen_5118ccc9f4d0__300s,classical_musopen_5118ccc9f4d0,classical,discovery,300.0,rhythm,8,8_bars,1,299.5,0.09682399034500122,2.207843780517578,0.04385454768104248,0.010792553424835205,65.0,0.0,12.179717440536459,0.0003809332847595215,0.0964430570602417,0.04878534722797809,0.004543125629425049,0.6,14.86077880859375,30.0,4.0,14.0,19.966666666666665,571.0,64.0
classical_musopen_5118ccc9f4d0__300s,classical_musopen_5118ccc9f4d0,classical,discovery,300.0,rhythm,16,16_bars,1,299.5,0.0982736349105835,1.6358445882797241,0.06007516582851514,0.005455315113067627,62.0,0.0,12.503080308612912,0.013584554195404053,0.08468908071517944,0.04754756163334527,0.00532156229019165,0.7,29.7215576171875,59.0,7.0,24.5,10.152542372881356,550.0,64.0
classical_musopen_5118ccc9f4d0__300s,classical_musopen_5118ccc9f4d0,classical,discovery,300.0,rhythm,32,32_bars,1,299.5,0.08191114664077759,1.345208466053009,0.06089104306718644,0.00277101993560791,50.0,0.0,11.820578083228984,-0.022480666637420654,0.10439181327819824,0.0518910456177584,0.008758008480072021,0.2,59.443115234375,119.0,15.0,52.5,5.033613445378151,494.0,64.0
classical_musopen_53427878778a__300s,classical_musopen_53427878778a,classical,discovery,300.0,acoustic,0,multiscale_mean,4,299.5,0.10347147285938263,1.3520019501447678,0.07708479146242235,0.02190522849559784,46.5,0.5,9.967550967589654,0.020618602633476257,0.08285287022590637,0.05071447109628785,0.00762726366519928,0.825,,,,,,558.75,64.0
classical_musopen_53427878778a__300s,classical_musopen_53427878778a,classical,discovery,300.0,acoustic,4,4_bars,1,299.5,0.109119713306427,1.2715229392051697,0.08581812403214514,0.034514665603637695,48.0,1.0,9.816629673320467,0.020418167114257812,0.08870154619216919,0.05784197433503131,0.012647688388824463,1.0,5.9443359375,12.0,2.0,7.0,49.916666666666664,585.0,64.0
classical_musopen_53427878778a__300s,classical_musopen_53427878778a,classical,discovery,300.0,acoustic,8,8_bars,1,299.5,0.07448327541351318,1.0742860436439514,0.06933281489990112,0.004127383232116699,42.0,0.0,9.976047835745273,-0.007482469081878662,0.08196574449539185,0.04542761490985547,0.004056572914123535,0.3,11.888671875,24.0,3.0,10.5,24.958333333333332,578.0,64.0
classical_musopen_53427878778a__300s,classical_musopen_53427878778a,classical,discovery,300.0,acoustic,16,16_bars,1,299.5,0.1376768946647644,1.4247243404388428,0.0966340580819706,0.04635351896286011,45.0,1.0,10.024067156793539,0.055746376514434814,0.08193051815032959,0.05435974986749398,0.006818532943725586,1.0,23.77734375,48.0,6.0,21.0,12.479166666666666,557.0,64.0
classical_musopen_53427878778a__300s,classical_musopen_53427878778a,classical,discovery,300.0,acoustic,32,32_bars,1,299.5,0.09260600805282593,1.6374744772911072,0.05655416883567255,0.0026253461837768555,51.0,0.0,10.053459204499337,0.013792335987091064,0.07881367206573486,0.04522854527277065,0.006986260414123535,1.0,47.5546875,95.0,12.0,42.0,6.3052631578947365,515.0,64.0
classical_musopen_53427878778a__300s,classical_musopen_53427878778a,classical,discovery,300.0,rhythm,0,multiscale_mean,4,299.5,0.08927106857299805,1.8303973078727722,0.04912506464451006,0.012978687882423401,58.5,0.25,9.395751651518149,0.0025767385959625244,0.08669432997703552,0.040080386388813886,0.007756829261779785,0.44999999999999996,,,,,,558.75,64.0
classical_musopen_53427878778a__300s,classical_musopen_53427878778a,classical,discovery,300.0,rhythm,4,4_bars,1,299.5,0.07101559638977051,1.3578318357467651,0.05230073012002561,0.0017578601837158203,46.0,0.0,9.249013573806785,-0.017259955406188965,0.08827555179595947,0.04433193593323608,0.008209168910980225,0.1,5.9443359375,12.0,2.0,7.0,49.916666666666664,585.0,64.0
classical_musopen_53427878778a__300s,classical_musopen_53427878778a,classical,discovery,300.0,rhythm,8,8_bars,1,299.5,0.07256388664245605,1.7971605062484741,0.04037696487885285,0.0010085105895996094,57.0,0.0,9.485827553473442,-0.020380377769470215,0.09294426441192627,0.03888871870425872,0.01073920726776123,0.1,11.888671875,24.0,3.0,10.5,24.958333333333332,578.0,64.0
classical_musopen_53427878778a__300s,classical_musopen_53427878778a,classical,discovery,300.0,rhythm,16,16_bars,1,299.5,0.12308424711227417,1.9565250277519226,0.06290962056013148,0.042894601821899414,61.0,1.0,9.452821779461589,0.04016143083572388,0.08292281627655029,0.0380373019006319,0.0039014220237731934,1.0,23.77734375,48.0,6.0,21.0,12.479166666666666,557.0,64.0
classical_musopen_53427878778a__300s,classical_musopen_53427878778a,classical,discovery,300.0,rhythm,32,32_bars,1,299.5,0.09042054414749146,2.210071861743927,0.040912943019030285,0.00625377893447876,70.0,0.0,9.39534369933078,0.0077858567237854,0.08263468742370605,0.03906358901712884,0.008177518844604492,0.6,47.5546875,95.0,12.0,42.0,6.3052631578947365,515.0,64.0
classical_musopen_631eca7e6359__300s,classical_musopen_631eca7e6359,classical,discovery,300.0,acoustic,0,multiscale_mean,4,299.5,0.09987308084964752,2.599264696240425,0.03861001833008835,0.006156116724014282,76.0,0.75,8.308098311651733,0.017880260944366455,0.08199281990528107,0.038211283319998,0.0055291056632995605,0.8999999999999999,,,,,,546.5,64.0
classical_musopen_631eca7e6359__300s,classical_musopen_631eca7e6359,classical,discovery,300.0,acoustic,4,4_bars,1,299.5,0.1004830002784729,2.576736271381378,0.03899622999625195,0.004677295684814453,70.0,1.0,8.235167744386942,0.022716283798217773,0.07776671648025513,0.036446083197763844,0.0038808584213256836,1.0,8.17333984375,16.0,2.0,7.0,37.4375,585.0,64.0
classical_musopen_631eca7e6359__300s,classical_musopen_631eca7e6359,classical,discovery,300.0,acoustic,8,8_bars,1,299.5,0.10047245025634766,2.451518177986145,0.04098376718498699,0.011347532272338867,77.0,1.0,8.267026967689654,0.016003310680389404,0.08446913957595825,0.03972534687984712,0.00686490535736084,0.9,16.3466796875,33.0,4.0,14.0,18.151515151515152,571.0,64.0
classical_musopen_631eca7e6359__300s,classical_musopen_631eca7e6359,classical,discovery,300.0,acoustic,16,16_bars,1,299.5,0.10489410161972046,2.5272350907325745,0.04150547845919415,0.004979610443115234,71.0,1.0,8.322619586116332,0.02001655101776123,0.08487755060195923,0.04004996952553338,0.00815272331237793,0.9,32.693359375,65.0,8.0,28.0,9.215384615384615,543.0,64.0
classical_musopen_631eca7e6359__300s,classical_musopen_631eca7e6359,classical,discovery,300.0,acoustic,32,32_bars,1,299.5,0.09364277124404907,2.841569244861603,0.03295459767992031,0.0036200284957885742,86.0,0.0,8.407578948414006,0.012784898281097412,0.08085787296295166,0.03662373367684766,0.003217935562133789,0.8,65.38671875,131.0,16.0,56.0,4.572519083969466,487.0,64.0
classical_musopen_631eca7e6359__300s,classical_musopen_631eca7e6359,classical,discovery,300.0,rhythm,0,multiscale_mean,4,299.5,0.09631963074207306,1.6707259714603424,0.05862942429396524,0.01983889937400818,53.25,0.25,11.251927876943533,0.0024877339601516724,0.09383189678192139,0.0640150961377165,0.012243062257766724,0.6000000000000001,,,,,,546.5,64.0
classical_musopen_631eca7e6359__300s,classical_musopen_631eca7e6359,classical,discovery,300.0,rhythm,4,4_bars,1,299.5,0.0884903073310852,1.5169713497161865,0.058333538960799125,0.01645338535308838,48.0,0.0,11.080047504572029,-0.005749046802520752,0.09423935413360596,0.06872294568848338,0.01171809434890747,0.5,8.17333984375,16.0,2.0,7.0,37.4375,585.0,64.0
classical_musopen_631eca7e6359__300s,classical_musopen_631eca7e6359,classical,discovery,300.0,rhythm,8,8_bars,1,299.5,0.09294396638870239,1.3289822936058044,0.06993619616746446,0.00561678409576416,49.0,0.0,11.225609433713519,0.006985604763031006,0.08595836162567139,0.0661720778467687,0.004462897777557373,0.6,16.3466796875,33.0,4.0,14.0,18.151515151515152,571.0,64.0
classical_musopen_631eca7e6359__300s,classical_musopen_631eca7e6359,classical,discovery,300.0,rhythm,16,16_bars,1,299.5,0.10780060291290283,1.9201615452766418,0.05614142371410306,0.04000508785247803,59.0,1.0,11.406367377638269,0.010552525520324707,0.09724807739257812,0.05900123563225826,0.014920413494110107,0.8,32.693359375,65.0,8.0,28.0,9.215384615384615,543.0,64.0
classical_musopen_631eca7e6359__300s,classical_musopen_631eca7e6359,classical,discovery,300.0,rhythm,32,32_bars,1,299.5,0.0960436463356018,1.9167886972427368,0.05010653833349431,0.01728034019470215,57.0,0.0,11.295687191850323,-0.0018381476402282715,0.09788179397583008,0.06216412538335568,0.017870843410491943,0.5,65.38671875,131.0,16.0,56.0,4.572519083969466,487.0,64.0
classical_musopen_76480b1bf8fd__300s,classical_musopen_76480b1bf8fd,classical,discovery,300.0,acoustic,0,multiscale_mean,4,299.5,0.09700806438922882,1.8853385746479034,0.051532882774826774,0.013521239161491394,64.25,0.25,8.705355292137599,0.01611444354057312,0.0808936208486557,0.041041396650591755,0.008871898055076599,0.9,,,,,,550.0,64.0
classical_musopen_76480b1bf8fd__300s,classical_musopen_76480b1bf8fd,classical,discovery,300.0,acoustic,4,4_bars,1,299.5,0.09953677654266357,2.0224374532699585,0.04921624467630804,0.00523608922958374,62.0,0.0,8.84672261896131,0.009004831314086914,0.09053194522857666,0.046362536639701905,0.014719724655151367,0.9,7.430419921875,15.0,2.0,7.0,39.93333333333333,585.0,64.0
classical_musopen_76480b1bf8fd__300s,classical_musopen_76480b1bf8fd,classical,discovery,300.0,acoustic,8,8_bars,1,299.5,0.11167401075363159,2.1186050176620483,0.05271110462905804,0.02492356300354004,62.0,1.0,8.755376991617375,0.03063368797302246,0.08104032278060913,0.03976961393156976,0.008616268634796143,1.0,14.86083984375,30.0,4.0,14.0,19.966666666666665,571.0,64.0
classical_musopen_76480b1bf8fd__300s,classical_musopen_76480b1bf8fd,classical,discovery,300.0,acoustic,16,16_bars,1,299.5,0.08658796548843384,1.6059560179710388,0.05391677263853644,0.0047261714935302734,64.0,0.0,8.605664524811399,0.009114205837249756,0.07747375965118408,0.03781827980568866,0.009029924869537354,0.8,29.7216796875,59.0,7.0,24.5,10.152542372881356,550.0,64.0
classical_musopen_76480b1bf8fd__300s,classical_musopen_76480b1bf8fd,classical,discovery,300.0,acoustic,32,32_bars,1,299.5,0.09023350477218628,1.7943558096885681,0.05028740915540457,0.019199132919311523,69.0,0.0,8.613657033160312,0.01570504903793335,0.07452845573425293,0.040215156225406695,0.003121674060821533,0.9,59.443359375,119.0,15.0,52.5,5.033613445378151,494.0,64.0
classical_musopen_76480b1bf8fd__300s,classical_musopen_76480b1bf8fd,classical,discovery,300.0,rhythm,0,multiscale_mean,4,299.5,0.08798588812351227,2.079674080014229,0.042382459572986635,0.00881446897983551,68.25,0.25,10.376727920111207,0.002141594886779785,0.08584429323673248,0.041895975956336234,0.006529495120048523,0.55,,,,,,550.0,64.0
classical_musopen_76480b1bf8fd__300s,classical_musopen_76480b1bf8fd,classical,discovery,300.0,rhythm,4,4_bars,1,299.5,0.07075369358062744,2.0261430740356445,0.03492038370207548,0.0025697946548461914,70.0,0.0,10.10270629053299,-0.020080089569091797,0.09083378314971924,0.04837521010531085,0.0076087117195129395,0.1,7.430419921875,15.0,2.0,7.0,39.93333333333333,585.0,64.0
classical_musopen_76480b1bf8fd__300s,classical_musopen_76480b1bf8fd,classical,discovery,300.0,rhythm,8,8_bars,1,299.5,0.08355516195297241,1.8484869003295898,0.045201922685021094,0.00915461778640747,66.0,0.0,10.408504764970326,-0.00028461217880249023,0.0838397741317749,0.04018911109095306,0.003096938133239746,0.5,14.86083984375,30.0,4.0,14.0,19.966666666666665,571.0,64.0
classical_musopen_76480b1bf8fd__300s,classical_musopen_76480b1bf8fd,classical,discovery,300.0,rhythm,16,16_bars,1,299.5,0.09549355506896973,2.3492512702941895,0.04064850630346211,0.010879933834075928,75.0,0.0,10.685812942162698,0.0021477937698364258,0.0933457612991333,0.041437519831286684,0.01248013973236084,0.6,29.7216796875,59.0,7.0,24.5,10.152542372881356,550.0,64.0
classical_musopen_76480b1bf8fd__300s,classical_musopen_76480b1bf8fd,classical,discovery,300.0,rhythm,32,32_bars,1,299.5,0.10214114189147949,2.0948150753974915,0.04875902560138785,0.012653529644012451,62.0,1.0,10.309887682778816,0.026783287525177002,0.07535785436630249,0.037582062797794365,0.0029321908950805664,1.0,59.443359375,119.0,15.0,52.5,5.033613445378151,494.0,64.0
classical_musopen_9e03803778c4__300s,classical_musopen_9e03803778c4,classical,discovery,300.0,acoustic,0,multiscale_mean,4,299.5,0.11916425824165344,1.569026842713356,0.08707467156353658,0.027351871132850647,48.25,1.25,8.631920293785194,0.029119327664375305,0.09004493057727814,0.04207607863340038,0.006894633173942566,0.725,,,,,,546.5,64.0
classical_musopen_9e03803778c4__300s,classical_musopen_9e03803778c4,classical,discovery,300.0,acoustic,4,4_bars,1,299.5,0.08353745937347412,0.9734177589416504,0.08581871309220855,0.010118305683135986,40.0,0.0,8.665690864225605,-0.0068953633308410645,0.09043282270431519,0.0418668691816002,0.006146132946014404,0.2,7.8018798828125,16.0,2.0,7.0,37.4375,585.0,64.0
classical_musopen_9e03803778c4__300s,classical_musopen_9e03803778c4,classical,discovery,300.0,acoustic,8,8_bars,1,299.5,0.1622716784477234,1.0876687169075012,0.14919219053123092,0.09255897998809814,43.0,1.0,8.626286807492644,0.06254899501800537,0.09972268342971802,0.04658645581655403,0.013172924518585205,1.0,15.603759765625,31.0,4.0,14.0,19.322580645161292,571.0,64.0
classical_musopen_9e03803778c4__300s,classical_musopen_9e03803778c4,classical,discovery,300.0,acoustic,16,16_bars,1,299.5,0.09379643201828003,2.3450257778167725,0.039998038787277146,0.003923177719116211,64.0,0.0,8.635821644392776,0.0078200101852417,0.08597642183303833,0.04126310553392592,0.00489497184753418,0.7,31.20751953125,62.0,8.0,28.0,9.661290322580646,543.0,64.0
classical_musopen_9e03803778c4__300s,classical_musopen_9e03803778c4,classical,discovery,300.0,acoustic,32,32_bars,1,299.5,0.13705146312713623,1.8699951171875,0.07328974384342973,0.002807021141052246,46.0,4.0,8.59988185902975,0.053003668785095215,0.08404779434204102,0.03858788400152137,0.0033645033836364746,1.0,62.4150390625,125.0,16.0,56.0,4.792,487.0,64.0
classical_musopen_9e03803778c4__300s,classical_musopen_9e03803778c4,classical,discovery,300.0,rhythm,0,multiscale_mean,4,299.5,0.10553233325481415,1.5840506851673126,0.07499935429925189,0.020114779472351074,50.0,0.25,10.925734129307445,0.019490212202072144,0.086042121052742,0.046786503946976934,0.004868850111961365,0.7250000000000001,,,,,,546.5,64.0
classical_musopen_9e03803778c4__300s,classical_musopen_9e03803778c4,classical,discovery,300.0,rhythm,4,4_bars,1,299.5,0.14401745796203613,1.6368610262870789,0.08798392511593578,0.053877830505371094,46.0,1.0,10.934877251334212,0.06262123584747314,0.08139622211456299,0.04515545708452316,0.006812572479248047,1.0,7.8018798828125,16.0,2.0,7.0,37.4375,585.0,64.0
classical_musopen_9e03803778c4__300s,classical_musopen_9e03803778c4,classical,discovery,300.0,rhythm,8,8_bars,1,299.5,0.09153008460998535,0.7879603505134583,0.11616077452417707,0.016391456127166748,32.0,0.0,11.196703547860038,0.008512318134307861,0.08301776647567749,0.044497923263303554,0.004021108150482178,0.7,15.603759765625,31.0,4.0,14.0,19.322580645161292,571.0,64.0
classical_musopen_9e03803778c4__300s,classical_musopen_9e03803778c4,classical,discovery,300.0,rhythm,16,16_bars,1,299.5,0.08825987577438354,1.7595454454421997,0.05016061165285932,0.0010543465614318848,56.0,0.0,10.92256695873893,-0.001941382884979248,0.09020125865936279,0.043146979568121635,0.005777895450592041,0.5,31.20751953125,62.0,8.0,28.0,9.661290322580646,543.0,64.0
classical_musopen_9e03803778c4__300s,classical_musopen_9e03803778c4,classical,discovery,300.0,rhythm,32,32_bars,1,299.5,0.09832191467285156,2.1518359184265137,0.045692105904035406,0.00913548469543457,66.0,0.0,10.6487887592966,0.008768677711486816,0.08955323696136475,0.0543456558719594,0.0028638243675231934,0.7,62.4150390625,125.0,16.0,56.0,4.792,487.0,64.0
classical_musopen_baea77fb0fba__300s,classical_musopen_baea77fb0fba,classical,discovery,300.0,acoustic,0,multiscale_mean,4,299.5,0.09347718954086304,1.8395435810089111,0.051673419635102996,0.008753165602684021,60.0,0.25,8.679940808407618,0.0034177005290985107,0.09005948901176453,0.042586506157944404,0.007043778896331787,0.65,,,,,,551.75,64.0
classical_musopen_baea77fb0fba__300s,classical_musopen_baea77fb0fba,classical,discovery,300.0,acoustic,4,4_bars,1,299.5,0.08563143014907837,1.5020849108695984,0.05700838183608673,0.004179894924163818,54.0,0.0,8.411745297527872,-0.0014119148254394531,0.08704334497451782,0.048136890581116344,0.002847015857696533,0.5,7.058837890625,14.0,2.0,7.0,42.785714285714285,585.0,64.0
classical_musopen_baea77fb0fba__300s,classical_musopen_baea77fb0fba,classical,discovery,300.0,acoustic,8,8_bars,1,299.5,0.10063594579696655,2.2211013436317444,0.04530902927302531,0.005870938301086426,61.0,1.0,8.682833248665656,0.00570523738861084,0.09493070840835571,0.04487769486384181,0.01382303237915039,0.8,14.11767578125,28.0,4.0,14.0,21.392857142857142,571.0,64.0
classical_musopen_baea77fb0fba__300s,classical_musopen_baea77fb0fba,classical,discovery,300.0,acoustic,16,16_bars,1,299.5,0.08960676193237305,1.5833873748779297,0.05659181281477707,0.0128326416015625,59.0,0.0,8.891399728689667,-0.00015461444854736328,0.08976137638092041,0.036165947156929654,0.005486488342285156,0.5,28.2353515625,56.0,7.0,24.5,10.696428571428571,550.0,64.0
classical_musopen_baea77fb0fba__300s,classical_musopen_baea77fb0fba,classical,discovery,300.0,acoustic,32,32_bars,1,299.5,0.09803462028503418,2.051600694656372,0.04778445461652286,0.01212918758392334,66.0,0.0,8.733784958747275,0.00953209400177002,0.08850252628326416,0.0411654920298898,0.006018579006195068,0.8,56.470703125,113.0,14.0,49.0,5.300884955752212,501.0,64.0
classical_musopen_baea77fb0fba__300s,classical_musopen_baea77fb0fba,classical,discovery,300.0,rhythm,0,multiscale_mean,4,299.5,0.11490906774997711,1.555373653769493,0.0769696058925881,0.02273869514465332,50.5,1.0,9.831575502048173,0.014995530247688293,0.09991353750228882,0.05235094147659328,0.01589946448802948,0.775,,,,,,551.75,64.0
classical_musopen_baea77fb0fba__300s,classical_musopen_baea77fb0fba,classical,discovery,300.0,rhythm,4,4_bars,1,299.5,0.13923382759094238,1.361484944820404,0.10226615293884793,0.013572275638580322,44.0,2.0,9.833426457179051,0.03058004379272461,0.10865378379821777,0.06065445985521756,0.03145337104797363,0.8,7.058837890625,14.0,2.0,7.0,42.785714285714285,585.0,64.0
classical_musopen_baea77fb0fba__300s,classical_musopen_baea77fb0fba,classical,discovery,300.0,rhythm,8,8_bars,1,299.5,0.10441446304321289,1.1637842059135437,0.08971978010412159,0.03560584783554077,52.0,1.0,9.784310366886832,0.0027636289596557617,0.10165083408355713,0.049962800574564724,0.010541796684265137,0.9,14.11767578125,28.0,4.0,14.0,21.392857142857142,571.0,64.0
classical_musopen_baea77fb0fba__300s,classical_musopen_baea77fb0fba,classical,discovery,300.0,rhythm,16,16_bars,1,299.5,0.0866091251373291,1.7360838651657104,0.04988763899897324,0.009348094463348389,56.0,0.0,9.855956044756644,-0.0025524497032165527,0.08916157484054565,0.04672107483790429,0.006989657878875732,0.4,28.2353515625,56.0,7.0,24.5,10.696428571428571,550.0,64.0
classical_musopen_baea77fb0fba__300s,classical_musopen_baea77fb0fba,classical,discovery,300.0,rhythm,32,32_bars,1,299.5,0.12937885522842407,1.9601415991783142,0.06600485152840964,0.0324285626411438,50.0,1.0,9.852609139370166,0.029190897941589355,0.10018795728683472,0.05206543063868652,0.014613032341003418,1.0,56.470703125,113.0,14.0,49.0,5.300884955752212,501.0,64.0
classical_musopen_d2e3d82ad3e8__300s,classical_musopen_d2e3d82ad3e8,classical,discovery,300.0,acoustic,0,multiscale_mean,4,299.5,0.09246093034744263,1.4774219542741776,0.06443537257335281,0.010764732956886292,51.75,0.25,10.075569648744448,0.008943602442741394,0.08351732790470123,0.046003245873135555,0.008975297212600708,0.75,,,,,,537.75,64.0
classical_musopen_d2e3d82ad3e8__300s,classical_musopen_d2e3d82ad3e8,classical,discovery,300.0,acoustic,4,4_bars,1,299.5,0.10472416877746582,1.1973263025283813,0.08746501981650356,0.03326690196990967,41.0,1.0,9.847235261234761,0.01395028829574585,0.09077388048171997,0.051169338934832435,0.004268348217010498,1.0,9.287841796875,19.0,2.0,7.0,31.526315789473685,585.0,64.0
classical_musopen_d2e3d82ad3e8__300s,classical_musopen_d2e3d82ad3e8,classical,discovery,300.0,acoustic,8,8_bars,1,299.5,0.09171032905578613,1.4520758390426636,0.0631580848533708,0.005511760711669922,52.0,0.0,10.036548955068422,0.017712295055389404,0.07399803400039673,0.04361627159931219,0.010642409324645996,0.9,18.57568359375,37.0,5.0,17.5,16.18918918918919,564.0,64.0
classical_musopen_d2e3d82ad3e8__300s,classical_musopen_d2e3d82ad3e8,classical,discovery,300.0,acoustic,16,16_bars,1,299.5,0.09601330757141113,1.5559500455856323,0.06170719159256389,0.003906548023223877,54.0,0.0,10.1079958970139,0.016366660594940186,0.07964664697647095,0.046065635020899075,0.007558643817901611,0.9,37.1513671875,74.0,9.0,31.5,8.094594594594595,536.0,64.0
classical_musopen_d2e3d82ad3e8__300s,classical_musopen_d2e3d82ad3e8,classical,discovery,300.0,acoustic,32,32_bars,1,299.5,0.07739591598510742,1.704335629940033,0.045411194030973,0.0003737211227416992,60.0,0.0,10.310498481660705,-0.012254834175109863,0.08965075016021729,0.04316173793749853,0.013431787490844727,0.2,74.302734375,149.0,19.0,66.5,4.02013422818792,466.0,64.0
classical_musopen_d2e3d82ad3e8__300s,classical_musopen_d2e3d82ad3e8,classical,discovery,300.0,rhythm,0,multiscale_mean,4,299.5,0.10751184821128845,1.5492318868637085,0.06985998333781321,0.0029790401458740234,44.0,1.75,14.347842979869835,-0.007871434092521667,0.11538328230381012,0.07900629265910741,0.01910705864429474,0.5,,,,,,537.75,64.0
classical_musopen_d2e3d82ad3e8__300s,classical_musopen_d2e3d82ad3e8,classical,discovery,300.0,rhythm,4,4_bars,1,299.5,0.14137190580368042,1.7381001710891724,0.08133703002577256,0.002142667770385742,41.0,5.0,14.145847518130545,0.02657240629196167,0.11479949951171875,0.07434386446247841,0.015388548374176025,0.9,9.287841796875,19.0,2.0,7.0,31.526315789473685,585.0,64.0
classical_musopen_d2e3d82ad3e8__300s,classical_musopen_d2e3d82ad3e8,classical,discovery,300.0,rhythm,8,8_bars,1,299.5,0.1218077540397644,1.3507874011993408,0.09017537025561047,0.0029444098472595215,45.0,2.0,14.286628874039364,0.013542652130126953,0.10826510190963745,0.07258857822199237,0.016689538955688477,0.9,18.57568359375,37.0,5.0,17.5,16.18918918918919,564.0,64.0
classical_musopen_d2e3d82ad3e8__300s,classical_musopen_d2e3d82ad3e8,classical,discovery,300.0,rhythm,16,16_bars,1,299.5,0.09069651365280151,1.4916122555732727,0.06080435000042557,0.004530727863311768,39.0,0.0,14.4531337939666,-0.03032100200653076,0.12101751565933228,0.07677533110127108,0.01533651351928711,0.1,37.1513671875,74.0,9.0,31.5,8.094594594594595,536.0,64.0
classical_musopen_d2e3d82ad3e8__300s,classical_musopen_d2e3d82ad3e8,classical,discovery,300.0,rhythm,32,32_bars,1,299.5,0.07617121934890747,1.616427719593048,0.047123183069444234,0.0022983551025390625,51.0,0.0,14.50576173334283,-0.04127979278564453,0.117451012134552,0.09231739685068777,0.029013633728027344,0.1,74.302734375,149.0,19.0,66.5,4.02013422818792,466.0,64.0
focus_brainfm_04c480937ba9__300s,focus_brainfm_04c480937ba9,focus,discovery,300.0,acoustic,0,multiscale_mean,4,299.5,0.13691216707229614,1.8410873264074326,0.07642070314524685,0.04479561746120453,55.75,1.5,9.202915255029318,0.057328000664711,0.07958416640758514,0.043040444103984096,0.0063966065645217896,1.0,,,,,,550.0,64.0
focus_brainfm_04c480937ba9__300s,focus_brainfm_04c480937ba9,focus,discovery,300.0,acoustic,4,4_bars,1,299.5,0.14311820268630981,1.4382049441337585,0.09951168869921453,0.039064764976501465,42.0,3.0,9.034634890894072,0.0543859601020813,0.08873224258422852,0.04487192373486662,0.010188460350036621,1.0,7.430419921875,15.0,2.0,7.0,39.93333333333333,585.0,64.0
focus_brainfm_04c480937ba9__300s,focus_brainfm_04c480937ba9,focus,discovery,300.0,acoustic,8,8_bars,1,299.5,0.18156850337982178,1.9041692614555359,0.09535313223207473,0.09174656867980957,56.0,1.0,9.386561226359056,0.107174813747406,0.07439368963241577,0.04123438125723466,0.004876077175140381,1.0,14.86083984375,30.0,4.0,14.0,19.966666666666665,571.0,64.0
focus_brainfm_04c480937ba9__300s,focus_brainfm_04c480937ba9,focus,discovery,300.0,acoustic,16,16_bars,1,299.5,0.12152910232543945,2.022570848464966,0.06008645008291018,0.03901416063308716,61.0,1.0,9.281276513701545,0.043572425842285156,0.0779566764831543,0.04351164001663816,0.005996108055114746,1.0,29.7216796875,59.0,7.0,24.5,10.152542372881356,550.0,64.0
focus_brainfm_04c480937ba9__300s,focus_brainfm_04c480937ba9,focus,discovery,300.0,acoustic,32,32_bars,1,299.5,0.10143285989761353,1.99940425157547,0.05073154156678796,0.009356975555419922,64.0,1.0,9.109188389162593,0.024178802967071533,0.07725405693054199,0.04254383140719693,0.00452578067779541,1.0,59.443359375,119.0,15.0,52.5,5.033613445378151,494.0,64.0
focus_brainfm_04c480937ba9__300s,focus_brainfm_04c480937ba9,focus,discovery,300.0,rhythm,0,multiscale_mean,4,299.5,0.09307178854942322,2.1650910824537277,0.043358378233175385,0.00814037024974823,72.5,0.25,11.236177387658117,0.007054075598716736,0.08601771295070648,0.038676405092704993,0.005741193890571594,0.725,,,,,,550.0,64.0
focus_brainfm_04c480937ba9__300s,focus_brainfm_04c480937ba9,focus,discovery,300.0,rhythm,4,4_bars,1,299.5,0.09266847372055054,2.4274332523345947,0.03817549818575906,0.0005587339401245117,77.0,0.0,11.116390237498148,0.011717438697814941,0.0809510350227356,0.036350481104231246,0.002766132354736328,0.9,7.430419921875,15.0,2.0,7.0,39.93333333333333,585.0,64.0
focus_brainfm_04c480937ba9__300s,focus_brainfm_04c480937ba9,focus,discovery,300.0,rhythm,8,8_bars,1,299.5,0.082752525806427,1.7840946912765503,0.046383483013009895,0.009264051914215088,69.0,0.0,11.299834210972161,-0.007449448108673096,0.0902019739151001,0.04360968649070204,0.010187923908233643,0.4,14.86083984375,30.0,4.0,14.0,19.966666666666665,571.0,64.0
focus_brainfm_04c480937ba9__300s,focus_brainfm_04c480937ba9,focus,discovery,300.0,rhythm,16,16_bars,1,299.5,0.10525131225585938,2.464257299900055,0.0427111699172518,0.015584230422973633,76.0,1.0,11.31959865247375,0.022919833660125732,0.08233147859573364,0.0377366990590435,0.0023246407508850098,1.0,29.7216796875,59.0,7.0,24.5,10.152542372881356,550.0,64.0
focus_brainfm_04c480937ba9__300s,focus_brainfm_04c480937ba9,focus,discovery,300.0,rhythm,32,32_bars,1,299.5,0.09161484241485596,1.984579086303711,0.04616336181668078,0.0071544647216796875,68.0,0.0,11.208886449688405,0.0010284781455993652,0.09058636426925659,0.03700875371684318,0.0076860785484313965,0.6,59.443359375,119.0,15.0,52.5,5.033613445378151,494.0,64.0
focus_brainfm_103f135c5e1c__300s,focus_brainfm_103f135c5e1c,focus,discovery,300.0,acoustic,0,multiscale_mean,4,299.5,0.12715549767017365,2.189266547560692,0.06142108422460156,0.011280298233032227,53.0,3.0,7.931387183063434,0.03811657428741455,0.0890389233827591,0.03431154670850897,0.005851030349731445,0.975,,,,,,555.25,64.0
focus_brainfm_103f135c5e1c__300s,focus_brainfm_103f135c5e1c,focus,discovery,300.0,acoustic,4,4_bars,1,299.5,0.12012755870819092,1.8108439445495605,0.06633788575197855,0.009547054767608643,44.0,3.0,7.881741077216962,0.030973851680755615,0.0891537070274353,0.03397931293280443,0.0053844451904296875,1.0,6.6875,13.0,2.0,7.0,46.07692307692308,585.0,64.0
focus_brainfm_103f135c5e1c__300s,focus_brainfm_103f135c5e1c,focus,discovery,300.0,acoustic,8,8_bars,1,299.5,0.12610387802124023,2.2894731760025024,0.0550798669943021,0.016163349151611328,48.0,4.0,7.92137309158514,0.037847042083740234,0.0882568359375,0.03331760105125603,0.005671560764312744,1.0,13.375,27.0,3.0,10.5,22.185185185185187,578.0,64.0
focus_brainfm_103f135c5e1c__300s,focus_brainfm_103f135c5e1c,focus,discovery,300.0,acoustic,16,16_bars,1,299.5,0.1532183289527893,1.7732447385787964,0.08640563009682989,0.017826080322265625,51.0,3.0,7.98332831275882,0.06412762403488159,0.08909070491790771,0.03376077949321307,0.006510317325592041,1.0,26.75,54.0,7.0,24.5,11.092592592592593,550.0,64.0
focus_brainfm_103f135c5e1c__300s,focus_brainfm_103f135c5e1c,focus,discovery,300.0,acoustic,32,32_bars,1,299.5,0.10917222499847412,2.883504331111908,0.03786095405529571,0.0015847086906433105,69.0,2.0,7.939106250692815,0.01951777935028076,0.08965444564819336,0.03618849335676237,0.005837798118591309,0.9,53.5,107.0,13.0,45.5,5.598130841121495,508.0,64.0
focus_brainfm_103f135c5e1c__300s,focus_brainfm_103f135c5e1c,focus,discovery,300.0,rhythm,0,multiscale_mean,4,299.5,0.15211358666419983,3.1349438279867172,0.04951991200138194,0.012807682156562805,60.0,7.25,16.126563530796858,0.018698692321777344,0.13341489434242249,0.05315456046693918,0.009277671575546265,0.75,,,,,,555.25,64.0
focus_brainfm_103f135c5e1c__300s,focus_brainfm_103f135c5e1c,focus,discovery,300.0,rhythm,4,4_bars,1,299.5,0.11979800462722778,2.243301212787628,0.05340254975316548,0.005700469017028809,50.0,4.0,15.936571885728116,-0.012469649314880371,0.13226765394210815,0.05145026177075819,0.012941837310791016,0.3,6.6875,13.0,2.0,7.0,46.07692307692308,585.0,64.0
focus_brainfm_103f135c5e1c__300s,focus_brainfm_103f135c5e1c,focus,discovery,300.0,rhythm,8,8_bars,1,299.5,0.18557417392730713,3.0512056946754456,0.06081994873408445,0.026555895805358887,58.0,6.0,16.11454203015735,0.052477121353149414,0.13309705257415771,0.0538815362506687,0.0075623393058776855,1.0,13.375,27.0,3.0,10.5,22.185185185185187,578.0,64.0
focus_brainfm_103f135c5e1c__300s,focus_brainfm_103f135c5e1c,focus,discovery,300.0,rhythm,16,16_bars,1,299.5,0.14333128929138184,3.724467933177948,0.0384836953527165,0.0033762454986572266,69.0,9.0,16.57941343306502,0.017157137393951416,0.12617415189743042,0.05095259432561135,0.004992127418518066,0.9,26.75,54.0,7.0,24.5,11.092592592592593,550.0,64.0
focus_brainfm_103f135c5e1c__300s,focus_brainfm_103f135c5e1c,focus,discovery,300.0,rhythm,32,32_bars,1,299.5,0.15975087881088257,3.520800471305847,0.04537345416556132,0.015598118305206299,63.0,10.0,15.875726774236941,0.017630159854888916,0.14212071895599365,0.05633384952071849,0.011614382266998291,0.8,53.5,107.0,13.0,45.5,5.598130841121495,508.0,64.0
focus_brainfm_1149181b1db8__300s,focus_brainfm_1149181b1db8,focus,discovery,300.0,acoustic,0,multiscale_mean,4,299.5,0.19289927184581757,1.4096715599298477,0.1376178059256388,0.0619327574968338,32.25,2.75,11.74504744331552,0.09755975008010864,0.09533952176570892,0.06829652670186952,0.01846696436405182,0.95,,,,,,558.75,64.0
focus_brainfm_1149181b1db8__300s,focus_brainfm_1149181b1db8,focus,discovery,300.0,acoustic,4,4_bars,1,299.5,0.20013022422790527,1.34766685962677,0.14850125815465284,0.08070260286331177,30.0,2.0,11.821760218076248,0.1014067530632019,0.09872347116470337,0.07730684099827112,0.026606202125549316,1.0,5.9443359375,12.0,2.0,7.0,49.916666666666664,585.0,64.0
focus_brainfm_1149181b1db8__300s,focus_brainfm_1149181b1db8,focus,discovery,300.0,acoustic,8,8_bars,1,299.5,0.2890680432319641,1.3676064014434814,0.2113678635365106,0.13085371255874634,31.0,4.0,11.946253240234466,0.20278066396713257,0.08628737926483154,0.059603577817531304,0.009588301181793213,1.0,11.888671875,24.0,3.0,10.5,24.958333333333332,578.0,64.0
focus_brainfm_1149181b1db8__300s,focus_brainfm_1149181b1db8,focus,discovery,300.0,acoustic,16,16_bars,1,299.5,0.17589372396469116,1.58022141456604,0.11130954329776314,0.03220689296722412,35.0,3.0,11.702214309810731,0.08167427778244019,0.09421944618225098,0.07051917825528478,0.022963225841522217,1.0,23.77734375,48.0,6.0,21.0,12.479166666666666,557.0,64.0
focus_brainfm_1149181b1db8__300s,focus_brainfm_1149181b1db8,focus,discovery,300.0,acoustic,32,32_bars,1,299.5,0.10650509595870972,1.3431915640830994,0.07929255871362854,0.0039678215980529785,33.0,2.0,11.509962005140634,0.004377305507659912,0.1021277904510498,0.06575650973639087,0.01471012830734253,0.8,47.5546875,95.0,12.0,42.0,6.3052631578947365,515.0,64.0
focus_brainfm_1149181b1db8__300s,focus_brainfm_1149181b1db8,focus,discovery,300.0,rhythm,0,multiscale_mean,4,299.5,0.13307137787342072,1.3488364443182945,0.11124631307921098,0.02570962905883789,36.0,2.5,13.97577859897564,0.024968311190605164,0.10810306668281555,0.0653486242195504,0.010684892535209656,0.825,,,,,,558.75,64.0
focus_brainfm_1149181b1db8__300s,focus_brainfm_1149181b1db8,focus,discovery,300.0,rhythm,4,4_bars,1,299.5,0.10245442390441895,0.7429249584674835,0.13790682724640646,0.004060328006744385,26.0,1.0,14.011736383492549,-0.0014873147010803223,0.10394173860549927,0.08092107308459642,0.012086927890777588,0.5,5.9443359375,12.0,2.0,7.0,49.916666666666664,585.0,64.0
focus_brainfm_1149181b1db8__300s,focus_brainfm_1149181b1db8,focus,discovery,300.0,rhythm,8,8_bars,1,299.5,0.14695584774017334,1.152292251586914,0.12753348600390974,0.05747264623641968,29.0,1.0,14.336101711276156,0.03658759593963623,0.11036825180053711,0.06684178352673782,0.016236603260040283,0.9,11.888671875,24.0,3.0,10.5,24.958333333333332,578.0,64.0
focus_brainfm_1149181b1db8__300s,focus_brainfm_1149181b1db8,focus,discovery,300.0,rhythm,16,16_bars,1,299.5,0.1255139708518982,1.1016047596931458,0.11393738974662779,0.020035624504089355,37.0,3.0,13.949229122559785,0.01841568946838379,0.1070982813835144,0.05432510712428784,0.00705409049987793,0.9,23.77734375,48.0,6.0,21.0,12.479166666666666,557.0,64.0
focus_brainfm_1149181b1db8__300s,focus_brainfm_1149181b1db8,focus,discovery,300.0,rhythm,32,32_bars,1,299.5,0.15736126899719238,2.3985238075256348,0.06560754931989998,0.021269917488098145,52.0,5.0,13.60604717857407,0.04635727405548096,0.11100399494171143,0.059306533142579484,0.007361948490142822,1.0,47.5546875,95.0,12.0,42.0,6.3052631578947365,515.0,64.0
focus_brainfm_17ebf83a164b__300s,focus_brainfm_17ebf83a164b,focus,discovery,300.0,acoustic,0,multiscale_mean,4,299.5,0.15330517292022705,1.2452176660299301,0.1257579001039439,0.05074551701545715,33.75,1.75,9.233457570386793,0.05079849064350128,0.10250668227672577,0.047102913482787126,0.007849976420402527,0.95,,,,,,525.5,64.0
focus_brainfm_17ebf83a164b__300s,focus_brainfm_17ebf83a164b,focus,discovery,300.0,acoustic,4,4_bars,1,299.5,0.10992568731307983,1.2588329315185547,0.08732349191125334,0.013499915599822998,40.0,1.0,9.065357587837305,0.0024283528327941895,0.10749733448028564,0.05131668169946648,0.0029000043869018555,0.8,11.145751953125,22.0,3.0,10.5,27.227272727272727,578.0,64.0
focus_brainfm_17ebf83a164b__300s,focus_brainfm_17ebf83a164b,focus,discovery,300.0,acoustic,8,8_bars,1,299.5,0.12385588884353638,1.2205320596694946,0.10147696478949932,0.02301955223083496,29.0,2.0,9.09708500329139,0.028106272220611572,0.0957496166229248,0.049392577158497195,0.005086362361907959,1.0,22.29150390625,45.0,6.0,21.0,13.311111111111112,557.0,64.0
focus_brainfm_17ebf83a164b__300s,focus_brainfm_17ebf83a164b,focus,discovery,300.0,acoustic,16,16_bars,1,299.5,0.20984500646591187,1.0735928416252136,0.19546051196489608,0.11365276575088501,29.0,1.0,9.430087212927427,0.11305069923400879,0.09679430723190308,0.04224407340013144,0.013906598091125488,1.0,44.5830078125,89.0,11.0,38.5,6.730337078651686,522.0,64.0
focus_brainfm_17ebf83a164b__300s,focus_brainfm_17ebf83a164b,focus,discovery,300.0,acoustic,32,32_bars,1,299.5,0.16959410905838013,1.4279128313064575,0.11877063175012675,0.052809834480285645,37.0,3.0,9.34130047749105,0.059608638286590576,0.10998547077178955,0.04545832167305337,0.009506940841674805,1.0,89.166015625,178.0,22.0,77.0,3.365168539325843,445.0,64.0
focus_brainfm_17ebf83a164b__300s,focus_brainfm_17ebf83a164b,focus,discovery,300.0,rhythm,0,multiscale_mean,4,299.5,0.11396782100200653,1.651877984404564,0.06958464221947078,0.009967505931854248,47.5,1.5,7.77852437307749,0.012599840760231018,0.10136798024177551,0.039442724359751345,0.007248237729072571,0.75,,,,,,525.5,64.0
focus_brainfm_17ebf83a164b__300s,focus_brainfm_17ebf83a164b,focus,discovery,300.0,rhythm,4,4_bars,1,299.5,0.13487917184829712,1.9184396266937256,0.07030670653980933,0.0003498196601867676,45.0,3.0,8.01107609479362,0.03120565414428711,0.10367351770401001,0.0439204592218257,0.00549691915512085,1.0,11.145751953125,22.0,3.0,10.5,27.227272727272727,578.0,64.0
focus_brainfm_17ebf83a164b__300s,focus_brainfm_17ebf83a164b,focus,discovery,300.0,rhythm,8,8_bars,1,299.5,0.106983482837677,1.3010323643684387,0.08222968603060854,0.01844310760498047,43.0,1.0,7.694180791823436,0.00370866060256958,0.10327482223510742,0.03749413310886794,0.009258687496185303,0.8,22.29150390625,45.0,6.0,21.0,13.311111111111112,557.0,64.0
focus_brainfm_17ebf83a164b__300s,focus_brainfm_17ebf83a164b,focus,discovery,300.0,rhythm,16,16_bars,1,299.5,0.08969438076019287,1.6391937732696533,0.05471859533804965,0.015192806720733643,51.0,0.0,7.64556930725751,-0.007694363594055176,0.09738874435424805,0.03745546168938732,0.003090202808380127,0.3,44.5830078125,89.0,11.0,38.5,6.730337078651686,522.0,64.0
focus_brainfm_17ebf83a164b__300s,focus_brainfm_17ebf83a164b,focus,discovery,300.0,rhythm,32,32_bars,1,299.5,0.12431424856185913,1.748846173286438,0.0710835809694156,0.005884289741516113,51.0,2.0,7.763271298435391,0.02317941188812256,0.10113483667373657,0.03890084341892441,0.011147141456604004,0.9,89.166015625,178.0,22.0,77.0,3.365168539325843,445.0,64.0
focus_brainfm_1bc6037aa4b4__300s,focus_brainfm_1bc6037aa4b4,focus,discovery,300.0,acoustic,0,multiscale_mean,4,299.5,0.12300685048103333,1.5856048315763474,0.08151580615078527,0.029954329133033752,45.5,1.75,8.30990526246007,0.023266896605491638,0.09973995387554169,0.04301726351063204,0.007142841815948486,0.7749999999999999,,,,,,520.25,64.0
focus_brainfm_1bc6037aa4b4__300s,focus_brainfm_1bc6037aa4b4,focus,discovery,300.0,acoustic,4,4_bars,1,299.5,0.11812472343444824,1.3245351314544678,0.08918202366194385,0.05213189125061035,46.0,1.0,8.564311383759074,0.013511478900909424,0.10461324453353882,0.04485286943080771,0.013818800449371338,0.8,12.2601318359375,25.0,3.0,10.5,23.96,578.0,64.0
focus_brainfm_1bc6037aa4b4__300s,focus_brainfm_1bc6037aa4b4,focus,discovery,300.0,acoustic,8,8_bars,1,299.5,0.12236678600311279,2.1374295353889465,0.05724950646424271,0.0023845434188842773,51.0,4.0,8.429935418881218,0.028484880924224854,0.09388190507888794,0.040935118246272474,0.0038115978240966797,1.0,24.520263671875,49.0,6.0,21.0,12.224489795918368,557.0,64.0
focus_brainfm_1bc6037aa4b4__300s,focus_brainfm_1bc6037aa4b4,focus,discovery,300.0,acoustic,16,16_bars,1,299.5,0.16124778985977173,1.3270403146743774,0.12150933779230204,0.06035745143890381,35.0,2.0,8.200783322574843,0.06489992141723633,0.0963478684425354,0.041144648946695124,0.003990530967712402,1.0,49.04052734375,98.0,12.0,42.0,6.112244897959184,515.0,64.0
focus_brainfm_1bc6037aa4b4__300s,focus_brainfm_1bc6037aa4b4,focus,discovery,300.0,acoustic,32,32_bars,1,299.5,0.09028810262680054,1.5534143447875977,0.058122356684652515,0.004943430423736572,50.0,0.0,8.044590924625144,-0.013828694820404053,0.10411679744720459,0.04513641741875286,0.006950438022613525,0.3,98.0810546875,196.0,24.0,84.0,3.056122448979592,431.0,64.0
focus_brainfm_1bc6037aa4b4__300s,focus_brainfm_1bc6037aa4b4,focus,discovery,300.0,rhythm,0,multiscale_mean,4,299.5,0.10662221908569336,2.0857636779546738,0.05130980390648163,0.011943712830543518,56.5,1.0,7.933803627908625,0.0076498836278915405,0.09897233545780182,0.045569350334964405,0.009297728538513184,0.65,,,,,,520.25,64.0
focus_brainfm_1bc6037aa4b4__300s,focus_brainfm_1bc6037aa4b4,focus,discovery,300.0,rhythm,4,4_bars,1,299.5,0.09709250926971436,2.2908024191856384,0.04238362438268681,0.0013201236724853516,57.0,0.0,7.974660202226244,-0.006123840808868408,0.10321635007858276,0.05175135371878383,0.0034936070442199707,0.5,12.2601318359375,25.0,3.0,10.5,23.96,578.0,64.0
focus_brainfm_1bc6037aa4b4__300s,focus_brainfm_1bc6037aa4b4,focus,discovery,300.0,rhythm,8,8_bars,1,299.5,0.09161388874053955,1.9140931367874146,0.04786281658911485,0.002355813980102539,53.0,0.0,8.066366743178138,-0.0076697468757629395,0.09928363561630249,0.040963611887654704,0.013512134552001953,0.3,24.520263671875,49.0,6.0,21.0,12.224489795918368,557.0,64.0
focus_brainfm_1bc6037aa4b4__300s,focus_brainfm_1bc6037aa4b4,focus,discovery,300.0,rhythm,16,16_bars,1,299.5,0.11455881595611572,1.9676900506019592,0.05821994979395748,0.027575910091400146,63.0,1.0,7.831200321491497,0.026704132556915283,0.08785468339920044,0.04131762892470791,0.008999347686767578,0.9,49.04052734375,98.0,12.0,42.0,6.112244897959184,515.0,64.0
focus_brainfm_1bc6037aa4b4__300s,focus_brainfm_1bc6037aa4b4,focus,discovery,300.0,rhythm,32,32_bars,1,299.5,0.12322366237640381,2.170469105243683,0.05677282486016738,0.016523003578186035,53.0,3.0,7.862987244738618,0.017688989639282227,0.10553467273712158,0.04824480680871119,0.011185824871063232,0.9,98.0810546875,196.0,24.0,84.0,3.056122448979592,431.0,64.0
focus_brainfm_20a78cdf11cf__300s,focus_brainfm_20a78cdf11cf,focus,discovery,300.0,acoustic,0,multiscale_mean,4,299.5,0.09651453793048859,2.008759945631027,0.04859240348353493,0.0065717995166778564,62.75,0.75,8.426645870466293,0.01873520016670227,0.07777933776378632,0.04192848117290176,0.007362857460975647,0.875,,,,,,527.25,64.0
focus_brainfm_20a78cdf11cf__300s,focus_brainfm_20a78cdf11cf,focus,discovery,300.0,acoustic,4,4_bars,1,299.5,0.08488208055496216,1.767474889755249,0.04802449021876413,0.00898522138595581,65.0,0.0,8.444219933072144,0.0019673705101013184,0.08291471004486084,0.04159885837954286,0.007225930690765381,0.6,10.77392578125,22.0,3.0,10.5,27.227272727272727,578.0,64.0
focus_brainfm_20a78cdf11cf__300s,focus_brainfm_20a78cdf11cf,focus,discovery,300.0,acoustic,8,8_bars,1,299.5,0.0955919623374939,2.0204989314079285,0.04731106799986442,0.01017916202545166,59.0,0.0,8.323174789820596,0.017885804176330566,0.07770615816116333,0.04149916941958145,0.010967552661895752,0.9,21.5478515625,43.0,5.0,17.5,13.930232558139535,564.0,64.0
focus_brainfm_20a78cdf11cf__300s,focus_brainfm_20a78cdf11cf,focus,discovery,300.0,acoustic,16,16_bars,1,299.5,0.11403125524520874,1.899316430091858,0.06003805023668108,0.00283968448638916,56.0,3.0,8.458641659265167,0.033946871757507324,0.08008438348770142,0.04347207731395,0.004613995552062988,1.0,43.095703125,86.0,11.0,38.5,6.965116279069767,522.0,64.0
focus_brainfm_20a78cdf11cf__300s,focus_brainfm_20a78cdf11cf,focus,discovery,300.0,acoustic,32,32_bars,1,299.5,0.09155285358428955,2.3477495312690735,0.03899600547883009,0.004283130168914795,71.0,0.0,8.480547099707266,0.021140754222869873,0.07041209936141968,0.04114381957853273,0.006643950939178467,1.0,86.19140625,172.0,22.0,77.0,3.4825581395348837,445.0,64.0
focus_brainfm_20a78cdf11cf__300s,focus_brainfm_20a78cdf11cf,focus,discovery,300.0,rhythm,0,multiscale_mean,4,299.5,0.14739196002483368,2.4443480521440506,0.06069038015774596,0.030286654829978943,55.25,3.75,11.108919162691176,0.027692779898643494,0.11969918012619019,0.051792380837378665,0.010584786534309387,0.8999999999999999,,,,,,527.25,64.0
focus_brainfm_20a78cdf11cf__300s,focus_brainfm_20a78cdf11cf,focus,discovery,300.0,rhythm,4,4_bars,1,299.5,0.14277011156082153,2.5306093096733093,0.05641728694155975,0.03245353698730469,55.0,5.0,11.154570864745505,0.02114003896713257,0.12163007259368896,0.052802172493579956,0.007974207401275635,0.8,10.77392578125,22.0,3.0,10.5,27.227272727272727,578.0,64.0
focus_brainfm_20a78cdf11cf__300s,focus_brainfm_20a78cdf11cf,focus,discovery,300.0,rhythm,8,8_bars,1,299.5,0.15613865852355957,2.179679274559021,0.07163377674229093,0.04126375913619995,49.0,3.0,10.911957510587747,0.0357433557510376,0.12039530277252197,0.04975066050621298,0.009202301502227783,1.0,21.5478515625,43.0,5.0,17.5,13.930232558139535,564.0,64.0
focus_brainfm_20a78cdf11cf__300s,focus_brainfm_20a78cdf11cf,focus,discovery,300.0,rhythm,16,16_bars,1,299.5,0.15453767776489258,2.5384010076522827,0.060879930830086394,0.02706843614578247,62.0,3.0,11.10830009602726,0.03666400909423828,0.1178736686706543,0.050621863531656694,0.01267939805984497,1.0,43.095703125,86.0,11.0,38.5,6.965116279069767,522.0,64.0
focus_brainfm_20a78cdf11cf__300s,focus_brainfm_20a78cdf11cf,focus,discovery,300.0,rhythm,32,32_bars,1,299.5,0.13612139225006104,2.5287026166915894,0.053830526117046744,0.020360887050628662,55.0,4.0,11.260848179404192,0.017223715782165527,0.11889767646789551,0.053994826818065014,0.01248323917388916,0.8,86.19140625,172.0,22.0,77.0,3.4825581395348837,445.0,64.0
focus_brainfm_3232c85e22bd__300s,focus_brainfm_3232c85e22bd,focus,discovery,300.0,acoustic,0,multiscale_mean,4,299.5,0.19683879613876343,1.3426558673381805,0.1436228648796475,0.051368147134780884,38.75,1.75,11.588037902717016,0.0893867015838623,0.10745209455490112,0.05735462723630212,0.011462166905403137,0.8,,,,,,555.25,64.0
focus_brainfm_3232c85e22bd__300s,focus_brainfm_3232c85e22bd,focus,discovery,300.0,acoustic,4,4_bars,1,299.5,0.21935462951660156,1.4977471232414246,0.14645638513521178,0.012874484062194824,44.0,3.0,10.630398974826562,0.12526708841323853,0.09408754110336304,0.05868441172668739,0.007421553134918213,1.0,6.687255859375,13.0,2.0,7.0,46.07692307692308,585.0,64.0
focus_brainfm_3232c85e22bd__300s,focus_brainfm_3232c85e22bd,focus,discovery,300.0,acoustic,8,8_bars,1,299.5,0.24516606330871582,1.5240803956985474,0.1608616343341562,0.03949332237243652,35.0,3.0,11.456727537401056,0.13433247804641724,0.11083358526229858,0.05520934479855888,0.015790343284606934,1.0,13.37451171875,27.0,3.0,10.5,22.185185185185187,578.0,64.0
focus_brainfm_3232c85e22bd__300s,focus_brainfm_3232c85e22bd,focus,discovery,300.0,acoustic,16,16_bars,1,299.5,0.23502111434936523,1.26004159450531,0.18651853666912804,0.15131700038909912,41.0,1.0,11.976751028159736,0.12152665853500366,0.11349445581436157,0.05922587781729532,0.015411615371704102,1.0,26.7490234375,53.0,7.0,24.5,11.30188679245283,550.0,64.0
focus_brainfm_3232c85e22bd__300s,focus_brainfm_3232c85e22bd,focus,discovery,300.0,acoustic,32,32_bars,1,299.5,0.0878133773803711,1.0887543559074402,0.08065490338009403,0.0017877817153930664,35.0,0.0,12.288274070480707,-0.023579418659210205,0.1113927960395813,0.05629887460266688,0.007225155830383301,0.2,53.498046875,107.0,13.0,45.5,5.598130841121495,508.0,64.0
focus_brainfm_3232c85e22bd__300s,focus_brainfm_3232c85e22bd,focus,discovery,300.0,rhythm,0,multiscale_mean,4,299.5,0.15835382044315338,1.5358397141098976,0.11161494951426876,0.05826824903488159,40.5,2.0,16.243874335386334,0.03885713219642639,0.11949668824672699,0.07355742750825334,0.017343610525131226,0.925,,,,,,555.25,64.0
focus_brainfm_3232c85e22bd__300s,focus_brainfm_3232c85e22bd,focus,discovery,300.0,rhythm,4,4_bars,1,299.5,0.15108931064605713,1.946507841348648,0.0776207048523237,0.010335564613342285,46.0,4.0,17.106965951641058,0.0332869291305542,0.11780238151550293,0.07230207536669732,0.017433464527130127,1.0,6.687255859375,13.0,2.0,7.0,46.07692307692308,585.0,64.0
focus_brainfm_3232c85e22bd__300s,focus_brainfm_3232c85e22bd,focus,discovery,300.0,rhythm,8,8_bars,1,299.5,0.16357827186584473,1.5414291620254517,0.10612117371057223,0.06076920032501221,41.0,2.0,16.44827394238789,0.05705690383911133,0.1065213680267334,0.06984016009792406,0.00983119010925293,1.0,13.37451171875,27.0,3.0,10.5,22.185185185185187,578.0,64.0
focus_brainfm_3232c85e22bd__300s,focus_brainfm_3232c85e22bd,focus,discovery,300.0,rhythm,16,16_bars,1,299.5,0.18717366456985474,1.0296188592910767,0.1817892736529024,0.12549811601638794,32.0,1.0,16.10505972023806,0.05470997095108032,0.13246369361877441,0.07101341113746118,0.015197515487670898,1.0,26.7490234375,53.0,7.0,24.5,11.30188679245283,550.0,64.0
focus_brainfm_3232c85e22bd__300s,focus_brainfm_3232c85e22bd,focus,discovery,300.0,rhythm,32,32_bars,1,299.5,0.13157403469085693,1.625802993774414,0.0809286458412767,0.036470115184783936,43.0,1.0,15.315197727278333,0.010374724864959717,0.12119930982589722,0.08107406343093078,0.026912271976470947,0.7,53.498046875,107.0,13.0,45.5,5.598130841121495,508.0,64.0
focus_brainfm_35bcefdd3f2b__300s,focus_brainfm_35bcefdd3f2b,focus,discovery,300.0,acoustic,0,multiscale_mean,4,299.5,0.1128668487071991,1.8124272227287292,0.062474369710979354,0.02122323215007782,54.0,1.0,8.388724260315811,0.03172941505908966,0.08113743364810944,0.03498999052623729,0.006242647767066956,0.95,,,,,,534.25,64.0
focus_brainfm_35bcefdd3f2b__300s,focus_brainfm_35bcefdd3f2b,focus,discovery,300.0,acoustic,4,4_bars,1,299.5,0.09675472974777222,1.5914140343666077,0.060797961849243826,0.0065950751304626465,53.0,0.0,8.237268619645867,0.009961962699890137,0.08679276704788208,0.03554839845593446,0.009110808372497559,0.8,10.03125,20.0,2.0,7.0,29.95,585.0,64.0
focus_brainfm_35bcefdd3f2b__300s,focus_brainfm_35bcefdd3f2b,focus,discovery,300.0,acoustic,8,8_bars,1,299.5,0.12470775842666626,1.8320799469947815,0.06806895006477656,0.036961495876312256,54.0,1.0,8.270905342603703,0.04459655284881592,0.08011120557785034,0.03752679499162954,0.006255090236663818,1.0,20.0625,40.0,5.0,17.5,14.975,564.0,64.0
focus_brainfm_35bcefdd3f2b__300s,focus_brainfm_35bcefdd3f2b,focus,discovery,300.0,acoustic,16,16_bars,1,299.5,0.10181975364685059,1.6139256358146667,0.06308825598117145,0.015512824058532715,48.0,1.0,8.609235952379146,0.023990094661712646,0.07782965898513794,0.03336952017941478,0.005951404571533203,1.0,40.125,80.0,10.0,35.0,7.4875,529.0,64.0
focus_brainfm_35bcefdd3f2b__300s,focus_brainfm_35bcefdd3f2b,focus,discovery,300.0,acoustic,32,32_bars,1,299.5,0.12818515300750732,2.212289273738861,0.05794231094872556,0.025823533535003662,61.0,2.0,8.437487126634526,0.04836905002593994,0.07981610298156738,0.0335152484779704,0.003653287887573242,1.0,80.25,160.0,20.0,70.0,3.74375,459.0,64.0
focus_brainfm_35bcefdd3f2b__300s,focus_brainfm_35bcefdd3f2b,focus,discovery,300.0,rhythm,0,multiscale_mean,4,299.5,0.11953674256801605,1.490969717502594,0.08240302134567218,0.012645810842514038,40.75,2.0,8.374060917873999,0.020359575748443604,0.09917716681957245,0.052007435471125074,0.006765782833099365,0.825,,,,,,534.25,64.0
focus_brainfm_35bcefdd3f2b__300s,focus_brainfm_35bcefdd3f2b,focus,discovery,300.0,rhythm,4,4_bars,1,299.5,0.11334878206253052,1.2607523798942566,0.08990566575177708,0.026597142219543457,42.0,1.0,8.1891918505918,0.011696934700012207,0.10165184736251831,0.05593036496591455,0.0036075711250305176,0.9,10.03125,20.0,2.0,7.0,29.95,585.0,64.0
focus_brainfm_35bcefdd3f2b__300s,focus_brainfm_35bcefdd3f2b,focus,discovery,300.0,rhythm,8,8_bars,1,299.5,0.12110680341720581,1.531502902507782,0.07907709689540757,0.010037720203399658,35.0,4.0,8.57086554548026,0.017321109771728516,0.1037856936454773,0.044654697099943075,0.00991898775100708,0.8,20.0625,40.0,5.0,17.5,14.975,564.0,64.0
focus_brainfm_35bcefdd3f2b__300s,focus_brainfm_35bcefdd3f2b,focus,discovery,300.0,rhythm,16,16_bars,1,299.5,0.14360404014587402,1.3644686937332153,0.10524539024268144,0.013467669486999512,40.0,2.0,8.420418423060106,0.0438685417175293,0.09973549842834473,0.05717250330086198,0.0048340559005737305,0.9,40.125,80.0,10.0,35.0,7.4875,529.0,64.0
focus_brainfm_35bcefdd3f2b__300s,focus_brainfm_35bcefdd3f2b,focus,discovery,300.0,rhythm,32,32_bars,1,299.5,0.10008734464645386,1.807154893875122,0.05538393249282266,0.0004807114601135254,46.0,1.0,8.31576785236383,0.008551716804504395,0.09153562784194946,0.050272176517780674,0.008702516555786133,0.7,80.25,160.0,20.0,70.0,3.74375,459.0,64.0
focus_brainfm_39578f7a0b4a__300s,focus_brainfm_39578f7a0b4a,focus,discovery,300.0,acoustic,0,multiscale_mean,4,299.5,0.09622681140899658,2.2119506150484085,0.04356275906002649,0.007856056094169617,65.5,0.25,8.537147864205984,0.013994753360748291,0.08223205804824829,0.036614350236413074,0.006204232573509216,0.75,,,,,,546.5,64.0
focus_brainfm_39578f7a0b4a__300s,focus_brainfm_39578f7a0b4a,focus,discovery,300.0,acoustic,4,4_bars,1,299.5,0.10528314113616943,2.4040749073028564,0.04379361924886405,0.008812963962554932,67.0,1.0,8.528099358863463,0.02612781524658203,0.0791553258895874,0.035815561694156874,0.004105687141418457,0.7,8.17333984375,16.0,2.0,7.0,37.4375,585.0,64.0
focus_brainfm_39578f7a0b4a__300s,focus_brainfm_39578f7a0b4a,focus,discovery,300.0,acoustic,8,8_bars,1,299.5,0.09505242109298706,2.0669913291931152,0.04598588283875016,0.0058075785636901855,65.0,0.0,8.492031733226849,0.0033428072929382324,0.09170961380004883,0.03877409889595389,0.012082874774932861,0.6,16.3466796875,33.0,4.0,14.0,18.151515151515152,571.0,64.0
focus_brainfm_39578f7a0b4a__300s,focus_brainfm_39578f7a0b4a,focus,discovery,300.0,acoustic,16,16_bars,1,299.5,0.09682005643844604,2.343120515346527,0.0413209887431365,0.011057138442993164,71.0,0.0,8.522769596597712,0.0181199312210083,0.07870012521743774,0.03564441865325616,0.003255307674407959,0.9,32.693359375,65.0,8.0,28.0,9.215384615384615,543.0,64.0
focus_brainfm_39578f7a0b4a__300s,focus_brainfm_39578f7a0b4a,focus,discovery,300.0,acoustic,32,32_bars,1,299.5,0.08775162696838379,2.0336157083511353,0.04315054540935524,0.0057465434074401855,59.0,0.0,8.605690768135911,0.0083884596824646,0.07936316728591919,0.036223321702285385,0.005373060703277588,0.8,65.38671875,131.0,16.0,56.0,4.572519083969466,487.0,64.0
focus_brainfm_39578f7a0b4a__300s,focus_brainfm_39578f7a0b4a,focus,discovery,300.0,rhythm,0,multiscale_mean,4,299.5,0.09258909523487091,1.1362376809120178,0.08169975942590445,0.01882500946521759,38.5,0.5,11.618645074743574,-0.004777640104293823,0.09736673533916473,0.0746534797801143,0.01440681517124176,0.42500000000000004,,,,,,546.5,64.0
focus_brainfm_39578f7a0b4a__300s,focus_brainfm_39578f7a0b4a,focus,discovery,300.0,rhythm,4,4_bars,1,299.5,0.08279019594192505,0.9761581420898438,0.08481227822848524,0.013529360294342041,34.0,0.0,11.569747982998303,-0.014842689037322998,0.09763288497924805,0.07486475619871898,0.02416706085205078,0.3,8.17333984375,16.0,2.0,7.0,37.4375,585.0,64.0
focus_brainfm_39578f7a0b4a__300s,focus_brainfm_39578f7a0b4a,focus,discovery,300.0,rhythm,8,8_bars,1,299.5,0.11783355474472046,1.2090157866477966,0.0974623789416631,0.017989695072174072,36.0,1.0,11.780780116135944,0.03108227252960205,0.08675128221511841,0.06109986577208336,0.004217326641082764,0.9,16.3466796875,33.0,4.0,14.0,18.151515151515152,571.0,64.0
focus_brainfm_39578f7a0b4a__300s,focus_brainfm_39578f7a0b4a,focus,discovery,300.0,rhythm,16,16_bars,1,299.5,0.10359025001525879,1.1570161581039429,0.08953224143819827,0.04210454225540161,40.0,1.0,11.321878355905731,-0.00781393051147461,0.1114041805267334,0.08211892990386788,0.01965993642807007,0.4,32.693359375,65.0,8.0,28.0,9.215384615384615,543.0,64.0
focus_brainfm_39578f7a0b4a__300s,focus_brainfm_39578f7a0b4a,focus,discovery,300.0,rhythm,32,32_bars,1,299.5,0.06614238023757935,1.202760636806488,0.05499213909527119,0.0016764402389526367,44.0,0.0,11.802173843934321,-0.027536213397979736,0.09367859363555908,0.080530367245787,0.009582936763763428,0.1,65.38671875,131.0,16.0,56.0,4.572519083969466,487.0,64.0
focus_brainfm_3fe6a54650df__300s,focus_brainfm_3fe6a54650df,focus,discovery,300.0,acoustic,0,multiscale_mean,4,299.5,0.3479200750589371,0.950781412422657,0.3733281280183815,0.25955619663000107,19.25,1.25,14.935316734594728,0.19816984236240387,0.1497502326965332,0.08500760316967282,0.016995877027511597,0.825,,,,,,522.0,64.0
focus_brainfm_3fe6a54650df__300s,focus_brainfm_3fe6a54650df,focus,discovery,300.0,acoustic,4,4_bars,1,299.5,0.5272945761680603,0.9394786357879639,0.5612629772318403,0.46002840995788574,16.0,1.0,12.875785319853815,0.37772274017333984,0.14957183599472046,0.11952693808982248,0.013000011444091797,1.0,11.51708984375,23.0,3.0,10.5,26.043478260869566,578.0,64.0
focus_brainfm_3fe6a54650df__300s,focus_brainfm_3fe6a54650df,focus,discovery,300.0,acoustic,8,8_bars,1,299.5,0.49867933988571167,0.9313335418701172,0.5354465585813262,0.42323485016822815,21.0,1.0,16.325753170060445,0.3402917981147766,0.15838754177093506,0.0856899239572284,0.025010526180267334,1.0,23.0341796875,46.0,6.0,21.0,13.021739130434783,557.0,64.0
focus_brainfm_3fe6a54650df__300s,focus_brainfm_3fe6a54650df,focus,discovery,300.0,acoustic,16,16_bars,1,299.5,0.23160791397094727,0.848919540643692,0.27282669662113196,0.13892298936843872,20.0,1.0,15.643312121666863,0.07824456691741943,0.15336334705352783,0.08016960921195826,0.024738848209381104,1.0,46.068359375,92.0,12.0,42.0,6.510869565217392,515.0,64.0
focus_brainfm_3fe6a54650df__300s,focus_brainfm_3fe6a54650df,focus,discovery,300.0,acoustic,32,32_bars,1,299.5,0.13409847021102905,1.083393931388855,0.12377627963922758,0.01603853702545166,20.0,2.0,14.896416326797787,-0.00357973575592041,0.13767820596694946,0.05464394141968213,0.005234122276306152,0.3,92.13671875,184.0,23.0,80.5,3.255434782608696,438.0,64.0
focus_brainfm_3fe6a54650df__300s,focus_brainfm_3fe6a54650df,focus,discovery,300.0,rhythm,0,multiscale_mean,4,299.5,0.1157006323337555,1.5738392770290375,0.0788988691651082,0.011007443070411682,45.5,1.75,9.576041061625967,0.014289721846580505,0.10141091048717499,0.047275822661741594,0.006477192044258118,0.75,,,,,,522.0,64.0
focus_brainfm_3fe6a54650df__300s,focus_brainfm_3fe6a54650df,focus,discovery,300.0,rhythm,4,4_bars,1,299.5,0.12211281061172485,1.1196160912513733,0.10906668059338244,0.02108103036880493,39.0,2.0,9.793336555080682,0.026396334171295166,0.09571647644042969,0.0477136913665431,0.006918609142303467,0.9,11.51708984375,23.0,3.0,10.5,26.043478260869566,578.0,64.0
focus_brainfm_3fe6a54650df__300s,focus_brainfm_3fe6a54650df,focus,discovery,300.0,rhythm,8,8_bars,1,299.5,0.14082258939743042,1.4650996327400208,0.09611809753447609,0.017576217651367188,38.0,3.0,9.864029705105265,0.03189647197723389,0.10892611742019653,0.0503695482473169,0.006098568439483643,1.0,23.0341796875,46.0,6.0,21.0,13.021739130434783,557.0,64.0
focus_brainfm_3fe6a54650df__300s,focus_brainfm_3fe6a54650df,focus,discovery,300.0,rhythm,16,16_bars,1,299.5,0.08735549449920654,1.430493175983429,0.06106669781150951,0.0009004473686218262,42.0,0.0,9.354912711587529,-0.011344075202941895,0.09869956970214844,0.04740767836265589,0.005726635456085205,0.2,46.068359375,92.0,12.0,42.0,6.510869565217392,515.0,64.0
focus_brainfm_3fe6a54650df__300s,focus_brainfm_3fe6a54650df,focus,discovery,300.0,rhythm,32,32_bars,1,299.5,0.11251163482666016,2.280148208141327,0.04934400072106476,0.004472076892852783,63.0,2.0,9.29188527473039,0.010210156440734863,0.10230147838592529,0.043612372670450476,0.007164955139160156,0.9,92.13671875,184.0,23.0,80.5,3.255434782608696,438.0,64.0
focus_brainfm_45d6269177c9__300s,focus_brainfm_45d6269177c9,focus,discovery,300.0,acoustic,0,multiscale_mean,4,299.5,0.09804248809814453,1.674654558300972,0.059394996257812374,0.016548097133636475,51.75,0.5,8.820905739930954,0.012240856885910034,0.0858016312122345,0.05325920209075091,0.00930948555469513,0.7000000000000001,,,,,,546.5,64.0
focus_brainfm_45d6269177c9__300s,focus_brainfm_45d6269177c9,focus,discovery,300.0,acoustic,4,4_bars,1,299.5,0.12753373384475708,1.4945688247680664,0.08533145595656882,0.05666595697402954,50.0,1.0,8.67866445426565,0.04603344202041626,0.08150029182434082,0.04655057206842549,0.008299171924591064,1.0,7.802001953125,16.0,2.0,7.0,37.4375,585.0,64.0
focus_brainfm_45d6269177c9__300s,focus_brainfm_45d6269177c9,focus,discovery,300.0,acoustic,8,8_bars,1,299.5,0.10043197870254517,1.8213140368461609,0.05514259302391148,0.0017827749252319336,52.0,1.0,8.892309507470674,0.01000678539276123,0.09042519330978394,0.06238061840519849,0.012687981128692627,0.8,15.60400390625,31.0,4.0,14.0,19.322580645161292,571.0,64.0
focus_brainfm_45d6269177c9__300s,focus_brainfm_45d6269177c9,focus,discovery,300.0,acoustic,16,16_bars,1,299.5,0.08717876672744751,1.8018544912338257,0.04838280069316339,0.007320284843444824,54.0,0.0,8.870128826625272,0.0056591033935546875,0.08151966333389282,0.05126442841050088,0.007675588130950928,0.9,31.2080078125,62.0,8.0,28.0,9.661290322580646,543.0,64.0
focus_brainfm_45d6269177c9__300s,focus_brainfm_45d6269177c9,focus,discovery,300.0,acoustic,32,32_bars,1,299.5,0.07702547311782837,1.580880880355835,0.0487231353576058,0.0004233717918395996,51.0,0.0,8.842520171362217,-0.012735903263092041,0.08976137638092041,0.05284118947887877,0.008575201034545898,0.1,62.416015625,125.0,16.0,56.0,4.792,487.0,64.0
focus_brainfm_45d6269177c9__300s,focus_brainfm_45d6269177c9,focus,discovery,300.0,rhythm,0,multiscale_mean,4,299.5,0.09825362265110016,1.338021695613861,0.0751075877180598,0.015329793095588684,44.5,0.25,12.166799642864756,0.010663211345672607,0.08759041130542755,0.07217202010255358,0.010491326451301575,0.775,,,,,,546.5,64.0
focus_brainfm_45d6269177c9__300s,focus_brainfm_45d6269177c9,focus,discovery,300.0,rhythm,4,4_bars,1,299.5,0.08812493085861206,1.1111305356025696,0.07931105125359698,0.0026250481605529785,40.0,0.0,12.16046509120283,0.0058893561363220215,0.08223557472229004,0.07516775525428995,0.007919073104858398,0.8,7.802001953125,16.0,2.0,7.0,37.4375,585.0,64.0
focus_brainfm_45d6269177c9__300s,focus_brainfm_45d6269177c9,focus,discovery,300.0,rhythm,8,8_bars,1,299.5,0.09487223625183105,1.2635217905044556,0.0750855560741487,0.010597705841064453,43.0,0.0,12.189129795832592,0.015844285488128662,0.07902795076370239,0.05940945114044258,0.010734260082244873,0.9,15.60400390625,31.0,4.0,14.0,19.322580645161292,571.0,64.0
focus_brainfm_45d6269177c9__300s,focus_brainfm_45d6269177c9,focus,discovery,300.0,rhythm,16,16_bars,1,299.5,0.1177206039428711,1.8636348247528076,0.06316720549503874,0.02910536527633667,58.0,1.0,12.163468370570302,0.03273278474807739,0.0849878191947937,0.07367846385127891,0.004757940769195557,1.0,31.2080078125,62.0,8.0,28.0,9.661290322580646,543.0,64.0
focus_brainfm_45d6269177c9__300s,focus_brainfm_45d6269177c9,focus,discovery,300.0,rhythm,32,32_bars,1,299.5,0.09229671955108643,1.1137996315956116,0.08286653804945475,0.018991053104400635,37.0,0.0,12.154135313853303,-0.011813580989837646,0.10411030054092407,0.0804324101642029,0.01855403184890747,0.4,62.416015625,125.0,16.0,56.0,4.792,487.0,64.0
focus_brainfm_4ff11d033c50__300s,focus_brainfm_4ff11d033c50,focus,discovery,300.0,acoustic,0,multiscale_mean,4,299.5,0.1277543604373932,1.9677634537220001,0.0652383893167224,0.01498781144618988,49.5,3.25,8.784466667400224,0.047400131821632385,0.0803542286157608,0.035510791231455285,0.0034178048372268677,1.0,,,,,,558.75,64.0
focus_brainfm_4ff11d033c50__300s,focus_brainfm_4ff11d033c50,focus,discovery,300.0,acoustic,4,4_bars,1,299.5,0.12443822622299194,1.6566805839538574,0.07511298643097869,0.01837754249572754,44.0,3.0,8.741564168076685,0.04130643606185913,0.08313179016113281,0.03294537876135315,0.004576325416564941,1.0,5.9443359375,12.0,2.0,7.0,49.916666666666664,585.0,64.0
focus_brainfm_4ff11d033c50__300s,focus_brainfm_4ff11d033c50,focus,discovery,300.0,acoustic,8,8_bars,1,299.5,0.10590273141860962,1.899695336818695,0.05574721870716308,0.0023093819618225098,48.0,4.0,8.724578342343454,0.023901641368865967,0.08200109004974365,0.038879398416493856,0.003962695598602295,1.0,11.888671875,24.0,3.0,10.5,24.958333333333332,578.0,64.0
focus_brainfm_4ff11d033c50__300s,focus_brainfm_4ff11d033c50,focus,discovery,300.0,acoustic,16,16_bars,1,299.5,0.1461278200149536,2.2422379851341248,0.06517052203368709,0.023304224014282227,53.0,3.0,8.889928706374057,0.07044333219528198,0.07568448781967163,0.03398692764972636,0.002934396266937256,1.0,23.77734375,48.0,6.0,21.0,12.479166666666666,557.0,64.0
focus_brainfm_4ff11d033c50__300s,focus_brainfm_4ff11d033c50,focus,discovery,300.0,acoustic,32,32_bars,1,299.5,0.13454866409301758,2.0724399089813232,0.06492283009506074,0.015960097312927246,53.0,3.0,8.781795452806698,0.05394911766052246,0.08059954643249512,0.03623146009824775,0.0021978020668029785,1.0,47.5546875,95.0,12.0,42.0,6.3052631578947365,515.0,64.0
focus_brainfm_4ff11d033c50__300s,focus_brainfm_4ff11d033c50,focus,discovery,300.0,rhythm,0,multiscale_mean,4,299.5,0.09812061488628387,2.164594531059265,0.04619852739407424,0.007818669080734253,61.5,0.25,8.403637226887774,0.012815043330192566,0.08530557155609131,0.044653263816490256,0.008494123816490173,0.8,,,,,,558.75,64.0
focus_brainfm_4ff11d033c50__300s,focus_brainfm_4ff11d033c50,focus,discovery,300.0,rhythm,4,4_bars,1,299.5,0.09807401895523071,2.5238503217697144,0.03885888878166974,0.0029449462890625,60.0,0.0,8.423638141017555,0.007589399814605713,0.090484619140625,0.04807967273378495,0.011394619941711426,0.8,5.9443359375,12.0,2.0,7.0,49.916666666666664,585.0,64.0
focus_brainfm_4ff11d033c50__300s,focus_brainfm_4ff11d033c50,focus,discovery,300.0,rhythm,8,8_bars,1,299.5,0.09233635663986206,2.359425723552704,0.03913509788340641,0.005655527114868164,71.0,0.0,8.254291306524845,0.006645858287811279,0.08569049835205078,0.04559237053674031,0.012047648429870605,0.8,11.888671875,24.0,3.0,10.5,24.958333333333332,578.0,64.0
focus_brainfm_4ff11d033c50__300s,focus_brainfm_4ff11d033c50,focus,discovery,300.0,rhythm,16,16_bars,1,299.5,0.09004873037338257,1.8302326798439026,0.04920070074426967,0.0016204118728637695,57.0,0.0,8.402788793037825,0.005861520767211914,0.08418720960617065,0.044722758395330985,0.006443500518798828,0.6,23.77734375,48.0,6.0,21.0,12.479166666666666,557.0,64.0
focus_brainfm_4ff11d033c50__300s,focus_brainfm_4ff11d033c50,focus,discovery,300.0,rhythm,32,32_bars,1,299.5,0.11202335357666016,1.9448693990707397,0.057599422166951166,0.021053791046142578,58.0,1.0,8.533830666970868,0.031163394451141357,0.0808599591255188,0.04021825360010478,0.004090726375579834,1.0,47.5546875,95.0,12.0,42.0,6.3052631578947365,515.0,64.0
focus_brainfm_5225aa31461e__300s,focus_brainfm_5225aa31461e,focus,discovery,300.0,acoustic,0,multiscale_mean,4,299.5,0.13246884942054749,1.762398973107338,0.0754691459228512,0.0277145653963089,49.25,2.0,9.28114183702944,0.051629677414894104,0.08083917200565338,0.03579818012645413,0.006687924265861511,1.0,,,,,,557.0,64.0
focus_brainfm_5225aa31461e__300s,focus_brainfm_5225aa31461e,focus,discovery,300.0,acoustic,4,4_bars,1,299.5,0.12365925312042236,1.9456720352172852,0.06355606231787804,0.01721137762069702,47.0,2.0,9.334865646475528,0.046240031719207764,0.0774192214012146,0.03530104008166397,0.007506430149078369,1.0,6.31591796875,13.0,2.0,7.0,46.07692307692308,585.0,64.0
focus_brainfm_5225aa31461e__300s,focus_brainfm_5225aa31461e,focus,discovery,300.0,acoustic,8,8_bars,1,299.5,0.12846428155899048,1.5357999205589294,0.08364649577025501,0.02540910243988037,44.0,2.0,9.335863274760673,0.048340439796447754,0.08012384176254272,0.03443049532675365,0.008240938186645508,1.0,12.6318359375,25.0,3.0,10.5,23.96,578.0,64.0
focus_brainfm_5225aa31461e__300s,focus_brainfm_5225aa31461e,focus,discovery,300.0,acoustic,16,16_bars,1,299.5,0.11517840623855591,1.57920640707016,0.07293435849987584,0.02812516689300537,55.0,1.0,9.297138455847055,0.030290722846984863,0.08488768339157104,0.03808129784431327,0.00567471981048584,1.0,25.263671875,51.0,6.0,21.0,11.745098039215685,557.0,64.0
focus_brainfm_5225aa31461e__300s,focus_brainfm_5225aa31461e,focus,discovery,300.0,acoustic,32,32_bars,1,299.5,0.1625734567642212,1.9889175295829773,0.08173966710339593,0.04011261463165283,51.0,3.0,9.156699971034502,0.08164751529693604,0.08092594146728516,0.03537988725308564,0.005329608917236328,1.0,50.52734375,101.0,13.0,45.5,5.930693069306931,508.0,64.0
focus_brainfm_5225aa31461e__300s,focus_brainfm_5225aa31461e,focus,discovery,300.0,rhythm,0,multiscale_mean,4,299.5,0.110043466091156,2.3145145028829575,0.04780748865832796,0.007796108722686768,66.0,1.75,8.00459548000453,0.018793687224388123,0.09124977886676788,0.03613195799144628,0.007657527923583984,0.975,,,,,,557.0,64.0
focus_brainfm_5225aa31461e__300s,focus_brainfm_5225aa31461e,focus,discovery,300.0,rhythm,4,4_bars,1,299.5,0.10921484231948853,2.3107595443725586,0.04726361190867381,0.0054934024810791016,62.0,2.0,8.09366185693054,0.011531233787536621,0.0976836085319519,0.03848004694770294,0.012300372123718262,0.9,6.31591796875,13.0,2.0,7.0,46.07692307692308,585.0,64.0
focus_brainfm_5225aa31461e__300s,focus_brainfm_5225aa31461e,focus,discovery,300.0,rhythm,8,8_bars,1,299.5,0.11431616544723511,2.6538395285606384,0.0430757640833079,0.005734443664550781,75.0,3.0,8.140339039715599,0.025282740592956543,0.08903342485427856,0.03402443837797148,0.004405081272125244,1.0,12.6318359375,25.0,3.0,10.5,23.96,578.0,64.0
focus_brainfm_5225aa31461e__300s,focus_brainfm_5225aa31461e,focus,discovery,300.0,rhythm,16,16_bars,1,299.5,0.10472744703292847,2.116867959499359,0.04947282921590281,0.006776332855224609,64.0,1.0,7.997559907003987,0.012668311595916748,0.09205913543701172,0.03755811638146348,0.007627964019775391,1.0,25.263671875,51.0,6.0,21.0,11.745098039215685,557.0,64.0
focus_brainfm_5225aa31461e__300s,focus_brainfm_5225aa31461e,focus,discovery,300.0,rhythm,32,32_bars,1,299.5,0.11191540956497192,2.1765909790992737,0.0514177494254273,0.013180255889892578,63.0,1.0,7.786821116367998,0.025692462921142578,0.08622294664382935,0.03446523025864723,0.006296694278717041,1.0,50.52734375,101.0,13.0,45.5,5.930693069306931,508.0,64.0
focus_brainfm_58c273a2261e__300s,focus_brainfm_58c273a2261e,focus,discovery,300.0,acoustic,0,multiscale_mean,4,299.5,0.10112547874450684,1.8562284409999847,0.0543626837502535,0.007074683904647827,55.75,1.25,7.4916655717181015,0.014987051486968994,0.08613842725753784,0.03590966645087933,0.006079360842704773,0.825,,,,,,527.25,64.0
focus_brainfm_58c273a2261e__300s,focus_brainfm_58c273a2261e,focus,discovery,300.0,acoustic,4,4_bars,1,299.5,0.10185647010803223,1.8620766401290894,0.05470047145909686,0.00819253921508789,61.0,1.0,7.442714624919,0.016810119152069092,0.08504635095596313,0.03815057661600979,0.007872700691223145,0.8,10.77392578125,22.0,3.0,10.5,27.227272727272727,578.0,64.0
focus_brainfm_58c273a2261e__300s,focus_brainfm_58c273a2261e,focus,discovery,300.0,acoustic,8,8_bars,1,299.5,0.09012281894683838,1.7172948122024536,0.05247952669888675,0.009488463401794434,53.0,0.0,7.525006664086813,5.8710575103759766e-05,0.09006410837173462,0.03832448860767691,0.008311450481414795,0.6,21.5478515625,43.0,5.0,17.5,13.930232558139535,564.0,64.0
focus_brainfm_58c273a2261e__300s,focus_brainfm_58c273a2261e,focus,discovery,300.0,acoustic,16,16_bars,1,299.5,0.11828118562698364,2.0884448885917664,0.05663601001544282,0.0005364418029785156,49.0,4.0,7.652793296713572,0.032511889934539795,0.08576929569244385,0.03307025356263087,0.00470733642578125,1.0,43.095703125,86.0,11.0,38.5,6.965116279069767,522.0,64.0
focus_brainfm_58c273a2261e__300s,focus_brainfm_58c273a2261e,focus,discovery,300.0,acoustic,32,32_bars,1,299.5,0.0942414402961731,1.7570974230766296,0.05363472682758757,0.010081291198730469,60.0,0.0,7.346147701153022,0.01056748628616333,0.08367395401000977,0.03409334701719975,0.0034259557723999023,0.9,86.19140625,172.0,22.0,77.0,3.4825581395348837,445.0,64.0
focus_brainfm_58c273a2261e__300s,focus_brainfm_58c273a2261e,focus,discovery,300.0,rhythm,0,multiscale_mean,4,299.5,0.13172504305839539,2.200939953327179,0.06108079790324848,0.017715856432914734,51.5,2.75,8.630620357704451,0.02934114634990692,0.10238389670848846,0.03508457235834558,0.005890831351280212,0.9249999999999999,,,,,,527.25,64.0
focus_brainfm_58c273a2261e__300s,focus_brainfm_58c273a2261e,focus,discovery,300.0,rhythm,4,4_bars,1,299.5,0.1253078579902649,2.350741744041443,0.05330566758679032,0.019201040267944336,49.0,3.0,8.818792435179024,0.026947736740112305,0.09836012125015259,0.03526755777424273,0.0022847652435302734,1.0,10.77392578125,22.0,3.0,10.5,27.227272727272727,578.0,64.0
focus_brainfm_58c273a2261e__300s,focus_brainfm_58c273a2261e,focus,discovery,300.0,rhythm,8,8_bars,1,299.5,0.16739630699157715,1.9112918972969055,0.08758280575997929,0.016322672367095947,45.0,4.0,8.64530126196667,0.05940139293670654,0.1079949140548706,0.03478582026942753,0.008027195930480957,1.0,21.5478515625,43.0,5.0,17.5,13.930232558139535,564.0,64.0
focus_brainfm_58c273a2261e__300s,focus_brainfm_58c273a2261e,focus,discovery,300.0,rhythm,16,16_bars,1,299.5,0.11043810844421387,2.3453859090805054,0.04708739317339485,0.005086541175842285,54.0,3.0,8.636809414587917,0.011551916599273682,0.09888619184494019,0.03363435066297605,0.005348801612854004,0.8,43.095703125,86.0,11.0,38.5,6.965116279069767,522.0,64.0
focus_brainfm_58c273a2261e__300s,focus_brainfm_58c273a2261e,focus,discovery,300.0,rhythm,32,32_bars,1,299.5,0.12375789880752563,2.196340262889862,0.056347325092829484,0.030253171920776367,58.0,1.0,8.421578319084194,0.019463539123535156,0.10429435968399048,0.036650560726736,0.007902562618255615,0.9,86.19140625,172.0,22.0,77.0,3.4825581395348837,445.0,64.0
focus_brainfm_5a2ade4b4c0b__300s,focus_brainfm_5a2ade4b4c0b,focus,discovery,300.0,acoustic,0,multiscale_mean,4,299.5,0.0877973884344101,1.4030978679656982,0.06278737093141727,0.010082587599754333,46.0,0.25,9.129928798406182,-0.01777935028076172,0.10557673871517181,0.09185714927684738,0.01635126769542694,0.325,,,,,,527.25,64.0
focus_brainfm_5a2ade4b4c0b__300s,focus_brainfm_5a2ade4b4c0b,focus,discovery,300.0,acoustic,4,4_bars,1,299.5,0.08403795957565308,1.167474091053009,0.07198271911957774,0.014418601989746094,40.0,0.0,9.154061425092452,-0.03261381387710571,0.11665177345275879,0.1040376443438457,0.024458885192871094,0.1,10.77392578125,22.0,3.0,10.5,27.227272727272727,578.0,64.0
focus_brainfm_5a2ade4b4c0b__300s,focus_brainfm_5a2ade4b4c0b,focus,discovery,300.0,acoustic,8,8_bars,1,299.5,0.09392184019088745,1.656036376953125,0.056714841230535336,0.0008574128150939941,47.0,0.0,9.265774945822377,0.004857778549194336,0.08906406164169312,0.08911148004333076,0.01140904426574707,0.6,21.5478515625,43.0,5.0,17.5,13.930232558139535,564.0,64.0
focus_brainfm_5a2ade4b4c0b__300s,focus_brainfm_5a2ade4b4c0b,focus,discovery,300.0,acoustic,16,16_bars,1,299.5,0.10756993293762207,1.53288334608078,0.07017489831346457,0.02193838357925415,43.0,1.0,9.041403294186237,-0.0022136569023132324,0.1097835898399353,0.08294737357144889,0.013452291488647461,0.5,43.095703125,86.0,11.0,38.5,6.965116279069767,522.0,64.0
focus_brainfm_5a2ade4b4c0b__300s,focus_brainfm_5a2ade4b4c0b,focus,discovery,300.0,acoustic,32,32_bars,1,299.5,0.06565982103347778,1.255997657775879,0.05227702506209145,0.0031159520149230957,54.0,0.0,9.058475528523658,-0.041147708892822266,0.10680752992630005,0.09133209914876415,0.01608484983444214,0.1,86.19140625,172.0,22.0,77.0,3.4825581395348837,445.0,64.0
focus_brainfm_5a2ade4b4c0b__300s,focus_brainfm_5a2ade4b4c0b,focus,discovery,300.0,rhythm,0,multiscale_mean,4,299.5,0.10003288090229034,1.7070728093385696,0.058919521686801354,0.010919660329818726,51.75,0.5,9.937199535889931,0.010416105389595032,0.08961677551269531,0.06337915827102786,0.009815096855163574,0.7250000000000001,,,,,,527.25,64.0
focus_brainfm_5a2ade4b4c0b__300s,focus_brainfm_5a2ade4b4c0b,focus,discovery,300.0,rhythm,4,4_bars,1,299.5,0.11045056581497192,1.7122063636779785,0.06450774168232493,0.015681684017181396,48.0,1.0,10.539781370577694,0.023512184619903564,0.08693838119506836,0.06420049464125577,0.008212685585021973,0.8,10.77392578125,22.0,3.0,10.5,27.227272727272727,578.0,64.0
focus_brainfm_5a2ade4b4c0b__300s,focus_brainfm_5a2ade4b4c0b,focus,discovery,300.0,rhythm,8,8_bars,1,299.5,0.10852152109146118,1.5896825790405273,0.06826615735888651,0.014515519142150879,46.0,1.0,10.26212887761259,0.01879596710205078,0.0897255539894104,0.06286196871977051,0.006555616855621338,0.9,21.5478515625,43.0,5.0,17.5,13.930232558139535,564.0,64.0
focus_brainfm_5a2ade4b4c0b__300s,focus_brainfm_5a2ade4b4c0b,focus,discovery,300.0,rhythm,16,16_bars,1,299.5,0.08305907249450684,1.7909236550331116,0.04637778515074178,0.008511245250701904,60.0,0.0,9.669527537876977,-0.016098380088806152,0.09915745258331299,0.06379464596758817,0.014899015426635742,0.4,43.095703125,86.0,11.0,38.5,6.965116279069767,522.0,64.0
focus_brainfm_5a2ade4b4c0b__300s,focus_brainfm_5a2ade4b4c0b,focus,discovery,300.0,rhythm,32,32_bars,1,299.5,0.09810036420822144,1.7354786396026611,0.056526402555252174,0.004970192909240723,53.0,0.0,9.277360357492462,0.015454649925231934,0.0826457142829895,0.062659523755497,0.009593069553375244,0.8,86.19140625,172.0,22.0,77.0,3.4825581395348837,445.0,64.0
focus_brainfm_61afc4841df6__300s,focus_brainfm_61afc4841df6,focus,discovery,300.0,acoustic,0,multiscale_mean,4,299.5,0.09259502589702606,1.7418825030326843,0.05561115182879112,0.012770980596542358,55.5,0.25,8.896887726046105,0.01113767921924591,0.08145734667778015,0.03617679475186409,0.006621941924095154,0.825,,,,,,541.25,64.0
focus_brainfm_61afc4841df6__300s,focus_brainfm_61afc4841df6,focus,discovery,300.0,acoustic,4,4_bars,1,299.5,0.09610104560852051,2.0305845141410828,0.047326789374817185,0.011459946632385254,61.0,0.0,8.99949887683681,0.014506518840789795,0.08159452676773071,0.03619424187190938,0.01014930009841919,0.9,8.91650390625,18.0,2.0,7.0,33.27777777777778,585.0,64.0
focus_brainfm_61afc4841df6__300s,focus_brainfm_61afc4841df6,focus,discovery,300.0,acoustic,8,8_bars,1,299.5,0.08497655391693115,2.1383056044578552,0.03974013524529674,0.0028417110443115234,63.0,0.0,8.964371995298224,0.004622697830200195,0.08035385608673096,0.0344378756600982,0.004850506782531738,0.7,17.8330078125,36.0,4.0,14.0,16.63888888888889,571.0,64.0
focus_brainfm_61afc4841df6__300s,focus_brainfm_61afc4841df6,focus,discovery,300.0,acoustic,16,16_bars,1,299.5,0.08194541931152344,1.4064391255378723,0.05826446223201064,0.00372469425201416,55.0,0.0,8.891689874720916,0.002147197723388672,0.07979822158813477,0.038719556208569254,0.005957186222076416,0.7,35.666015625,71.0,9.0,31.5,8.43661971830986,536.0,64.0
focus_brainfm_61afc4841df6__300s,focus_brainfm_61afc4841df6,focus,discovery,300.0,acoustic,32,32_bars,1,299.5,0.10735708475112915,1.392200767993927,0.0771132204630399,0.033057570457458496,43.0,1.0,8.73199015732847,0.02327430248260498,0.08408278226852417,0.03535550526687953,0.0055307745933532715,1.0,71.33203125,143.0,18.0,63.0,4.188811188811189,473.0,64.0
focus_brainfm_61afc4841df6__300s,focus_brainfm_61afc4841df6,focus,discovery,300.0,rhythm,0,multiscale_mean,4,299.5,0.10126917064189911,2.1117994338274,0.04955209888910336,0.012973517179489136,62.25,1.25,10.26894588264642,0.008896753191947937,0.09237241744995117,0.038058880487935556,0.007112845778465271,0.75,,,,,,541.25,64.0
focus_brainfm_61afc4841df6__300s,focus_brainfm_61afc4841df6,focus,discovery,300.0,rhythm,4,4_bars,1,299.5,0.10330402851104736,2.3977370858192444,0.04308396826408141,0.003125488758087158,70.0,2.0,9.941562990341854,0.015370786190032959,0.0879332423210144,0.03264654341471921,0.004020750522613525,0.9,8.91650390625,18.0,2.0,7.0,33.27777777777778,585.0,64.0
focus_brainfm_61afc4841df6__300s,focus_brainfm_61afc4841df6,focus,discovery,300.0,rhythm,8,8_bars,1,299.5,0.11090219020843506,2.8108304738998413,0.03945531089058018,0.007412075996398926,69.0,2.0,10.168938941409245,0.018868863582611084,0.09203332662582397,0.04344678021377899,0.013583481311798096,1.0,17.8330078125,36.0,4.0,14.0,16.63888888888889,571.0,64.0
focus_brainfm_61afc4841df6__300s,focus_brainfm_61afc4841df6,focus,discovery,300.0,rhythm,16,16_bars,1,299.5,0.06778299808502197,1.2952060103416443,0.0523337581387091,0.009960055351257324,54.0,0.0,10.473680040705673,-0.029281318187713623,0.0970643162727356,0.03719413971398611,0.003972947597503662,0.1,35.666015625,71.0,9.0,31.5,8.43661971830986,536.0,64.0
focus_brainfm_61afc4841df6__300s,focus_brainfm_61afc4841df6,focus,discovery,300.0,rhythm,32,32_bars,1,299.5,0.12308746576309204,1.9434241652488708,0.06333535826304275,0.031396448612213135,56.0,1.0,10.491601558128913,0.030628681182861328,0.09245878458023071,0.03894805860925792,0.006874203681945801,1.0,71.33203125,143.0,18.0,63.0,4.188811188811189,473.0,64.0
focus_brainfm_6e3f0969a760__300s,focus_brainfm_6e3f0969a760,focus,discovery,300.0,acoustic,0,multiscale_mean,4,299.5,0.09288148581981659,2.1941057443618774,0.04274646458160345,0.006928950548171997,69.25,0.25,8.415651674389474,0.01567317545413971,0.07720831036567688,0.03444970056776504,0.005243092775344849,0.825,,,,,,541.25,64.0
focus_brainfm_6e3f0969a760__300s,focus_brainfm_6e3f0969a760,focus,discovery,300.0,acoustic,4,4_bars,1,299.5,0.0901229977607727,2.626870274543762,0.03430812653145781,0.0005924105644226074,81.0,0.0,8.247777758643384,0.012075960636138916,0.07804703712463379,0.03604041915287517,0.004286825656890869,0.8,8.91650390625,18.0,2.0,7.0,33.27777777777778,585.0,64.0
focus_brainfm_6e3f0969a760__300s,focus_brainfm_6e3f0969a760,focus,discovery,300.0,acoustic,8,8_bars,1,299.5,0.11150562763214111,2.3261349201202393,0.04793601036107455,0.022990167140960693,68.0,1.0,8.42043144490222,0.03402024507522583,0.07748538255691528,0.03583937337348464,0.0061994194984436035,1.0,17.8330078125,36.0,4.0,14.0,16.63888888888889,571.0,64.0
focus_brainfm_6e3f0969a760__300s,focus_brainfm_6e3f0969a760,focus,discovery,300.0,acoustic,16,16_bars,1,299.5,0.09179645776748657,1.964566171169281,0.04672607067892789,0.0013869404792785645,62.0,0.0,8.424425866759185,0.01728832721710205,0.07450813055038452,0.034264529207859225,0.002835392951965332,1.0,35.666015625,71.0,9.0,31.5,8.43661971830986,536.0,64.0
focus_brainfm_6e3f0969a760__300s,focus_brainfm_6e3f0969a760,focus,discovery,300.0,acoustic,32,32_bars,1,299.5,0.07810086011886597,1.8588516116142273,0.04201565075495357,0.002746284008026123,66.0,0.0,8.569971627253109,-0.000691831111907959,0.07879269123077393,0.031654480536841154,0.00765073299407959,0.5,71.33203125,143.0,18.0,63.0,4.188811188811189,473.0,64.0
focus_brainfm_6e3f0969a760__300s,focus_brainfm_6e3f0969a760,focus,discovery,300.0,rhythm,0,multiscale_mean,4,299.5,0.15780861675739288,2.2051410526037216,0.08097936775690488,0.02634279429912567,47.5,6.0,13.106061035079774,0.05639064311981201,0.10141797363758087,0.03891367822075663,0.008474469184875488,1.0,,,,,,541.25,64.0
focus_brainfm_6e3f0969a760__300s,focus_brainfm_6e3f0969a760,focus,discovery,300.0,rhythm,4,4_bars,1,299.5,0.15993142127990723,3.166216552257538,0.05051183917470043,0.0036214590072631836,57.0,11.0,12.832221177290638,0.05597257614135742,0.1039588451385498,0.0363373585896658,0.009825170040130615,1.0,8.91650390625,18.0,2.0,7.0,33.27777777777778,585.0,64.0
focus_brainfm_6e3f0969a760__300s,focus_brainfm_6e3f0969a760,focus,discovery,300.0,rhythm,8,8_bars,1,299.5,0.14600753784179688,2.2783316373825073,0.06408528742968238,0.010837912559509277,51.0,5.0,12.871266298372507,0.04592162370681763,0.10008591413497925,0.042050962042093507,0.00887078046798706,1.0,17.8330078125,36.0,4.0,14.0,16.63888888888889,571.0,64.0
focus_brainfm_6e3f0969a760__300s,focus_brainfm_6e3f0969a760,focus,discovery,300.0,rhythm,16,16_bars,1,299.5,0.16476035118103027,1.2224808931350708,0.13477539984980857,0.07721501588821411,39.0,1.0,13.799940025564865,0.06731170415878296,0.09744864702224731,0.03875353746118365,0.006621122360229492,1.0,35.666015625,71.0,9.0,31.5,8.43661971830986,536.0,64.0
focus_brainfm_6e3f0969a760__300s,focus_brainfm_6e3f0969a760,focus,discovery,300.0,rhythm,32,32_bars,1,299.5,0.16053515672683716,2.1535351276397705,0.07454494457342813,0.013696789741516113,43.0,7.0,12.920816639091088,0.05635666847229004,0.10417848825454712,0.03851285479008356,0.008580803871154785,1.0,71.33203125,143.0,18.0,63.0,4.188811188811189,473.0,64.0
focus_brainfm_78a3e061ed13__300s,focus_brainfm_78a3e061ed13,focus,discovery,300.0,acoustic,0,multiscale_mean,4,299.5,0.1631508767604828,1.1167361438274384,0.14461744378413818,0.054660677909851074,33.0,2.0,9.383797619018447,0.08177715539932251,0.08137372136116028,0.03862474834730478,0.005155026912689209,1.0,,,,,,522.0,64.0
focus_brainfm_78a3e061ed13__300s,focus_brainfm_78a3e061ed13,focus,discovery,300.0,acoustic,4,4_bars,1,299.5,0.17189747095108032,1.1428248882293701,0.15041453220134957,0.045566558837890625,33.0,3.0,9.367414345559375,0.08466184139251709,0.08723562955856323,0.04120363394662513,0.004597842693328857,1.0,11.51708984375,23.0,3.0,10.5,26.043478260869566,578.0,64.0
focus_brainfm_78a3e061ed13__300s,focus_brainfm_78a3e061ed13,focus,discovery,300.0,acoustic,8,8_bars,1,299.5,0.1726633906364441,1.212913453578949,0.1423542546477372,0.05249762535095215,38.0,2.0,9.41763267904953,0.09715831279754639,0.0755050778388977,0.03750296867231382,0.006374239921569824,1.0,23.0341796875,46.0,6.0,21.0,13.021739130434783,557.0,64.0
focus_brainfm_78a3e061ed13__300s,focus_brainfm_78a3e061ed13,focus,discovery,300.0,acoustic,16,16_bars,1,299.5,0.2007618546485901,1.1652392745018005,0.17229238581442946,0.11896318197250366,36.0,1.0,9.297358856437281,0.11505818367004395,0.08570367097854614,0.04059294165802527,0.0031101107597351074,1.0,46.068359375,92.0,12.0,42.0,6.510869565217392,515.0,64.0
focus_brainfm_78a3e061ed13__300s,focus_brainfm_78a3e061ed13,focus,discovery,300.0,acoustic,32,32_bars,1,299.5,0.10728079080581665,0.9459669589996338,0.11340860247303647,0.0016153454780578613,25.0,2.0,9.452784595027596,0.030230283737182617,0.07705050706863403,0.035199449112254914,0.006537914276123047,1.0,92.13671875,184.0,23.0,80.5,3.255434782608696,438.0,64.0
focus_brainfm_78a3e061ed13__300s,focus_brainfm_78a3e061ed13,focus,discovery,300.0,rhythm,0,multiscale_mean,4,299.5,0.24100303649902344,1.6242037862539291,0.15013954787017808,0.14358194172382355,39.25,2.25,7.753342571165116,0.13731913268566132,0.10368390381336212,0.048216115163417214,0.01084117591381073,1.0,,,,,,522.0,64.0
focus_brainfm_78a3e061ed13__300s,focus_brainfm_78a3e061ed13,focus,discovery,300.0,rhythm,4,4_bars,1,299.5,0.21590012311935425,1.728278636932373,0.1249220574192646,0.12742698192596436,46.0,1.0,7.506378837933753,0.10989135503768921,0.10600876808166504,0.05582642743945801,0.018861591815948486,1.0,11.51708984375,23.0,3.0,10.5,26.043478260869566,578.0,64.0
focus_brainfm_78a3e061ed13__300s,focus_brainfm_78a3e061ed13,focus,discovery,300.0,rhythm,8,8_bars,1,299.5,0.26504385471343994,1.9887441992759705,0.1332719687177128,0.1450003981590271,43.0,4.0,7.595966912724142,0.17034578323364258,0.09469807147979736,0.041198665996282136,0.005022764205932617,1.0,23.0341796875,46.0,6.0,21.0,13.021739130434783,557.0,64.0
focus_brainfm_78a3e061ed13__300s,focus_brainfm_78a3e061ed13,focus,discovery,300.0,rhythm,16,16_bars,1,299.5,0.30067527294158936,1.539416790008545,0.19531765204400584,0.1915232539176941,29.0,3.0,7.586767827839356,0.19126862287521362,0.10940665006637573,0.05182525489298604,0.007373809814453125,1.0,46.068359375,92.0,12.0,42.0,6.510869565217392,515.0,64.0
focus_brainfm_78a3e061ed13__300s,focus_brainfm_78a3e061ed13,focus,discovery,300.0,rhythm,32,32_bars,1,299.5,0.1823928952217102,1.2403755187988281,0.14704651329972906,0.11037713289260864,39.0,1.0,8.324256706163212,0.07777076959609985,0.10462212562561035,0.044014112324942685,0.012106537818908691,1.0,92.13671875,184.0,23.0,80.5,3.255434782608696,438.0,64.0
focus_brainfm_7dedc3ff23a9__300s,focus_brainfm_7dedc3ff23a9,focus,discovery,300.0,acoustic,0,multiscale_mean,4,299.5,0.16172464191913605,2.4787485599517822,0.06789306229769124,0.012553185224533081,54.0,4.75,8.179824193278051,0.0648338794708252,0.09689076244831085,0.043898224477711176,0.009165123105049133,1.0,,,,,,534.25,64.0
focus_brainfm_7dedc3ff23a9__300s,focus_brainfm_7dedc3ff23a9,focus,discovery,300.0,acoustic,4,4_bars,1,299.5,0.17006045579910278,2.33539479970932,0.07281871819714154,0.002025604248046875,50.0,4.0,7.609735295610493,0.07251214981079102,0.09754830598831177,0.05165525930658373,0.007160604000091553,1.0,10.031005859375,20.0,2.0,7.0,29.95,585.0,64.0
focus_brainfm_7dedc3ff23a9__300s,focus_brainfm_7dedc3ff23a9,focus,discovery,300.0,acoustic,8,8_bars,1,299.5,0.13591349124908447,2.15831196308136,0.06297212524135978,0.004041433334350586,47.0,4.0,7.958021879679264,0.03919857740402222,0.09671491384506226,0.04081400527384582,0.006666839122772217,1.0,20.06201171875,40.0,5.0,17.5,14.975,564.0,64.0
focus_brainfm_7dedc3ff23a9__300s,focus_brainfm_7dedc3ff23a9,focus,discovery,300.0,acoustic,16,16_bars,1,299.5,0.2175653576850891,2.2439416646957397,0.09695677971850895,0.036839187145233154,51.0,5.0,8.662997024202344,0.12190937995910645,0.09565597772598267,0.04101056287994363,0.010075807571411133,1.0,40.1240234375,80.0,10.0,35.0,7.4875,529.0,64.0
focus_brainfm_7dedc3ff23a9__300s,focus_brainfm_7dedc3ff23a9,focus,discovery,300.0,acoustic,32,32_bars,1,299.5,0.12335926294326782,3.1773458123207092,0.03882462603375462,0.007306516170501709,68.0,6.0,8.488542573620109,0.025715410709381104,0.09764385223388672,0.042113070450471524,0.01275724172592163,1.0,80.248046875,160.0,20.0,70.0,3.74375,459.0,64.0
focus_brainfm_7dedc3ff23a9__300s,focus_brainfm_7dedc3ff23a9,focus,discovery,300.0,rhythm,0,multiscale_mean,4,299.5,0.09763917326927185,1.8720641881227493,0.05255065907167049,0.00806388258934021,52.75,0.5,8.689298971314088,0.0035094469785690308,0.09412972629070282,0.054041102838092596,0.011751830577850342,0.675,,,,,,534.25,64.0
focus_brainfm_7dedc3ff23a9__300s,focus_brainfm_7dedc3ff23a9,focus,discovery,300.0,rhythm,4,4_bars,1,299.5,0.08414751291275024,1.8138729333877563,0.04639107368760864,0.00530087947845459,58.0,0.0,8.78993723390052,-0.015047073364257812,0.09919458627700806,0.05969711892691614,0.02069014310836792,0.2,10.031005859375,20.0,2.0,7.0,29.95,585.0,64.0
focus_brainfm_7dedc3ff23a9__300s,focus_brainfm_7dedc3ff23a9,focus,discovery,300.0,rhythm,8,8_bars,1,299.5,0.09991538524627686,1.7640655040740967,0.056639271623147205,0.01374727487564087,49.0,0.0,8.779038964823695,0.006885826587677002,0.09302955865859985,0.04816986343780973,0.007751941680908203,0.9,20.06201171875,40.0,5.0,17.5,14.975,564.0,64.0
focus_brainfm_7dedc3ff23a9__300s,focus_brainfm_7dedc3ff23a9,focus,discovery,300.0,rhythm,16,16_bars,1,299.5,0.0979354977607727,2.14644855260849,0.04562676223558014,0.0063054561614990234,56.0,0.0,8.758207233677378,0.013801336288452148,0.08413416147232056,0.05304103746827391,0.0074776411056518555,0.8,40.1240234375,80.0,10.0,35.0,7.4875,529.0,64.0
focus_brainfm_7dedc3ff23a9__300s,focus_brainfm_7dedc3ff23a9,focus,discovery,300.0,rhythm,32,32_bars,1,299.5,0.1085582971572876,1.7638697624206543,0.06154552874034597,0.006901919841766357,48.0,2.0,8.430012452854761,0.008397698402404785,0.10016059875488281,0.05525639151937058,0.011087596416473389,0.8,80.248046875,160.0,20.0,70.0,3.74375,459.0,64.0
focus_brainfm_80d50779ccb9__300s,focus_brainfm_80d50779ccb9,focus,discovery,300.0,acoustic,0,multiscale_mean,4,299.5,0.10716545581817627,1.5298749059438705,0.07267675341962579,0.017727375030517578,47.5,1.0,9.331581743461044,0.027896642684936523,0.07926881313323975,0.039035120757039146,0.005863875150680542,0.975,,,,,,530.75,64.0
focus_brainfm_80d50779ccb9__300s,focus_brainfm_80d50779ccb9,focus,discovery,300.0,acoustic,4,4_bars,1,299.5,0.0981488823890686,1.563706636428833,0.0627668132260533,0.016447067260742188,45.0,0.0,9.33895984558747,0.016085684299468994,0.08206319808959961,0.04098606975055108,0.009500563144683838,0.9,10.402587890625,21.0,3.0,10.5,28.523809523809526,578.0,64.0
focus_brainfm_80d50779ccb9__300s,focus_brainfm_80d50779ccb9,focus,discovery,300.0,acoustic,8,8_bars,1,299.5,0.10201984643936157,1.8628814816474915,0.05476453947523138,0.013612687587738037,59.0,1.0,9.194085452157834,0.027813076972961426,0.07420676946640015,0.03776046852009304,0.003932178020477295,1.0,20.80517578125,42.0,5.0,17.5,14.261904761904763,564.0,64.0
focus_brainfm_80d50779ccb9__300s,focus_brainfm_80d50779ccb9,focus,discovery,300.0,acoustic,16,16_bars,1,299.5,0.12570875883102417,1.2107272744178772,0.10382912938957742,0.017025411128997803,40.0,2.0,9.447122218893291,0.03951770067214966,0.08619105815887451,0.03946379526929766,0.005751669406890869,1.0,41.6103515625,83.0,10.0,35.0,7.216867469879518,529.0,64.0
focus_brainfm_80d50779ccb9__300s,focus_brainfm_80d50779ccb9,focus,discovery,300.0,acoustic,32,32_bars,1,299.5,0.10278433561325073,1.4821842312812805,0.06934653158764101,0.023824334144592285,46.0,1.0,9.346159457205582,0.028170108795166016,0.07461422681808472,0.037930149488214784,0.004271090030670166,1.0,83.220703125,166.0,21.0,73.5,3.608433734939759,452.0,64.0
focus_brainfm_80d50779ccb9__300s,focus_brainfm_80d50779ccb9,focus,discovery,300.0,rhythm,0,multiscale_mean,4,299.5,0.09887847304344177,2.0067358016967773,0.049521399363092966,0.00808987021446228,61.0,1.5,8.998650034752913,0.005572006106376648,0.09330646693706512,0.0382986257952944,0.005843609571456909,0.6000000000000001,,,,,,530.75,64.0
focus_brainfm_80d50779ccb9__300s,focus_brainfm_80d50779ccb9,focus,discovery,300.0,rhythm,4,4_bars,1,299.5,0.10014480352401733,1.9438764452934265,0.05151809096020018,0.009067296981811523,58.0,1.0,9.046119140532646,0.0006415843963623047,0.09950321912765503,0.037736973764553795,0.008147120475769043,0.6,10.402587890625,21.0,3.0,10.5,28.523809523809526,578.0,64.0
focus_brainfm_80d50779ccb9__300s,focus_brainfm_80d50779ccb9,focus,discovery,300.0,rhythm,8,8_bars,1,299.5,0.09600234031677246,1.8659634590148926,0.05144920703187589,0.010757029056549072,66.0,0.0,9.03411531078682,0.0015561580657958984,0.09444618225097656,0.036822740944582,0.004418551921844482,0.6,20.80517578125,42.0,5.0,17.5,14.261904761904763,564.0,64.0
focus_brainfm_80d50779ccb9__300s,focus_brainfm_80d50779ccb9,focus,discovery,300.0,rhythm,16,16_bars,1,299.5,0.11952126026153564,2.5816678404808044,0.04629614173730276,0.005017578601837158,65.0,5.0,8.79317123508066,0.0336880087852478,0.08583325147628784,0.04082016719101062,0.007125556468963623,1.0,41.6103515625,83.0,10.0,35.0,7.216867469879518,529.0,64.0
focus_brainfm_80d50779ccb9__300s,focus_brainfm_80d50779ccb9,focus,discovery,300.0,rhythm,32,32_bars,1,299.5,0.07984548807144165,1.6354354619979858,0.04882215772299304,0.007517576217651367,55.0,0.0,9.121194452611526,-0.013597726821899414,0.09344321489334106,0.0378146212810312,0.0036832094192504883,0.2,83.220703125,166.0,21.0,73.5,3.608433734939759,452.0,64.0
focus_brainfm_84124ab632f6__300s,focus_brainfm_84124ab632f6,focus,discovery,300.0,acoustic,0,multiscale_mean,4,299.5,0.11141197383403778,1.4477258622646332,0.0789660743368833,0.015754520893096924,42.25,1.0,10.566274114403226,0.03520636260509491,0.07620561122894287,0.048398795268597514,0.006853207945823669,0.975,,,,,,525.5,64.0
focus_brainfm_84124ab632f6__300s,focus_brainfm_84124ab632f6,focus,discovery,300.0,acoustic,4,4_bars,1,299.5,0.12669587135314941,1.7917935252189636,0.07070896817626725,0.02518385648727417,46.0,2.0,10.65622030933022,0.054650306701660156,0.07204556465148926,0.04958614828380239,0.00697702169418335,1.0,11.1455078125,22.0,3.0,10.5,27.227272727272727,578.0,64.0
focus_brainfm_84124ab632f6__300s,focus_brainfm_84124ab632f6,focus,discovery,300.0,acoustic,8,8_bars,1,299.5,0.11607521772384644,1.6594271659851074,0.0699489679951932,0.02389615774154663,55.0,1.0,10.755013221937848,0.04201871156692505,0.07405650615692139,0.04846593694172262,0.007995247840881348,1.0,22.291015625,45.0,6.0,21.0,13.311111111111112,557.0,64.0
focus_brainfm_84124ab632f6__300s,focus_brainfm_84124ab632f6,focus,discovery,300.0,acoustic,16,16_bars,1,299.5,0.10764724016189575,1.082032859325409,0.09948611008819842,0.01314622163772583,34.0,1.0,10.602584514571795,0.03268849849700928,0.07495874166488647,0.04489386479294591,0.008188247680664062,1.0,44.58203125,89.0,11.0,38.5,6.730337078651686,522.0,64.0
focus_brainfm_84124ab632f6__300s,focus_brainfm_84124ab632f6,focus,discovery,300.0,acoustic,32,32_bars,1,299.5,0.09522956609725952,1.2576498985290527,0.07572025108787431,0.0007918477058410645,34.0,0.0,10.251278411773045,0.011467933654785156,0.08376163244247437,0.05064923105591916,0.004252314567565918,0.9,89.1640625,178.0,22.0,77.0,3.365168539325843,445.0,64.0
focus_brainfm_84124ab632f6__300s,focus_brainfm_84124ab632f6,focus,discovery,300.0,rhythm,0,multiscale_mean,4,299.5,0.13346701860427856,1.2880362272262573,0.10598045413020354,0.05492444336414337,42.5,0.75,10.145951317916118,0.04045462608337402,0.09301239252090454,0.051298549424041336,0.011067211627960205,0.8500000000000001,,,,,,525.5,64.0
focus_brainfm_84124ab632f6__300s,focus_brainfm_84124ab632f6,focus,discovery,300.0,rhythm,4,4_bars,1,299.5,0.09951591491699219,0.828477680683136,0.12011900530010003,0.0376623272895813,28.0,0.0,9.766426216360387,0.01111602783203125,0.08839988708496094,0.05501064099663186,0.006766557693481445,0.8,11.1455078125,22.0,3.0,10.5,27.227272727272727,578.0,64.0
focus_brainfm_84124ab632f6__300s,focus_brainfm_84124ab632f6,focus,discovery,300.0,rhythm,8,8_bars,1,299.5,0.18030160665512085,1.4385017156600952,0.12533986208864867,0.08406996726989746,45.0,1.0,10.468460850457413,0.08672910928726196,0.09357249736785889,0.048251840133288426,0.015714287757873535,1.0,22.291015625,45.0,6.0,21.0,13.311111111111112,557.0,64.0
focus_brainfm_84124ab632f6__300s,focus_brainfm_84124ab632f6,focus,discovery,300.0,rhythm,16,16_bars,1,299.5,0.15042448043823242,1.3623911142349243,0.11041211210681307,0.08028548955917358,50.0,1.0,10.691911632331626,0.05729776620864868,0.09312671422958374,0.05189610074413296,0.0086747407913208,0.9,44.58203125,89.0,11.0,38.5,6.730337078651686,522.0,64.0
focus_brainfm_84124ab632f6__300s,focus_brainfm_84124ab632f6,focus,discovery,300.0,rhythm,32,32_bars,1,299.5,0.1036260724067688,1.5227743983268738,0.06805083702525236,0.017679989337921143,47.0,1.0,9.657006572515055,0.006675601005554199,0.0969504714012146,0.050035615822112106,0.013113260269165039,0.7,89.1640625,178.0,22.0,77.0,3.365168539325843,445.0,64.0
focus_brainfm_85916607e7d0__300s,focus_brainfm_85916607e7d0,focus,discovery,300.0,acoustic,0,multiscale_mean,4,299.5,0.12699733674526215,1.7453734874725342,0.07260985570091537,0.020293086767196655,46.25,2.25,10.49350042547206,0.04701851308345795,0.0799788236618042,0.0488061189710666,0.006637930870056152,1.0,,,,,,527.25,64.0
focus_brainfm_85916607e7d0__300s,focus_brainfm_85916607e7d0,focus,discovery,300.0,acoustic,4,4_bars,1,299.5,0.1450556516647339,1.873177945613861,0.07743826581152574,0.02199876308441162,43.0,4.0,10.7562549804185,0.06188035011291504,0.08317530155181885,0.057727497157537604,0.007908761501312256,1.0,10.774169921875,22.0,3.0,10.5,27.227272727272727,578.0,64.0
focus_brainfm_85916607e7d0__300s,focus_brainfm_85916607e7d0,focus,discovery,300.0,acoustic,8,8_bars,1,299.5,0.11048036813735962,1.669633686542511,0.06617042350537568,0.0024653077125549316,46.0,2.0,10.828447777895125,0.031071484088897705,0.07940888404846191,0.043000459902629025,0.0050389766693115234,1.0,21.54833984375,43.0,5.0,17.5,13.930232558139535,564.0,64.0
focus_brainfm_85916607e7d0__300s,focus_brainfm_85916607e7d0,focus,discovery,300.0,acoustic,16,16_bars,1,299.5,0.12467443943023682,1.6988872289657593,0.07338594187098313,0.03731405735015869,49.0,1.0,10.257227927893517,0.0425836443901062,0.08209079504013062,0.04784835193468537,0.0059958696365356445,1.0,43.0966796875,86.0,11.0,38.5,6.965116279069767,522.0,64.0
focus_brainfm_85916607e7d0__300s,focus_brainfm_85916607e7d0,focus,discovery,300.0,acoustic,32,32_bars,1,299.5,0.12777888774871826,1.7397950887680054,0.07344479161577692,0.019394218921661377,47.0,2.0,10.132071015681099,0.05253857374191284,0.07524031400680542,0.04664816688941441,0.0076081156730651855,1.0,86.193359375,172.0,22.0,77.0,3.4825581395348837,445.0,64.0
focus_brainfm_85916607e7d0__300s,focus_brainfm_85916607e7d0,focus,discovery,300.0,rhythm,0,multiscale_mean,4,299.5,0.14545971155166626,1.3908530324697495,0.10484243611231951,0.022614434361457825,33.25,2.5,8.218753875768286,0.03278030455112457,0.11267940700054169,0.0483088537046858,0.010647103190422058,1.0,,,,,,527.25,64.0
focus_brainfm_85916607e7d0__300s,focus_brainfm_85916607e7d0,focus,discovery,300.0,rhythm,4,4_bars,1,299.5,0.14220845699310303,1.265028178691864,0.1124152484414675,0.007455766201019287,34.0,3.0,8.046966412998742,0.029107511043548584,0.11310094594955444,0.05147909620348445,0.010736525058746338,1.0,10.774169921875,22.0,3.0,10.5,27.227272727272727,578.0,64.0
focus_brainfm_85916607e7d0__300s,focus_brainfm_85916607e7d0,focus,discovery,300.0,rhythm,8,8_bars,1,299.5,0.16315513849258423,1.424100637435913,0.11456714097561556,0.021426618099212646,33.0,3.0,8.508893337146649,0.039449870586395264,0.12370526790618896,0.04755083543093317,0.011794447898864746,1.0,21.54833984375,43.0,5.0,17.5,13.930232558139535,564.0,64.0
focus_brainfm_85916607e7d0__300s,focus_brainfm_85916607e7d0,focus,discovery,300.0,rhythm,16,16_bars,1,299.5,0.13898688554763794,1.4305707812309265,0.09715484712196307,0.0445256233215332,35.0,1.0,8.315743272712272,0.02783113718032837,0.11115574836730957,0.04904993905543615,0.011951863765716553,1.0,43.0966796875,86.0,11.0,38.5,6.965116279069767,522.0,64.0
focus_brainfm_85916607e7d0__300s,focus_brainfm_85916607e7d0,focus,discovery,300.0,rhythm,32,32_bars,1,299.5,0.13748836517333984,1.4437125325202942,0.0952325079102319,0.017049729824066162,31.0,3.0,8.003412480215484,0.034732699394226074,0.10275566577911377,0.04515554412888945,0.008105576038360596,1.0,86.193359375,172.0,22.0,77.0,3.4825581395348837,445.0,64.0
focus_brainfm_8618697fc2f4__300s,focus_brainfm_8618697fc2f4,focus,discovery,300.0,acoustic,0,multiscale_mean,4,299.5,0.5293532013893127,1.5415223464369774,0.32495386236700574,0.4250428080558777,35.0,1.25,10.005278534106342,0.4232195317745209,0.10613366961479187,0.08573839322497617,0.022350579500198364,0.95,,,,,,562.25,64.0
focus_brainfm_8618697fc2f4__300s,focus_brainfm_8618697fc2f4,focus,discovery,300.0,acoustic,4,4_bars,1,299.5,0.5200319290161133,1.5375962853431702,0.33821096862239713,0.42381906509399414,30.0,1.0,8.952040601706281,0.41213178634643555,0.10790014266967773,0.07921749848106004,0.01607292890548706,1.0,5.57275390625,11.0,1.0,3.5,54.45454545454545,592.0,64.0
focus_brainfm_8618697fc2f4__300s,focus_brainfm_8618697fc2f4,focus,discovery,300.0,acoustic,8,8_bars,1,299.5,0.923203706741333,1.9650936126708984,0.46980138797893767,0.8348506093025208,35.0,1.0,9.367442377234463,0.8031556606292725,0.12004804611206055,0.10075187559899175,0.02539116144180298,1.0,11.1455078125,22.0,3.0,10.5,27.227272727272727,578.0,64.0
focus_brainfm_8618697fc2f4__300s,focus_brainfm_8618697fc2f4,focus,discovery,300.0,acoustic,16,16_bars,1,299.5,0.516826331615448,1.4117551445960999,0.3660877975856861,0.4381023645401001,35.0,1.0,10.113340964292696,0.41885513067245483,0.09797120094299316,0.0759885250061637,0.029620766639709473,1.0,22.291015625,45.0,6.0,21.0,13.311111111111112,557.0,64.0
focus_brainfm_8618697fc2f4__300s,focus_brainfm_8618697fc2f4,focus,discovery,300.0,acoustic,32,32_bars,1,299.5,0.1573508381843567,1.251644343137741,0.1257152952810018,0.003399193286895752,40.0,2.0,11.588290193191927,0.058735549449920654,0.09861528873443604,0.0869956738136892,0.018317461013793945,0.8,44.58203125,89.0,11.0,38.5,6.730337078651686,522.0,64.0
focus_brainfm_8618697fc2f4__300s,focus_brainfm_8618697fc2f4,focus,discovery,300.0,rhythm,0,multiscale_mean,4,299.5,0.32065917551517487,1.482502967119217,0.2015251568076763,0.2197556346654892,36.5,1.25,11.227394889009524,0.18451249599456787,0.136146679520607,0.0965391927279753,0.029441550374031067,0.775,,,,,,562.25,64.0
focus_brainfm_8618697fc2f4__300s,focus_brainfm_8618697fc2f4,focus,discovery,300.0,rhythm,4,4_bars,1,299.5,0.2883411645889282,2.007036507129669,0.14366513193190225,0.18109488487243652,48.0,2.0,9.469806994793792,0.1138678789138794,0.17447328567504883,0.10090216027206975,0.05296444892883301,1.0,5.57275390625,11.0,1.0,3.5,54.45454545454545,592.0,64.0
focus_brainfm_8618697fc2f4__300s,focus_brainfm_8618697fc2f4,focus,discovery,300.0,rhythm,8,8_bars,1,299.5,0.6677924394607544,1.919416069984436,0.34791437349285576,0.5746620297431946,31.0,1.0,10.507453540561345,0.561396598815918,0.10639584064483643,0.07568475045980869,0.01984548568725586,1.0,11.1455078125,22.0,3.0,10.5,27.227272727272727,578.0,64.0
focus_brainfm_8618697fc2f4__300s,focus_brainfm_8618697fc2f4,focus,discovery,300.0,rhythm,16,16_bars,1,299.5,0.24490034580230713,1.0852808952331543,0.2256561843832093,0.11594772338867188,31.0,2.0,11.639778825396974,0.1314697265625,0.11343061923980713,0.0932288262476457,0.011210262775421143,1.0,22.291015625,45.0,6.0,21.0,13.311111111111112,557.0,64.0
focus_brainfm_8618697fc2f4__300s,focus_brainfm_8618697fc2f4,focus,discovery,300.0,rhythm,32,32_bars,1,299.5,0.08160275220870972,0.9182783961296082,0.08886493742273786,0.007317900657653809,36.0,0.0,13.292540195285985,-0.06868422031402588,0.1502869725227356,0.11634103393237709,0.03374600410461426,0.1,44.58203125,89.0,11.0,38.5,6.730337078651686,522.0,64.0
focus_brainfm_8cb17f22a272__300s,focus_brainfm_8cb17f22a272,focus,discovery,300.0,acoustic,0,multiscale_mean,4,299.5,0.09174942970275879,1.949456810951233,0.0469434211979688,0.015260860323905945,68.25,0.25,9.140689176250202,0.009291067719459534,0.08245836198329926,0.04123112481390266,0.007065579295158386,0.7250000000000001,,,,,,527.25,64.0
focus_brainfm_8cb17f22a272__300s,focus_brainfm_8cb17f22a272,focus,discovery,300.0,acoustic,4,4_bars,1,299.5,0.091633141040802,2.1437337398529053,0.04274464656561757,0.015649616718292236,75.0,0.0,9.159961655132731,0.009115755558013916,0.08251738548278809,0.038131732551497405,0.003122687339782715,0.9,10.77392578125,22.0,3.0,10.5,27.227272727272727,578.0,64.0
focus_brainfm_8cb17f22a272__300s,focus_brainfm_8cb17f22a272,focus,discovery,300.0,acoustic,8,8_bars,1,299.5,0.06967371702194214,1.5576177835464478,0.04473094603690655,0.0023362040519714355,56.0,0.0,9.104393567587719,-0.010307490825653076,0.07998120784759521,0.040646541550490016,0.006836235523223877,0.2,21.5478515625,43.0,5.0,17.5,13.930232558139535,564.0,64.0
focus_brainfm_8cb17f22a272__300s,focus_brainfm_8cb17f22a272,focus,discovery,300.0,acoustic,16,16_bars,1,299.5,0.09530878067016602,1.9932957291603088,0.0478146715893058,0.014053761959075928,67.0,0.0,9.193565473374107,0.009540677070617676,0.08576810359954834,0.039092231583826166,0.009137868881225586,0.8,43.095703125,86.0,11.0,38.5,6.965116279069767,522.0,64.0
focus_brainfm_8cb17f22a272__300s,focus_brainfm_8cb17f22a272,focus,discovery,300.0,acoustic,32,32_bars,1,299.5,0.110382080078125,2.1031799912452698,0.05248342060004526,0.02900385856628418,75.0,1.0,9.104836008906254,0.02881532907485962,0.08156675100326538,0.04705399356979707,0.009165525436401367,1.0,86.19140625,172.0,22.0,77.0,3.4825581395348837,445.0,64.0
focus_brainfm_8cb17f22a272__300s,focus_brainfm_8cb17f22a272,focus,discovery,300.0,rhythm,0,multiscale_mean,4,299.5,0.12255030870437622,1.9747332632541656,0.06193267108489957,0.011314749717712402,51.5,1.75,13.628964127032033,0.011520475149154663,0.11102983355522156,0.05665492984189768,0.00989486277103424,0.625,,,,,,527.25,64.0
focus_brainfm_8cb17f22a272__300s,focus_brainfm_8cb17f22a272,focus,discovery,300.0,rhythm,4,4_bars,1,299.5,0.10776615142822266,1.882379949092865,0.057249946526553304,0.009527146816253662,49.0,1.0,14.067269435792152,-0.0004330873489379883,0.10819923877716064,0.054792517943105266,0.007744193077087402,0.4,10.77392578125,22.0,3.0,10.5,27.227272727272727,578.0,64.0
focus_brainfm_8cb17f22a272__300s,focus_brainfm_8cb17f22a272,focus,discovery,300.0,rhythm,8,8_bars,1,299.5,0.1382160782814026,1.8725252747535706,0.0738126636499431,0.0008794069290161133,44.0,4.0,13.447076947710318,0.021903574466705322,0.11631250381469727,0.06415052657739813,0.008958578109741211,0.9,21.5478515625,43.0,5.0,17.5,13.930232558139535,564.0,64.0
focus_brainfm_8cb17f22a272__300s,focus_brainfm_8cb17f22a272,focus,discovery,300.0,rhythm,16,16_bars,1,299.5,0.14673513174057007,2.3051716685295105,0.06365475237433128,0.025536715984344482,61.0,2.0,13.59229813123881,0.042546093463897705,0.10418903827667236,0.05118641316418457,0.009776294231414795,0.9,43.095703125,86.0,11.0,38.5,6.965116279069767,522.0,64.0
focus_brainfm_8cb17f22a272__300s,focus_brainfm_8cb17f22a272,focus,discovery,300.0,rhythm,32,32_bars,1,299.5,0.09748387336730957,1.8388561606407166,0.05301332178877061,0.009315729141235352,52.0,0.0,13.409211993386855,-0.017934679985046387,0.11541855335235596,0.05649026168290279,0.013100385665893555,0.3,86.19140625,172.0,22.0,77.0,3.4825581395348837,445.0,64.0
pop_jamendo_0010326__300s,pop_jamendo_0010326,pop,discovery,300.0,acoustic,0,multiscale_mean,4,299.5,0.08236926794052124,1.0548328906297684,0.07836915950202306,0.009196475148200989,40.5,0.0,10.768152851007438,0.0017577111721038818,0.08061155676841736,0.048894084401969656,0.006627410650253296,0.7,,,,,,546.5,64.0
pop_jamendo_0010326__300s,pop_jamendo_0010326,pop,discovery,300.0,acoustic,4,4_bars,1,299.5,0.07834506034851074,0.9716783165931702,0.08062859797386306,0.011471867561340332,38.0,0.0,10.560967165563294,-0.005454361438751221,0.08379942178726196,0.05288879356033499,0.005167126655578613,0.4,7.8018798828125,16.0,2.0,7.0,37.4375,585.0,64.0
pop_jamendo_0010326__300s,pop_jamendo_0010326,pop,discovery,300.0,acoustic,8,8_bars,1,299.5,0.08628731966018677,1.0542046427726746,0.0818506352175054,0.004825949668884277,41.0,0.0,10.593705381894704,0.007658123970031738,0.07862919569015503,0.044901410041298835,0.006174564361572266,1.0,15.603759765625,31.0,4.0,14.0,19.322580645161292,571.0,64.0
pop_jamendo_0010326__300s,pop_jamendo_0010326,pop,discovery,300.0,acoustic,16,16_bars,1,299.5,0.08638393878936768,1.2016536593437195,0.0718875510573871,0.011366009712219238,44.0,0.0,10.942837859139495,0.0071634650230407715,0.0792204737663269,0.048934495701353393,0.007032454013824463,0.9,31.20751953125,62.0,8.0,28.0,9.661290322580646,543.0,64.0
pop_jamendo_0010326__300s,pop_jamendo_0010326,pop,discovery,300.0,acoustic,32,32_bars,1,299.5,0.07846075296401978,0.9917949438095093,0.07910985375933664,0.009122073650360107,39.0,0.0,10.975100997432255,-0.0023363828659057617,0.08079713582992554,0.04885163830489143,0.008135497570037842,0.5,62.4150390625,125.0,16.0,56.0,4.792,487.0,64.0
pop_jamendo_0010326__300s,pop_jamendo_0010326,pop,discovery,300.0,rhythm,0,multiscale_mean,4,299.5,0.09599073231220245,1.450337141752243,0.06829720613771738,0.017169132828712463,47.5,0.25,12.910923528243895,0.010413601994514465,0.08557713031768799,0.061086878205428706,0.009127184748649597,0.625,,,,,,546.5,64.0
pop_jamendo_0010326__300s,pop_jamendo_0010326,pop,discovery,300.0,rhythm,4,4_bars,1,299.5,0.07575809955596924,1.4329354763031006,0.052869163202952596,0.0031816959381103516,52.0,0.0,12.280769550587316,-0.022271573543548584,0.09802967309951782,0.06552627846561697,0.014590144157409668,0.2,7.8018798828125,16.0,2.0,7.0,37.4375,585.0,64.0
pop_jamendo_0010326__300s,pop_jamendo_0010326,pop,discovery,300.0,rhythm,8,8_bars,1,299.5,0.08430600166320801,1.477700650691986,0.05705215168155249,0.0006901025772094727,52.0,0.0,12.80064985654477,0.005284428596496582,0.07902157306671143,0.06157964328325751,0.01048213243484497,0.6,15.603759765625,31.0,4.0,14.0,19.322580645161292,571.0,64.0
pop_jamendo_0010326__300s,pop_jamendo_0010326,pop,discovery,300.0,rhythm,16,16_bars,1,299.5,0.13227105140686035,1.2199093699455261,0.1084269493009688,0.061559438705444336,35.0,1.0,13.260884888518905,0.05460631847381592,0.07766473293304443,0.06465824936478579,0.007546484470367432,1.0,31.20751953125,62.0,8.0,28.0,9.661290322580646,543.0,64.0
pop_jamendo_0010326__300s,pop_jamendo_0010326,pop,discovery,300.0,rhythm,32,32_bars,1,299.5,0.09162777662277222,1.6708030700683594,0.054840560365395634,0.0032452940940856934,51.0,0.0,13.30138981732459,0.004035234451293945,0.08759254217147827,0.05258334170805457,0.0038899779319763184,0.7,62.4150390625,125.0,16.0,56.0,4.792,487.0,64.0
pop_jamendo_0106778__300s,pop_jamendo_0106778,pop,discovery,300.0,acoustic,0,multiscale_mean,4,299.5,0.35332390666007996,1.134138360619545,0.3014404914530163,0.2533908039331436,31.25,1.75,12.478692221150808,0.2636754512786865,0.08964845538139343,0.09660953657875433,0.017268434166908264,0.95,,,,,,546.5,64.0
pop_jamendo_0106778__300s,pop_jamendo_0106778,pop,discovery,300.0,acoustic,4,4_bars,1,299.5,0.21963930130004883,1.0341071486473083,0.2123951097208388,0.09796041250228882,31.0,2.0,11.24896716866859,0.13672226667404175,0.08291703462600708,0.11147865615139424,0.019756197929382324,1.0,8.1734619140625,16.0,2.0,7.0,37.4375,585.0,64.0
pop_jamendo_0106778__300s,pop_jamendo_0106778,pop,discovery,300.0,acoustic,8,8_bars,1,299.5,0.6374130249023438,1.7538350820541382,0.3634395453851845,0.5192492604255676,42.0,3.0,11.665562145535723,0.5568721294403076,0.08054089546203613,0.09812823077400619,0.012334942817687988,1.0,16.346923828125,33.0,4.0,14.0,18.151515151515152,571.0,64.0
pop_jamendo_0106778__300s,pop_jamendo_0106778,pop,discovery,300.0,acoustic,16,16_bars,1,299.5,0.41671812534332275,0.8923776745796204,0.4669750680838464,0.3345016837120056,24.0,1.0,12.976423226620106,0.32664650678634644,0.09007161855697632,0.08923822694086334,0.019379615783691406,1.0,32.69384765625,65.0,8.0,28.0,9.215384615384615,543.0,64.0
pop_jamendo_0106778__300s,pop_jamendo_0106778,pop,discovery,300.0,acoustic,32,32_bars,1,299.5,0.1395251750946045,0.856233537197113,0.16295224262219535,0.0618518590927124,28.0,1.0,14.023816343778813,0.03446090221405029,0.1050642728805542,0.08759303244875356,0.017602980136871338,0.8,65.3876953125,131.0,16.0,56.0,4.572519083969466,487.0,64.0
pop_jamendo_0106778__300s,pop_jamendo_0106778,pop,discovery,300.0,rhythm,0,multiscale_mean,4,299.5,0.1184789389371872,1.823817566037178,0.0652776982513266,0.01413506269454956,46.0,2.25,11.024520293432051,0.01491566002368927,0.10356327891349792,0.06584829818391809,0.009386956691741943,0.725,,,,,,546.5,64.0
pop_jamendo_0106778__300s,pop_jamendo_0106778,pop,discovery,300.0,rhythm,4,4_bars,1,299.5,0.09210991859436035,1.5883216261863708,0.05799198164638749,0.004477739334106445,40.0,0.0,10.725957620054071,-0.022321343421936035,0.11443126201629639,0.06368703197070176,0.010708034038543701,0.1,8.1734619140625,16.0,2.0,7.0,37.4375,585.0,64.0
pop_jamendo_0106778__300s,pop_jamendo_0106778,pop,discovery,300.0,rhythm,8,8_bars,1,299.5,0.1196967363357544,1.7849082350730896,0.06706044265118928,0.0052790045738220215,45.0,3.0,11.329198206782849,0.02679234743118286,0.09290438890457153,0.06718772854098051,0.0036249756813049316,1.0,16.346923828125,33.0,4.0,14.0,18.151515151515152,571.0,64.0
pop_jamendo_0106778__300s,pop_jamendo_0106778,pop,discovery,300.0,rhythm,16,16_bars,1,299.5,0.1234697699546814,1.638987421989441,0.07533295759207898,0.024616897106170654,47.0,1.0,11.136801279486821,0.025069475173950195,0.0984002947807312,0.06763082866394955,0.010843038558959961,0.9,32.69384765625,65.0,8.0,28.0,9.215384615384615,543.0,64.0
pop_jamendo_0106778__300s,pop_jamendo_0106778,pop,discovery,300.0,rhythm,32,32_bars,1,299.5,0.13863933086395264,2.283052980899811,0.060725411115650614,0.02216660976409912,52.0,5.0,10.906124067404463,0.03012216091156006,0.10851716995239258,0.06488760356004054,0.01237177848815918,0.9,65.3876953125,131.0,16.0,56.0,4.572519083969466,487.0,64.0
pop_jamendo_1008215__300s,pop_jamendo_1008215,pop,discovery,300.0,acoustic,0,multiscale_mean,4,287.5,0.08586029708385468,1.3840891420841217,0.0648698872287217,0.011796057224273682,44.0,0.25,8.575600908229424,0.017210617661476135,0.06864967942237854,0.11520338238293416,0.010184183716773987,0.625,,,,,,522.5,64.0
pop_jamendo_1008215__300s,pop_jamendo_1008215,pop,discovery,300.0,acoustic,4,4_bars,1,287.5,0.08302658796310425,1.537129819393158,0.054014037666566275,0.0038219094276428223,45.0,0.0,8.916360463555858,-0.00046062469482421875,0.08348721265792847,0.09596667039829984,0.012304842472076416,0.5,8.17333984375,16.0,2.0,7.0,35.9375,561.0,64.0
pop_jamendo_1008215__300s,pop_jamendo_1008215,pop,discovery,300.0,acoustic,8,8_bars,1,287.5,0.07086378335952759,1.282522737979889,0.055253432364985325,0.0010538101196289062,38.0,0.0,8.758073272358018,0.002484738826751709,0.06837904453277588,0.11728452749332663,0.010892510414123535,0.6,16.3466796875,33.0,4.0,14.0,17.424242424242426,547.0,64.0
pop_jamendo_1008215__300s,pop_jamendo_1008215,pop,discovery,300.0,acoustic,16,16_bars,1,287.5,0.10105174779891968,1.0357481241226196,0.09756401720207838,0.03515416383743286,37.0,1.0,8.389431681958847,0.03585338592529297,0.06519836187362671,0.1280858107952422,0.009090602397918701,0.7,32.693359375,65.0,8.0,28.0,8.846153846153847,519.0,64.0
pop_jamendo_1008215__300s,pop_jamendo_1008215,pop,discovery,300.0,acoustic,32,32_bars,1,287.5,0.08849906921386719,1.6809558868408203,0.05264806168125677,0.007154345512390137,56.0,0.0,8.238538215044972,0.030964970588684082,0.057534098625183105,0.11947652084486797,0.008448779582977295,0.7,65.38671875,131.0,16.0,56.0,4.3893129770992365,463.0,64.0
pop_jamendo_1008215__300s,pop_jamendo_1008215,pop,discovery,300.0,rhythm,0,multiscale_mean,4,287.5,0.07523950934410095,1.2375768423080444,0.06264601900143392,0.00481472909450531,47.25,0.0,9.95561861671481,-0.008877813816070557,0.08411732316017151,0.07600147423610691,0.011767968535423279,0.42500000000000004,,,,,,522.5,64.0
pop_jamendo_1008215__300s,pop_jamendo_1008215,pop,discovery,300.0,rhythm,4,4_bars,1,287.5,0.06783288717269897,0.8635175228118896,0.07855415249920275,0.0038167834281921387,31.0,0.0,10.341758217741244,-0.014907419681549072,0.08274030685424805,0.07311416463584751,0.006715536117553711,0.2,8.17333984375,16.0,2.0,7.0,35.9375,561.0,64.0
pop_jamendo_1008215__300s,pop_jamendo_1008215,pop,discovery,300.0,rhythm,8,8_bars,1,287.5,0.0729513168334961,1.4682802557945251,0.04968487217995056,0.004143476486206055,52.0,0.0,9.88774613205856,-0.023280024528503418,0.09623134136199951,0.07883963030560695,0.015586376190185547,0.2,16.3466796875,33.0,4.0,14.0,17.424242424242426,547.0,64.0
pop_jamendo_1008215__300s,pop_jamendo_1008215,pop,discovery,300.0,rhythm,16,16_bars,1,287.5,0.07983452081680298,1.3160963654518127,0.06066008759882562,0.010481178760528564,53.0,0.0,9.774875347769578,-0.0058203935623168945,0.08565491437911987,0.07814317996937725,0.013175904750823975,0.5,32.693359375,65.0,8.0,28.0,8.846153846153847,519.0,64.0
pop_jamendo_1008215__300s,pop_jamendo_1008215,pop,discovery,300.0,rhythm,32,32_bars,1,287.5,0.08033931255340576,1.3024132251739502,0.06168496372775672,0.0008174777030944824,53.0,0.0,9.818094769289859,0.008496582508087158,0.0718427300453186,0.07390892203359595,0.011594057083129883,0.8,65.38671875,131.0,16.0,56.0,4.3893129770992365,463.0,64.0
pop_jamendo_1020560__300s,pop_jamendo_1020560,pop,discovery,300.0,acoustic,0,multiscale_mean,4,275.5,0.10426920652389526,1.8781248331069946,0.05832484277384469,0.007135063409805298,49.25,2.25,8.850772299612569,0.028072848916053772,0.07619635760784149,0.06871680007905673,0.006910726428031921,0.9,,,,,,498.5,64.0
pop_jamendo_1020560__300s,pop_jamendo_1020560,pop,discovery,300.0,acoustic,4,4_bars,1,275.5,0.09018099308013916,1.2281008958816528,0.07343125746634871,0.006200551986694336,42.0,0.0,9.165315195459886,0.0037992000579833984,0.08638179302215576,0.07898867948898747,0.006121993064880371,0.7,8.17333984375,16.0,2.0,7.0,34.4375,537.0,64.0
pop_jamendo_1020560__300s,pop_jamendo_1020560,pop,discovery,300.0,acoustic,8,8_bars,1,275.5,0.08935660123825073,1.455609679222107,0.06138774873082998,0.010635614395141602,38.0,0.0,9.068518856708419,0.026671171188354492,0.06268543004989624,0.057858912854073616,0.0036007165908813477,0.9,16.3466796875,33.0,4.0,14.0,16.696969696969695,523.0,64.0
pop_jamendo_1020560__300s,pop_jamendo_1020560,pop,discovery,300.0,acoustic,16,16_bars,1,275.5,0.12436807155609131,2.376902222633362,0.052323595969507045,0.009613513946533203,59.0,5.0,8.768690261589951,0.05090653896331787,0.07346153259277344,0.06737949355309907,0.009413480758666992,1.0,32.693359375,65.0,8.0,28.0,8.476923076923077,495.0,64.0
pop_jamendo_1020560__300s,pop_jamendo_1020560,pop,discovery,300.0,acoustic,32,32_bars,1,275.5,0.11317116022109985,2.451886534690857,0.04615676892869306,0.0020905733108520508,58.0,4.0,8.40056488469202,0.030914485454559326,0.08225667476654053,0.07064011442006672,0.008506715297698975,1.0,65.38671875,131.0,16.0,56.0,4.206106870229007,439.0,64.0
pop_jamendo_1020560__300s,pop_jamendo_1020560,pop,discovery,300.0,rhythm,0,multiscale_mean,4,275.5,0.0956411361694336,1.6821794509887695,0.05708831190972635,0.015021935105323792,57.75,0.5,11.103368989807548,0.019414126873016357,0.07622700929641724,0.05800178712692654,0.006737112998962402,0.8250000000000001,,,,,,498.5,64.0
pop_jamendo_1020560__300s,pop_jamendo_1020560,pop,discovery,300.0,rhythm,4,4_bars,1,275.5,0.09953945875167847,1.8654325008392334,0.05335998955035735,0.0025745034217834473,64.0,0.0,11.418800376906798,0.019496679306030273,0.0800427794456482,0.05335483197671364,0.005616366863250732,1.0,8.17333984375,16.0,2.0,7.0,34.4375,537.0,64.0
pop_jamendo_1020560__300s,pop_jamendo_1020560,pop,discovery,300.0,rhythm,8,8_bars,1,275.5,0.07570433616638184,1.637938678264618,0.046219273756078545,0.003583073616027832,53.0,0.0,11.094825462233082,0.0005599856376647949,0.07514435052871704,0.0536433808758797,0.006587386131286621,0.6,16.3466796875,33.0,4.0,14.0,16.696969696969695,523.0,64.0
pop_jamendo_1020560__300s,pop_jamendo_1020560,pop,discovery,300.0,rhythm,16,16_bars,1,275.5,0.10032057762145996,1.6578084230422974,0.06051397509330931,0.02452099323272705,59.0,1.0,11.039729614383988,0.019242942333221436,0.08107763528823853,0.06533663862151776,0.010183930397033691,0.8,32.693359375,65.0,8.0,28.0,8.476923076923077,495.0,64.0
pop_jamendo_1020560__300s,pop_jamendo_1020560,pop,discovery,300.0,rhythm,32,32_bars,1,275.5,0.10700017213821411,1.5675382018089294,0.06826000923916022,0.029409170150756836,55.0,1.0,10.86012050570632,0.038356900215148926,0.06864327192306519,0.059672297033595056,0.0045607686042785645,0.9,65.38671875,131.0,16.0,56.0,4.206106870229007,439.0,64.0
pop_jamendo_1022034__300s,pop_jamendo_1022034,pop,discovery,300.0,acoustic,0,multiscale_mean,4,299.5,0.27085839211940765,1.5121995136141777,0.1843634885275621,0.08795543015003204,31.5,3.0,11.64258166353754,0.17464633285999298,0.09621205925941467,0.09154728913815631,0.012929335236549377,0.85,,,,,,550.0,64.0
pop_jamendo_1022034__300s,pop_jamendo_1022034,pop,discovery,300.0,acoustic,4,4_bars,1,299.5,0.4239921569824219,1.2311798632144928,0.34437872942091413,0.18933546543121338,26.0,2.0,10.9157348477186,0.33266693353652954,0.09132522344589233,0.09103295998226188,0.012940943241119385,1.0,7.430419921875,15.0,2.0,7.0,39.93333333333333,585.0,64.0
pop_jamendo_1022034__300s,pop_jamendo_1022034,pop,discovery,300.0,acoustic,8,8_bars,1,299.5,0.3081696629524231,1.9015220701694489,0.1620647310840633,0.10479283332824707,34.0,4.0,12.262085935861451,0.2278236746788025,0.0803459882736206,0.07970168005399449,0.0035411715507507324,1.0,14.86083984375,30.0,4.0,14.0,19.966666666666665,571.0,64.0
pop_jamendo_1022034__300s,pop_jamendo_1022034,pop,discovery,300.0,acoustic,16,16_bars,1,299.5,0.24692565202713013,1.8302700221538544,0.13491214358444717,0.04957824945449829,36.0,5.0,12.523438695214693,0.1498662233352661,0.09705942869186401,0.09634629902016227,0.012542247772216797,1.0,29.7216796875,59.0,7.0,24.5,10.152542372881356,550.0,64.0
pop_jamendo_1022034__300s,pop_jamendo_1022034,pop,discovery,300.0,acoustic,32,32_bars,1,299.5,0.10434609651565552,1.0858260989189148,0.0960983500208238,0.008115172386169434,30.0,1.0,10.869067175355411,-0.01177150011062622,0.11611759662628174,0.09910821749620659,0.022692978382110596,0.4,59.443359375,119.0,15.0,52.5,5.033613445378151,494.0,64.0
pop_jamendo_1022034__300s,pop_jamendo_1022034,pop,discovery,300.0,rhythm,0,multiscale_mean,4,299.5,0.1262466162443161,1.961853563785553,0.06473921741199368,0.028749242424964905,49.75,1.25,10.508909144687777,0.041212186217308044,0.08503443002700806,0.05949950036686258,0.007915452122688293,0.95,,,,,,550.0,64.0
pop_jamendo_1022034__300s,pop_jamendo_1022034,pop,discovery,300.0,rhythm,4,4_bars,1,299.5,0.1854623556137085,2.3081687688827515,0.08035043109238493,0.07955729961395264,54.0,2.0,10.005991327355801,0.1008949875831604,0.0845673680305481,0.0647918020260888,0.01319187879562378,1.0,7.430419921875,15.0,2.0,7.0,39.93333333333333,585.0,64.0
pop_jamendo_1022034__300s,pop_jamendo_1022034,pop,discovery,300.0,rhythm,8,8_bars,1,299.5,0.12168675661087036,2.0162132382392883,0.06035411051915151,0.00577390193939209,46.0,2.0,10.876419671232938,0.02950197458267212,0.09218478202819824,0.060034668541824474,0.008893847465515137,1.0,14.86083984375,30.0,4.0,14.0,19.966666666666665,571.0,64.0
pop_jamendo_1022034__300s,pop_jamendo_1022034,pop,discovery,300.0,rhythm,16,16_bars,1,299.5,0.10227233171463013,1.3940115571022034,0.07336548337319984,0.024200260639190674,42.0,1.0,10.287376463488354,0.020050883293151855,0.08222144842147827,0.05265912255193431,0.005948424339294434,1.0,29.7216796875,59.0,7.0,24.5,10.152542372881356,550.0,64.0
pop_jamendo_1022034__300s,pop_jamendo_1022034,pop,discovery,300.0,rhythm,32,32_bars,1,299.5,0.09556502103805542,2.1290206909179688,0.04488684466323843,0.005465507507324219,57.0,0.0,10.865849116674013,0.014400899410247803,0.08116412162780762,0.06051240834760275,0.0036276578903198242,0.8,59.443359375,119.0,15.0,52.5,5.033613445378151,494.0,64.0
pop_jamendo_1027308__300s,pop_jamendo_1027308,pop,discovery,300.0,acoustic,0,multiscale_mean,4,292.5,0.1933540552854538,1.6142990291118622,0.11145296687335067,0.10448446869850159,48.25,1.0,10.112347702832725,0.1155385673046112,0.07781548798084259,0.07110058243752489,0.011897087097167969,0.75,,,,,,532.5,64.0
pop_jamendo_1027308__300s,pop_jamendo_1027308,pop,discovery,300.0,acoustic,4,4_bars,1,292.5,0.3691219091415405,2.0484193563461304,0.1801984090796535,0.27710866928100586,51.0,1.0,10.10277797781854,0.2960723638534546,0.07304954528808594,0.07248788576568742,0.008048951625823975,1.0,8.17333984375,16.0,2.0,7.0,36.5625,571.0,64.0
pop_jamendo_1027308__300s,pop_jamendo_1027308,pop,discovery,300.0,acoustic,8,8_bars,1,292.5,0.2099686861038208,1.5654596090316772,0.13412590455380574,0.07692062854766846,47.0,2.0,10.063477398108825,0.1238785982131958,0.086090087890625,0.07779654170922484,0.027421236038208008,1.0,16.3466796875,33.0,4.0,14.0,17.727272727272727,557.0,64.0
pop_jamendo_1027308__300s,pop_jamendo_1027308,pop,discovery,300.0,acoustic,16,16_bars,1,292.5,0.05973154306411743,1.1040874123573303,0.05410037502065618,0.004154801368713379,44.0,0.0,10.437801529134518,-0.013098001480102539,0.07282954454421997,0.06569257365414435,0.005480468273162842,0.1,32.693359375,65.0,8.0,28.0,9.0,529.0,64.0
pop_jamendo_1027308__300s,pop_jamendo_1027308,pop,discovery,300.0,acoustic,32,32_bars,1,292.5,0.13459408283233643,1.7392297387123108,0.07738717883928725,0.05975377559661865,51.0,1.0,9.845333906269016,0.05530130863189697,0.07929277420043945,0.0684253286210429,0.006637692451477051,0.9,65.38671875,131.0,16.0,56.0,4.465648854961832,473.0,64.0
pop_jamendo_1027308__300s,pop_jamendo_1027308,pop,discovery,300.0,rhythm,0,multiscale_mean,4,292.5,0.1739301234483719,1.5376321822404861,0.11162904586999034,0.09155315160751343,47.0,0.5,9.858346233667834,0.07435308396816254,0.09957703948020935,0.0726454448883648,0.014046236872673035,0.725,,,,,,532.5,64.0
pop_jamendo_1027308__300s,pop_jamendo_1027308,pop,discovery,300.0,rhythm,4,4_bars,1,292.5,0.31496816873550415,1.594976782798767,0.19747508059823754,0.21564489603042603,41.0,1.0,10.223166052024633,0.2115914225578308,0.10337674617767334,0.08411110447582933,0.0070708394050598145,1.0,8.17333984375,16.0,2.0,7.0,36.5625,571.0,64.0
pop_jamendo_1027308__300s,pop_jamendo_1027308,pop,discovery,300.0,rhythm,8,8_bars,1,292.5,0.1982387900352478,1.58245050907135,0.1252732953724934,0.13049370050430298,47.0,1.0,10.06244028611587,0.10408800840377808,0.09415078163146973,0.07297972419945752,0.01233738660812378,1.0,16.3466796875,33.0,4.0,14.0,17.727272727272727,557.0,64.0
pop_jamendo_1027308__300s,pop_jamendo_1027308,pop,discovery,300.0,rhythm,16,16_bars,1,292.5,0.08958685398101807,1.339338481426239,0.06688888225298995,0.01019364595413208,48.0,0.0,9.64021050713227,0.0011661648750305176,0.08842068910598755,0.05800204067301546,0.005838453769683838,0.6,32.693359375,65.0,8.0,28.0,9.0,529.0,64.0
pop_jamendo_1027308__300s,pop_jamendo_1027308,pop,discovery,300.0,rhythm,32,32_bars,1,292.5,0.09292668104171753,1.6337629556655884,0.05687892525624048,0.009880363941192627,52.0,0.0,9.50756808939856,-0.019433259963989258,0.11235994100570679,0.0754889102051569,0.030938267707824707,0.3,65.38671875,131.0,16.0,56.0,4.465648854961832,473.0,64.0
pop_jamendo_1030186__300s,pop_jamendo_1030186,pop,discovery,300.0,acoustic,0,multiscale_mean,4,278.5,0.1037256270647049,1.0284090787172318,0.10069612938918465,0.018617108464241028,32.5,1.0,9.984768979515746,-0.004441305994987488,0.10816693305969238,0.11073830043109505,0.022841766476631165,0.475,,,,,,509.75,64.0
pop_jamendo_1030186__300s,pop_jamendo_1030186,pop,discovery,300.0,acoustic,4,4_bars,1,278.5,0.07881015539169312,1.0325894355773926,0.07632283720550063,0.0009940862655639648,36.0,0.0,10.173470624401247,-0.008634030818939209,0.08744418621063232,0.10634916450480672,0.014354526996612549,0.4,7.058837890625,14.0,2.0,7.0,39.785714285714285,543.0,64.0
pop_jamendo_1030186__300s,pop_jamendo_1030186,pop,discovery,300.0,acoustic,8,8_bars,1,278.5,0.15632838010787964,1.1587446331977844,0.13491184824430266,0.06802088022232056,40.0,1.0,10.384181578172969,0.037806689739227295,0.11852169036865234,0.12537086020995827,0.04011720418930054,1.0,14.11767578125,28.0,4.0,14.0,19.892857142857142,529.0,64.0
pop_jamendo_1030186__300s,pop_jamendo_1030186,pop,discovery,300.0,acoustic,16,16_bars,1,278.5,0.10368591547012329,1.1975087523460388,0.0865846827983447,0.00103837251663208,33.0,3.0,9.812565699770296,-0.013193130493164062,0.11687904596328735,0.09728639696767873,0.019984960556030273,0.4,28.2353515625,56.0,7.0,24.5,9.946428571428571,508.0,64.0
pop_jamendo_1030186__300s,pop_jamendo_1030186,pop,discovery,300.0,acoustic,32,32_bars,1,278.5,0.07607805728912354,0.7247934937477112,0.1049651493085906,0.00441509485244751,21.0,0.0,9.568858015718465,-0.033744752407073975,0.10982280969619751,0.1139467800419365,0.0169103741645813,0.1,56.470703125,113.0,14.0,49.0,4.929203539823009,459.0,64.0
pop_jamendo_1030186__300s,pop_jamendo_1030186,pop,discovery,300.0,rhythm,0,multiscale_mean,4,278.5,0.08129332959651947,1.2837563157081604,0.06613350205476526,0.006426528096199036,41.75,0.0,9.770017665284964,0.007553309202194214,0.07374002039432526,0.07268643596789126,0.008693903684616089,0.725,,,,,,509.75,64.0
pop_jamendo_1030186__300s,pop_jamendo_1030186,pop,discovery,300.0,rhythm,4,4_bars,1,278.5,0.07197898626327515,0.9441057443618774,0.07624038588169577,0.003519713878631592,35.0,0.0,9.87560241695344,-0.007613122463226318,0.07959210872650146,0.06813026663252834,0.010308921337127686,0.4,7.058837890625,14.0,2.0,7.0,39.785714285714285,543.0,64.0
pop_jamendo_1030186__300s,pop_jamendo_1030186,pop,discovery,300.0,rhythm,8,8_bars,1,278.5,0.0875961184501648,1.5591802597045898,0.0561808796032097,0.0008234381675720215,43.0,0.0,9.803388645229793,0.025431275367736816,0.06216484308242798,0.07155612074250196,0.007563948631286621,1.0,14.11767578125,28.0,4.0,14.0,19.892857142857142,529.0,64.0
pop_jamendo_1030186__300s,pop_jamendo_1030186,pop,discovery,300.0,rhythm,16,16_bars,1,278.5,0.08544450998306274,1.0486267805099487,0.0814822886189412,0.01405411958694458,39.0,0.0,10.008283584901587,-0.0017673373222351074,0.08721184730529785,0.08276645260788891,0.011092662811279297,0.5,28.2353515625,56.0,7.0,24.5,9.946428571428571,508.0,64.0
pop_jamendo_1030186__300s,pop_jamendo_1030186,pop,discovery,300.0,rhythm,32,32_bars,1,278.5,0.0801537036895752,1.5831124782562256,0.050630454115214406,0.007308840751647949,50.0,0.0,9.392796014055037,0.014162421226501465,0.06599128246307373,0.06829290388864585,0.005810081958770752,1.0,56.470703125,113.0,14.0,49.0,4.929203539823009,459.0,64.0
pop_jamendo_1030189__300s,pop_jamendo_1030189,pop,discovery,300.0,acoustic,0,multiscale_mean,4,270.5,0.13936226069927216,0.9217572957277298,0.16102001644296324,0.046307727694511414,28.0,1.25,10.260092691548286,0.05237293243408203,0.08698932826519012,0.057037881206403906,0.010686591267585754,0.875,,,,,,478.0,64.0
pop_jamendo_1030189__300s,pop_jamendo_1030189,pop,discovery,300.0,acoustic,4,4_bars,1,270.5,0.1450926661491394,0.6022959351539612,0.24089929498204277,0.07617694139480591,25.0,1.0,10.909742148442408,0.05796027183532715,0.08713239431381226,0.06342215891865126,0.012074708938598633,1.0,9.659423828125,19.0,2.0,7.0,28.473684210526315,527.0,64.0
pop_jamendo_1030189__300s,pop_jamendo_1030189,pop,discovery,300.0,acoustic,8,8_bars,1,270.5,0.16891950368881226,0.9621036648750305,0.17557307996613186,0.05643939971923828,24.0,2.0,10.686722238056479,0.09297174215316772,0.07594776153564453,0.05306552264800195,0.005148768424987793,1.0,19.31884765625,39.0,5.0,17.5,13.871794871794872,506.0,64.0
pop_jamendo_1030189__300s,pop_jamendo_1030189,pop,discovery,300.0,acoustic,16,16_bars,1,270.5,0.08387815952301025,1.0325543880462646,0.08123364782916598,0.008437037467956543,35.0,0.0,9.9044565107883,-0.009273886680603027,0.09315204620361328,0.059269662378047525,0.01529085636138916,0.5,38.6376953125,77.0,10.0,35.0,7.025974025974026,471.0,64.0
pop_jamendo_1030189__300s,pop_jamendo_1030189,pop,discovery,300.0,acoustic,32,32_bars,1,270.5,0.1595587134361267,1.0900751948356628,0.14637404299451232,0.04417753219604492,28.0,2.0,9.539449868905955,0.06783360242843628,0.09172511100769043,0.05239418088091491,0.010232031345367432,1.0,77.275390625,155.0,19.0,66.5,3.490322580645161,408.0,64.0
pop_jamendo_1030189__300s,pop_jamendo_1030189,pop,discovery,300.0,rhythm,0,multiscale_mean,4,270.5,0.1392948478460312,1.1247007250785828,0.12805520575344428,0.029960960149765015,34.5,1.75,10.85041130986369,0.027605310082435608,0.11168953776359558,0.06867581742701581,0.015791848301887512,0.8,,,,,,478.0,64.0
pop_jamendo_1030189__300s,pop_jamendo_1030189,pop,discovery,300.0,rhythm,4,4_bars,1,270.5,0.15866810083389282,0.8380682468414307,0.18932599037356693,0.030713796615600586,28.0,2.0,10.915001956597127,0.04892033338546753,0.10974776744842529,0.08213739452639277,0.017765522003173828,0.9,9.659423828125,19.0,2.0,7.0,28.473684210526315,527.0,64.0
pop_jamendo_1030189__300s,pop_jamendo_1030189,pop,discovery,300.0,rhythm,8,8_bars,1,270.5,0.18457818031311035,1.3044742941856384,0.14149621892575465,0.04797565937042236,33.0,3.0,11.40201785428087,0.046078622341156006,0.13849955797195435,0.07407058050119034,0.02707892656326294,1.0,19.31884765625,39.0,5.0,17.5,13.871794871794872,506.0,64.0
pop_jamendo_1030189__300s,pop_jamendo_1030189,pop,discovery,300.0,rhythm,16,16_bars,1,270.5,0.1000792384147644,1.1397196054458618,0.08781040348570042,0.008342921733856201,38.0,1.0,10.687812388862152,0.003271937370300293,0.09680730104446411,0.061915004558165926,0.005556702613830566,0.6,38.6376953125,77.0,10.0,35.0,7.025974025974026,471.0,64.0
pop_jamendo_1030189__300s,pop_jamendo_1030189,pop,discovery,300.0,rhythm,32,32_bars,1,270.5,0.11385387182235718,1.2165407538414001,0.0935882102287551,0.03281146287918091,39.0,1.0,10.396813039714607,0.012150347232818604,0.10170352458953857,0.056580290122314233,0.012766242027282715,0.7,77.275390625,155.0,19.0,66.5,3.490322580645161,408.0,64.0
pop_jamendo_1030617__300s,pop_jamendo_1030617,pop,discovery,300.0,acoustic,0,multiscale_mean,4,282.5,0.12021239101886749,1.2750125974416733,0.09580429524221214,0.021372109651565552,36.0,2.0,9.580542850244852,0.026912063360214233,0.09330032765865326,0.07087304774529715,0.015616640448570251,0.775,,,,,,502.0,64.0
pop_jamendo_1030617__300s,pop_jamendo_1030617,pop,discovery,300.0,acoustic,4,4_bars,1,282.5,0.12967848777770996,1.5418014526367188,0.08410842236264579,0.01764225959777832,37.0,2.0,9.81703320195814,0.03336000442504883,0.09631848335266113,0.07067785362851282,0.01047360897064209,1.0,9.659423828125,19.0,2.0,7.0,29.736842105263158,551.0,64.0
pop_jamendo_1030617__300s,pop_jamendo_1030617,pop,discovery,300.0,acoustic,8,8_bars,1,282.5,0.1373729705810547,1.2376806139945984,0.11099226167701308,0.0351065993309021,34.0,2.0,9.668793824031464,0.04220956563949585,0.09516340494155884,0.08678260328869097,0.02077251672744751,1.0,19.31884765625,39.0,5.0,17.5,14.487179487179487,530.0,64.0
pop_jamendo_1030617__300s,pop_jamendo_1030617,pop,discovery,300.0,acoustic,16,16_bars,1,282.5,0.13924449682235718,1.5712637305259705,0.08861943040952519,0.01727956533432007,39.0,4.0,9.491185467754596,0.0500909686088562,0.08915352821350098,0.06098370839795402,0.011833429336547852,1.0,38.6376953125,77.0,10.0,35.0,7.337662337662338,495.0,64.0
pop_jamendo_1030617__300s,pop_jamendo_1030617,pop,discovery,300.0,acoustic,32,32_bars,1,282.5,0.07455360889434814,0.7493045926094055,0.09949706651966451,0.015460014343261719,34.0,0.0,9.345158907235211,-0.018012285232543945,0.09256589412689209,0.06504802566603082,0.019387006759643555,0.1,77.275390625,155.0,19.0,66.5,3.6451612903225805,432.0,64.0
pop_jamendo_1030617__300s,pop_jamendo_1030617,pop,discovery,300.0,rhythm,0,multiscale_mean,4,282.5,0.09858693182468414,1.766475424170494,0.05660308803751359,0.014529883861541748,54.0,0.25,10.563140637863771,0.0022566616535186768,0.09633027017116547,0.0694592683959383,0.010917186737060547,0.6,,,,,,502.0,64.0
pop_jamendo_1030617__300s,pop_jamendo_1030617,pop,discovery,300.0,rhythm,4,4_bars,1,282.5,0.08651041984558105,1.396358072757721,0.06195432356023718,0.003467857837677002,45.0,0.0,11.29314166067034,-0.0005126595497131348,0.08702307939529419,0.07446299359997861,0.007708311080932617,0.5,9.659423828125,19.0,2.0,7.0,29.736842105263158,551.0,64.0
pop_jamendo_1030617__300s,pop_jamendo_1030617,pop,discovery,300.0,rhythm,8,8_bars,1,282.5,0.08452343940734863,1.530848741531372,0.055213449320144,0.0036809444427490234,48.0,0.0,10.668528508157978,-0.016639769077301025,0.10116320848464966,0.072854036736916,0.011175453662872314,0.4,19.31884765625,39.0,5.0,17.5,14.487179487179487,530.0,64.0
pop_jamendo_1030617__300s,pop_jamendo_1030617,pop,discovery,300.0,rhythm,16,16_bars,1,282.5,0.12362545728683472,1.9256942868232727,0.06419786262687305,0.03302347660064697,56.0,1.0,10.576113690818122,0.01678675413131714,0.10683870315551758,0.07083929561688529,0.01399773359298706,0.9,38.6376953125,77.0,10.0,35.0,7.337662337662338,495.0,64.0
pop_jamendo_1030617__300s,pop_jamendo_1030617,pop,discovery,300.0,rhythm,32,32_bars,1,282.5,0.09968841075897217,2.2130005955696106,0.045046716642800126,0.017947256565093994,67.0,0.0,9.714778691808643,0.009392321109771729,0.09029608964920044,0.059680747629973274,0.010787248611450195,0.6,77.275390625,155.0,19.0,66.5,3.6451612903225805,432.0,64.0
pop_jamendo_1032022__300s,pop_jamendo_1032022,pop,discovery,300.0,acoustic,0,multiscale_mean,4,299.5,0.14246097207069397,1.6733646541833878,0.08738979679575928,0.043115049600601196,43.75,1.25,9.338782119782099,0.056327372789382935,0.08613359928131104,0.05051031268802825,0.009102866053581238,0.875,,,,,,536.0,64.0
pop_jamendo_1032022__300s,pop_jamendo_1032022,pop,discovery,300.0,acoustic,4,4_bars,1,299.5,0.21442312002182007,1.5337279438972473,0.13980518570781508,0.1245567798614502,42.0,1.0,9.311792509850278,0.11925417184829712,0.09516894817352295,0.05703877848558413,0.012450218200683594,1.0,9.659423828125,19.0,2.0,7.0,31.526315789473685,585.0,64.0
pop_jamendo_1032022__300s,pop_jamendo_1032022,pop,discovery,300.0,acoustic,8,8_bars,1,299.5,0.16190433502197266,1.636816143989563,0.0989141850882215,0.034196674823760986,41.0,3.0,9.327975241949222,0.07997697591781616,0.0819273591041565,0.045824465519091105,0.0068375468254089355,1.0,19.31884765625,39.0,5.0,17.5,15.35897435897436,564.0,64.0
pop_jamendo_1032022__300s,pop_jamendo_1032022,pop,discovery,300.0,acoustic,16,16_bars,1,299.5,0.10084021091461182,1.9678159952163696,0.05124473586948561,0.009590327739715576,50.0,1.0,9.36414107663885,0.02037334442138672,0.0804668664932251,0.04774304288096524,0.00581514835357666,0.9,38.6376953125,77.0,10.0,35.0,7.779220779220779,529.0,64.0
pop_jamendo_1032022__300s,pop_jamendo_1032022,pop,discovery,300.0,acoustic,32,32_bars,1,299.5,0.09267622232437134,1.555098533630371,0.059595080517514915,0.004116415977478027,42.0,0.0,9.351219650690044,0.005704998970031738,0.0869712233543396,0.051434963866472526,0.011308550834655762,0.6,77.275390625,155.0,19.0,66.5,3.8645161290322583,466.0,64.0
pop_jamendo_1032022__300s,pop_jamendo_1032022,pop,discovery,300.0,rhythm,0,multiscale_mean,4,299.5,0.13266339898109436,1.9929607957601547,0.06869314445188285,0.02356375753879547,43.75,2.5,23.66816435583194,0.005896329879760742,0.12676706910133362,0.0526919271575899,0.00845937430858612,0.6,,,,,,536.0,64.0
pop_jamendo_1032022__300s,pop_jamendo_1032022,pop,discovery,300.0,rhythm,4,4_bars,1,299.5,0.16788411140441895,1.7539802193641663,0.09571608023337827,0.04558682441711426,36.0,3.0,24.60251212163059,0.038021624088287354,0.1298624873161316,0.054350492128153946,0.005247294902801514,1.0,9.659423828125,19.0,2.0,7.0,31.526315789473685,585.0,64.0
pop_jamendo_1032022__300s,pop_jamendo_1032022,pop,discovery,300.0,rhythm,8,8_bars,1,299.5,0.10814189910888672,1.6404141783714294,0.0659235335409304,0.0022842884063720703,40.0,2.0,24.70257886838508,-0.02478867769241333,0.13293057680130005,0.05137288033757263,0.01137697696685791,0.2,19.31884765625,39.0,5.0,17.5,15.35897435897436,564.0,64.0
pop_jamendo_1032022__300s,pop_jamendo_1032022,pop,discovery,300.0,rhythm,16,16_bars,1,299.5,0.13957571983337402,2.0828000903129578,0.06701349807047571,0.0418204665184021,44.0,1.0,22.87300694071802,0.013390779495239258,0.12618494033813477,0.04611902233646953,0.009388148784637451,0.8,38.6376953125,77.0,10.0,35.0,7.779220779220779,529.0,64.0
pop_jamendo_1032022__300s,pop_jamendo_1032022,pop,discovery,300.0,rhythm,32,32_bars,1,299.5,0.11505186557769775,2.4946486949920654,0.046119465962746985,0.004563450813293457,55.0,4.0,22.494559492594085,-0.0030384063720703125,0.11809027194976807,0.05892531382816348,0.007825076580047607,0.4,77.275390625,155.0,19.0,66.5,3.8645161290322583,466.0,64.0
pop_jamendo_1036088__300s,pop_jamendo_1036088,pop,discovery,300.0,acoustic,0,multiscale_mean,4,299.5,0.11986862123012543,1.9355764389038086,0.06371748550592388,0.008676007390022278,50.5,3.5,7.948716821157005,0.04158751666545868,0.07828110456466675,0.05078529772241145,0.008558481931686401,1.0,,,,,,544.75,64.0
pop_jamendo_1036088__300s,pop_jamendo_1036088,pop,discovery,300.0,acoustic,4,4_bars,1,299.5,0.12806963920593262,2.0069255232810974,0.06381384745984653,0.006152927875518799,43.0,3.0,8.108719091004055,0.044524312019348145,0.08354532718658447,0.04836238127363245,0.01016920804977417,1.0,8.545166015625,17.0,2.0,7.0,35.23529411764706,585.0,64.0
pop_jamendo_1036088__300s,pop_jamendo_1036088,pop,discovery,300.0,acoustic,8,8_bars,1,299.5,0.13156259059906006,1.6832878589630127,0.07815810581566782,0.023649513721466064,52.0,4.0,8.009807903102526,0.05206716060638428,0.07949542999267578,0.04919699727458065,0.006524801254272461,1.0,17.09033203125,34.0,4.0,14.0,17.61764705882353,571.0,64.0
pop_jamendo_1036088__300s,pop_jamendo_1036088,pop,discovery,300.0,acoustic,16,16_bars,1,299.5,0.10363548994064331,1.5669914484024048,0.0661366021150293,0.0022736191749572754,51.0,2.0,7.861462261816162,0.02758920192718506,0.07604628801345825,0.052643015514774606,0.006151735782623291,1.0,34.1806640625,68.0,8.0,28.0,8.808823529411764,543.0,64.0
pop_jamendo_1036088__300s,pop_jamendo_1036088,pop,discovery,300.0,acoustic,32,32_bars,1,299.5,0.11620676517486572,2.4851009249687195,0.04676138663315191,0.0026279687881469727,56.0,5.0,7.814878028705277,0.042169392108917236,0.07403737306594849,0.05293879682665808,0.011388182640075684,1.0,68.361328125,137.0,17.0,59.5,4.372262773722627,480.0,64.0
pop_jamendo_1036088__300s,pop_jamendo_1036088,pop,discovery,300.0,rhythm,0,multiscale_mean,4,299.5,0.14234693348407745,2.3636500984430313,0.06013217853040803,0.022045359015464783,55.5,4.0,11.808343452393455,0.04291456937789917,0.09943236410617828,0.0458992387325048,0.011835247278213501,1.0,,,,,,544.75,64.0
pop_jamendo_1036088__300s,pop_jamendo_1036088,pop,discovery,300.0,rhythm,4,4_bars,1,299.5,0.1498919129371643,2.5983863472938538,0.05768653806747119,0.026061534881591797,62.0,4.0,11.78275422455183,0.044898927211761475,0.10499298572540283,0.047075783235179205,0.015915215015411377,1.0,8.545166015625,17.0,2.0,7.0,35.23529411764706,585.0,64.0
pop_jamendo_1036088__300s,pop_jamendo_1036088,pop,discovery,300.0,rhythm,8,8_bars,1,299.5,0.13340705633163452,2.3371408581733704,0.05708130764352001,0.0007036924362182617,52.0,5.0,11.644438898453716,0.04204559326171875,0.09136146306991577,0.04108330950033099,0.008143842220306396,1.0,17.09033203125,34.0,4.0,14.0,17.61764705882353,571.0,64.0
pop_jamendo_1036088__300s,pop_jamendo_1036088,pop,discovery,300.0,rhythm,16,16_bars,1,299.5,0.16763240098953247,2.395093619823456,0.06998991588557978,0.05312830209732056,53.0,4.0,11.861131063583661,0.058426082134246826,0.10920631885528564,0.046982479169828485,0.014770746231079102,1.0,34.1806640625,68.0,8.0,28.0,8.808823529411764,543.0,64.0
pop_jamendo_1036088__300s,pop_jamendo_1036088,pop,discovery,300.0,rhythm,32,32_bars,1,299.5,0.11845636367797852,2.1239795684814453,0.05577095252506113,0.008287906646728516,55.0,3.0,11.945049622984614,0.02628767490386963,0.09216868877410889,0.04845538302468052,0.008511185646057129,1.0,68.361328125,137.0,17.0,59.5,4.372262773722627,480.0,64.0
pop_jamendo_1038110__300s,pop_jamendo_1038110,pop,discovery,300.0,acoustic,0,multiscale_mean,4,299.5,0.08653229475021362,0.673139676451683,0.13020094344561955,0.030733615159988403,31.5,0.25,10.470003562815645,-0.02127969264984131,0.10781198740005493,0.052813027255998,0.0143527090549469,0.30000000000000004,,,,,,546.5,64.0
pop_jamendo_1038110__300s,pop_jamendo_1038110,pop,discovery,300.0,acoustic,4,4_bars,1,299.5,0.1492246389389038,0.7760488986968994,0.19228767567285257,0.08632367849349976,31.0,1.0,10.803838230831321,0.023814916610717773,0.12540972232818604,0.0724624281787301,0.024439513683319092,0.9,8.17333984375,16.0,2.0,7.0,37.4375,585.0,64.0
pop_jamendo_1038110__300s,pop_jamendo_1038110,pop,discovery,300.0,acoustic,8,8_bars,1,299.5,0.06391304731369019,0.757784903049469,0.08434193800442852,0.00547558069229126,32.0,0.0,10.58265542691067,-0.04152482748031616,0.10543787479400635,0.04573597129924647,0.013547718524932861,0.1,16.3466796875,33.0,4.0,14.0,18.151515151515152,571.0,64.0
pop_jamendo_1038110__300s,pop_jamendo_1038110,pop,discovery,300.0,acoustic,16,16_bars,1,299.5,0.06934469938278198,0.7333059310913086,0.09456448726602135,0.020673036575317383,35.0,0.0,10.475045014352453,-0.032091736793518066,0.10143643617630005,0.0476475193741658,0.009920656681060791,0.1,32.693359375,65.0,8.0,28.0,9.215384615384615,543.0,64.0
pop_jamendo_1038110__300s,pop_jamendo_1038110,pop,discovery,300.0,acoustic,32,32_bars,1,299.5,0.06364679336547852,0.4254189729690552,0.14960967283917578,0.010462164878845215,28.0,0.0,10.01847557916814,-0.03531712293624878,0.0989639163017273,0.04540619017184962,0.009502947330474854,0.1,65.38671875,131.0,16.0,56.0,4.572519083969466,487.0,64.0
pop_jamendo_1038110__300s,pop_jamendo_1038110,pop,discovery,300.0,rhythm,0,multiscale_mean,4,299.5,0.10454973578453064,1.1643325984477997,0.08904081012805272,0.014475315809249878,37.25,0.5,13.594008891241476,0.005555987358093262,0.09899374842643738,0.06212497342413403,0.012248262763023376,0.55,,,,,,546.5,64.0
pop_jamendo_1038110__300s,pop_jamendo_1038110,pop,discovery,300.0,rhythm,4,4_bars,1,299.5,0.08914583921432495,1.1348760724067688,0.07855116640645217,0.003418564796447754,31.0,0.0,13.711297971328213,0.0018239021301269531,0.087321937084198,0.05320759638154412,0.007277071475982666,0.6,8.17333984375,16.0,2.0,7.0,37.4375,585.0,64.0
pop_jamendo_1038110__300s,pop_jamendo_1038110,pop,discovery,300.0,rhythm,8,8_bars,1,299.5,0.1613340973854065,1.2096973657608032,0.13336732140764826,0.0479927659034729,39.0,2.0,14.258754024325391,0.06532663106918335,0.09600746631622314,0.06453085348880894,0.0133591890335083,1.0,16.3466796875,33.0,4.0,14.0,18.151515151515152,571.0,64.0
pop_jamendo_1038110__300s,pop_jamendo_1038110,pop,discovery,300.0,rhythm,16,16_bars,1,299.5,0.07114553451538086,1.0885769724845886,0.06535645738766359,0.00043457746505737305,41.0,0.0,13.623566233746939,-0.039041221141815186,0.11018675565719604,0.06549930140199176,0.01184755563735962,0.2,32.693359375,65.0,8.0,28.0,9.215384615384615,543.0,64.0
pop_jamendo_1038110__300s,pop_jamendo_1038110,pop,discovery,300.0,rhythm,32,32_bars,1,299.5,0.09657347202301025,1.224179983139038,0.07888829531044683,0.006055355072021484,38.0,0.0,12.782417335565357,-0.00588536262512207,0.10245883464813232,0.06526214242419133,0.01650923490524292,0.4,65.38671875,131.0,16.0,56.0,4.572519083969466,487.0,64.0
pop_jamendo_1039110__300s,pop_jamendo_1039110,pop,discovery,300.0,acoustic,0,multiscale_mean,4,298.5,0.11019492149353027,0.7017045319080353,0.16085783620315622,0.03472599387168884,31.75,0.5,11.196568121400876,0.022301584482192993,0.08789333701133728,0.10934382878448386,0.016251832246780396,0.75,,,,,,548.0,64.0
pop_jamendo_1039110__300s,pop_jamendo_1039110,pop,discovery,300.0,acoustic,4,4_bars,1,298.5,0.1409236192703247,0.9239246249198914,0.1525271818386088,0.04593944549560547,39.0,1.0,11.150981866923601,0.04051005840301514,0.10041356086730957,0.13197006205254785,0.027217090129852295,0.8,7.430419921875,15.0,2.0,7.0,39.8,583.0,64.0
pop_jamendo_1039110__300s,pop_jamendo_1039110,pop,discovery,300.0,acoustic,8,8_bars,1,298.5,0.09654319286346436,0.76811283826828,0.12568881556663236,0.0355682373046875,33.0,0.0,11.444150493456487,0.013069093227386475,0.08347409963607788,0.09922880870111915,0.013607203960418701,0.7,14.86083984375,30.0,4.0,14.0,19.9,569.0,64.0
pop_jamendo_1039110__300s,pop_jamendo_1039110,pop,discovery,300.0,acoustic,16,16_bars,1,298.5,0.08802753686904907,0.47786855697631836,0.18420868162165235,0.0355069637298584,25.0,0.0,11.584584306086995,0.004249453544616699,0.08377808332443237,0.09724343055484196,0.01374894380569458,0.7,29.7216796875,59.0,7.0,24.5,10.11864406779661,548.0,64.0
pop_jamendo_1039110__300s,pop_jamendo_1039110,pop,discovery,300.0,acoustic,32,32_bars,1,298.5,0.11528533697128296,0.6369121074676514,0.18100666578573132,0.021889328956604004,30.0,1.0,10.606555819136418,0.03137773275375366,0.0839076042175293,0.10893301382942643,0.010434091091156006,0.8,59.443359375,119.0,15.0,52.5,5.016806722689076,492.0,64.0
pop_jamendo_1039110__300s,pop_jamendo_1039110,pop,discovery,300.0,rhythm,0,multiscale_mean,4,298.5,0.140863835811615,1.467589944601059,0.0971802532354295,0.051761195063591,47.0,1.25,10.12574854812609,0.033268317580223083,0.1075955182313919,0.08150420094213327,0.011771410703659058,0.6000000000000001,,,,,,548.0,64.0
pop_jamendo_1039110__300s,pop_jamendo_1039110,pop,discovery,300.0,rhythm,4,4_bars,1,298.5,0.2579127550125122,1.409323513507843,0.18300464906780745,0.14942169189453125,45.0,2.0,10.013293879725419,0.1627030372619629,0.09520971775054932,0.10493415590538027,0.006780862808227539,1.0,7.430419921875,15.0,2.0,7.0,39.8,583.0,64.0
pop_jamendo_1039110__300s,pop_jamendo_1039110,pop,discovery,300.0,rhythm,8,8_bars,1,298.5,0.11453086137771606,1.292647123336792,0.08860179960178946,0.013539433479309082,35.0,2.0,10.286129443584073,-0.0036025643348693848,0.11813342571258545,0.08046895541528513,0.019266068935394287,0.5,14.86083984375,30.0,4.0,14.0,19.9,569.0,64.0
pop_jamendo_1039110__300s,pop_jamendo_1039110,pop,discovery,300.0,rhythm,16,16_bars,1,298.5,0.06355106830596924,1.3294379115104675,0.047802960751859726,0.0023754239082336426,49.0,0.0,10.367108851696218,-0.04168975353240967,0.1052408218383789,0.07081095264642785,0.016793012619018555,0.1,29.7216796875,59.0,7.0,24.5,10.11864406779661,548.0,64.0
pop_jamendo_1039110__300s,pop_jamendo_1039110,pop,discovery,300.0,rhythm,32,32_bars,1,298.5,0.12746065855026245,1.8389512300491333,0.06931160352026135,0.04170823097229004,59.0,1.0,9.83646201749865,0.015662550926208496,0.11179810762405396,0.06980273980143985,0.00424569845199585,0.8,59.443359375,119.0,15.0,52.5,5.016806722689076,492.0,64.0
pop_jamendo_1041960__300s,pop_jamendo_1041960,pop,discovery,300.0,acoustic,0,multiscale_mean,4,290.5,0.15360845625400543,0.7776019275188446,0.20980009878206923,0.07619218528270721,25.0,0.5,10.655929395678672,0.07292468845844269,0.08068376779556274,0.07203546236985037,0.011287644505500793,0.7999999999999999,,,,,,533.75,64.0
pop_jamendo_1041960__300s,pop_jamendo_1041960,pop,discovery,300.0,acoustic,4,4_bars,1,290.5,0.0954175591468811,0.5688414573669434,0.16774016364515776,0.01634281873703003,25.0,0.0,10.998829821541635,0.01436227560043335,0.08105528354644775,0.07350802972517215,0.014336466789245605,0.9,7.058837890625,14.0,2.0,7.0,41.5,567.0,64.0
pop_jamendo_1041960__300s,pop_jamendo_1041960,pop,discovery,300.0,acoustic,8,8_bars,1,290.5,0.1734333634376526,0.5136329531669617,0.33766011773250904,0.1079215407371521,17.0,1.0,10.937374914980808,0.09142845869064331,0.08200490474700928,0.07879502612069207,0.004282951354980469,1.0,14.11767578125,28.0,4.0,14.0,20.75,553.0,64.0
pop_jamendo_1041960__300s,pop_jamendo_1041960,pop,discovery,300.0,acoustic,16,16_bars,1,290.5,0.270368754863739,1.0536585450172424,0.2565999736274284,0.17195916175842285,24.0,1.0,10.605225585630912,0.18810635805130005,0.08226239681243896,0.0729125845697046,0.017588555812835693,1.0,28.2353515625,56.0,7.0,24.5,10.375,532.0,64.0
pop_jamendo_1041960__300s,pop_jamendo_1041960,pop,discovery,300.0,acoustic,32,32_bars,1,290.5,0.07521414756774902,0.974274754524231,0.07720014012318163,0.008545219898223877,34.0,0.0,10.08228726056134,-0.002198338508605957,0.07741248607635498,0.06292620906383259,0.008942604064941406,0.3,56.470703125,113.0,14.0,49.0,5.1415929203539825,483.0,64.0
pop_jamendo_1041960__300s,pop_jamendo_1041960,pop,discovery,300.0,rhythm,0,multiscale_mean,4,290.5,0.11756628751754761,1.688601091504097,0.06969726435530497,0.014070197939872742,43.25,2.25,12.435868205101137,0.009253427386283875,0.10831286013126373,0.05030322436401878,0.008975237607955933,0.7000000000000001,,,,,,533.75,64.0
pop_jamendo_1041960__300s,pop_jamendo_1041960,pop,discovery,300.0,rhythm,4,4_bars,1,290.5,0.1334492564201355,1.7789053320884705,0.07501762685902087,0.015701234340667725,43.0,3.0,12.415825334021193,0.011952102184295654,0.12149715423583984,0.0567774223865115,0.006933033466339111,0.9,7.058837890625,14.0,2.0,7.0,41.5,567.0,64.0
pop_jamendo_1041960__300s,pop_jamendo_1041960,pop,discovery,300.0,rhythm,8,8_bars,1,290.5,0.12035548686981201,1.7147213220596313,0.07018953186238301,0.02012467384338379,42.0,2.0,12.464357964713983,0.01963871717453003,0.10071676969528198,0.050182588230349136,0.011197030544281006,0.9,14.11767578125,28.0,4.0,14.0,20.75,553.0,64.0
pop_jamendo_1041960__300s,pop_jamendo_1041960,pop,discovery,300.0,rhythm,16,16_bars,1,290.5,0.11457455158233643,1.541908860206604,0.0743069545413886,0.00817960500717163,41.0,3.0,12.31656782328562,0.013413727283477783,0.10116082429885864,0.045815390267667684,0.0038031339645385742,0.8,28.2353515625,56.0,7.0,24.5,10.375,532.0,64.0
pop_jamendo_1041960__300s,pop_jamendo_1041960,pop,discovery,300.0,rhythm,32,32_bars,1,290.5,0.1018858551979065,1.7188688516616821,0.059274944158427434,0.012275278568267822,47.0,1.0,12.546721698383752,-0.007990837097167969,0.10987669229507446,0.0484374965715468,0.013967752456665039,0.2,56.470703125,113.0,14.0,49.0,5.1415929203539825,483.0,64.0
pop_jamendo_1045184__300s,pop_jamendo_1045184,pop,discovery,300.0,acoustic,0,multiscale_mean,4,299.5,0.1011410653591156,1.1580931842327118,0.08742850969625772,0.015628337860107422,35.25,1.0,9.391806795785083,0.013742834329605103,0.0873982310295105,0.052265453966160294,0.01151593029499054,0.5750000000000001,,,,,,544.75,64.0
pop_jamendo_1045184__300s,pop_jamendo_1045184,pop,discovery,300.0,acoustic,4,4_bars,1,299.5,0.11274290084838867,1.3669819235801697,0.08247578033300644,0.00596773624420166,31.0,3.0,9.713595579388627,0.023222684860229492,0.08952021598815918,0.06211585693296152,0.0060749053955078125,0.8,8.544921875,17.0,2.0,7.0,35.23529411764706,585.0,64.0
pop_jamendo_1045184__300s,pop_jamendo_1045184,pop,discovery,300.0,acoustic,8,8_bars,1,299.5,0.13291406631469727,1.1289178133010864,0.11773582164147198,0.03931993246078491,35.0,1.0,9.918604890213395,0.04700040817260742,0.08591365814208984,0.0500151798339917,0.01256018877029419,1.0,17.08984375,34.0,4.0,14.0,17.61764705882353,571.0,64.0
pop_jamendo_1045184__300s,pop_jamendo_1045184,pop,discovery,300.0,acoustic,16,16_bars,1,299.5,0.08616775274276733,1.2009486556053162,0.07174973912547165,0.007174968719482422,38.0,0.0,9.315540416478022,-0.0030514001846313477,0.08921915292739868,0.05333126154428943,0.018385708332061768,0.4,34.1796875,68.0,8.0,28.0,8.808823529411764,543.0,64.0
pop_jamendo_1045184__300s,pop_jamendo_1045184,pop,discovery,300.0,acoustic,32,32_bars,1,299.5,0.07273954153060913,0.9355243444442749,0.07775269768508082,0.010050714015960693,37.0,0.0,8.619486297060284,-0.012200355529785156,0.08493989706039429,0.04359951755339851,0.009042918682098389,0.1,68.359375,137.0,17.0,59.5,4.372262773722627,480.0,64.0
pop_jamendo_1045184__300s,pop_jamendo_1045184,pop,discovery,300.0,rhythm,0,multiscale_mean,4,299.5,0.09450910985469818,1.4843440055847168,0.06348379847058333,0.011171340942382812,47.5,0.5,10.970876738406789,0.0036841481924057007,0.09082496166229248,0.04844133927916414,0.008997142314910889,0.49999999999999994,,,,,,544.75,64.0
pop_jamendo_1045184__300s,pop_jamendo_1045184,pop,discovery,300.0,rhythm,4,4_bars,1,299.5,0.09344279766082764,1.7329100370407104,0.05392247471796046,0.004478037357330322,42.0,0.0,11.171172451496446,0.007280170917510986,0.08616262674331665,0.04680962235553234,0.005711078643798828,0.7,8.544921875,17.0,2.0,7.0,35.23529411764706,585.0,64.0
pop_jamendo_1045184__300s,pop_jamendo_1045184,pop,discovery,300.0,rhythm,8,8_bars,1,299.5,0.07197141647338867,1.3588298559188843,0.052965730889625834,0.0035802125930786133,46.0,0.0,11.053639971972828,-0.01955270767211914,0.09152412414550781,0.04857585237618891,0.010782718658447266,0.1,17.08984375,34.0,4.0,14.0,17.61764705882353,571.0,64.0
pop_jamendo_1045184__300s,pop_jamendo_1045184,pop,discovery,300.0,rhythm,16,16_bars,1,299.5,0.13308405876159668,1.6204050183296204,0.082130120097249,0.032887935638427734,52.0,2.0,10.96885380181907,0.0425647497177124,0.09051930904388428,0.05102287328630171,0.009960353374481201,1.0,34.1796875,68.0,8.0,28.0,8.808823529411764,543.0,64.0
pop_jamendo_1045184__300s,pop_jamendo_1045184,pop,discovery,300.0,rhythm,32,32_bars,1,299.5,0.07953816652297974,1.225231111049652,0.06491686817749805,0.00373917818069458,50.0,0.0,10.689840728338806,-0.015555620193481445,0.09509378671646118,0.04735700909863361,0.00953441858291626,0.2,68.359375,137.0,17.0,59.5,4.372262773722627,480.0,64.0
pop_jamendo_1059391__300s,pop_jamendo_1059391,pop,discovery,300.0,acoustic,0,multiscale_mean,4,299.5,0.9239355772733688,1.4182043671607971,0.6599780447306931,0.8647121787071228,21.0,1.0,8.75059849368149,0.7870455384254456,0.13689003884792328,0.07221400039272557,0.01631055772304535,1.0,,,,,,546.5,64.0
pop_jamendo_1059391__300s,pop_jamendo_1059391,pop,discovery,300.0,acoustic,4,4_bars,1,299.5,0.7180945873260498,1.2396924495697021,0.5792522069286626,0.6575455069541931,25.0,1.0,8.12964610788344,0.5703798532485962,0.1477147340774536,0.09374575436211047,0.029278337955474854,1.0,8.17333984375,16.0,2.0,7.0,37.4375,585.0,64.0
pop_jamendo_1059391__300s,pop_jamendo_1059391,pop,discovery,300.0,acoustic,8,8_bars,1,299.5,1.0440316796302795,1.8594286739826202,0.5614798213228145,0.9778785705566406,27.0,1.0,8.281444928206586,0.9197865128517151,0.12424516677856445,0.057863263326698576,0.008370399475097656,1.0,16.3466796875,33.0,4.0,14.0,18.151515151515152,571.0,64.0
pop_jamendo_1059391__300s,pop_jamendo_1059391,pop,discovery,300.0,acoustic,16,16_bars,1,299.5,1.1745341420173645,1.5495974719524384,0.757960801612236,1.1085360050201416,18.0,1.0,8.392194379856637,1.0318691730499268,0.14266496896743774,0.06620979422092921,0.010234355926513672,1.0,32.693359375,65.0,8.0,28.0,9.215384615384615,543.0,64.0
pop_jamendo_1059391__300s,pop_jamendo_1059391,pop,discovery,300.0,acoustic,32,32_bars,1,299.5,0.7590819001197815,1.0240988731384277,0.7412193490590593,0.7148886322975159,14.0,1.0,10.199108558779294,0.6261466145515442,0.1329352855682373,0.07103718966116404,0.017359137535095215,1.0,65.38671875,131.0,16.0,56.0,4.572519083969466,487.0,64.0
pop_jamendo_1059391__300s,pop_jamendo_1059391,pop,discovery,300.0,rhythm,0,multiscale_mean,4,299.5,0.18241766095161438,2.615755096077919,0.07000437434365345,0.030329853296279907,42.25,8.5,15.763585720878838,0.0364757776260376,0.14594188332557678,0.05137403244076574,0.01375928521156311,0.95,,,,,,546.5,64.0
pop_jamendo_1059391__300s,pop_jamendo_1059391,pop,discovery,300.0,rhythm,4,4_bars,1,299.5,0.16981196403503418,2.4898749589920044,0.06820100078591115,0.02699047327041626,44.0,8.0,15.864317288258338,0.02464348077774048,0.1451684832572937,0.04931257495822561,0.012675285339355469,0.9,8.17333984375,16.0,2.0,7.0,37.4375,585.0,64.0
pop_jamendo_1059391__300s,pop_jamendo_1059391,pop,discovery,300.0,rhythm,8,8_bars,1,299.5,0.19908368587493896,2.7332164645195007,0.07283860918419349,0.04502272605895996,45.0,10.0,15.943426977430166,0.05420714616775513,0.14487653970718384,0.05105337406695069,0.014895856380462646,1.0,16.3466796875,33.0,4.0,14.0,18.151515151515152,571.0,64.0
pop_jamendo_1059391__300s,pop_jamendo_1059391,pop,discovery,300.0,rhythm,16,16_bars,1,299.5,0.17247164249420166,2.820395588874817,0.06115157858511911,0.020405471324920654,45.0,6.0,15.639134837288722,0.03014671802520752,0.14232492446899414,0.04846314512048178,0.014684915542602539,0.9,32.693359375,65.0,8.0,28.0,9.215384615384615,543.0,64.0
pop_jamendo_1059391__300s,pop_jamendo_1059391,pop,discovery,300.0,rhythm,32,32_bars,1,299.5,0.18830335140228271,2.419533371925354,0.07782630881939005,0.028900742530822754,35.0,10.0,15.607463780538126,0.036905765533447266,0.15139758586883545,0.056667035617404916,0.012781083583831787,1.0,65.38671875,131.0,16.0,56.0,4.572519083969466,487.0,64.0
pop_jamendo_1066619__300s,pop_jamendo_1066619,pop,discovery,300.0,acoustic,0,multiscale_mean,4,299.5,0.10935144126415253,0.6362183839082718,0.17270457861741126,0.040588296949863434,21.5,0.75,10.81456143673137,0.017847970128059387,0.09150347113609314,0.056013500692724844,0.006667271256446838,0.7999999999999999,,,,,,557.0,64.0
pop_jamendo_1066619__300s,pop_jamendo_1066619,pop,discovery,300.0,acoustic,4,4_bars,1,299.5,0.0876951813697815,0.6157599687576294,0.1424178020970041,0.026635438203811646,26.0,0.0,11.375977446648667,-0.0037323832511901855,0.09142756462097168,0.05912313365774777,0.006587028503417969,0.4,6.31591796875,13.0,2.0,7.0,46.07692307692308,585.0,64.0
pop_jamendo_1066619__300s,pop_jamendo_1066619,pop,discovery,300.0,acoustic,8,8_bars,1,299.5,0.13182860612869263,0.6074914336204529,0.21700488078167074,0.04811131954193115,16.0,1.0,11.075348103883478,0.0415034294128418,0.09032517671585083,0.05421296314170827,0.006895840167999268,1.0,12.6318359375,25.0,3.0,10.5,23.96,578.0,64.0
pop_jamendo_1066619__300s,pop_jamendo_1066619,pop,discovery,300.0,acoustic,16,16_bars,1,299.5,0.11086910963058472,0.7139903903007507,0.15528095494938504,0.04046148061752319,23.0,1.0,10.703117318515496,0.023577392101287842,0.08729171752929688,0.053304704919844764,0.004547595977783203,0.9,25.263671875,51.0,6.0,21.0,11.745098039215685,557.0,64.0
pop_jamendo_1066619__300s,pop_jamendo_1066619,pop,discovery,300.0,acoustic,32,32_bars,1,299.5,0.10701286792755127,0.6076317429542542,0.17611467664158517,0.047144949436187744,21.0,1.0,10.103802877877836,0.010043442249298096,0.09696942567825317,0.05741320105159857,0.008638620376586914,0.9,50.52734375,101.0,13.0,45.5,5.930693069306931,508.0,64.0
pop_jamendo_1066619__300s,pop_jamendo_1066619,pop,discovery,300.0,rhythm,0,multiscale_mean,4,299.5,0.10379353165626526,1.0178588032722473,0.10608211511547884,0.015261977910995483,30.5,1.25,13.573598148234804,-0.014834269881248474,0.11862780153751373,0.058494959315510506,0.012136474251747131,0.35,,,,,,557.0,64.0
pop_jamendo_1066619__300s,pop_jamendo_1066619,pop,discovery,300.0,rhythm,4,4_bars,1,299.5,0.10371488332748413,1.1288901269435883,0.09187331951275615,0.0007145404815673828,26.0,2.0,13.812517674186962,-0.014414072036743164,0.1181289553642273,0.058745569088018035,0.014230489730834961,0.3,6.31591796875,13.0,2.0,7.0,46.07692307692308,585.0,64.0
pop_jamendo_1066619__300s,pop_jamendo_1066619,pop,discovery,300.0,rhythm,8,8_bars,1,299.5,0.0787762999534607,0.7249013781547546,0.10867174808521779,0.01949286460876465,31.0,0.0,13.313449749462993,-0.03969073295593262,0.11846703290939331,0.05772026347804109,0.017230570316314697,0.1,12.6318359375,25.0,3.0,10.5,23.96,578.0,64.0
pop_jamendo_1066619__300s,pop_jamendo_1066619,pop,discovery,300.0,rhythm,16,16_bars,1,299.5,0.08884358406066895,0.6831797063350677,0.13004423760956288,0.0331035852432251,24.0,0.0,13.668140554983932,-0.03601580858230591,0.12485939264297485,0.05811675236243668,0.012029170989990234,0.1,25.263671875,51.0,6.0,21.0,11.745098039215685,557.0,64.0
pop_jamendo_1066619__300s,pop_jamendo_1066619,pop,discovery,300.0,rhythm,32,32_bars,1,299.5,0.14383935928344727,1.5344640016555786,0.09373915525437855,0.007736921310424805,41.0,3.0,13.50028461430533,0.030783534049987793,0.11305582523345947,0.05939725233354624,0.005055665969848633,0.9,50.52734375,101.0,13.0,45.5,5.930693069306931,508.0,64.0
pop_jamendo_1075712__300s,pop_jamendo_1075712,pop,discovery,300.0,acoustic,0,multiscale_mean,4,280.5,0.09349484741687775,1.685712218284607,0.05593640792159139,0.010277733206748962,49.5,0.25,8.507553360723243,0.01778435707092285,0.0757104903459549,0.05281325103586069,0.006550922989845276,0.775,,,,,,508.5,64.0
pop_jamendo_1075712__300s,pop_jamendo_1075712,pop,discovery,300.0,acoustic,4,4_bars,1,280.5,0.0950668454170227,1.406451940536499,0.0675933835185004,0.004603922367095947,41.0,0.0,8.74452674954544,0.004740893840789795,0.09032595157623291,0.05195904511644392,0.010773241519927979,0.7,7.9876708984375,16.0,2.0,7.0,35.0625,547.0,64.0
pop_jamendo_1075712__300s,pop_jamendo_1075712,pop,discovery,300.0,acoustic,8,8_bars,1,280.5,0.11227744817733765,1.967113971710205,0.05707724605286792,0.013951301574707031,46.0,1.0,8.62727402043464,0.04120218753814697,0.07107526063919067,0.05019790184417032,0.00442427396774292,1.0,15.975341796875,32.0,4.0,14.0,17.53125,533.0,64.0
pop_jamendo_1075712__300s,pop_jamendo_1075712,pop,discovery,300.0,acoustic,16,16_bars,1,280.5,0.08767801523208618,1.6477768421173096,0.05320988436724501,0.01542508602142334,48.0,0.0,8.467931672359125,0.020898520946502686,0.0667794942855835,0.05280994200280801,0.0025863051414489746,0.8,31.95068359375,64.0,8.0,28.0,8.765625,505.0,64.0
pop_jamendo_1075712__300s,pop_jamendo_1075712,pop,discovery,300.0,acoustic,32,32_bars,1,280.5,0.07895708084106445,1.721506118774414,0.04586511774775224,0.007130622863769531,63.0,0.0,8.19048100055377,0.004295825958251953,0.0746612548828125,0.0562861151800205,0.00841987133026123,0.6,63.9013671875,128.0,16.0,56.0,4.3828125,449.0,64.0
pop_jamendo_1075712__300s,pop_jamendo_1075712,pop,discovery,300.0,rhythm,0,multiscale_mean,4,280.5,0.10031934082508087,1.6313346028327942,0.06339640558598854,0.01749350130558014,57.0,0.5,10.124988947036709,0.006780773401260376,0.0935385674238205,0.05142680537229407,0.010198146104812622,0.7250000000000001,,,,,,508.5,64.0
pop_jamendo_1075712__300s,pop_jamendo_1075712,pop,discovery,300.0,rhythm,4,4_bars,1,280.5,0.1024736762046814,1.3186028599739075,0.07771382826115601,0.01905953884124756,46.0,1.0,10.251882378313514,0.005005002021789551,0.09746867418289185,0.06079283603928103,0.014160394668579102,0.7,7.9876708984375,16.0,2.0,7.0,35.0625,547.0,64.0
pop_jamendo_1075712__300s,pop_jamendo_1075712,pop,discovery,300.0,rhythm,8,8_bars,1,280.5,0.08775222301483154,1.3128910660743713,0.06683892158487781,0.02352362871170044,50.0,0.0,10.331387966250805,-0.00972825288772583,0.09748047590255737,0.05115744691657115,0.01063692569732666,0.4,15.975341796875,32.0,4.0,14.0,17.53125,533.0,64.0
pop_jamendo_1075712__300s,pop_jamendo_1075712,pop,discovery,300.0,rhythm,16,16_bars,1,280.5,0.09512907266616821,1.6754920482635498,0.05677679745765329,0.00031954050064086914,59.0,0.0,9.814491125365487,0.008955657482147217,0.086173415184021,0.04807462255539587,0.007947266101837158,0.8,31.95068359375,64.0,8.0,28.0,8.765625,505.0,64.0
pop_jamendo_1075712__300s,pop_jamendo_1075712,pop,discovery,300.0,rhythm,32,32_bars,1,280.5,0.11592239141464233,2.218352437019348,0.052256075040267046,0.02707129716873169,73.0,1.0,10.102194318217027,0.022890686988830566,0.09303170442581177,0.045682315977928205,0.008047997951507568,1.0,63.9013671875,128.0,16.0,56.0,4.3828125,449.0,64.0
pop_mtg_0024117__300s,pop_mtg_0024117,pop,discovery,300.0,acoustic,0,multiscale_mean,4,299.5,0.09006153047084808,1.236105501651764,0.07467095729789572,0.00743691623210907,44.25,0.5,9.617520853654018,0.010363534092903137,0.07969799637794495,0.041451073556164286,0.004785016179084778,0.6000000000000001,,,,,,546.5,64.0
pop_mtg_0024117__300s,pop_mtg_0024117,pop,discovery,300.0,acoustic,4,4_bars,1,299.5,0.08060753345489502,1.3410873413085938,0.06010610269144778,0.013251900672912598,46.0,0.0,9.649324866920786,-0.0037339329719543457,0.08434146642684937,0.04655788014853081,0.005750596523284912,0.2,8.17333984375,16.0,2.0,7.0,37.4375,585.0,64.0
pop_mtg_0024117__300s,pop_mtg_0024117,pop,discovery,300.0,acoustic,8,8_bars,1,299.5,0.07321596145629883,1.0881516337394714,0.06728470480229819,0.005685329437255859,39.0,0.0,9.717812526703977,-0.004023730754852295,0.07723969221115112,0.037413659652738074,0.004342079162597656,0.4,16.3466796875,33.0,4.0,14.0,18.151515151515152,571.0,64.0
pop_mtg_0024117__300s,pop_mtg_0024117,pop,discovery,300.0,acoustic,16,16_bars,1,299.5,0.09448832273483276,0.9447029829025269,0.1000190794830823,0.0032954812049865723,42.0,0.0,9.765046929154263,0.017011940479278564,0.0774763822555542,0.037569368460512204,0.00593411922454834,0.8,32.693359375,65.0,8.0,28.0,9.215384615384615,543.0,64.0
pop_mtg_0024117__300s,pop_mtg_0024117,pop,discovery,300.0,acoustic,32,32_bars,1,299.5,0.11193430423736572,1.5704800486564636,0.07127394221475457,0.00751495361328125,50.0,2.0,9.337899091837043,0.032199859619140625,0.0797344446182251,0.044263385962876066,0.003113269805908203,1.0,65.38671875,131.0,16.0,56.0,4.572519083969466,487.0,64.0
pop_mtg_0024117__300s,pop_mtg_0024117,pop,discovery,300.0,rhythm,0,multiscale_mean,4,299.5,0.08727438747882843,1.7458234578371048,0.05048109871631595,0.008192986249923706,59.25,0.0,8.798356227897692,-0.0003427565097808838,0.08761714398860931,0.050190530765311825,0.0069817304611206055,0.5499999999999999,,,,,,546.5,64.0
pop_mtg_0024117__300s,pop_mtg_0024117,pop,discovery,300.0,rhythm,4,4_bars,1,299.5,0.08459198474884033,1.7804134488105774,0.04751255097817467,0.0025833845138549805,58.0,0.0,8.889852511734619,0.003231048583984375,0.08136093616485596,0.050691578997703046,0.0066495537757873535,0.7,8.17333984375,16.0,2.0,7.0,37.4375,585.0,64.0
pop_mtg_0024117__300s,pop_mtg_0024117,pop,discovery,300.0,rhythm,8,8_bars,1,299.5,0.08503973484039307,1.9044740200042725,0.04465260956418943,0.008535623550415039,67.0,0.0,8.923121581694037,6.854534149169922e-06,0.0850328803062439,0.04883716328694411,0.00521475076675415,0.6,16.3466796875,33.0,4.0,14.0,18.151515151515152,571.0,64.0
pop_mtg_0024117__300s,pop_mtg_0024117,pop,discovery,300.0,rhythm,16,16_bars,1,299.5,0.09007513523101807,1.4997066259384155,0.060061837210764545,0.01785677671432495,54.0,0.0,8.683312289879312,-0.0013604164123535156,0.09143555164337158,0.053118594918955424,0.007946431636810303,0.4,32.693359375,65.0,8.0,28.0,9.215384615384615,543.0,64.0
pop_mtg_0024117__300s,pop_mtg_0024117,pop,discovery,300.0,rhythm,32,32_bars,1,299.5,0.08939069509506226,1.7986997365951538,0.04969739711213515,0.0037961602210998535,58.0,0.0,8.6971385282828,-0.0032485127449035645,0.09263920783996582,0.04811478585764473,0.008116185665130615,0.5,65.38671875,131.0,16.0,56.0,4.572519083969466,487.0,64.0
pop_mtg_0307394__300s,pop_mtg_0307394,pop,discovery,300.0,acoustic,0,multiscale_mean,4,296.0,0.0709611028432846,0.9644261449575424,0.07426905490558118,0.006564691662788391,36.25,0.0,9.1931643557941,-0.009290486574172974,0.08025158941745758,0.07583982125962556,0.008858069777488708,0.475,,,,,,548.25,64.0
pop_mtg_0307394__300s,pop_mtg_0307394,pop,discovery,300.0,acoustic,4,4_bars,1,296.0,0.05144298076629639,0.6480424404144287,0.0793821169079577,0.006561160087585449,32.0,0.0,9.364461328058317,-0.03191244602203369,0.08335542678833008,0.08245593257104016,0.012899279594421387,0.1,6.68731689453125,13.0,2.0,7.0,45.53846153846154,578.0,64.0
pop_mtg_0307394__300s,pop_mtg_0307394,pop,discovery,300.0,acoustic,8,8_bars,1,296.0,0.07866019010543823,0.9583441019058228,0.082079276064839,0.0028651952743530273,34.0,0.0,9.200856668570417,0.004716634750366211,0.07394355535507202,0.07430138158365399,0.004285037517547607,0.7,13.3746337890625,27.0,3.0,10.5,21.925925925925927,571.0,64.0
pop_mtg_0307394__300s,pop_mtg_0307394,pop,discovery,300.0,acoustic,16,16_bars,1,296.0,0.09756040573120117,1.1587734818458557,0.08419281875159361,0.01682072877883911,37.0,0.0,8.775052548830164,0.02381366491317749,0.07374674081802368,0.070574229741452,0.006841838359832764,1.0,26.749267578125,53.0,7.0,24.5,11.169811320754716,543.0,64.0
pop_mtg_0307394__300s,pop_mtg_0307394,pop,discovery,300.0,acoustic,32,32_bars,1,296.0,0.05618083477020264,1.0925445556640625,0.051422007897934385,1.1682510375976562e-05,42.0,0.0,9.432286877717495,-0.033779799938201904,0.08996063470840454,0.07602774114235611,0.011406123638153076,0.1,53.49853515625,107.0,13.0,45.5,5.5327102803738315,501.0,64.0
pop_mtg_0307394__300s,pop_mtg_0307394,pop,discovery,300.0,rhythm,0,multiscale_mean,4,296.0,0.11639256775379181,1.2090972661972046,0.1022564163562634,0.021946966648101807,34.5,1.25,14.398766928829879,0.0029799342155456543,0.11341263353824615,0.05531034480498645,0.014326795935630798,0.6,,,,,,548.25,64.0
pop_mtg_0307394__300s,pop_mtg_0307394,pop,discovery,300.0,rhythm,4,4_bars,1,296.0,0.11889737844467163,1.091425597667694,0.1089376854443836,0.03403526544570923,33.0,1.0,14.762728239241984,0.004114210605621338,0.11478316783905029,0.057485701423077976,0.019259631633758545,0.7,6.68731689453125,13.0,2.0,7.0,45.53846153846154,578.0,64.0
pop_mtg_0307394__300s,pop_mtg_0307394,pop,discovery,300.0,rhythm,8,8_bars,1,296.0,0.100413978099823,0.8698632717132568,0.11543650751232502,0.005556821823120117,32.0,1.0,14.57038827805782,-0.009652495384216309,0.1100664734840393,0.05649996616256013,0.013916373252868652,0.3,13.3746337890625,27.0,3.0,10.5,21.925925925925927,571.0,64.0
pop_mtg_0307394__300s,pop_mtg_0307394,pop,discovery,300.0,rhythm,16,16_bars,1,296.0,0.11325770616531372,0.9939199090003967,0.11395053579238497,0.01684892177581787,31.0,1.0,14.236116818785023,-0.0021806955337524414,0.11543840169906616,0.05284690015986703,0.014071643352508545,0.5,26.749267578125,53.0,7.0,24.5,11.169811320754716,543.0,64.0
pop_mtg_0307394__300s,pop_mtg_0307394,pop,discovery,300.0,rhythm,32,32_bars,1,296.0,0.1330012083053589,1.8811802864074707,0.07070093667596,0.03134685754776001,42.0,2.0,14.025834379234686,0.01963871717453003,0.11336249113082886,0.05440881147444065,0.010059535503387451,0.9,53.49853515625,107.0,13.0,45.5,5.5327102803738315,501.0,64.0
pop_mtg_0933552__300s,pop_mtg_0933552,pop,discovery,300.0,acoustic,0,multiscale_mean,4,299.5,0.18584218621253967,1.2070123925805092,0.15428626880764784,0.03132322430610657,26.0,3.75,9.491642722613964,0.09541012346744537,0.0904320627450943,0.04534586944650067,0.007484495639801025,1.0,,,,,,550.0,64.0
pop_mtg_0933552__300s,pop_mtg_0933552,pop,discovery,300.0,acoustic,4,4_bars,1,299.5,0.14835846424102783,1.3241367638111115,0.112041647279715,0.001972973346710205,24.0,6.0,9.760871406473274,0.05091357231140137,0.09744489192962646,0.048152746970875404,0.006807804107666016,1.0,7.430419921875,15.0,2.0,7.0,39.93333333333333,585.0,64.0
pop_mtg_0933552__300s,pop_mtg_0933552,pop,discovery,300.0,acoustic,8,8_bars,1,299.5,0.2663935422897339,1.2410353422164917,0.21465427552929675,0.06504207849502563,24.0,4.0,9.615549701592876,0.1831200122833252,0.08327353000640869,0.04247310150066878,0.008319079875946045,1.0,14.86083984375,30.0,4.0,14.0,19.966666666666665,571.0,64.0
pop_mtg_0933552__300s,pop_mtg_0933552,pop,discovery,300.0,acoustic,16,16_bars,1,299.5,0.17204463481903076,1.1308112144470215,0.15214266768937412,0.002039492130279541,27.0,3.0,9.550449004859665,0.08548229932785034,0.08656233549118042,0.044013698656640475,0.007861793041229248,1.0,29.7216796875,59.0,7.0,24.5,10.152542372881356,550.0,64.0
pop_mtg_0933552__300s,pop_mtg_0933552,pop,discovery,300.0,acoustic,32,32_bars,1,299.5,0.1565721035003662,1.132066249847412,0.13830648473220547,0.05623835325241089,29.0,2.0,9.039700777530037,0.06212460994720459,0.09444749355316162,0.046743930657818025,0.006949305534362793,1.0,59.443359375,119.0,15.0,52.5,5.033613445378151,494.0,64.0
pop_mtg_0933552__300s,pop_mtg_0933552,pop,discovery,300.0,rhythm,0,multiscale_mean,4,299.5,0.08450715988874435,0.46333375573158264,0.18929028039332538,0.017771609127521515,16.25,0.0,18.39048223378878,-0.00711735337972641,0.09162451326847076,0.2057294963452717,0.012559562921524048,0.475,,,,,,550.0,64.0
pop_mtg_0933552__300s,pop_mtg_0933552,pop,discovery,300.0,rhythm,4,4_bars,1,299.5,0.07678806781768799,0.5599174201488495,0.13714177315160958,0.004199504852294922,17.0,0.0,17.98742266687809,-0.009935915470123291,0.08672398328781128,0.218246594645883,0.01649773120880127,0.4,7.430419921875,15.0,2.0,7.0,39.93333333333333,585.0,64.0
pop_mtg_0933552__300s,pop_mtg_0933552,pop,discovery,300.0,rhythm,8,8_bars,1,299.5,0.09344938397407532,0.3521172106266022,0.26539283270982295,0.045960813760757446,15.0,0.0,17.67924838885559,0.007405012845993042,0.08604437112808228,0.1987850908701226,0.008518636226654053,0.6,14.86083984375,30.0,4.0,14.0,19.966666666666665,571.0,64.0
pop_mtg_0933552__300s,pop_mtg_0933552,pop,discovery,300.0,rhythm,16,16_bars,1,299.5,0.07136774063110352,0.4268428385257721,0.16719910512635774,0.020872652530670166,15.0,0.0,19.81341231828617,-0.031842708587646484,0.10321044921875,0.23098537075406542,0.015122294425964355,0.3,29.7216796875,59.0,7.0,24.5,10.152542372881356,550.0,64.0
pop_mtg_0933552__300s,pop_mtg_0933552,pop,discovery,300.0,rhythm,32,32_bars,1,299.5,0.0964234471321106,0.5144575536251068,0.1874274105855113,5.346536636352539e-05,18.0,0.0,18.08184556113527,0.005904197692871094,0.0905192494392395,0.17490092911101587,0.010099589824676514,0.6,59.443359375,119.0,15.0,52.5,5.033613445378151,494.0,64.0
pop_mtg_1006216__300s,pop_mtg_1006216,pop,discovery,300.0,acoustic,0,multiscale_mean,4,291.5,0.09906730055809021,1.673116534948349,0.05908737176932081,0.013012513518333435,48.0,0.5,5.586802196106008,-0.018411561846733093,0.1174788624048233,0.0393901769492485,0.008280634880065918,0.30000000000000004,,,,,,534.0,64.0
pop_mtg_1006216__300s,pop_mtg_1006216,pop,discovery,300.0,acoustic,4,4_bars,1,291.5,0.11641967296600342,1.8445411920547485,0.06311578915530552,0.017614781856536865,53.0,1.0,5.440367401965998,-0.016567647457122803,0.13298732042312622,0.04671526615484932,0.009013652801513672,0.4,7.43035888671875,15.0,2.0,7.0,38.86666666666667,569.0,64.0
pop_mtg_1006216__300s,pop_mtg_1006216,pop,discovery,300.0,acoustic,8,8_bars,1,291.5,0.12111109495162964,1.7091975808143616,0.07085845212460765,0.03265678882598877,48.0,1.0,5.58948333275557,0.007002830505371094,0.11410826444625854,0.03750610229007345,0.009934663772583008,0.6,14.8607177734375,30.0,4.0,14.0,19.433333333333334,555.0,64.0
pop_mtg_1006216__300s,pop_mtg_1006216,pop,discovery,300.0,acoustic,16,16_bars,1,291.5,0.07510632276535034,1.350942075252533,0.05559551674435089,0.0008847713470458984,40.0,0.0,5.729296799948573,-0.041288554668426514,0.11639487743377686,0.03855950304042634,0.011066436767578125,0.1,29.721435546875,59.0,7.0,24.5,9.88135593220339,534.0,64.0
pop_mtg_1006216__300s,pop_mtg_1006216,pop,discovery,300.0,acoustic,32,32_bars,1,291.5,0.08363211154937744,1.787785291671753,0.046779729053019165,0.000893712043762207,51.0,0.0,5.588061249753894,-0.02279287576675415,0.10642498731613159,0.03477983631164488,0.003107786178588867,0.1,59.44287109375,119.0,15.0,52.5,4.899159663865547,478.0,64.0
pop_mtg_1006216__300s,pop_mtg_1006216,pop,discovery,300.0,rhythm,0,multiscale_mean,4,291.5,0.11292976140975952,1.8573032021522522,0.06255636207560357,0.008861884474754333,46.75,2.25,13.37353470181936,-0.01232437789440155,0.12525413930416107,0.05885084711496153,0.017751365900039673,0.4,,,,,,534.0,64.0
pop_mtg_1006216__300s,pop_mtg_1006216,pop,discovery,300.0,rhythm,4,4_bars,1,291.5,0.11242115497589111,1.8921404480934143,0.05941480458766712,0.006534993648529053,43.0,2.0,13.278209147760162,-0.014183878898620605,0.12660503387451172,0.06027800569855227,0.018001973628997803,0.3,7.43035888671875,15.0,2.0,7.0,38.86666666666667,569.0,64.0
pop_mtg_1006216__300s,pop_mtg_1006216,pop,discovery,300.0,rhythm,8,8_bars,1,291.5,0.11776423454284668,1.7989325523376465,0.06546339627342693,0.017500579357147217,58.0,2.0,13.525362443797107,-0.007564842700958252,0.12532907724380493,0.05698238334237267,0.023019075393676758,0.5,14.8607177734375,30.0,4.0,14.0,19.433333333333334,555.0,64.0
pop_mtg_1006216__300s,pop_mtg_1006216,pop,discovery,300.0,rhythm,16,16_bars,1,291.5,0.12167894840240479,2.400739848613739,0.05068393748396602,0.004564821720123291,51.0,5.0,13.330601155977767,-0.0008042454719543457,0.12248319387435913,0.0566968928044993,0.02101445198059082,0.5,29.721435546875,59.0,7.0,24.5,9.88135593220339,534.0,64.0
pop_mtg_1006216__300s,pop_mtg_1006216,pop,discovery,300.0,rhythm,32,32_bars,1,291.5,0.09985470771789551,1.337399959564209,0.0746633099573542,0.0068471431732177734,35.0,0.0,13.359966059742405,-0.026744544506072998,0.1265992522239685,0.06144610661442187,0.00896996259689331,0.3,59.44287109375,119.0,15.0,52.5,4.899159663865547,478.0,64.0
pop_mtg_1063515__300s,pop_mtg_1063515,pop,discovery,300.0,acoustic,0,multiscale_mean,4,274.0,0.15996688604354858,1.0774381309747696,0.15481590129305717,0.043461307883262634,25.25,2.75,9.161250937215835,0.06327928602695465,0.09668760001659393,0.044061374019939016,0.010487422347068787,0.975,,,,,,504.25,64.0
pop_mtg_1063515__300s,pop_mtg_1063515,pop,discovery,300.0,acoustic,4,4_bars,1,274.0,0.1847367286682129,1.3687871098518372,0.13496381383092473,0.06204831600189209,30.0,5.0,9.382373775552285,0.08653473854064941,0.09820199012756348,0.051510826050804676,0.01651102304458618,1.0,6.6875,13.0,2.0,7.0,42.15384615384615,534.0,64.0
pop_mtg_1063515__300s,pop_mtg_1063515,pop,discovery,300.0,acoustic,8,8_bars,1,274.0,0.19083857536315918,1.3555685877799988,0.14078120213429673,0.022060751914978027,25.0,4.0,9.39038421669927,0.0981404185295105,0.09269815683364868,0.0451821467170428,0.009439408779144287,1.0,13.375,27.0,3.0,10.5,20.296296296296298,527.0,64.0
pop_mtg_1063515__300s,pop_mtg_1063515,pop,discovery,300.0,acoustic,16,16_bars,1,274.0,0.10830420255661011,0.8759726881980896,0.12363878921772793,0.025571048259735107,24.0,1.0,9.071070575591593,0.0125846266746521,0.09571957588195801,0.04119797368318609,0.010773181915283203,0.9,26.75,54.0,7.0,24.5,10.148148148148149,499.0,64.0
pop_mtg_1063515__300s,pop_mtg_1063515,pop,discovery,300.0,acoustic,32,32_bars,1,274.0,0.15598803758621216,0.7094241380691528,0.21987979998927926,0.06416511535644531,22.0,1.0,8.80117518102019,0.05585736036300659,0.10013067722320557,0.038354549628722506,0.005226075649261475,1.0,53.5,107.0,13.0,45.5,5.121495327102804,457.0,64.0
pop_mtg_1063515__300s,pop_mtg_1063515,pop,discovery,300.0,rhythm,0,multiscale_mean,4,274.0,0.15789562463760376,1.4048359394073486,0.1089579640517688,0.05799855291843414,45.75,1.25,10.445454836541328,0.05423620343208313,0.10365942120552063,0.05784504419226387,0.01201397180557251,0.65,,,,,,504.25,64.0
pop_mtg_1063515__300s,pop_mtg_1063515,pop,discovery,300.0,rhythm,4,4_bars,1,274.0,0.14605480432510376,1.1871947646141052,0.12302514185410725,0.039472341537475586,35.0,2.0,10.583144396730125,0.047074079513549805,0.09898072481155396,0.06109583959295566,0.015139102935791016,1.0,6.6875,13.0,2.0,7.0,42.15384615384615,534.0,64.0
pop_mtg_1063515__300s,pop_mtg_1063515,pop,discovery,300.0,rhythm,8,8_bars,1,274.0,0.2996560335159302,1.7165469527244568,0.1745690865259026,0.17129725217819214,49.0,2.0,10.65088194173298,0.19200009107589722,0.10765594244003296,0.05453515156061916,0.01359570026397705,1.0,13.375,27.0,3.0,10.5,20.296296296296298,527.0,64.0
pop_mtg_1063515__300s,pop_mtg_1063515,pop,discovery,300.0,rhythm,16,16_bars,1,274.0,0.08521318435668945,1.1567763686180115,0.07366435438034816,0.01983785629272461,42.0,0.0,10.532001188436926,-0.0183066725730896,0.10351985692977905,0.051415196007686535,0.008084535598754883,0.2,26.75,54.0,7.0,24.5,10.148148148148149,499.0,64.0
pop_mtg_1063515__300s,pop_mtg_1063515,pop,discovery,300.0,rhythm,32,32_bars,1,274.0,0.10065847635269165,1.558825671672821,0.06457327344671718,0.0013867616653442383,57.0,1.0,10.015791819265287,-0.0038226842880249023,0.10448116064071655,0.06433398960779411,0.01123654842376709,0.4,53.5,107.0,13.0,45.5,5.121495327102804,457.0,64.0
pop_mtg_1301092__300s,pop_mtg_1301092,pop,discovery,300.0,acoustic,0,multiscale_mean,4,299.5,0.09654222428798676,1.540771245956421,0.06305693999767972,0.013558849692344666,49.0,0.25,9.080071597465059,0.004850909113883972,0.09169131517410278,0.0537270193665538,0.010000035166740417,0.625,,,,,,546.5,64.0
pop_mtg_1301092__300s,pop_mtg_1301092,pop,discovery,300.0,acoustic,4,4_bars,1,299.5,0.08679318428039551,1.6673902869224548,0.052053310470335006,0.004491209983825684,53.0,0.0,8.934607381949206,-0.013456404209136963,0.10024958848953247,0.05815213316716258,0.013940691947937012,0.2,8.17333984375,16.0,2.0,7.0,37.4375,585.0,64.0
pop_mtg_1301092__300s,pop_mtg_1301092,pop,discovery,300.0,acoustic,8,8_bars,1,299.5,0.09301680326461792,1.2785608768463135,0.07275117278267759,0.014019429683685303,43.0,0.0,9.055722729131357,0.006457686424255371,0.08655911684036255,0.050450153939877014,0.006851792335510254,0.8,16.3466796875,33.0,4.0,14.0,18.151515151515152,571.0,64.0
pop_mtg_1301092__300s,pop_mtg_1301092,pop,discovery,300.0,acoustic,16,16_bars,1,299.5,0.12339001893997192,1.6799447536468506,0.07344885519128824,0.029172122478485107,49.0,1.0,9.14209908100037,0.028634846210479736,0.09475517272949219,0.05235347407651542,0.01186150312423706,1.0,32.693359375,65.0,8.0,28.0,9.215384615384615,543.0,64.0
pop_mtg_1301092__300s,pop_mtg_1301092,pop,discovery,300.0,acoustic,32,32_bars,1,299.5,0.08296889066696167,1.5371890664100647,0.053974421546418065,0.006552636623382568,51.0,0.0,9.187857197779302,-0.002232491970062256,0.08520138263702393,0.053952316282660194,0.007346153259277344,0.5,65.38671875,131.0,16.0,56.0,4.572519083969466,487.0,64.0
pop_mtg_1301092__300s,pop_mtg_1301092,pop,discovery,300.0,rhythm,0,multiscale_mean,4,299.5,0.1631162464618683,2.2328712344169617,0.07787098191553327,0.014032065868377686,44.5,5.0,19.45433818034411,0.022426575422286987,0.1406896710395813,0.055505514401728746,0.00966101884841919,0.875,,,,,,546.5,64.0
pop_mtg_1301092__300s,pop_mtg_1301092,pop,discovery,300.0,rhythm,4,4_bars,1,299.5,0.14579081535339355,3.02728408575058,0.04815894750004819,0.001097261905670166,54.0,7.0,19.848745401468864,0.0055411458015441895,0.14024966955184937,0.05331579488458754,0.008086621761322021,0.7,8.17333984375,16.0,2.0,7.0,37.4375,585.0,64.0
pop_mtg_1301092__300s,pop_mtg_1301092,pop,discovery,300.0,rhythm,8,8_bars,1,299.5,0.18857473134994507,1.709806501865387,0.11029010074778131,0.03432267904281616,35.0,3.0,20.004599105628948,0.052639544010162354,0.13593518733978271,0.05694427784681939,0.018987298011779785,1.0,16.3466796875,33.0,4.0,14.0,18.151515151515152,571.0,64.0
pop_mtg_1301092__300s,pop_mtg_1301092,pop,discovery,300.0,rhythm,16,16_bars,1,299.5,0.15267205238342285,2.2573222517967224,0.06763414140887641,0.003371000289916992,50.0,4.0,18.943841305303856,0.010719776153564453,0.1419522762298584,0.05868259095403176,0.0074654221534729,1.0,32.693359375,65.0,8.0,28.0,9.215384615384615,543.0,64.0
pop_mtg_1301092__300s,pop_mtg_1301092,pop,discovery,300.0,rhythm,32,32_bars,1,299.5,0.16542738676071167,1.9370720982551575,0.08540073800542711,0.017337322235107422,39.0,6.0,19.020166908974762,0.020805835723876953,0.14462155103683472,0.053079393921476294,0.004104733467102051,0.8,65.38671875,131.0,16.0,56.0,4.572519083969466,487.0,64.0
