segment_id,track_id,group,split,scale_seconds,source_chroma_relative_path,source_chroma_sha256,pitch_v2_relative_path,pitch_v2_sha256,codebook_sha256,steps,valid_steps,masked_steps,observed_states,median_codebook_distance,status,processed_at,error
classical_musicnet_1727__180s,classical_musicnet_1727,classical,validation,180.0,features/chroma/180s/classical/validation/classical_musicnet_1727__180s.npz,8884301f4dd69b5a21a747ffd94008330043143d4dc778499904c96daf1e21cc,features/pitch_v2/180s/classical/validation/classical_musicnet_1727__180s.npz,a0cd6563f618615a17e4757e303c03ae035387ece6c74a8d881b5a39b3462974,172e7094b7a170b50058cc2cfb72f89054f951dc2bf8506ae0e3381d3977a7c8,354,295,59,15,0.21911558508872986,success,2026-08-04,
classical_musicnet_1727__300s,classical_musicnet_1727,classical,validation,300.0,features/chroma/300s/classical/validation/classical_musicnet_1727__300s.npz,a34d940fb8271b5029aef2dba005c8542fb280a58d795fe3feace2916f68f876,features/pitch_v2/300s/classical/validation/classical_musicnet_1727__300s.npz,eac260a8fdc69ed0fd4ffbee4f2588e8b24a8d8ea3818e46242a50c73968aeec,172e7094b7a170b50058cc2cfb72f89054f951dc2bf8506ae0e3381d3977a7c8,592,494,98,15,0.2197721302509308,success,2026-08-04,
classical_musicnet_1728__180s,classical_musicnet_1728,classical,validation,180.0,features/chroma/180s/classical/validation/classical_musicnet_1728__180s.npz,c2781d2575f38a504b6b6d3c1d0f2ae6ce01c6357d090d442595a3f8fabc6408,features/pitch_v2/180s/classical/validation/classical_musicnet_1728__180s.npz,8cac19cb0075c06cc2778d1ec6fafc3daa7b6efa5b03912286193533e7fc9f59,172e7094b7a170b50058cc2cfb72f89054f951dc2bf8506ae0e3381d3977a7c8,317,258,59,16,0.2197050154209137,success,2026-08-04,
classical_musicnet_1728__300s,classical_musicnet_1728,classical,validation,300.0,features/chroma/300s/classical/validation/classical_musicnet_1728__300s.npz,25c6fe668f7cafdf314e358df6e41eb859b5c40c8d1c66a18e742ac478675ad5,features/pitch_v2/300s/classical/validation/classical_musicnet_1728__300s.npz,ba98242d398e4b89cd99bb0a9b30b6c1235bdc9af6a5f1b1f48ddb982721189e,172e7094b7a170b50058cc2cfb72f89054f951dc2bf8506ae0e3381d3977a7c8,437,351,86,16,0.21899248659610748,success,2026-08-04,
classical_musicnet_1729__180s,classical_musicnet_1729,classical,validation,180.0,features/chroma/180s/classical/validation/classical_musicnet_1729__180s.npz,336746980dfccd4efd9eed7b01807832a3c3b1a45cc75fb84ee0aee408c9c5cf,features/pitch_v2/180s/classical/validation/classical_musicnet_1729__180s.npz,2c58b5de10765889fb087cbaacee68b4e2d5a2a16b9a47be9bb6b933b32c4b71,172e7094b7a170b50058cc2cfb72f89054f951dc2bf8506ae0e3381d3977a7c8,391,301,90,16,0.20795495808124542,success,2026-08-04,
classical_musicnet_1729__300s,classical_musicnet_1729,classical,validation,300.0,features/chroma/300s/classical/validation/classical_musicnet_1729__300s.npz,fcc249131acdc43b0914c87ca2380a00b02f43a6a5474d3784f85844765fa0c2,features/pitch_v2/300s/classical/validation/classical_musicnet_1729__300s.npz,57bc0935f428e5438659b9e944e79138089ecb695eb523ae55382da972b57379,172e7094b7a170b50058cc2cfb72f89054f951dc2bf8506ae0e3381d3977a7c8,653,516,137,16,0.2164381891489029,success,2026-08-04,
classical_musicnet_1730__180s,classical_musicnet_1730,classical,validation,180.0,features/chroma/180s/classical/validation/classical_musicnet_1730__180s.npz,ad2205423b5eca502ed53e238f7aa0cf5f38fcf9853ac9fafee3f6eb29199b46,features/pitch_v2/180s/classical/validation/classical_musicnet_1730__180s.npz,d6becd80e9b141f12e512a764d011022c7d0f7c05129cf4b3f9fcad07d7583d6,172e7094b7a170b50058cc2cfb72f89054f951dc2bf8506ae0e3381d3977a7c8,354,272,82,16,0.20097872614860535,success,2026-08-04,
classical_musicnet_1730__300s,classical_musicnet_1730,classical,validation,300.0,features/chroma/300s/classical/validation/classical_musicnet_1730__300s.npz,62f80a89d9773b65cf9cbd13d785d9c2556fc72e9f53710febea8a6c69634cbc,features/pitch_v2/300s/classical/validation/classical_musicnet_1730__300s.npz,a4f6e189091d189b6c5f499f5fe563e93ca57ccf72544b2ab1e0fdb2333e192d,172e7094b7a170b50058cc2cfb72f89054f951dc2bf8506ae0e3381d3977a7c8,585,455,130,16,0.20818102359771729,success,2026-08-04,
classical_musicnet_1739__180s,classical_musicnet_1739,classical,validation,180.0,features/chroma/180s/classical/validation/classical_musicnet_1739__180s.npz,e648406cffaeedc92f4ff1fabf625981f1f32e37d6e217352e01a507c2cf2e05,features/pitch_v2/180s/classical/validation/classical_musicnet_1739__180s.npz,77fdd6e3940d86038e91aff9c3bca382f3347fc6f88210ea40c6a14efbbd8702,172e7094b7a170b50058cc2cfb72f89054f951dc2bf8506ae0e3381d3977a7c8,269,215,54,13,0.2379096895456314,success,2026-08-04,
classical_musicnet_1739__300s,classical_musicnet_1739,classical,validation,300.0,features/chroma/300s/classical/validation/classical_musicnet_1739__300s.npz,aebdd682575fe04ae7e1786338b1a42931fad4b232f3a16ef1305d552ad8098b,features/pitch_v2/300s/classical/validation/classical_musicnet_1739__300s.npz,c07ec0576e9ca4e0798875d075d1cbbbad4a00e554788ac2f5b49d72216137c0,172e7094b7a170b50058cc2cfb72f89054f951dc2bf8506ae0e3381d3977a7c8,490,392,98,15,0.2366340160369873,success,2026-08-04,
classical_musicnet_1742__180s,classical_musicnet_1742,classical,validation,180.0,features/chroma/180s/classical/validation/classical_musicnet_1742__180s.npz,ce2a1c7eb80275996bf6bbd36dc185ac07d69c7404b3ceeba5459ed84cccd0c5,features/pitch_v2/180s/classical/validation/classical_musicnet_1742__180s.npz,125eec7e38750579b11786ec9e14b8907c3eff21eef5c28a19ba2fcaa759ed52,172e7094b7a170b50058cc2cfb72f89054f951dc2bf8506ae0e3381d3977a7c8,361,292,69,15,0.2530381977558136,success,2026-08-04,
classical_musicnet_1742__300s,classical_musicnet_1742,classical,validation,300.0,features/chroma/300s/classical/validation/classical_musicnet_1742__300s.npz,ae34528badef9b69ba36a5f896d93c9b3e352bd829d1f13ee3af2b226a2e7a55,features/pitch_v2/300s/classical/validation/classical_musicnet_1742__300s.npz,77bf02a1b530b5347bbfa69cf30a0bf17ab2dad9d98aeece7c7edff82e5fb09a,172e7094b7a170b50058cc2cfb72f89054f951dc2bf8506ae0e3381d3977a7c8,598,494,104,15,0.25258225202560425,success,2026-08-04,
classical_musicnet_1763__180s,classical_musicnet_1763,classical,validation,180.0,features/chroma/180s/classical/validation/classical_musicnet_1763__180s.npz,1ccdc2a9319843b5904517ea48aa09c4ce9f689f0a55a62960b3062a474d33c3,features/pitch_v2/180s/classical/validation/classical_musicnet_1763__180s.npz,3955dc74e1c758f4015ffb38751383e5a417d87d85c0f2fd4fbcb37fb2a09c67,172e7094b7a170b50058cc2cfb72f89054f951dc2bf8506ae0e3381d3977a7c8,369,292,77,15,0.2501320540904999,success,2026-08-04,
classical_musicnet_1763__300s,classical_musicnet_1763,classical,validation,300.0,features/chroma/300s/classical/validation/classical_musicnet_1763__300s.npz,83781d670d58f6fc1a22187fbfef31da40fd6ec64a24adb519952289b1a25abf,features/pitch_v2/300s/classical/validation/classical_musicnet_1763__300s.npz,ba312301ef9e9a2998b442bbf5e38fc9a395393a65dda8636f9a43d0654c23ac,172e7094b7a170b50058cc2cfb72f89054f951dc2bf8506ae0e3381d3977a7c8,613,487,126,16,0.25478076934814453,success,2026-08-04,
classical_musicnet_1764__180s,classical_musicnet_1764,classical,validation,180.0,features/chroma/180s/classical/validation/classical_musicnet_1764__180s.npz,e9427b8059ce409eff0baa8509993bd02c36e87fe37e7022861e5eec7cff166e,features/pitch_v2/180s/classical/validation/classical_musicnet_1764__180s.npz,c4ba550b8ed5c3028077a3648248e6bda7bfabbb0c3462182a5c80e53dc29d52,172e7094b7a170b50058cc2cfb72f89054f951dc2bf8506ae0e3381d3977a7c8,407,323,84,15,0.24772630631923676,success,2026-08-04,
classical_musicnet_1764__300s,classical_musicnet_1764,classical,validation,300.0,features/chroma/300s/classical/validation/classical_musicnet_1764__300s.npz,d3becc6f47861c91d2bd97b2b74a18f5017ec786db5045f0558b5403e9d7acfb,features/pitch_v2/300s/classical/validation/classical_musicnet_1764__300s.npz,e968c8438c259c84c582aba57ba44b3fbb4a94de56b65539f24b0164c50658d3,172e7094b7a170b50058cc2cfb72f89054f951dc2bf8506ae0e3381d3977a7c8,623,506,117,15,0.2548615634441376,success,2026-08-04,
classical_musicnet_1765__180s,classical_musicnet_1765,classical,validation,180.0,features/chroma/180s/classical/validation/classical_musicnet_1765__180s.npz,9a538c39e8c0d2f7641a266d9283c3aefc7a97cb637905f95d50bad145c8ad30,features/pitch_v2/180s/classical/validation/classical_musicnet_1765__180s.npz,b3068c79393aa526be262fe0ce1f81041634ff83a62953c96882ef6ea8288a30,172e7094b7a170b50058cc2cfb72f89054f951dc2bf8506ae0e3381d3977a7c8,349,274,75,16,0.23111987113952637,success,2026-08-04,
classical_musicnet_1765__300s,classical_musicnet_1765,classical,validation,300.0,features/chroma/300s/classical/validation/classical_musicnet_1765__300s.npz,8d937ad3683200e2927c50e7a2a2059473d72365a741bfa2f840f37c2394945e,features/pitch_v2/300s/classical/validation/classical_musicnet_1765__300s.npz,37cdd3e83508064242e80cf114f1053c2e1375fa9a1bf561e749ae6008808d7e,172e7094b7a170b50058cc2cfb72f89054f951dc2bf8506ae0e3381d3977a7c8,564,462,102,16,0.24338358640670776,success,2026-08-04,
classical_musicnet_1766__180s,classical_musicnet_1766,classical,validation,180.0,features/chroma/180s/classical/validation/classical_musicnet_1766__180s.npz,bbf0c0e95460d61c110d4bb753f903f75e161b084baedfa6d8515080f4f724fd,features/pitch_v2/180s/classical/validation/classical_musicnet_1766__180s.npz,0d45be588792b9095a24d16655041590c1424938e83df308887e79c81b2a2367,172e7094b7a170b50058cc2cfb72f89054f951dc2bf8506ae0e3381d3977a7c8,387,294,93,15,0.2540850341320038,success,2026-08-04,
classical_musicnet_1766__300s,classical_musicnet_1766,classical,validation,300.0,features/chroma/300s/classical/validation/classical_musicnet_1766__300s.npz,44220556a73fea1223c4f971cadb16c08eb8c0858e46daa8299cfbf74ba144da,features/pitch_v2/300s/classical/validation/classical_musicnet_1766__300s.npz,1f77b1f525ae526594abe0d45b8a1328e8a6d73e0da13e42264e124c12df65ca,172e7094b7a170b50058cc2cfb72f89054f951dc2bf8506ae0e3381d3977a7c8,680,524,156,16,0.2526341676712036,success,2026-08-04,
classical_musicnet_1805__180s,classical_musicnet_1805,classical,validation,180.0,features/chroma/180s/classical/validation/classical_musicnet_1805__180s.npz,dade1866319e5fbd0f4c6dad7d93b9b4dbe5088932106ddb1755d975eddf253f,features/pitch_v2/180s/classical/validation/classical_musicnet_1805__180s.npz,b3b23d63caadffa0b722c52d247c3df98f3153f1e3fc3545785b26a947b82e41,172e7094b7a170b50058cc2cfb72f89054f951dc2bf8506ae0e3381d3977a7c8,373,208,165,14,0.23128929734230042,success,2026-08-04,
classical_musicnet_1805__300s,classical_musicnet_1805,classical,validation,300.0,features/chroma/300s/classical/validation/classical_musicnet_1805__300s.npz,23ce645efc0aa628de251112e0c4f739f49b7f2785d04d3fe3a505ef445bcfe1,features/pitch_v2/300s/classical/validation/classical_musicnet_1805__300s.npz,6ddb1cd815af2d04bb515aed3ed77be6c79e161396273de06fb1361f0c3540b2,172e7094b7a170b50058cc2cfb72f89054f951dc2bf8506ae0e3381d3977a7c8,594,346,248,14,0.2350415289402008,success,2026-08-04,
classical_musicnet_1807__180s,classical_musicnet_1807,classical,validation,180.0,features/chroma/180s/classical/validation/classical_musicnet_1807__180s.npz,8ca8ebdc31de058beabea2ac85ad5cd9e23aaf321d95add9953c0517b702f74b,features/pitch_v2/180s/classical/validation/classical_musicnet_1807__180s.npz,709f4ff58119fecbe4af305d85f0b85cce261d5807fe9d93bbab5aae4d418c42,172e7094b7a170b50058cc2cfb72f89054f951dc2bf8506ae0e3381d3977a7c8,381,187,194,15,0.2640891969203949,success,2026-08-04,
classical_musicnet_1807__300s,classical_musicnet_1807,classical,validation,300.0,features/chroma/300s/classical/validation/classical_musicnet_1807__300s.npz,054c9d88c47d9645f8517693158c0f4a3ebb11702427ee15c9cb7e6d9c21aa65,features/pitch_v2/300s/classical/validation/classical_musicnet_1807__300s.npz,c6790f65c764a939ecb2eb27348ff740d46029b175cd569e0382cf5002bb716a,172e7094b7a170b50058cc2cfb72f89054f951dc2bf8506ae0e3381d3977a7c8,659,367,292,16,0.26106569170951843,success,2026-08-04,
classical_musicnet_1811__180s,classical_musicnet_1811,classical,validation,180.0,features/chroma/180s/classical/validation/classical_musicnet_1811__180s.npz,25d0a2a1e471b4a438138dc317b789998a8ae6718e239278b25c8bf6604f722f,features/pitch_v2/180s/classical/validation/classical_musicnet_1811__180s.npz,640c7454321840aff9e1d9488b8379b870e41e8e4a5810baaca507dff61751ae,172e7094b7a170b50058cc2cfb72f89054f951dc2bf8506ae0e3381d3977a7c8,387,339,48,15,0.2857034206390381,success,2026-08-04,
classical_musicnet_1811__300s,classical_musicnet_1811,classical,validation,300.0,features/chroma/300s/classical/validation/classical_musicnet_1811__300s.npz,acdce33a87da5358bf4ef256420fb88a9cfdc98f37ba555a14cdee61c91eb9be,features/pitch_v2/300s/classical/validation/classical_musicnet_1811__300s.npz,379af8712a3e323994b5ac9096a24ee19d9bd527c289a8e1f0ba7c4f4db2264c,172e7094b7a170b50058cc2cfb72f89054f951dc2bf8506ae0e3381d3977a7c8,641,561,80,15,0.29260095953941345,success,2026-08-04,
classical_musicnet_1812__180s,classical_musicnet_1812,classical,validation,180.0,features/chroma/180s/classical/validation/classical_musicnet_1812__180s.npz,58e18574802835f4003736b1a4108998aea5ebeac9442bc1e1276ca3e04260fa,features/pitch_v2/180s/classical/validation/classical_musicnet_1812__180s.npz,e5c2250264b3a3d6350ebfee3bde99d9730e7f874544daf8583a137a73ecb770,172e7094b7a170b50058cc2cfb72f89054f951dc2bf8506ae0e3381d3977a7c8,378,321,57,16,0.23832079768180847,success,2026-08-04,
classical_musicnet_1812__300s,classical_musicnet_1812,classical,validation,300.0,features/chroma/300s/classical/validation/classical_musicnet_1812__300s.npz,06a227875d823287586821c4672b8e9d87ee7efb209afb5b894e10ba34f1f47c,features/pitch_v2/300s/classical/validation/classical_musicnet_1812__300s.npz,0334df0644dcbae4ce332d453ccac3aa122e0e665bba769dea5efddda3a4c4c0,172e7094b7a170b50058cc2cfb72f89054f951dc2bf8506ae0e3381d3977a7c8,626,518,108,16,0.2440854012966156,success,2026-08-04,
classical_musicnet_1813__180s,classical_musicnet_1813,classical,validation,180.0,features/chroma/180s/classical/validation/classical_musicnet_1813__180s.npz,915e879e59051703a0ab45a6c61a5205ca8744ca2a5eb8758517459d50e18a5b,features/pitch_v2/180s/classical/validation/classical_musicnet_1813__180s.npz,cbb78a576b3d4d05ed2ee37dc88b64fa5978b36db967691c203b80ae1b04defb,172e7094b7a170b50058cc2cfb72f89054f951dc2bf8506ae0e3381d3977a7c8,396,299,97,15,0.2342023402452469,success,2026-08-04,
classical_musicnet_1813__300s,classical_musicnet_1813,classical,validation,300.0,features/chroma/300s/classical/validation/classical_musicnet_1813__300s.npz,fac2b75924d20ea3b29c61388fba5d4732240e6c43d4cfc81f70b01fc2d4c926,features/pitch_v2/300s/classical/validation/classical_musicnet_1813__300s.npz,5d76a8e89bf89125c42c9ec38b0d5779ef464484b27b2bdfe3dbf41b14e48981,172e7094b7a170b50058cc2cfb72f89054f951dc2bf8506ae0e3381d3977a7c8,657,521,136,15,0.236890971660614,success,2026-08-04,
classical_musicnet_1817__180s,classical_musicnet_1817,classical,validation,180.0,features/chroma/180s/classical/validation/classical_musicnet_1817__180s.npz,69cb421b859c5b7a401fb43fabce6835552715f924fa1a01fcef14de6569320d,features/pitch_v2/180s/classical/validation/classical_musicnet_1817__180s.npz,7e26cca6e199016267e0591ed404cc5cf550b39d9efb6028cbc2b19e00e6769d,172e7094b7a170b50058cc2cfb72f89054f951dc2bf8506ae0e3381d3977a7c8,388,344,44,14,0.2741086184978485,success,2026-08-04,
classical_musicnet_1817__300s,classical_musicnet_1817,classical,validation,300.0,features/chroma/300s/classical/validation/classical_musicnet_1817__300s.npz,b597f0c936780046e45185d24e442581be2c4019eeab06f2a9620186884cc478,features/pitch_v2/300s/classical/validation/classical_musicnet_1817__300s.npz,77b0f8cca7b1f3c47c738cb89323e1c94fbae919a13e8d14ca2cfb49f3755b65,172e7094b7a170b50058cc2cfb72f89054f951dc2bf8506ae0e3381d3977a7c8,526,455,71,14,0.27706122398376465,success,2026-08-04,
classical_musicnet_1818__180s,classical_musicnet_1818,classical,validation,180.0,features/chroma/180s/classical/validation/classical_musicnet_1818__180s.npz,7b4e279d250bc6183e0f59e40028990d9090cc7cd6ee77a136d902a305996b3f,features/pitch_v2/180s/classical/validation/classical_musicnet_1818__180s.npz,3f0f32eba44022d39e8e6d66edf0a13d976a6cf242e6dc5cc776284680741c9d,172e7094b7a170b50058cc2cfb72f89054f951dc2bf8506ae0e3381d3977a7c8,354,305,49,14,0.2885998487472534,success,2026-08-04,
classical_musicnet_1818__300s,classical_musicnet_1818,classical,validation,300.0,features/chroma/300s/classical/validation/classical_musicnet_1818__300s.npz,926b90c1c1b6407ad992f5fbbd1c6ad6da2c7f07419a90ae624b722cfdfa14a7,features/pitch_v2/300s/classical/validation/classical_musicnet_1818__300s.npz,49539438677092538621950ee16c20a207700d1f6d624fe30a452e629a7efc95,172e7094b7a170b50058cc2cfb72f89054f951dc2bf8506ae0e3381d3977a7c8,564,471,93,16,0.28663089871406555,success,2026-08-04,
classical_musicnet_1819__180s,classical_musicnet_1819,classical,validation,180.0,features/chroma/180s/classical/validation/classical_musicnet_1819__180s.npz,b2fa5692c08144dc2c403befd79b6d61b0d87f8aa6b622b1ac47a090be0a705f,features/pitch_v2/180s/classical/validation/classical_musicnet_1819__180s.npz,8dd6933ee7fd54f46d93717dcc6efe8613e4ad6d7b3b9441bbf095f36563f12a,172e7094b7a170b50058cc2cfb72f89054f951dc2bf8506ae0e3381d3977a7c8,417,374,43,14,0.29429036378860474,success,2026-08-04,
classical_musicnet_1819__300s,classical_musicnet_1819,classical,validation,300.0,features/chroma/300s/classical/validation/classical_musicnet_1819__300s.npz,b2fa5692c08144dc2c403befd79b6d61b0d87f8aa6b622b1ac47a090be0a705f,features/pitch_v2/300s/classical/validation/classical_musicnet_1819__300s.npz,8dd6933ee7fd54f46d93717dcc6efe8613e4ad6d7b3b9441bbf095f36563f12a,172e7094b7a170b50058cc2cfb72f89054f951dc2bf8506ae0e3381d3977a7c8,417,374,43,14,0.29429036378860474,success,2026-08-04,
classical_musicnet_1828__180s,classical_musicnet_1828,classical,validation,180.0,features/chroma/180s/classical/validation/classical_musicnet_1828__180s.npz,5c16287d9767b99d6f3e75a103c69b9889ce8781de80b34d2732cb5d3f7e5a0c,features/pitch_v2/180s/classical/validation/classical_musicnet_1828__180s.npz,bbdcee60d84a4a4b42db99d2bc0f90c37108158944a82d2159c6667a02b25a74,172e7094b7a170b50058cc2cfb72f89054f951dc2bf8506ae0e3381d3977a7c8,353,285,68,15,0.265855610370636,success,2026-08-04,
classical_musicnet_1828__300s,classical_musicnet_1828,classical,validation,300.0,features/chroma/300s/classical/validation/classical_musicnet_1828__300s.npz,3d1fa966dbe6d28ec61c51ee24db141dca7c5afcc4cc068dd5a6bccc750303c7,features/pitch_v2/300s/classical/validation/classical_musicnet_1828__300s.npz,4db25a02dfd0d1bc907435bb3b5379537e7f7203b40c5233a7ae1bab0d0fbfee,172e7094b7a170b50058cc2cfb72f89054f951dc2bf8506ae0e3381d3977a7c8,512,419,93,15,0.2572702467441559,success,2026-08-04,
classical_musicnet_1829__180s,classical_musicnet_1829,classical,validation,180.0,features/chroma/180s/classical/validation/classical_musicnet_1829__180s.npz,2118c02535f85470b5ec0608e2974c820f91e7324c1f39f7483bd3980d626f01,features/pitch_v2/180s/classical/validation/classical_musicnet_1829__180s.npz,4d28591c18badb1272f7551e0b184349fa122b506dcdac7513feb44936979407,172e7094b7a170b50058cc2cfb72f89054f951dc2bf8506ae0e3381d3977a7c8,453,352,101,16,0.264448881149292,success,2026-08-04,
classical_musicnet_1829__300s,classical_musicnet_1829,classical,validation,300.0,features/chroma/300s/classical/validation/classical_musicnet_1829__300s.npz,b1ec223cb6e9203c5bf0b545d6f428ebb02e2c89211370f19d88a727f0515380,features/pitch_v2/300s/classical/validation/classical_musicnet_1829__300s.npz,9c4f31e6b4ec01a442216c0f59ae9ebde711d9b34a81b02946218803e2d7d386,172e7094b7a170b50058cc2cfb72f89054f951dc2bf8506ae0e3381d3977a7c8,755,582,173,16,0.26673567295074463,success,2026-08-04,
classical_musicnet_1835__180s,classical_musicnet_1835,classical,validation,180.0,features/chroma/180s/classical/validation/classical_musicnet_1835__180s.npz,0865e12054fac1a299308919b3d59ef18d7922fdb1bc94f71288915c97c50002,features/pitch_v2/180s/classical/validation/classical_musicnet_1835__180s.npz,06fb3eb7233ee85b5a0fd6617c7b97b45fdf408ebd4dd0312330a9e1b2bc336e,172e7094b7a170b50058cc2cfb72f89054f951dc2bf8506ae0e3381d3977a7c8,451,302,149,15,0.2672157883644104,success,2026-08-04,
classical_musicnet_1835__300s,classical_musicnet_1835,classical,validation,300.0,features/chroma/300s/classical/validation/classical_musicnet_1835__300s.npz,562b1da3defea2f033daa0b039d998e5e9024a6c0b70d59bffc172da1962eed9,features/pitch_v2/300s/classical/validation/classical_musicnet_1835__300s.npz,da428bce6131eb18638dd691edf6af9f5058a3f14a5ca27544e73f691469a7cc,172e7094b7a170b50058cc2cfb72f89054f951dc2bf8506ae0e3381d3977a7c8,587,389,198,15,0.2669810950756073,success,2026-08-04,
classical_musicnet_1859__180s,classical_musicnet_1859,classical,validation,180.0,features/chroma/180s/classical/validation/classical_musicnet_1859__180s.npz,6883fd8afb8a3eeae2f4496329837c3c163ddc655f0b8a569d7955d72a470381,features/pitch_v2/180s/classical/validation/classical_musicnet_1859__180s.npz,cbff2e15d0946d46fe76d0be227451f2342b50f037bb97160c37984b085d9c5d,172e7094b7a170b50058cc2cfb72f89054f951dc2bf8506ae0e3381d3977a7c8,378,254,124,16,0.23110336065292358,success,2026-08-04,
classical_musicnet_1859__300s,classical_musicnet_1859,classical,validation,300.0,features/chroma/300s/classical/validation/classical_musicnet_1859__300s.npz,8136541a2d746a7c9fca9072c24050b0d89d53087c44c67ee5ef0a2c2c223d51,features/pitch_v2/300s/classical/validation/classical_musicnet_1859__300s.npz,588fd7470c18b2f90a9f464b3bd1c1a88899d9407e2564f2acf09d550f5a7eef,172e7094b7a170b50058cc2cfb72f89054f951dc2bf8506ae0e3381d3977a7c8,653,438,215,16,0.22740429639816284,success,2026-08-04,
classical_musicnet_1872__180s,classical_musicnet_1872,classical,validation,180.0,features/chroma/180s/classical/validation/classical_musicnet_1872__180s.npz,ca987954116ca1de32f0e9d31c262bbb839919565ecb79b82e46feecaa697802,features/pitch_v2/180s/classical/validation/classical_musicnet_1872__180s.npz,1de715d9e847f2ec00c84542a8ec154a8a4b99120ab9828c12d871631020cf3e,172e7094b7a170b50058cc2cfb72f89054f951dc2bf8506ae0e3381d3977a7c8,372,309,63,15,0.26300570368766785,success,2026-08-04,
classical_musicnet_1872__300s,classical_musicnet_1872,classical,validation,300.0,features/chroma/300s/classical/validation/classical_musicnet_1872__300s.npz,e09a2669bc07f0a4215bdf450e2430af4794c729c9d665743401bb3a52bdbc80,features/pitch_v2/300s/classical/validation/classical_musicnet_1872__300s.npz,3c0f3e01c54e7e372def327b848d3a1e29a80d0aa7efef40ce7cd4be21025e54,172e7094b7a170b50058cc2cfb72f89054f951dc2bf8506ae0e3381d3977a7c8,623,522,101,16,0.25435054302215576,success,2026-08-04,
classical_musicnet_1873__180s,classical_musicnet_1873,classical,validation,180.0,features/chroma/180s/classical/validation/classical_musicnet_1873__180s.npz,e158559b65065ec40617e0ed2acb0dd9c68184c093b3dcff9d9b06c1849b20d7,features/pitch_v2/180s/classical/validation/classical_musicnet_1873__180s.npz,cc8e4b6d2606c389dfb3ef7d9a202a51d1ee9abd66195033d104607e7df20f23,172e7094b7a170b50058cc2cfb72f89054f951dc2bf8506ae0e3381d3977a7c8,484,404,80,15,0.26241427659988403,success,2026-08-04,
classical_musicnet_1873__300s,classical_musicnet_1873,classical,validation,300.0,features/chroma/300s/classical/validation/classical_musicnet_1873__300s.npz,7f384e6c1d7c1b42a7be8067da73887ae192975aaec04a6b1eebfe23117d4179,features/pitch_v2/300s/classical/validation/classical_musicnet_1873__300s.npz,b42cddce1c684384077a1f6d71548a57403a52bcf5904983d37cb2e62d5f2398,172e7094b7a170b50058cc2cfb72f89054f951dc2bf8506ae0e3381d3977a7c8,806,663,143,16,0.25586289167404175,success,2026-08-04,
classical_musicnet_1876__180s,classical_musicnet_1876,classical,validation,180.0,features/chroma/180s/classical/validation/classical_musicnet_1876__180s.npz,26cf5c121910c6e1aa3f396b91c3cf5baf6ed568d117c0eb9f9a6ecd6d2f45d0,features/pitch_v2/180s/classical/validation/classical_musicnet_1876__180s.npz,1aae9d1247d89d079825a6e847568e3085eebe27023cd676b027a261a1a494bc,172e7094b7a170b50058cc2cfb72f89054f951dc2bf8506ae0e3381d3977a7c8,342,286,56,16,0.23462429642677307,success,2026-08-04,
classical_musicnet_1876__300s,classical_musicnet_1876,classical,validation,300.0,features/chroma/300s/classical/validation/classical_musicnet_1876__300s.npz,822e32c3beb110355bb64aacf71e98f863313fdd9890b21c22ed23b65513a294,features/pitch_v2/300s/classical/validation/classical_musicnet_1876__300s.npz,72208ad682b61eb431417b2be2b9b1dc259ad55fffcfcec18b9521eba0347088,172e7094b7a170b50058cc2cfb72f89054f951dc2bf8506ae0e3381d3977a7c8,567,460,107,16,0.24212822318077087,success,2026-08-04,
classical_musicnet_1893__180s,classical_musicnet_1893,classical,validation,180.0,features/chroma/180s/classical/validation/classical_musicnet_1893__180s.npz,9b4b28d628c77222f6f156a4a195e2e6f391cca64841ed8a59bd604b25eddaf0,features/pitch_v2/180s/classical/validation/classical_musicnet_1893__180s.npz,45c4fcf56673ea75314dd42604a5f7e55fb8b5bba28c0991ff5e2488030b0856,172e7094b7a170b50058cc2cfb72f89054f951dc2bf8506ae0e3381d3977a7c8,359,297,62,16,0.2390781044960022,success,2026-08-04,
classical_musicnet_1893__300s,classical_musicnet_1893,classical,validation,300.0,features/chroma/300s/classical/validation/classical_musicnet_1893__300s.npz,a04d3d1f1663302e110e5e02238dfc9ae450f387cb2b7b10f7b672b88b8e6d7a,features/pitch_v2/300s/classical/validation/classical_musicnet_1893__300s.npz,7a0589bd4f126d3c278ba4279f596d0e007a8a79b9613abb68ae608c2064e41c,172e7094b7a170b50058cc2cfb72f89054f951dc2bf8506ae0e3381d3977a7c8,615,521,94,16,0.24334542453289032,success,2026-08-04,
classical_musicnet_2075__180s,classical_musicnet_2075,classical,discovery,180.0,features/chroma/180s/classical/discovery/classical_musicnet_2075__180s.npz,ab8ddf444816c3cbda31fc60f73e463dc068cfad7a77dfbc66dff8d6bfbd3c3f,features/pitch_v2/180s/classical/discovery/classical_musicnet_2075__180s.npz,9c164bcd5c58bfa22186b5b0b6b46d4c9d057ba7939ff37827b72c93630fa350,172e7094b7a170b50058cc2cfb72f89054f951dc2bf8506ae0e3381d3977a7c8,389,317,72,14,0.28113090991973877,success,2026-08-04,
classical_musicnet_2075__300s,classical_musicnet_2075,classical,discovery,300.0,features/chroma/300s/classical/discovery/classical_musicnet_2075__300s.npz,260a8c4cf4bba1bac11e1b1b6e88ac5c3d6223333db0186e056fa9a7f3fff992,features/pitch_v2/300s/classical/discovery/classical_musicnet_2075__300s.npz,9df7f5d090866f028be7ef63d77be2505a3ac61a4661c0f15c5169ad08d5d9bd,172e7094b7a170b50058cc2cfb72f89054f951dc2bf8506ae0e3381d3977a7c8,648,536,112,14,0.2800024747848511,success,2026-08-04,
classical_musicnet_2076__180s,classical_musicnet_2076,classical,discovery,180.0,features/chroma/180s/classical/discovery/classical_musicnet_2076__180s.npz,a2acc64090f90ff1b9d26ebd24049f0b83d0c8787d28870a0186e42bc218ff13,features/pitch_v2/180s/classical/discovery/classical_musicnet_2076__180s.npz,2ab1976ee9dd8a3f7fc3b4e6da4f72cd71128ef069d0bfe4294b9fb14c99307a,172e7094b7a170b50058cc2cfb72f89054f951dc2bf8506ae0e3381d3977a7c8,397,355,42,15,0.2724235951900482,success,2026-08-04,
classical_musicnet_2076__300s,classical_musicnet_2076,classical,discovery,300.0,features/chroma/300s/classical/discovery/classical_musicnet_2076__300s.npz,90510e8b207bac2f321000c1182cea4ffd57956cfb5baa02add2fd022d04aa30,features/pitch_v2/300s/classical/discovery/classical_musicnet_2076__300s.npz,48c01b4b9618b76a1d31d8188d45fc96e56c1356b5cf86547366efc296ace00c,172e7094b7a170b50058cc2cfb72f89054f951dc2bf8506ae0e3381d3977a7c8,601,539,62,15,0.28308776021003723,success,2026-08-04,
classical_musicnet_2077__180s,classical_musicnet_2077,classical,discovery,180.0,features/chroma/180s/classical/discovery/classical_musicnet_2077__180s.npz,1b15c0cc5e5c84c782d668e4efede756445c14f6e491bd3da7ba8c8ddec5ac1a,features/pitch_v2/180s/classical/discovery/classical_musicnet_2077__180s.npz,2b5bcbd76594bf1c12e39acb130dd175e2e6acade7fcf3234c989de5c9776e7d,172e7094b7a170b50058cc2cfb72f89054f951dc2bf8506ae0e3381d3977a7c8,403,345,58,12,0.27294811606407166,success,2026-08-04,
classical_musicnet_2077__300s,classical_musicnet_2077,classical,discovery,300.0,features/chroma/300s/classical/discovery/classical_musicnet_2077__300s.npz,ac606a46dc0839a8b28976d12c37a8b9781db59b712cf913c0273c7f7f212297,features/pitch_v2/300s/classical/discovery/classical_musicnet_2077__300s.npz,ae00fea5256e4b3f76055e135547daf2ca2953aa691182dd5cd768df0ccf32c8,172e7094b7a170b50058cc2cfb72f89054f951dc2bf8506ae0e3381d3977a7c8,558,470,88,12,0.276114284992218,success,2026-08-04,
classical_musicnet_2078__180s,classical_musicnet_2078,classical,discovery,180.0,features/chroma/180s/classical/discovery/classical_musicnet_2078__180s.npz,03e5008ad0441e402bf9d61ea1c6cc0692af7787f83cdad4136c1400f58d3cd0,features/pitch_v2/180s/classical/discovery/classical_musicnet_2078__180s.npz,e9b333585c0b0a228f7cd3d38c9bd5acb776c22cd2b5140e661688098c2d6072,172e7094b7a170b50058cc2cfb72f89054f951dc2bf8506ae0e3381d3977a7c8,390,322,68,16,0.2601010203361511,success,2026-08-04,
classical_musicnet_2078__300s,classical_musicnet_2078,classical,discovery,300.0,features/chroma/300s/classical/discovery/classical_musicnet_2078__300s.npz,aff414f89ed9bbe8998b0b06a4ef7f7c59b06d5aad5a84e56cea9dad3caed25b,features/pitch_v2/300s/classical/discovery/classical_musicnet_2078__300s.npz,ab0cb1c84c00bc459677f5d9128ced3bf835a03cbd8625bc75f9bab9129ea78d,172e7094b7a170b50058cc2cfb72f89054f951dc2bf8506ae0e3381d3977a7c8,643,547,96,16,0.26319053769111633,success,2026-08-04,
classical_musicnet_2079__180s,classical_musicnet_2079,classical,discovery,180.0,features/chroma/180s/classical/discovery/classical_musicnet_2079__180s.npz,da058fe23317c67698190ae732172d5a05c1d47c19f402deeacabe6e8d6d2910,features/pitch_v2/180s/classical/discovery/classical_musicnet_2079__180s.npz,dd98112994d5dd6ddc9f6d1d7435a36622fbe6ee79b6fd51ec54b31e5c478c0a,172e7094b7a170b50058cc2cfb72f89054f951dc2bf8506ae0e3381d3977a7c8,365,321,44,15,0.2815250754356384,success,2026-08-04,
classical_musicnet_2079__300s,classical_musicnet_2079,classical,discovery,300.0,features/chroma/300s/classical/discovery/classical_musicnet_2079__300s.npz,5bc70de3d11eaaa5bb5a190af251fe4834dcc0e3a97426a5f3da374fb68d836a,features/pitch_v2/300s/classical/discovery/classical_musicnet_2079__300s.npz,05226106bb682be783b9c9f67ae22eccf386efccaff76b6130959d81149116b4,172e7094b7a170b50058cc2cfb72f89054f951dc2bf8506ae0e3381d3977a7c8,562,488,74,16,0.2930915355682373,success,2026-08-04,
classical_musicnet_2080__180s,classical_musicnet_2080,classical,discovery,180.0,features/chroma/180s/classical/discovery/classical_musicnet_2080__180s.npz,8cd043e4997d499d7a06cb3da646b067190aebb5e21ddff33bb77aa6d95e9507,features/pitch_v2/180s/classical/discovery/classical_musicnet_2080__180s.npz,c61f235a2b6b9a3578697f7d6b69903ba5246eee80be36be6f27324bcbd02366,172e7094b7a170b50058cc2cfb72f89054f951dc2bf8506ae0e3381d3977a7c8,410,349,61,16,0.2569723129272461,success,2026-08-04,
classical_musicnet_2080__300s,classical_musicnet_2080,classical,discovery,300.0,features/chroma/300s/classical/discovery/classical_musicnet_2080__300s.npz,b3126c7070242771f1d0664c1ffe38312138e87818f458b0fd4a421021f5507c,features/pitch_v2/300s/classical/discovery/classical_musicnet_2080__300s.npz,99cf42bb57f9573dc075aef743f4e06d71850c3fc21248921d9dd553a22dc51c,172e7094b7a170b50058cc2cfb72f89054f951dc2bf8506ae0e3381d3977a7c8,522,438,84,16,0.25554460287094116,success,2026-08-04,
classical_musicnet_2081__180s,classical_musicnet_2081,classical,discovery,180.0,features/chroma/180s/classical/discovery/classical_musicnet_2081__180s.npz,707e42ef2472e39e46146e4c3d307abb196b0bb0d9e0e61c0ff6fa332b80cf23,features/pitch_v2/180s/classical/discovery/classical_musicnet_2081__180s.npz,5f8ca809142c96c09cb4bb1d6a5f27d6df57cf491acf50f32f639916fca443c5,172e7094b7a170b50058cc2cfb72f89054f951dc2bf8506ae0e3381d3977a7c8,391,320,71,14,0.2646075487136841,success,2026-08-04,
classical_musicnet_2081__300s,classical_musicnet_2081,classical,discovery,300.0,features/chroma/300s/classical/discovery/classical_musicnet_2081__300s.npz,81282e189ebd6cf257f0cc780f4255cdb949e5c9db8bcc87116d4abd59aa4642,features/pitch_v2/300s/classical/discovery/classical_musicnet_2081__300s.npz,15989abee6b991b937bcbe4df75f0791095c383996efc5994fe3ff852e0d1f0f,172e7094b7a170b50058cc2cfb72f89054f951dc2bf8506ae0e3381d3977a7c8,640,531,109,15,0.2679123282432556,success,2026-08-04,
classical_musicnet_2082__180s,classical_musicnet_2082,classical,discovery,180.0,features/chroma/180s/classical/discovery/classical_musicnet_2082__180s.npz,5204e94accd7f281480fdf464209d6f425e41748af28f8cefd88d8f553755783,features/pitch_v2/180s/classical/discovery/classical_musicnet_2082__180s.npz,ff943b0f9b71637105d13f506a2de915d686ad4f61ccf2314b85a67534213d3a,172e7094b7a170b50058cc2cfb72f89054f951dc2bf8506ae0e3381d3977a7c8,391,352,39,16,0.2692069113254547,success,2026-08-04,
classical_musicnet_2082__300s,classical_musicnet_2082,classical,discovery,300.0,features/chroma/300s/classical/discovery/classical_musicnet_2082__300s.npz,9ee1f013376f421b3859408c87bc3db26c66f9a375872cbe460bc4dcfc694a62,features/pitch_v2/300s/classical/discovery/classical_musicnet_2082__300s.npz,3b7cc5d80f1dcbb9b12cf525e9bdfabda5f4da2adc359650e60e30e6d0ef79a8,172e7094b7a170b50058cc2cfb72f89054f951dc2bf8506ae0e3381d3977a7c8,596,522,74,15,0.2767515480518341,success,2026-08-04,
classical_musicnet_2083__180s,classical_musicnet_2083,classical,discovery,180.0,features/chroma/180s/classical/discovery/classical_musicnet_2083__180s.npz,6074c9b1fc5c78f8f3ae9d7b705a58f79e15370e15e46f454685043b90ee94bf,features/pitch_v2/180s/classical/discovery/classical_musicnet_2083__180s.npz,16a866744a4930edb11d2a2586fd1bc11f2e17b3be0dea60bb253d1c3caa3079,172e7094b7a170b50058cc2cfb72f89054f951dc2bf8506ae0e3381d3977a7c8,320,249,71,13,0.2488715946674347,success,2026-08-04,
classical_musicnet_2083__300s,classical_musicnet_2083,classical,discovery,300.0,features/chroma/300s/classical/discovery/classical_musicnet_2083__300s.npz,e670311c19d4e54c3bd8b2f9b6b1ba1a476fb778ce9845a447dfff5cbaa2c107,features/pitch_v2/300s/classical/discovery/classical_musicnet_2083__300s.npz,09bf089d54193b7f52253a12820a4268b397041a30b04ea357954fd1aa305571,172e7094b7a170b50058cc2cfb72f89054f951dc2bf8506ae0e3381d3977a7c8,431,331,100,13,0.24443770945072174,success,2026-08-04,
classical_musicnet_2112__180s,classical_musicnet_2112,classical,holdout,180.0,features/chroma/180s/classical/holdout/classical_musicnet_2112__180s.npz,0e88a9745e46e9ed2e18eb455a28c7a989f9804951f5a00c497da954f8e38c50,features/pitch_v2/180s/classical/holdout/classical_musicnet_2112__180s.npz,8b5880c91412cf5fda03eee9acca152166620ec45c5e88c0a096cf78afc5359c,172e7094b7a170b50058cc2cfb72f89054f951dc2bf8506ae0e3381d3977a7c8,357,280,77,16,0.20378386974334717,success,2026-08-04,
classical_musicnet_2112__300s,classical_musicnet_2112,classical,holdout,300.0,features/chroma/300s/classical/holdout/classical_musicnet_2112__300s.npz,44c7836b08c43aa69219f394cef800fbcf85bb95f786b692e0ddf3fde47b5c19,features/pitch_v2/300s/classical/holdout/classical_musicnet_2112__300s.npz,d87f3dfaf5290d595d2b1479846397dcd2f28f0ed675734eabef4fca8ce879c1,172e7094b7a170b50058cc2cfb72f89054f951dc2bf8506ae0e3381d3977a7c8,584,449,135,16,0.2061571329832077,success,2026-08-04,
classical_musicnet_2113__180s,classical_musicnet_2113,classical,holdout,180.0,features/chroma/180s/classical/holdout/classical_musicnet_2113__180s.npz,973bf06f609e6844c556208b1afe994d561f150356e3090b809b66136e9532d5,features/pitch_v2/180s/classical/holdout/classical_musicnet_2113__180s.npz,a6cd22fa5e9f312e6172b985f2d6c9453438435a2956690dcfdd3af84577ac4a,172e7094b7a170b50058cc2cfb72f89054f951dc2bf8506ae0e3381d3977a7c8,393,307,86,14,0.22802136838436127,success,2026-08-04,
classical_musicnet_2113__300s,classical_musicnet_2113,classical,holdout,300.0,features/chroma/300s/classical/holdout/classical_musicnet_2113__300s.npz,7ed9dfb945f1375f86f0ccabc85aceb5d2c9c3991d63714385f72a5417f35465,features/pitch_v2/300s/classical/holdout/classical_musicnet_2113__300s.npz,47f11d53a3a27a245e280471a0d8c764e84a01b6fff14e4984edceb5626ac9f4,172e7094b7a170b50058cc2cfb72f89054f951dc2bf8506ae0e3381d3977a7c8,652,504,148,16,0.22455859184265137,success,2026-08-04,
classical_musicnet_2114__180s,classical_musicnet_2114,classical,holdout,180.0,features/chroma/180s/classical/holdout/classical_musicnet_2114__180s.npz,4f4ffd0af43a14a937816fe0a96e7729ba0625991da3ded5c727059c8d2fd0a3,features/pitch_v2/180s/classical/holdout/classical_musicnet_2114__180s.npz,2174f429a78090166fc5b2339f64913923f400f614a498cbd7e8fb3d37308c49,172e7094b7a170b50058cc2cfb72f89054f951dc2bf8506ae0e3381d3977a7c8,385,311,74,16,0.22130660712718964,success,2026-08-04,
classical_musicnet_2114__300s,classical_musicnet_2114,classical,holdout,300.0,features/chroma/300s/classical/holdout/classical_musicnet_2114__300s.npz,b0d076e29a14702ef50b45748810406eb9a369c2a021ef0c86cf3d71a55ad5d4,features/pitch_v2/300s/classical/holdout/classical_musicnet_2114__300s.npz,3b9a9391309336c54a6a9d860fce3069d09b3be63a63bf528b7c9d806d0e5ebf,172e7094b7a170b50058cc2cfb72f89054f951dc2bf8506ae0e3381d3977a7c8,643,510,133,16,0.22066226601600647,success,2026-08-04,
classical_musicnet_2116__180s,classical_musicnet_2116,classical,holdout,180.0,features/chroma/180s/classical/holdout/classical_musicnet_2116__180s.npz,bcec4b2cbeab46f9b37f25c38d7f497ded35c49ca93b54071d876f69ce7f0623,features/pitch_v2/180s/classical/holdout/classical_musicnet_2116__180s.npz,6396f5fd1be1ed712899fe0033c39f4f7bfbc9da8493a37d7ce4f71b52945477,172e7094b7a170b50058cc2cfb72f89054f951dc2bf8506ae0e3381d3977a7c8,337,267,70,16,0.2584310472011566,success,2026-08-04,
classical_musicnet_2116__300s,classical_musicnet_2116,classical,holdout,300.0,features/chroma/300s/classical/holdout/classical_musicnet_2116__300s.npz,771294789adba329d7b536732823ec4d5129ea5142be6a0673cebb17b8592eec,features/pitch_v2/300s/classical/holdout/classical_musicnet_2116__300s.npz,c169ba977e9caa4336d475f8755beefb69918da333166acce6546882a2b0daa7,172e7094b7a170b50058cc2cfb72f89054f951dc2bf8506ae0e3381d3977a7c8,588,474,114,16,0.2574126124382019,success,2026-08-04,
classical_musicnet_2117__180s,classical_musicnet_2117,classical,holdout,180.0,features/chroma/180s/classical/holdout/classical_musicnet_2117__180s.npz,bff804cc927419dc9aa1e4ef3da3b04fd4c5895b31d4c5ee2fa45e50d58cbf18,features/pitch_v2/180s/classical/holdout/classical_musicnet_2117__180s.npz,54bd1126016d6cd0d4cf0e36f17a3b85e5460bd912ae9d2fa45b51ce428d563f,172e7094b7a170b50058cc2cfb72f89054f951dc2bf8506ae0e3381d3977a7c8,391,329,62,16,0.27034804224967957,success,2026-08-04,
classical_musicnet_2117__300s,classical_musicnet_2117,classical,holdout,300.0,features/chroma/300s/classical/holdout/classical_musicnet_2117__300s.npz,4e3b10a7a5b2f00bb004ff822e98ad0c6ecc8c2174daf2fb78935cafe4eaf57d,features/pitch_v2/300s/classical/holdout/classical_musicnet_2117__300s.npz,dddc3c870df61222c92d331839abfa28976c84df8d1b0983616f186bffc0a38b,172e7094b7a170b50058cc2cfb72f89054f951dc2bf8506ae0e3381d3977a7c8,544,454,90,16,0.29061025381088257,success,2026-08-04,
classical_musicnet_2118__180s,classical_musicnet_2118,classical,holdout,180.0,features/chroma/180s/classical/holdout/classical_musicnet_2118__180s.npz,074f747e41ae205694808c510433980156791c9a410fec6b978a0c7288224fcc,features/pitch_v2/180s/classical/holdout/classical_musicnet_2118__180s.npz,f491b93d5b2446577efe9cbd948c626c80e8722352917b817a75b9d0bc62c0d8,172e7094b7a170b50058cc2cfb72f89054f951dc2bf8506ae0e3381d3977a7c8,463,400,63,14,0.2533069849014282,success,2026-08-04,
classical_musicnet_2118__300s,classical_musicnet_2118,classical,holdout,300.0,features/chroma/300s/classical/holdout/classical_musicnet_2118__300s.npz,b1d11d09852600e57988ad8ba010524371115701192a220c5f1e9b7d32a980c7,features/pitch_v2/300s/classical/holdout/classical_musicnet_2118__300s.npz,989f7e82f274a20031f43e9d8b47214ed6a25a56d1ad0c85ffb1ead0a1950805,172e7094b7a170b50058cc2cfb72f89054f951dc2bf8506ae0e3381d3977a7c8,598,482,116,14,0.2592066526412964,success,2026-08-04,
classical_musicnet_2119__180s,classical_musicnet_2119,classical,holdout,180.0,features/chroma/180s/classical/holdout/classical_musicnet_2119__180s.npz,f817f02cae8ccf17739bbbdfea387aee4f871893976bcbede1ecb9efb4ff54c2,features/pitch_v2/180s/classical/holdout/classical_musicnet_2119__180s.npz,dd7ad5c476c0bc240e5212187e3b8a29aef26e724d9a1dda2fb1e5293bfbf871,172e7094b7a170b50058cc2cfb72f89054f951dc2bf8506ae0e3381d3977a7c8,395,321,74,16,0.2422325760126114,success,2026-08-04,
classical_musicnet_2119__300s,classical_musicnet_2119,classical,holdout,300.0,features/chroma/300s/classical/holdout/classical_musicnet_2119__300s.npz,5b11466de999bca399afc4dae6c4449ab59ae673316465de6231b0232c65c3e2,features/pitch_v2/300s/classical/holdout/classical_musicnet_2119__300s.npz,b491dde76ddb439c4d10e3fd578734f1f71d94d50e09cf29aada5a66df84e956,172e7094b7a170b50058cc2cfb72f89054f951dc2bf8506ae0e3381d3977a7c8,645,508,137,16,0.24534206092357635,success,2026-08-04,
classical_musicnet_2127__180s,classical_musicnet_2127,classical,holdout,180.0,features/chroma/180s/classical/holdout/classical_musicnet_2127__180s.npz,794c9b520ae23fcd3834026f43d366e15e459812eb65fa469de351cf4476c174,features/pitch_v2/180s/classical/holdout/classical_musicnet_2127__180s.npz,c74d5cefe2e5e86ac4fb8c3868a251f9a76272ab49e5c52528efeea726373e8e,172e7094b7a170b50058cc2cfb72f89054f951dc2bf8506ae0e3381d3977a7c8,378,290,88,15,0.2243727445602417,success,2026-08-04,
classical_musicnet_2127__300s,classical_musicnet_2127,classical,holdout,300.0,features/chroma/300s/classical/holdout/classical_musicnet_2127__300s.npz,0275f835760f72c144ac502d77cfebf1be6ca9dadc771c19b19e84910ce75d3a,features/pitch_v2/300s/classical/holdout/classical_musicnet_2127__300s.npz,069b413be77ec1f833e5d6a8543461a5a14265c3c4e564b3565da2a9fea05378,172e7094b7a170b50058cc2cfb72f89054f951dc2bf8506ae0e3381d3977a7c8,629,463,166,15,0.21945732831954956,success,2026-08-04,
classical_musicnet_2131__180s,classical_musicnet_2131,classical,holdout,180.0,features/chroma/180s/classical/holdout/classical_musicnet_2131__180s.npz,6ec756f27d3df25280ee7b5498b8c8a69d91af7eeb0aa067baf1b4fd777221ff,features/pitch_v2/180s/classical/holdout/classical_musicnet_2131__180s.npz,808c1fb21a9c7bdf80c30546db5d9805187d2310ace4ed6fe65db1040d376dc8,172e7094b7a170b50058cc2cfb72f89054f951dc2bf8506ae0e3381d3977a7c8,350,186,164,14,0.23065441846847534,success,2026-08-04,
classical_musicnet_2131__300s,classical_musicnet_2131,classical,holdout,300.0,features/chroma/300s/classical/holdout/classical_musicnet_2131__300s.npz,59188f92d580dd7880cd3aa0373a716681d74ac1970037d9fc89eb92c792c9ed,features/pitch_v2/300s/classical/holdout/classical_musicnet_2131__300s.npz,f5d28201a5998186c91d8d3d79ed4e6f2e72ce22dc360ed62d85359a12e870f4,172e7094b7a170b50058cc2cfb72f89054f951dc2bf8506ae0e3381d3977a7c8,531,280,251,14,0.22792507708072662,success,2026-08-04,
classical_musicnet_2138__180s,classical_musicnet_2138,classical,holdout,180.0,features/chroma/180s/classical/holdout/classical_musicnet_2138__180s.npz,1a75181eaa030df24d0638ff94f36b73949077c8d74f645d7f3fa0a7cf11fc69,features/pitch_v2/180s/classical/holdout/classical_musicnet_2138__180s.npz,6989444c47406e9b964adde67cc9acc220ac07a757dd40cb6a276e05d12d7035,172e7094b7a170b50058cc2cfb72f89054f951dc2bf8506ae0e3381d3977a7c8,398,329,69,15,0.24092209339141846,success,2026-08-04,
classical_musicnet_2138__300s,classical_musicnet_2138,classical,holdout,300.0,features/chroma/300s/classical/holdout/classical_musicnet_2138__300s.npz,247fa089d653bc70b539ceee75e4ea1f58e1340552c0ab479d410bff378fd8dd,features/pitch_v2/300s/classical/holdout/classical_musicnet_2138__300s.npz,84daafb9113edb184917b0a08d433307ff2dcd2783f3361402d514db4f2e3031,172e7094b7a170b50058cc2cfb72f89054f951dc2bf8506ae0e3381d3977a7c8,655,553,102,16,0.2368936985731125,success,2026-08-04,
classical_musicnet_2140__180s,classical_musicnet_2140,classical,holdout,180.0,features/chroma/180s/classical/holdout/classical_musicnet_2140__180s.npz,6aa3cdc30fa2845f2dc6b2ebb4a4202d58f79cebaabd88c250699b25e17f4cba,features/pitch_v2/180s/classical/holdout/classical_musicnet_2140__180s.npz,ee5329bd89e312143d2c6da2ee7f25454d880fc6c573443c3936c7ac3dd7213a,172e7094b7a170b50058cc2cfb72f89054f951dc2bf8506ae0e3381d3977a7c8,353,295,58,16,0.2236974835395813,success,2026-08-04,
classical_musicnet_2140__300s,classical_musicnet_2140,classical,holdout,300.0,features/chroma/300s/classical/holdout/classical_musicnet_2140__300s.npz,7cd6195e4b12279f9e674ec09a56cf2abf47799b48c9eefed102f9d93ff251c7,features/pitch_v2/300s/classical/holdout/classical_musicnet_2140__300s.npz,5a6df9a16eb17f09f815b883d59e308c0e003f55ed1b7d63d2915a830329be2d,172e7094b7a170b50058cc2cfb72f89054f951dc2bf8506ae0e3381d3977a7c8,592,487,105,16,0.22472259402275085,success,2026-08-04,
classical_musicnet_2147__180s,classical_musicnet_2147,classical,holdout,180.0,features/chroma/180s/classical/holdout/classical_musicnet_2147__180s.npz,e367571454bdf50a8779a1f1a617efd461d7d07f6fd8ed1b22609be570aad89d,features/pitch_v2/180s/classical/holdout/classical_musicnet_2147__180s.npz,5fc6bfb7a1667771f95b3f9a9bc43265648c0dcfac5ce79c8b5351ba166963de,172e7094b7a170b50058cc2cfb72f89054f951dc2bf8506ae0e3381d3977a7c8,360,298,62,15,0.24433474242687225,success,2026-08-04,
classical_musicnet_2147__300s,classical_musicnet_2147,classical,holdout,300.0,features/chroma/300s/classical/holdout/classical_musicnet_2147__300s.npz,6610ca379ed55fca101a9f447abb6168615b53812bd1571eaafc089f1063e2e0,features/pitch_v2/300s/classical/holdout/classical_musicnet_2147__300s.npz,f7d59558d848f6dc69b4d6825f854f01ccb883b0228571a0f5b1cb8e340b16bb,172e7094b7a170b50058cc2cfb72f89054f951dc2bf8506ae0e3381d3977a7c8,628,512,116,16,0.24126480519771576,success,2026-08-04,
classical_musicnet_2148__180s,classical_musicnet_2148,classical,holdout,180.0,features/chroma/180s/classical/holdout/classical_musicnet_2148__180s.npz,e79b2c417781c61c3d36d2438f7e8d3c98146cab3ebb09ac3a288626c259d959,features/pitch_v2/180s/classical/holdout/classical_musicnet_2148__180s.npz,0355f28b6aca7d3f16fc930017bb862ec77ad78932f21340cc24619e1844f127,172e7094b7a170b50058cc2cfb72f89054f951dc2bf8506ae0e3381d3977a7c8,358,293,65,16,0.20966030657291412,success,2026-08-04,
classical_musicnet_2148__300s,classical_musicnet_2148,classical,holdout,300.0,features/chroma/300s/classical/holdout/classical_musicnet_2148__300s.npz,63cc0c61523938cfb2edeb1adb49a7cf96a40c3c82f057eaddc07f4810d647ac,features/pitch_v2/300s/classical/holdout/classical_musicnet_2148__300s.npz,a24382f1751f4bea41fe0d33891967a5278c77ad4bff1da268c4aeb198c13501,172e7094b7a170b50058cc2cfb72f89054f951dc2bf8506ae0e3381d3977a7c8,618,502,116,16,0.21440833806991577,success,2026-08-04,
classical_musicnet_2149__180s,classical_musicnet_2149,classical,holdout,180.0,features/chroma/180s/classical/holdout/classical_musicnet_2149__180s.npz,8dfccebce1a6be52c8db3dfcba807ff231b29e34c11459c80152c62e65932ffa,features/pitch_v2/180s/classical/holdout/classical_musicnet_2149__180s.npz,466cfdb4b6f94bee05d4295899189be22dab8e66398d0b033e55a85526b9de43,172e7094b7a170b50058cc2cfb72f89054f951dc2bf8506ae0e3381d3977a7c8,357,286,71,15,0.23151248693466187,success,2026-08-04,
classical_musicnet_2149__300s,classical_musicnet_2149,classical,holdout,300.0,features/chroma/300s/classical/holdout/classical_musicnet_2149__300s.npz,a1d51e62bd502bc382169793cf773bcefec56bfff4b325e8c515cbb9d265efd9,features/pitch_v2/300s/classical/holdout/classical_musicnet_2149__300s.npz,af9d9ee5a08d261c0a83c2627f97f9dc80b8b85e92a04995d38eec8aca56be48,172e7094b7a170b50058cc2cfb72f89054f951dc2bf8506ae0e3381d3977a7c8,595,458,137,16,0.22641488909721375,success,2026-08-04,
classical_musicnet_2150__180s,classical_musicnet_2150,classical,holdout,180.0,features/chroma/180s/classical/holdout/classical_musicnet_2150__180s.npz,c4419ddb4f85260234e0d48aa8a787aa08d5ccec5fbaece1f9d2f24a559c92cf,features/pitch_v2/180s/classical/holdout/classical_musicnet_2150__180s.npz,cece6f98f69c5b71bdef3564a424bcb6674318a52867ad3e816b71887cd9923c,172e7094b7a170b50058cc2cfb72f89054f951dc2bf8506ae0e3381d3977a7c8,292,235,57,15,0.22001123428344727,success,2026-08-04,
classical_musicnet_2150__300s,classical_musicnet_2150,classical,holdout,300.0,features/chroma/300s/classical/holdout/classical_musicnet_2150__300s.npz,5295b82738589f394625adade468d7c20619816c47e7b68324e25964caeec1a0,features/pitch_v2/300s/classical/holdout/classical_musicnet_2150__300s.npz,8454a6c4e837ea830e458d758f4dd864fd54c626d05a982b4d0c496e1c93362e,172e7094b7a170b50058cc2cfb72f89054f951dc2bf8506ae0e3381d3977a7c8,655,527,128,16,0.22464749217033386,success,2026-08-04,
classical_musicnet_2151__180s,classical_musicnet_2151,classical,holdout,180.0,features/chroma/180s/classical/holdout/classical_musicnet_2151__180s.npz,ad509d2048c467fe11573238e87732b45ce007477973d85141c107a3e1eadc83,features/pitch_v2/180s/classical/holdout/classical_musicnet_2151__180s.npz,df9743b7b75f60f5b551aeae0f8205f651e1d4d8500348ef826e85278ebc66c0,172e7094b7a170b50058cc2cfb72f89054f951dc2bf8506ae0e3381d3977a7c8,440,353,87,15,0.22635802626609802,success,2026-08-04,
classical_musicnet_2151__300s,classical_musicnet_2151,classical,holdout,300.0,features/chroma/300s/classical/holdout/classical_musicnet_2151__300s.npz,c42907aebcd544eac520026a72c172ccf6ec9d0605b4bc0dbe8a9fc84d6ac1eb,features/pitch_v2/300s/classical/holdout/classical_musicnet_2151__300s.npz,a6142f98f793b28a2685069f9b299113b8b80da8fa4cd8f6d8dec7c743c059c4,172e7094b7a170b50058cc2cfb72f89054f951dc2bf8506ae0e3381d3977a7c8,728,575,153,16,0.22213000059127808,success,2026-08-04,
classical_musicnet_2154__180s,classical_musicnet_2154,classical,holdout,180.0,features/chroma/180s/classical/holdout/classical_musicnet_2154__180s.npz,673cddf859d59bd9ec6265b82704fbec00bf167c2b4bf811cdaf463861114440,features/pitch_v2/180s/classical/holdout/classical_musicnet_2154__180s.npz,45f30f47a455b8b2ba7c66ec701fdc79d7ba371a07189bbc05f45616979d8551,172e7094b7a170b50058cc2cfb72f89054f951dc2bf8506ae0e3381d3977a7c8,351,296,55,15,0.21156080067157745,success,2026-08-04,
classical_musicnet_2154__300s,classical_musicnet_2154,classical,holdout,300.0,features/chroma/300s/classical/holdout/classical_musicnet_2154__300s.npz,c764b4bf0657f1ff6929b73790de243f98357b4cf8747c1a39d770dccea5b4ae,features/pitch_v2/300s/classical/holdout/classical_musicnet_2154__300s.npz,00489c4ce2d32baefbdc794293ea741d614df3eb5501cee82a2db8c384f9dee2,172e7094b7a170b50058cc2cfb72f89054f951dc2bf8506ae0e3381d3977a7c8,611,504,107,16,0.22196221351623535,success,2026-08-04,
classical_musicnet_2155__180s,classical_musicnet_2155,classical,holdout,180.0,features/chroma/180s/classical/holdout/classical_musicnet_2155__180s.npz,e39aaa9ad9c3b339211f7db401e63946317b5e08b475737412d3484ebc79c2b9,features/pitch_v2/180s/classical/holdout/classical_musicnet_2155__180s.npz,5987e0edb348053fdda11cb91bcef965fe7697e51202a335f9b9b40c169ae7bd,172e7094b7a170b50058cc2cfb72f89054f951dc2bf8506ae0e3381d3977a7c8,396,295,101,16,0.20700235664844513,success,2026-08-04,
classical_musicnet_2155__300s,classical_musicnet_2155,classical,holdout,300.0,features/chroma/300s/classical/holdout/classical_musicnet_2155__300s.npz,7624d7d54108a1b1323e1816087fb9bf04bc7e70aad004df4769a62b4d6b76a9,features/pitch_v2/300s/classical/holdout/classical_musicnet_2155__300s.npz,c2648e721ff156b3a8bb3e96838f9a96650821fb518965748fe2edfa6cf0e1d0,172e7094b7a170b50058cc2cfb72f89054f951dc2bf8506ae0e3381d3977a7c8,570,432,138,16,0.2143615335226059,success,2026-08-04,
classical_musicnet_2156__180s,classical_musicnet_2156,classical,holdout,180.0,features/chroma/180s/classical/holdout/classical_musicnet_2156__180s.npz,54a5bc1c666e4ad3b4a7696c4a5e931c25adbf804876ff6d37c44308851079ab,features/pitch_v2/180s/classical/holdout/classical_musicnet_2156__180s.npz,f5d9712c8991ba6f5ceb6972af79eb9abd60abab20223fa8b03acb1d38f85efa,172e7094b7a170b50058cc2cfb72f89054f951dc2bf8506ae0e3381d3977a7c8,395,296,99,16,0.22283878922462463,success,2026-08-04,
classical_musicnet_2156__300s,classical_musicnet_2156,classical,holdout,300.0,features/chroma/300s/classical/holdout/classical_musicnet_2156__300s.npz,f5ba2c76c8375ea68a9c7051dbe945c55d44ce7c883ce6a04705bb34641978b4,features/pitch_v2/300s/classical/holdout/classical_musicnet_2156__300s.npz,c6255920793bfb4e3b1f71ead7a24b3420ad9710db7da1c6f36ffed110b95858,172e7094b7a170b50058cc2cfb72f89054f951dc2bf8506ae0e3381d3977a7c8,409,298,111,16,0.21729052066802979,success,2026-08-04,
classical_musicnet_2157__180s,classical_musicnet_2157,classical,holdout,180.0,features/chroma/180s/classical/holdout/classical_musicnet_2157__180s.npz,2c9ebea682b465627c409552c7e0ce76cb7715f5600aa52c1261877c02a79a79,features/pitch_v2/180s/classical/holdout/classical_musicnet_2157__180s.npz,f44515ff611ad767347e20390acf76b6cb564dc5c7b5854bac967ff4b98c9c72,172e7094b7a170b50058cc2cfb72f89054f951dc2bf8506ae0e3381d3977a7c8,304,235,69,15,0.22691652178764343,success,2026-08-04,
classical_musicnet_2157__300s,classical_musicnet_2157,classical,holdout,300.0,features/chroma/300s/classical/holdout/classical_musicnet_2157__300s.npz,8e47b9cfb3697c5605bb6d22dcde061c4abefdd529b7273c3a794c9fc4dc89fd,features/pitch_v2/300s/classical/holdout/classical_musicnet_2157__300s.npz,aeefb6f6de1bcb5b26b08fbeacb0d65870c064b5f9040941b705dbd7ca11e565,172e7094b7a170b50058cc2cfb72f89054f951dc2bf8506ae0e3381d3977a7c8,538,406,132,16,0.22714194655418396,success,2026-08-04,
classical_musicnet_2158__180s,classical_musicnet_2158,classical,holdout,180.0,features/chroma/180s/classical/holdout/classical_musicnet_2158__180s.npz,89a2b45a33db3a91dec41e23409dd5b969ab492bb743c60bbaafd0f60a017cfa,features/pitch_v2/180s/classical/holdout/classical_musicnet_2158__180s.npz,c641633b2a3b2ed82e6d1a9584071a064c8ea21b4fe1e202ddaafcdd42f58b6d,172e7094b7a170b50058cc2cfb72f89054f951dc2bf8506ae0e3381d3977a7c8,380,322,58,16,0.23203960061073303,success,2026-08-04,
classical_musicnet_2158__300s,classical_musicnet_2158,classical,holdout,300.0,features/chroma/300s/classical/holdout/classical_musicnet_2158__300s.npz,31565e42915ce0ebdd8df8f188a8ae10e123b312a54a904636f75bbb43471f4c,features/pitch_v2/300s/classical/holdout/classical_musicnet_2158__300s.npz,2513c7c9903d71f4a46fd4f0fb0eaed0e364dd4c1bcac5303e00ec94efe1c61d,172e7094b7a170b50058cc2cfb72f89054f951dc2bf8506ae0e3381d3977a7c8,635,547,88,16,0.23630335927009583,success,2026-08-04,
classical_musicnet_2159__180s,classical_musicnet_2159,classical,holdout,180.0,features/chroma/180s/classical/holdout/classical_musicnet_2159__180s.npz,f6b60102cda456b05ab9485ef349d084508877843b0805aee766ab96ef552815,features/pitch_v2/180s/classical/holdout/classical_musicnet_2159__180s.npz,1b1309d565c186e9323488e9be7de717cab34495080c4890f695391b4acf618d,172e7094b7a170b50058cc2cfb72f89054f951dc2bf8506ae0e3381d3977a7c8,375,295,80,16,0.23719723522663116,success,2026-08-04,
classical_musicnet_2159__300s,classical_musicnet_2159,classical,holdout,300.0,features/chroma/300s/classical/holdout/classical_musicnet_2159__300s.npz,c221dfb05d5a125aeb0d24248c9ca2d5ba20aac0b9f83e517a2b53567f1b8287,features/pitch_v2/300s/classical/holdout/classical_musicnet_2159__300s.npz,fe48648fb996d991101b842cc8a5025e30f93c8831ef60186f2e430001885ada,172e7094b7a170b50058cc2cfb72f89054f951dc2bf8506ae0e3381d3977a7c8,596,484,112,16,0.24013525247573853,success,2026-08-04,
classical_musicnet_2160__180s,classical_musicnet_2160,classical,holdout,180.0,features/chroma/180s/classical/holdout/classical_musicnet_2160__180s.npz,e1de4da118c03a0f15107388ab77928f809f3f9248e043a3f094335cb9b6d1e1,features/pitch_v2/180s/classical/holdout/classical_musicnet_2160__180s.npz,ec6dd1bfcced4a936ba5d6e7a4d6b3a7a1493f57bb3f2683078fba61efd64bed,172e7094b7a170b50058cc2cfb72f89054f951dc2bf8506ae0e3381d3977a7c8,383,317,66,16,0.21781770884990692,success,2026-08-04,
classical_musicnet_2160__300s,classical_musicnet_2160,classical,holdout,300.0,features/chroma/300s/classical/holdout/classical_musicnet_2160__300s.npz,5fe19dff212b705e460c8b44a735199c73370c43cf16e0162c5f6bb1d09ae0b4,features/pitch_v2/300s/classical/holdout/classical_musicnet_2160__300s.npz,05c66f1c0cdc26e32b4535aa8f0bbbf3042239801bb5beaff446e10369634e7c,172e7094b7a170b50058cc2cfb72f89054f951dc2bf8506ae0e3381d3977a7c8,636,536,100,16,0.22450152039527893,success,2026-08-04,
classical_musicnet_2161__180s,classical_musicnet_2161,classical,holdout,180.0,features/chroma/180s/classical/holdout/classical_musicnet_2161__180s.npz,c2244b11d43a98f49ee8761b37b5efa444eb0ae30b87435ea2735b80410e5652,features/pitch_v2/180s/classical/holdout/classical_musicnet_2161__180s.npz,182cad5ae69b00084dcffd3683c5337aca10690b7f8419a318bc77069ae9d353,172e7094b7a170b50058cc2cfb72f89054f951dc2bf8506ae0e3381d3977a7c8,372,296,76,16,0.22993195056915283,success,2026-08-04,
classical_musicnet_2161__300s,classical_musicnet_2161,classical,holdout,300.0,features/chroma/300s/classical/holdout/classical_musicnet_2161__300s.npz,e87868a5ecaa0a984125ecc2b0899fd38aaa79d42e66077e2f56d6dd466cd802,features/pitch_v2/300s/classical/holdout/classical_musicnet_2161__300s.npz,1dd0a13f91ab23f9165574ae6c41ac1372eeef29f3aa24f679fb9e4ef44afa3f,172e7094b7a170b50058cc2cfb72f89054f951dc2bf8506ae0e3381d3977a7c8,621,505,116,16,0.23559236526489258,success,2026-08-04,
classical_musicnet_2166__180s,classical_musicnet_2166,classical,holdout,180.0,features/chroma/180s/classical/holdout/classical_musicnet_2166__180s.npz,fe903aaa86d3cb448b4d7436dbbf52b00e1cc78f03e33498a73531bccea99142,features/pitch_v2/180s/classical/holdout/classical_musicnet_2166__180s.npz,fad5703ee61421477704e831628ab90846d6369df8d80c6f602ad778a733dcd5,172e7094b7a170b50058cc2cfb72f89054f951dc2bf8506ae0e3381d3977a7c8,376,305,71,16,0.23245756328105927,success,2026-08-04,
classical_musicnet_2166__300s,classical_musicnet_2166,classical,holdout,300.0,features/chroma/300s/classical/holdout/classical_musicnet_2166__300s.npz,a4d87f60ed15f305a7a63b0c7154b1011f32399a1b02cb786be790df83d67106,features/pitch_v2/300s/classical/holdout/classical_musicnet_2166__300s.npz,6a8e98187fb29b1c0623a1fddf0b8ba54714da558c20ad8801762aa91e5f33a0,172e7094b7a170b50058cc2cfb72f89054f951dc2bf8506ae0e3381d3977a7c8,605,491,114,16,0.2329515814781189,success,2026-08-04,
classical_musicnet_2167__180s,classical_musicnet_2167,classical,holdout,180.0,features/chroma/180s/classical/holdout/classical_musicnet_2167__180s.npz,f3dbe335e058a9c24446dd176288bc79ec2e8d3aaf1923780f050374b26c46b5,features/pitch_v2/180s/classical/holdout/classical_musicnet_2167__180s.npz,78d66250ee121657617762940eb6228a4b90e8cb4a6274a2f69801d1db4b4bfe,172e7094b7a170b50058cc2cfb72f89054f951dc2bf8506ae0e3381d3977a7c8,378,300,78,16,0.21648351848125458,success,2026-08-04,
classical_musicnet_2167__300s,classical_musicnet_2167,classical,holdout,300.0,features/chroma/300s/classical/holdout/classical_musicnet_2167__300s.npz,1a08aae785e811d9c7693b12f7129d2ae992c9e09c54e3641c44e745f1acf791,features/pitch_v2/300s/classical/holdout/classical_musicnet_2167__300s.npz,01f653d7c23dc1881298237be0a3ca27cf0ae0a968de77803114f389707a86d0,172e7094b7a170b50058cc2cfb72f89054f951dc2bf8506ae0e3381d3977a7c8,397,312,85,16,0.2188391089439392,success,2026-08-04,
classical_musicnet_2168__180s,classical_musicnet_2168,classical,holdout,180.0,features/chroma/180s/classical/holdout/classical_musicnet_2168__180s.npz,09bf9a24620fcd70efca5fead7f97e7f598c126cf09eb93011692f241a91a578,features/pitch_v2/180s/classical/holdout/classical_musicnet_2168__180s.npz,2af83c873df34f3e18ab09d888a0909efb6f79cb6d536d8896bcfb4e31678ebf,172e7094b7a170b50058cc2cfb72f89054f951dc2bf8506ae0e3381d3977a7c8,380,312,68,16,0.21656742691993713,success,2026-08-04,
classical_musicnet_2168__300s,classical_musicnet_2168,classical,holdout,300.0,features/chroma/300s/classical/holdout/classical_musicnet_2168__300s.npz,cdb5c250b7f8a94e3f8805e790363a148186676c66cd6e1c7cc02944bf520dc8,features/pitch_v2/300s/classical/holdout/classical_musicnet_2168__300s.npz,b198314a4eb027641af80f3e4d09832eaf752a8a1df7a948307411eff3849ef7,172e7094b7a170b50058cc2cfb72f89054f951dc2bf8506ae0e3381d3977a7c8,666,554,112,16,0.22138649225234985,success,2026-08-04,
classical_musicnet_2169__180s,classical_musicnet_2169,classical,holdout,180.0,features/chroma/180s/classical/holdout/classical_musicnet_2169__180s.npz,5273d62c46425e5b74705718b101cc367422e39eb9b171b3a3dfaff8e41fbcbc,features/pitch_v2/180s/classical/holdout/classical_musicnet_2169__180s.npz,927db03f1d70d39bab437b939703abc817b9824efcebeff5f056c2b19d1ab3bb,172e7094b7a170b50058cc2cfb72f89054f951dc2bf8506ae0e3381d3977a7c8,386,298,88,16,0.21907126903533936,success,2026-08-04,
classical_musicnet_2169__300s,classical_musicnet_2169,classical,holdout,300.0,features/chroma/300s/classical/holdout/classical_musicnet_2169__300s.npz,f7c2cfd44b3839705d3e947c3f8be04428f3ee70f15d415e926682645272b5ca,features/pitch_v2/300s/classical/holdout/classical_musicnet_2169__300s.npz,52c377d339c7c0dd923da59e7731c2220184b760759c8f126c8ea180e5176f86,172e7094b7a170b50058cc2cfb72f89054f951dc2bf8506ae0e3381d3977a7c8,661,517,144,16,0.22440539300441742,success,2026-08-04,
classical_musicnet_2177__180s,classical_musicnet_2177,classical,holdout,180.0,features/chroma/180s/classical/holdout/classical_musicnet_2177__180s.npz,f007b3d3d8dedfe4c0d53d530c7eac142b8a9b812d000db68328a8cd48fab5d3,features/pitch_v2/180s/classical/holdout/classical_musicnet_2177__180s.npz,a23a1e83a54d0c9b48b271d59e246d2cb3b33291005123bbca99753c468e7146,172e7094b7a170b50058cc2cfb72f89054f951dc2bf8506ae0e3381d3977a7c8,378,294,84,16,0.22284215688705444,success,2026-08-04,
classical_musicnet_2177__300s,classical_musicnet_2177,classical,holdout,300.0,features/chroma/300s/classical/holdout/classical_musicnet_2177__300s.npz,962e2f4ce7df639bb42715e42d1f49f95c56b74ac25d48659b2e5e1e4ac23545,features/pitch_v2/300s/classical/holdout/classical_musicnet_2177__300s.npz,869d67c683fe46d39c7b2cd573c5b37d393d4cfe305852922f027ff8f4feb48a,172e7094b7a170b50058cc2cfb72f89054f951dc2bf8506ae0e3381d3977a7c8,628,503,125,16,0.22278961539268494,success,2026-08-04,
classical_musicnet_2178__180s,classical_musicnet_2178,classical,holdout,180.0,features/chroma/180s/classical/holdout/classical_musicnet_2178__180s.npz,9926929d7bdc026789465a7df0f51054b2aaed9453e9181d431a2e8fb43eea03,features/pitch_v2/180s/classical/holdout/classical_musicnet_2178__180s.npz,f7c1c06ead94024ee60a9b5f2ea65f0b03e97defe31db56b6384b1215cea845a,172e7094b7a170b50058cc2cfb72f89054f951dc2bf8506ae0e3381d3977a7c8,375,301,74,16,0.2209816724061966,success,2026-08-04,
classical_musicnet_2178__300s,classical_musicnet_2178,classical,holdout,300.0,features/chroma/300s/classical/holdout/classical_musicnet_2178__300s.npz,09834a3860cde3bfec1545191964b723b62ed929418dd78165cb7f544850cd30,features/pitch_v2/300s/classical/holdout/classical_musicnet_2178__300s.npz,ddbbf0b3dcc85a24b5949a0811ccc1d6ad0fcd650a5bf0da3a9771903653d034,172e7094b7a170b50058cc2cfb72f89054f951dc2bf8506ae0e3381d3977a7c8,771,614,157,16,0.2125566154718399,success,2026-08-04,
classical_musicnet_2179__180s,classical_musicnet_2179,classical,holdout,180.0,features/chroma/180s/classical/holdout/classical_musicnet_2179__180s.npz,2f2a6ce77abf1f630471ef3c8b27f48719768f40613ce886cec200c82aee3c0c,features/pitch_v2/180s/classical/holdout/classical_musicnet_2179__180s.npz,4d1900c2f18c0cfa1fd72c073fddc74213a1a14915569f3697c4d5b44aa14485,172e7094b7a170b50058cc2cfb72f89054f951dc2bf8506ae0e3381d3977a7c8,374,290,84,16,0.21241360902786255,success,2026-08-04,
classical_musicnet_2179__300s,classical_musicnet_2179,classical,holdout,300.0,features/chroma/300s/classical/holdout/classical_musicnet_2179__300s.npz,26859818e4ab991437931e8630348f3e4038e7009d1163000cd1f6acfb0f93fe,features/pitch_v2/300s/classical/holdout/classical_musicnet_2179__300s.npz,36ab0713ec0acea806a5ed9d9421f260aa3249f35b3441cb5e8fadca9a9b2e39,172e7094b7a170b50058cc2cfb72f89054f951dc2bf8506ae0e3381d3977a7c8,627,518,109,16,0.2207929641008377,success,2026-08-04,
classical_musicnet_2180__180s,classical_musicnet_2180,classical,holdout,180.0,features/chroma/180s/classical/holdout/classical_musicnet_2180__180s.npz,dcf92c7013be31195faa72d38d487c88a13b403c5092ba9c6ec586d3a458d688,features/pitch_v2/180s/classical/holdout/classical_musicnet_2180__180s.npz,f8f726315d1fbd2b03ff43c496dc7c9e3d40fa5c3ed0a7c35a42a2eea4e7ce65,172e7094b7a170b50058cc2cfb72f89054f951dc2bf8506ae0e3381d3977a7c8,372,293,79,16,0.22382888197898865,success,2026-08-04,
classical_musicnet_2180__300s,classical_musicnet_2180,classical,holdout,300.0,features/chroma/300s/classical/holdout/classical_musicnet_2180__300s.npz,ab63f5acc8d00203b6d93552699fa35bbcc921040acee7606c9a287f7905befc,features/pitch_v2/300s/classical/holdout/classical_musicnet_2180__300s.npz,ca20d6137602d8181f4cde2ea65e9dfc0be988a25c2e706452f84cd10fdac3c7,172e7094b7a170b50058cc2cfb72f89054f951dc2bf8506ae0e3381d3977a7c8,597,458,139,16,0.21687883138656616,success,2026-08-04,
classical_musicnet_2186__180s,classical_musicnet_2186,classical,discovery,180.0,features/chroma/180s/classical/discovery/classical_musicnet_2186__180s.npz,63e37183dc5fdd0dc7f0bfc259008a87df98f54b7ceaa54dfca27691c3e7be46,features/pitch_v2/180s/classical/discovery/classical_musicnet_2186__180s.npz,76cf3ed5d92a04fabdb71b250b713c2056b41d8d0fc17827a561813f9e56d8a9,172e7094b7a170b50058cc2cfb72f89054f951dc2bf8506ae0e3381d3977a7c8,375,267,108,14,0.23056188225746155,success,2026-08-04,
classical_musicnet_2186__300s,classical_musicnet_2186,classical,discovery,300.0,features/chroma/300s/classical/discovery/classical_musicnet_2186__300s.npz,ce237610b1ab6bb89a3984013d9c9f1542ec2c6f2da515ecbf4c8fdbf67a6169,features/pitch_v2/300s/classical/discovery/classical_musicnet_2186__300s.npz,3879ae834f1142b2fe45895e07fd31be6c09903f47f7dad6a232fb754a519d28,172e7094b7a170b50058cc2cfb72f89054f951dc2bf8506ae0e3381d3977a7c8,436,327,109,14,0.2260226607322693,success,2026-08-04,
classical_musicnet_2191__180s,classical_musicnet_2191,classical,discovery,180.0,features/chroma/180s/classical/discovery/classical_musicnet_2191__180s.npz,8294dcbcdd759760b1c627ad196671b4a5ec57101af54592c015294dcbafc0fd,features/pitch_v2/180s/classical/discovery/classical_musicnet_2191__180s.npz,df3d3a72713ea367cc7e1e8226b48870757fb95fddcfe8fe8bb7ae12b47ff7e8,172e7094b7a170b50058cc2cfb72f89054f951dc2bf8506ae0e3381d3977a7c8,202,153,49,11,0.2490614950656891,success,2026-08-04,
classical_musicnet_2191__300s,classical_musicnet_2191,classical,discovery,300.0,features/chroma/300s/classical/discovery/classical_musicnet_2191__300s.npz,8294dcbcdd759760b1c627ad196671b4a5ec57101af54592c015294dcbafc0fd,features/pitch_v2/300s/classical/discovery/classical_musicnet_2191__300s.npz,df3d3a72713ea367cc7e1e8226b48870757fb95fddcfe8fe8bb7ae12b47ff7e8,172e7094b7a170b50058cc2cfb72f89054f951dc2bf8506ae0e3381d3977a7c8,202,153,49,11,0.2490614950656891,success,2026-08-04,
classical_musicnet_2194__180s,classical_musicnet_2194,classical,discovery,180.0,features/chroma/180s/classical/discovery/classical_musicnet_2194__180s.npz,cd1894c7ce5318077583eee71b7a70a0487d29c41fe3d609b1f726182987c799,features/pitch_v2/180s/classical/discovery/classical_musicnet_2194__180s.npz,c1fcafe25e7f2c712c8ab8a609a4d55f73f5e74ea77edd194b7ebba942a10c89,172e7094b7a170b50058cc2cfb72f89054f951dc2bf8506ae0e3381d3977a7c8,178,133,45,16,0.2577242851257324,success,2026-08-04,
classical_musicnet_2194__300s,classical_musicnet_2194,classical,discovery,300.0,features/chroma/300s/classical/discovery/classical_musicnet_2194__300s.npz,cd1894c7ce5318077583eee71b7a70a0487d29c41fe3d609b1f726182987c799,features/pitch_v2/300s/classical/discovery/classical_musicnet_2194__300s.npz,c1fcafe25e7f2c712c8ab8a609a4d55f73f5e74ea77edd194b7ebba942a10c89,172e7094b7a170b50058cc2cfb72f89054f951dc2bf8506ae0e3381d3977a7c8,178,133,45,16,0.2577242851257324,success,2026-08-04,
classical_musicnet_2195__180s,classical_musicnet_2195,classical,discovery,180.0,features/chroma/180s/classical/discovery/classical_musicnet_2195__180s.npz,693ab346de5bea9842d9b93a0d3e34cfdbffa47fec3ba51d7626ebed241047ca,features/pitch_v2/180s/classical/discovery/classical_musicnet_2195__180s.npz,774a55c916ebcbf6030febccff8e085c1c733887ffd01ac67da2b38af7b5e834,172e7094b7a170b50058cc2cfb72f89054f951dc2bf8506ae0e3381d3977a7c8,294,221,73,14,0.25317370891571045,success,2026-08-04,
classical_musicnet_2195__300s,classical_musicnet_2195,classical,discovery,300.0,features/chroma/300s/classical/discovery/classical_musicnet_2195__300s.npz,693ab346de5bea9842d9b93a0d3e34cfdbffa47fec3ba51d7626ebed241047ca,features/pitch_v2/300s/classical/discovery/classical_musicnet_2195__300s.npz,774a55c916ebcbf6030febccff8e085c1c733887ffd01ac67da2b38af7b5e834,172e7094b7a170b50058cc2cfb72f89054f951dc2bf8506ae0e3381d3977a7c8,294,221,73,14,0.25317370891571045,success,2026-08-04,
classical_musicnet_2196__180s,classical_musicnet_2196,classical,discovery,180.0,features/chroma/180s/classical/discovery/classical_musicnet_2196__180s.npz,fcaf36bf8a22c9ecccfbb8a305e49144c708d72f023beabde3c10a2c007645d1,features/pitch_v2/180s/classical/discovery/classical_musicnet_2196__180s.npz,af450b71b6af0084f0519518a0dd1831e2e2433a0481db43059e097ff71beee1,172e7094b7a170b50058cc2cfb72f89054f951dc2bf8506ae0e3381d3977a7c8,158,125,33,11,0.2566313147544861,success,2026-08-04,
classical_musicnet_2196__300s,classical_musicnet_2196,classical,discovery,300.0,features/chroma/300s/classical/discovery/classical_musicnet_2196__300s.npz,fcaf36bf8a22c9ecccfbb8a305e49144c708d72f023beabde3c10a2c007645d1,features/pitch_v2/300s/classical/discovery/classical_musicnet_2196__300s.npz,af450b71b6af0084f0519518a0dd1831e2e2433a0481db43059e097ff71beee1,172e7094b7a170b50058cc2cfb72f89054f951dc2bf8506ae0e3381d3977a7c8,158,125,33,11,0.2566313147544861,success,2026-08-04,
classical_musicnet_2198__180s,classical_musicnet_2198,classical,discovery,180.0,features/chroma/180s/classical/discovery/classical_musicnet_2198__180s.npz,7671d74f178e9499a0494a8381fd8dff9d541449643d3529bd0acd1621a9048f,features/pitch_v2/180s/classical/discovery/classical_musicnet_2198__180s.npz,29c92ea3b073c3ab842b6109fa7f4c2d7771fba5c03febf1f961c9bcb0120955,172e7094b7a170b50058cc2cfb72f89054f951dc2bf8506ae0e3381d3977a7c8,282,242,40,14,0.26167792081832886,success,2026-08-04,
classical_musicnet_2198__300s,classical_musicnet_2198,classical,discovery,300.0,features/chroma/300s/classical/discovery/classical_musicnet_2198__300s.npz,ac6046dc2bd89ee0a000229ab647f26d460c0da24a67a010ac5fe57fb040893c,features/pitch_v2/300s/classical/discovery/classical_musicnet_2198__300s.npz,77b45ade6f0da09fde5c314f9cbdb68dcadc2d48ea472618d58fdcbcaa054b96,172e7094b7a170b50058cc2cfb72f89054f951dc2bf8506ae0e3381d3977a7c8,265,229,36,14,0.2587514817714691,success,2026-08-04,
classical_musicnet_2200__180s,classical_musicnet_2200,classical,discovery,180.0,features/chroma/180s/classical/discovery/classical_musicnet_2200__180s.npz,e5ca250829dab767b018d701a0b66dedb4c2f04523c100cc8a0de988d9079e3b,features/pitch_v2/180s/classical/discovery/classical_musicnet_2200__180s.npz,67ff1923780af7380ffb34b6e39a8395a1ac938264520383a12653a001b56bff,172e7094b7a170b50058cc2cfb72f89054f951dc2bf8506ae0e3381d3977a7c8,247,191,56,15,0.22784903645515442,success,2026-08-04,
classical_musicnet_2200__300s,classical_musicnet_2200,classical,discovery,300.0,features/chroma/300s/classical/discovery/classical_musicnet_2200__300s.npz,e5ca250829dab767b018d701a0b66dedb4c2f04523c100cc8a0de988d9079e3b,features/pitch_v2/300s/classical/discovery/classical_musicnet_2200__300s.npz,67ff1923780af7380ffb34b6e39a8395a1ac938264520383a12653a001b56bff,172e7094b7a170b50058cc2cfb72f89054f951dc2bf8506ae0e3381d3977a7c8,247,191,56,15,0.22784903645515442,success,2026-08-04,
classical_musicnet_2201__180s,classical_musicnet_2201,classical,discovery,180.0,features/chroma/180s/classical/discovery/classical_musicnet_2201__180s.npz,e42b4a7fbdbf72979af039adf3de432bb9ba25cfb6ed8da4d3776e5cf713f091,features/pitch_v2/180s/classical/discovery/classical_musicnet_2201__180s.npz,efbdd73eb56bf11e442b103fbe13dbd2e7c9e9f9fca7a894e7c32f6e29b43eb9,172e7094b7a170b50058cc2cfb72f89054f951dc2bf8506ae0e3381d3977a7c8,270,228,42,15,0.22509688138961792,success,2026-08-04,
classical_musicnet_2201__300s,classical_musicnet_2201,classical,discovery,300.0,features/chroma/300s/classical/discovery/classical_musicnet_2201__300s.npz,e42b4a7fbdbf72979af039adf3de432bb9ba25cfb6ed8da4d3776e5cf713f091,features/pitch_v2/300s/classical/discovery/classical_musicnet_2201__300s.npz,efbdd73eb56bf11e442b103fbe13dbd2e7c9e9f9fca7a894e7c32f6e29b43eb9,172e7094b7a170b50058cc2cfb72f89054f951dc2bf8506ae0e3381d3977a7c8,270,228,42,15,0.22509688138961792,success,2026-08-04,
classical_musicnet_2202__180s,classical_musicnet_2202,classical,discovery,180.0,features/chroma/180s/classical/discovery/classical_musicnet_2202__180s.npz,229eafa087d5b264ba23e5d9f2e00a313ab76ebc0ca691f1cceaa98f3b3b0e4e,features/pitch_v2/180s/classical/discovery/classical_musicnet_2202__180s.npz,83046eabdf632517b55a56226448e251338e0dbd0dabbc3231f79e394aa99d7f,172e7094b7a170b50058cc2cfb72f89054f951dc2bf8506ae0e3381d3977a7c8,394,286,108,16,0.28341007232666016,success,2026-08-04,
classical_musicnet_2202__300s,classical_musicnet_2202,classical,discovery,300.0,features/chroma/300s/classical/discovery/classical_musicnet_2202__300s.npz,8294d513f3d44288ce1eabd693fd206dca9d236f6ad0f40482292e6ca7cf804a,features/pitch_v2/300s/classical/discovery/classical_musicnet_2202__300s.npz,56a3b241b5ca77ff8e0f8b9d7505dc1bee0a84032f154a3874e64cc3ef12a36c,172e7094b7a170b50058cc2cfb72f89054f951dc2bf8506ae0e3381d3977a7c8,396,274,122,16,0.2721610367298126,success,2026-08-04,
classical_musicnet_2203__180s,classical_musicnet_2203,classical,discovery,180.0,features/chroma/180s/classical/discovery/classical_musicnet_2203__180s.npz,901e922f0075e8b646ce8ae6df843632e6e9e2a854943a79d9e16b2f97c1866f,features/pitch_v2/180s/classical/discovery/classical_musicnet_2203__180s.npz,3c723304b300e846a0f2a922fa67f85ca66f58e9bf14eac601d0685af563d297,172e7094b7a170b50058cc2cfb72f89054f951dc2bf8506ae0e3381d3977a7c8,299,215,84,15,0.2597571611404419,success,2026-08-04,
classical_musicnet_2203__300s,classical_musicnet_2203,classical,discovery,300.0,features/chroma/300s/classical/discovery/classical_musicnet_2203__300s.npz,901e922f0075e8b646ce8ae6df843632e6e9e2a854943a79d9e16b2f97c1866f,features/pitch_v2/300s/classical/discovery/classical_musicnet_2203__300s.npz,3c723304b300e846a0f2a922fa67f85ca66f58e9bf14eac601d0685af563d297,172e7094b7a170b50058cc2cfb72f89054f951dc2bf8506ae0e3381d3977a7c8,299,215,84,15,0.2597571611404419,success,2026-08-04,
classical_musicnet_2204__180s,classical_musicnet_2204,classical,discovery,180.0,features/chroma/180s/classical/discovery/classical_musicnet_2204__180s.npz,92844cdfe5a455a66f189b7e45b7be2af24ad7ecaef5eb748f009728f1d5a9e5,features/pitch_v2/180s/classical/discovery/classical_musicnet_2204__180s.npz,298f053c352e18068b15f99af96e3bd83f7305b9395a0521605cf0dafd1d23d9,172e7094b7a170b50058cc2cfb72f89054f951dc2bf8506ae0e3381d3977a7c8,270,233,37,15,0.31486788392066956,success,2026-08-04,
classical_musicnet_2204__300s,classical_musicnet_2204,classical,discovery,300.0,features/chroma/300s/classical/discovery/classical_musicnet_2204__300s.npz,92844cdfe5a455a66f189b7e45b7be2af24ad7ecaef5eb748f009728f1d5a9e5,features/pitch_v2/300s/classical/discovery/classical_musicnet_2204__300s.npz,298f053c352e18068b15f99af96e3bd83f7305b9395a0521605cf0dafd1d23d9,172e7094b7a170b50058cc2cfb72f89054f951dc2bf8506ae0e3381d3977a7c8,270,233,37,15,0.31486788392066956,success,2026-08-04,
classical_musicnet_2207__180s,classical_musicnet_2207,classical,discovery,180.0,features/chroma/180s/classical/discovery/classical_musicnet_2207__180s.npz,c5354659a3e48b85682f30e080eb0439f0a081f9940141958b3022a97a6a6f54,features/pitch_v2/180s/classical/discovery/classical_musicnet_2207__180s.npz,67fe6a61391dfb5c2228889b5045ddb459f22fd94e38f9fb89748145f12fd463,172e7094b7a170b50058cc2cfb72f89054f951dc2bf8506ae0e3381d3977a7c8,162,112,50,16,0.21570131182670593,success,2026-08-04,
classical_musicnet_2207__300s,classical_musicnet_2207,classical,discovery,300.0,features/chroma/300s/classical/discovery/classical_musicnet_2207__300s.npz,c5354659a3e48b85682f30e080eb0439f0a081f9940141958b3022a97a6a6f54,features/pitch_v2/300s/classical/discovery/classical_musicnet_2207__300s.npz,67fe6a61391dfb5c2228889b5045ddb459f22fd94e38f9fb89748145f12fd463,172e7094b7a170b50058cc2cfb72f89054f951dc2bf8506ae0e3381d3977a7c8,162,112,50,16,0.21570131182670593,success,2026-08-04,
classical_musicnet_2208__180s,classical_musicnet_2208,classical,discovery,180.0,features/chroma/180s/classical/discovery/classical_musicnet_2208__180s.npz,5a995275fd3134f1d6132ca8f68d5e125fc75b8afdf1f08a458ed5f1515652a9,features/pitch_v2/180s/classical/discovery/classical_musicnet_2208__180s.npz,bbd0aba533a1a438256e70eb7f35e93e8cea66a87cbfb56b8770134b0418d06f,172e7094b7a170b50058cc2cfb72f89054f951dc2bf8506ae0e3381d3977a7c8,234,171,63,15,0.2178667187690735,success,2026-08-04,
classical_musicnet_2208__300s,classical_musicnet_2208,classical,discovery,300.0,features/chroma/300s/classical/discovery/classical_musicnet_2208__300s.npz,5a995275fd3134f1d6132ca8f68d5e125fc75b8afdf1f08a458ed5f1515652a9,features/pitch_v2/300s/classical/discovery/classical_musicnet_2208__300s.npz,bbd0aba533a1a438256e70eb7f35e93e8cea66a87cbfb56b8770134b0418d06f,172e7094b7a170b50058cc2cfb72f89054f951dc2bf8506ae0e3381d3977a7c8,234,171,63,15,0.2178667187690735,success,2026-08-04,
classical_musicnet_2209__180s,classical_musicnet_2209,classical,discovery,180.0,features/chroma/180s/classical/discovery/classical_musicnet_2209__180s.npz,d8154739896a548be13bff74666307a9f0a710b0f9c727a5052e660952ebd9af,features/pitch_v2/180s/classical/discovery/classical_musicnet_2209__180s.npz,ade92bdd1a9b03c2e9ba0aa5ed01561e294c87d68d5c0ead51535f2fa5b0b457,172e7094b7a170b50058cc2cfb72f89054f951dc2bf8506ae0e3381d3977a7c8,205,165,40,15,0.23413270711898804,success,2026-08-04,
classical_musicnet_2209__300s,classical_musicnet_2209,classical,discovery,300.0,features/chroma/300s/classical/discovery/classical_musicnet_2209__300s.npz,d8154739896a548be13bff74666307a9f0a710b0f9c727a5052e660952ebd9af,features/pitch_v2/300s/classical/discovery/classical_musicnet_2209__300s.npz,ade92bdd1a9b03c2e9ba0aa5ed01561e294c87d68d5c0ead51535f2fa5b0b457,172e7094b7a170b50058cc2cfb72f89054f951dc2bf8506ae0e3381d3977a7c8,205,165,40,15,0.23413270711898804,success,2026-08-04,
classical_musicnet_2210__180s,classical_musicnet_2210,classical,discovery,180.0,features/chroma/180s/classical/discovery/classical_musicnet_2210__180s.npz,eec94f975550e89aba7a7ce46460d34dc614d2e973e16f9300af6568ad031c5e,features/pitch_v2/180s/classical/discovery/classical_musicnet_2210__180s.npz,2af5b2d572f4474151af89eb87241d726221781858f3837941a70106c5cc676a,172e7094b7a170b50058cc2cfb72f89054f951dc2bf8506ae0e3381d3977a7c8,499,447,52,16,0.2533113956451416,success,2026-08-04,
classical_musicnet_2210__300s,classical_musicnet_2210,classical,discovery,300.0,features/chroma/300s/classical/discovery/classical_musicnet_2210__300s.npz,eec94f975550e89aba7a7ce46460d34dc614d2e973e16f9300af6568ad031c5e,features/pitch_v2/300s/classical/discovery/classical_musicnet_2210__300s.npz,2af5b2d572f4474151af89eb87241d726221781858f3837941a70106c5cc676a,172e7094b7a170b50058cc2cfb72f89054f951dc2bf8506ae0e3381d3977a7c8,499,447,52,16,0.2533113956451416,success,2026-08-04,
classical_musicnet_2211__180s,classical_musicnet_2211,classical,discovery,180.0,features/chroma/180s/classical/discovery/classical_musicnet_2211__180s.npz,0eb8b681029e4916601ddd131343eb41e809d25b6e50b4bbba51bb0b35f29474,features/pitch_v2/180s/classical/discovery/classical_musicnet_2211__180s.npz,d6ca66a33a9b85d49880d478b3d059d176489a0ec932f4c52f04720527f6b652,172e7094b7a170b50058cc2cfb72f89054f951dc2bf8506ae0e3381d3977a7c8,375,278,97,16,0.22921502590179443,success,2026-08-04,
classical_musicnet_2211__300s,classical_musicnet_2211,classical,discovery,300.0,features/chroma/300s/classical/discovery/classical_musicnet_2211__300s.npz,9f019786e58cfac5f722482a66b442301bce26d7cca305a4e46bf4fc7354b162,features/pitch_v2/300s/classical/discovery/classical_musicnet_2211__300s.npz,d8aea21a765a9b8c3d5852c1b3ff1b562d7c0e13593038e6c999bc0c6da47577,172e7094b7a170b50058cc2cfb72f89054f951dc2bf8506ae0e3381d3977a7c8,425,324,101,16,0.22484710812568665,success,2026-08-04,
classical_musicnet_2212__180s,classical_musicnet_2212,classical,discovery,180.0,features/chroma/180s/classical/discovery/classical_musicnet_2212__180s.npz,713329e9d6f865ef298b12795677f739439373eeffaecd0a0778503553cc5e2e,features/pitch_v2/180s/classical/discovery/classical_musicnet_2212__180s.npz,9ed0290062d41eb2ac0d4cbeaef6e026d4a43a56f557bdbccc19b82da62ae96e,172e7094b7a170b50058cc2cfb72f89054f951dc2bf8506ae0e3381d3977a7c8,337,298,39,16,0.24761024117469788,success,2026-08-04,
classical_musicnet_2212__300s,classical_musicnet_2212,classical,discovery,300.0,features/chroma/300s/classical/discovery/classical_musicnet_2212__300s.npz,713329e9d6f865ef298b12795677f739439373eeffaecd0a0778503553cc5e2e,features/pitch_v2/300s/classical/discovery/classical_musicnet_2212__300s.npz,9ed0290062d41eb2ac0d4cbeaef6e026d4a43a56f557bdbccc19b82da62ae96e,172e7094b7a170b50058cc2cfb72f89054f951dc2bf8506ae0e3381d3977a7c8,337,298,39,16,0.24761024117469788,success,2026-08-04,
classical_musicnet_2213__180s,classical_musicnet_2213,classical,discovery,180.0,features/chroma/180s/classical/discovery/classical_musicnet_2213__180s.npz,72f31a6d09dbabb64309299c314991b2de4c148a4fcbc5b3be658fe870177bc9,features/pitch_v2/180s/classical/discovery/classical_musicnet_2213__180s.npz,4d72905c3a3eefb03f7507184d5d42310968e76ce73d7a287df73e48428fc8e3,172e7094b7a170b50058cc2cfb72f89054f951dc2bf8506ae0e3381d3977a7c8,231,194,37,15,0.22919034957885742,success,2026-08-04,
classical_musicnet_2213__300s,classical_musicnet_2213,classical,discovery,300.0,features/chroma/300s/classical/discovery/classical_musicnet_2213__300s.npz,72f31a6d09dbabb64309299c314991b2de4c148a4fcbc5b3be658fe870177bc9,features/pitch_v2/300s/classical/discovery/classical_musicnet_2213__300s.npz,4d72905c3a3eefb03f7507184d5d42310968e76ce73d7a287df73e48428fc8e3,172e7094b7a170b50058cc2cfb72f89054f951dc2bf8506ae0e3381d3977a7c8,231,194,37,15,0.22919034957885742,success,2026-08-04,
classical_musicnet_2214__180s,classical_musicnet_2214,classical,discovery,180.0,features/chroma/180s/classical/discovery/classical_musicnet_2214__180s.npz,31ca43aa6781c946e0cf688fc95bc17cf1eff2c16a2f8304192f086b6e52ffcf,features/pitch_v2/180s/classical/discovery/classical_musicnet_2214__180s.npz,ed653593c3125e41df2f514a082375ee713e116a04afd8d883132efc2ab8b148,172e7094b7a170b50058cc2cfb72f89054f951dc2bf8506ae0e3381d3977a7c8,226,190,36,14,0.22444218397140503,success,2026-08-04,
classical_musicnet_2214__300s,classical_musicnet_2214,classical,discovery,300.0,features/chroma/300s/classical/discovery/classical_musicnet_2214__300s.npz,31ca43aa6781c946e0cf688fc95bc17cf1eff2c16a2f8304192f086b6e52ffcf,features/pitch_v2/300s/classical/discovery/classical_musicnet_2214__300s.npz,ed653593c3125e41df2f514a082375ee713e116a04afd8d883132efc2ab8b148,172e7094b7a170b50058cc2cfb72f89054f951dc2bf8506ae0e3381d3977a7c8,226,190,36,14,0.22444218397140503,success,2026-08-04,
classical_musicnet_2215__180s,classical_musicnet_2215,classical,discovery,180.0,features/chroma/180s/classical/discovery/classical_musicnet_2215__180s.npz,8b1fcf92418243ef46b09239bf40751039074d56e25f68a31a92e4a8967d23f4,features/pitch_v2/180s/classical/discovery/classical_musicnet_2215__180s.npz,fb001baf13b2de95c186068b31c7e8f59fee172bb79d9ac207f500e12111e887,172e7094b7a170b50058cc2cfb72f89054f951dc2bf8506ae0e3381d3977a7c8,190,144,46,14,0.21446110308170319,success,2026-08-04,
classical_musicnet_2215__300s,classical_musicnet_2215,classical,discovery,300.0,features/chroma/300s/classical/discovery/classical_musicnet_2215__300s.npz,8b1fcf92418243ef46b09239bf40751039074d56e25f68a31a92e4a8967d23f4,features/pitch_v2/300s/classical/discovery/classical_musicnet_2215__300s.npz,fb001baf13b2de95c186068b31c7e8f59fee172bb79d9ac207f500e12111e887,172e7094b7a170b50058cc2cfb72f89054f951dc2bf8506ae0e3381d3977a7c8,190,144,46,14,0.21446110308170319,success,2026-08-04,
classical_musicnet_2217__180s,classical_musicnet_2217,classical,discovery,180.0,features/chroma/180s/classical/discovery/classical_musicnet_2217__180s.npz,b7b5b06c0eb37ea5de1c0f20fa4ce591d2de7bc17f01b1d7e5319caff3120726,features/pitch_v2/180s/classical/discovery/classical_musicnet_2217__180s.npz,2bcefd050f4f70c0d47432decb7a17443c60f01a3434c8d16debd991c1dc0697,172e7094b7a170b50058cc2cfb72f89054f951dc2bf8506ae0e3381d3977a7c8,369,279,90,13,0.1904231756925583,success,2026-08-04,
classical_musicnet_2217__300s,classical_musicnet_2217,classical,discovery,300.0,features/chroma/300s/classical/discovery/classical_musicnet_2217__300s.npz,b38f024d2fe8b939c1eb9914ea97031bf506cf284f8e75611549bff2c06b299e,features/pitch_v2/300s/classical/discovery/classical_musicnet_2217__300s.npz,d6e7d9b826fc7fa448a52a3c59f0f14c5629a5084923d2c7cf187d8cd04af5bd,172e7094b7a170b50058cc2cfb72f89054f951dc2bf8506ae0e3381d3977a7c8,387,284,103,13,0.19081933796405792,success,2026-08-04,
classical_musicnet_2218__180s,classical_musicnet_2218,classical,discovery,180.0,features/chroma/180s/classical/discovery/classical_musicnet_2218__180s.npz,9cb077276b0eab7fd184e399305224682ccd962d80feb8b0222226a19a648490,features/pitch_v2/180s/classical/discovery/classical_musicnet_2218__180s.npz,da028b891ed94633815383e938870405f0370ec41126f459df8144e8868224a4,172e7094b7a170b50058cc2cfb72f89054f951dc2bf8506ae0e3381d3977a7c8,363,267,96,12,0.1936711072921753,success,2026-08-04,
classical_musicnet_2218__300s,classical_musicnet_2218,classical,discovery,300.0,features/chroma/300s/classical/discovery/classical_musicnet_2218__300s.npz,dcd7a61101673644879dd695a0a21a76cb4627366a497f89e261f2427ef97821,features/pitch_v2/300s/classical/discovery/classical_musicnet_2218__300s.npz,544a1f596f19333a9d8fe3f95f6aefda6250ed5676b1a8256a7540b7a648a686,172e7094b7a170b50058cc2cfb72f89054f951dc2bf8506ae0e3381d3977a7c8,399,284,115,12,0.1938888430595398,success,2026-08-04,
classical_musicnet_2219__180s,classical_musicnet_2219,classical,discovery,180.0,features/chroma/180s/classical/discovery/classical_musicnet_2219__180s.npz,d50b89da34d4eeec2f624188466ef48590925f051ffbf18eac36d670c322faa0,features/pitch_v2/180s/classical/discovery/classical_musicnet_2219__180s.npz,0dbcfd13d3d0c26dc84dc4949b5bb314553190787baf1d55bee7db1dc6eaf6e0,172e7094b7a170b50058cc2cfb72f89054f951dc2bf8506ae0e3381d3977a7c8,373,294,79,14,0.19806769490242004,success,2026-08-04,
classical_musicnet_2219__300s,classical_musicnet_2219,classical,discovery,300.0,features/chroma/300s/classical/discovery/classical_musicnet_2219__300s.npz,466bd6d54c253b3d558e69642fbfc95a4b472de7f32eefdbefa684907df470ea,features/pitch_v2/300s/classical/discovery/classical_musicnet_2219__300s.npz,04db199caf5c7dcf63500fc0a7773d930752b9338eb0b2a719bc49e2fd3809a1,172e7094b7a170b50058cc2cfb72f89054f951dc2bf8506ae0e3381d3977a7c8,535,424,111,15,0.19757935404777527,success,2026-08-04,
classical_musicnet_2220__180s,classical_musicnet_2220,classical,discovery,180.0,features/chroma/180s/classical/discovery/classical_musicnet_2220__180s.npz,836a6e4944eca7893500ea3af9ddd3c97c345b9d11fb1a7a564848716dc5b015,features/pitch_v2/180s/classical/discovery/classical_musicnet_2220__180s.npz,898debed93292b306835da5756f6d754e8d474206b091c548278ef38025339ab,172e7094b7a170b50058cc2cfb72f89054f951dc2bf8506ae0e3381d3977a7c8,396,343,53,16,0.19731104373931885,success,2026-08-04,
classical_musicnet_2220__300s,classical_musicnet_2220,classical,discovery,300.0,features/chroma/300s/classical/discovery/classical_musicnet_2220__300s.npz,75717bc91729840ed8d37f5b4c3b9ab7177a914631d3b592eba02a594f9c7312,features/pitch_v2/300s/classical/discovery/classical_musicnet_2220__300s.npz,4b9da40e8f72fe9d0e7a84990543390affea204388af35012a8e110c8a86a0e1,172e7094b7a170b50058cc2cfb72f89054f951dc2bf8506ae0e3381d3977a7c8,628,528,100,16,0.19901755452156067,success,2026-08-04,
classical_musicnet_2221__180s,classical_musicnet_2221,classical,discovery,180.0,features/chroma/180s/classical/discovery/classical_musicnet_2221__180s.npz,0a2a0146031d09230f050c108537d139b66d72bcf61058076be27d64f65b1c13,features/pitch_v2/180s/classical/discovery/classical_musicnet_2221__180s.npz,432f55554ff4db508872a219d2635c178b186fb4c75773a100a332f8b1f80bcd,172e7094b7a170b50058cc2cfb72f89054f951dc2bf8506ae0e3381d3977a7c8,412,331,81,15,0.19851012527942657,success,2026-08-04,
classical_musicnet_2221__300s,classical_musicnet_2221,classical,discovery,300.0,features/chroma/300s/classical/discovery/classical_musicnet_2221__300s.npz,8676ab3407a6932252218d40cbe76ae39f5e4845c559d919d5e2315c72b0bcdf,features/pitch_v2/300s/classical/discovery/classical_musicnet_2221__300s.npz,261e52c755d16ed390f51abca0a8014bb520438948286b2383ed19fd53664e0b,172e7094b7a170b50058cc2cfb72f89054f951dc2bf8506ae0e3381d3977a7c8,543,430,113,15,0.19735682010650635,success,2026-08-04,
classical_musicnet_2222__180s,classical_musicnet_2222,classical,discovery,180.0,features/chroma/180s/classical/discovery/classical_musicnet_2222__180s.npz,fe3e0464f68381de7a5977d0e5b5d3cbcb31bb223b8efb037ae89dd0133f9c0b,features/pitch_v2/180s/classical/discovery/classical_musicnet_2222__180s.npz,ebfd405587b22108afd15c3df0c98e5c09b6eb9ae5231e529b175fcb8f055f7b,172e7094b7a170b50058cc2cfb72f89054f951dc2bf8506ae0e3381d3977a7c8,301,223,78,14,0.18447521328926086,success,2026-08-04,
classical_musicnet_2222__300s,classical_musicnet_2222,classical,discovery,300.0,features/chroma/300s/classical/discovery/classical_musicnet_2222__300s.npz,36a9b345ac14a2b24d49d1cc47e634f7ece4dfdab51d7d3d0e20581b892faa4d,features/pitch_v2/300s/classical/discovery/classical_musicnet_2222__300s.npz,ab70afa1759ef980016540c2fdbce9cd5276f261567a31ad5696c1181d56ae9e,172e7094b7a170b50058cc2cfb72f89054f951dc2bf8506ae0e3381d3977a7c8,338,251,87,15,0.18486568331718445,success,2026-08-04,
classical_musicnet_2224__180s,classical_musicnet_2224,classical,discovery,180.0,features/chroma/180s/classical/discovery/classical_musicnet_2224__180s.npz,e23e6099f32b5e9c9b1d2dd22579bead50b1823c8630651efac00edb504f19f2,features/pitch_v2/180s/classical/discovery/classical_musicnet_2224__180s.npz,3e6a7453094e2c1a2aedc8d4565e01c6d60260b835e2f4dff02c84d1bbb9e5fe,172e7094b7a170b50058cc2cfb72f89054f951dc2bf8506ae0e3381d3977a7c8,289,223,66,14,0.253947913646698,success,2026-08-04,
classical_musicnet_2224__300s,classical_musicnet_2224,classical,discovery,300.0,features/chroma/300s/classical/discovery/classical_musicnet_2224__300s.npz,e23e6099f32b5e9c9b1d2dd22579bead50b1823c8630651efac00edb504f19f2,features/pitch_v2/300s/classical/discovery/classical_musicnet_2224__300s.npz,3e6a7453094e2c1a2aedc8d4565e01c6d60260b835e2f4dff02c84d1bbb9e5fe,172e7094b7a170b50058cc2cfb72f89054f951dc2bf8506ae0e3381d3977a7c8,289,223,66,14,0.253947913646698,success,2026-08-04,
classical_musicnet_2225__180s,classical_musicnet_2225,classical,discovery,180.0,features/chroma/180s/classical/discovery/classical_musicnet_2225__180s.npz,83a726c2831ac1a4cf4cc2dcd6b8bcd7733147e6bf6205a92f8667362ea45812,features/pitch_v2/180s/classical/discovery/classical_musicnet_2225__180s.npz,0dc91d407e2e5f41712d0c786a8bd10e56bf1293394677ba0fb99fa0438fcf4e,172e7094b7a170b50058cc2cfb72f89054f951dc2bf8506ae0e3381d3977a7c8,510,411,99,16,0.23172561824321747,success,2026-08-04,
classical_musicnet_2225__300s,classical_musicnet_2225,classical,discovery,300.0,features/chroma/300s/classical/discovery/classical_musicnet_2225__300s.npz,a1ed8208cb0e629ccb68ffe5a8d2b3409f2d16a78e77a43d7e894a684873c231,features/pitch_v2/300s/classical/discovery/classical_musicnet_2225__300s.npz,00d1ea107c5c86b4b2872325f62509eef487fe05b7388fcc99b554771939d285,172e7094b7a170b50058cc2cfb72f89054f951dc2bf8506ae0e3381d3977a7c8,557,456,101,16,0.23884129524230957,success,2026-08-04,
classical_musicnet_2227__180s,classical_musicnet_2227,classical,discovery,180.0,features/chroma/180s/classical/discovery/classical_musicnet_2227__180s.npz,dff8eda2fcbd271bfe4310dcd1783297ac6f1fb98db900e33de44ba7af59a010,features/pitch_v2/180s/classical/discovery/classical_musicnet_2227__180s.npz,5dd2288e8d9f1986ccbdc36c8f6382353961063b110e8ef64591979f864e10e6,172e7094b7a170b50058cc2cfb72f89054f951dc2bf8506ae0e3381d3977a7c8,251,191,60,15,0.2228447049856186,success,2026-08-04,
classical_musicnet_2227__300s,classical_musicnet_2227,classical,discovery,300.0,features/chroma/300s/classical/discovery/classical_musicnet_2227__300s.npz,dff8eda2fcbd271bfe4310dcd1783297ac6f1fb98db900e33de44ba7af59a010,features/pitch_v2/300s/classical/discovery/classical_musicnet_2227__300s.npz,5dd2288e8d9f1986ccbdc36c8f6382353961063b110e8ef64591979f864e10e6,172e7094b7a170b50058cc2cfb72f89054f951dc2bf8506ae0e3381d3977a7c8,251,191,60,15,0.2228447049856186,success,2026-08-04,
classical_musicnet_2228__180s,classical_musicnet_2228,classical,discovery,180.0,features/chroma/180s/classical/discovery/classical_musicnet_2228__180s.npz,ea3ff90087d73b04c68ca1785fe8281e20efa774cc4025c4a6ddcb46b08eb2fd,features/pitch_v2/180s/classical/discovery/classical_musicnet_2228__180s.npz,63fd4b9dcfdd9ca3b9bef5f50c80dcbc1989a4086c6ff6914fc8db4dd1268c75,172e7094b7a170b50058cc2cfb72f89054f951dc2bf8506ae0e3381d3977a7c8,204,166,38,15,0.2362487018108368,success,2026-08-04,
classical_musicnet_2228__300s,classical_musicnet_2228,classical,discovery,300.0,features/chroma/300s/classical/discovery/classical_musicnet_2228__300s.npz,ea3ff90087d73b04c68ca1785fe8281e20efa774cc4025c4a6ddcb46b08eb2fd,features/pitch_v2/300s/classical/discovery/classical_musicnet_2228__300s.npz,63fd4b9dcfdd9ca3b9bef5f50c80dcbc1989a4086c6ff6914fc8db4dd1268c75,172e7094b7a170b50058cc2cfb72f89054f951dc2bf8506ae0e3381d3977a7c8,204,166,38,15,0.2362487018108368,success,2026-08-04,
classical_musicnet_2229__180s,classical_musicnet_2229,classical,discovery,180.0,features/chroma/180s/classical/discovery/classical_musicnet_2229__180s.npz,47180c0b3576a24bbce14991e7a7c801b87384b771b213f64fd270421be61e24,features/pitch_v2/180s/classical/discovery/classical_musicnet_2229__180s.npz,5d6d6e6747032ccbe2d0c4a87f566d17fd99a0d3b21552559061369fa2b1036c,172e7094b7a170b50058cc2cfb72f89054f951dc2bf8506ae0e3381d3977a7c8,539,422,117,16,0.21642114222049713,success,2026-08-04,
classical_musicnet_2229__300s,classical_musicnet_2229,classical,discovery,300.0,features/chroma/300s/classical/discovery/classical_musicnet_2229__300s.npz,9534c3795efd919f1ad0df77c2618baed29e51b5b4112d2ad1e20407161364b0,features/pitch_v2/300s/classical/discovery/classical_musicnet_2229__300s.npz,0bfa1a087573518e1c8eaffcebfd2fdf0d66cc76878780e34b2168ae7f842c63,172e7094b7a170b50058cc2cfb72f89054f951dc2bf8506ae0e3381d3977a7c8,682,539,143,16,0.21705564856529236,success,2026-08-04,
classical_musicnet_2230__180s,classical_musicnet_2230,classical,discovery,180.0,features/chroma/180s/classical/discovery/classical_musicnet_2230__180s.npz,1615c3164eff3ce4915dcc0bb11058d7d3a41282d26d5959d75076b35d191672,features/pitch_v2/180s/classical/discovery/classical_musicnet_2230__180s.npz,25a9c7d8f5106ae3d625372caec337c51003f0801aa864a73990ccb8c20a3a05,172e7094b7a170b50058cc2cfb72f89054f951dc2bf8506ae0e3381d3977a7c8,123,85,38,15,0.22833086550235748,success,2026-08-04,
classical_musicnet_2230__300s,classical_musicnet_2230,classical,discovery,300.0,features/chroma/300s/classical/discovery/classical_musicnet_2230__300s.npz,1615c3164eff3ce4915dcc0bb11058d7d3a41282d26d5959d75076b35d191672,features/pitch_v2/300s/classical/discovery/classical_musicnet_2230__300s.npz,25a9c7d8f5106ae3d625372caec337c51003f0801aa864a73990ccb8c20a3a05,172e7094b7a170b50058cc2cfb72f89054f951dc2bf8506ae0e3381d3977a7c8,123,85,38,15,0.22833086550235748,success,2026-08-04,
classical_musicnet_2231__180s,classical_musicnet_2231,classical,discovery,180.0,features/chroma/180s/classical/discovery/classical_musicnet_2231__180s.npz,3e50fb4d3f71e66f10b418f3184082e2176fa48aa2e4b6a2dbeff88fe525a5d4,features/pitch_v2/180s/classical/discovery/classical_musicnet_2231__180s.npz,bf064007ea3b34827ba1c4a520bda16259cd98f2040afc330063679bfeef59c0,172e7094b7a170b50058cc2cfb72f89054f951dc2bf8506ae0e3381d3977a7c8,269,194,75,14,0.23773300647735596,success,2026-08-04,
classical_musicnet_2231__300s,classical_musicnet_2231,classical,discovery,300.0,features/chroma/300s/classical/discovery/classical_musicnet_2231__300s.npz,3e50fb4d3f71e66f10b418f3184082e2176fa48aa2e4b6a2dbeff88fe525a5d4,features/pitch_v2/300s/classical/discovery/classical_musicnet_2231__300s.npz,bf064007ea3b34827ba1c4a520bda16259cd98f2040afc330063679bfeef59c0,172e7094b7a170b50058cc2cfb72f89054f951dc2bf8506ae0e3381d3977a7c8,269,194,75,14,0.23773300647735596,success,2026-08-04,
classical_musicnet_2232__180s,classical_musicnet_2232,classical,discovery,180.0,features/chroma/180s/classical/discovery/classical_musicnet_2232__180s.npz,e3f3e55153f9fba5d563bf2e8ddab5eb91d3864c6cdd99f75a13b22cebfb7ad2,features/pitch_v2/180s/classical/discovery/classical_musicnet_2232__180s.npz,eca177f55b8c987a20393fd3791337c0f7cef083a071d450785d40dcf16da3ba,172e7094b7a170b50058cc2cfb72f89054f951dc2bf8506ae0e3381d3977a7c8,163,124,39,14,0.2218523919582367,success,2026-08-04,
classical_musicnet_2232__300s,classical_musicnet_2232,classical,discovery,300.0,features/chroma/300s/classical/discovery/classical_musicnet_2232__300s.npz,e3f3e55153f9fba5d563bf2e8ddab5eb91d3864c6cdd99f75a13b22cebfb7ad2,features/pitch_v2/300s/classical/discovery/classical_musicnet_2232__300s.npz,eca177f55b8c987a20393fd3791337c0f7cef083a071d450785d40dcf16da3ba,172e7094b7a170b50058cc2cfb72f89054f951dc2bf8506ae0e3381d3977a7c8,163,124,39,14,0.2218523919582367,success,2026-08-04,
classical_musicnet_2234__180s,classical_musicnet_2234,classical,discovery,180.0,features/chroma/180s/classical/discovery/classical_musicnet_2234__180s.npz,35f03c857855eb005f252c317d99840a04651b0220c75aba1ca4a2ac83667f5e,features/pitch_v2/180s/classical/discovery/classical_musicnet_2234__180s.npz,98d9f73cd963ceadef10b1fa8051d78b55d9d045c329f7effba4cf0d5f9d0976,172e7094b7a170b50058cc2cfb72f89054f951dc2bf8506ae0e3381d3977a7c8,107,80,27,13,0.2280426025390625,success,2026-08-04,
classical_musicnet_2234__300s,classical_musicnet_2234,classical,discovery,300.0,features/chroma/300s/classical/discovery/classical_musicnet_2234__300s.npz,35f03c857855eb005f252c317d99840a04651b0220c75aba1ca4a2ac83667f5e,features/pitch_v2/300s/classical/discovery/classical_musicnet_2234__300s.npz,98d9f73cd963ceadef10b1fa8051d78b55d9d045c329f7effba4cf0d5f9d0976,172e7094b7a170b50058cc2cfb72f89054f951dc2bf8506ae0e3381d3977a7c8,107,80,27,13,0.2280426025390625,success,2026-08-04,
classical_musicnet_2237__180s,classical_musicnet_2237,classical,discovery,180.0,features/chroma/180s/classical/discovery/classical_musicnet_2237__180s.npz,a40b1db7b5cb0bd3ead6b3cbacc81eb6abbadfb4d1200c3341e628922ec99ed8,features/pitch_v2/180s/classical/discovery/classical_musicnet_2237__180s.npz,8e96f8373052a21e6d1fd1859b6ae3de80f1aedfc30eeaa5e6ae5d18a4c52daa,172e7094b7a170b50058cc2cfb72f89054f951dc2bf8506ae0e3381d3977a7c8,258,205,53,13,0.251505583524704,success,2026-08-04,
classical_musicnet_2237__300s,classical_musicnet_2237,classical,discovery,300.0,features/chroma/300s/classical/discovery/classical_musicnet_2237__300s.npz,a40b1db7b5cb0bd3ead6b3cbacc81eb6abbadfb4d1200c3341e628922ec99ed8,features/pitch_v2/300s/classical/discovery/classical_musicnet_2237__300s.npz,8e96f8373052a21e6d1fd1859b6ae3de80f1aedfc30eeaa5e6ae5d18a4c52daa,172e7094b7a170b50058cc2cfb72f89054f951dc2bf8506ae0e3381d3977a7c8,258,205,53,13,0.251505583524704,success,2026-08-04,
classical_musicnet_2238__180s,classical_musicnet_2238,classical,discovery,180.0,features/chroma/180s/classical/discovery/classical_musicnet_2238__180s.npz,4693886d967caf5111c04e14e45f7f9e4d03a911e8e8028264137c799c189b7b,features/pitch_v2/180s/classical/discovery/classical_musicnet_2238__180s.npz,2e287ea35daa539acefd55bde3a5be7d9d23eada9ec348a8e836d44b4fb8adfc,172e7094b7a170b50058cc2cfb72f89054f951dc2bf8506ae0e3381d3977a7c8,117,87,30,14,0.24696467816829681,success,2026-08-04,
classical_musicnet_2238__300s,classical_musicnet_2238,classical,discovery,300.0,features/chroma/300s/classical/discovery/classical_musicnet_2238__300s.npz,4693886d967caf5111c04e14e45f7f9e4d03a911e8e8028264137c799c189b7b,features/pitch_v2/300s/classical/discovery/classical_musicnet_2238__300s.npz,2e287ea35daa539acefd55bde3a5be7d9d23eada9ec348a8e836d44b4fb8adfc,172e7094b7a170b50058cc2cfb72f89054f951dc2bf8506ae0e3381d3977a7c8,117,87,30,14,0.24696467816829681,success,2026-08-04,
classical_musicnet_2239__180s,classical_musicnet_2239,classical,discovery,180.0,features/chroma/180s/classical/discovery/classical_musicnet_2239__180s.npz,f164e13be4e535127f0fc2dceebe88fcc0dd910718028180c54a3d13931b67df,features/pitch_v2/180s/classical/discovery/classical_musicnet_2239__180s.npz,c6615cdf4d7cf473e98c1770650aad15c9cd39b094713b2a7163bf40d4b37498,172e7094b7a170b50058cc2cfb72f89054f951dc2bf8506ae0e3381d3977a7c8,274,204,70,14,0.24130752682685852,success,2026-08-04,
classical_musicnet_2239__300s,classical_musicnet_2239,classical,discovery,300.0,features/chroma/300s/classical/discovery/classical_musicnet_2239__300s.npz,f164e13be4e535127f0fc2dceebe88fcc0dd910718028180c54a3d13931b67df,features/pitch_v2/300s/classical/discovery/classical_musicnet_2239__300s.npz,c6615cdf4d7cf473e98c1770650aad15c9cd39b094713b2a7163bf40d4b37498,172e7094b7a170b50058cc2cfb72f89054f951dc2bf8506ae0e3381d3977a7c8,274,204,70,14,0.24130752682685852,success,2026-08-04,
classical_musicnet_2240__180s,classical_musicnet_2240,classical,discovery,180.0,features/chroma/180s/classical/discovery/classical_musicnet_2240__180s.npz,28e6da7102905c0ec68d2d6662a8708474214d1d3bc583a60228b06b4c9949ae,features/pitch_v2/180s/classical/discovery/classical_musicnet_2240__180s.npz,5fb7435857febc8d8624c7cd9671b2471aca7a091c8db72f050951edf1684712,172e7094b7a170b50058cc2cfb72f89054f951dc2bf8506ae0e3381d3977a7c8,131,108,23,9,0.24592366814613342,success,2026-08-04,
classical_musicnet_2240__300s,classical_musicnet_2240,classical,discovery,300.0,features/chroma/300s/classical/discovery/classical_musicnet_2240__300s.npz,28e6da7102905c0ec68d2d6662a8708474214d1d3bc583a60228b06b4c9949ae,features/pitch_v2/300s/classical/discovery/classical_musicnet_2240__300s.npz,5fb7435857febc8d8624c7cd9671b2471aca7a091c8db72f050951edf1684712,172e7094b7a170b50058cc2cfb72f89054f951dc2bf8506ae0e3381d3977a7c8,131,108,23,9,0.24592366814613342,success,2026-08-04,
classical_musicnet_2241__180s,classical_musicnet_2241,classical,discovery,180.0,features/chroma/180s/classical/discovery/classical_musicnet_2241__180s.npz,f3f47b278ed9c9477ca83bb3d08a3797eb1beb0c2ac9e64be5855aa45ba00c4c,features/pitch_v2/180s/classical/discovery/classical_musicnet_2241__180s.npz,f942b62d2af65b569e3d37dcbf356eef7d4c1e39a4275bcde04bde32b8df3f9f,172e7094b7a170b50058cc2cfb72f89054f951dc2bf8506ae0e3381d3977a7c8,376,307,69,16,0.2545028328895569,success,2026-08-04,
classical_musicnet_2241__300s,classical_musicnet_2241,classical,discovery,300.0,features/chroma/300s/classical/discovery/classical_musicnet_2241__300s.npz,5888393fc357d268a6fafc046f82ab76185a79278f7466d416cbb138fee3fd04,features/pitch_v2/300s/classical/discovery/classical_musicnet_2241__300s.npz,dbabbed12f8ee65a36e4558932abedc314062637eabeca3ed6d4e08e5edab690,172e7094b7a170b50058cc2cfb72f89054f951dc2bf8506ae0e3381d3977a7c8,488,387,101,16,0.25502097606658936,success,2026-08-04,
classical_musicnet_2242__180s,classical_musicnet_2242,classical,discovery,180.0,features/chroma/180s/classical/discovery/classical_musicnet_2242__180s.npz,a938f93ee7be174de73e037d7232b9628a53ea509c65842e3bcce0d10e06fe35,features/pitch_v2/180s/classical/discovery/classical_musicnet_2242__180s.npz,da5ea4c5086360dba7983b2575c5a97f4c4aeab2fa3453fb8deb888769654c39,172e7094b7a170b50058cc2cfb72f89054f951dc2bf8506ae0e3381d3977a7c8,398,307,91,16,0.2475610375404358,success,2026-08-04,
classical_musicnet_2242__300s,classical_musicnet_2242,classical,discovery,300.0,features/chroma/300s/classical/discovery/classical_musicnet_2242__300s.npz,1f52590b73c8b07fc2ab51089f88cc030567ede98b1935d073ffeeac285428e3,features/pitch_v2/300s/classical/discovery/classical_musicnet_2242__300s.npz,8f266a68f4839f455799608f6c324147254ee98aee8469a19c93dfe010d16b99,172e7094b7a170b50058cc2cfb72f89054f951dc2bf8506ae0e3381d3977a7c8,660,499,161,16,0.2454436868429184,success,2026-08-04,
classical_musicnet_2243__180s,classical_musicnet_2243,classical,discovery,180.0,features/chroma/180s/classical/discovery/classical_musicnet_2243__180s.npz,ed7b4d4c0bea901224a45b710a87d31675e15443aa69dd06a3ec2d6f42b2424f,features/pitch_v2/180s/classical/discovery/classical_musicnet_2243__180s.npz,c87c01e4adba80a70ce70169b5085eff79d168f8d4f86c6eea7aafcbaa524c6b,172e7094b7a170b50058cc2cfb72f89054f951dc2bf8506ae0e3381d3977a7c8,396,309,87,13,0.2574942409992218,success,2026-08-04,
classical_musicnet_2243__300s,classical_musicnet_2243,classical,discovery,300.0,features/chroma/300s/classical/discovery/classical_musicnet_2243__300s.npz,da9a72b85213d80078e91ec56bc53418a47c0f92358ba5d69eb79da1132d9d94,features/pitch_v2/300s/classical/discovery/classical_musicnet_2243__300s.npz,52ab6b889edb037781ba89628c58c211d15d04b453ab9d9e2fc9cf71165b927b,172e7094b7a170b50058cc2cfb72f89054f951dc2bf8506ae0e3381d3977a7c8,415,319,96,13,0.25578171014785767,success,2026-08-04,
classical_musicnet_2244__180s,classical_musicnet_2244,classical,discovery,180.0,features/chroma/180s/classical/discovery/classical_musicnet_2244__180s.npz,3c1cc9bc2aee1715ae1f0df2b8fad7ebfcf796b56eb977d4b2ffa7e22f075c8c,features/pitch_v2/180s/classical/discovery/classical_musicnet_2244__180s.npz,3327577134cf8cb739a6ae1c84045c8fffe01767541c8d19f044d0c304a1841a,172e7094b7a170b50058cc2cfb72f89054f951dc2bf8506ae0e3381d3977a7c8,375,274,101,14,0.23603150248527527,success,2026-08-04,
classical_musicnet_2244__300s,classical_musicnet_2244,classical,discovery,300.0,features/chroma/300s/classical/discovery/classical_musicnet_2244__300s.npz,75a3cbedd962ebb83f274876f9916117d7cfc93d47a0bc60a6e6ed444c62a85f,features/pitch_v2/300s/classical/discovery/classical_musicnet_2244__300s.npz,933bd3062ab65bbe429848576664db1927a1a71ff749f60e7ea9d487e27d4b5e,172e7094b7a170b50058cc2cfb72f89054f951dc2bf8506ae0e3381d3977a7c8,440,323,117,14,0.23390382528305054,success,2026-08-04,
classical_musicnet_2247__180s,classical_musicnet_2247,classical,discovery,180.0,features/chroma/180s/classical/discovery/classical_musicnet_2247__180s.npz,1daada24686d353d5aacdb5fbaa7c056114d049c1635a303e538ff883037dd1b,features/pitch_v2/180s/classical/discovery/classical_musicnet_2247__180s.npz,9302ea9f3fddbe390c14559340f82a60883c3e0acb9abd2de2e179e54c92eec4,172e7094b7a170b50058cc2cfb72f89054f951dc2bf8506ae0e3381d3977a7c8,223,165,58,11,0.2390921413898468,success,2026-08-04,
classical_musicnet_2247__300s,classical_musicnet_2247,classical,discovery,300.0,features/chroma/300s/classical/discovery/classical_musicnet_2247__300s.npz,1daada24686d353d5aacdb5fbaa7c056114d049c1635a303e538ff883037dd1b,features/pitch_v2/300s/classical/discovery/classical_musicnet_2247__300s.npz,9302ea9f3fddbe390c14559340f82a60883c3e0acb9abd2de2e179e54c92eec4,172e7094b7a170b50058cc2cfb72f89054f951dc2bf8506ae0e3381d3977a7c8,223,165,58,11,0.2390921413898468,success,2026-08-04,
classical_musicnet_2248__180s,classical_musicnet_2248,classical,discovery,180.0,features/chroma/180s/classical/discovery/classical_musicnet_2248__180s.npz,d6aba862c5134a875c0b9cdd308d83ff33155adfbe7d4bf7a2c5ea16194682d4,features/pitch_v2/180s/classical/discovery/classical_musicnet_2248__180s.npz,d071bc932112237ad54f19c419a08e7e9225248e6af227edb4e6c635ff763aa4,172e7094b7a170b50058cc2cfb72f89054f951dc2bf8506ae0e3381d3977a7c8,274,240,34,16,0.22943249344825745,success,2026-08-04,
classical_musicnet_2248__300s,classical_musicnet_2248,classical,discovery,300.0,features/chroma/300s/classical/discovery/classical_musicnet_2248__300s.npz,d6aba862c5134a875c0b9cdd308d83ff33155adfbe7d4bf7a2c5ea16194682d4,features/pitch_v2/300s/classical/discovery/classical_musicnet_2248__300s.npz,d071bc932112237ad54f19c419a08e7e9225248e6af227edb4e6c635ff763aa4,172e7094b7a170b50058cc2cfb72f89054f951dc2bf8506ae0e3381d3977a7c8,274,240,34,16,0.22943249344825745,success,2026-08-04,
classical_musicnet_2282__180s,classical_musicnet_2282,classical,discovery,180.0,features/chroma/180s/classical/discovery/classical_musicnet_2282__180s.npz,cbb9f60c0a8f344801d9a7ef8fa879d089626a6ba5cb96f1f77944d854cd894c,features/pitch_v2/180s/classical/discovery/classical_musicnet_2282__180s.npz,c7be4bec0253768391b04a9335989d25ac9c0dc23a8f9016d679f02474d0e4f1,172e7094b7a170b50058cc2cfb72f89054f951dc2bf8506ae0e3381d3977a7c8,289,237,52,16,0.2613771855831146,success,2026-08-04,
classical_musicnet_2282__300s,classical_musicnet_2282,classical,discovery,300.0,features/chroma/300s/classical/discovery/classical_musicnet_2282__300s.npz,f0f5523c91e8100ab086f959f4983767de59f734707ae4bbe6c46c4fcc835e2f,features/pitch_v2/300s/classical/discovery/classical_musicnet_2282__300s.npz,6586341038999470c576f6530dafb01a70f4ddadedd29a4c1518107cd8284881,172e7094b7a170b50058cc2cfb72f89054f951dc2bf8506ae0e3381d3977a7c8,490,400,90,16,0.25616884231567383,success,2026-08-04,
classical_musicnet_2283__180s,classical_musicnet_2283,classical,discovery,180.0,features/chroma/180s/classical/discovery/classical_musicnet_2283__180s.npz,b73d8456ae1527cbb74941b3174b558bbbd9adb7e4456b4a681122c2619d1552,features/pitch_v2/180s/classical/discovery/classical_musicnet_2283__180s.npz,ead258ab1d55661ef0c11ced610eb5195460b8444de6ac29fb0904d984181cba,172e7094b7a170b50058cc2cfb72f89054f951dc2bf8506ae0e3381d3977a7c8,385,306,79,16,0.22433003783226013,success,2026-08-04,
classical_musicnet_2283__300s,classical_musicnet_2283,classical,discovery,300.0,features/chroma/300s/classical/discovery/classical_musicnet_2283__300s.npz,f188e152fbbb1e3edec43a14a3b33cdb25e48577b01c7ed0678e523c9aaf7fc0,features/pitch_v2/300s/classical/discovery/classical_musicnet_2283__300s.npz,c12ba7cf5721625177f7e0b609faa72ff9e4a4d802e83e3208a691a5ce329346,172e7094b7a170b50058cc2cfb72f89054f951dc2bf8506ae0e3381d3977a7c8,401,319,82,16,0.2200658619403839,success,2026-08-04,
classical_musicnet_2284__180s,classical_musicnet_2284,classical,discovery,180.0,features/chroma/180s/classical/discovery/classical_musicnet_2284__180s.npz,bcd880d7b2989acc0a0976ebb61e01adea33978473ce84164cf69fd4356357e8,features/pitch_v2/180s/classical/discovery/classical_musicnet_2284__180s.npz,784ba955a41395947b2d041679ce4633d83757fc1620be5d271e25ebbabcd4b5,172e7094b7a170b50058cc2cfb72f89054f951dc2bf8506ae0e3381d3977a7c8,402,347,55,15,0.23727703094482422,success,2026-08-04,
classical_musicnet_2284__300s,classical_musicnet_2284,classical,discovery,300.0,features/chroma/300s/classical/discovery/classical_musicnet_2284__300s.npz,c48c94cfa19d1d9d4633714df238da90efc9f857f27893aeaa17dac954146256,features/pitch_v2/300s/classical/discovery/classical_musicnet_2284__300s.npz,298eea486beba84b0d9c1b3e83ce801637f05d5fea3a7f81ba5985987c248127,172e7094b7a170b50058cc2cfb72f89054f951dc2bf8506ae0e3381d3977a7c8,499,423,76,15,0.2409847378730774,success,2026-08-04,
classical_musicnet_2285__180s,classical_musicnet_2285,classical,discovery,180.0,features/chroma/180s/classical/discovery/classical_musicnet_2285__180s.npz,82adef46bf947c6d9fb6b6f1ab8da366c1a2cf20a1bb38039a083778d5e7d139,features/pitch_v2/180s/classical/discovery/classical_musicnet_2285__180s.npz,299755f20cbe9c828a81abf560f9a147049f644014b5006bb7d80aa2ec2d335a,172e7094b7a170b50058cc2cfb72f89054f951dc2bf8506ae0e3381d3977a7c8,328,253,75,14,0.22060275077819824,success,2026-08-04,
classical_musicnet_2285__300s,classical_musicnet_2285,classical,discovery,300.0,features/chroma/300s/classical/discovery/classical_musicnet_2285__300s.npz,1c909b69ec4e9eaa5c17fc96629a07c3bb891e1761b846a2621922a2dcedc073,features/pitch_v2/300s/classical/discovery/classical_musicnet_2285__300s.npz,fb145e6deff0185295ced606ddf886d13f9b252f749c2005aab16ff3134244bb,172e7094b7a170b50058cc2cfb72f89054f951dc2bf8506ae0e3381d3977a7c8,387,298,89,14,0.22175967693328857,success,2026-08-04,
classical_musicnet_2288__180s,classical_musicnet_2288,classical,discovery,180.0,features/chroma/180s/classical/discovery/classical_musicnet_2288__180s.npz,e2ee9ce430bd185a2b65261321d0c42a6742f23bbebf8b4b543634483d5ee619,features/pitch_v2/180s/classical/discovery/classical_musicnet_2288__180s.npz,ac2d5b371f268422318a9f9cc06e49b313220b1be84e5c67d169cb6480c6faa8,172e7094b7a170b50058cc2cfb72f89054f951dc2bf8506ae0e3381d3977a7c8,411,308,103,16,0.26079946756362915,success,2026-08-04,
classical_musicnet_2288__300s,classical_musicnet_2288,classical,discovery,300.0,features/chroma/300s/classical/discovery/classical_musicnet_2288__300s.npz,f392f71f7b395fe811f2f49dc0a53aa1e7f1aac77da59abdd4da370e74d61daf,features/pitch_v2/300s/classical/discovery/classical_musicnet_2288__300s.npz,0ffedab41d5e869f9acdbf3bdc39363134722dd498cb7140df6d1be8b9a10ab2,172e7094b7a170b50058cc2cfb72f89054f951dc2bf8506ae0e3381d3977a7c8,422,316,106,16,0.2599130868911743,success,2026-08-04,
classical_musicnet_2289__180s,classical_musicnet_2289,classical,discovery,180.0,features/chroma/180s/classical/discovery/classical_musicnet_2289__180s.npz,468f248caadd41442e746dd2437ca0a7795f3929470a74f8bf65698a257f8ae5,features/pitch_v2/180s/classical/discovery/classical_musicnet_2289__180s.npz,4089ec525548feb91102c918fc5ceed2668514692851a1ef7a36eb6826b451b0,172e7094b7a170b50058cc2cfb72f89054f951dc2bf8506ae0e3381d3977a7c8,455,352,103,16,0.25994187593460083,success,2026-08-04,
classical_musicnet_2289__300s,classical_musicnet_2289,classical,discovery,300.0,features/chroma/300s/classical/discovery/classical_musicnet_2289__300s.npz,c49949628c3c86c77708fbf704f0dbc721e6f218efd7f25ee6fcb4f2f42ae21c,features/pitch_v2/300s/classical/discovery/classical_musicnet_2289__300s.npz,ce05f5e31d1be8dd8b966a809ba2f8a446de313d23abb7eb50c730ea3455d9e6,172e7094b7a170b50058cc2cfb72f89054f951dc2bf8506ae0e3381d3977a7c8,506,387,119,16,0.2605670988559723,success,2026-08-04,
classical_musicnet_2292__180s,classical_musicnet_2292,classical,discovery,180.0,features/chroma/180s/classical/discovery/classical_musicnet_2292__180s.npz,a60bfaaba83fea6ea412f939b509af831f69abdb8dcb7aab0f12d59d7ec7474b,features/pitch_v2/180s/classical/discovery/classical_musicnet_2292__180s.npz,ec9d4efefaeb92be71ce5a4a8196d15a99366ae8ecc857cef4fa1966b508d941,172e7094b7a170b50058cc2cfb72f89054f951dc2bf8506ae0e3381d3977a7c8,189,150,39,14,0.24043093621730804,success,2026-08-04,
classical_musicnet_2292__300s,classical_musicnet_2292,classical,discovery,300.0,features/chroma/300s/classical/discovery/classical_musicnet_2292__300s.npz,a60bfaaba83fea6ea412f939b509af831f69abdb8dcb7aab0f12d59d7ec7474b,features/pitch_v2/300s/classical/discovery/classical_musicnet_2292__300s.npz,ec9d4efefaeb92be71ce5a4a8196d15a99366ae8ecc857cef4fa1966b508d941,172e7094b7a170b50058cc2cfb72f89054f951dc2bf8506ae0e3381d3977a7c8,189,150,39,14,0.24043093621730804,success,2026-08-04,
classical_musicnet_2293__180s,classical_musicnet_2293,classical,discovery,180.0,features/chroma/180s/classical/discovery/classical_musicnet_2293__180s.npz,2f0d8098ee91ad0939a6d2ffba916c54c8534ebab6ec095a0093829da42a4ce5,features/pitch_v2/180s/classical/discovery/classical_musicnet_2293__180s.npz,aa608c151ffc74049a13d1cc408a0ab6a59d2fd76990a72458e70507290952ad,172e7094b7a170b50058cc2cfb72f89054f951dc2bf8506ae0e3381d3977a7c8,373,291,82,15,0.2118859887123108,success,2026-08-04,
classical_musicnet_2293__300s,classical_musicnet_2293,classical,discovery,300.0,features/chroma/300s/classical/discovery/classical_musicnet_2293__300s.npz,95094ac97930436bc1d00a519387bc4d53f58ee285d1ea93747a75806db6173c,features/pitch_v2/300s/classical/discovery/classical_musicnet_2293__300s.npz,44be9a35adb7c4537401533b62c305721191be5af599ad19c2633939bde363c1,172e7094b7a170b50058cc2cfb72f89054f951dc2bf8506ae0e3381d3977a7c8,660,520,140,16,0.2098522186279297,success,2026-08-04,
classical_musicnet_2294__180s,classical_musicnet_2294,classical,discovery,180.0,features/chroma/180s/classical/discovery/classical_musicnet_2294__180s.npz,ddead51791f7d4273f25263327830c684973b04c4c03d9911c148729c86cc418,features/pitch_v2/180s/classical/discovery/classical_musicnet_2294__180s.npz,3987a9b09cbf5ae6dbc04a1c78d28e7d40140d4aeb4f001fdb9f632d661d6572,172e7094b7a170b50058cc2cfb72f89054f951dc2bf8506ae0e3381d3977a7c8,374,260,114,15,0.20722512900829315,success,2026-08-04,
classical_musicnet_2294__300s,classical_musicnet_2294,classical,discovery,300.0,features/chroma/300s/classical/discovery/classical_musicnet_2294__300s.npz,229dd083c92281aac13781c123f7d607e5400aaeac47a6c0dfdc60eef476f5b7,features/pitch_v2/300s/classical/discovery/classical_musicnet_2294__300s.npz,97dec6c28574a444ff27972df68407af452d039638e8f4f2e4696f8b464b7076,172e7094b7a170b50058cc2cfb72f89054f951dc2bf8506ae0e3381d3977a7c8,465,321,144,14,0.20123222470283508,success,2026-08-04,
classical_musicnet_2295__180s,classical_musicnet_2295,classical,discovery,180.0,features/chroma/180s/classical/discovery/classical_musicnet_2295__180s.npz,8aa78192b0f8cbed0f210fa5cc1e141010b3793a848131d7fc539dd3b257ede5,features/pitch_v2/180s/classical/discovery/classical_musicnet_2295__180s.npz,2059507b243ba6f3e5a4477dbf9dc933208aa996a2ebd340b4f7436cbb72184e,172e7094b7a170b50058cc2cfb72f89054f951dc2bf8506ae0e3381d3977a7c8,397,307,90,15,0.2164279818534851,success,2026-08-04,
classical_musicnet_2295__300s,classical_musicnet_2295,classical,discovery,300.0,features/chroma/300s/classical/discovery/classical_musicnet_2295__300s.npz,c29455c5657b58a47d30b5eadca8a4e17983f24275c44648eaaa8300af01b48c,features/pitch_v2/300s/classical/discovery/classical_musicnet_2295__300s.npz,aec5a739b8868c0e941260c34eac484a9706a3b990c6cac60c2ff59d62e62cec,172e7094b7a170b50058cc2cfb72f89054f951dc2bf8506ae0e3381d3977a7c8,592,442,150,14,0.21335017681121826,success,2026-08-04,
classical_musicnet_2296__180s,classical_musicnet_2296,classical,discovery,180.0,features/chroma/180s/classical/discovery/classical_musicnet_2296__180s.npz,404ef18549c2a843fb88433f5e813d3cc83875ac3a11f99e1ff2ea988c94d384,features/pitch_v2/180s/classical/discovery/classical_musicnet_2296__180s.npz,c422a3009247f06cb5f2ecc2ae910a792a6c7b70071475dc063ec78b62d8c354,172e7094b7a170b50058cc2cfb72f89054f951dc2bf8506ae0e3381d3977a7c8,375,319,56,16,0.2232842594385147,success,2026-08-04,
classical_musicnet_2296__300s,classical_musicnet_2296,classical,discovery,300.0,features/chroma/300s/classical/discovery/classical_musicnet_2296__300s.npz,8e0a0ff0e0f83cfa1a5731801c943fd1eb8373c33cc7676e1ec8b927981ea132,features/pitch_v2/300s/classical/discovery/classical_musicnet_2296__300s.npz,5e49a72a4b3df1bf297b62987fc848a18a3ec058121c37c2dce752e46efed603,172e7094b7a170b50058cc2cfb72f89054f951dc2bf8506ae0e3381d3977a7c8,591,500,91,16,0.22374442219734192,success,2026-08-04,
classical_musicnet_2297__180s,classical_musicnet_2297,classical,discovery,180.0,features/chroma/180s/classical/discovery/classical_musicnet_2297__180s.npz,09f1a5493b8a14d548ead33a7e01e1874d06279bca96442952505ac73ef11227,features/pitch_v2/180s/classical/discovery/classical_musicnet_2297__180s.npz,0ae6b65985d0b6f7a45c44a849a66dbb7517603eb6a7a53b2a1b4d449a691f0c,172e7094b7a170b50058cc2cfb72f89054f951dc2bf8506ae0e3381d3977a7c8,368,238,130,12,0.21321076154708862,success,2026-08-04,
classical_musicnet_2297__300s,classical_musicnet_2297,classical,discovery,300.0,features/chroma/300s/classical/discovery/classical_musicnet_2297__300s.npz,23b411e040271aadcd7c280dd81c854d18573174b8032ee3cf174ffc0510046a,features/pitch_v2/300s/classical/discovery/classical_musicnet_2297__300s.npz,9a944791490907dff04707972a50e06448ace89ff7b43cb05bbf98a2c21a54d4,172e7094b7a170b50058cc2cfb72f89054f951dc2bf8506ae0e3381d3977a7c8,618,414,204,13,0.21718823909759521,success,2026-08-04,
classical_musicnet_2298__180s,classical_musicnet_2298,classical,discovery,180.0,features/chroma/180s/classical/discovery/classical_musicnet_2298__180s.npz,93864153df69f772b00037b59e5598e8f51ded859bf7edd13b551bb4c79c5303,features/pitch_v2/180s/classical/discovery/classical_musicnet_2298__180s.npz,f6158ee3c463b89be93091b51df91a69f67cfe43f534a93c153fe44e2e8b1806,172e7094b7a170b50058cc2cfb72f89054f951dc2bf8506ae0e3381d3977a7c8,346,206,140,12,0.19321352243423462,success,2026-08-04,
classical_musicnet_2298__300s,classical_musicnet_2298,classical,discovery,300.0,features/chroma/300s/classical/discovery/classical_musicnet_2298__300s.npz,93864153df69f772b00037b59e5598e8f51ded859bf7edd13b551bb4c79c5303,features/pitch_v2/300s/classical/discovery/classical_musicnet_2298__300s.npz,f6158ee3c463b89be93091b51df91a69f67cfe43f534a93c153fe44e2e8b1806,172e7094b7a170b50058cc2cfb72f89054f951dc2bf8506ae0e3381d3977a7c8,346,206,140,12,0.19321352243423462,success,2026-08-04,
classical_musicnet_2300__180s,classical_musicnet_2300,classical,discovery,180.0,features/chroma/180s/classical/discovery/classical_musicnet_2300__180s.npz,6b12d2640d05ee7ace9bbad2c8f10d37696fd6eb3539c03057e7841122d26b3e,features/pitch_v2/180s/classical/discovery/classical_musicnet_2300__180s.npz,f24ab558a7dc247afa4933471eb9ed8b665a8c380c8d90a71e8c3a6224f60199,172e7094b7a170b50058cc2cfb72f89054f951dc2bf8506ae0e3381d3977a7c8,408,351,57,16,0.24920324981212616,success,2026-08-04,
classical_musicnet_2300__300s,classical_musicnet_2300,classical,discovery,300.0,features/chroma/300s/classical/discovery/classical_musicnet_2300__300s.npz,33dd9bb96f3513b51f6b78943ac3e90ae1d882f6f15028fdadca2368b34a41b4,features/pitch_v2/300s/classical/discovery/classical_musicnet_2300__300s.npz,f7beda8744fbbee8d5a6f2caac19605c316cbfcdbc439f7d7389322dafd57e08,172e7094b7a170b50058cc2cfb72f89054f951dc2bf8506ae0e3381d3977a7c8,506,439,67,16,0.2544959783554077,success,2026-08-04,
classical_musicnet_2302__180s,classical_musicnet_2302,classical,discovery,180.0,features/chroma/180s/classical/discovery/classical_musicnet_2302__180s.npz,05bd781a4c1505c27f5214bd12ee876abe8a49510f5e7a67c8259f50e5539620,features/pitch_v2/180s/classical/discovery/classical_musicnet_2302__180s.npz,58cac6dbb79eaebac00fca8216bcaca42cc2bdcda6b81c56aa509ca72bdaca58,172e7094b7a170b50058cc2cfb72f89054f951dc2bf8506ae0e3381d3977a7c8,204,172,32,13,0.21617625653743744,success,2026-08-04,
classical_musicnet_2302__300s,classical_musicnet_2302,classical,discovery,300.0,features/chroma/300s/classical/discovery/classical_musicnet_2302__300s.npz,05bd781a4c1505c27f5214bd12ee876abe8a49510f5e7a67c8259f50e5539620,features/pitch_v2/300s/classical/discovery/classical_musicnet_2302__300s.npz,58cac6dbb79eaebac00fca8216bcaca42cc2bdcda6b81c56aa509ca72bdaca58,172e7094b7a170b50058cc2cfb72f89054f951dc2bf8506ae0e3381d3977a7c8,204,172,32,13,0.21617625653743744,success,2026-08-04,
classical_musicnet_2303__180s,classical_musicnet_2303,classical,discovery,180.0,features/chroma/180s/classical/discovery/classical_musicnet_2303__180s.npz,287e263fa61d13a96435d6cec35548fae92ffddffba7d4d7565ed6e6f5734a99,features/pitch_v2/180s/classical/discovery/classical_musicnet_2303__180s.npz,9118b92801efdea50793ae001e7b863ffe1609dbca1639f1a762f459bbf4e7bd,172e7094b7a170b50058cc2cfb72f89054f951dc2bf8506ae0e3381d3977a7c8,150,91,59,12,0.21402530372142792,success,2026-08-04,
classical_musicnet_2303__300s,classical_musicnet_2303,classical,discovery,300.0,features/chroma/300s/classical/discovery/classical_musicnet_2303__300s.npz,287e263fa61d13a96435d6cec35548fae92ffddffba7d4d7565ed6e6f5734a99,features/pitch_v2/300s/classical/discovery/classical_musicnet_2303__300s.npz,9118b92801efdea50793ae001e7b863ffe1609dbca1639f1a762f459bbf4e7bd,172e7094b7a170b50058cc2cfb72f89054f951dc2bf8506ae0e3381d3977a7c8,150,91,59,12,0.21402530372142792,success,2026-08-04,
classical_musicnet_2304__180s,classical_musicnet_2304,classical,discovery,180.0,features/chroma/180s/classical/discovery/classical_musicnet_2304__180s.npz,f3ac28046f5dc8ad4d1065d500ce772fc26cc33b620ae22df8beb2d7e07eacd2,features/pitch_v2/180s/classical/discovery/classical_musicnet_2304__180s.npz,f1ad58b7e7a6b2f3ecf25f51a29b4282d2d85b3d95445540f41f0898f1036767,172e7094b7a170b50058cc2cfb72f89054f951dc2bf8506ae0e3381d3977a7c8,463,417,46,16,0.2285938262939453,success,2026-08-04,
classical_musicnet_2304__300s,classical_musicnet_2304,classical,discovery,300.0,features/chroma/300s/classical/discovery/classical_musicnet_2304__300s.npz,dffca14c89218ff510a03aaca4fe46398844de951fb2e3a0db99d5fe15139a37,features/pitch_v2/300s/classical/discovery/classical_musicnet_2304__300s.npz,9c3988b12af66efbccd010d5b5f5f603958a7d53a998d6ae79e370e3076a0bd3,172e7094b7a170b50058cc2cfb72f89054f951dc2bf8506ae0e3381d3977a7c8,433,388,45,16,0.23052871227264404,success,2026-08-04,
classical_musicnet_2305__180s,classical_musicnet_2305,classical,discovery,180.0,features/chroma/180s/classical/discovery/classical_musicnet_2305__180s.npz,c45ff116154095f43af9ddd31dc0942496a6158144a49a5b30f373e4c97e27bd,features/pitch_v2/180s/classical/discovery/classical_musicnet_2305__180s.npz,40a3687e17db69901c42bd3362ae48bc45f498a5fae0f5579c09ec1e2e7d128e,172e7094b7a170b50058cc2cfb72f89054f951dc2bf8506ae0e3381d3977a7c8,94,74,20,10,0.22415149211883545,success,2026-08-04,
classical_musicnet_2305__300s,classical_musicnet_2305,classical,discovery,300.0,features/chroma/300s/classical/discovery/classical_musicnet_2305__300s.npz,c45ff116154095f43af9ddd31dc0942496a6158144a49a5b30f373e4c97e27bd,features/pitch_v2/300s/classical/discovery/classical_musicnet_2305__300s.npz,40a3687e17db69901c42bd3362ae48bc45f498a5fae0f5579c09ec1e2e7d128e,172e7094b7a170b50058cc2cfb72f89054f951dc2bf8506ae0e3381d3977a7c8,94,74,20,10,0.22415149211883545,success,2026-08-04,
classical_musicnet_2307__180s,classical_musicnet_2307,classical,discovery,180.0,features/chroma/180s/classical/discovery/classical_musicnet_2307__180s.npz,04ee91ee4067ab7d0e246aad29139be0413d12187bf53e8488cf544d45673d23,features/pitch_v2/180s/classical/discovery/classical_musicnet_2307__180s.npz,365e24a3bfedc46e168f9593daf7906b04e43c76106096228b5cfe3da9f5b361,172e7094b7a170b50058cc2cfb72f89054f951dc2bf8506ae0e3381d3977a7c8,297,250,47,16,0.24074172973632812,success,2026-08-04,
classical_musicnet_2307__300s,classical_musicnet_2307,classical,discovery,300.0,features/chroma/300s/classical/discovery/classical_musicnet_2307__300s.npz,04ee91ee4067ab7d0e246aad29139be0413d12187bf53e8488cf544d45673d23,features/pitch_v2/300s/classical/discovery/classical_musicnet_2307__300s.npz,365e24a3bfedc46e168f9593daf7906b04e43c76106096228b5cfe3da9f5b361,172e7094b7a170b50058cc2cfb72f89054f951dc2bf8506ae0e3381d3977a7c8,297,250,47,16,0.24074172973632812,success,2026-08-04,
classical_musicnet_2308__180s,classical_musicnet_2308,classical,discovery,180.0,features/chroma/180s/classical/discovery/classical_musicnet_2308__180s.npz,a57a235f42ad00b110e178c1bb1155c0e300418cc56cf5612ce9648380c55f04,features/pitch_v2/180s/classical/discovery/classical_musicnet_2308__180s.npz,fa2337d598da2858277a0b3b6fc22405777cd31d32b2d6407dcb1731c096a71f,172e7094b7a170b50058cc2cfb72f89054f951dc2bf8506ae0e3381d3977a7c8,160,126,34,15,0.2532218098640442,success,2026-08-04,
classical_musicnet_2308__300s,classical_musicnet_2308,classical,discovery,300.0,features/chroma/300s/classical/discovery/classical_musicnet_2308__300s.npz,a57a235f42ad00b110e178c1bb1155c0e300418cc56cf5612ce9648380c55f04,features/pitch_v2/300s/classical/discovery/classical_musicnet_2308__300s.npz,fa2337d598da2858277a0b3b6fc22405777cd31d32b2d6407dcb1731c096a71f,172e7094b7a170b50058cc2cfb72f89054f951dc2bf8506ae0e3381d3977a7c8,160,126,34,15,0.2532218098640442,success,2026-08-04,
classical_musicnet_2310__180s,classical_musicnet_2310,classical,discovery,180.0,features/chroma/180s/classical/discovery/classical_musicnet_2310__180s.npz,82d06d012c9f474ac61dfd88c8fcee4bf388fc564e748e510d115e58710d1455,features/pitch_v2/180s/classical/discovery/classical_musicnet_2310__180s.npz,92425bb897fa897192f49315ef773ac3b5ea6832d9cbcd6953f845901eb51018,172e7094b7a170b50058cc2cfb72f89054f951dc2bf8506ae0e3381d3977a7c8,145,111,34,15,0.22666117548942566,success,2026-08-04,
classical_musicnet_2310__300s,classical_musicnet_2310,classical,discovery,300.0,features/chroma/300s/classical/discovery/classical_musicnet_2310__300s.npz,82d06d012c9f474ac61dfd88c8fcee4bf388fc564e748e510d115e58710d1455,features/pitch_v2/300s/classical/discovery/classical_musicnet_2310__300s.npz,92425bb897fa897192f49315ef773ac3b5ea6832d9cbcd6953f845901eb51018,172e7094b7a170b50058cc2cfb72f89054f951dc2bf8506ae0e3381d3977a7c8,145,111,34,15,0.22666117548942566,success,2026-08-04,
classical_musicnet_2313__180s,classical_musicnet_2313,classical,discovery,180.0,features/chroma/180s/classical/discovery/classical_musicnet_2313__180s.npz,c9fbe04f8a666c55bac625b224a2c7883a87bc62c6b9e24342ce6ac9116275ca,features/pitch_v2/180s/classical/discovery/classical_musicnet_2313__180s.npz,f6406bf87c414c53e1ee4970887247ec09f9de131829e5372a7b2ace64a7b0a0,172e7094b7a170b50058cc2cfb72f89054f951dc2bf8506ae0e3381d3977a7c8,375,310,65,16,0.21409732103347778,success,2026-08-04,
classical_musicnet_2313__300s,classical_musicnet_2313,classical,discovery,300.0,features/chroma/300s/classical/discovery/classical_musicnet_2313__300s.npz,ceb873493c1da019924613ee6825c653e8e4b027cd37b5d1cfc2298e0e14dc5b,features/pitch_v2/300s/classical/discovery/classical_musicnet_2313__300s.npz,db25ce0dd8bbc277e4a501e213716274ca816d87a47926543d4ae6d8109c78fe,172e7094b7a170b50058cc2cfb72f89054f951dc2bf8506ae0e3381d3977a7c8,603,489,114,16,0.20952743291854858,success,2026-08-04,
classical_musicnet_2314__180s,classical_musicnet_2314,classical,discovery,180.0,features/chroma/180s/classical/discovery/classical_musicnet_2314__180s.npz,898afccd1cea951a8c615985be0638d568ff3b6225fec6747657992019cd3f55,features/pitch_v2/180s/classical/discovery/classical_musicnet_2314__180s.npz,06bb9609a4fcd4b52b1a676e69f5a1652e85f51f7ffbafe016c93b8eb936cd71,172e7094b7a170b50058cc2cfb72f89054f951dc2bf8506ae0e3381d3977a7c8,459,344,115,15,0.2396678328514099,success,2026-08-04,
classical_musicnet_2314__300s,classical_musicnet_2314,classical,discovery,300.0,features/chroma/300s/classical/discovery/classical_musicnet_2314__300s.npz,bd09cf58da8bf94bfd4930678f3309ca24ceb08730d94907a974ae916004c19e,features/pitch_v2/300s/classical/discovery/classical_musicnet_2314__300s.npz,744e5de6441455c7ce0a5b7b0d0076adbf0fb1f53a44bc24e138c5fe6817321f,172e7094b7a170b50058cc2cfb72f89054f951dc2bf8506ae0e3381d3977a7c8,736,578,158,16,0.2263689637184143,success,2026-08-04,
classical_musicnet_2315__180s,classical_musicnet_2315,classical,discovery,180.0,features/chroma/180s/classical/discovery/classical_musicnet_2315__180s.npz,05f01fd3840b07cdfec9b544b71bb3dc7c597e9954a5ce210ba9b47b8efab6fb,features/pitch_v2/180s/classical/discovery/classical_musicnet_2315__180s.npz,2c50f6430e959bd42d1d5fda4c72456e9d5708a2ba064a8827914af38c064fd4,172e7094b7a170b50058cc2cfb72f89054f951dc2bf8506ae0e3381d3977a7c8,370,307,63,14,0.220953106880188,success,2026-08-04,
classical_musicnet_2315__300s,classical_musicnet_2315,classical,discovery,300.0,features/chroma/300s/classical/discovery/classical_musicnet_2315__300s.npz,ebe688ffecd33c0d903c46bccb434454c8a42ac12e56ed0427f50a322e736706,features/pitch_v2/300s/classical/discovery/classical_musicnet_2315__300s.npz,c0c1e5fd805aa1f581dd1129e1dd219b48c092a322fd45411ea59d36ff3ba370,172e7094b7a170b50058cc2cfb72f89054f951dc2bf8506ae0e3381d3977a7c8,593,477,116,15,0.2236568182706833,success,2026-08-04,
classical_musicnet_2325__180s,classical_musicnet_2325,classical,discovery,180.0,features/chroma/180s/classical/discovery/classical_musicnet_2325__180s.npz,852f933e69f2a562b2145d0c3968158505b75c9ac9072799f10ed7848525c9a1,features/pitch_v2/180s/classical/discovery/classical_musicnet_2325__180s.npz,446d72f138a8099a9fc7b71816d1334651aa4a8f11c59187c63814bb6a4156b1,172e7094b7a170b50058cc2cfb72f89054f951dc2bf8506ae0e3381d3977a7c8,397,320,77,16,0.25323614478111267,success,2026-08-04,
classical_musicnet_2325__300s,classical_musicnet_2325,classical,discovery,300.0,features/chroma/300s/classical/discovery/classical_musicnet_2325__300s.npz,c50cbc1eb25bd558283662a0010259270d8bf21e6c26e7d7af439096575d45a0,features/pitch_v2/300s/classical/discovery/classical_musicnet_2325__300s.npz,0ac9b4bc716f75f2b8e8a086e502b11c330282fa17cd083efc54de1ba434d504,172e7094b7a170b50058cc2cfb72f89054f951dc2bf8506ae0e3381d3977a7c8,648,533,115,16,0.25042498111724854,success,2026-08-04,
classical_musicnet_2335__180s,classical_musicnet_2335,classical,discovery,180.0,features/chroma/180s/classical/discovery/classical_musicnet_2335__180s.npz,2381993dcf8a7a1b9fddf1725e3cb7fad6b86288a9b82b2830223c827d4d0b4d,features/pitch_v2/180s/classical/discovery/classical_musicnet_2335__180s.npz,d405b7cf4d3738e04519d7966dd48164da4f76e7205260ef7d49431b81f4afa5,172e7094b7a170b50058cc2cfb72f89054f951dc2bf8506ae0e3381d3977a7c8,378,332,46,14,0.2739967107772827,success,2026-08-04,
classical_musicnet_2335__300s,classical_musicnet_2335,classical,discovery,300.0,features/chroma/300s/classical/discovery/classical_musicnet_2335__300s.npz,77e2ae588bebd3644e23bd9946de88f6cde5473043fe6bbb2c4efcc920b08208,features/pitch_v2/300s/classical/discovery/classical_musicnet_2335__300s.npz,77748124e3d7d7263ee4fbfdd12a5a06bb53655259944240f299c0b0e7b11cd8,172e7094b7a170b50058cc2cfb72f89054f951dc2bf8506ae0e3381d3977a7c8,624,555,69,14,0.2699621915817261,success,2026-08-04,
classical_musicnet_2336__180s,classical_musicnet_2336,classical,discovery,180.0,features/chroma/180s/classical/discovery/classical_musicnet_2336__180s.npz,e14b070ee0ab1a585514fc85a001d0cfc221f80d2b0941d443954cb05a144a3e,features/pitch_v2/180s/classical/discovery/classical_musicnet_2336__180s.npz,f3ef0a8a5d091079b3e74e901141361e31340e618c30171b167fdd2d11e97685,172e7094b7a170b50058cc2cfb72f89054f951dc2bf8506ae0e3381d3977a7c8,424,350,74,15,0.21505877375602722,success,2026-08-04,
classical_musicnet_2336__300s,classical_musicnet_2336,classical,discovery,300.0,features/chroma/300s/classical/discovery/classical_musicnet_2336__300s.npz,d3b59b8fa1e3550fa323fb2edb1297ad7965cf42bd4728eb0579e3a57f7e5448,features/pitch_v2/300s/classical/discovery/classical_musicnet_2336__300s.npz,6fb30b953c2864f3d29597174e28f5d7028eb84c786858eaa5ef3217ca0a3971,172e7094b7a170b50058cc2cfb72f89054f951dc2bf8506ae0e3381d3977a7c8,455,374,81,15,0.2142556607723236,success,2026-08-04,
classical_musicnet_2341__180s,classical_musicnet_2341,classical,discovery,180.0,features/chroma/180s/classical/discovery/classical_musicnet_2341__180s.npz,442f2ad30e5de1d4601c55e5172a7c86a25c224c38856565e9d640beb782e4d6,features/pitch_v2/180s/classical/discovery/classical_musicnet_2341__180s.npz,390a9d7fc0687e0c6e7cc119295f01a937f7e489a91c0975988ba8c21c3f1703,172e7094b7a170b50058cc2cfb72f89054f951dc2bf8506ae0e3381d3977a7c8,375,314,61,15,0.26254063844680786,success,2026-08-04,
classical_musicnet_2341__300s,classical_musicnet_2341,classical,discovery,300.0,features/chroma/300s/classical/discovery/classical_musicnet_2341__300s.npz,988bf7c385915dc7717dfaa5521f6b166b8e7eaad026bbdabec492d7f159d61b,features/pitch_v2/300s/classical/discovery/classical_musicnet_2341__300s.npz,269482c13d01aa76013d25b9dffe5464c134494a576833992fd2db8887d4b272,172e7094b7a170b50058cc2cfb72f89054f951dc2bf8506ae0e3381d3977a7c8,625,532,93,16,0.24841922521591187,success,2026-08-04,
classical_musicnet_2345__180s,classical_musicnet_2345,classical,discovery,180.0,features/chroma/180s/classical/discovery/classical_musicnet_2345__180s.npz,c4ebdee3b4f06ef81ea640d95b30ac3865fe4514d5b5f7db708eb75f86cc1a59,features/pitch_v2/180s/classical/discovery/classical_musicnet_2345__180s.npz,208e92eb0272be3bcf3d7853da2ba0561205a7bf87e97c18b76f4bb32032f018,172e7094b7a170b50058cc2cfb72f89054f951dc2bf8506ae0e3381d3977a7c8,480,404,76,16,0.23936110734939575,success,2026-08-04,
classical_musicnet_2345__300s,classical_musicnet_2345,classical,discovery,300.0,features/chroma/300s/classical/discovery/classical_musicnet_2345__300s.npz,423aecc62b3743fa4fdbfee17963d2315bf1b9cf0bfb6f84cd39ecec2b9fcd8a,features/pitch_v2/300s/classical/discovery/classical_musicnet_2345__300s.npz,2407ca71b44e7a4aaf15fe35db63374d2381fd4844094e95ba79eae361018135,172e7094b7a170b50058cc2cfb72f89054f951dc2bf8506ae0e3381d3977a7c8,808,670,138,16,0.23796212673187256,success,2026-08-04,
classical_musicnet_2350__180s,classical_musicnet_2350,classical,discovery,180.0,features/chroma/180s/classical/discovery/classical_musicnet_2350__180s.npz,e437bf8465cff8bf001eaf7ce1016376839cb7b4525970853d62b3b258141c6c,features/pitch_v2/180s/classical/discovery/classical_musicnet_2350__180s.npz,dba823ffd60808d970fc297a3dfad3553c600cdb3da8fd3b352bd281e42694a5,172e7094b7a170b50058cc2cfb72f89054f951dc2bf8506ae0e3381d3977a7c8,299,237,62,16,0.2677478790283203,success,2026-08-04,
classical_musicnet_2350__300s,classical_musicnet_2350,classical,discovery,300.0,features/chroma/300s/classical/discovery/classical_musicnet_2350__300s.npz,cf69d97974e59836cce6b148d3b9d752a75251deb1bda15d2d8e7353d9943555,features/pitch_v2/300s/classical/discovery/classical_musicnet_2350__300s.npz,dcd9c8912c0ac006108805b4dfeadfa52b59ff4231687531a2971ef8f0e9b7ab,172e7094b7a170b50058cc2cfb72f89054f951dc2bf8506ae0e3381d3977a7c8,449,354,95,15,0.2621663808822632,success,2026-08-04,
classical_musicnet_2359__180s,classical_musicnet_2359,classical,discovery,180.0,features/chroma/180s/classical/discovery/classical_musicnet_2359__180s.npz,d86912e0aadbb24e08c381f3925417758f21de795d56ba059ee90205b6465f33,features/pitch_v2/180s/classical/discovery/classical_musicnet_2359__180s.npz,58c490fce90662fca3613f168484e90a972daf128d87bc7fdc197b591442ead8,172e7094b7a170b50058cc2cfb72f89054f951dc2bf8506ae0e3381d3977a7c8,393,293,100,16,0.22241684794425964,success,2026-08-04,
classical_musicnet_2359__300s,classical_musicnet_2359,classical,discovery,300.0,features/chroma/300s/classical/discovery/classical_musicnet_2359__300s.npz,6d8884ad18bc232cd807ebf0bf1c9a0569b892ee24be9c06e83a39192c9624a0,features/pitch_v2/300s/classical/discovery/classical_musicnet_2359__300s.npz,46c59a8a07a601d3d6f7ae13d0ef406159ce2770f270ceafec85f7535ce22eb4,172e7094b7a170b50058cc2cfb72f89054f951dc2bf8506ae0e3381d3977a7c8,629,476,153,16,0.22179849445819855,success,2026-08-04,
classical_musicnet_2364__180s,classical_musicnet_2364,classical,discovery,180.0,features/chroma/180s/classical/discovery/classical_musicnet_2364__180s.npz,5159aa45fd5f5efe9377b0a218df5ec7fabb600b997822a37dd4c8be61cfbdd8,features/pitch_v2/180s/classical/discovery/classical_musicnet_2364__180s.npz,2b89120d4699b7937547cd60b413f49abac73837c7b0c4eae2f129ebba8d603b,172e7094b7a170b50058cc2cfb72f89054f951dc2bf8506ae0e3381d3977a7c8,396,286,110,15,0.23468102514743805,success,2026-08-04,
classical_musicnet_2364__300s,classical_musicnet_2364,classical,discovery,300.0,features/chroma/300s/classical/discovery/classical_musicnet_2364__300s.npz,f4099db5822bd21a58b7b5dd44726992c1e8c8634e6105fac1b06f606f486994,features/pitch_v2/300s/classical/discovery/classical_musicnet_2364__300s.npz,cad8edf365f18da0e5c996d245d19f398d3d5128633e2b6beafa508b2d55055f,172e7094b7a170b50058cc2cfb72f89054f951dc2bf8506ae0e3381d3977a7c8,655,491,164,16,0.22612424194812775,success,2026-08-04,
classical_musicnet_2371__180s,classical_musicnet_2371,classical,discovery,180.0,features/chroma/180s/classical/discovery/classical_musicnet_2371__180s.npz,74611e9587397721fb422475d46f8f92546288aed80879e4f68b016ac5aa4223,features/pitch_v2/180s/classical/discovery/classical_musicnet_2371__180s.npz,9408fcf539377548b19281844ac1b21267dd4d7e58d19890c354d705fc9d9dc6,172e7094b7a170b50058cc2cfb72f89054f951dc2bf8506ae0e3381d3977a7c8,311,248,63,14,0.24027416110038757,success,2026-08-04,
classical_musicnet_2371__300s,classical_musicnet_2371,classical,discovery,300.0,features/chroma/300s/classical/discovery/classical_musicnet_2371__300s.npz,bdfb59d3784048a8060c1403595aa373a133e52319aa1cedcb1286c0ed6673eb,features/pitch_v2/300s/classical/discovery/classical_musicnet_2371__300s.npz,3ef86e7ffec15d62770459d20979faf167a0c69011bb2c65a2784a863dc0e232,172e7094b7a170b50058cc2cfb72f89054f951dc2bf8506ae0e3381d3977a7c8,332,262,70,14,0.24339759349822998,success,2026-08-04,
classical_musicnet_2372__180s,classical_musicnet_2372,classical,discovery,180.0,features/chroma/180s/classical/discovery/classical_musicnet_2372__180s.npz,a38e2c6336c1532c9eec8925741cc7133cd5cd8433d16660f19154ca82463a4c,features/pitch_v2/180s/classical/discovery/classical_musicnet_2372__180s.npz,e5c775f0eb4caa30206019c32384ac485e1145dde450b1156b9a1fa5a7b0cbdd,172e7094b7a170b50058cc2cfb72f89054f951dc2bf8506ae0e3381d3977a7c8,432,373,59,16,0.21359026432037354,success,2026-08-04,
classical_musicnet_2372__300s,classical_musicnet_2372,classical,discovery,300.0,features/chroma/300s/classical/discovery/classical_musicnet_2372__300s.npz,cfd9986e578832a52cd07b44d95ccb480241bcfd33fee4cf7880b0f8db92eecb,features/pitch_v2/300s/classical/discovery/classical_musicnet_2372__300s.npz,d3991a2665d6bb4b8091370bee94c4de64c5aa030663fb40e1f93ae9306a1f12,172e7094b7a170b50058cc2cfb72f89054f951dc2bf8506ae0e3381d3977a7c8,556,495,61,16,0.20902608335018158,success,2026-08-04,
classical_musicnet_2374__180s,classical_musicnet_2374,classical,discovery,180.0,features/chroma/180s/classical/discovery/classical_musicnet_2374__180s.npz,8c85cf68d6fa03140496fccefb6ae820e9f8e4a67977df3f4e1b597ca7d2403f,features/pitch_v2/180s/classical/discovery/classical_musicnet_2374__180s.npz,11f853183738450479dddc190f45c348eed393550777588f449f9105afa12180,172e7094b7a170b50058cc2cfb72f89054f951dc2bf8506ae0e3381d3977a7c8,453,367,86,16,0.24821707606315613,success,2026-08-04,
classical_musicnet_2374__300s,classical_musicnet_2374,classical,discovery,300.0,features/chroma/300s/classical/discovery/classical_musicnet_2374__300s.npz,b9bf763eacda2dc93c93ce630ffa7c8d4821e5959ce75379aa5c2efe327e114e,features/pitch_v2/300s/classical/discovery/classical_musicnet_2374__300s.npz,72b82cf6666e3fa07fae03e150f90d919a2398746104b8844b613851112ecd99,172e7094b7a170b50058cc2cfb72f89054f951dc2bf8506ae0e3381d3977a7c8,526,423,103,16,0.24350634217262268,success,2026-08-04,
classical_musicnet_2381__180s,classical_musicnet_2381,classical,discovery,180.0,features/chroma/180s/classical/discovery/classical_musicnet_2381__180s.npz,284baf2bc36cada12725133c87132796a6a61a1982c3dc7b885215e43a06ca24,features/pitch_v2/180s/classical/discovery/classical_musicnet_2381__180s.npz,a9c1b9b2380a2dd22e21c64a6f5ed262eb305e0bb9ec2b52282da22b71b48092,172e7094b7a170b50058cc2cfb72f89054f951dc2bf8506ae0e3381d3977a7c8,405,259,146,16,0.23432773351669312,success,2026-08-04,
classical_musicnet_2381__300s,classical_musicnet_2381,classical,discovery,300.0,features/chroma/300s/classical/discovery/classical_musicnet_2381__300s.npz,8212d4ca30a6bafbb19e5cf8b78b13727b2270e25057706ab14b24e936cb0855,features/pitch_v2/300s/classical/discovery/classical_musicnet_2381__300s.npz,60a6db60393aa9d93df468cce6521ea5dafd60c9afb0bbed79e8329fd3b36c87,172e7094b7a170b50058cc2cfb72f89054f951dc2bf8506ae0e3381d3977a7c8,660,444,216,16,0.22800472378730774,success,2026-08-04,
classical_musicnet_2382__180s,classical_musicnet_2382,classical,discovery,180.0,features/chroma/180s/classical/discovery/classical_musicnet_2382__180s.npz,36fa29f8ae160533fbf5041479c1c5b95e7be50af538837d0615c6d23ee304c5,features/pitch_v2/180s/classical/discovery/classical_musicnet_2382__180s.npz,9cf6f2a7814d35f288383af757e74b2d775539d84e59e0909d842ce900f1438f,172e7094b7a170b50058cc2cfb72f89054f951dc2bf8506ae0e3381d3977a7c8,215,155,60,14,0.23816286027431488,success,2026-08-04,
classical_musicnet_2382__300s,classical_musicnet_2382,classical,discovery,300.0,features/chroma/300s/classical/discovery/classical_musicnet_2382__300s.npz,36fa29f8ae160533fbf5041479c1c5b95e7be50af538837d0615c6d23ee304c5,features/pitch_v2/300s/classical/discovery/classical_musicnet_2382__300s.npz,9cf6f2a7814d35f288383af757e74b2d775539d84e59e0909d842ce900f1438f,172e7094b7a170b50058cc2cfb72f89054f951dc2bf8506ae0e3381d3977a7c8,215,155,60,14,0.23816286027431488,success,2026-08-04,
classical_musicnet_2383__180s,classical_musicnet_2383,classical,discovery,180.0,features/chroma/180s/classical/discovery/classical_musicnet_2383__180s.npz,4efd1e9294f3f09d24de3bce34827927303f41f88d26c966310494cab884accc,features/pitch_v2/180s/classical/discovery/classical_musicnet_2383__180s.npz,9abddd687287bbcfb3bc094fe0698b5d616abb207bc282c0efb0999907b710c2,172e7094b7a170b50058cc2cfb72f89054f951dc2bf8506ae0e3381d3977a7c8,339,233,106,13,0.23836649954319,success,2026-08-04,
classical_musicnet_2383__300s,classical_musicnet_2383,classical,discovery,300.0,features/chroma/300s/classical/discovery/classical_musicnet_2383__300s.npz,b731b3fa1c6f2b32148cdc8c181acdf489fe1204354255be1bc0d316c0216476,features/pitch_v2/300s/classical/discovery/classical_musicnet_2383__300s.npz,6742d3050ad8b527e78f9011285cb79c4e2429f14b83246f2327d97bcdefe3d7,172e7094b7a170b50058cc2cfb72f89054f951dc2bf8506ae0e3381d3977a7c8,584,406,178,14,0.23677366971969604,success,2026-08-04,
classical_musicnet_2389__180s,classical_musicnet_2389,classical,discovery,180.0,features/chroma/180s/classical/discovery/classical_musicnet_2389__180s.npz,e9a6665a09613c528fea27e5d85d7cf9b079179bc7b194c5e3ef2f28f416c693,features/pitch_v2/180s/classical/discovery/classical_musicnet_2389__180s.npz,15f7491b436ea0cd1d1a9abe8941e3cca5585c31c4d1ec73795010a960e8f73e,172e7094b7a170b50058cc2cfb72f89054f951dc2bf8506ae0e3381d3977a7c8,370,298,72,14,0.23844099044799805,success,2026-08-04,
classical_musicnet_2389__300s,classical_musicnet_2389,classical,discovery,300.0,features/chroma/300s/classical/discovery/classical_musicnet_2389__300s.npz,5f87b7bbeef5ead3ff4ef66707c037f2ac581d394f6dbfbaee5026359066ee26,features/pitch_v2/300s/classical/discovery/classical_musicnet_2389__300s.npz,45d4c36b1209a819cdcb65717c1ae53c5ff47b469d0bb1b1408aab0d5c75e7f5,172e7094b7a170b50058cc2cfb72f89054f951dc2bf8506ae0e3381d3977a7c8,618,514,104,16,0.24638941884040833,success,2026-08-04,
classical_musicnet_2390__180s,classical_musicnet_2390,classical,discovery,180.0,features/chroma/180s/classical/discovery/classical_musicnet_2390__180s.npz,a4c9e03938b8d7b49507247ecec580b24fc2962a968e869f9226f92faea36cda,features/pitch_v2/180s/classical/discovery/classical_musicnet_2390__180s.npz,aaa5434260bd50fe40cffb8dbbeb962139fe44f0c3af809c7de1dc83d3cb0d70,172e7094b7a170b50058cc2cfb72f89054f951dc2bf8506ae0e3381d3977a7c8,356,277,79,15,0.24010922014713287,success,2026-08-04,
classical_musicnet_2390__300s,classical_musicnet_2390,classical,discovery,300.0,features/chroma/300s/classical/discovery/classical_musicnet_2390__300s.npz,31ccc7fbef42c1eb7cf4a29e4964ca0d73655973d8da337053511f42637a5da0,features/pitch_v2/300s/classical/discovery/classical_musicnet_2390__300s.npz,48ea5adc56a9fb2d1a8182f55530bfade88350e268e5ba18a22e0eeb049957e8,172e7094b7a170b50058cc2cfb72f89054f951dc2bf8506ae0e3381d3977a7c8,592,449,143,16,0.24675379693508148,success,2026-08-04,
classical_musicnet_2393__180s,classical_musicnet_2393,classical,discovery,180.0,features/chroma/180s/classical/discovery/classical_musicnet_2393__180s.npz,e8acfd5ac9edd3e58a27d69618b3c20c4e07102866b54bc0adcc5e38d314833b,features/pitch_v2/180s/classical/discovery/classical_musicnet_2393__180s.npz,f0a3b2f9f7103a4ef39949d199f1ad9b8d351e2ddf577cc1e289775c943054d0,172e7094b7a170b50058cc2cfb72f89054f951dc2bf8506ae0e3381d3977a7c8,388,293,95,15,0.24638137221336365,success,2026-08-04,
classical_musicnet_2393__300s,classical_musicnet_2393,classical,discovery,300.0,features/chroma/300s/classical/discovery/classical_musicnet_2393__300s.npz,542366823857ed5f063bfd7aa110f1b57a20d232f6ac72baf9b7083dc32f3562,features/pitch_v2/300s/classical/discovery/classical_musicnet_2393__300s.npz,49cf89eb681fa2fd6bfc080ec8715b810707ba7a86cc257ffd1af95585fb0355,172e7094b7a170b50058cc2cfb72f89054f951dc2bf8506ae0e3381d3977a7c8,646,498,148,15,0.25080054998397827,success,2026-08-04,
classical_musicnet_2398__180s,classical_musicnet_2398,classical,discovery,180.0,features/chroma/180s/classical/discovery/classical_musicnet_2398__180s.npz,28caa55cdde5373d68e6715fa5a55ae0cdca73ed663a4686ad9859e9970ff562,features/pitch_v2/180s/classical/discovery/classical_musicnet_2398__180s.npz,32da681bd46c833473ca2c49decf9406f54efd90e60aa2a0316f64530fb15d3d,172e7094b7a170b50058cc2cfb72f89054f951dc2bf8506ae0e3381d3977a7c8,463,383,80,16,0.26102063059806824,success,2026-08-04,
classical_musicnet_2398__300s,classical_musicnet_2398,classical,discovery,300.0,features/chroma/300s/classical/discovery/classical_musicnet_2398__300s.npz,4d13c4436dbe155413f133c5c9d3716d1601285a9f56a8f2afd5ad990baf9a52,features/pitch_v2/300s/classical/discovery/classical_musicnet_2398__300s.npz,12ba51e6f13698f04e5a20e8fddc804d0da0ba08a486b7e55c30cb2e936c74dc,172e7094b7a170b50058cc2cfb72f89054f951dc2bf8506ae0e3381d3977a7c8,771,654,117,16,0.2574460804462433,success,2026-08-04,
classical_musicnet_2404__180s,classical_musicnet_2404,classical,discovery,180.0,features/chroma/180s/classical/discovery/classical_musicnet_2404__180s.npz,b37a279af419225ed7cd449d91c59b32dd747eb37645219a7c4abfb92e895bcc,features/pitch_v2/180s/classical/discovery/classical_musicnet_2404__180s.npz,3d0d285f65b42ea2bc5f9032df8e547fb5aa1d1ecefda025cb2cfbe39816cb0b,172e7094b7a170b50058cc2cfb72f89054f951dc2bf8506ae0e3381d3977a7c8,368,298,70,16,0.25849616527557373,success,2026-08-04,
classical_musicnet_2404__300s,classical_musicnet_2404,classical,discovery,300.0,features/chroma/300s/classical/discovery/classical_musicnet_2404__300s.npz,0ca8fd5d7c7e32de6d7e3a807bc865fb947bac45351e5a00a24e903594505c94,features/pitch_v2/300s/classical/discovery/classical_musicnet_2404__300s.npz,2e481e08e4299c16b76a90f6b3c4c3409171507d9d19afbbcde599c695c0bf2b,172e7094b7a170b50058cc2cfb72f89054f951dc2bf8506ae0e3381d3977a7c8,600,467,133,16,0.2570149600505829,success,2026-08-04,
classical_musicnet_2406__180s,classical_musicnet_2406,classical,discovery,180.0,features/chroma/180s/classical/discovery/classical_musicnet_2406__180s.npz,a77738535537bae9f3003d6cb91c80e1db0ede00924463da50db4e65c728bbd2,features/pitch_v2/180s/classical/discovery/classical_musicnet_2406__180s.npz,5a99c8bba57332edae9df517aaf5a3403c40169be45f2479de01a89d296914bb,172e7094b7a170b50058cc2cfb72f89054f951dc2bf8506ae0e3381d3977a7c8,335,258,77,15,0.22217294573783875,success,2026-08-04,
classical_musicnet_2406__300s,classical_musicnet_2406,classical,discovery,300.0,features/chroma/300s/classical/discovery/classical_musicnet_2406__300s.npz,d375bf25e66b207925487a5ab168a9415302e8fde990651a63a8b25dfb6486d2,features/pitch_v2/300s/classical/discovery/classical_musicnet_2406__300s.npz,ecc3de4a9704cd1d95227de3034c1a06ce5f84697407a5ed41145230fed32df9,172e7094b7a170b50058cc2cfb72f89054f951dc2bf8506ae0e3381d3977a7c8,563,449,114,16,0.2234162539243698,success,2026-08-04,
classical_musicnet_2411__180s,classical_musicnet_2411,classical,discovery,180.0,features/chroma/180s/classical/discovery/classical_musicnet_2411__180s.npz,8d13d8d532b5b48d37cb4dede2239a69cc3dca6c362232ef6d913061526f1350,features/pitch_v2/180s/classical/discovery/classical_musicnet_2411__180s.npz,5f2eca0cd1c2dc67560ac30263f3a960e1521bbb088ef93b9e72e09cfc9e1ff0,172e7094b7a170b50058cc2cfb72f89054f951dc2bf8506ae0e3381d3977a7c8,216,170,46,14,0.2429104447364807,success,2026-08-04,
classical_musicnet_2411__300s,classical_musicnet_2411,classical,discovery,300.0,features/chroma/300s/classical/discovery/classical_musicnet_2411__300s.npz,8d13d8d532b5b48d37cb4dede2239a69cc3dca6c362232ef6d913061526f1350,features/pitch_v2/300s/classical/discovery/classical_musicnet_2411__300s.npz,5f2eca0cd1c2dc67560ac30263f3a960e1521bbb088ef93b9e72e09cfc9e1ff0,172e7094b7a170b50058cc2cfb72f89054f951dc2bf8506ae0e3381d3977a7c8,216,170,46,14,0.2429104447364807,success,2026-08-04,
classical_musicnet_2423__180s,classical_musicnet_2423,classical,discovery,180.0,features/chroma/180s/classical/discovery/classical_musicnet_2423__180s.npz,04249a14de83f706e2acf931ac223bbdd23775314659b51638001d4da867026a,features/pitch_v2/180s/classical/discovery/classical_musicnet_2423__180s.npz,19d7d48a7fd8400a7afd31fcda8d604d254a76f0c9219f2b685bfdbc012d8e72,172e7094b7a170b50058cc2cfb72f89054f951dc2bf8506ae0e3381d3977a7c8,372,318,54,15,0.2718150317668915,success,2026-08-04,
classical_musicnet_2423__300s,classical_musicnet_2423,classical,discovery,300.0,features/chroma/300s/classical/discovery/classical_musicnet_2423__300s.npz,81382bc98845b13b1f9878abb6b1af2783b0a966affcbbaf72610c46867783a7,features/pitch_v2/300s/classical/discovery/classical_musicnet_2423__300s.npz,2d58ea89bf5e7f16b1be045a979d722a6cd095dcd539d4bb3e25ac7d946ac55c,172e7094b7a170b50058cc2cfb72f89054f951dc2bf8506ae0e3381d3977a7c8,595,502,93,16,0.2666081190109253,success,2026-08-04,
classical_musicnet_2432__180s,classical_musicnet_2432,classical,discovery,180.0,features/chroma/180s/classical/discovery/classical_musicnet_2432__180s.npz,2f245d08597b4d0b6c48e64ac5d587349b757a472ba1f87c4fef176f656d1fae,features/pitch_v2/180s/classical/discovery/classical_musicnet_2432__180s.npz,4eeeb7f1f418e4c60f6602a6894e5139753df96c6278ce9a61355f159365620f,172e7094b7a170b50058cc2cfb72f89054f951dc2bf8506ae0e3381d3977a7c8,360,271,89,14,0.2006308138370514,success,2026-08-04,
classical_musicnet_2432__300s,classical_musicnet_2432,classical,discovery,300.0,features/chroma/300s/classical/discovery/classical_musicnet_2432__300s.npz,905e3702fd90680247e003ae0dd1739cdb07fa99543902cb8092a58854421f62,features/pitch_v2/300s/classical/discovery/classical_musicnet_2432__300s.npz,8960f144c8919cf7756d87340f16e32845820ab889c63926eef1fc5f3438c96e,172e7094b7a170b50058cc2cfb72f89054f951dc2bf8506ae0e3381d3977a7c8,375,286,89,13,0.19783830642700195,success,2026-08-04,
classical_musicnet_2433__180s,classical_musicnet_2433,classical,discovery,180.0,features/chroma/180s/classical/discovery/classical_musicnet_2433__180s.npz,7db67f49a3c0419b69aee34e8a53197a69a632273aadd8db8f95c69f215012ce,features/pitch_v2/180s/classical/discovery/classical_musicnet_2433__180s.npz,e7e680cbde1dbb72404aa1a21c69623efa56827937c201c6a783a7a6e1522914,172e7094b7a170b50058cc2cfb72f89054f951dc2bf8506ae0e3381d3977a7c8,390,321,69,14,0.2573842704296112,success,2026-08-04,
classical_musicnet_2433__300s,classical_musicnet_2433,classical,discovery,300.0,features/chroma/300s/classical/discovery/classical_musicnet_2433__300s.npz,c53b2996307d3959eae37469b0f93b5b04aecfc0234975087cdb40b0ce7ec7c8,features/pitch_v2/300s/classical/discovery/classical_musicnet_2433__300s.npz,c852976d82454068de3c04e2b4a1c01eaf2f1d99b579a9b88b0a4f63614189ba,172e7094b7a170b50058cc2cfb72f89054f951dc2bf8506ae0e3381d3977a7c8,646,532,114,16,0.2601759433746338,success,2026-08-04,
classical_musicnet_2442__180s,classical_musicnet_2442,classical,discovery,180.0,features/chroma/180s/classical/discovery/classical_musicnet_2442__180s.npz,8779657ff03fcec760cbd05efe760f8a7cdf1f19d7ae192403d79de5a2b8c073,features/pitch_v2/180s/classical/discovery/classical_musicnet_2442__180s.npz,61e0e6787bf2f8f6b2bb78b4f23698616676fe77ce6d6d61b777c95189f1d2ed,172e7094b7a170b50058cc2cfb72f89054f951dc2bf8506ae0e3381d3977a7c8,430,354,76,15,0.23215535283088684,success,2026-08-04,
classical_musicnet_2442__300s,classical_musicnet_2442,classical,discovery,300.0,features/chroma/300s/classical/discovery/classical_musicnet_2442__300s.npz,8779657ff03fcec760cbd05efe760f8a7cdf1f19d7ae192403d79de5a2b8c073,features/pitch_v2/300s/classical/discovery/classical_musicnet_2442__300s.npz,61e0e6787bf2f8f6b2bb78b4f23698616676fe77ce6d6d61b777c95189f1d2ed,172e7094b7a170b50058cc2cfb72f89054f951dc2bf8506ae0e3381d3977a7c8,430,354,76,15,0.23215535283088684,success,2026-08-04,
classical_musicnet_2444__180s,classical_musicnet_2444,classical,discovery,180.0,features/chroma/180s/classical/discovery/classical_musicnet_2444__180s.npz,277bb9ed3553ef2a07e9cb2a05cf35d4a4c0c8d68e6967e4f282f8383fc07842,features/pitch_v2/180s/classical/discovery/classical_musicnet_2444__180s.npz,ad8467c6cb901020001f1ffd71f7adaafa0eda57fbc161a5189761588a56815b,172e7094b7a170b50058cc2cfb72f89054f951dc2bf8506ae0e3381d3977a7c8,333,248,85,16,0.22286799550056458,success,2026-08-04,
classical_musicnet_2444__300s,classical_musicnet_2444,classical,discovery,300.0,features/chroma/300s/classical/discovery/classical_musicnet_2444__300s.npz,a58ec9043d9522c147c026cd232b0cf198b00bffdd2e20db2e6b5f84f7808e5e,features/pitch_v2/300s/classical/discovery/classical_musicnet_2444__300s.npz,f7699712cdc7965315812c10233a22e7a7fd674259bc4b9de0f179bd68e1dc54,172e7094b7a170b50058cc2cfb72f89054f951dc2bf8506ae0e3381d3977a7c8,552,413,139,16,0.22644808888435364,success,2026-08-04,
classical_musicnet_2462__180s,classical_musicnet_2462,classical,discovery,180.0,features/chroma/180s/classical/discovery/classical_musicnet_2462__180s.npz,dff6c5f9aebf3174ad611759cad1b813f6b865308466816ac7590f6998fb9ec2,features/pitch_v2/180s/classical/discovery/classical_musicnet_2462__180s.npz,c9cfc5d07b5d75f662566e27cf7986fcacde1b02107156a1ae532f4d703193fb,172e7094b7a170b50058cc2cfb72f89054f951dc2bf8506ae0e3381d3977a7c8,444,381,63,16,0.25599318742752075,success,2026-08-04,
classical_musicnet_2462__300s,classical_musicnet_2462,classical,discovery,300.0,features/chroma/300s/classical/discovery/classical_musicnet_2462__300s.npz,b84b0fabca47f9b8363f8c3514bf1477fd3bc873edcc58f45d528565f2b060b9,features/pitch_v2/300s/classical/discovery/classical_musicnet_2462__300s.npz,41f7f73052e750eaaeddeeefda1182c93eb749a555dd5246a4568d8b950370f6,172e7094b7a170b50058cc2cfb72f89054f951dc2bf8506ae0e3381d3977a7c8,733,625,108,16,0.25823497772216797,success,2026-08-04,
classical_musicnet_2463__180s,classical_musicnet_2463,classical,discovery,180.0,features/chroma/180s/classical/discovery/classical_musicnet_2463__180s.npz,707af3b97c87cd4b47ab4b449dd1449abb4fb7bdd756bc498ca88685e930328a,features/pitch_v2/180s/classical/discovery/classical_musicnet_2463__180s.npz,3130c1b566f50cfaca69ef3134310e3c348eb912da1a9fc1486df42c58273dba,172e7094b7a170b50058cc2cfb72f89054f951dc2bf8506ae0e3381d3977a7c8,416,349,67,16,0.2450268566608429,success,2026-08-04,
classical_musicnet_2463__300s,classical_musicnet_2463,classical,discovery,300.0,features/chroma/300s/classical/discovery/classical_musicnet_2463__300s.npz,086dd22b352091df53cb83e65f9b5bf804fc10db0fc2a96fae6bc5b2c840dc99,features/pitch_v2/300s/classical/discovery/classical_musicnet_2463__300s.npz,c780f3bae4a7a9ff9d8d16c639a9c23af4772a6103fdaaa7b76dd11bb88d483a,172e7094b7a170b50058cc2cfb72f89054f951dc2bf8506ae0e3381d3977a7c8,730,618,112,16,0.24180454015731812,success,2026-08-04,
classical_musicnet_2466__180s,classical_musicnet_2466,classical,discovery,180.0,features/chroma/180s/classical/discovery/classical_musicnet_2466__180s.npz,2cba06a54db2bfea846e5ee6680a785f21add6781645920f76072949a45eb76f,features/pitch_v2/180s/classical/discovery/classical_musicnet_2466__180s.npz,a7073e779bcf36c36bdfe7c05f25030af1cdcb4065c3b5aeb779fb5d2365c3bd,172e7094b7a170b50058cc2cfb72f89054f951dc2bf8506ae0e3381d3977a7c8,410,333,77,16,0.2650562524795532,success,2026-08-04,
classical_musicnet_2466__300s,classical_musicnet_2466,classical,discovery,300.0,features/chroma/300s/classical/discovery/classical_musicnet_2466__300s.npz,be16026d113efca2a24bb884306bd95cc4934983f326f994bcf71f93c091a7f2,features/pitch_v2/300s/classical/discovery/classical_musicnet_2466__300s.npz,b34aeaac8cc5243da4de565624c7f1f21c0da31ed1ec5f73de7b6ae82d74a59b,172e7094b7a170b50058cc2cfb72f89054f951dc2bf8506ae0e3381d3977a7c8,721,561,160,16,0.2535105049610138,success,2026-08-04,
classical_musicnet_2472__180s,classical_musicnet_2472,classical,discovery,180.0,features/chroma/180s/classical/discovery/classical_musicnet_2472__180s.npz,f3f7d724dcf6393478b943de6961657fdd3ea074277b4d7884233944050c2c7b,features/pitch_v2/180s/classical/discovery/classical_musicnet_2472__180s.npz,3d5c186de2e612c71a31117c00caf9c234b6db07ef35b37c4564e8d4980ea8ea,172e7094b7a170b50058cc2cfb72f89054f951dc2bf8506ae0e3381d3977a7c8,351,260,91,16,0.22382065653800964,success,2026-08-04,
classical_musicnet_2472__300s,classical_musicnet_2472,classical,discovery,300.0,features/chroma/300s/classical/discovery/classical_musicnet_2472__300s.npz,575ad8db2d5fad116c32c2454f387b9367b0c1d072e349b6a1a3d535b67a0a3c,features/pitch_v2/300s/classical/discovery/classical_musicnet_2472__300s.npz,0d6d491bba43640285d930f1955291bdb73c7dec15af61a2cd35c5f841e005c1,172e7094b7a170b50058cc2cfb72f89054f951dc2bf8506ae0e3381d3977a7c8,401,296,105,16,0.22330573201179504,success,2026-08-04,
classical_musicnet_2476__180s,classical_musicnet_2476,classical,discovery,180.0,features/chroma/180s/classical/discovery/classical_musicnet_2476__180s.npz,870b1b1e0d77db24e8ac770ef80838acd1045b27ee6c6d27997b4440eea79a59,features/pitch_v2/180s/classical/discovery/classical_musicnet_2476__180s.npz,870f202e0b93a680adfbd7baf8626e05bb40d0e243e29a556db2e5d56ddb7cc8,172e7094b7a170b50058cc2cfb72f89054f951dc2bf8506ae0e3381d3977a7c8,311,238,73,15,0.2525980770587921,success,2026-08-04,
classical_musicnet_2476__300s,classical_musicnet_2476,classical,discovery,300.0,features/chroma/300s/classical/discovery/classical_musicnet_2476__300s.npz,a748f7f60ebecc426fe5ae58a619de42589a4df17c6d1d0c357b4c6c166c61ee,features/pitch_v2/300s/classical/discovery/classical_musicnet_2476__300s.npz,498e57f9b89c4ddf6601971f08e5869f9d17838fd1bd60c83c04bc51d232f75f,172e7094b7a170b50058cc2cfb72f89054f951dc2bf8506ae0e3381d3977a7c8,535,414,121,16,0.25240981578826904,success,2026-08-04,
classical_musicnet_2477__180s,classical_musicnet_2477,classical,discovery,180.0,features/chroma/180s/classical/discovery/classical_musicnet_2477__180s.npz,a2c279549a3abf53ae9d379ec1bac4ea58dfb2e7b8655b2b854e9aa8c64eeed7,features/pitch_v2/180s/classical/discovery/classical_musicnet_2477__180s.npz,4abc32e2fd4bef540d00f93753609f2d2abfb5e0558eaf96cfb6867796fb03cd,172e7094b7a170b50058cc2cfb72f89054f951dc2bf8506ae0e3381d3977a7c8,348,285,63,16,0.2168826460838318,success,2026-08-04,
classical_musicnet_2477__300s,classical_musicnet_2477,classical,discovery,300.0,features/chroma/300s/classical/discovery/classical_musicnet_2477__300s.npz,b29c2c7ea08e31b9bcdd5aec9b29077fa19b242e0ca2947c2b56288752189733,features/pitch_v2/300s/classical/discovery/classical_musicnet_2477__300s.npz,d58038b31290dc6adafbd2e1b1797d1a8c6af45c22470c95cd3ee8b8d33fc12f,172e7094b7a170b50058cc2cfb72f89054f951dc2bf8506ae0e3381d3977a7c8,389,310,79,16,0.22724784910678864,success,2026-08-04,
classical_musicnet_2478__180s,classical_musicnet_2478,classical,discovery,180.0,features/chroma/180s/classical/discovery/classical_musicnet_2478__180s.npz,1f936c9fc7615c06870d12f84e4ad3efd7d0f73e24242d7039c4e525a8452619,features/pitch_v2/180s/classical/discovery/classical_musicnet_2478__180s.npz,94710fad8d68529a15b4acb79b84ac2e069910850eecc1b4fd023173e2cfc932,172e7094b7a170b50058cc2cfb72f89054f951dc2bf8506ae0e3381d3977a7c8,372,266,106,16,0.22629496455192566,success,2026-08-04,
classical_musicnet_2478__300s,classical_musicnet_2478,classical,discovery,300.0,features/chroma/300s/classical/discovery/classical_musicnet_2478__300s.npz,723e2cf1de0a67354ada78ef591a03754db34cf55d30c371f46efb1d32541130,features/pitch_v2/300s/classical/discovery/classical_musicnet_2478__300s.npz,0cf43048315441e2970078cf4cd167c8ba2ca20fb06f7d29e0edb055ba5e33f1,172e7094b7a170b50058cc2cfb72f89054f951dc2bf8506ae0e3381d3977a7c8,633,461,172,16,0.2260514199733734,success,2026-08-04,
classical_musicnet_2481__180s,classical_musicnet_2481,classical,discovery,180.0,features/chroma/180s/classical/discovery/classical_musicnet_2481__180s.npz,6c2a7f2dccd3719c1a61a74c938c57f458f52f87398a72755e1698b786e93bba,features/pitch_v2/180s/classical/discovery/classical_musicnet_2481__180s.npz,090a9242c03a3124cfdabd343e15c1112865df8dc857969296ebff04c2be1b2a,172e7094b7a170b50058cc2cfb72f89054f951dc2bf8506ae0e3381d3977a7c8,417,350,67,15,0.22998455166816711,success,2026-08-04,
classical_musicnet_2481__300s,classical_musicnet_2481,classical,discovery,300.0,features/chroma/300s/classical/discovery/classical_musicnet_2481__300s.npz,60b1aa253ed7f5d4e88e84975c895a48ae10ee329fc5496964069d169828f28b,features/pitch_v2/300s/classical/discovery/classical_musicnet_2481__300s.npz,1d23c7d5e9158f6737daf608378d94b3b1aa24f0ae613e7f5ed2a8b987e9f66d,172e7094b7a170b50058cc2cfb72f89054f951dc2bf8506ae0e3381d3977a7c8,724,616,108,15,0.23571759462356567,success,2026-08-04,
classical_musicnet_2482__180s,classical_musicnet_2482,classical,discovery,180.0,features/chroma/180s/classical/discovery/classical_musicnet_2482__180s.npz,59328396821ccaf0460b67582dc102e8b96f1bf8358868d2da90fb5ff70921bc,features/pitch_v2/180s/classical/discovery/classical_musicnet_2482__180s.npz,827b9779560b357f5fa10a1a33f040b33b27af862e56fad4403359db65fc8a07,172e7094b7a170b50058cc2cfb72f89054f951dc2bf8506ae0e3381d3977a7c8,388,325,63,15,0.21759450435638428,success,2026-08-04,
classical_musicnet_2482__300s,classical_musicnet_2482,classical,discovery,300.0,features/chroma/300s/classical/discovery/classical_musicnet_2482__300s.npz,593bb0d213c352f094e401e91a5eb904220de7b0a2245809dcd925bbf81bfee2,features/pitch_v2/300s/classical/discovery/classical_musicnet_2482__300s.npz,4bcafac4f84d6efbc4dba9917f92789409c478b6ed04ba4f1d72f5c30e376ce3,172e7094b7a170b50058cc2cfb72f89054f951dc2bf8506ae0e3381d3977a7c8,650,530,120,16,0.21564997732639313,success,2026-08-04,
classical_musicnet_2483__180s,classical_musicnet_2483,classical,discovery,180.0,features/chroma/180s/classical/discovery/classical_musicnet_2483__180s.npz,c1c8141ee7e88906799004026719dcaf7bc719dc4e7a67b0af0b9822aaa0aeda,features/pitch_v2/180s/classical/discovery/classical_musicnet_2483__180s.npz,d286adb2e219ee992dd2a5a4634cf47537549980d54384970c11644711840f44,172e7094b7a170b50058cc2cfb72f89054f951dc2bf8506ae0e3381d3977a7c8,413,302,111,15,0.21624994277954102,success,2026-08-04,
classical_musicnet_2483__300s,classical_musicnet_2483,classical,discovery,300.0,features/chroma/300s/classical/discovery/classical_musicnet_2483__300s.npz,e1ff65c767d47af417c2a31b7f11dccd935a28c5954c2f8325dc27199802d9f1,features/pitch_v2/300s/classical/discovery/classical_musicnet_2483__300s.npz,43dc48e4af91d60be306e143878578a7b7ffa7ba3005c246b13b3e08469ed2b7,172e7094b7a170b50058cc2cfb72f89054f951dc2bf8506ae0e3381d3977a7c8,676,515,161,15,0.21542991697788239,success,2026-08-04,
classical_musicnet_2486__180s,classical_musicnet_2486,classical,discovery,180.0,features/chroma/180s/classical/discovery/classical_musicnet_2486__180s.npz,7b1c924ec084208afb4a1b700fad5b5f83b4db69f17550d81e5c3a87eed70765,features/pitch_v2/180s/classical/discovery/classical_musicnet_2486__180s.npz,8aed1e88748125b151dcb47a09d6d681e2d510b5d70eca8744db451306394f25,172e7094b7a170b50058cc2cfb72f89054f951dc2bf8506ae0e3381d3977a7c8,414,351,63,16,0.2220439463853836,success,2026-08-04,
classical_musicnet_2486__300s,classical_musicnet_2486,classical,discovery,300.0,features/chroma/300s/classical/discovery/classical_musicnet_2486__300s.npz,5868208648fb52bf051678835b3fccf8cf220f1664fe71e4eb14e18a66b93691,features/pitch_v2/300s/classical/discovery/classical_musicnet_2486__300s.npz,0b74514910198e635739cf487eb1b45ee6dd0d33ef796608af707fd4ad16f893,172e7094b7a170b50058cc2cfb72f89054f951dc2bf8506ae0e3381d3977a7c8,678,574,104,16,0.2241203486919403,success,2026-08-04,
classical_musicnet_2491__180s,classical_musicnet_2491,classical,discovery,180.0,features/chroma/180s/classical/discovery/classical_musicnet_2491__180s.npz,acf870a5e8cb65548096975376b53b6a154fdce4c357fa1266251a27c22954ce,features/pitch_v2/180s/classical/discovery/classical_musicnet_2491__180s.npz,c714412e6de4aa51f5f2e11277155ccc3aff4a2c9c268c1ba76cc4bc43093802,172e7094b7a170b50058cc2cfb72f89054f951dc2bf8506ae0e3381d3977a7c8,317,248,69,15,0.24341809749603271,success,2026-08-04,
classical_musicnet_2491__300s,classical_musicnet_2491,classical,discovery,300.0,features/chroma/300s/classical/discovery/classical_musicnet_2491__300s.npz,8d811532a39ae6d1cee8b9e80a75709aa0478a041727a724718601a25ac573a5,features/pitch_v2/300s/classical/discovery/classical_musicnet_2491__300s.npz,2a5017ec8ee7518535f064731c473cb6a3b0751a18ee9e025714d39b13d34e30,172e7094b7a170b50058cc2cfb72f89054f951dc2bf8506ae0e3381d3977a7c8,543,417,126,15,0.24840356409549713,success,2026-08-04,
classical_musicnet_2492__180s,classical_musicnet_2492,classical,discovery,180.0,features/chroma/180s/classical/discovery/classical_musicnet_2492__180s.npz,fd412e47c44ff2430f72ce781ca12b72c7d70259207e0a8ce1018d0e089f25d2,features/pitch_v2/180s/classical/discovery/classical_musicnet_2492__180s.npz,2b4b695f16c7152f48cff8f9b14ad0c031f6c89491e3880a4968d5a5ad0ea568,172e7094b7a170b50058cc2cfb72f89054f951dc2bf8506ae0e3381d3977a7c8,343,257,86,15,0.22884111106395721,success,2026-08-04,
classical_musicnet_2492__300s,classical_musicnet_2492,classical,discovery,300.0,features/chroma/300s/classical/discovery/classical_musicnet_2492__300s.npz,28617bee644e58b9d1547c6c3107fa9bc1694d47af481365739d585f73d6e17b,features/pitch_v2/300s/classical/discovery/classical_musicnet_2492__300s.npz,6103947b2dae1424c3dcc730dcb158cdec4c3e266e94c990eb6fd557016c4bc4,172e7094b7a170b50058cc2cfb72f89054f951dc2bf8506ae0e3381d3977a7c8,579,447,132,16,0.2320987433195114,success,2026-08-04,
classical_musicnet_2494__180s,classical_musicnet_2494,classical,discovery,180.0,features/chroma/180s/classical/discovery/classical_musicnet_2494__180s.npz,cd4d6a7b0867d61eb8ddee59ca306c59c6bb85471f4101a7707d3e132adb9e01,features/pitch_v2/180s/classical/discovery/classical_musicnet_2494__180s.npz,ba9d7f67a867e0f803fec5ef064b6e4bf8377bba8f0787dcd15e3b6b9b7f7bf5,172e7094b7a170b50058cc2cfb72f89054f951dc2bf8506ae0e3381d3977a7c8,384,311,73,15,0.22602766752243042,success,2026-08-04,
classical_musicnet_2494__300s,classical_musicnet_2494,classical,discovery,300.0,features/chroma/300s/classical/discovery/classical_musicnet_2494__300s.npz,0e5adf6d23f631bfa33c37695c91642d422368f729e069c00db978918f280ce9,features/pitch_v2/300s/classical/discovery/classical_musicnet_2494__300s.npz,dc1dc81b27184fdfd4d54bfac9ea0197d14bf0fe37b2e695084fe397b99f1dd9,172e7094b7a170b50058cc2cfb72f89054f951dc2bf8506ae0e3381d3977a7c8,649,528,121,16,0.2248903065919876,success,2026-08-04,
classical_musicnet_2497__180s,classical_musicnet_2497,classical,discovery,180.0,features/chroma/180s/classical/discovery/classical_musicnet_2497__180s.npz,8db60da05297a3507676f5aa6f87ec2008a7286332ea3e5ebd9b2d852fb853e7,features/pitch_v2/180s/classical/discovery/classical_musicnet_2497__180s.npz,a41850e51ceb721b62303a8fd82a63dcbd5455a962db92810bb0b3395f6d9681,172e7094b7a170b50058cc2cfb72f89054f951dc2bf8506ae0e3381d3977a7c8,375,288,87,16,0.2391883134841919,success,2026-08-04,
classical_musicnet_2497__300s,classical_musicnet_2497,classical,discovery,300.0,features/chroma/300s/classical/discovery/classical_musicnet_2497__300s.npz,682f5e7ec2a987367a06f7c6e2a88de7a3c1681798b65d0178181c9c8dbea923,features/pitch_v2/300s/classical/discovery/classical_musicnet_2497__300s.npz,6c1e259e40c59ff46e37ae056331c4176ac462e94d12574a383c06870addfcc1,172e7094b7a170b50058cc2cfb72f89054f951dc2bf8506ae0e3381d3977a7c8,588,461,127,16,0.2366153448820114,success,2026-08-04,
classical_musicnet_2505__180s,classical_musicnet_2505,classical,discovery,180.0,features/chroma/180s/classical/discovery/classical_musicnet_2505__180s.npz,4399fc9e37874d64eb3a7357fccc2bd8b610232eadc3257db0838ff85400bdb6,features/pitch_v2/180s/classical/discovery/classical_musicnet_2505__180s.npz,e774bafa5b41a91189aeafde4114ef2365df26c7a399ed661d87e585c1d06260,172e7094b7a170b50058cc2cfb72f89054f951dc2bf8506ae0e3381d3977a7c8,379,326,53,15,0.26404714584350586,success,2026-08-04,
classical_musicnet_2505__300s,classical_musicnet_2505,classical,discovery,300.0,features/chroma/300s/classical/discovery/classical_musicnet_2505__300s.npz,8bd1fd81c06ba8f2ab7aa1970d27c912d4561e88a1d6fa16facd5414f433df51,features/pitch_v2/300s/classical/discovery/classical_musicnet_2505__300s.npz,84e4146cb4441bbc8c1aed53457632255e78f28d2732bea78868d0cacd191826,172e7094b7a170b50058cc2cfb72f89054f951dc2bf8506ae0e3381d3977a7c8,598,500,98,15,0.2615405321121216,success,2026-08-04,
classical_musicnet_2507__180s,classical_musicnet_2507,classical,discovery,180.0,features/chroma/180s/classical/discovery/classical_musicnet_2507__180s.npz,69dd1190ed4d4a327b1debe28cbd07acb6cc9e35f99e6caa6d60044a1911cacd,features/pitch_v2/180s/classical/discovery/classical_musicnet_2507__180s.npz,a0cb05fa08d2935ad2e2f15f1c16339500ae80a7a258bde30c1b60be1e59869e,172e7094b7a170b50058cc2cfb72f89054f951dc2bf8506ae0e3381d3977a7c8,406,325,81,14,0.2629695236682892,success,2026-08-04,
classical_musicnet_2507__300s,classical_musicnet_2507,classical,discovery,300.0,features/chroma/300s/classical/discovery/classical_musicnet_2507__300s.npz,5a892912faa271ad0ae341ae5d6eca2703220eadd0249440815c0be3e2c2c04e,features/pitch_v2/300s/classical/discovery/classical_musicnet_2507__300s.npz,c170038186d968d230baec710b83f90a8d264305cc4f877e209e4ca24ad974cf,172e7094b7a170b50058cc2cfb72f89054f951dc2bf8506ae0e3381d3977a7c8,462,366,96,14,0.2624579966068268,success,2026-08-04,
classical_musicnet_2509__180s,classical_musicnet_2509,classical,discovery,180.0,features/chroma/180s/classical/discovery/classical_musicnet_2509__180s.npz,9dbc271ec784f67b173dcee282aaa30fd022636cb43afc9ab221fe7712e7adbe,features/pitch_v2/180s/classical/discovery/classical_musicnet_2509__180s.npz,3c51f2c5f365c97e7ed634107be1b0360a483440fe62cc0fcfe9d13c977a6c67,172e7094b7a170b50058cc2cfb72f89054f951dc2bf8506ae0e3381d3977a7c8,372,291,81,16,0.22637663781642914,success,2026-08-04,
classical_musicnet_2509__300s,classical_musicnet_2509,classical,discovery,300.0,features/chroma/300s/classical/discovery/classical_musicnet_2509__300s.npz,7074be530f96381a67e7ee847d5e71b043f27e15d116cf461221f41b565b1f51,features/pitch_v2/300s/classical/discovery/classical_musicnet_2509__300s.npz,76bc68ebb798a34f71c425b5af3632c412a7f7a49cab5914b34fb0ee6570fc96,172e7094b7a170b50058cc2cfb72f89054f951dc2bf8506ae0e3381d3977a7c8,615,480,135,16,0.2184857279062271,success,2026-08-04,
classical_musicnet_2514__180s,classical_musicnet_2514,classical,discovery,180.0,features/chroma/180s/classical/discovery/classical_musicnet_2514__180s.npz,42950f2be36cbf4e4f8831c1edaba23fd2e69b83f1ca5f600eb8d0cb65c32153,features/pitch_v2/180s/classical/discovery/classical_musicnet_2514__180s.npz,e2fdaf64f0d549e1d753f703965b46203aa265d5eafd1225f41d99e3a0121c28,172e7094b7a170b50058cc2cfb72f89054f951dc2bf8506ae0e3381d3977a7c8,368,300,68,13,0.2320481240749359,success,2026-08-04,
classical_musicnet_2514__300s,classical_musicnet_2514,classical,discovery,300.0,features/chroma/300s/classical/discovery/classical_musicnet_2514__300s.npz,8b063d8b4a7776ed4f9b1138a3aad5de232d5e3b7bbb31f9c1a4a0e95ea5df9f,features/pitch_v2/300s/classical/discovery/classical_musicnet_2514__300s.npz,07ff65b4dc903290240fba23286b66ce24d21fcbfb8d17044ab2308b152b03eb,172e7094b7a170b50058cc2cfb72f89054f951dc2bf8506ae0e3381d3977a7c8,621,525,96,16,0.248903289437294,success,2026-08-04,
classical_musicnet_2516__180s,classical_musicnet_2516,classical,discovery,180.0,features/chroma/180s/classical/discovery/classical_musicnet_2516__180s.npz,ddd68998f63d4683a5a071e01495e6d1939ab7e129f8ae3be5059a76018e6874,features/pitch_v2/180s/classical/discovery/classical_musicnet_2516__180s.npz,56ff6863b99b954aa04e9ac19c14f2aec782280b14e5fdfe288a9d4cea3e2264,172e7094b7a170b50058cc2cfb72f89054f951dc2bf8506ae0e3381d3977a7c8,408,309,99,15,0.24944482743740082,success,2026-08-04,
classical_musicnet_2516__300s,classical_musicnet_2516,classical,discovery,300.0,features/chroma/300s/classical/discovery/classical_musicnet_2516__300s.npz,de30ccab959a3a24d9782dd75a7d0268613898a1a018165939aa039661fdc22d,features/pitch_v2/300s/classical/discovery/classical_musicnet_2516__300s.npz,cabc8defcbfb7135c4ab3e90f40abf9f2c532b3206c639bd349fd8c1e29760c7,172e7094b7a170b50058cc2cfb72f89054f951dc2bf8506ae0e3381d3977a7c8,671,529,142,16,0.24781623482704163,success,2026-08-04,
classical_musicnet_2521__180s,classical_musicnet_2521,classical,discovery,180.0,features/chroma/180s/classical/discovery/classical_musicnet_2521__180s.npz,123265120c49b3c289e8cdca2b8847577deac6d1ca131f6ceb8e5f90d8a9eb27,features/pitch_v2/180s/classical/discovery/classical_musicnet_2521__180s.npz,69d01d083b41e2c83768c2ecbd671502b1d7fd658e7c8f9308c49748cca11e9c,172e7094b7a170b50058cc2cfb72f89054f951dc2bf8506ae0e3381d3977a7c8,377,298,79,16,0.21924325823783875,success,2026-08-04,
classical_musicnet_2521__300s,classical_musicnet_2521,classical,discovery,300.0,features/chroma/300s/classical/discovery/classical_musicnet_2521__300s.npz,e04428fa31064317b68313cc154e3f06ba52d44d8e3211699674194ca56bb25f,features/pitch_v2/300s/classical/discovery/classical_musicnet_2521__300s.npz,0107d12cc515a540fb0205ff1afe88889b21e1858464ef16b08371f02bbf6750,172e7094b7a170b50058cc2cfb72f89054f951dc2bf8506ae0e3381d3977a7c8,645,512,133,16,0.21802005171775818,success,2026-08-04,
classical_musicnet_2527__180s,classical_musicnet_2527,classical,discovery,180.0,features/chroma/180s/classical/discovery/classical_musicnet_2527__180s.npz,0ce3c76952aca3aed94cb0ef916475f235942f8055c640284a9cea84e38c6740,features/pitch_v2/180s/classical/discovery/classical_musicnet_2527__180s.npz,818e7c55ffcbecd912a768bae5256181ae916964be657860a5797364a3ae37c6,172e7094b7a170b50058cc2cfb72f89054f951dc2bf8506ae0e3381d3977a7c8,291,242,49,16,0.25683578848838806,success,2026-08-04,
classical_musicnet_2527__300s,classical_musicnet_2527,classical,discovery,300.0,features/chroma/300s/classical/discovery/classical_musicnet_2527__300s.npz,c4e0c5e37a8e74dbc253f8ba65c83f8fae07cae2528a69b93a7cdd62a89847a1,features/pitch_v2/300s/classical/discovery/classical_musicnet_2527__300s.npz,9fa45e1f45ccd708232d7417d1992a2c2e86f93b28a4500aaa4e758e29038b34,172e7094b7a170b50058cc2cfb72f89054f951dc2bf8506ae0e3381d3977a7c8,496,402,94,16,0.2541172504425049,success,2026-08-04,
classical_musicnet_2528__180s,classical_musicnet_2528,classical,discovery,180.0,features/chroma/180s/classical/discovery/classical_musicnet_2528__180s.npz,ac4c49f3f5aab08836eac299fef0ea4e5b8b8e7c5602765204cbc3337b5fde0f,features/pitch_v2/180s/classical/discovery/classical_musicnet_2528__180s.npz,ecc21a2326ed0b0a7ac24b42791c6189acbf48d6d509b1d6619606de93b1ccac,172e7094b7a170b50058cc2cfb72f89054f951dc2bf8506ae0e3381d3977a7c8,367,317,50,16,0.2770872414112091,success,2026-08-04,
classical_musicnet_2528__300s,classical_musicnet_2528,classical,discovery,300.0,features/chroma/300s/classical/discovery/classical_musicnet_2528__300s.npz,180af9c655a828fe8647f2ff1b8782ff0d3d2dbe20e73115cd44c359e80272a0,features/pitch_v2/300s/classical/discovery/classical_musicnet_2528__300s.npz,c095660b2dcf8cfb4403e2e35c76b391da431b45953a311bf9789085eb0ee38e,172e7094b7a170b50058cc2cfb72f89054f951dc2bf8506ae0e3381d3977a7c8,607,527,80,16,0.28233498334884644,success,2026-08-04,
classical_musicnet_2529__180s,classical_musicnet_2529,classical,discovery,180.0,features/chroma/180s/classical/discovery/classical_musicnet_2529__180s.npz,a37b176698f79ab9b100a1ee0b6716ac816174d84dcad7ba2ab34024b403255d,features/pitch_v2/180s/classical/discovery/classical_musicnet_2529__180s.npz,85cb480810cf5e4115e98746d4052752e9c8a0b3037273fe5a9e8c488e3eb7b6,172e7094b7a170b50058cc2cfb72f89054f951dc2bf8506ae0e3381d3977a7c8,350,271,79,16,0.22833311557769775,success,2026-08-04,
classical_musicnet_2529__300s,classical_musicnet_2529,classical,discovery,300.0,features/chroma/300s/classical/discovery/classical_musicnet_2529__300s.npz,3d3fe7890bf81036f805d644f634781ea93f58eab68a9502ee1d476b7b560aab,features/pitch_v2/300s/classical/discovery/classical_musicnet_2529__300s.npz,55a504f3e5ca3fc326edc708d291f0f4f44f02894f0f6e3e2bd90dc478420cb6,172e7094b7a170b50058cc2cfb72f89054f951dc2bf8506ae0e3381d3977a7c8,523,400,123,16,0.23249688744544983,success,2026-08-04,
classical_musicnet_2530__180s,classical_musicnet_2530,classical,discovery,180.0,features/chroma/180s/classical/discovery/classical_musicnet_2530__180s.npz,a78b29f8dc8203e57e36dcef4d69f7544a08f395d328cd4e8fea5e7dddc4c2c1,features/pitch_v2/180s/classical/discovery/classical_musicnet_2530__180s.npz,10d1de96616bcaaadd5a206ce737859209ec9cddd76cd451eca4b70d0e5b6a73,172e7094b7a170b50058cc2cfb72f89054f951dc2bf8506ae0e3381d3977a7c8,351,273,78,16,0.2306836098432541,success,2026-08-04,
classical_musicnet_2530__300s,classical_musicnet_2530,classical,discovery,300.0,features/chroma/300s/classical/discovery/classical_musicnet_2530__300s.npz,52cb63472ebabda5d4150d83d9fcbdf17833c3b8087ec901c51c03477ff4f1ea,features/pitch_v2/300s/classical/discovery/classical_musicnet_2530__300s.npz,f1ea1257e0e9818a9934a43f3d6816ff6426899458da01b6ded750ed6af75174,172e7094b7a170b50058cc2cfb72f89054f951dc2bf8506ae0e3381d3977a7c8,583,448,135,16,0.23632290959358215,success,2026-08-04,
classical_musicnet_2532__180s,classical_musicnet_2532,classical,discovery,180.0,features/chroma/180s/classical/discovery/classical_musicnet_2532__180s.npz,d571fb952045b7fd1004859b2c415e8bff193d9d7b7bba1e63b18249bdba585c,features/pitch_v2/180s/classical/discovery/classical_musicnet_2532__180s.npz,41cb981d70a9e29f0b8ce0e1fc5889c0165d6043ebf10af73d5fe160940b421f,172e7094b7a170b50058cc2cfb72f89054f951dc2bf8506ae0e3381d3977a7c8,389,313,76,16,0.21815751492977142,success,2026-08-04,
classical_musicnet_2532__300s,classical_musicnet_2532,classical,discovery,300.0,features/chroma/300s/classical/discovery/classical_musicnet_2532__300s.npz,bf4f059d3bf9670ca186095606d439198edae4fed78ec8404afff59527eb39cb,features/pitch_v2/300s/classical/discovery/classical_musicnet_2532__300s.npz,682469bdda067fb924451f267e6988a09526483b57faa66c65372af8cd168cc3,172e7094b7a170b50058cc2cfb72f89054f951dc2bf8506ae0e3381d3977a7c8,693,566,127,16,0.22971512377262115,success,2026-08-04,
classical_musicnet_2533__180s,classical_musicnet_2533,classical,discovery,180.0,features/chroma/180s/classical/discovery/classical_musicnet_2533__180s.npz,a9afaef5fcec7580c574162ac3196b21f629d11b531c8a6dc50c2ce6ffa4ff47,features/pitch_v2/180s/classical/discovery/classical_musicnet_2533__180s.npz,9d123b79eb76a72aedc992c6895b1536122c3d04f87270f10202762e436ef63d,172e7094b7a170b50058cc2cfb72f89054f951dc2bf8506ae0e3381d3977a7c8,318,241,77,14,0.213583305478096,success,2026-08-04,
classical_musicnet_2533__300s,classical_musicnet_2533,classical,discovery,300.0,features/chroma/300s/classical/discovery/classical_musicnet_2533__300s.npz,8a2683aed9340c32a0043deccc56e313f74a30a2195e101430e038a0cf36f535,features/pitch_v2/300s/classical/discovery/classical_musicnet_2533__300s.npz,4b7235587cb82d707bd24b6f196174a2e7235c6f284a8d8ec3ac2b4ce3afffe7,172e7094b7a170b50058cc2cfb72f89054f951dc2bf8506ae0e3381d3977a7c8,538,408,130,16,0.2216869443655014,success,2026-08-04,
classical_musicnet_2538__180s,classical_musicnet_2538,classical,discovery,180.0,features/chroma/180s/classical/discovery/classical_musicnet_2538__180s.npz,14789e437fc51a1e0c88804b6100f099809f2aa6673ea841e312a0f7f3443996,features/pitch_v2/180s/classical/discovery/classical_musicnet_2538__180s.npz,643aba54f2880b93056e7366734af79a5b5bfed69a7ccca18e3d1390c96fe406,172e7094b7a170b50058cc2cfb72f89054f951dc2bf8506ae0e3381d3977a7c8,318,264,54,13,0.258167564868927,success,2026-08-04,
classical_musicnet_2538__300s,classical_musicnet_2538,classical,discovery,300.0,features/chroma/300s/classical/discovery/classical_musicnet_2538__300s.npz,597b64e1713fa30d0f6c51cc860c0f934806aa768a552505b26a5996726b92bb,features/pitch_v2/300s/classical/discovery/classical_musicnet_2538__300s.npz,b4fecb64a335d6fb451e271047249159d2cca1a8af7b6ede8622eee6ae610ed4,172e7094b7a170b50058cc2cfb72f89054f951dc2bf8506ae0e3381d3977a7c8,352,287,65,14,0.2609518766403198,success,2026-08-04,
classical_musicnet_2555__180s,classical_musicnet_2555,classical,discovery,180.0,features/chroma/180s/classical/discovery/classical_musicnet_2555__180s.npz,83208798ebd5cd925934f36544423acc3472f7c8cf72730249d7ba7db8dfee4f,features/pitch_v2/180s/classical/discovery/classical_musicnet_2555__180s.npz,5eab045d7955b86363ec4c99414aebdb687c68232ab07d6a89c003c0c49771c0,172e7094b7a170b50058cc2cfb72f89054f951dc2bf8506ae0e3381d3977a7c8,316,264,52,15,0.26654335856437683,success,2026-08-04,
classical_musicnet_2555__300s,classical_musicnet_2555,classical,discovery,300.0,features/chroma/300s/classical/discovery/classical_musicnet_2555__300s.npz,5e90d26996aff9dd1b50594302680213a440af00b18ea8bc6913386a176d086b,features/pitch_v2/300s/classical/discovery/classical_musicnet_2555__300s.npz,378cc95cbc559414ebaae050434e81229aeacb5e63e040a59adfc93d3d6da80d,172e7094b7a170b50058cc2cfb72f89054f951dc2bf8506ae0e3381d3977a7c8,365,302,63,15,0.2597573399543762,success,2026-08-04,
classical_musicnet_2557__180s,classical_musicnet_2557,classical,discovery,180.0,features/chroma/180s/classical/discovery/classical_musicnet_2557__180s.npz,444df47bee8de315d79ec3c6df54309bcc24868f0e7b7d015ef18b7ff3c3c016,features/pitch_v2/180s/classical/discovery/classical_musicnet_2557__180s.npz,5b68d9932b963eb29e8fd5117c4285b277ab9b853b309eeea54695a8eb39891c,172e7094b7a170b50058cc2cfb72f89054f951dc2bf8506ae0e3381d3977a7c8,390,321,69,16,0.25052517652511597,success,2026-08-04,
classical_musicnet_2557__300s,classical_musicnet_2557,classical,discovery,300.0,features/chroma/300s/classical/discovery/classical_musicnet_2557__300s.npz,ccc65ecf4eb4c72ebd682d2f2e7d5a9f25740fad6656999dd66c6a1882bc15b2,features/pitch_v2/300s/classical/discovery/classical_musicnet_2557__300s.npz,7cd5c58681a88f87555f0bc7eff03021fc7d722db9b1b46e28b8b2922f5b80fd,172e7094b7a170b50058cc2cfb72f89054f951dc2bf8506ae0e3381d3977a7c8,565,451,114,16,0.25337857007980347,success,2026-08-04,
classical_musicnet_2582__180s,classical_musicnet_2582,classical,discovery,180.0,features/chroma/180s/classical/discovery/classical_musicnet_2582__180s.npz,1fb58e4e47bb917bf8ad45c74154de06bbc47c75b595118a7f6bcdd61494525d,features/pitch_v2/180s/classical/discovery/classical_musicnet_2582__180s.npz,51e7c918bdb6348832cc4b39d7412e26ddfcc7ede2d4e017a60b586987e3163c,172e7094b7a170b50058cc2cfb72f89054f951dc2bf8506ae0e3381d3977a7c8,319,236,83,15,0.22792181372642517,success,2026-08-04,
classical_musicnet_2582__300s,classical_musicnet_2582,classical,discovery,300.0,features/chroma/300s/classical/discovery/classical_musicnet_2582__300s.npz,9b44b02023135e6790edddc3b168252980033d462d34886872b387e3dc10040f,features/pitch_v2/300s/classical/discovery/classical_musicnet_2582__300s.npz,3bed01095325cebab3a65620120ea9af0441e5f367d57384463efdcb66709c4d,172e7094b7a170b50058cc2cfb72f89054f951dc2bf8506ae0e3381d3977a7c8,532,404,128,15,0.22508352994918823,success,2026-08-04,
classical_musicnet_2586__180s,classical_musicnet_2586,classical,discovery,180.0,features/chroma/180s/classical/discovery/classical_musicnet_2586__180s.npz,fe1bba282d62cd15c7f7e2a2e90f55b44b8c89f5c8c51a902a3880774e60d3a6,features/pitch_v2/180s/classical/discovery/classical_musicnet_2586__180s.npz,01a0a1ca7bea030d913538c0c00a5981fe5522c5fcd7c3151304d0c1258f51af,172e7094b7a170b50058cc2cfb72f89054f951dc2bf8506ae0e3381d3977a7c8,333,272,61,13,0.19379889965057373,success,2026-08-04,
classical_musicnet_2586__300s,classical_musicnet_2586,classical,discovery,300.0,features/chroma/300s/classical/discovery/classical_musicnet_2586__300s.npz,09c2dad3ddd6d43b62dce3231b0bd0087cb75012ffc91100a2f20c89e5a32d3f,features/pitch_v2/300s/classical/discovery/classical_musicnet_2586__300s.npz,8a30ca4a924506148df9cec75ac685b6f1a78d7edac904b5a64c0b4296fd6eb9,172e7094b7a170b50058cc2cfb72f89054f951dc2bf8506ae0e3381d3977a7c8,553,456,97,15,0.19727256894111633,success,2026-08-04,
classical_musicnet_2590__180s,classical_musicnet_2590,classical,discovery,180.0,features/chroma/180s/classical/discovery/classical_musicnet_2590__180s.npz,e6a5169dd86497774cd49b7aa36467d706ab1f3aab1004005cbcf0126f22698c,features/pitch_v2/180s/classical/discovery/classical_musicnet_2590__180s.npz,f32b73dade0af4adc346277d91aa736fb8676110a591642cfeb1dc0c160e70df,172e7094b7a170b50058cc2cfb72f89054f951dc2bf8506ae0e3381d3977a7c8,480,405,75,15,0.2360604703426361,success,2026-08-04,
classical_musicnet_2590__300s,classical_musicnet_2590,classical,discovery,300.0,features/chroma/300s/classical/discovery/classical_musicnet_2590__300s.npz,cdff11d12a4d281a4482d08405d37c3b9acf0e156be3f40aee419fcb07b38eaa,features/pitch_v2/300s/classical/discovery/classical_musicnet_2590__300s.npz,cc8de6538426ff207aff2de128d5ec21fc42a8329eb365601ed5021785bb803b,172e7094b7a170b50058cc2cfb72f89054f951dc2bf8506ae0e3381d3977a7c8,804,694,110,16,0.22567225992679596,success,2026-08-04,
classical_musicnet_2603__180s,classical_musicnet_2603,classical,discovery,180.0,features/chroma/180s/classical/discovery/classical_musicnet_2603__180s.npz,ded52715b6785c3c974bddbe24b0133399fe6dd7759dbeb8f52da4ba72bf4b76,features/pitch_v2/180s/classical/discovery/classical_musicnet_2603__180s.npz,73cb3261a1178a0c8c70f8cf306004a03bf1b2d9d0387d058d37e06a0127545b,172e7094b7a170b50058cc2cfb72f89054f951dc2bf8506ae0e3381d3977a7c8,334,266,68,16,0.24825388193130493,success,2026-08-04,
classical_musicnet_2603__300s,classical_musicnet_2603,classical,discovery,300.0,features/chroma/300s/classical/discovery/classical_musicnet_2603__300s.npz,ac71ebe74fb4e19ece6b04f8424d6742e9152b72ff4ee7a995ff3850aeba3b0e,features/pitch_v2/300s/classical/discovery/classical_musicnet_2603__300s.npz,1564b11eb6af1e5bd2ba49be61c59886e49bc76d209618f7c77ead0fca4db4b1,172e7094b7a170b50058cc2cfb72f89054f951dc2bf8506ae0e3381d3977a7c8,560,449,111,16,0.2513529360294342,success,2026-08-04,
classical_musicnet_2608__180s,classical_musicnet_2608,classical,discovery,180.0,features/chroma/180s/classical/discovery/classical_musicnet_2608__180s.npz,d1fa9e2384f05aea3dda9c6a76f95d18cb466fd60ff938709763915ba7208b48,features/pitch_v2/180s/classical/discovery/classical_musicnet_2608__180s.npz,78c6d9cf0925a46534776cab664a89323a2b78563ea88f54ae21e7c15f588420,172e7094b7a170b50058cc2cfb72f89054f951dc2bf8506ae0e3381d3977a7c8,517,441,76,16,0.2216622680425644,success,2026-08-04,
classical_musicnet_2608__300s,classical_musicnet_2608,classical,discovery,300.0,features/chroma/300s/classical/discovery/classical_musicnet_2608__300s.npz,f91f42fed6457f42cd2bc982ba3cc90f8b00fc88666217ce34718f0c2a8dedac,features/pitch_v2/300s/classical/discovery/classical_musicnet_2608__300s.npz,e7dc205d6171febbe2cb81ad7d944f328f2f906ef77c62e9bf8c692dde83129b,172e7094b7a170b50058cc2cfb72f89054f951dc2bf8506ae0e3381d3977a7c8,864,731,133,16,0.22228072583675385,success,2026-08-04,
classical_musicnet_2619__180s,classical_musicnet_2619,classical,discovery,180.0,features/chroma/180s/classical/discovery/classical_musicnet_2619__180s.npz,70fae9c1a30e74ff5fb3779fa485039ff8c9520acf5d943e039321212494ca1d,features/pitch_v2/180s/classical/discovery/classical_musicnet_2619__180s.npz,65f1facd806aaf585ff01d55dbb658b8fcc315bc02ed0a14ff085c5acfafa693,172e7094b7a170b50058cc2cfb72f89054f951dc2bf8506ae0e3381d3977a7c8,273,224,49,14,0.23877385258674622,success,2026-08-04,
classical_musicnet_2619__300s,classical_musicnet_2619,classical,discovery,300.0,features/chroma/300s/classical/discovery/classical_musicnet_2619__300s.npz,339e8bd145af176ba599949bfcfb69355e1b66f15f51ff99c236fdd5b6e31c5f,features/pitch_v2/300s/classical/discovery/classical_musicnet_2619__300s.npz,dcaaa4904d61b4fa8fa0955f891ba748b4258481e18be9bcaa736a8de1465073,172e7094b7a170b50058cc2cfb72f89054f951dc2bf8506ae0e3381d3977a7c8,666,585,81,16,0.26035118103027344,success,2026-08-04,
classical_musicnet_2622__180s,classical_musicnet_2622,classical,discovery,180.0,features/chroma/180s/classical/discovery/classical_musicnet_2622__180s.npz,3c7bb2aa21215ccc44479da30a7fd9848e78e7e18c203e1fcae21fc038eeeef3,features/pitch_v2/180s/classical/discovery/classical_musicnet_2622__180s.npz,dac22bb61ddf881364afdc3b60f2ec3c27c369d19718a4645f4cb8d144994f1e,172e7094b7a170b50058cc2cfb72f89054f951dc2bf8506ae0e3381d3977a7c8,357,270,87,16,0.22249744832515717,success,2026-08-04,
classical_musicnet_2622__300s,classical_musicnet_2622,classical,discovery,300.0,features/chroma/300s/classical/discovery/classical_musicnet_2622__300s.npz,d894d3bf0d592bbdbed3b8a6d1c70fc71332a12c2587ea6bce4d179bd905fea4,features/pitch_v2/300s/classical/discovery/classical_musicnet_2622__300s.npz,1784f2bf11fbc18d2bdb3688c69f0850f218be263f1d2344c43bcca9ae133250,172e7094b7a170b50058cc2cfb72f89054f951dc2bf8506ae0e3381d3977a7c8,610,461,149,16,0.219565749168396,success,2026-08-04,
classical_musicnet_2628__180s,classical_musicnet_2628,classical,discovery,180.0,features/chroma/180s/classical/discovery/classical_musicnet_2628__180s.npz,e30f7196a311d8be48c95a3cd4cc4728b4d4d3d057f576187f19ed90fd920c7f,features/pitch_v2/180s/classical/discovery/classical_musicnet_2628__180s.npz,8b70ffface79f0007221e06d45d20d7117c4584c2845d5c9d0b378b017e37cd3,172e7094b7a170b50058cc2cfb72f89054f951dc2bf8506ae0e3381d3977a7c8,202,161,41,12,0.23387651145458221,success,2026-08-04,
classical_musicnet_2628__300s,classical_musicnet_2628,classical,discovery,300.0,features/chroma/300s/classical/discovery/classical_musicnet_2628__300s.npz,e30f7196a311d8be48c95a3cd4cc4728b4d4d3d057f576187f19ed90fd920c7f,features/pitch_v2/300s/classical/discovery/classical_musicnet_2628__300s.npz,8b70ffface79f0007221e06d45d20d7117c4584c2845d5c9d0b378b017e37cd3,172e7094b7a170b50058cc2cfb72f89054f951dc2bf8506ae0e3381d3977a7c8,202,161,41,12,0.23387651145458221,success,2026-08-04,
classical_musicnet_2629__180s,classical_musicnet_2629,classical,discovery,180.0,features/chroma/180s/classical/discovery/classical_musicnet_2629__180s.npz,169606cfcf700dadfc561a4fa8a342ba6101ef3714c4f3918a7e2d30780d6e96,features/pitch_v2/180s/classical/discovery/classical_musicnet_2629__180s.npz,76aae6ac35d6d68da8d88d8108ccd9faa9e14fdba8b1d8498765bfb5edb57c87,172e7094b7a170b50058cc2cfb72f89054f951dc2bf8506ae0e3381d3977a7c8,337,268,69,16,0.24067643284797668,success,2026-08-04,
classical_musicnet_2629__300s,classical_musicnet_2629,classical,discovery,300.0,features/chroma/300s/classical/discovery/classical_musicnet_2629__300s.npz,094d51b254ed1865cf6c5de5d92b17ac191743fe23d69f817bb2372ce4b9d7cf,features/pitch_v2/300s/classical/discovery/classical_musicnet_2629__300s.npz,854131ab85c8bb9832c0baedb6451abc559dc25570951743c95b9461fbc8262c,172e7094b7a170b50058cc2cfb72f89054f951dc2bf8506ae0e3381d3977a7c8,655,536,119,16,0.23220789432525635,success,2026-08-04,
classical_musicnet_2633__180s,classical_musicnet_2633,classical,discovery,180.0,features/chroma/180s/classical/discovery/classical_musicnet_2633__180s.npz,e89a962920c32d46917805d8e502da39eb3b1611008df8b82a33836e7ee96750,features/pitch_v2/180s/classical/discovery/classical_musicnet_2633__180s.npz,282473e33f49b3ea324d97aa9233be61abf422c2934bf6daca54cd06be581393,172e7094b7a170b50058cc2cfb72f89054f951dc2bf8506ae0e3381d3977a7c8,351,262,89,14,0.21164962649345398,success,2026-08-04,
classical_musicnet_2633__300s,classical_musicnet_2633,classical,discovery,300.0,features/chroma/300s/classical/discovery/classical_musicnet_2633__300s.npz,389cc1ee5f995013efc249267774fb5da05de7fa21e9870c91df2d4ed811f15a,features/pitch_v2/300s/classical/discovery/classical_musicnet_2633__300s.npz,c75ad329d4b4a0f0419f41e2543394cc1abf6f94a6964a50df5ce59d0527e213,172e7094b7a170b50058cc2cfb72f89054f951dc2bf8506ae0e3381d3977a7c8,423,314,109,14,0.21308791637420654,success,2026-08-04,
classical_musicnet_2659__180s,classical_musicnet_2659,classical,discovery,180.0,features/chroma/180s/classical/discovery/classical_musicnet_2659__180s.npz,7263a089741f7c0fe2cb794a2c7d8e7c6007831a1e16baa859b88863be57385d,features/pitch_v2/180s/classical/discovery/classical_musicnet_2659__180s.npz,8fd67e7bc66e538cede99a7982033e329f6fbbece475d5ca61311d90c282144e,172e7094b7a170b50058cc2cfb72f89054f951dc2bf8506ae0e3381d3977a7c8,200,153,47,13,0.2369152456521988,success,2026-08-04,
classical_musicnet_2659__300s,classical_musicnet_2659,classical,discovery,300.0,features/chroma/300s/classical/discovery/classical_musicnet_2659__300s.npz,7263a089741f7c0fe2cb794a2c7d8e7c6007831a1e16baa859b88863be57385d,features/pitch_v2/300s/classical/discovery/classical_musicnet_2659__300s.npz,8fd67e7bc66e538cede99a7982033e329f6fbbece475d5ca61311d90c282144e,172e7094b7a170b50058cc2cfb72f89054f951dc2bf8506ae0e3381d3977a7c8,200,153,47,13,0.2369152456521988,success,2026-08-04,
classical_musicnet_2677__180s,classical_musicnet_2677,classical,discovery,180.0,features/chroma/180s/classical/discovery/classical_musicnet_2677__180s.npz,9489b3a25f358e56a2b7a807aff91d4f8cfac659eccfe7223227bbb18bf22c78,features/pitch_v2/180s/classical/discovery/classical_musicnet_2677__180s.npz,0801e885bea3f2dbe2ff755671a967ffc8f1a5dfa587ba6256763885214c2d61,172e7094b7a170b50058cc2cfb72f89054f951dc2bf8506ae0e3381d3977a7c8,376,316,60,16,0.23055946826934814,success,2026-08-04,
classical_musicnet_2677__300s,classical_musicnet_2677,classical,discovery,300.0,features/chroma/300s/classical/discovery/classical_musicnet_2677__300s.npz,9c6b3cf71f9e0e7be49c942ddb02765c8c5f55c0d08d1c35b317a3f534e6d90d,features/pitch_v2/300s/classical/discovery/classical_musicnet_2677__300s.npz,606cf852628494bc3fc96aed87c75e2a26c9073134a172ddd12b278b52bdd6ec,172e7094b7a170b50058cc2cfb72f89054f951dc2bf8506ae0e3381d3977a7c8,638,543,95,16,0.23533786833286285,success,2026-08-04,
classical_musicnet_2678__180s,classical_musicnet_2678,classical,discovery,180.0,features/chroma/180s/classical/discovery/classical_musicnet_2678__180s.npz,a5d452b8b9018d60311aae3ef91513607448cd902dfaaf4d1bf927235b1584d4,features/pitch_v2/180s/classical/discovery/classical_musicnet_2678__180s.npz,d72affb8d83b1b0e16b9f9ee4a10745c2e3d8048dedd5f7d5d4a89f5c07765a2,172e7094b7a170b50058cc2cfb72f89054f951dc2bf8506ae0e3381d3977a7c8,429,350,79,16,0.25226497650146484,success,2026-08-04,
classical_musicnet_2678__300s,classical_musicnet_2678,classical,discovery,300.0,features/chroma/300s/classical/discovery/classical_musicnet_2678__300s.npz,c55c57c808ff80156656dac559fa2b5959e7e2b9dde84103f563e659ca0aca54,features/pitch_v2/300s/classical/discovery/classical_musicnet_2678__300s.npz,b662df5eeb5e06f80a0e0c8946458e41e24a2a896a493c88892c946c3290bce0,172e7094b7a170b50058cc2cfb72f89054f951dc2bf8506ae0e3381d3977a7c8,713,591,122,16,0.24681000411510468,success,2026-08-04,
classical_musopen_00d18099ad17__180s,classical_musopen_00d18099ad17,classical,holdout,180.0,features/chroma/180s/classical/holdout/classical_musopen_00d18099ad17__180s.npz,5902a42ff03e73fc74d8bb79af4aa19ef451254a7175331aff492e77d5047b64,features/pitch_v2/180s/classical/holdout/classical_musopen_00d18099ad17__180s.npz,82792cc9dff9f2e184598b0440e2ade491411e31db07f2f70cc95d1ac47e1332,172e7094b7a170b50058cc2cfb72f89054f951dc2bf8506ae0e3381d3977a7c8,439,348,91,16,0.2213307023048401,success,2026-08-04,
classical_musopen_00d18099ad17__300s,classical_musopen_00d18099ad17,classical,holdout,300.0,features/chroma/300s/classical/holdout/classical_musopen_00d18099ad17__300s.npz,42474225a60adb59280fa70550be70c49532555fe7d332336ad081b21a3cdffd,features/pitch_v2/300s/classical/holdout/classical_musopen_00d18099ad17__300s.npz,392a671e929db9fd0f9aeb02af8747476f8499b4dadee8fe9b83cff4abe3be00,172e7094b7a170b50058cc2cfb72f89054f951dc2bf8506ae0e3381d3977a7c8,740,586,154,16,0.2186807543039322,success,2026-08-04,
classical_musopen_05c904fe5b10__180s,classical_musopen_05c904fe5b10,classical,validation,180.0,features/chroma/180s/classical/validation/classical_musopen_05c904fe5b10__180s.npz,aa3a58f12a72cc387787b3ae9bee1f2b063980f9217ed8d13eca3f4d4b23628c,features/pitch_v2/180s/classical/validation/classical_musopen_05c904fe5b10__180s.npz,8c06d8988658e35d05ccbd9be9f9ac41a2dac7ff97b25cfc7b96de999c81cd97,172e7094b7a170b50058cc2cfb72f89054f951dc2bf8506ae0e3381d3977a7c8,307,252,55,15,0.22886455059051514,success,2026-08-04,
classical_musopen_05c904fe5b10__300s,classical_musopen_05c904fe5b10,classical,validation,300.0,features/chroma/300s/classical/validation/classical_musopen_05c904fe5b10__300s.npz,0c4bd1f034b82c098333748f18b35b844fcd40c37087530027dfa0d3d51c68c9,features/pitch_v2/300s/classical/validation/classical_musopen_05c904fe5b10__300s.npz,54cacfeed24e21186999a35ec1dce1781db42e0d9c4797d4c46240b881919a10,172e7094b7a170b50058cc2cfb72f89054f951dc2bf8506ae0e3381d3977a7c8,467,394,73,15,0.23478595912456512,success,2026-08-04,
classical_musopen_0b7876dd110e__180s,classical_musopen_0b7876dd110e,classical,validation,180.0,features/chroma/180s/classical/validation/classical_musopen_0b7876dd110e__180s.npz,06357c31c1fb9eb89957aa87f63c35a8f6c80de57f7f2b47127b3bfbb61bdd04,features/pitch_v2/180s/classical/validation/classical_musopen_0b7876dd110e__180s.npz,219ba2dcd7699cf9749d4e00275b9bd549bfd367457cfdc5fede4dac542a2a4d,172e7094b7a170b50058cc2cfb72f89054f951dc2bf8506ae0e3381d3977a7c8,486,388,98,16,0.22964563965797424,success,2026-08-04,
classical_musopen_0b7876dd110e__300s,classical_musopen_0b7876dd110e,classical,validation,300.0,features/chroma/300s/classical/validation/classical_musopen_0b7876dd110e__300s.npz,db47f38632cf22b7e46d95f677336f157ccc8690ad727e11baaf8542a027ae54,features/pitch_v2/300s/classical/validation/classical_musopen_0b7876dd110e__300s.npz,871c534f9ef104625675283b00baac1a37f03964818b2ff03e4228857561a68f,172e7094b7a170b50058cc2cfb72f89054f951dc2bf8506ae0e3381d3977a7c8,827,653,174,16,0.2301507592201233,success,2026-08-04,
classical_musopen_0ddcc98bc949__180s,classical_musopen_0ddcc98bc949,classical,discovery,180.0,features/chroma/180s/classical/discovery/classical_musopen_0ddcc98bc949__180s.npz,27e2b300bc7c4376af89979cb9f97396d286a8dfff9d8e12194950fea60f7c7c,features/pitch_v2/180s/classical/discovery/classical_musopen_0ddcc98bc949__180s.npz,3e95fd7ee5f0461b667f910b23bb8dab6a40c68d22872b6d562d6909f731f1eb,172e7094b7a170b50058cc2cfb72f89054f951dc2bf8506ae0e3381d3977a7c8,271,196,75,14,0.2238379716873169,success,2026-08-04,
classical_musopen_0ddcc98bc949__300s,classical_musopen_0ddcc98bc949,classical,discovery,300.0,features/chroma/300s/classical/discovery/classical_musopen_0ddcc98bc949__300s.npz,27e2b300bc7c4376af89979cb9f97396d286a8dfff9d8e12194950fea60f7c7c,features/pitch_v2/300s/classical/discovery/classical_musopen_0ddcc98bc949__300s.npz,3e95fd7ee5f0461b667f910b23bb8dab6a40c68d22872b6d562d6909f731f1eb,172e7094b7a170b50058cc2cfb72f89054f951dc2bf8506ae0e3381d3977a7c8,271,196,75,14,0.2238379716873169,success,2026-08-04,
classical_musopen_12241f03c895__180s,classical_musopen_12241f03c895,classical,discovery,180.0,features/chroma/180s/classical/discovery/classical_musopen_12241f03c895__180s.npz,ce4c7b058741b7999597e7f4ae7a46dee653a6fa09559d43b34a3a05549b18a9,features/pitch_v2/180s/classical/discovery/classical_musopen_12241f03c895__180s.npz,4d15c3590d95bc0a5bbf8b0144c3ff4eae32ed5b1cae0a7fcbb0601f92140ebc,172e7094b7a170b50058cc2cfb72f89054f951dc2bf8506ae0e3381d3977a7c8,149,113,36,15,0.22637499868869781,success,2026-08-04,
classical_musopen_12241f03c895__300s,classical_musopen_12241f03c895,classical,discovery,300.0,features/chroma/300s/classical/discovery/classical_musopen_12241f03c895__300s.npz,ce4c7b058741b7999597e7f4ae7a46dee653a6fa09559d43b34a3a05549b18a9,features/pitch_v2/300s/classical/discovery/classical_musopen_12241f03c895__300s.npz,4d15c3590d95bc0a5bbf8b0144c3ff4eae32ed5b1cae0a7fcbb0601f92140ebc,172e7094b7a170b50058cc2cfb72f89054f951dc2bf8506ae0e3381d3977a7c8,149,113,36,15,0.22637499868869781,success,2026-08-04,
classical_musopen_124b2ee448a3__180s,classical_musopen_124b2ee448a3,classical,holdout,180.0,features/chroma/180s/classical/holdout/classical_musopen_124b2ee448a3__180s.npz,11c96a589af68e41bd83bd4085ac7c70bcfd5e344aa410464bf9aa1f938d6280,features/pitch_v2/180s/classical/holdout/classical_musopen_124b2ee448a3__180s.npz,fca77e3bab41b262876b42abd8f638fedff28f40d3e165735574303b66861137,172e7094b7a170b50058cc2cfb72f89054f951dc2bf8506ae0e3381d3977a7c8,360,307,53,14,0.23518413305282593,success,2026-08-04,
classical_musopen_124b2ee448a3__300s,classical_musopen_124b2ee448a3,classical,holdout,300.0,features/chroma/300s/classical/holdout/classical_musopen_124b2ee448a3__300s.npz,28ccb89fe7bd98f77f37d44d460b0ba61dcdd687bffbebd75fce009babd64a79,features/pitch_v2/300s/classical/holdout/classical_musopen_124b2ee448a3__300s.npz,f92a179f12788a3532220b4845450b95a7265f35be0f67025e77270bffc51736,172e7094b7a170b50058cc2cfb72f89054f951dc2bf8506ae0e3381d3977a7c8,598,504,94,15,0.234715074300766,success,2026-08-04,
classical_musopen_12be103565ed__180s,classical_musopen_12be103565ed,classical,discovery,180.0,features/chroma/180s/classical/discovery/classical_musopen_12be103565ed__180s.npz,d58b6039aaae857b9609e65c268f5c0a7e12af4c05c490edb6d7802c3af3aa13,features/pitch_v2/180s/classical/discovery/classical_musopen_12be103565ed__180s.npz,416f6e1a097208269ecbb30ff77aa3abb7d56cebd9143e6f912ee290028c2dc9,172e7094b7a170b50058cc2cfb72f89054f951dc2bf8506ae0e3381d3977a7c8,485,425,60,14,0.22973904013633728,success,2026-08-04,
classical_musopen_12be103565ed__300s,classical_musopen_12be103565ed,classical,discovery,300.0,features/chroma/300s/classical/discovery/classical_musopen_12be103565ed__300s.npz,74bbfa1da8bff9abf005a6503df1d4a87b553b588e29ff2851dbe8160f528f40,features/pitch_v2/300s/classical/discovery/classical_musopen_12be103565ed__300s.npz,686b7a9360ff444882a1607b90d1476f3daf5c1d4b8f70558dbd95e9644f11cb,172e7094b7a170b50058cc2cfb72f89054f951dc2bf8506ae0e3381d3977a7c8,738,641,97,14,0.228814035654068,success,2026-08-04,
classical_musopen_1551871968d3__180s,classical_musopen_1551871968d3,classical,discovery,180.0,features/chroma/180s/classical/discovery/classical_musopen_1551871968d3__180s.npz,a84260c99955aa15e5a079f337c7d89cdf00b32edf910c5618e1f0cc745183c6,features/pitch_v2/180s/classical/discovery/classical_musopen_1551871968d3__180s.npz,0c4b27afe43d0f225553c94d5c8a5ca02aef288f259899f2695098fb522f1ec3,172e7094b7a170b50058cc2cfb72f89054f951dc2bf8506ae0e3381d3977a7c8,202,150,52,13,0.21656860411167145,success,2026-08-04,
classical_musopen_1551871968d3__300s,classical_musopen_1551871968d3,classical,discovery,300.0,features/chroma/300s/classical/discovery/classical_musopen_1551871968d3__300s.npz,a84260c99955aa15e5a079f337c7d89cdf00b32edf910c5618e1f0cc745183c6,features/pitch_v2/300s/classical/discovery/classical_musopen_1551871968d3__300s.npz,0c4b27afe43d0f225553c94d5c8a5ca02aef288f259899f2695098fb522f1ec3,172e7094b7a170b50058cc2cfb72f89054f951dc2bf8506ae0e3381d3977a7c8,202,150,52,13,0.21656860411167145,success,2026-08-04,
classical_musopen_19bfd66ce0b8__180s,classical_musopen_19bfd66ce0b8,classical,discovery,180.0,features/chroma/180s/classical/discovery/classical_musopen_19bfd66ce0b8__180s.npz,84bd3ff77182ccd082c9585244de02856e1e3436fbad439bdfadf41ac32e2e40,features/pitch_v2/180s/classical/discovery/classical_musopen_19bfd66ce0b8__180s.npz,589b69f6f82d3944bf63f8a4017a3566d86ff60130dcea34e7947dcc62e8aeda,172e7094b7a170b50058cc2cfb72f89054f951dc2bf8506ae0e3381d3977a7c8,145,109,36,12,0.20022666454315186,success,2026-08-04,
classical_musopen_19bfd66ce0b8__300s,classical_musopen_19bfd66ce0b8,classical,discovery,300.0,features/chroma/300s/classical/discovery/classical_musopen_19bfd66ce0b8__300s.npz,84bd3ff77182ccd082c9585244de02856e1e3436fbad439bdfadf41ac32e2e40,features/pitch_v2/300s/classical/discovery/classical_musopen_19bfd66ce0b8__300s.npz,589b69f6f82d3944bf63f8a4017a3566d86ff60130dcea34e7947dcc62e8aeda,172e7094b7a170b50058cc2cfb72f89054f951dc2bf8506ae0e3381d3977a7c8,145,109,36,12,0.20022666454315186,success,2026-08-04,
classical_musopen_1da5c488f898__180s,classical_musopen_1da5c488f898,classical,validation,180.0,features/chroma/180s/classical/validation/classical_musopen_1da5c488f898__180s.npz,8551760f31a4daa8ba0ea6df8c2954797c8488c012a2dda95c2b16adc7af607e,features/pitch_v2/180s/classical/validation/classical_musopen_1da5c488f898__180s.npz,2570737438d81b297af27447368c52bb2f070ecc2e5e24f675a27d96cab07a9d,172e7094b7a170b50058cc2cfb72f89054f951dc2bf8506ae0e3381d3977a7c8,485,401,84,15,0.23202069103717804,success,2026-08-04,
classical_musopen_1da5c488f898__300s,classical_musopen_1da5c488f898,classical,validation,300.0,features/chroma/300s/classical/validation/classical_musopen_1da5c488f898__300s.npz,ba8d3696ba66a3cef28c5186836c5c2bc8048560a73db82665bf18ee8735450e,features/pitch_v2/300s/classical/validation/classical_musopen_1da5c488f898__300s.npz,db775459d3fc44dfa4f449522712af87f6fc2fa1b5d66de3712fc6f0b654f5e7,172e7094b7a170b50058cc2cfb72f89054f951dc2bf8506ae0e3381d3977a7c8,566,407,159,14,0.21965979039669037,success,2026-08-04,
classical_musopen_208080de49cd__180s,classical_musopen_208080de49cd,classical,holdout,180.0,features/chroma/180s/classical/holdout/classical_musopen_208080de49cd__180s.npz,996de8243e1614ca87c9284a4cac5a20b49e3fa7aaf63fc86f9a8b04b04613e8,features/pitch_v2/180s/classical/holdout/classical_musopen_208080de49cd__180s.npz,6d85096bf575eee30c7113c4a1aa3f5f618747d4589b03de1792ea03ac8b1ec8,172e7094b7a170b50058cc2cfb72f89054f951dc2bf8506ae0e3381d3977a7c8,342,255,87,16,0.2159605473279953,success,2026-08-04,
classical_musopen_208080de49cd__300s,classical_musopen_208080de49cd,classical,holdout,300.0,features/chroma/300s/classical/holdout/classical_musopen_208080de49cd__300s.npz,f7cc941efaf8a4ef20e6544792fa39a7ce1633624941844808333a11611250a8,features/pitch_v2/300s/classical/holdout/classical_musopen_208080de49cd__300s.npz,ff61e9b70f3e30b2e9345fd189eb56d1f8e79e525e1339a29730b6525fccc1e2,172e7094b7a170b50058cc2cfb72f89054f951dc2bf8506ae0e3381d3977a7c8,571,431,140,16,0.22177192568778992,success,2026-08-04,
classical_musopen_215977f7d168__180s,classical_musopen_215977f7d168,classical,validation,180.0,features/chroma/180s/classical/validation/classical_musopen_215977f7d168__180s.npz,205971e9e75f4739988b434ce00170aafda4d8aa57240d71bd59dd1a9ab24d06,features/pitch_v2/180s/classical/validation/classical_musopen_215977f7d168__180s.npz,06ce73becc72a8a91fb7bc38d145592e2b4175d1081c62000479c26f8c2f2006,172e7094b7a170b50058cc2cfb72f89054f951dc2bf8506ae0e3381d3977a7c8,304,240,64,16,0.2261783629655838,success,2026-08-04,
classical_musopen_215977f7d168__300s,classical_musopen_215977f7d168,classical,validation,300.0,features/chroma/300s/classical/validation/classical_musopen_215977f7d168__300s.npz,57d7f17d45e6246ae589bea50bf073825b09ff80214f8d62ab6d628b14883558,features/pitch_v2/300s/classical/validation/classical_musopen_215977f7d168__300s.npz,c1f3a5307ceb4f441f6e106eaf34923eaef3dd78ddd91d416cf3074c1d346d97,172e7094b7a170b50058cc2cfb72f89054f951dc2bf8506ae0e3381d3977a7c8,562,433,129,16,0.22610116004943848,success,2026-08-04,
classical_musopen_22818b508e94__180s,classical_musopen_22818b508e94,classical,discovery,180.0,features/chroma/180s/classical/discovery/classical_musopen_22818b508e94__180s.npz,3c7f2355924925e94a62a73e07ec68bbb0f77b5f3810923a28a9339a4b0e807a,features/pitch_v2/180s/classical/discovery/classical_musopen_22818b508e94__180s.npz,eac5d913671850b53fa2ea8c21b66788c047f9a736d4ad851f65de3632a5f82d,172e7094b7a170b50058cc2cfb72f89054f951dc2bf8506ae0e3381d3977a7c8,301,238,63,13,0.21628326177597046,success,2026-08-04,
classical_musopen_22818b508e94__300s,classical_musopen_22818b508e94,classical,discovery,300.0,features/chroma/300s/classical/discovery/classical_musopen_22818b508e94__300s.npz,3c7f2355924925e94a62a73e07ec68bbb0f77b5f3810923a28a9339a4b0e807a,features/pitch_v2/300s/classical/discovery/classical_musopen_22818b508e94__300s.npz,eac5d913671850b53fa2ea8c21b66788c047f9a736d4ad851f65de3632a5f82d,172e7094b7a170b50058cc2cfb72f89054f951dc2bf8506ae0e3381d3977a7c8,301,238,63,13,0.21628326177597046,success,2026-08-04,
classical_musopen_2431e0d1cb75__180s,classical_musopen_2431e0d1cb75,classical,discovery,180.0,features/chroma/180s/classical/discovery/classical_musopen_2431e0d1cb75__180s.npz,f15090cec811ff093065c12d0ebcf9ccb72769b3df825c102313000399701e73,features/pitch_v2/180s/classical/discovery/classical_musopen_2431e0d1cb75__180s.npz,7204ba43b2d982b1a2850a6138e06fa23798a0a34278091695966c63d2419c97,172e7094b7a170b50058cc2cfb72f89054f951dc2bf8506ae0e3381d3977a7c8,195,163,32,11,0.23286911845207214,success,2026-08-04,
classical_musopen_2431e0d1cb75__300s,classical_musopen_2431e0d1cb75,classical,discovery,300.0,features/chroma/300s/classical/discovery/classical_musopen_2431e0d1cb75__300s.npz,f15090cec811ff093065c12d0ebcf9ccb72769b3df825c102313000399701e73,features/pitch_v2/300s/classical/discovery/classical_musopen_2431e0d1cb75__300s.npz,7204ba43b2d982b1a2850a6138e06fa23798a0a34278091695966c63d2419c97,172e7094b7a170b50058cc2cfb72f89054f951dc2bf8506ae0e3381d3977a7c8,195,163,32,11,0.23286911845207214,success,2026-08-04,
classical_musopen_25c64baa9139__180s,classical_musopen_25c64baa9139,classical,validation,180.0,features/chroma/180s/classical/validation/classical_musopen_25c64baa9139__180s.npz,27371ef006ff1a6d44485fccbe5bffb40deb3308b262e364c81ebb31375369ee,features/pitch_v2/180s/classical/validation/classical_musopen_25c64baa9139__180s.npz,ef5a5e37f2970484d2b579ac47d90fc0ac29c4f488fdb1fd1426c32e4244941f,172e7094b7a170b50058cc2cfb72f89054f951dc2bf8506ae0e3381d3977a7c8,366,301,65,16,0.23065876960754395,success,2026-08-04,
classical_musopen_25c64baa9139__300s,classical_musopen_25c64baa9139,classical,validation,300.0,features/chroma/300s/classical/validation/classical_musopen_25c64baa9139__300s.npz,3b397052db14a7481bf32fe693452ca78f63338641bdd6f8c9c2e20cdc6f01ad,features/pitch_v2/300s/classical/validation/classical_musopen_25c64baa9139__300s.npz,19af841def3634ea025090532e21dc31015af67bc146c2e711cc60a230e673d6,172e7094b7a170b50058cc2cfb72f89054f951dc2bf8506ae0e3381d3977a7c8,620,506,114,16,0.23145826160907745,success,2026-08-04,
classical_musopen_267eb0cfe9bf__180s,classical_musopen_267eb0cfe9bf,classical,discovery,180.0,features/chroma/180s/classical/discovery/classical_musopen_267eb0cfe9bf__180s.npz,7059c1ea7a4c632e16c50c6a8c23ddb30712b8c8e53eb98a3927f736987343cb,features/pitch_v2/180s/classical/discovery/classical_musopen_267eb0cfe9bf__180s.npz,de1f6282d9ddd733f3bb07b3f63c00c316c0d1181cf15dee326433cd35cd5592,172e7094b7a170b50058cc2cfb72f89054f951dc2bf8506ae0e3381d3977a7c8,428,344,84,16,0.20589804649353027,success,2026-08-04,
classical_musopen_267eb0cfe9bf__300s,classical_musopen_267eb0cfe9bf,classical,discovery,300.0,features/chroma/300s/classical/discovery/classical_musopen_267eb0cfe9bf__300s.npz,cd8905dec9ef3321689c4277aa4c0dba395f4be44c81ff9555729c9fe2c91f7e,features/pitch_v2/300s/classical/discovery/classical_musopen_267eb0cfe9bf__300s.npz,383bd0dc0dae44078ac9b254a217e9fd322e053ce60667a832ab935e0a2129ae,172e7094b7a170b50058cc2cfb72f89054f951dc2bf8506ae0e3381d3977a7c8,716,566,150,16,0.21203142404556274,success,2026-08-04,
classical_musopen_26a41c433b68__180s,classical_musopen_26a41c433b68,classical,discovery,180.0,features/chroma/180s/classical/discovery/classical_musopen_26a41c433b68__180s.npz,dcdc62e8187e3236433d9ca18f86995e33059883e524a3700472eb819335ebf8,features/pitch_v2/180s/classical/discovery/classical_musopen_26a41c433b68__180s.npz,a33700efc726c2a78aa90f02b5e5cf71ed6ec37a10c154950c635addbeaeaefd,172e7094b7a170b50058cc2cfb72f89054f951dc2bf8506ae0e3381d3977a7c8,194,146,48,13,0.2122783362865448,success,2026-08-04,
classical_musopen_26a41c433b68__300s,classical_musopen_26a41c433b68,classical,discovery,300.0,features/chroma/300s/classical/discovery/classical_musopen_26a41c433b68__300s.npz,dcdc62e8187e3236433d9ca18f86995e33059883e524a3700472eb819335ebf8,features/pitch_v2/300s/classical/discovery/classical_musopen_26a41c433b68__300s.npz,a33700efc726c2a78aa90f02b5e5cf71ed6ec37a10c154950c635addbeaeaefd,172e7094b7a170b50058cc2cfb72f89054f951dc2bf8506ae0e3381d3977a7c8,194,146,48,13,0.2122783362865448,success,2026-08-04,
classical_musopen_26b6da893e99__180s,classical_musopen_26b6da893e99,classical,holdout,180.0,features/chroma/180s/classical/holdout/classical_musopen_26b6da893e99__180s.npz,8db9a483b2a66596af5307ba1099cfa23e886feb13636e880c1c4f78e8ae373a,features/pitch_v2/180s/classical/holdout/classical_musopen_26b6da893e99__180s.npz,cc2d7af331c2b42a765cee6a36bffc8ea5009feebae96952f49ddd7e9b1b22bf,172e7094b7a170b50058cc2cfb72f89054f951dc2bf8506ae0e3381d3977a7c8,363,296,67,16,0.22677510976791382,success,2026-08-04,
classical_musopen_26b6da893e99__300s,classical_musopen_26b6da893e99,classical,holdout,300.0,features/chroma/300s/classical/holdout/classical_musopen_26b6da893e99__300s.npz,296e729001aa5f59218336f7c015f314208aca91c6087e76a69fae97e26b600b,features/pitch_v2/300s/classical/holdout/classical_musopen_26b6da893e99__300s.npz,da31fee354784029582b9b6c1487b938d14b9529f7beb0c90724eb34c8a7b930,172e7094b7a170b50058cc2cfb72f89054f951dc2bf8506ae0e3381d3977a7c8,623,515,108,16,0.22190040349960327,success,2026-08-04,
classical_musopen_281136d63fb7__180s,classical_musopen_281136d63fb7,classical,validation,180.0,features/chroma/180s/classical/validation/classical_musopen_281136d63fb7__180s.npz,b7415f5a4a7548a8d5035556d5d5d0e523607fce88112c1ae394d5ef8fa6ec78,features/pitch_v2/180s/classical/validation/classical_musopen_281136d63fb7__180s.npz,676016d08beba0c82b8a29521888c359de76ef28f0e0157942955f2f80f57fde,172e7094b7a170b50058cc2cfb72f89054f951dc2bf8506ae0e3381d3977a7c8,398,340,58,16,0.23292039334774017,success,2026-08-04,
classical_musopen_281136d63fb7__300s,classical_musopen_281136d63fb7,classical,validation,300.0,features/chroma/300s/classical/validation/classical_musopen_281136d63fb7__300s.npz,f1e78be9629c13a68ef760bdab3a43a246e10eb676ef64872c5d377c67e701cc,features/pitch_v2/300s/classical/validation/classical_musopen_281136d63fb7__300s.npz,8fe008b04c6e8d0795f3bea2dd157177e5fa4adc60fe345231b5de943280e2aa,172e7094b7a170b50058cc2cfb72f89054f951dc2bf8506ae0e3381d3977a7c8,678,572,106,16,0.23059546947479248,success,2026-08-04,
classical_musopen_2873bce09ec4__180s,classical_musopen_2873bce09ec4,classical,validation,180.0,features/chroma/180s/classical/validation/classical_musopen_2873bce09ec4__180s.npz,59731331ad97bdf12296fc309bfc8a872dd754b31f81749bbdffef55515e85c5,features/pitch_v2/180s/classical/validation/classical_musopen_2873bce09ec4__180s.npz,0417757c30ce8c7f8e25353e350c469fe591abe0eeeed43ee1dcc7a8e290e7f7,172e7094b7a170b50058cc2cfb72f89054f951dc2bf8506ae0e3381d3977a7c8,385,316,69,16,0.23737597465515137,success,2026-08-04,
classical_musopen_2873bce09ec4__300s,classical_musopen_2873bce09ec4,classical,validation,300.0,features/chroma/300s/classical/validation/classical_musopen_2873bce09ec4__300s.npz,c88a6d0e06442ea7b51f1f0436c37f1fb37b3cc6945153ed4a7f55ad30798543,features/pitch_v2/300s/classical/validation/classical_musopen_2873bce09ec4__300s.npz,922860f79385212bfdf3f1c55d588d24dccdb5b385b87d1118356a1c2632c1c3,172e7094b7a170b50058cc2cfb72f89054f951dc2bf8506ae0e3381d3977a7c8,664,550,114,16,0.2312353253364563,success,2026-08-04,
classical_musopen_28b2abb46028__180s,classical_musopen_28b2abb46028,classical,validation,180.0,features/chroma/180s/classical/validation/classical_musopen_28b2abb46028__180s.npz,1495c690229aef16395c90bf59cc09ee8ea878c36ad5330b93202427b137fee5,features/pitch_v2/180s/classical/validation/classical_musopen_28b2abb46028__180s.npz,158db02dbb807ae502654dda6c917f1ab6fc10558e652f6a974e1fc629ab3e22,172e7094b7a170b50058cc2cfb72f89054f951dc2bf8506ae0e3381d3977a7c8,391,317,74,16,0.259583055973053,success,2026-08-04,
classical_musopen_28b2abb46028__300s,classical_musopen_28b2abb46028,classical,validation,300.0,features/chroma/300s/classical/validation/classical_musopen_28b2abb46028__300s.npz,ceb85d9e3ab6aa38fb236048c4f97c624970d7a83c75934bfda4a11a57dc44c2,features/pitch_v2/300s/classical/validation/classical_musopen_28b2abb46028__300s.npz,934678a86dba40358dc93ff72f3fd4e6d01accbc51a6cbc707cd277cf0b22b2e,172e7094b7a170b50058cc2cfb72f89054f951dc2bf8506ae0e3381d3977a7c8,867,722,145,16,0.26688823103904724,success,2026-08-04,
classical_musopen_2bb770b12fae__180s,classical_musopen_2bb770b12fae,classical,holdout,180.0,features/chroma/180s/classical/holdout/classical_musopen_2bb770b12fae__180s.npz,775c94e9d2c819e01322a25bbbebc14537aa7bb59cadb88f67fc121e1809fc93,features/pitch_v2/180s/classical/holdout/classical_musopen_2bb770b12fae__180s.npz,b55ce95400cb9cffbca28fbf557d012da0d61341dc9dd484abe676d5c4676c41,172e7094b7a170b50058cc2cfb72f89054f951dc2bf8506ae0e3381d3977a7c8,383,297,86,15,0.2147579938173294,success,2026-08-04,
classical_musopen_2bb770b12fae__300s,classical_musopen_2bb770b12fae,classical,holdout,300.0,features/chroma/300s/classical/holdout/classical_musopen_2bb770b12fae__300s.npz,16bfe9b089c2d7b9a75e28c53d7d6f62dd2696ff9859588bea5b02dbe9365011,features/pitch_v2/300s/classical/holdout/classical_musopen_2bb770b12fae__300s.npz,10ffce42e1cfbd6916035c257755011f86d55ed45e655f29eb0ea32662b923aa,172e7094b7a170b50058cc2cfb72f89054f951dc2bf8506ae0e3381d3977a7c8,634,478,156,16,0.21315857768058777,success,2026-08-04,
classical_musopen_2ca1fc27dc8e__180s,classical_musopen_2ca1fc27dc8e,classical,holdout,180.0,features/chroma/180s/classical/holdout/classical_musopen_2ca1fc27dc8e__180s.npz,c0d0d689f51074875e35c128e693608d27790dd6220f4f0a5aa9da2d3bd9549d,features/pitch_v2/180s/classical/holdout/classical_musopen_2ca1fc27dc8e__180s.npz,da963eb8f0e85c83fd6cde1e55a92bb161492bf42f249617f6e7c0dedb6b7020,172e7094b7a170b50058cc2cfb72f89054f951dc2bf8506ae0e3381d3977a7c8,394,318,76,16,0.2267512083053589,success,2026-08-04,
classical_musopen_2ca1fc27dc8e__300s,classical_musopen_2ca1fc27dc8e,classical,holdout,300.0,features/chroma/300s/classical/holdout/classical_musopen_2ca1fc27dc8e__300s.npz,1769a8ffed518a468c881bfab2930fb4a2816f7f40c137c0b3f449d62e971ba7,features/pitch_v2/300s/classical/holdout/classical_musopen_2ca1fc27dc8e__300s.npz,e1cded5e5a3bb2fddc3cb71446223ae6a8612d9d47d83cc1b4c1bebd1843fac5,172e7094b7a170b50058cc2cfb72f89054f951dc2bf8506ae0e3381d3977a7c8,626,512,114,16,0.22153985500335693,success,2026-08-04,
classical_musopen_33730045e3a6__180s,classical_musopen_33730045e3a6,classical,validation,180.0,features/chroma/180s/classical/validation/classical_musopen_33730045e3a6__180s.npz,10825cb461f5a058839b705ee708ce7d5464ee64edcd558c5144bf42d7f1bdb0,features/pitch_v2/180s/classical/validation/classical_musopen_33730045e3a6__180s.npz,2c1b2678a3973ee0ac3495fb1c7d4c711aa4b1c50a62f50f2c67426baa25cf50,172e7094b7a170b50058cc2cfb72f89054f951dc2bf8506ae0e3381d3977a7c8,343,261,82,16,0.24782128632068634,success,2026-08-04,
classical_musopen_33730045e3a6__300s,classical_musopen_33730045e3a6,classical,validation,300.0,features/chroma/300s/classical/validation/classical_musopen_33730045e3a6__300s.npz,65c42b6199543fa565f768890b4164cdce4598fd26eefeb80513593c26e837c4,features/pitch_v2/300s/classical/validation/classical_musopen_33730045e3a6__300s.npz,9d8545de49e0f758c43b9d5679376345d054c687c0d04d416619b3286090be65,172e7094b7a170b50058cc2cfb72f89054f951dc2bf8506ae0e3381d3977a7c8,567,428,139,16,0.2417297214269638,success,2026-08-04,
classical_musopen_373729be509d__180s,classical_musopen_373729be509d,classical,validation,180.0,features/chroma/180s/classical/validation/classical_musopen_373729be509d__180s.npz,7f759ad43b82ebd1ac14e94fb9418bfbe8678789bc6120fd1f5fae9ea17ea4b1,features/pitch_v2/180s/classical/validation/classical_musopen_373729be509d__180s.npz,4781a9eaf2cb9d1fef015c934e3c56f0b551c9b46bc96db6a91ffa8fa05b418c,172e7094b7a170b50058cc2cfb72f89054f951dc2bf8506ae0e3381d3977a7c8,459,381,78,15,0.2389799952507019,success,2026-08-04,
classical_musopen_373729be509d__300s,classical_musopen_373729be509d,classical,validation,300.0,features/chroma/300s/classical/validation/classical_musopen_373729be509d__300s.npz,faf13920a7fa4f5792cf416df9b980cf5bd008dc42856dbfd1f2693c27c32845,features/pitch_v2/300s/classical/validation/classical_musopen_373729be509d__300s.npz,a3edd4fdffc5f191328dd8f4268f936bf4be2f8479acf3ab67c0b98eacf63661,172e7094b7a170b50058cc2cfb72f89054f951dc2bf8506ae0e3381d3977a7c8,760,617,143,16,0.2416934221982956,success,2026-08-04,
classical_musopen_39eaf7f62acd__180s,classical_musopen_39eaf7f62acd,classical,discovery,180.0,features/chroma/180s/classical/discovery/classical_musopen_39eaf7f62acd__180s.npz,f057e999748c49d7a2055e7581652a6a469af1a136534a05cc6b831c21523b6c,features/pitch_v2/180s/classical/discovery/classical_musopen_39eaf7f62acd__180s.npz,499da1685d50fbfa5467c72874e181153c9062c29f9f3d2c22d3d28a29651bbf,172e7094b7a170b50058cc2cfb72f89054f951dc2bf8506ae0e3381d3977a7c8,369,328,41,14,0.23637095093727112,success,2026-08-04,
classical_musopen_39eaf7f62acd__300s,classical_musopen_39eaf7f62acd,classical,discovery,300.0,features/chroma/300s/classical/discovery/classical_musopen_39eaf7f62acd__300s.npz,dcd32c7f591685fa8ad003a1041b60a2c469daa5007bf974de0e8ae68d8d6de6,features/pitch_v2/300s/classical/discovery/classical_musopen_39eaf7f62acd__300s.npz,3f2ba4abc8e16432f3c68d74987605bd5cbb4376bd6fb7b868a58d55c1f486fa,172e7094b7a170b50058cc2cfb72f89054f951dc2bf8506ae0e3381d3977a7c8,756,685,71,14,0.23130467534065247,success,2026-08-04,
classical_musopen_3d194a9bdaa5__180s,classical_musopen_3d194a9bdaa5,classical,discovery,180.0,features/chroma/180s/classical/discovery/classical_musopen_3d194a9bdaa5__180s.npz,f17723d369c6722388dabc608fe9ca47d967754a15627cab6239ea72126ee70b,features/pitch_v2/180s/classical/discovery/classical_musopen_3d194a9bdaa5__180s.npz,b9aee17b0ab659e29f96d62368b316b4662892a2bd9daaee2628e616324ed5c5,172e7094b7a170b50058cc2cfb72f89054f951dc2bf8506ae0e3381d3977a7c8,155,125,30,12,0.21642358601093292,success,2026-08-04,
classical_musopen_3d194a9bdaa5__300s,classical_musopen_3d194a9bdaa5,classical,discovery,300.0,features/chroma/300s/classical/discovery/classical_musopen_3d194a9bdaa5__300s.npz,f17723d369c6722388dabc608fe9ca47d967754a15627cab6239ea72126ee70b,features/pitch_v2/300s/classical/discovery/classical_musopen_3d194a9bdaa5__300s.npz,b9aee17b0ab659e29f96d62368b316b4662892a2bd9daaee2628e616324ed5c5,172e7094b7a170b50058cc2cfb72f89054f951dc2bf8506ae0e3381d3977a7c8,155,125,30,12,0.21642358601093292,success,2026-08-04,
classical_musopen_3f120e57880d__180s,classical_musopen_3f120e57880d,classical,discovery,180.0,features/chroma/180s/classical/discovery/classical_musopen_3f120e57880d__180s.npz,567f2bcc0ad96f628d60b6ccbbae31795203b28776936a463d7279aceb9d32cf,features/pitch_v2/180s/classical/discovery/classical_musopen_3f120e57880d__180s.npz,b422eb6a204b06c32420b9d97d1b512f7dc6d627d573870c78bf61fe58a7993a,172e7094b7a170b50058cc2cfb72f89054f951dc2bf8506ae0e3381d3977a7c8,313,238,75,15,0.20547205209732056,success,2026-08-04,
classical_musopen_3f120e57880d__300s,classical_musopen_3f120e57880d,classical,discovery,300.0,features/chroma/300s/classical/discovery/classical_musopen_3f120e57880d__300s.npz,685b223cfdf69dcb7fc98f0b5913b8762d9dca1204d3c058f549dcf4dd8af65f,features/pitch_v2/300s/classical/discovery/classical_musopen_3f120e57880d__300s.npz,6fb1527fda4bf3d09c00ea9e3b19f8de7a392f0e168100f8ca92afb59e18d7f9,172e7094b7a170b50058cc2cfb72f89054f951dc2bf8506ae0e3381d3977a7c8,522,401,121,16,0.20298510789871216,success,2026-08-04,
classical_musopen_40a2fd43125a__180s,classical_musopen_40a2fd43125a,classical,validation,180.0,features/chroma/180s/classical/validation/classical_musopen_40a2fd43125a__180s.npz,71c3aadb2f4b67f3ad354511e624e7ba67b8ea3a89ad1d28b78a2b04f9fecea3,features/pitch_v2/180s/classical/validation/classical_musopen_40a2fd43125a__180s.npz,0d1e4dae421cd96e4c61940d99b8bd21c36848041d97a816c979683c440c4063,172e7094b7a170b50058cc2cfb72f89054f951dc2bf8506ae0e3381d3977a7c8,426,373,53,16,0.2522675096988678,success,2026-08-04,
classical_musopen_40a2fd43125a__300s,classical_musopen_40a2fd43125a,classical,validation,300.0,features/chroma/300s/classical/validation/classical_musopen_40a2fd43125a__300s.npz,d0160ce99d9ca2f24705cfc4f5bca1240616423acfa411b7e19bb605ce2b5d5f,features/pitch_v2/300s/classical/validation/classical_musopen_40a2fd43125a__300s.npz,4513e96e920a740fb2e5db783ade2309a9a1df5e8155bafbb5259b40512ea5e4,172e7094b7a170b50058cc2cfb72f89054f951dc2bf8506ae0e3381d3977a7c8,619,533,86,16,0.23291264474391937,success,2026-08-04,
classical_musopen_414d9c796be3__180s,classical_musopen_414d9c796be3,classical,validation,180.0,features/chroma/180s/classical/validation/classical_musopen_414d9c796be3__180s.npz,3c37a7d311add317063cf8fa0b630737ad4232c1ef47367c6a4cc0cd92f43e59,features/pitch_v2/180s/classical/validation/classical_musopen_414d9c796be3__180s.npz,4dc1ff2c7ce122e7b2fa633f495289eca340ee40022d1fd43d069b4e677a9fc6,172e7094b7a170b50058cc2cfb72f89054f951dc2bf8506ae0e3381d3977a7c8,407,299,108,16,0.21309641003608704,success,2026-08-04,
classical_musopen_414d9c796be3__300s,classical_musopen_414d9c796be3,classical,validation,300.0,features/chroma/300s/classical/validation/classical_musopen_414d9c796be3__300s.npz,1e66977e8d3bee615ef89e3ac4a0ad377fd038f9a41c109a0d7d8f11215225a1,features/pitch_v2/300s/classical/validation/classical_musopen_414d9c796be3__300s.npz,df6ea42bb8064b1f86ef1cf97b547836826f2979283afc142a66ba07f286d4fb,172e7094b7a170b50058cc2cfb72f89054f951dc2bf8506ae0e3381d3977a7c8,677,523,154,16,0.214443176984787,success,2026-08-04,
classical_musopen_4832911d08b7__180s,classical_musopen_4832911d08b7,classical,discovery,180.0,features/chroma/180s/classical/discovery/classical_musopen_4832911d08b7__180s.npz,ca767f7f92964889366e63847eabcbea3dec5ba60439c03287c455841bb47e37,features/pitch_v2/180s/classical/discovery/classical_musopen_4832911d08b7__180s.npz,02797b36eb1dfa6d7f32ed716249a3b135fcfb90ff6cc9aeb2374fc71c248ba9,172e7094b7a170b50058cc2cfb72f89054f951dc2bf8506ae0e3381d3977a7c8,257,194,63,12,0.20401069521903992,success,2026-08-04,
classical_musopen_4832911d08b7__300s,classical_musopen_4832911d08b7,classical,discovery,300.0,features/chroma/300s/classical/discovery/classical_musopen_4832911d08b7__300s.npz,ca767f7f92964889366e63847eabcbea3dec5ba60439c03287c455841bb47e37,features/pitch_v2/300s/classical/discovery/classical_musopen_4832911d08b7__300s.npz,02797b36eb1dfa6d7f32ed716249a3b135fcfb90ff6cc9aeb2374fc71c248ba9,172e7094b7a170b50058cc2cfb72f89054f951dc2bf8506ae0e3381d3977a7c8,257,194,63,12,0.20401069521903992,success,2026-08-04,
classical_musopen_4ebac9c72c1e__180s,classical_musopen_4ebac9c72c1e,classical,discovery,180.0,features/chroma/180s/classical/discovery/classical_musopen_4ebac9c72c1e__180s.npz,df29f1f3f374c6ac0f830ab83885a969b71917e28a4b147bad90c48efc42b7b9,features/pitch_v2/180s/classical/discovery/classical_musopen_4ebac9c72c1e__180s.npz,da5409119e7d8e8d338ed2d7d7a9935fdb11eb41cfed9458e619bc242ac72cac,172e7094b7a170b50058cc2cfb72f89054f951dc2bf8506ae0e3381d3977a7c8,135,100,35,12,0.21727889776229858,success,2026-08-04,
classical_musopen_4ebac9c72c1e__300s,classical_musopen_4ebac9c72c1e,classical,discovery,300.0,features/chroma/300s/classical/discovery/classical_musopen_4ebac9c72c1e__300s.npz,df29f1f3f374c6ac0f830ab83885a969b71917e28a4b147bad90c48efc42b7b9,features/pitch_v2/300s/classical/discovery/classical_musopen_4ebac9c72c1e__300s.npz,da5409119e7d8e8d338ed2d7d7a9935fdb11eb41cfed9458e619bc242ac72cac,172e7094b7a170b50058cc2cfb72f89054f951dc2bf8506ae0e3381d3977a7c8,135,100,35,12,0.21727889776229858,success,2026-08-04,
classical_musopen_5118ccc9f4d0__180s,classical_musopen_5118ccc9f4d0,classical,holdout,180.0,features/chroma/180s/classical/holdout/classical_musopen_5118ccc9f4d0__180s.npz,26e6dab61b5ec46e50e7c98da1ae69c550ec7866f33c4b61b3c31313e2645eb6,features/pitch_v2/180s/classical/holdout/classical_musopen_5118ccc9f4d0__180s.npz,d386d165f7aa9be29f3323557e2812fd9467336b3eb6828e146eafd57479bec3,172e7094b7a170b50058cc2cfb72f89054f951dc2bf8506ae0e3381d3977a7c8,381,317,64,16,0.19794194400310516,success,2026-08-04,
classical_musopen_5118ccc9f4d0__300s,classical_musopen_5118ccc9f4d0,classical,holdout,300.0,features/chroma/300s/classical/holdout/classical_musopen_5118ccc9f4d0__300s.npz,a1ddf703c63406511a6e3009ee21685e77fda110bbef5d3b889a78f97a9e1f0e,features/pitch_v2/300s/classical/holdout/classical_musopen_5118ccc9f4d0__300s.npz,3f5785c5f41d6d9dafa57b1432bc879a95c178192cf668cd1358e2c9254a1896,172e7094b7a170b50058cc2cfb72f89054f951dc2bf8506ae0e3381d3977a7c8,623,517,106,16,0.20552071928977966,success,2026-08-04,
classical_musopen_53427878778a__180s,classical_musopen_53427878778a,classical,validation,180.0,features/chroma/180s/classical/validation/classical_musopen_53427878778a__180s.npz,a3459eb2f2c42c5de3516d910ca65dc7da1d5cc20d1a55ad549aa216bf017189,features/pitch_v2/180s/classical/validation/classical_musopen_53427878778a__180s.npz,76040bf0707e49e8ed8cfb81bc4eb8c230ee68890a4e590048e3a13ad3e060a4,172e7094b7a170b50058cc2cfb72f89054f951dc2bf8506ae0e3381d3977a7c8,426,374,52,16,0.22273224592208862,success,2026-08-04,
classical_musopen_53427878778a__300s,classical_musopen_53427878778a,classical,validation,300.0,features/chroma/300s/classical/validation/classical_musopen_53427878778a__300s.npz,3b42772a7a06103108ab721d62cfb937a556de6812081e9e2bd7dac10a40b0e3,features/pitch_v2/300s/classical/validation/classical_musopen_53427878778a__300s.npz,081e1457c951b7050c11a3193e113b9a0ac32401efa6a4979573225c22f6e9d7,172e7094b7a170b50058cc2cfb72f89054f951dc2bf8506ae0e3381d3977a7c8,812,716,96,16,0.2222728133201599,success,2026-08-04,
classical_musopen_5b78471c4c9d__180s,classical_musopen_5b78471c4c9d,classical,discovery,180.0,features/chroma/180s/classical/discovery/classical_musopen_5b78471c4c9d__180s.npz,2eeab59e8d3f4d16f2baa1e4cc2c235f18a5ab81f935b0e41dba69e9c2f62f9a,features/pitch_v2/180s/classical/discovery/classical_musopen_5b78471c4c9d__180s.npz,cd6768e49d61c2de5d8151d83e8c09647e626ccac3a4b0cb380bdec49ee16f07,172e7094b7a170b50058cc2cfb72f89054f951dc2bf8506ae0e3381d3977a7c8,187,126,61,12,0.22514909505844116,success,2026-08-04,
classical_musopen_5b78471c4c9d__300s,classical_musopen_5b78471c4c9d,classical,discovery,300.0,features/chroma/300s/classical/discovery/classical_musopen_5b78471c4c9d__300s.npz,2eeab59e8d3f4d16f2baa1e4cc2c235f18a5ab81f935b0e41dba69e9c2f62f9a,features/pitch_v2/300s/classical/discovery/classical_musopen_5b78471c4c9d__300s.npz,cd6768e49d61c2de5d8151d83e8c09647e626ccac3a4b0cb380bdec49ee16f07,172e7094b7a170b50058cc2cfb72f89054f951dc2bf8506ae0e3381d3977a7c8,187,126,61,12,0.22514909505844116,success,2026-08-04,
classical_musopen_5f1728c240a1__180s,classical_musopen_5f1728c240a1,classical,discovery,180.0,features/chroma/180s/classical/discovery/classical_musopen_5f1728c240a1__180s.npz,0277300d03f50ca8d9f7d91b9d4c99c5418735db251f81f5d219175916e655a1,features/pitch_v2/180s/classical/discovery/classical_musopen_5f1728c240a1__180s.npz,7b4f0baa05602f09173407e5e1051df1ad76a4689b6e22c5c37787026320c12e,172e7094b7a170b50058cc2cfb72f89054f951dc2bf8506ae0e3381d3977a7c8,468,375,93,16,0.2375100702047348,success,2026-08-04,
classical_musopen_5f1728c240a1__300s,classical_musopen_5f1728c240a1,classical,discovery,300.0,features/chroma/300s/classical/discovery/classical_musopen_5f1728c240a1__300s.npz,caf21d58d56ecffaaeb4f239dd8af5298d6cd010027b725bdd5bd383597f5925,features/pitch_v2/300s/classical/discovery/classical_musopen_5f1728c240a1__300s.npz,36043cf40ee233b6f97a1bb4b39e4bbb034474a64240cae3ce724b48aba8262c,172e7094b7a170b50058cc2cfb72f89054f951dc2bf8506ae0e3381d3977a7c8,803,644,159,16,0.2360185980796814,success,2026-08-04,
classical_musopen_6288d37e8273__180s,classical_musopen_6288d37e8273,classical,discovery,180.0,features/chroma/180s/classical/discovery/classical_musopen_6288d37e8273__180s.npz,29342b6d6c30bfb9cd81be2e534213a6fe99b38100781d58a17cd79b02533105,features/pitch_v2/180s/classical/discovery/classical_musopen_6288d37e8273__180s.npz,d7a202fb8c5e6c538abdfdc8cd1f4a3e0b412516c9af2a843472de7ee02d7ff2,172e7094b7a170b50058cc2cfb72f89054f951dc2bf8506ae0e3381d3977a7c8,222,170,52,13,0.20193150639533997,success,2026-08-04,
classical_musopen_6288d37e8273__300s,classical_musopen_6288d37e8273,classical,discovery,300.0,features/chroma/300s/classical/discovery/classical_musopen_6288d37e8273__300s.npz,29342b6d6c30bfb9cd81be2e534213a6fe99b38100781d58a17cd79b02533105,features/pitch_v2/300s/classical/discovery/classical_musopen_6288d37e8273__300s.npz,d7a202fb8c5e6c538abdfdc8cd1f4a3e0b412516c9af2a843472de7ee02d7ff2,172e7094b7a170b50058cc2cfb72f89054f951dc2bf8506ae0e3381d3977a7c8,222,170,52,13,0.20193150639533997,success,2026-08-04,
classical_musopen_631eca7e6359__180s,classical_musopen_631eca7e6359,classical,validation,180.0,features/chroma/180s/classical/validation/classical_musopen_631eca7e6359__180s.npz,c8e10d413252f310a2adcabc0b4c14a73bdac636f83f19804b6262fbf62dbffb,features/pitch_v2/180s/classical/validation/classical_musopen_631eca7e6359__180s.npz,127eea668da801f44080857c87ba26d43945e04c6d0b6eaead7511aca92521f1,172e7094b7a170b50058cc2cfb72f89054f951dc2bf8506ae0e3381d3977a7c8,387,329,58,13,0.2790258526802063,success,2026-08-04,
classical_musopen_631eca7e6359__300s,classical_musopen_631eca7e6359,classical,validation,300.0,features/chroma/300s/classical/validation/classical_musopen_631eca7e6359__300s.npz,defe992fe5acb7258a5e3d8a639183d231535eacd2b3934cfd57a4780f51ee22,features/pitch_v2/300s/classical/validation/classical_musopen_631eca7e6359__300s.npz,79f64630280c5254ba75850a6e39b9768d19a1c92541674c9391c83cfb5fd3da,172e7094b7a170b50058cc2cfb72f89054f951dc2bf8506ae0e3381d3977a7c8,580,487,93,14,0.28022608160972595,success,2026-08-04,
classical_musopen_66e009cc7ce8__180s,classical_musopen_66e009cc7ce8,classical,validation,180.0,features/chroma/180s/classical/validation/classical_musopen_66e009cc7ce8__180s.npz,280336602e41a49e26aeac4b2b981cad774354e722475469679203dc0b179adb,features/pitch_v2/180s/classical/validation/classical_musopen_66e009cc7ce8__180s.npz,a1f64694bf01db2b6c567bf323100733777d0a0b8fbe2a0e7fed79a414b8503f,172e7094b7a170b50058cc2cfb72f89054f951dc2bf8506ae0e3381d3977a7c8,321,251,70,16,0.25024640560150146,success,2026-08-04,
classical_musopen_66e009cc7ce8__300s,classical_musopen_66e009cc7ce8,classical,validation,300.0,features/chroma/300s/classical/validation/classical_musopen_66e009cc7ce8__300s.npz,9cfb6a0bd71df5a4d4d6431a67dc5f84c4e83ce4578c22bac6024b19db466357,features/pitch_v2/300s/classical/validation/classical_musopen_66e009cc7ce8__300s.npz,c4e67ebf4a0613803da8fb550354f09f0383736037cae4f1d8993df309d4cbd4,172e7094b7a170b50058cc2cfb72f89054f951dc2bf8506ae0e3381d3977a7c8,532,426,106,16,0.24152405560016632,success,2026-08-04,
classical_musopen_67f1921ea1d2__180s,classical_musopen_67f1921ea1d2,classical,discovery,180.0,features/chroma/180s/classical/discovery/classical_musopen_67f1921ea1d2__180s.npz,190c71792e140733770d64240db1c3577f8024df5699e29ebd26abc0962f15d8,features/pitch_v2/180s/classical/discovery/classical_musopen_67f1921ea1d2__180s.npz,752d4808e41e346451bb8e848e812815e2b71b9db4a93f36998a6a881f23fd91,172e7094b7a170b50058cc2cfb72f89054f951dc2bf8506ae0e3381d3977a7c8,201,155,46,13,0.21739210188388824,success,2026-08-04,
classical_musopen_67f1921ea1d2__300s,classical_musopen_67f1921ea1d2,classical,discovery,300.0,features/chroma/300s/classical/discovery/classical_musopen_67f1921ea1d2__300s.npz,190c71792e140733770d64240db1c3577f8024df5699e29ebd26abc0962f15d8,features/pitch_v2/300s/classical/discovery/classical_musopen_67f1921ea1d2__300s.npz,752d4808e41e346451bb8e848e812815e2b71b9db4a93f36998a6a881f23fd91,172e7094b7a170b50058cc2cfb72f89054f951dc2bf8506ae0e3381d3977a7c8,201,155,46,13,0.21739210188388824,success,2026-08-04,
classical_musopen_6911e41c184d__180s,classical_musopen_6911e41c184d,classical,discovery,180.0,features/chroma/180s/classical/discovery/classical_musopen_6911e41c184d__180s.npz,c60b177698df54a80771a25566fe73a98c7cb55a8fe54b203ff3cd462cfc0f2e,features/pitch_v2/180s/classical/discovery/classical_musopen_6911e41c184d__180s.npz,5046604c1333470c4f22eb21bb6b7b6c82ebd5da0398def833b4069624f0250d,172e7094b7a170b50058cc2cfb72f89054f951dc2bf8506ae0e3381d3977a7c8,201,144,57,11,0.21583877503871918,success,2026-08-04,
classical_musopen_6911e41c184d__300s,classical_musopen_6911e41c184d,classical,discovery,300.0,features/chroma/300s/classical/discovery/classical_musopen_6911e41c184d__300s.npz,c60b177698df54a80771a25566fe73a98c7cb55a8fe54b203ff3cd462cfc0f2e,features/pitch_v2/300s/classical/discovery/classical_musopen_6911e41c184d__300s.npz,5046604c1333470c4f22eb21bb6b7b6c82ebd5da0398def833b4069624f0250d,172e7094b7a170b50058cc2cfb72f89054f951dc2bf8506ae0e3381d3977a7c8,201,144,57,11,0.21583877503871918,success,2026-08-04,
classical_musopen_6c30622a4e97__180s,classical_musopen_6c30622a4e97,classical,discovery,180.0,features/chroma/180s/classical/discovery/classical_musopen_6c30622a4e97__180s.npz,9e0abdb38c60f56ef323458391bfc891739a3b41462bb9180bc6314808f4a620,features/pitch_v2/180s/classical/discovery/classical_musopen_6c30622a4e97__180s.npz,5574b4e250fe1ad84e4a6d0190962f2b3862da2babaf258d0a0c6117e1212353,172e7094b7a170b50058cc2cfb72f89054f951dc2bf8506ae0e3381d3977a7c8,212,168,44,13,0.2154947817325592,success,2026-08-04,
classical_musopen_6c30622a4e97__300s,classical_musopen_6c30622a4e97,classical,discovery,300.0,features/chroma/300s/classical/discovery/classical_musopen_6c30622a4e97__300s.npz,9e0abdb38c60f56ef323458391bfc891739a3b41462bb9180bc6314808f4a620,features/pitch_v2/300s/classical/discovery/classical_musopen_6c30622a4e97__300s.npz,5574b4e250fe1ad84e4a6d0190962f2b3862da2babaf258d0a0c6117e1212353,172e7094b7a170b50058cc2cfb72f89054f951dc2bf8506ae0e3381d3977a7c8,212,168,44,13,0.2154947817325592,success,2026-08-04,
classical_musopen_715f07ea34cd__180s,classical_musopen_715f07ea34cd,classical,holdout,180.0,features/chroma/180s/classical/holdout/classical_musopen_715f07ea34cd__180s.npz,057fa581eb2dc11731a3c9a7ca0e72270d321b4fd57ca0444d443e0a9a40a170,features/pitch_v2/180s/classical/holdout/classical_musopen_715f07ea34cd__180s.npz,b1fd725e2258773feec431c2148dfa3fc4c0569a2971a2959f300c1e67610036,172e7094b7a170b50058cc2cfb72f89054f951dc2bf8506ae0e3381d3977a7c8,418,345,73,16,0.22016432881355286,success,2026-08-04,
classical_musopen_715f07ea34cd__300s,classical_musopen_715f07ea34cd,classical,holdout,300.0,features/chroma/300s/classical/holdout/classical_musopen_715f07ea34cd__300s.npz,247738637f996684ed5a935d5cd15cde27fb4f4be4946f77c94df4781862f9e4,features/pitch_v2/300s/classical/holdout/classical_musopen_715f07ea34cd__300s.npz,fd54bb998f230971861d0e3258d3165e52d0f516d34c4e3f4d1496d82db86fc4,172e7094b7a170b50058cc2cfb72f89054f951dc2bf8506ae0e3381d3977a7c8,756,627,129,16,0.21506480872631073,success,2026-08-04,
classical_musopen_738d2a0f7b4c__180s,classical_musopen_738d2a0f7b4c,classical,discovery,180.0,features/chroma/180s/classical/discovery/classical_musopen_738d2a0f7b4c__180s.npz,885bb009551c4b35c4d4554d37791d3d90eddee92cc574f60cbd4cd16eecb1f1,features/pitch_v2/180s/classical/discovery/classical_musopen_738d2a0f7b4c__180s.npz,780c02078c8b8a3800a6245a01822de57718eeda1dc0af641e79f6b2644da02e,172e7094b7a170b50058cc2cfb72f89054f951dc2bf8506ae0e3381d3977a7c8,205,158,47,14,0.21934112906455994,success,2026-08-04,
classical_musopen_738d2a0f7b4c__300s,classical_musopen_738d2a0f7b4c,classical,discovery,300.0,features/chroma/300s/classical/discovery/classical_musopen_738d2a0f7b4c__300s.npz,885bb009551c4b35c4d4554d37791d3d90eddee92cc574f60cbd4cd16eecb1f1,features/pitch_v2/300s/classical/discovery/classical_musopen_738d2a0f7b4c__300s.npz,780c02078c8b8a3800a6245a01822de57718eeda1dc0af641e79f6b2644da02e,172e7094b7a170b50058cc2cfb72f89054f951dc2bf8506ae0e3381d3977a7c8,205,158,47,14,0.21934112906455994,success,2026-08-04,
classical_musopen_76480b1bf8fd__180s,classical_musopen_76480b1bf8fd,classical,discovery,180.0,features/chroma/180s/classical/discovery/classical_musopen_76480b1bf8fd__180s.npz,7109740db52f291194c3cf4d104eb6febc214548432f98b6402af81288f0014d,features/pitch_v2/180s/classical/discovery/classical_musopen_76480b1bf8fd__180s.npz,3165bb9dc2e2812a2b0bdd421cb5ae595db427c0d5c6544dd826ca400210d849,172e7094b7a170b50058cc2cfb72f89054f951dc2bf8506ae0e3381d3977a7c8,374,287,87,16,0.21801607310771942,success,2026-08-04,
classical_musopen_76480b1bf8fd__300s,classical_musopen_76480b1bf8fd,classical,discovery,300.0,features/chroma/300s/classical/discovery/classical_musopen_76480b1bf8fd__300s.npz,be65035435c72e8ddee39dd198b2dded0fe4aaf0feb1ed1da8fff3b55b01db88,features/pitch_v2/300s/classical/discovery/classical_musopen_76480b1bf8fd__300s.npz,bb9097eeddae2ce0af4a80f8952992d3d1844047202e6130854ce21d8ef05a7e,172e7094b7a170b50058cc2cfb72f89054f951dc2bf8506ae0e3381d3977a7c8,646,520,126,16,0.21968600153923035,success,2026-08-04,
classical_musopen_7c2a6aff83ae__180s,classical_musopen_7c2a6aff83ae,classical,validation,180.0,features/chroma/180s/classical/validation/classical_musopen_7c2a6aff83ae__180s.npz,a4c71b69674da10aab54d0fa757f852f273745f9b335794f9a8853486b827b9f,features/pitch_v2/180s/classical/validation/classical_musopen_7c2a6aff83ae__180s.npz,b5dbd99b9f3214c76a5fe6d01f023d2ddd6af7bddc20ad57caa80c7ae4ad85da,172e7094b7a170b50058cc2cfb72f89054f951dc2bf8506ae0e3381d3977a7c8,388,330,58,15,0.2722264528274536,success,2026-08-04,
classical_musopen_7c2a6aff83ae__300s,classical_musopen_7c2a6aff83ae,classical,validation,300.0,features/chroma/300s/classical/validation/classical_musopen_7c2a6aff83ae__300s.npz,bf5e7609683ee759acf9ead73f39d21dc34f648bdf607055c58cb35ee41a2cbc,features/pitch_v2/300s/classical/validation/classical_musopen_7c2a6aff83ae__300s.npz,3eee7c4a07f9d5e0644e1587c1c3d6df4b601d6772bd6eb653509464dea61479,172e7094b7a170b50058cc2cfb72f89054f951dc2bf8506ae0e3381d3977a7c8,651,551,100,15,0.26976901292800903,success,2026-08-04,
classical_musopen_85b8d83993e5__180s,classical_musopen_85b8d83993e5,classical,validation,180.0,features/chroma/180s/classical/validation/classical_musopen_85b8d83993e5__180s.npz,f5261422c63649bfedce41a0b7bda30702a29d62fe8cf1e225ba80cd3ef70761,features/pitch_v2/180s/classical/validation/classical_musopen_85b8d83993e5__180s.npz,2c9e7938013b548812b378f1ff957bfb0a294260dc3dc478b0f91aac3cfdf3f8,172e7094b7a170b50058cc2cfb72f89054f951dc2bf8506ae0e3381d3977a7c8,335,280,55,15,0.24957358837127686,success,2026-08-04,
classical_musopen_85b8d83993e5__300s,classical_musopen_85b8d83993e5,classical,validation,300.0,features/chroma/300s/classical/validation/classical_musopen_85b8d83993e5__300s.npz,5efa42a467a2957a2dbc051d99d0d9e435f30161644c2a57c233004f98bab8c8,features/pitch_v2/300s/classical/validation/classical_musopen_85b8d83993e5__300s.npz,14c39d41ec22006eb384ca70021dd6c9468890b342cbf32a8424fdd37f05e0dc,172e7094b7a170b50058cc2cfb72f89054f951dc2bf8506ae0e3381d3977a7c8,420,356,64,15,0.24792033433914185,success,2026-08-04,
classical_musopen_860ce064b48c__180s,classical_musopen_860ce064b48c,classical,discovery,180.0,features/chroma/180s/classical/discovery/classical_musopen_860ce064b48c__180s.npz,f1a7bd370f884b8c5106e6aa8b4cba1bd5f0d732eaa8a019894e7740dd674414,features/pitch_v2/180s/classical/discovery/classical_musopen_860ce064b48c__180s.npz,b58ce35710b4179c3f42d6ba6eef72320985eaac02b3caed4be322680fd18204,172e7094b7a170b50058cc2cfb72f89054f951dc2bf8506ae0e3381d3977a7c8,299,236,63,16,0.2214578092098236,success,2026-08-04,
classical_musopen_860ce064b48c__300s,classical_musopen_860ce064b48c,classical,discovery,300.0,features/chroma/300s/classical/discovery/classical_musopen_860ce064b48c__300s.npz,f1a7bd370f884b8c5106e6aa8b4cba1bd5f0d732eaa8a019894e7740dd674414,features/pitch_v2/300s/classical/discovery/classical_musopen_860ce064b48c__300s.npz,b58ce35710b4179c3f42d6ba6eef72320985eaac02b3caed4be322680fd18204,172e7094b7a170b50058cc2cfb72f89054f951dc2bf8506ae0e3381d3977a7c8,299,236,63,16,0.2214578092098236,success,2026-08-04,
classical_musopen_88dae15b633b__180s,classical_musopen_88dae15b633b,classical,holdout,180.0,features/chroma/180s/classical/holdout/classical_musopen_88dae15b633b__180s.npz,dc1e447b38287ffefcaf430842706595ebffab0eaf5e190b913ccc394099e5fb,features/pitch_v2/180s/classical/holdout/classical_musopen_88dae15b633b__180s.npz,b315fd00aac9f04d4d88a7ad1cba028ffcc2454977b290d37efc444490bae352,172e7094b7a170b50058cc2cfb72f89054f951dc2bf8506ae0e3381d3977a7c8,305,252,53,16,0.21633094549179077,success,2026-08-04,
classical_musopen_88dae15b633b__300s,classical_musopen_88dae15b633b,classical,holdout,300.0,features/chroma/300s/classical/holdout/classical_musopen_88dae15b633b__300s.npz,aceb5f9b2992b6b6cccbb963acce365a16badd5d0c2a6f0c51133633cb6812f4,features/pitch_v2/300s/classical/holdout/classical_musopen_88dae15b633b__300s.npz,27e265ceb42ac7fb9c2648c73a3b664a81f4cd86bfe6b3ee46926fd3e07eb1c4,172e7094b7a170b50058cc2cfb72f89054f951dc2bf8506ae0e3381d3977a7c8,687,544,143,16,0.21913999319076538,success,2026-08-04,
classical_musopen_8b402eee923c__180s,classical_musopen_8b402eee923c,classical,validation,180.0,features/chroma/180s/classical/validation/classical_musopen_8b402eee923c__180s.npz,3f5b6ad627d62eae1dac606f7832dd1fb8beeae23f66c9e0414714d2ad159328,features/pitch_v2/180s/classical/validation/classical_musopen_8b402eee923c__180s.npz,c8449279850c514a0fb8c97ceb23e463106459b59b6d83348bd33fb07d1b6845,172e7094b7a170b50058cc2cfb72f89054f951dc2bf8506ae0e3381d3977a7c8,391,300,91,16,0.23053792119026184,success,2026-08-04,
classical_musopen_8b402eee923c__300s,classical_musopen_8b402eee923c,classical,validation,300.0,features/chroma/300s/classical/validation/classical_musopen_8b402eee923c__300s.npz,1367f869a1efddbf1ed4bab59ba546b847a7cc6bdbddc98a234fa4828a3bb43d,features/pitch_v2/300s/classical/validation/classical_musopen_8b402eee923c__300s.npz,d0059d0ed4db2d96ab5ccce8b92ea468b2107855a3d9528eb121e47faecc2e0c,172e7094b7a170b50058cc2cfb72f89054f951dc2bf8506ae0e3381d3977a7c8,659,507,152,16,0.222150981426239,success,2026-08-04,
classical_musopen_8c1a75b7bf5d__180s,classical_musopen_8c1a75b7bf5d,classical,discovery,180.0,features/chroma/180s/classical/discovery/classical_musopen_8c1a75b7bf5d__180s.npz,0d5867f730ea6f0893fd9b43bd60b5d9ec2df2fad9676981c18977e57b790d1f,features/pitch_v2/180s/classical/discovery/classical_musopen_8c1a75b7bf5d__180s.npz,5b7f533a5de6fa8d1eeac97180e52b3a11d019fa8cf34eee935b01d136d209bb,172e7094b7a170b50058cc2cfb72f89054f951dc2bf8506ae0e3381d3977a7c8,483,389,94,16,0.21109725534915924,success,2026-08-04,
classical_musopen_8c1a75b7bf5d__300s,classical_musopen_8c1a75b7bf5d,classical,discovery,300.0,features/chroma/300s/classical/discovery/classical_musopen_8c1a75b7bf5d__300s.npz,862debd534ee0422c7e722fee324e4f34bba1b15344ca7b8e613816dbf6546e4,features/pitch_v2/300s/classical/discovery/classical_musopen_8c1a75b7bf5d__300s.npz,69d25f3da2580debed9586841315d9ab44cf41a81b78fe5b676f2f04d6b7eba9,172e7094b7a170b50058cc2cfb72f89054f951dc2bf8506ae0e3381d3977a7c8,802,651,151,16,0.21561938524246216,success,2026-08-04,
classical_musopen_8f00b775156a__180s,classical_musopen_8f00b775156a,classical,discovery,180.0,features/chroma/180s/classical/discovery/classical_musopen_8f00b775156a__180s.npz,adb6946bb50c889c98d87ec19e586faeb048ab27d01f788a455ea17c09a12ae4,features/pitch_v2/180s/classical/discovery/classical_musopen_8f00b775156a__180s.npz,a0bf69a5767470f73f69602a0a34fb387fb737b673aae34430508d6792524c4f,172e7094b7a170b50058cc2cfb72f89054f951dc2bf8506ae0e3381d3977a7c8,337,264,73,16,0.22993266582489014,success,2026-08-04,
classical_musopen_8f00b775156a__300s,classical_musopen_8f00b775156a,classical,discovery,300.0,features/chroma/300s/classical/discovery/classical_musopen_8f00b775156a__300s.npz,69e891c026170b442ed603e916df15a781f3142185482d81f8bd37dabec245f4,features/pitch_v2/300s/classical/discovery/classical_musopen_8f00b775156a__300s.npz,13657bef20c96601e762b1c3f24284ed69a819b0d30803283ca6a8e005249060,172e7094b7a170b50058cc2cfb72f89054f951dc2bf8506ae0e3381d3977a7c8,550,441,109,16,0.22369617223739624,success,2026-08-04,
classical_musopen_909c6ffb1fa0__180s,classical_musopen_909c6ffb1fa0,classical,discovery,180.0,features/chroma/180s/classical/discovery/classical_musopen_909c6ffb1fa0__180s.npz,19b787b1eb5889b43a448cd843418fcace515dc762c9a49e816f3c601cac75f3,features/pitch_v2/180s/classical/discovery/classical_musopen_909c6ffb1fa0__180s.npz,82f74cb2238ad1710ff486ae98948229574d06baf71199c58ea119adcf1b451e,172e7094b7a170b50058cc2cfb72f89054f951dc2bf8506ae0e3381d3977a7c8,341,263,78,13,0.22040219604969025,success,2026-08-04,
classical_musopen_909c6ffb1fa0__300s,classical_musopen_909c6ffb1fa0,classical,discovery,300.0,features/chroma/300s/classical/discovery/classical_musopen_909c6ffb1fa0__300s.npz,b3aebb6fdd7c5a61422138fca5a873d71e5cda03a630e428fe2509113c23a86c,features/pitch_v2/300s/classical/discovery/classical_musopen_909c6ffb1fa0__300s.npz,5bf598ff277f5363efcdd7b9ff7cb1890d74e41726472f2835d52fd6e21178da,172e7094b7a170b50058cc2cfb72f89054f951dc2bf8506ae0e3381d3977a7c8,483,381,102,13,0.21722982823848724,success,2026-08-04,
classical_musopen_90f0e736fe47__180s,classical_musopen_90f0e736fe47,classical,discovery,180.0,features/chroma/180s/classical/discovery/classical_musopen_90f0e736fe47__180s.npz,acf8e3b0870df296070457c326945abe91bd9dfb471f956c82f7602dac5b1019,features/pitch_v2/180s/classical/discovery/classical_musopen_90f0e736fe47__180s.npz,af8d86d5e024dd5d990de01b0e1ad7c661651fe8e01e04e19068e1f985a1e261,172e7094b7a170b50058cc2cfb72f89054f951dc2bf8506ae0e3381d3977a7c8,195,155,40,12,0.2098986953496933,success,2026-08-04,
classical_musopen_90f0e736fe47__300s,classical_musopen_90f0e736fe47,classical,discovery,300.0,features/chroma/300s/classical/discovery/classical_musopen_90f0e736fe47__300s.npz,acf8e3b0870df296070457c326945abe91bd9dfb471f956c82f7602dac5b1019,features/pitch_v2/300s/classical/discovery/classical_musopen_90f0e736fe47__300s.npz,af8d86d5e024dd5d990de01b0e1ad7c661651fe8e01e04e19068e1f985a1e261,172e7094b7a170b50058cc2cfb72f89054f951dc2bf8506ae0e3381d3977a7c8,195,155,40,12,0.2098986953496933,success,2026-08-04,
classical_musopen_97fae7a3dfae__180s,classical_musopen_97fae7a3dfae,classical,validation,180.0,features/chroma/180s/classical/validation/classical_musopen_97fae7a3dfae__180s.npz,3721b5a10442c04d56e6479a9676b5b523efb5d1482b6cc06539bd7690a3e3c0,features/pitch_v2/180s/classical/validation/classical_musopen_97fae7a3dfae__180s.npz,a6c8375d6d32b20a010ba10d4a290e3efaf3e2e292f510fed1e22e8354c3595b,172e7094b7a170b50058cc2cfb72f89054f951dc2bf8506ae0e3381d3977a7c8,357,279,78,16,0.22422587871551514,success,2026-08-04,
classical_musopen_97fae7a3dfae__300s,classical_musopen_97fae7a3dfae,classical,validation,300.0,features/chroma/300s/classical/validation/classical_musopen_97fae7a3dfae__300s.npz,1da71bb75397c7019d6cddb2567eeffb0c8c37f958f69d673ad44ae0079d5232,features/pitch_v2/300s/classical/validation/classical_musopen_97fae7a3dfae__300s.npz,356398d8ccf109c2654c4fae75d284eb2aa7d1f890861c04ecc9c07323e020a5,172e7094b7a170b50058cc2cfb72f89054f951dc2bf8506ae0e3381d3977a7c8,528,424,104,16,0.22086340188980103,success,2026-08-04,
classical_musopen_9887c7fd8762__180s,classical_musopen_9887c7fd8762,classical,discovery,180.0,features/chroma/180s/classical/discovery/classical_musopen_9887c7fd8762__180s.npz,712a8ab049e10993ab19f77df90972931d5ea67dc58430c61e8e9f4e7b887906,features/pitch_v2/180s/classical/discovery/classical_musopen_9887c7fd8762__180s.npz,c671c45493541e331cce2d8618a1b7ce0b74a9251a99e59d0903ffafb0cd6205,172e7094b7a170b50058cc2cfb72f89054f951dc2bf8506ae0e3381d3977a7c8,131,112,19,13,0.20061978697776794,success,2026-08-04,
classical_musopen_9887c7fd8762__300s,classical_musopen_9887c7fd8762,classical,discovery,300.0,features/chroma/300s/classical/discovery/classical_musopen_9887c7fd8762__300s.npz,712a8ab049e10993ab19f77df90972931d5ea67dc58430c61e8e9f4e7b887906,features/pitch_v2/300s/classical/discovery/classical_musopen_9887c7fd8762__300s.npz,c671c45493541e331cce2d8618a1b7ce0b74a9251a99e59d0903ffafb0cd6205,172e7094b7a170b50058cc2cfb72f89054f951dc2bf8506ae0e3381d3977a7c8,131,112,19,13,0.20061978697776794,success,2026-08-04,
classical_musopen_9a95a1b73779__180s,classical_musopen_9a95a1b73779,classical,holdout,180.0,features/chroma/180s/classical/holdout/classical_musopen_9a95a1b73779__180s.npz,9c20cff949d01f3ddd29ad668458e22e16997562246139811b0395eb5e9f6fa1,features/pitch_v2/180s/classical/holdout/classical_musopen_9a95a1b73779__180s.npz,635cd21912adeb1198bfe9bd22ddbfc500a19696a35b76db211c2a15d1309959,172e7094b7a170b50058cc2cfb72f89054f951dc2bf8506ae0e3381d3977a7c8,343,252,91,16,0.22311127185821533,success,2026-08-04,
classical_musopen_9a95a1b73779__300s,classical_musopen_9a95a1b73779,classical,holdout,300.0,features/chroma/300s/classical/holdout/classical_musopen_9a95a1b73779__300s.npz,cc201631c025a1d0ab01769b8bb0c4d0b74392449a5ccaebd7ffee5782d50c07,features/pitch_v2/300s/classical/holdout/classical_musopen_9a95a1b73779__300s.npz,3db1d2486c45f37235d4940bb117bbd53ff73ca3025913e1cb2d37c6d1cd5da9,172e7094b7a170b50058cc2cfb72f89054f951dc2bf8506ae0e3381d3977a7c8,622,463,159,16,0.221383735537529,success,2026-08-04,
classical_musopen_9d607b626772__180s,classical_musopen_9d607b626772,classical,discovery,180.0,features/chroma/180s/classical/discovery/classical_musopen_9d607b626772__180s.npz,cd437a630e14dd5b5a549f29f3235f0106b3eebc8d49d4101a65a2116896c56c,features/pitch_v2/180s/classical/discovery/classical_musopen_9d607b626772__180s.npz,5afa5674532c2a711a6a84d6d356a312b64fd20417b48b85328598587d87b745,172e7094b7a170b50058cc2cfb72f89054f951dc2bf8506ae0e3381d3977a7c8,352,277,75,16,0.20297780632972717,success,2026-08-04,
classical_musopen_9d607b626772__300s,classical_musopen_9d607b626772,classical,discovery,300.0,features/chroma/300s/classical/discovery/classical_musopen_9d607b626772__300s.npz,add3d2423101c06401af8dca5cf102d4e02c8af7fc3796e74479c4abbdf6840f,features/pitch_v2/300s/classical/discovery/classical_musopen_9d607b626772__300s.npz,4d4c91b49ee472d85018d7d04189fda335bcbcfe7b3556bbadbe6ea3350139bf,172e7094b7a170b50058cc2cfb72f89054f951dc2bf8506ae0e3381d3977a7c8,587,450,137,16,0.20817552506923676,success,2026-08-04,
classical_musopen_9e03803778c4__180s,classical_musopen_9e03803778c4,classical,validation,180.0,features/chroma/180s/classical/validation/classical_musopen_9e03803778c4__180s.npz,8c7e31fd232af2f098e049f723b453fd34b2f2c628232c68ca8c767eb4b49eb8,features/pitch_v2/180s/classical/validation/classical_musopen_9e03803778c4__180s.npz,3745a37d3d2780e0b48a83ecad2db63173cc607923bde08dfde5409f33c6db15,172e7094b7a170b50058cc2cfb72f89054f951dc2bf8506ae0e3381d3977a7c8,344,291,53,16,0.2320680171251297,success,2026-08-04,
classical_musopen_9e03803778c4__300s,classical_musopen_9e03803778c4,classical,validation,300.0,features/chroma/300s/classical/validation/classical_musopen_9e03803778c4__300s.npz,93890fed32e91175a82e6f110a647291ed0097c9b7ebbfbafa4cf7ca1d62b4c3,features/pitch_v2/300s/classical/validation/classical_musopen_9e03803778c4__300s.npz,1763b210b3a0c03d2fa22eac986df002a6f3f10a2b11e08196145c8fbfa3509e,172e7094b7a170b50058cc2cfb72f89054f951dc2bf8506ae0e3381d3977a7c8,619,519,100,16,0.22676365077495575,success,2026-08-04,
classical_musopen_9e92b1162c06__180s,classical_musopen_9e92b1162c06,classical,validation,180.0,features/chroma/180s/classical/validation/classical_musopen_9e92b1162c06__180s.npz,eab9e65a2c578de76f20aed4eda7bd2c4674a51ccbeaa5e7ec6e910d77934c30,features/pitch_v2/180s/classical/validation/classical_musopen_9e92b1162c06__180s.npz,dff96b7ef97ac8a5edfa46c0569214e0ed168b8cc830cc4fe2649dc1627e1a29,172e7094b7a170b50058cc2cfb72f89054f951dc2bf8506ae0e3381d3977a7c8,389,308,81,16,0.23217801749706268,success,2026-08-04,
classical_musopen_9e92b1162c06__300s,classical_musopen_9e92b1162c06,classical,validation,300.0,features/chroma/300s/classical/validation/classical_musopen_9e92b1162c06__300s.npz,d3550aacd065a43db19ed6e0bce5055be421df7641424e119ade20d9d08ad728,features/pitch_v2/300s/classical/validation/classical_musopen_9e92b1162c06__300s.npz,58603d41625d7b17a4c3913d4440d870d3072ebe7eb8ebe335143b993d4eb90a,172e7094b7a170b50058cc2cfb72f89054f951dc2bf8506ae0e3381d3977a7c8,650,523,127,16,0.23153844475746155,success,2026-08-04,
classical_musopen_a1e65e9cab92__180s,classical_musopen_a1e65e9cab92,classical,validation,180.0,features/chroma/180s/classical/validation/classical_musopen_a1e65e9cab92__180s.npz,674171f9cf2874b9fd1e2687b8a3775fc41461e7298cc73374aec731e15f49f0,features/pitch_v2/180s/classical/validation/classical_musopen_a1e65e9cab92__180s.npz,646e2e70523bec202c88d94cdb7c77c3ac2b2287f193d665817717d4d075cdd4,172e7094b7a170b50058cc2cfb72f89054f951dc2bf8506ae0e3381d3977a7c8,355,287,68,15,0.2500323951244354,success,2026-08-04,
classical_musopen_a1e65e9cab92__300s,classical_musopen_a1e65e9cab92,classical,validation,300.0,features/chroma/300s/classical/validation/classical_musopen_a1e65e9cab92__300s.npz,b5e99ca59353c37e81a3f1936c00893dde48faf7c6188d272d6b46b25d88fcc8,features/pitch_v2/300s/classical/validation/classical_musopen_a1e65e9cab92__300s.npz,7fa05c1e89f44a85166782118b5562db0032b6c00d41ba3e16c45b2aceaa712e,172e7094b7a170b50058cc2cfb72f89054f951dc2bf8506ae0e3381d3977a7c8,583,483,100,16,0.2613469362258911,success,2026-08-04,
classical_musopen_ad4d8a90f9bc__180s,classical_musopen_ad4d8a90f9bc,classical,validation,180.0,features/chroma/180s/classical/validation/classical_musopen_ad4d8a90f9bc__180s.npz,2ce89b5fbf0613637596febbdf687628ad7f655db3d5146d2be6f4a72dc253e6,features/pitch_v2/180s/classical/validation/classical_musopen_ad4d8a90f9bc__180s.npz,b3cd7c2d36970e7ec35454d411e5ba49179e620c324e8448c3bba2827470a571,172e7094b7a170b50058cc2cfb72f89054f951dc2bf8506ae0e3381d3977a7c8,312,251,61,16,0.2257315069437027,success,2026-08-04,
classical_musopen_ad4d8a90f9bc__300s,classical_musopen_ad4d8a90f9bc,classical,validation,300.0,features/chroma/300s/classical/validation/classical_musopen_ad4d8a90f9bc__300s.npz,1ff82041a9875b3c024435e184d83a9a030e97ae3a0ffedd9ab9b62a482224c9,features/pitch_v2/300s/classical/validation/classical_musopen_ad4d8a90f9bc__300s.npz,4a68ba0697c71490acba07b9bf9d1d6e2f289e0e68529c3f27d4a6431a014f8b,172e7094b7a170b50058cc2cfb72f89054f951dc2bf8506ae0e3381d3977a7c8,519,423,96,16,0.22221866250038147,success,2026-08-04,
classical_musopen_af6a2556f0c9__180s,classical_musopen_af6a2556f0c9,classical,discovery,180.0,features/chroma/180s/classical/discovery/classical_musopen_af6a2556f0c9__180s.npz,9f7477e7607a694a1190e1df67f8969c67f4212de63648b2218115e0fb811535,features/pitch_v2/180s/classical/discovery/classical_musopen_af6a2556f0c9__180s.npz,b9053517847bc6472d9508d1b4dceaf422d272b235b75050e435210f426c7a61,172e7094b7a170b50058cc2cfb72f89054f951dc2bf8506ae0e3381d3977a7c8,387,313,74,15,0.2482966035604477,success,2026-08-04,
classical_musopen_af6a2556f0c9__300s,classical_musopen_af6a2556f0c9,classical,discovery,300.0,features/chroma/300s/classical/discovery/classical_musopen_af6a2556f0c9__300s.npz,9f7477e7607a694a1190e1df67f8969c67f4212de63648b2218115e0fb811535,features/pitch_v2/300s/classical/discovery/classical_musopen_af6a2556f0c9__300s.npz,b9053517847bc6472d9508d1b4dceaf422d272b235b75050e435210f426c7a61,172e7094b7a170b50058cc2cfb72f89054f951dc2bf8506ae0e3381d3977a7c8,387,313,74,15,0.2482966035604477,success,2026-08-04,
classical_musopen_b5e0f49dce63__180s,classical_musopen_b5e0f49dce63,classical,validation,180.0,features/chroma/180s/classical/validation/classical_musopen_b5e0f49dce63__180s.npz,b4aae901fd2c806bbfcad8fa48c1f2f746a1bcfdbf9f740618ad4572c628ac4f,features/pitch_v2/180s/classical/validation/classical_musopen_b5e0f49dce63__180s.npz,e948b57d17f6b60a08293fcea4239e640342bba6e64647f1bf3d268b94e6900e,172e7094b7a170b50058cc2cfb72f89054f951dc2bf8506ae0e3381d3977a7c8,411,334,77,16,0.24077390134334564,success,2026-08-04,
classical_musopen_b5e0f49dce63__300s,classical_musopen_b5e0f49dce63,classical,validation,300.0,features/chroma/300s/classical/validation/classical_musopen_b5e0f49dce63__300s.npz,2fc5b366a8b9d01c46a81557fcd61f910a9bbd9a4d2020a00d157a7f9e73a635,features/pitch_v2/300s/classical/validation/classical_musopen_b5e0f49dce63__300s.npz,0cf0237d61c1dd19c07b74cd43ec662649e70bc9e830c6c493fa3a5a5a0bb5ba,172e7094b7a170b50058cc2cfb72f89054f951dc2bf8506ae0e3381d3977a7c8,681,565,116,16,0.228338360786438,success,2026-08-04,
classical_musopen_baea77fb0fba__180s,classical_musopen_baea77fb0fba,classical,validation,180.0,features/chroma/180s/classical/validation/classical_musopen_baea77fb0fba__180s.npz,24e42fd53d0cf873c4b741d5f61c9ae3b505e59c7d5eaeb625abcbec9cee2291,features/pitch_v2/180s/classical/validation/classical_musopen_baea77fb0fba__180s.npz,42b9b3450a1a982c3bfd84dd577d55ff0f0e829c582644ef1e260c3e3c97982b,172e7094b7a170b50058cc2cfb72f89054f951dc2bf8506ae0e3381d3977a7c8,410,343,67,16,0.216553196310997,success,2026-08-04,
classical_musopen_baea77fb0fba__300s,classical_musopen_baea77fb0fba,classical,validation,300.0,features/chroma/300s/classical/validation/classical_musopen_baea77fb0fba__300s.npz,e2fb6c7cc75ea17efece7f3e99473efb10fa18f3d36579e250e378e1163b94aa,features/pitch_v2/300s/classical/validation/classical_musopen_baea77fb0fba__300s.npz,d5de4493af01339efabc36c0abaa4e1002a7a2c35b98c37af805aae0328c5fc8,172e7094b7a170b50058cc2cfb72f89054f951dc2bf8506ae0e3381d3977a7c8,670,574,96,16,0.22861945629119873,success,2026-08-04,
classical_musopen_bb045bab8875__180s,classical_musopen_bb045bab8875,classical,discovery,180.0,features/chroma/180s/classical/discovery/classical_musopen_bb045bab8875__180s.npz,c42902c90bebec652bc3db2c8bb2958632380d27b90687d6abbd75400cfc5612,features/pitch_v2/180s/classical/discovery/classical_musopen_bb045bab8875__180s.npz,5b21434c5b55db529e7a3b44a8b3a7cc5adc091fdde1e0a2530a479fe4227be6,172e7094b7a170b50058cc2cfb72f89054f951dc2bf8506ae0e3381d3977a7c8,206,156,50,13,0.1998632550239563,success,2026-08-04,
classical_musopen_bb045bab8875__300s,classical_musopen_bb045bab8875,classical,discovery,300.0,features/chroma/300s/classical/discovery/classical_musopen_bb045bab8875__300s.npz,c42902c90bebec652bc3db2c8bb2958632380d27b90687d6abbd75400cfc5612,features/pitch_v2/300s/classical/discovery/classical_musopen_bb045bab8875__300s.npz,5b21434c5b55db529e7a3b44a8b3a7cc5adc091fdde1e0a2530a479fe4227be6,172e7094b7a170b50058cc2cfb72f89054f951dc2bf8506ae0e3381d3977a7c8,206,156,50,13,0.1998632550239563,success,2026-08-04,
classical_musopen_bb26f6675995__180s,classical_musopen_bb26f6675995,classical,validation,180.0,features/chroma/180s/classical/validation/classical_musopen_bb26f6675995__180s.npz,b227aad21ecc2cc336ab608b4b822e492f44d83fffb3e8510256881e392d4eca,features/pitch_v2/180s/classical/validation/classical_musopen_bb26f6675995__180s.npz,5588563266a6eb14c0d41b58f9c255c44eeb46692db85d7dce63181d0f327ec9,172e7094b7a170b50058cc2cfb72f89054f951dc2bf8506ae0e3381d3977a7c8,449,362,87,16,0.21681152284145355,success,2026-08-04,
classical_musopen_bb26f6675995__300s,classical_musopen_bb26f6675995,classical,validation,300.0,features/chroma/300s/classical/validation/classical_musopen_bb26f6675995__300s.npz,71b439c8a04b99a6542430971821a3d99abf98dc447656ae1325bc0c13af2543,features/pitch_v2/300s/classical/validation/classical_musopen_bb26f6675995__300s.npz,7887fb7cbde59ce587262d38627c1410b0c93a16a38210ab40a36e83b1fa4b2f,172e7094b7a170b50058cc2cfb72f89054f951dc2bf8506ae0e3381d3977a7c8,755,592,163,16,0.2158263623714447,success,2026-08-04,
classical_musopen_c080ce7f8b19__180s,classical_musopen_c080ce7f8b19,classical,discovery,180.0,features/chroma/180s/classical/discovery/classical_musopen_c080ce7f8b19__180s.npz,7f6ce244b32db78ee2538105379464408d30f4295d1fc7b269b8d6577a0ca14b,features/pitch_v2/180s/classical/discovery/classical_musopen_c080ce7f8b19__180s.npz,fd9c675d30c5da484d5c625987997528af77128c78918e20f6da29e4347f7f98,172e7094b7a170b50058cc2cfb72f89054f951dc2bf8506ae0e3381d3977a7c8,385,304,81,16,0.21916663646697998,success,2026-08-04,
classical_musopen_c080ce7f8b19__300s,classical_musopen_c080ce7f8b19,classical,discovery,300.0,features/chroma/300s/classical/discovery/classical_musopen_c080ce7f8b19__300s.npz,ff6de242fb4d1c598db9e0919e0ba070c70aa6a36ca8b38eec023110c95bdad7,features/pitch_v2/300s/classical/discovery/classical_musopen_c080ce7f8b19__300s.npz,7132d7ab78f99f29562106e0a8082d38825c74a758da33e4736a39c2a0c8bde1,172e7094b7a170b50058cc2cfb72f89054f951dc2bf8506ae0e3381d3977a7c8,648,512,136,16,0.21245108544826508,success,2026-08-04,
classical_musopen_c6602c75c700__180s,classical_musopen_c6602c75c700,classical,discovery,180.0,features/chroma/180s/classical/discovery/classical_musopen_c6602c75c700__180s.npz,e27e9da791a7816f0112eaaaab7160c8a99c7ff6fa2ccb553504947a16d864f1,features/pitch_v2/180s/classical/discovery/classical_musopen_c6602c75c700__180s.npz,e75be53e431d820ef0a6365380255aa7013ddb416b358708d51622f9bc22b6b6,172e7094b7a170b50058cc2cfb72f89054f951dc2bf8506ae0e3381d3977a7c8,447,364,83,16,0.21586020290851593,success,2026-08-04,
classical_musopen_c6602c75c700__300s,classical_musopen_c6602c75c700,classical,discovery,300.0,features/chroma/300s/classical/discovery/classical_musopen_c6602c75c700__300s.npz,29d378221124d5c8015fb6b36f7980c0fbf72658655194d1c96dc0a6eff19d5e,features/pitch_v2/300s/classical/discovery/classical_musopen_c6602c75c700__300s.npz,dfd6c35a666b28eb15cee797e0521e5bd36470e768ebe328211d375ef9c6b621,172e7094b7a170b50058cc2cfb72f89054f951dc2bf8506ae0e3381d3977a7c8,555,457,98,16,0.21302710473537445,success,2026-08-04,
classical_musopen_c678e65ee624__180s,classical_musopen_c678e65ee624,classical,discovery,180.0,features/chroma/180s/classical/discovery/classical_musopen_c678e65ee624__180s.npz,a3e6b84513ecf4ef4a87295435efabef1b3687ac67c653f0d24d0aecc4a0d4b2,features/pitch_v2/180s/classical/discovery/classical_musopen_c678e65ee624__180s.npz,4130491ce6430f3366e22df23e39b0c404e4b3aab20b2210b7e9d6fe851b8973,172e7094b7a170b50058cc2cfb72f89054f951dc2bf8506ae0e3381d3977a7c8,191,151,40,14,0.22145800292491913,success,2026-08-04,
classical_musopen_c678e65ee624__300s,classical_musopen_c678e65ee624,classical,discovery,300.0,features/chroma/300s/classical/discovery/classical_musopen_c678e65ee624__300s.npz,a3e6b84513ecf4ef4a87295435efabef1b3687ac67c653f0d24d0aecc4a0d4b2,features/pitch_v2/300s/classical/discovery/classical_musopen_c678e65ee624__300s.npz,4130491ce6430f3366e22df23e39b0c404e4b3aab20b2210b7e9d6fe851b8973,172e7094b7a170b50058cc2cfb72f89054f951dc2bf8506ae0e3381d3977a7c8,191,151,40,14,0.22145800292491913,success,2026-08-04,
classical_musopen_c787198261a5__180s,classical_musopen_c787198261a5,classical,discovery,180.0,features/chroma/180s/classical/discovery/classical_musopen_c787198261a5__180s.npz,0bf45cf13b06f9cf9e73ac44b1d21e65e4fb4f9640c90bf6e94d4d018313d064,features/pitch_v2/180s/classical/discovery/classical_musopen_c787198261a5__180s.npz,e6ded3b4cd8bd6bf3172f2260ab83266c86870a1e67428cd549be8bb6ba2f00f,172e7094b7a170b50058cc2cfb72f89054f951dc2bf8506ae0e3381d3977a7c8,251,232,19,14,0.23803240060806274,success,2026-08-04,
classical_musopen_c787198261a5__300s,classical_musopen_c787198261a5,classical,discovery,300.0,features/chroma/300s/classical/discovery/classical_musopen_c787198261a5__300s.npz,0bf45cf13b06f9cf9e73ac44b1d21e65e4fb4f9640c90bf6e94d4d018313d064,features/pitch_v2/300s/classical/discovery/classical_musopen_c787198261a5__300s.npz,e6ded3b4cd8bd6bf3172f2260ab83266c86870a1e67428cd549be8bb6ba2f00f,172e7094b7a170b50058cc2cfb72f89054f951dc2bf8506ae0e3381d3977a7c8,251,232,19,14,0.23803240060806274,success,2026-08-04,
classical_musopen_c867a2eeaae9__180s,classical_musopen_c867a2eeaae9,classical,discovery,180.0,features/chroma/180s/classical/discovery/classical_musopen_c867a2eeaae9__180s.npz,13d8d141f40b4b2ffc8c38eff345eac516ff9978019da5bc5b4923385e425a82,features/pitch_v2/180s/classical/discovery/classical_musopen_c867a2eeaae9__180s.npz,54c8387caf9e0def55425dd3d0ede445e633e488e68fe3271532c42744df2dd2,172e7094b7a170b50058cc2cfb72f89054f951dc2bf8506ae0e3381d3977a7c8,103,83,20,11,0.21992048621177673,success,2026-08-04,
classical_musopen_c867a2eeaae9__300s,classical_musopen_c867a2eeaae9,classical,discovery,300.0,features/chroma/300s/classical/discovery/classical_musopen_c867a2eeaae9__300s.npz,13d8d141f40b4b2ffc8c38eff345eac516ff9978019da5bc5b4923385e425a82,features/pitch_v2/300s/classical/discovery/classical_musopen_c867a2eeaae9__300s.npz,54c8387caf9e0def55425dd3d0ede445e633e488e68fe3271532c42744df2dd2,172e7094b7a170b50058cc2cfb72f89054f951dc2bf8506ae0e3381d3977a7c8,103,83,20,11,0.21992048621177673,success,2026-08-04,
classical_musopen_cc8d87d2b00c__180s,classical_musopen_cc8d87d2b00c,classical,discovery,180.0,features/chroma/180s/classical/discovery/classical_musopen_cc8d87d2b00c__180s.npz,659e01c6d3644b1a58a03228f6128f2c80e58de72e008be1f0014aa090ac1fc3,features/pitch_v2/180s/classical/discovery/classical_musopen_cc8d87d2b00c__180s.npz,5a4d09c5735efd6e54fc9c60d03a69edd2244f92fcae11e6db42bdbaddcc66d7,172e7094b7a170b50058cc2cfb72f89054f951dc2bf8506ae0e3381d3977a7c8,202,147,55,11,0.21578513085842133,success,2026-08-04,
classical_musopen_cc8d87d2b00c__300s,classical_musopen_cc8d87d2b00c,classical,discovery,300.0,features/chroma/300s/classical/discovery/classical_musopen_cc8d87d2b00c__300s.npz,659e01c6d3644b1a58a03228f6128f2c80e58de72e008be1f0014aa090ac1fc3,features/pitch_v2/300s/classical/discovery/classical_musopen_cc8d87d2b00c__300s.npz,5a4d09c5735efd6e54fc9c60d03a69edd2244f92fcae11e6db42bdbaddcc66d7,172e7094b7a170b50058cc2cfb72f89054f951dc2bf8506ae0e3381d3977a7c8,202,147,55,11,0.21578513085842133,success,2026-08-04,
classical_musopen_cd013009d6d8__180s,classical_musopen_cd013009d6d8,classical,discovery,180.0,features/chroma/180s/classical/discovery/classical_musopen_cd013009d6d8__180s.npz,19d3ccc3876cf18a0f80e988d184a6782ed3e9be8e53b16fcc064bf332c4247a,features/pitch_v2/180s/classical/discovery/classical_musopen_cd013009d6d8__180s.npz,9231c3c66403f3ec7478ed32615d8860c9cd66d4aa14c193de8b245cb8e122d5,172e7094b7a170b50058cc2cfb72f89054f951dc2bf8506ae0e3381d3977a7c8,357,279,78,15,0.21339872479438782,success,2026-08-04,
classical_musopen_cd013009d6d8__300s,classical_musopen_cd013009d6d8,classical,discovery,300.0,features/chroma/300s/classical/discovery/classical_musopen_cd013009d6d8__300s.npz,9aa7a2aa4c1af9a40c03e9ef9d61fb105fe46ddf682fb9e6c7f9f1cf7fd24b0f,features/pitch_v2/300s/classical/discovery/classical_musopen_cd013009d6d8__300s.npz,b540b8c4676a0bea9532bac10a2311a1c381579967d023a90a5cb6c86489bbf1,172e7094b7a170b50058cc2cfb72f89054f951dc2bf8506ae0e3381d3977a7c8,565,434,131,15,0.22111517190933228,success,2026-08-04,
classical_musopen_d2e3d82ad3e8__180s,classical_musopen_d2e3d82ad3e8,classical,discovery,180.0,features/chroma/180s/classical/discovery/classical_musopen_d2e3d82ad3e8__180s.npz,f455fcc6dfaa41b91d09c876fc109fa365e5d8d828ad350a5b1111c925724c1d,features/pitch_v2/180s/classical/discovery/classical_musopen_d2e3d82ad3e8__180s.npz,41123bc3d9c1300b594df3f967a636c95964e6af2a70491e47d04bab8e286bf8,172e7094b7a170b50058cc2cfb72f89054f951dc2bf8506ae0e3381d3977a7c8,246,184,62,15,0.2320876121520996,success,2026-08-04,
classical_musopen_d2e3d82ad3e8__300s,classical_musopen_d2e3d82ad3e8,classical,discovery,300.0,features/chroma/300s/classical/discovery/classical_musopen_d2e3d82ad3e8__300s.npz,70443d95274df808138f2d461f27b47955a77d15c5b007e0f645ae67693aae6c,features/pitch_v2/300s/classical/discovery/classical_musopen_d2e3d82ad3e8__300s.npz,2b996aedd9e92fb6de0a2fd23c37b55c93fc2226682c12f9cbaeb41539ec8d7b,172e7094b7a170b50058cc2cfb72f89054f951dc2bf8506ae0e3381d3977a7c8,524,408,116,16,0.22019276022911072,success,2026-08-04,
classical_musopen_d3fcd3c28c74__180s,classical_musopen_d3fcd3c28c74,classical,discovery,180.0,features/chroma/180s/classical/discovery/classical_musopen_d3fcd3c28c74__180s.npz,d9ecd32b0cbef53e40da46e2d8b6133dda7fe850fb71ad16598c399144504bc7,features/pitch_v2/180s/classical/discovery/classical_musopen_d3fcd3c28c74__180s.npz,bb3eb069c48c44d5177f2dca20d488d1612f821f642512ff01b2933ad347142c,172e7094b7a170b50058cc2cfb72f89054f951dc2bf8506ae0e3381d3977a7c8,353,318,35,16,0.27738136053085327,success,2026-08-04,
classical_musopen_d3fcd3c28c74__300s,classical_musopen_d3fcd3c28c74,classical,discovery,300.0,features/chroma/300s/classical/discovery/classical_musopen_d3fcd3c28c74__300s.npz,3570b30debee93a6f0ca57b53b4961684a7d8c1689e101f96dcfb6b11116e488,features/pitch_v2/300s/classical/discovery/classical_musopen_d3fcd3c28c74__300s.npz,4a3609a0be35820b7c6c6414a76618f82f72321d5bee181836e506195e60d2f2,172e7094b7a170b50058cc2cfb72f89054f951dc2bf8506ae0e3381d3977a7c8,650,600,50,16,0.26635313034057617,success,2026-08-04,
classical_musopen_d70f00840b98__180s,classical_musopen_d70f00840b98,classical,discovery,180.0,features/chroma/180s/classical/discovery/classical_musopen_d70f00840b98__180s.npz,28d7683fbab7ebda9b4049d00eedf2c8932f314ddae84e0ee7a435410cb976e1,features/pitch_v2/180s/classical/discovery/classical_musopen_d70f00840b98__180s.npz,18cb57b146cb85823a4a65b407b215821ee88c0b66e77f1d8b515908a6d64f16,172e7094b7a170b50058cc2cfb72f89054f951dc2bf8506ae0e3381d3977a7c8,181,118,63,11,0.216766819357872,success,2026-08-04,
classical_musopen_d70f00840b98__300s,classical_musopen_d70f00840b98,classical,discovery,300.0,features/chroma/300s/classical/discovery/classical_musopen_d70f00840b98__300s.npz,28d7683fbab7ebda9b4049d00eedf2c8932f314ddae84e0ee7a435410cb976e1,features/pitch_v2/300s/classical/discovery/classical_musopen_d70f00840b98__300s.npz,18cb57b146cb85823a4a65b407b215821ee88c0b66e77f1d8b515908a6d64f16,172e7094b7a170b50058cc2cfb72f89054f951dc2bf8506ae0e3381d3977a7c8,181,118,63,11,0.216766819357872,success,2026-08-04,
classical_musopen_d80a81db9e9a__180s,classical_musopen_d80a81db9e9a,classical,validation,180.0,features/chroma/180s/classical/validation/classical_musopen_d80a81db9e9a__180s.npz,d2826a5921430ef774c19d6a44c0e6b0bd020b7819da895fce288c4dac6f254c,features/pitch_v2/180s/classical/validation/classical_musopen_d80a81db9e9a__180s.npz,327b461a7e1b0c4d3d95fdcac49b79114ded9f6662b4106c080a1dff6e25215b,172e7094b7a170b50058cc2cfb72f89054f951dc2bf8506ae0e3381d3977a7c8,391,314,77,15,0.24244637787342072,success,2026-08-04,
classical_musopen_d80a81db9e9a__300s,classical_musopen_d80a81db9e9a,classical,validation,300.0,features/chroma/300s/classical/validation/classical_musopen_d80a81db9e9a__300s.npz,f00bfa4bec9612e3b206822232dc111bbf1aa61bfaa4f84b8f67d8246334f026,features/pitch_v2/300s/classical/validation/classical_musopen_d80a81db9e9a__300s.npz,04c7912f0d0b45fc4cd1b5c33e7e23b30e554aaaf9ed0f4b21314a2b4eea898f,172e7094b7a170b50058cc2cfb72f89054f951dc2bf8506ae0e3381d3977a7c8,651,515,136,16,0.2420179545879364,success,2026-08-04,
classical_musopen_d89f306017d2__180s,classical_musopen_d89f306017d2,classical,validation,180.0,features/chroma/180s/classical/validation/classical_musopen_d89f306017d2__180s.npz,ad72795ddf9e7c8c494c02ece44e655a697600d62848327f526dffa24c5b4899,features/pitch_v2/180s/classical/validation/classical_musopen_d89f306017d2__180s.npz,5033b04f70b7ee3985a1398fd262546b1e78586d5abd90300873cc80ab5c662d,172e7094b7a170b50058cc2cfb72f89054f951dc2bf8506ae0e3381d3977a7c8,391,317,74,16,0.22308743000030518,success,2026-08-04,
classical_musopen_d89f306017d2__300s,classical_musopen_d89f306017d2,classical,validation,300.0,features/chroma/300s/classical/validation/classical_musopen_d89f306017d2__300s.npz,decade4ad8f7db09e0942895fc349e9a6770e05bc7878d1a5c2b2caa604ea773,features/pitch_v2/300s/classical/validation/classical_musopen_d89f306017d2__300s.npz,9c88c9b73fe6f9106feb9d67d42ad0e602625dba8479cd2ac0d95be8cd71da1f,172e7094b7a170b50058cc2cfb72f89054f951dc2bf8506ae0e3381d3977a7c8,648,539,109,16,0.22338299453258514,success,2026-08-04,
classical_musopen_d95ec9d17c06__180s,classical_musopen_d95ec9d17c06,classical,discovery,180.0,features/chroma/180s/classical/discovery/classical_musopen_d95ec9d17c06__180s.npz,880e9575e9014ecf9c0040146c52d848450f5395ce20016b09563bcec804e6bf,features/pitch_v2/180s/classical/discovery/classical_musopen_d95ec9d17c06__180s.npz,94f63cbe00f53f1acae0e084f06c9c090610aa42b4cba071caf189a0140a656c,172e7094b7a170b50058cc2cfb72f89054f951dc2bf8506ae0e3381d3977a7c8,430,336,94,15,0.21923166513442993,success,2026-08-04,
classical_musopen_d95ec9d17c06__300s,classical_musopen_d95ec9d17c06,classical,discovery,300.0,features/chroma/300s/classical/discovery/classical_musopen_d95ec9d17c06__300s.npz,880e9575e9014ecf9c0040146c52d848450f5395ce20016b09563bcec804e6bf,features/pitch_v2/300s/classical/discovery/classical_musopen_d95ec9d17c06__300s.npz,94f63cbe00f53f1acae0e084f06c9c090610aa42b4cba071caf189a0140a656c,172e7094b7a170b50058cc2cfb72f89054f951dc2bf8506ae0e3381d3977a7c8,430,336,94,15,0.21923166513442993,success,2026-08-04,
classical_musopen_d9826478969c__180s,classical_musopen_d9826478969c,classical,validation,180.0,features/chroma/180s/classical/validation/classical_musopen_d9826478969c__180s.npz,ad2aff65dd4d0fc04b2f7502c58bded7273ea6bd20564a59175a5cfdf1eea45f,features/pitch_v2/180s/classical/validation/classical_musopen_d9826478969c__180s.npz,1fe58897abf5a28a1e6f4faae16d5258d521bb20398518046c1d72ae7a1b6fd7,172e7094b7a170b50058cc2cfb72f89054f951dc2bf8506ae0e3381d3977a7c8,411,332,79,16,0.24579420685768127,success,2026-08-04,
classical_musopen_d9826478969c__300s,classical_musopen_d9826478969c,classical,validation,300.0,features/chroma/300s/classical/validation/classical_musopen_d9826478969c__300s.npz,6b63c7f3bb14829c41cd06a05c424463579ea07d0dfa2d696feedb2baf29d622,features/pitch_v2/300s/classical/validation/classical_musopen_d9826478969c__300s.npz,00d100ef65453c6ccf7a501b8af2c50822c0fb91015fd4570de8ba1c66435ffd,172e7094b7a170b50058cc2cfb72f89054f951dc2bf8506ae0e3381d3977a7c8,686,547,139,16,0.2510696053504944,success,2026-08-04,
classical_musopen_dbfd3cb8056d__180s,classical_musopen_dbfd3cb8056d,classical,discovery,180.0,features/chroma/180s/classical/discovery/classical_musopen_dbfd3cb8056d__180s.npz,3f0f47116a0063bcd22dcafc389f44e7311c065d24cefad5d1b9fafa9dee3ba6,features/pitch_v2/180s/classical/discovery/classical_musopen_dbfd3cb8056d__180s.npz,bb73ef3d24e0a96cea7f404ca5693d3443470a9d8f9acf45311f9b92ee3b898a,172e7094b7a170b50058cc2cfb72f89054f951dc2bf8506ae0e3381d3977a7c8,371,300,71,16,0.21187938749790192,success,2026-08-04,
classical_musopen_dbfd3cb8056d__300s,classical_musopen_dbfd3cb8056d,classical,discovery,300.0,features/chroma/300s/classical/discovery/classical_musopen_dbfd3cb8056d__300s.npz,7b38cea5218d8e28a3cb69008897e3376717412240cb5a66a2630737d4be75c7,features/pitch_v2/300s/classical/discovery/classical_musopen_dbfd3cb8056d__300s.npz,24eae5bbb89b08104987e61ac61a309489c1b43b1db6d47216e9b37f19dcd9f6,172e7094b7a170b50058cc2cfb72f89054f951dc2bf8506ae0e3381d3977a7c8,585,473,112,16,0.20866502821445465,success,2026-08-04,
classical_musopen_dc68b3cf3d10__180s,classical_musopen_dc68b3cf3d10,classical,discovery,180.0,features/chroma/180s/classical/discovery/classical_musopen_dc68b3cf3d10__180s.npz,094dedc8328cdde8932156188be768171acf53da925011bd8ccbaeecb913d9b1,features/pitch_v2/180s/classical/discovery/classical_musopen_dc68b3cf3d10__180s.npz,320b48e6bc231de83720b3df534e05a1f864ad05f79046e15f4510fa45ae4566,172e7094b7a170b50058cc2cfb72f89054f951dc2bf8506ae0e3381d3977a7c8,372,342,30,16,0.2670576572418213,success,2026-08-04,
classical_musopen_dc68b3cf3d10__300s,classical_musopen_dc68b3cf3d10,classical,discovery,300.0,features/chroma/300s/classical/discovery/classical_musopen_dc68b3cf3d10__300s.npz,6dca5b1f5cd6795b6dc24e0f25330571d689c9228af2cc971ec08de59e28298c,features/pitch_v2/300s/classical/discovery/classical_musopen_dc68b3cf3d10__300s.npz,adce458901ad08793a7d327a3b670ae69b4cf78ed41e45ff9c5ac8fd6c7a889c,172e7094b7a170b50058cc2cfb72f89054f951dc2bf8506ae0e3381d3977a7c8,594,526,68,16,0.2630552053451538,success,2026-08-04,
classical_musopen_e09675b49c01__180s,classical_musopen_e09675b49c01,classical,validation,180.0,features/chroma/180s/classical/validation/classical_musopen_e09675b49c01__180s.npz,ea06531f89baa98460c8979eb5300beb5c90cf731a394cfc1316974e48f8ad97,features/pitch_v2/180s/classical/validation/classical_musopen_e09675b49c01__180s.npz,aca15523f1f68f4dc720ea9081a1c98aa23d404010f80452635983ece7295a61,172e7094b7a170b50058cc2cfb72f89054f951dc2bf8506ae0e3381d3977a7c8,465,370,95,16,0.21851596236228943,success,2026-08-04,
classical_musopen_e09675b49c01__300s,classical_musopen_e09675b49c01,classical,validation,300.0,features/chroma/300s/classical/validation/classical_musopen_e09675b49c01__300s.npz,fd39abba90115dc2da37482e2fb0341cd36aff97e07e3c1892f0b61286cbe586,features/pitch_v2/300s/classical/validation/classical_musopen_e09675b49c01__300s.npz,b6ef713711ebbc689491ec6a826a54c01f76d11aa5a6bb7491da191ab898e867,172e7094b7a170b50058cc2cfb72f89054f951dc2bf8506ae0e3381d3977a7c8,801,635,166,16,0.21519385278224945,success,2026-08-04,
classical_musopen_e0aa0ba751f5__180s,classical_musopen_e0aa0ba751f5,classical,discovery,180.0,features/chroma/180s/classical/discovery/classical_musopen_e0aa0ba751f5__180s.npz,c091b005187565d69c1835c09b908b4e86410931688679b347c8ccdf05d1a412,features/pitch_v2/180s/classical/discovery/classical_musopen_e0aa0ba751f5__180s.npz,eb9224a8d29f34b8b4b295e9295b6e64e4b59d730ca8ea4e368dd6d0c9e1c2ba,172e7094b7a170b50058cc2cfb72f89054f951dc2bf8506ae0e3381d3977a7c8,342,277,65,15,0.22986043989658356,success,2026-08-04,
classical_musopen_e0aa0ba751f5__300s,classical_musopen_e0aa0ba751f5,classical,discovery,300.0,features/chroma/300s/classical/discovery/classical_musopen_e0aa0ba751f5__300s.npz,86a957d4ba8551a1b411c17c4542104c195c246bd3360fb1994d8048245026de,features/pitch_v2/300s/classical/discovery/classical_musopen_e0aa0ba751f5__300s.npz,d690ee08f1667826d3d363e7999b2d22cb64923d4dd9a7602f0066e0ba12c988,172e7094b7a170b50058cc2cfb72f89054f951dc2bf8506ae0e3381d3977a7c8,596,496,100,16,0.23031601309776306,success,2026-08-04,
classical_musopen_e0dc320f51e3__180s,classical_musopen_e0dc320f51e3,classical,discovery,180.0,features/chroma/180s/classical/discovery/classical_musopen_e0dc320f51e3__180s.npz,26b858792b516f529029996854fe1ccba3f074a5e4d2f3d37ec8c68bb65c4a46,features/pitch_v2/180s/classical/discovery/classical_musopen_e0dc320f51e3__180s.npz,25a0ee09f9c47b82718a6a0b9d1a097beaf2f77ffa8db9bc812d386f774f4858,172e7094b7a170b50058cc2cfb72f89054f951dc2bf8506ae0e3381d3977a7c8,204,135,69,11,0.20099309086799622,success,2026-08-04,
classical_musopen_e0dc320f51e3__300s,classical_musopen_e0dc320f51e3,classical,discovery,300.0,features/chroma/300s/classical/discovery/classical_musopen_e0dc320f51e3__300s.npz,26b858792b516f529029996854fe1ccba3f074a5e4d2f3d37ec8c68bb65c4a46,features/pitch_v2/300s/classical/discovery/classical_musopen_e0dc320f51e3__300s.npz,25a0ee09f9c47b82718a6a0b9d1a097beaf2f77ffa8db9bc812d386f774f4858,172e7094b7a170b50058cc2cfb72f89054f951dc2bf8506ae0e3381d3977a7c8,204,135,69,11,0.20099309086799622,success,2026-08-04,
classical_musopen_e542fa316458__180s,classical_musopen_e542fa316458,classical,validation,180.0,features/chroma/180s/classical/validation/classical_musopen_e542fa316458__180s.npz,40788b7ad3a43ebda3ba324c08fda29bbdfa83d5b5f55b819be7378c8cea4e9c,features/pitch_v2/180s/classical/validation/classical_musopen_e542fa316458__180s.npz,457a3de386f781537a03e9d4f8012fc856ab76dd2de653fae612f116c82fbe5f,172e7094b7a170b50058cc2cfb72f89054f951dc2bf8506ae0e3381d3977a7c8,383,313,70,16,0.22891466319561005,success,2026-08-04,
classical_musopen_e542fa316458__300s,classical_musopen_e542fa316458,classical,validation,300.0,features/chroma/300s/classical/validation/classical_musopen_e542fa316458__300s.npz,aff6f9bc355e7180a17e6c23b5b2fd86ce4f130a884a6ac3c3b5ad301c7e55f0,features/pitch_v2/300s/classical/validation/classical_musopen_e542fa316458__300s.npz,3214ed1860879b16ed1db4d6c8b71f411b69b890d2de023a30716d504b09239f,172e7094b7a170b50058cc2cfb72f89054f951dc2bf8506ae0e3381d3977a7c8,637,519,118,16,0.23415042459964752,success,2026-08-04,
classical_musopen_e92198fc7b0d__180s,classical_musopen_e92198fc7b0d,classical,holdout,180.0,features/chroma/180s/classical/holdout/classical_musopen_e92198fc7b0d__180s.npz,15711569d9b6b3bd21a9d0a6f96badf2de84c793b7a0da6fd2276a1687e1a414,features/pitch_v2/180s/classical/holdout/classical_musopen_e92198fc7b0d__180s.npz,229e4ff1df70932da1b958b6758ac89c1bb14a969e9f3edb613d9d92387e593e,172e7094b7a170b50058cc2cfb72f89054f951dc2bf8506ae0e3381d3977a7c8,323,246,77,16,0.2199694812297821,success,2026-08-04,
classical_musopen_e92198fc7b0d__300s,classical_musopen_e92198fc7b0d,classical,holdout,300.0,features/chroma/300s/classical/holdout/classical_musopen_e92198fc7b0d__300s.npz,097c4f8f02036698b5965e408d21d53a63cb07cb544f3ad24216f648d8093129,features/pitch_v2/300s/classical/holdout/classical_musopen_e92198fc7b0d__300s.npz,ec268d54680b774e53f764ed9053362c6685e627fc0c8b2f7bd9068274207fdb,172e7094b7a170b50058cc2cfb72f89054f951dc2bf8506ae0e3381d3977a7c8,524,395,129,16,0.21598398685455322,success,2026-08-04,
classical_musopen_e979457eb8b9__180s,classical_musopen_e979457eb8b9,classical,discovery,180.0,features/chroma/180s/classical/discovery/classical_musopen_e979457eb8b9__180s.npz,b55170569e94a14841d57a46d346db33dc9a7c2564323f5d84d09b839d265da2,features/pitch_v2/180s/classical/discovery/classical_musopen_e979457eb8b9__180s.npz,269a1fdf4d278fe6c5fc777a4c252c6146520fd9c9d5a5572e9a85c9c3a12543,172e7094b7a170b50058cc2cfb72f89054f951dc2bf8506ae0e3381d3977a7c8,401,322,79,16,0.21075871586799622,success,2026-08-04,
classical_musopen_e979457eb8b9__300s,classical_musopen_e979457eb8b9,classical,discovery,300.0,features/chroma/300s/classical/discovery/classical_musopen_e979457eb8b9__300s.npz,f297a8ee1b4db62f0c770157c3a16b8e9e30e40ca46f9699a970a2d0e8e33a53,features/pitch_v2/300s/classical/discovery/classical_musopen_e979457eb8b9__300s.npz,250718b9beffc59cbac908f0936f58435953b7b662a32430dda56175c064c985,172e7094b7a170b50058cc2cfb72f89054f951dc2bf8506ae0e3381d3977a7c8,665,541,124,16,0.22023209929466248,success,2026-08-04,
classical_musopen_f0ef963b9b80__180s,classical_musopen_f0ef963b9b80,classical,holdout,180.0,features/chroma/180s/classical/holdout/classical_musopen_f0ef963b9b80__180s.npz,5adfe01a6af679152e5b520bba095bd7d0abdafcc9f1fe3c6d31875b7fa701a4,features/pitch_v2/180s/classical/holdout/classical_musopen_f0ef963b9b80__180s.npz,a421eadf9c8861b316bf47bef970fd12f5afb42fd10bf9f6631e655dc6a6d804,172e7094b7a170b50058cc2cfb72f89054f951dc2bf8506ae0e3381d3977a7c8,352,283,69,16,0.21630209684371948,success,2026-08-04,
classical_musopen_f0ef963b9b80__300s,classical_musopen_f0ef963b9b80,classical,holdout,300.0,features/chroma/300s/classical/holdout/classical_musopen_f0ef963b9b80__300s.npz,48f65e91789c5430d3ba16b66601021b6c22bf3bb94e6d95eb0626c3ca17e5fe,features/pitch_v2/300s/classical/holdout/classical_musopen_f0ef963b9b80__300s.npz,ae9f9f22d3c388d56ba79b2f2dd170f0ea2e2458f672a4c513413ad46c33d4ac,172e7094b7a170b50058cc2cfb72f89054f951dc2bf8506ae0e3381d3977a7c8,585,465,120,16,0.21941974759101868,success,2026-08-04,
classical_musopen_f1de65f9d30b__180s,classical_musopen_f1de65f9d30b,classical,discovery,180.0,features/chroma/180s/classical/discovery/classical_musopen_f1de65f9d30b__180s.npz,0f95593fd74490d04ac79204813847acec9250f3bd9730fa46bd239e33fdcba9,features/pitch_v2/180s/classical/discovery/classical_musopen_f1de65f9d30b__180s.npz,a67ad04f45330597bf74563901879430fc2503a262486e48896bfaaac477a91f,172e7094b7a170b50058cc2cfb72f89054f951dc2bf8506ae0e3381d3977a7c8,269,231,38,14,0.230852410197258,success,2026-08-04,
classical_musopen_f1de65f9d30b__300s,classical_musopen_f1de65f9d30b,classical,discovery,300.0,features/chroma/300s/classical/discovery/classical_musopen_f1de65f9d30b__300s.npz,0f95593fd74490d04ac79204813847acec9250f3bd9730fa46bd239e33fdcba9,features/pitch_v2/300s/classical/discovery/classical_musopen_f1de65f9d30b__300s.npz,a67ad04f45330597bf74563901879430fc2503a262486e48896bfaaac477a91f,172e7094b7a170b50058cc2cfb72f89054f951dc2bf8506ae0e3381d3977a7c8,269,231,38,14,0.230852410197258,success,2026-08-04,
classical_musopen_f6b26962c493__180s,classical_musopen_f6b26962c493,classical,validation,180.0,features/chroma/180s/classical/validation/classical_musopen_f6b26962c493__180s.npz,d50a9c8840f8a1c8d866d8d0ae1ab65bcc3db0b47900e8009185bba24e102e25,features/pitch_v2/180s/classical/validation/classical_musopen_f6b26962c493__180s.npz,a74c1eec81fc2349879294bf2423c8c8db20d50c53537bd9ebbd17c533a61bdd,172e7094b7a170b50058cc2cfb72f89054f951dc2bf8506ae0e3381d3977a7c8,338,276,62,16,0.24426251649856567,success,2026-08-04,
classical_musopen_f6b26962c493__300s,classical_musopen_f6b26962c493,classical,validation,300.0,features/chroma/300s/classical/validation/classical_musopen_f6b26962c493__300s.npz,2511f6f4295f5384679611e4ff5f147f2aa78d3bb0ab8d9eb072cf65b1b1d63c,features/pitch_v2/300s/classical/validation/classical_musopen_f6b26962c493__300s.npz,e618194f27e59bc013b3f2893397c0680729131e00f7073875680a4f016e3111,172e7094b7a170b50058cc2cfb72f89054f951dc2bf8506ae0e3381d3977a7c8,564,455,109,16,0.23833522200584412,success,2026-08-04,
classical_musopen_f88042497771__180s,classical_musopen_f88042497771,classical,holdout,180.0,features/chroma/180s/classical/holdout/classical_musopen_f88042497771__180s.npz,63d7f7397fbbbfdff6ac32525da574f00660e6bb4612b89a3f5da14344b17219,features/pitch_v2/180s/classical/holdout/classical_musopen_f88042497771__180s.npz,30f4fb5ea59f4639207fe493177bc016c5abb61276311d046fd9399b56192905,172e7094b7a170b50058cc2cfb72f89054f951dc2bf8506ae0e3381d3977a7c8,310,248,62,14,0.21833452582359314,success,2026-08-04,
classical_musopen_f88042497771__300s,classical_musopen_f88042497771,classical,holdout,300.0,features/chroma/300s/classical/holdout/classical_musopen_f88042497771__300s.npz,b6a0a21665bf9674f0d5648e34beea582ee65645ac70e799199f8aa4e621aee6,features/pitch_v2/300s/classical/holdout/classical_musopen_f88042497771__300s.npz,f0bee658105a04fb5d15410da664960e7317c1904de41365722fc9cdd07cc60d,172e7094b7a170b50058cc2cfb72f89054f951dc2bf8506ae0e3381d3977a7c8,410,341,69,14,0.2166212797164917,success,2026-08-04,
classical_musopen_fcb18467286d__180s,classical_musopen_fcb18467286d,classical,validation,180.0,features/chroma/180s/classical/validation/classical_musopen_fcb18467286d__180s.npz,899adcc0f4bb4fc27aa5771d8c4bdab0d2cdc3bb1db183f51d0dadb7b73b7bbb,features/pitch_v2/180s/classical/validation/classical_musopen_fcb18467286d__180s.npz,3af51a021cfa18ce66aacb7ad378493373267ac2ae76819658ae66a0e070efc9,172e7094b7a170b50058cc2cfb72f89054f951dc2bf8506ae0e3381d3977a7c8,459,380,79,16,0.23069775104522705,success,2026-08-04,
classical_musopen_fcb18467286d__300s,classical_musopen_fcb18467286d,classical,validation,300.0,features/chroma/300s/classical/validation/classical_musopen_fcb18467286d__300s.npz,f329ef34c81944477ff9bf3458c219bc12c75b7d113760a1bcc62b9d2e00c591,features/pitch_v2/300s/classical/validation/classical_musopen_fcb18467286d__300s.npz,7f94faaa10fa1c2a3c5e0fb990171bab35d2ad1813037fe05f44799da2bf2039,172e7094b7a170b50058cc2cfb72f89054f951dc2bf8506ae0e3381d3977a7c8,764,621,143,16,0.22030429542064667,success,2026-08-04,
classical_musopen_fe9f4f266c55__180s,classical_musopen_fe9f4f266c55,classical,validation,180.0,features/chroma/180s/classical/validation/classical_musopen_fe9f4f266c55__180s.npz,6a4955319a88fcb42408a89cbd4bce19f524cbe2debd9c4b6e1ce4c54215e436,features/pitch_v2/180s/classical/validation/classical_musopen_fe9f4f266c55__180s.npz,4bf229cdb9ffb2a4c0f9926c378ce3f3296d462317b47f38f9a1c4e47425e7e7,172e7094b7a170b50058cc2cfb72f89054f951dc2bf8506ae0e3381d3977a7c8,352,283,69,13,0.24218975007534027,success,2026-08-04,
classical_musopen_fe9f4f266c55__300s,classical_musopen_fe9f4f266c55,classical,validation,300.0,features/chroma/300s/classical/validation/classical_musopen_fe9f4f266c55__300s.npz,c320596970e3de88be6cfb0de22c938998036c9180072b9577ba394f10d9bc09,features/pitch_v2/300s/classical/validation/classical_musopen_fe9f4f266c55__300s.npz,c9d3341f9d8a09d81071fb9a3174b56497ce6b577720bf8bb5b5e53d9ca54f07,172e7094b7a170b50058cc2cfb72f89054f951dc2bf8506ae0e3381d3977a7c8,358,285,73,13,0.24371758103370667,success,2026-08-04,
focus_jamendo_0016398__180s,focus_jamendo_0016398,focus,holdout,180.0,features/chroma/180s/focus/holdout/focus_jamendo_0016398__180s.npz,39e074b3e1b4804bbcbcce742748a7d0dfe082e69e073889d7458b9413d3a5f5,features/pitch_v2/180s/focus/holdout/focus_jamendo_0016398__180s.npz,12ada6361d3bfd8c1b063d00b5e08c673908a8c5b0df8f10fdb7d1b421b45da1,172e7094b7a170b50058cc2cfb72f89054f951dc2bf8506ae0e3381d3977a7c8,357,281,76,11,0.22173233330249786,success,2026-08-04,
focus_jamendo_0016398__300s,focus_jamendo_0016398,focus,holdout,300.0,features/chroma/300s/focus/holdout/focus_jamendo_0016398__300s.npz,f600fdb34e7bcb925982d839b0379edd343b322046d65b993d8bc4bbe2a3c480,features/pitch_v2/300s/focus/holdout/focus_jamendo_0016398__300s.npz,affaf605eedd63fd44a38837b4a4a9151c0e3ae84a79009818837d7676e21815,172e7094b7a170b50058cc2cfb72f89054f951dc2bf8506ae0e3381d3977a7c8,441,343,98,11,0.22056721150875092,success,2026-08-04,
focus_jamendo_0214220__180s,focus_jamendo_0214220,focus,holdout,180.0,features/chroma/180s/focus/holdout/focus_jamendo_0214220__180s.npz,c1f06945d6aa7b1191ec23c19a36bb3a06e61c05c6406e3519cc4e4b9c20e83d,features/pitch_v2/180s/focus/holdout/focus_jamendo_0214220__180s.npz,361e0c86bbef785aa2531d8cdc98c94d6b8c30cdf8e97984fc5fe0cfb44fca67,172e7094b7a170b50058cc2cfb72f89054f951dc2bf8506ae0e3381d3977a7c8,363,283,80,9,0.18238814175128937,success,2026-08-04,
focus_jamendo_0214220__300s,focus_jamendo_0214220,focus,holdout,300.0,features/chroma/300s/focus/holdout/focus_jamendo_0214220__300s.npz,75848b5d330a427f92412cfeea760ad8482a9e195785f25822c26d97f70e8367,features/pitch_v2/300s/focus/holdout/focus_jamendo_0214220__300s.npz,232bbe77f3badd18c33b5240740627600d065113b96c7f77171ac46e3753f844,172e7094b7a170b50058cc2cfb72f89054f951dc2bf8506ae0e3381d3977a7c8,624,471,153,10,0.18852439522743225,success,2026-08-04,
focus_jamendo_1027423__180s,focus_jamendo_1027423,focus,discovery,180.0,features/chroma/180s/focus/discovery/focus_jamendo_1027423__180s.npz,4ea397a907ce2cfff8a1b26ead9885f40a769676c28502de3be1ea51112c0b01,features/pitch_v2/180s/focus/discovery/focus_jamendo_1027423__180s.npz,716b7b8bec47c5590e222b909069650eb23bc67740dab34d1e22de208dab4fe3,172e7094b7a170b50058cc2cfb72f89054f951dc2bf8506ae0e3381d3977a7c8,376,273,103,11,0.19557565450668335,success,2026-08-04,
focus_jamendo_1027423__300s,focus_jamendo_1027423,focus,discovery,300.0,features/chroma/300s/focus/discovery/focus_jamendo_1027423__300s.npz,ca93e948241be02ee07acc2be60ad7d9b0311ec1942d8f204b9ad634916e27b8,features/pitch_v2/300s/focus/discovery/focus_jamendo_1027423__300s.npz,4bf6afefb6c304bd321be21b56447a544198c8a9796b7ca4a724b647843f0ad5,172e7094b7a170b50058cc2cfb72f89054f951dc2bf8506ae0e3381d3977a7c8,632,442,190,11,0.19783750176429749,success,2026-08-04,
focus_jamendo_1027427__180s,focus_jamendo_1027427,focus,discovery,180.0,features/chroma/180s/focus/discovery/focus_jamendo_1027427__180s.npz,b4dccfed8ea790a6e85ec4246aefbdbacb1d9fd114e3d94f387b4dc72e465cfe,features/pitch_v2/180s/focus/discovery/focus_jamendo_1027427__180s.npz,c8bc8129457bf07abcf91446a5bd7ae9a358bace43bb2d60942f18f40fec49c7,172e7094b7a170b50058cc2cfb72f89054f951dc2bf8506ae0e3381d3977a7c8,412,206,206,7,0.1525166928768158,success,2026-08-04,
focus_jamendo_1027427__300s,focus_jamendo_1027427,focus,discovery,300.0,features/chroma/300s/focus/discovery/focus_jamendo_1027427__300s.npz,b875c0da771508a158d0b8dd94e67a0b87987cfef98398efd1d926283f7356fc,features/pitch_v2/300s/focus/discovery/focus_jamendo_1027427__300s.npz,8814e9a44244eff2cbf16851c68ca7591dafea42208d7f107be98f13f86e75e8,172e7094b7a170b50058cc2cfb72f89054f951dc2bf8506ae0e3381d3977a7c8,567,278,289,9,0.1583235263824463,success,2026-08-04,
focus_jamendo_1027938__180s,focus_jamendo_1027938,focus,discovery,180.0,features/chroma/180s/focus/discovery/focus_jamendo_1027938__180s.npz,9984c99ac5c657a2640de8ad52e77170d0ce40c17b94da71c4e465a30ffc93f6,features/pitch_v2/180s/focus/discovery/focus_jamendo_1027938__180s.npz,1153c2e4e4dd7bc8cacc3f4c863702abd0c7e6e164a1a8da79aafa5f71824d0f,172e7094b7a170b50058cc2cfb72f89054f951dc2bf8506ae0e3381d3977a7c8,384,306,78,11,0.1717769056558609,success,2026-08-04,
focus_jamendo_1027938__300s,focus_jamendo_1027938,focus,discovery,300.0,features/chroma/300s/focus/discovery/focus_jamendo_1027938__300s.npz,ef607447756676ecd183cd6e18b600d79e6546e96ac44e34da83c37dcc15a1c9,features/pitch_v2/300s/focus/discovery/focus_jamendo_1027938__300s.npz,2da9cf739d2f09783850d31cd83098999e66dfbbb42d804781dc84d1923e448d,172e7094b7a170b50058cc2cfb72f89054f951dc2bf8506ae0e3381d3977a7c8,637,483,154,13,0.17577515542507172,success,2026-08-04,
focus_jamendo_1027941__180s,focus_jamendo_1027941,focus,discovery,180.0,features/chroma/180s/focus/discovery/focus_jamendo_1027941__180s.npz,deb031fd75dc72fcc57c97bcaeb78eba68778d81855e5163fe0307b0179b730a,features/pitch_v2/180s/focus/discovery/focus_jamendo_1027941__180s.npz,e5c630644f44879f57abef9324b211fbbda03dc4bbbe96210d67a9bef95c1e56,172e7094b7a170b50058cc2cfb72f89054f951dc2bf8506ae0e3381d3977a7c8,400,320,80,9,0.16225536167621613,success,2026-08-04,
focus_jamendo_1027941__300s,focus_jamendo_1027941,focus,discovery,300.0,features/chroma/300s/focus/discovery/focus_jamendo_1027941__300s.npz,d818389da2be4ca59852b185b2a0af60323d401b6fbc219b0110d889313ab3a8,features/pitch_v2/300s/focus/discovery/focus_jamendo_1027941__300s.npz,ba173b0c630c592bf16c83af8ec49445248da1e468f2281a9a5547974be28302,172e7094b7a170b50058cc2cfb72f89054f951dc2bf8506ae0e3381d3977a7c8,658,493,165,8,0.1584535539150238,success,2026-08-04,
focus_jamendo_1056129__180s,focus_jamendo_1056129,focus,discovery,180.0,features/chroma/180s/focus/discovery/focus_jamendo_1056129__180s.npz,2e7f12e3be278472d9e4026c45afd259376e68e6b2484ff983547b621202ecc5,features/pitch_v2/180s/focus/discovery/focus_jamendo_1056129__180s.npz,984aeef4e2c3ef497e07bd21aefa9194dd2efc6d4d803325906de5152b5778da,172e7094b7a170b50058cc2cfb72f89054f951dc2bf8506ae0e3381d3977a7c8,362,317,45,9,0.1807491034269333,success,2026-08-04,
focus_jamendo_1056129__300s,focus_jamendo_1056129,focus,discovery,300.0,features/chroma/300s/focus/discovery/focus_jamendo_1056129__300s.npz,65144481678351e03cadb802bfedcfaf67c9b70c4029178ce4ce268f1cce8555,features/pitch_v2/300s/focus/discovery/focus_jamendo_1056129__300s.npz,3a18808f294de7cc62ee89d785538311847d7e1abdd8efa7765b8757129f40df,172e7094b7a170b50058cc2cfb72f89054f951dc2bf8506ae0e3381d3977a7c8,577,511,66,10,0.18118120729923248,success,2026-08-04,
focus_jamendo_1056135__180s,focus_jamendo_1056135,focus,discovery,180.0,features/chroma/180s/focus/discovery/focus_jamendo_1056135__180s.npz,e1914b0122ad79d30c51dde23e1c14b0c730a53bbe7ff46265d76352f05e0534,features/pitch_v2/180s/focus/discovery/focus_jamendo_1056135__180s.npz,df360b576231644e898fca80286a59a55cd213a033bb083a59cee31f517d8c3f,172e7094b7a170b50058cc2cfb72f89054f951dc2bf8506ae0e3381d3977a7c8,264,223,41,7,0.21878069639205933,success,2026-08-04,
focus_jamendo_1056135__300s,focus_jamendo_1056135,focus,discovery,300.0,features/chroma/300s/focus/discovery/focus_jamendo_1056135__300s.npz,e1914b0122ad79d30c51dde23e1c14b0c730a53bbe7ff46265d76352f05e0534,features/pitch_v2/300s/focus/discovery/focus_jamendo_1056135__300s.npz,df360b576231644e898fca80286a59a55cd213a033bb083a59cee31f517d8c3f,172e7094b7a170b50058cc2cfb72f89054f951dc2bf8506ae0e3381d3977a7c8,264,223,41,7,0.21878069639205933,success,2026-08-04,
focus_jamendo_1068406__180s,focus_jamendo_1068406,focus,validation,180.0,features/chroma/180s/focus/validation/focus_jamendo_1068406__180s.npz,d6c99aa4a2caf2a063d359ecb2a4ad2bfcb5d76e17d2e4a3735fced0e27d425e,features/pitch_v2/180s/focus/validation/focus_jamendo_1068406__180s.npz,13c8aa1ce24f61bcaa482033dabeab9fd3e9b6fe3d959f1dc171e7092a9c4fd3,172e7094b7a170b50058cc2cfb72f89054f951dc2bf8506ae0e3381d3977a7c8,358,326,32,11,0.18327783048152924,success,2026-08-04,
focus_jamendo_1068406__300s,focus_jamendo_1068406,focus,validation,300.0,features/chroma/300s/focus/validation/focus_jamendo_1068406__300s.npz,753efcd20452d5f16d15a0b245bd6b5a823c0a06fa90306edbe4f6bc31ae24d9,features/pitch_v2/300s/focus/validation/focus_jamendo_1068406__300s.npz,b451496dc3b4e12e5f617358baafb278b71e28ef27e030606b530f8fabbb688d,172e7094b7a170b50058cc2cfb72f89054f951dc2bf8506ae0e3381d3977a7c8,429,389,40,11,0.17985856533050537,success,2026-08-04,
focus_jamendo_1077172__180s,focus_jamendo_1077172,focus,holdout,180.0,features/chroma/180s/focus/holdout/focus_jamendo_1077172__180s.npz,8f31850ec52b2518b711c0797e44db711e6900ff3fb2c4a498a3f54899089550,features/pitch_v2/180s/focus/holdout/focus_jamendo_1077172__180s.npz,0a64c8168e9653d1f050d818c5ae722b59bf7909b19b8755dc6e118966e753b0,172e7094b7a170b50058cc2cfb72f89054f951dc2bf8506ae0e3381d3977a7c8,285,244,41,11,0.22650450468063354,success,2026-08-04,
focus_jamendo_1077172__300s,focus_jamendo_1077172,focus,holdout,300.0,features/chroma/300s/focus/holdout/focus_jamendo_1077172__300s.npz,8f31850ec52b2518b711c0797e44db711e6900ff3fb2c4a498a3f54899089550,features/pitch_v2/300s/focus/holdout/focus_jamendo_1077172__300s.npz,0a64c8168e9653d1f050d818c5ae722b59bf7909b19b8755dc6e118966e753b0,172e7094b7a170b50058cc2cfb72f89054f951dc2bf8506ae0e3381d3977a7c8,285,244,41,11,0.22650450468063354,success,2026-08-04,
focus_jamendo_1077186__180s,focus_jamendo_1077186,focus,holdout,180.0,features/chroma/180s/focus/holdout/focus_jamendo_1077186__180s.npz,12990e13d9d0f1c924022f2259ea807a5f5d859e75f88615862a35887de972ec,features/pitch_v2/180s/focus/holdout/focus_jamendo_1077186__180s.npz,80bbbc4862d16e182116586f77faf00ff796982f5bdbeac7730fc4e4b0921bea,172e7094b7a170b50058cc2cfb72f89054f951dc2bf8506ae0e3381d3977a7c8,197,180,17,13,0.20332551002502441,success,2026-08-04,
focus_jamendo_1077186__300s,focus_jamendo_1077186,focus,holdout,300.0,features/chroma/300s/focus/holdout/focus_jamendo_1077186__300s.npz,1fd0a12b4317d40821b13ceedc96952d7fabf75b07c8dfa81b866c5ca147b074,features/pitch_v2/300s/focus/holdout/focus_jamendo_1077186__300s.npz,d610a04da92a06e9f1dee537d742b29a049572b799c5d670e68ae281adcb9680,172e7094b7a170b50058cc2cfb72f89054f951dc2bf8506ae0e3381d3977a7c8,268,234,34,13,0.2128472924232483,success,2026-08-04,
focus_jamendo_1081641__180s,focus_jamendo_1081641,focus,discovery,180.0,features/chroma/180s/focus/discovery/focus_jamendo_1081641__180s.npz,de64e46fa65d66790600782dffbedd0dcecbda880b70b414c9142d8c40809d03,features/pitch_v2/180s/focus/discovery/focus_jamendo_1081641__180s.npz,d313e18e7bc957298495a6af41750f2ce51d083281d0721d33c9e24932a271bb,172e7094b7a170b50058cc2cfb72f89054f951dc2bf8506ae0e3381d3977a7c8,390,320,70,9,0.24367457628250122,success,2026-08-04,
focus_jamendo_1081641__300s,focus_jamendo_1081641,focus,discovery,300.0,features/chroma/300s/focus/discovery/focus_jamendo_1081641__300s.npz,9c12b96756bdd983efbfa8fb3ab56e8706ac566dc8752dc3414622b877f0eca2,features/pitch_v2/300s/focus/discovery/focus_jamendo_1081641__300s.npz,68e7d04512ca3cdae9b166a266672dd94e6645a77cb385646a8db77d150ef0b0,172e7094b7a170b50058cc2cfb72f89054f951dc2bf8506ae0e3381d3977a7c8,649,533,116,9,0.24670737981796265,success,2026-08-04,
focus_jamendo_1081643__180s,focus_jamendo_1081643,focus,discovery,180.0,features/chroma/180s/focus/discovery/focus_jamendo_1081643__180s.npz,754db184ab548ee897176edc6f2b63c8fb9781fcd137f7b4020f09c3a73b5357,features/pitch_v2/180s/focus/discovery/focus_jamendo_1081643__180s.npz,b7444da70410488ad0f966f605e81363f8e7a28140c14ef33dd357633053e7b1,172e7094b7a170b50058cc2cfb72f89054f951dc2bf8506ae0e3381d3977a7c8,371,287,84,10,0.25424718856811523,success,2026-08-04,
focus_jamendo_1081643__300s,focus_jamendo_1081643,focus,discovery,300.0,features/chroma/300s/focus/discovery/focus_jamendo_1081643__300s.npz,6596f82503726b4e720411ca233ac9ff10de7582d03e2c668a2c74082fe8a0f6,features/pitch_v2/300s/focus/discovery/focus_jamendo_1081643__300s.npz,0e0925516664bc5cb03c42419aa7253f9d82258ec166f84b5d076f4176a20331,172e7094b7a170b50058cc2cfb72f89054f951dc2bf8506ae0e3381d3977a7c8,457,349,108,10,0.24924138188362122,success,2026-08-04,
focus_jamendo_1089784__180s,focus_jamendo_1089784,focus,validation,180.0,features/chroma/180s/focus/validation/focus_jamendo_1089784__180s.npz,33414d68238a7928ab1aa1e241dc28472366ad461d066aa163a46c1002900a8c,features/pitch_v2/180s/focus/validation/focus_jamendo_1089784__180s.npz,b488b216091a9a399518ac8a86e31dc2df2b286fb35c6da90dbc76f3f82ae2c0,172e7094b7a170b50058cc2cfb72f89054f951dc2bf8506ae0e3381d3977a7c8,335,266,69,11,0.3135440945625305,success,2026-08-04,
focus_jamendo_1089784__300s,focus_jamendo_1089784,focus,validation,300.0,features/chroma/300s/focus/validation/focus_jamendo_1089784__300s.npz,33414d68238a7928ab1aa1e241dc28472366ad461d066aa163a46c1002900a8c,features/pitch_v2/300s/focus/validation/focus_jamendo_1089784__300s.npz,b488b216091a9a399518ac8a86e31dc2df2b286fb35c6da90dbc76f3f82ae2c0,172e7094b7a170b50058cc2cfb72f89054f951dc2bf8506ae0e3381d3977a7c8,335,266,69,11,0.3135440945625305,success,2026-08-04,
focus_jamendo_1092684__180s,focus_jamendo_1092684,focus,discovery,180.0,features/chroma/180s/focus/discovery/focus_jamendo_1092684__180s.npz,13550c8a27f89daca3ea899f04c7fb9c970ad2506117d020b518ad5b3310fa5c,features/pitch_v2/180s/focus/discovery/focus_jamendo_1092684__180s.npz,24cf13d4b55e0953f9af3d3eb8c70a730ead05d1d721512bed1ac75798c198e0,172e7094b7a170b50058cc2cfb72f89054f951dc2bf8506ae0e3381d3977a7c8,395,313,82,7,0.24714431166648865,success,2026-08-04,
focus_jamendo_1092684__300s,focus_jamendo_1092684,focus,discovery,300.0,features/chroma/300s/focus/discovery/focus_jamendo_1092684__300s.npz,61432f7eb972e8b5a9a67c66581b730032ad793d52638497acffb5b77c5e1d93,features/pitch_v2/300s/focus/discovery/focus_jamendo_1092684__300s.npz,63aa5ce69fda3b86289347917790a1f4bab8b712227171fc7ed8976826004fb3,172e7094b7a170b50058cc2cfb72f89054f951dc2bf8506ae0e3381d3977a7c8,656,538,118,7,0.2519788146018982,success,2026-08-04,
focus_jamendo_1093823__180s,focus_jamendo_1093823,focus,holdout,180.0,features/chroma/180s/focus/holdout/focus_jamendo_1093823__180s.npz,09ba99963704db8cf2bd3c48a4d225b93b34083c6039e0399cfd008cbf69a69b,features/pitch_v2/180s/focus/holdout/focus_jamendo_1093823__180s.npz,9c5cc54a0cf4c8f0aec5982b60646ee475d4219e9123817f911300b3581507be,172e7094b7a170b50058cc2cfb72f89054f951dc2bf8506ae0e3381d3977a7c8,394,327,67,10,0.2501431107521057,success,2026-08-04,
focus_jamendo_1093823__300s,focus_jamendo_1093823,focus,holdout,300.0,features/chroma/300s/focus/holdout/focus_jamendo_1093823__300s.npz,5088a395fcd792335c7b6390dc6f2cddd6bcf89bb6b2062f73a81e0516217e28,features/pitch_v2/300s/focus/holdout/focus_jamendo_1093823__300s.npz,6d9067fea51a6a372ee5bd7627fdcb2fe0e0e14b75f4bc024e4de98c7ff4d350,172e7094b7a170b50058cc2cfb72f89054f951dc2bf8506ae0e3381d3977a7c8,658,558,100,10,0.24837030470371246,success,2026-08-04,
focus_jamendo_1093829__180s,focus_jamendo_1093829,focus,holdout,180.0,features/chroma/180s/focus/holdout/focus_jamendo_1093829__180s.npz,770fc17ad4791b647a1f34bdd458a818a537bac7274c9de0306c29547350067f,features/pitch_v2/180s/focus/holdout/focus_jamendo_1093829__180s.npz,03afb35e682651b2b804b4fe667ab0adfedc9570553745b8a8a465202d85da7a,172e7094b7a170b50058cc2cfb72f89054f951dc2bf8506ae0e3381d3977a7c8,393,338,55,5,0.2432955652475357,success,2026-08-04,
focus_jamendo_1093829__300s,focus_jamendo_1093829,focus,holdout,300.0,features/chroma/300s/focus/holdout/focus_jamendo_1093829__300s.npz,541a1b4d7d2036b6a90cd70b7959e5f019907861e331619c277b3d7e5dca4b39,features/pitch_v2/300s/focus/holdout/focus_jamendo_1093829__300s.npz,dfdac74554a6fc5a83febd163614d5c1ea9179c2764d13021264828da2f28800,172e7094b7a170b50058cc2cfb72f89054f951dc2bf8506ae0e3381d3977a7c8,648,540,108,7,0.22255726158618927,success,2026-08-04,
focus_jamendo_1097142__180s,focus_jamendo_1097142,focus,validation,180.0,features/chroma/180s/focus/validation/focus_jamendo_1097142__180s.npz,105fb46eca20fcccac89a216ed6a174bd68c428ab4a323e126e705c5b87e3af5,features/pitch_v2/180s/focus/validation/focus_jamendo_1097142__180s.npz,2c28d055b080dd5fb4064e02a4ba39ea76479d50c4dfef594f9802b5b253cc9e,172e7094b7a170b50058cc2cfb72f89054f951dc2bf8506ae0e3381d3977a7c8,359,294,65,14,0.19647832214832306,success,2026-08-04,
focus_jamendo_1097142__300s,focus_jamendo_1097142,focus,validation,300.0,features/chroma/300s/focus/validation/focus_jamendo_1097142__300s.npz,0342fe5e4ad51e69dc703ed1f6a884bb882376213907c7d2d59453fcfa20ed06,features/pitch_v2/300s/focus/validation/focus_jamendo_1097142__300s.npz,595faa814bc681f88891976f9cd4395d195e486b17e5e79763fc02fec8c73b45,172e7094b7a170b50058cc2cfb72f89054f951dc2bf8506ae0e3381d3977a7c8,505,407,98,14,0.2034231424331665,success,2026-08-04,
focus_jamendo_1101389__180s,focus_jamendo_1101389,focus,discovery,180.0,features/chroma/180s/focus/discovery/focus_jamendo_1101389__180s.npz,241213d0bdd4caf754fc508ca91f03d3cea7c944b96ccd94c518e3a0602deb52,features/pitch_v2/180s/focus/discovery/focus_jamendo_1101389__180s.npz,71455f2bf0c52db4482d7853fbcc6dcfe79ede7aa1a007d1e4b91c5264a271d5,172e7094b7a170b50058cc2cfb72f89054f951dc2bf8506ae0e3381d3977a7c8,245,199,46,10,0.20459029078483582,success,2026-08-04,
focus_jamendo_1101389__300s,focus_jamendo_1101389,focus,discovery,300.0,features/chroma/300s/focus/discovery/focus_jamendo_1101389__300s.npz,d6a3ee605157c4e01d9b6f42ab420e29b6fd943a959d64ff5a918932f3ef3778,features/pitch_v2/300s/focus/discovery/focus_jamendo_1101389__300s.npz,30223b20b0a0d8c280116355135d91957040c4e6068fd480c52c3429dfaa060a,172e7094b7a170b50058cc2cfb72f89054f951dc2bf8506ae0e3381d3977a7c8,596,492,104,10,0.19328345358371735,success,2026-08-04,
focus_jamendo_1101393__180s,focus_jamendo_1101393,focus,discovery,180.0,features/chroma/180s/focus/discovery/focus_jamendo_1101393__180s.npz,26ba5a3bda2eea1f0f4d712335f38b7dbeac0e4fe76675ebd79bd85b3e05d2f7,features/pitch_v2/180s/focus/discovery/focus_jamendo_1101393__180s.npz,fdff5e82be995963584260a22e92394db346c9ee604d2f6e1586e3e7169b219f,172e7094b7a170b50058cc2cfb72f89054f951dc2bf8506ae0e3381d3977a7c8,395,342,53,8,0.20121076703071594,success,2026-08-04,
focus_jamendo_1101393__300s,focus_jamendo_1101393,focus,discovery,300.0,features/chroma/300s/focus/discovery/focus_jamendo_1101393__300s.npz,3e3517f913e556ba76b9189b7a6fedc8d52d49916ee4f8fd793441d956d2ca0d,features/pitch_v2/300s/focus/discovery/focus_jamendo_1101393__300s.npz,f43f222458bf9368c3f27c03d90d39176fdcb20e654690cbf45d1c8e8707f122,172e7094b7a170b50058cc2cfb72f89054f951dc2bf8506ae0e3381d3977a7c8,658,557,101,8,0.20603346824645996,success,2026-08-04,
focus_jamendo_1106739__180s,focus_jamendo_1106739,focus,discovery,180.0,features/chroma/180s/focus/discovery/focus_jamendo_1106739__180s.npz,190b61c60455a63368f09ef398ff7c96b882fc6cb9d3ca4e54468895b71fe575,features/pitch_v2/180s/focus/discovery/focus_jamendo_1106739__180s.npz,11b3d7e8b172582f918d239e946d2371c35898d0949497fd592eef2628961206,172e7094b7a170b50058cc2cfb72f89054f951dc2bf8506ae0e3381d3977a7c8,259,221,38,5,0.2785370349884033,success,2026-08-04,
focus_jamendo_1106739__300s,focus_jamendo_1106739,focus,discovery,300.0,features/chroma/300s/focus/discovery/focus_jamendo_1106739__300s.npz,190b61c60455a63368f09ef398ff7c96b882fc6cb9d3ca4e54468895b71fe575,features/pitch_v2/300s/focus/discovery/focus_jamendo_1106739__300s.npz,11b3d7e8b172582f918d239e946d2371c35898d0949497fd592eef2628961206,172e7094b7a170b50058cc2cfb72f89054f951dc2bf8506ae0e3381d3977a7c8,259,221,38,5,0.2785370349884033,success,2026-08-04,
focus_jamendo_1106747__180s,focus_jamendo_1106747,focus,discovery,180.0,features/chroma/180s/focus/discovery/focus_jamendo_1106747__180s.npz,8111b7ad32f1b706b16c488d369b023252d09e22133a0e6a980a3a8f7925cf3a,features/pitch_v2/180s/focus/discovery/focus_jamendo_1106747__180s.npz,d3f6fd46d61bcb49bc1005c90c6bb3cd579e34e69b4f5c2665bd2e085d297c12,172e7094b7a170b50058cc2cfb72f89054f951dc2bf8506ae0e3381d3977a7c8,373,276,97,8,0.203384667634964,success,2026-08-04,
focus_jamendo_1106747__300s,focus_jamendo_1106747,focus,discovery,300.0,features/chroma/300s/focus/discovery/focus_jamendo_1106747__300s.npz,9563fd72f360913b40d2739ebfc85e49386e9da344b274ae26a882c04759f052,features/pitch_v2/300s/focus/discovery/focus_jamendo_1106747__300s.npz,17e6279970fdd82a6b46eb8ad8ea0b6ab1da88a21948e5c396b3dd7f968bb78c,172e7094b7a170b50058cc2cfb72f89054f951dc2bf8506ae0e3381d3977a7c8,529,376,153,8,0.20653101801872253,success,2026-08-04,
focus_jamendo_1120647__180s,focus_jamendo_1120647,focus,validation,180.0,features/chroma/180s/focus/validation/focus_jamendo_1120647__180s.npz,a3fdeb54922f269692f8999d673e57a72d34cffd1fd835fce2533aabe672754a,features/pitch_v2/180s/focus/validation/focus_jamendo_1120647__180s.npz,1e33299b644f2137bf967a8858527d21cd8b0f50023894d8eaa4c9537a25095d,172e7094b7a170b50058cc2cfb72f89054f951dc2bf8506ae0e3381d3977a7c8,292,224,68,9,0.1925501972436905,success,2026-08-04,
focus_jamendo_1120647__300s,focus_jamendo_1120647,focus,validation,300.0,features/chroma/300s/focus/validation/focus_jamendo_1120647__300s.npz,a3fdeb54922f269692f8999d673e57a72d34cffd1fd835fce2533aabe672754a,features/pitch_v2/300s/focus/validation/focus_jamendo_1120647__300s.npz,1e33299b644f2137bf967a8858527d21cd8b0f50023894d8eaa4c9537a25095d,172e7094b7a170b50058cc2cfb72f89054f951dc2bf8506ae0e3381d3977a7c8,292,224,68,9,0.1925501972436905,success,2026-08-04,
focus_jamendo_1127596__180s,focus_jamendo_1127596,focus,validation,180.0,features/chroma/180s/focus/validation/focus_jamendo_1127596__180s.npz,bd2446b72d177c1ed4c7563a8e7484fb2e0f72064aaff07374fd7f14cd9170de,features/pitch_v2/180s/focus/validation/focus_jamendo_1127596__180s.npz,28227c0594434e10e30c5d3ee4ab1adf2b465825461cb3580cd00669b83eea16,172e7094b7a170b50058cc2cfb72f89054f951dc2bf8506ae0e3381d3977a7c8,372,328,44,8,0.16719841957092285,success,2026-08-04,
focus_jamendo_1127596__300s,focus_jamendo_1127596,focus,validation,300.0,features/chroma/300s/focus/validation/focus_jamendo_1127596__300s.npz,76b70204edb721896d038b8505b4bde1c87f55a588378c5cf02c9275030bec42,features/pitch_v2/300s/focus/validation/focus_jamendo_1127596__300s.npz,62c7732f6fbe1b43e4e07d12025f58ec4d7ab51990bd7dbbc355ff56f9c41048,172e7094b7a170b50058cc2cfb72f89054f951dc2bf8506ae0e3381d3977a7c8,635,575,60,10,0.16906768083572388,success,2026-08-04,
focus_jamendo_1128146__180s,focus_jamendo_1128146,focus,discovery,180.0,features/chroma/180s/focus/discovery/focus_jamendo_1128146__180s.npz,0a63173bfd15929cfdd03b5dffe777ec8beb51cb3672e548fa54c18345d14bff,features/pitch_v2/180s/focus/discovery/focus_jamendo_1128146__180s.npz,62957bc594ee59231dba3603916eb8c585f3b69b04cec0202e7b886b59da3af5,172e7094b7a170b50058cc2cfb72f89054f951dc2bf8506ae0e3381d3977a7c8,432,309,123,10,0.2209913283586502,success,2026-08-04,
focus_jamendo_1128146__300s,focus_jamendo_1128146,focus,discovery,300.0,features/chroma/300s/focus/discovery/focus_jamendo_1128146__300s.npz,178e9c5ad78feead0b8423feaa72ee4aacae3c3d27712dd88736fdd255bfa47a,features/pitch_v2/300s/focus/discovery/focus_jamendo_1128146__300s.npz,459675ffbbf14dab74f0f739db090505240f7d42fe08d97180f4a15da786b1c1,172e7094b7a170b50058cc2cfb72f89054f951dc2bf8506ae0e3381d3977a7c8,487,345,142,11,0.2179355025291443,success,2026-08-04,
focus_jamendo_1128147__180s,focus_jamendo_1128147,focus,discovery,180.0,features/chroma/180s/focus/discovery/focus_jamendo_1128147__180s.npz,c86066d5d924ed05a6afc566368ea27040f340444d305b084e0da6df8a2d6b2c,features/pitch_v2/180s/focus/discovery/focus_jamendo_1128147__180s.npz,8bbaa0b14c26b28a75eeb557e797635043894a8ede5441841f59900e7f04cc08,172e7094b7a170b50058cc2cfb72f89054f951dc2bf8506ae0e3381d3977a7c8,410,267,143,10,0.12540389597415924,success,2026-08-04,
focus_jamendo_1128147__300s,focus_jamendo_1128147,focus,discovery,300.0,features/chroma/300s/focus/discovery/focus_jamendo_1128147__300s.npz,cf7dfc6dfe99195d36ca548ca00c9eb9fe53ca7da63c3d8f5eff7b9e5034c7fd,features/pitch_v2/300s/focus/discovery/focus_jamendo_1128147__300s.npz,3be6274a10442cca59f3c384b5098d7b7301f3c0123e87839a31db1af6c90c50,172e7094b7a170b50058cc2cfb72f89054f951dc2bf8506ae0e3381d3977a7c8,513,352,161,11,0.14353662729263306,success,2026-08-04,
focus_jamendo_1128887__180s,focus_jamendo_1128887,focus,validation,180.0,features/chroma/180s/focus/validation/focus_jamendo_1128887__180s.npz,dbdf6fc76439200d8dbb724980c865b643d23bf2a215710989d408ceac77b69c,features/pitch_v2/180s/focus/validation/focus_jamendo_1128887__180s.npz,149453a280aa865ada672561c977589e38b395d8e42279632dee6d410ac375a9,172e7094b7a170b50058cc2cfb72f89054f951dc2bf8506ae0e3381d3977a7c8,393,289,104,14,0.21426378190517426,success,2026-08-04,
focus_jamendo_1128887__300s,focus_jamendo_1128887,focus,validation,300.0,features/chroma/300s/focus/validation/focus_jamendo_1128887__300s.npz,21ddfad95c82a252e7e708dcd56fa1e64de23517b2ca3b58d07aea3f0b63f507,features/pitch_v2/300s/focus/validation/focus_jamendo_1128887__300s.npz,dce3cb51423df213acda0a3d234d6a26a29bcddd636c5f6b3ab7d9bccbd5fd13,172e7094b7a170b50058cc2cfb72f89054f951dc2bf8506ae0e3381d3977a7c8,653,498,155,16,0.20840224623680115,success,2026-08-04,
focus_jamendo_1129320__180s,focus_jamendo_1129320,focus,holdout,180.0,features/chroma/180s/focus/holdout/focus_jamendo_1129320__180s.npz,2a2274e44063cfaaee0cdb38d844a878cf5a49796cda0777faad1d3c53e512d7,features/pitch_v2/180s/focus/holdout/focus_jamendo_1129320__180s.npz,bfa4d85996ad96973a4946d847b2dc20ff3486e76ef8e335b0fe32f7399a455c,172e7094b7a170b50058cc2cfb72f89054f951dc2bf8506ae0e3381d3977a7c8,341,269,72,10,0.24383246898651123,success,2026-08-04,
focus_jamendo_1129320__300s,focus_jamendo_1129320,focus,holdout,300.0,features/chroma/300s/focus/holdout/focus_jamendo_1129320__300s.npz,045fb27b3bfde6ea08cc6b4ac54a2318f6d4b2bc5d12b5fe98322b635ae3cf9e,features/pitch_v2/300s/focus/holdout/focus_jamendo_1129320__300s.npz,214c2f3441216b31316c9ba1bf1db048d8a42364a59ebd1cb2b24522e87b989d,172e7094b7a170b50058cc2cfb72f89054f951dc2bf8506ae0e3381d3977a7c8,341,272,69,11,0.24298641085624695,success,2026-08-04,
focus_jamendo_1129323__180s,focus_jamendo_1129323,focus,holdout,180.0,features/chroma/180s/focus/holdout/focus_jamendo_1129323__180s.npz,53a129776c4336f1b401edc6883e1d173ea05db99740e0c66fc3b1de073ecdfe,features/pitch_v2/180s/focus/holdout/focus_jamendo_1129323__180s.npz,9a87b08ca2c737afd2da1d01c48294e3e93842df4db7a66877a604f14d379d40,172e7094b7a170b50058cc2cfb72f89054f951dc2bf8506ae0e3381d3977a7c8,204,171,33,11,0.1968459039926529,success,2026-08-04,
focus_jamendo_1129323__300s,focus_jamendo_1129323,focus,holdout,300.0,features/chroma/300s/focus/holdout/focus_jamendo_1129323__300s.npz,53a129776c4336f1b401edc6883e1d173ea05db99740e0c66fc3b1de073ecdfe,features/pitch_v2/300s/focus/holdout/focus_jamendo_1129323__300s.npz,9a87b08ca2c737afd2da1d01c48294e3e93842df4db7a66877a604f14d379d40,172e7094b7a170b50058cc2cfb72f89054f951dc2bf8506ae0e3381d3977a7c8,204,171,33,11,0.1968459039926529,success,2026-08-04,
focus_jamendo_1130216__180s,focus_jamendo_1130216,focus,discovery,180.0,features/chroma/180s/focus/discovery/focus_jamendo_1130216__180s.npz,697138a357815a1e699deb2757c0581559631c30a516281ee624f3a5c6237328,features/pitch_v2/180s/focus/discovery/focus_jamendo_1130216__180s.npz,6c363db652a8e195ef8d981b79d0d2a76f28df8605dd477d231651353153b1f7,172e7094b7a170b50058cc2cfb72f89054f951dc2bf8506ae0e3381d3977a7c8,463,102,361,7,0.15193074941635132,success,2026-08-04,
focus_jamendo_1130216__300s,focus_jamendo_1130216,focus,discovery,300.0,features/chroma/300s/focus/discovery/focus_jamendo_1130216__300s.npz,b64860c712e89302c29ac068fd0163c1cff8457f60a756483701fe3f4c77994d,features/pitch_v2/300s/focus/discovery/focus_jamendo_1130216__300s.npz,adf4b2a0802337a739ad380a40b8992d07310be1b001402d62c1f7e9f05219aa,172e7094b7a170b50058cc2cfb72f89054f951dc2bf8506ae0e3381d3977a7c8,771,149,622,7,0.1410316526889801,success,2026-08-04,
focus_jamendo_1130360__180s,focus_jamendo_1130360,focus,discovery,180.0,features/chroma/180s/focus/discovery/focus_jamendo_1130360__180s.npz,fead5cef9db63256c9109929c49e8a2016c2c0f1b649e963f10be9cfa6ac86f8,features/pitch_v2/180s/focus/discovery/focus_jamendo_1130360__180s.npz,81c9b91c293469ab97f22316923a47ccede0ca9aadf6d3172020ce16d5df4fee,172e7094b7a170b50058cc2cfb72f89054f951dc2bf8506ae0e3381d3977a7c8,315,223,92,9,0.19361025094985962,success,2026-08-04,
focus_jamendo_1130360__300s,focus_jamendo_1130360,focus,discovery,300.0,features/chroma/300s/focus/discovery/focus_jamendo_1130360__300s.npz,f5099976a5fd5bac341bce081fa3ef41aebb5678d782f7d4e308a59f5e23da96,features/pitch_v2/300s/focus/discovery/focus_jamendo_1130360__300s.npz,7e5c28543255e0931a00a471c5d053e91920ac877427a7f09725a3b5d534aa79,172e7094b7a170b50058cc2cfb72f89054f951dc2bf8506ae0e3381d3977a7c8,527,372,155,10,0.19678431749343872,success,2026-08-04,
focus_jamendo_1130372__180s,focus_jamendo_1130372,focus,discovery,180.0,features/chroma/180s/focus/discovery/focus_jamendo_1130372__180s.npz,9c7bf2b9c1b295ff8c321b42b4fd8d61910abee37682c0382799f10f51e9a423,features/pitch_v2/180s/focus/discovery/focus_jamendo_1130372__180s.npz,27b3772f6cc627a700f543b4fa7e895489087b9fadb529280cb40bc0054c5710,172e7094b7a170b50058cc2cfb72f89054f951dc2bf8506ae0e3381d3977a7c8,270,181,89,8,0.16243019700050354,success,2026-08-04,
focus_jamendo_1130372__300s,focus_jamendo_1130372,focus,discovery,300.0,features/chroma/300s/focus/discovery/focus_jamendo_1130372__300s.npz,db594d6429297dfa9a4c554091abd68f26781bf7e7259197d2710e7e34b4b563,features/pitch_v2/300s/focus/discovery/focus_jamendo_1130372__300s.npz,570c349f2793bb6c135a70fb4426d6bca03ca85747a5faf181fa2466089642f0,172e7094b7a170b50058cc2cfb72f89054f951dc2bf8506ae0e3381d3977a7c8,446,311,135,10,0.16830646991729736,success,2026-08-04,
focus_jamendo_1130830__180s,focus_jamendo_1130830,focus,discovery,180.0,features/chroma/180s/focus/discovery/focus_jamendo_1130830__180s.npz,851ca712af2a68fa42aaa2d7fc58f09065c76f4132ac1002668b283281d5e399,features/pitch_v2/180s/focus/discovery/focus_jamendo_1130830__180s.npz,47f09913bacb81cd626473379b8de32cab02f7ed112215525f38f1c0e5255ae8,172e7094b7a170b50058cc2cfb72f89054f951dc2bf8506ae0e3381d3977a7c8,338,253,85,8,0.15914417803287506,success,2026-08-04,
focus_jamendo_1130830__300s,focus_jamendo_1130830,focus,discovery,300.0,features/chroma/300s/focus/discovery/focus_jamendo_1130830__300s.npz,bcbd797b9fd8c99176de54acd101ee4823d86fdceb1466e83fc2f6b18010c6a3,features/pitch_v2/300s/focus/discovery/focus_jamendo_1130830__300s.npz,6630c5e04a6c3a287d64c4dacd8b7e219d77ecea2fac372770ec0a15b8a1e09a,172e7094b7a170b50058cc2cfb72f89054f951dc2bf8506ae0e3381d3977a7c8,569,416,153,11,0.15556207299232483,success,2026-08-04,
focus_jamendo_1154294__180s,focus_jamendo_1154294,focus,holdout,180.0,features/chroma/180s/focus/holdout/focus_jamendo_1154294__180s.npz,3ad75160b8337c1997f5b76fd6dc182fbc7de94d455ff305e3bcb98943629459,features/pitch_v2/180s/focus/holdout/focus_jamendo_1154294__180s.npz,df1c0e05ae62666ffc965b800e003837231f036bd21f62b416dfbd9f754148f9,172e7094b7a170b50058cc2cfb72f89054f951dc2bf8506ae0e3381d3977a7c8,377,316,61,9,0.20797710120677948,success,2026-08-04,
focus_jamendo_1154294__300s,focus_jamendo_1154294,focus,holdout,300.0,features/chroma/300s/focus/holdout/focus_jamendo_1154294__300s.npz,03b7613733b6f22c94e720491db76b13d7cdfd5f7c78cea962cb169eaf91291a,features/pitch_v2/300s/focus/holdout/focus_jamendo_1154294__300s.npz,d2aba33568a5cac987f6f9d4409350907ed2116aea8dd9e1a4634bc8a8832708,172e7094b7a170b50058cc2cfb72f89054f951dc2bf8506ae0e3381d3977a7c8,626,490,136,10,0.20029208064079285,success,2026-08-04,
focus_jamendo_1154298__180s,focus_jamendo_1154298,focus,holdout,180.0,features/chroma/180s/focus/holdout/focus_jamendo_1154298__180s.npz,e622b47938230160cf3091a690ac280a2e4f2c6f330fba28b52bcf2e47b0e577,features/pitch_v2/180s/focus/holdout/focus_jamendo_1154298__180s.npz,39bdf3872f6c76f85584f29b8698f80558ef7bd4acf7be33b6cef7b1a144c315,172e7094b7a170b50058cc2cfb72f89054f951dc2bf8506ae0e3381d3977a7c8,379,171,208,9,0.2063135802745819,success,2026-08-04,
focus_jamendo_1154298__300s,focus_jamendo_1154298,focus,holdout,300.0,features/chroma/300s/focus/holdout/focus_jamendo_1154298__300s.npz,817f964986f815e858cdcf5d025fc165f6631c256d10168c2b39f3a4f20f6c9a,features/pitch_v2/300s/focus/holdout/focus_jamendo_1154298__300s.npz,ccb2b757e46c0cd86dd971d614dd3221bc4a35f0c2bbb9f40c598c64da0bcaf1,172e7094b7a170b50058cc2cfb72f89054f951dc2bf8506ae0e3381d3977a7c8,630,282,348,10,0.19254840910434723,success,2026-08-04,
focus_jamendo_1154856__180s,focus_jamendo_1154856,focus,discovery,180.0,features/chroma/180s/focus/discovery/focus_jamendo_1154856__180s.npz,a05d5e62fec309980811ac8f3b7e27e874017643ae999f25fe04b354c2d939ec,features/pitch_v2/180s/focus/discovery/focus_jamendo_1154856__180s.npz,7746a4021dff6d44ed13c6650711b839ab7220392b0bad24040470ceab010d33,172e7094b7a170b50058cc2cfb72f89054f951dc2bf8506ae0e3381d3977a7c8,378,309,69,12,0.21816834807395935,success,2026-08-04,
focus_jamendo_1154856__300s,focus_jamendo_1154856,focus,discovery,300.0,features/chroma/300s/focus/discovery/focus_jamendo_1154856__300s.npz,dc9f63d251401d902d83139fa11497c3ffabced3626d58918e77c379f2b24ac4,features/pitch_v2/300s/focus/discovery/focus_jamendo_1154856__300s.npz,70beb56876b80737e4dc9fb66fd116e96b62bc406dd1f03cccad8cd77b244ddd,172e7094b7a170b50058cc2cfb72f89054f951dc2bf8506ae0e3381d3977a7c8,627,522,105,12,0.2149776965379715,success,2026-08-04,
focus_jamendo_1154857__180s,focus_jamendo_1154857,focus,discovery,180.0,features/chroma/180s/focus/discovery/focus_jamendo_1154857__180s.npz,f21a27f6e5ec691a17eff09c85651da0383cca5cebc66b8947c9da48c14d8090,features/pitch_v2/180s/focus/discovery/focus_jamendo_1154857__180s.npz,dff6d46bfa6db8996aeeab8936e9f7bf42ae9d84d16aad5782d0bba8bd498bc6,172e7094b7a170b50058cc2cfb72f89054f951dc2bf8506ae0e3381d3977a7c8,389,273,116,15,0.1957254856824875,success,2026-08-04,
focus_jamendo_1154857__300s,focus_jamendo_1154857,focus,discovery,300.0,features/chroma/300s/focus/discovery/focus_jamendo_1154857__300s.npz,81da551fdc3aae5ff90cf321941d7da7850cd507bdf177043fb8c20f9e08f392,features/pitch_v2/300s/focus/discovery/focus_jamendo_1154857__300s.npz,d1e50bf10971468d60a2fca2b04f76d0c30ed26c13b911f15f49446736daf81e,172e7094b7a170b50058cc2cfb72f89054f951dc2bf8506ae0e3381d3977a7c8,643,447,196,15,0.19702039659023285,success,2026-08-04,
focus_jamendo_1156277__180s,focus_jamendo_1156277,focus,discovery,180.0,features/chroma/180s/focus/discovery/focus_jamendo_1156277__180s.npz,a573a6680dc9d377fc1c64f15549e7e8b48becbeb5abd4c2615653675ff0cdb9,features/pitch_v2/180s/focus/discovery/focus_jamendo_1156277__180s.npz,16f349cf2476d73f8b607a96b398d929db8a6e6d14ce88fa1f5a6878c8bad311,172e7094b7a170b50058cc2cfb72f89054f951dc2bf8506ae0e3381d3977a7c8,382,310,72,10,0.2356528341770172,success,2026-08-04,
focus_jamendo_1156277__300s,focus_jamendo_1156277,focus,discovery,300.0,features/chroma/300s/focus/discovery/focus_jamendo_1156277__300s.npz,f8c5fabf410dbffafd7910cc16e77ebb962f7138b97f57352b0f0b80d98ccd9b,features/pitch_v2/300s/focus/discovery/focus_jamendo_1156277__300s.npz,1921c5a3e1dc66ce2c435bc84fdb0471684f3f5654d0f28eabf9eed64d7e9e81,172e7094b7a170b50058cc2cfb72f89054f951dc2bf8506ae0e3381d3977a7c8,639,494,145,10,0.23225952684879303,success,2026-08-04,
focus_jamendo_1156386__180s,focus_jamendo_1156386,focus,validation,180.0,features/chroma/180s/focus/validation/focus_jamendo_1156386__180s.npz,e53443df1cfc932b25889f0f4d1300823b0212cab019674b66292902ac91a786,features/pitch_v2/180s/focus/validation/focus_jamendo_1156386__180s.npz,b0236d1821d20ecb49a11c990688432dc098a8fb36db5db24a3c7d19a40ef367,172e7094b7a170b50058cc2cfb72f89054f951dc2bf8506ae0e3381d3977a7c8,433,352,81,11,0.22306695580482483,success,2026-08-04,
focus_jamendo_1156386__300s,focus_jamendo_1156386,focus,validation,300.0,features/chroma/300s/focus/validation/focus_jamendo_1156386__300s.npz,78c944183a56832fc4e9002df9a18b3714347f6813e4a578b243415d85086727,features/pitch_v2/300s/focus/validation/focus_jamendo_1156386__300s.npz,61b271bfa3346a17549e8f3b295d0d6a550afd492f0ff4b411e3608e31c2a36e,172e7094b7a170b50058cc2cfb72f89054f951dc2bf8506ae0e3381d3977a7c8,720,568,152,13,0.20924422144889832,success,2026-08-04,
focus_jamendo_1161853__180s,focus_jamendo_1161853,focus,validation,180.0,features/chroma/180s/focus/validation/focus_jamendo_1161853__180s.npz,171012f0b3632526d9eba335e6f931decf171baee48e5e2c7827c936e0134038,features/pitch_v2/180s/focus/validation/focus_jamendo_1161853__180s.npz,008204e66f39d3ff3cb66de26f7d829592553763a00be398cdaded8a176fd7a7,172e7094b7a170b50058cc2cfb72f89054f951dc2bf8506ae0e3381d3977a7c8,189,152,37,12,0.20496606826782227,success,2026-08-04,
focus_jamendo_1161853__300s,focus_jamendo_1161853,focus,validation,300.0,features/chroma/300s/focus/validation/focus_jamendo_1161853__300s.npz,171012f0b3632526d9eba335e6f931decf171baee48e5e2c7827c936e0134038,features/pitch_v2/300s/focus/validation/focus_jamendo_1161853__300s.npz,008204e66f39d3ff3cb66de26f7d829592553763a00be398cdaded8a176fd7a7,172e7094b7a170b50058cc2cfb72f89054f951dc2bf8506ae0e3381d3977a7c8,189,152,37,12,0.20496606826782227,success,2026-08-04,
focus_jamendo_1248571__180s,focus_jamendo_1248571,focus,holdout,180.0,features/chroma/180s/focus/holdout/focus_jamendo_1248571__180s.npz,4d62f271d4d70de08e055db2b37cda1e564670627810a4653f334dbed586a468,features/pitch_v2/180s/focus/holdout/focus_jamendo_1248571__180s.npz,537a14795ac098d855e587af01cda847b525031aafa82fba77efc197e39bf09d,172e7094b7a170b50058cc2cfb72f89054f951dc2bf8506ae0e3381d3977a7c8,310,256,54,11,0.19268888235092163,success,2026-08-04,
focus_jamendo_1248571__300s,focus_jamendo_1248571,focus,holdout,300.0,features/chroma/300s/focus/holdout/focus_jamendo_1248571__300s.npz,67d9ed68bfbe2c7bcad22072dd1ef458cb6067f71e907d6bb16826bae2a75d1b,features/pitch_v2/300s/focus/holdout/focus_jamendo_1248571__300s.npz,168254c8f1a50f18d4d0a696e5765220bbe01e7ec93762258b6a10a9b3c59761,172e7094b7a170b50058cc2cfb72f89054f951dc2bf8506ae0e3381d3977a7c8,518,433,85,12,0.1947566717863083,success,2026-08-04,
focus_jamendo_1250838__180s,focus_jamendo_1250838,focus,discovery,180.0,features/chroma/180s/focus/discovery/focus_jamendo_1250838__180s.npz,e00a08c728d212a3c58f25c76d61ba4aa0a262c94f45326e30a956fb461c42bf,features/pitch_v2/180s/focus/discovery/focus_jamendo_1250838__180s.npz,8921731f24d362e87181b36a8ff4074563ebf61e383714986d91fbf8e6c4a139,172e7094b7a170b50058cc2cfb72f89054f951dc2bf8506ae0e3381d3977a7c8,379,311,68,8,0.25231048464775085,success,2026-08-04,
focus_jamendo_1250838__300s,focus_jamendo_1250838,focus,discovery,300.0,features/chroma/300s/focus/discovery/focus_jamendo_1250838__300s.npz,1caea927929e8df5fea2af0b592d1c9d46bea1028915816eeb164066f0d4f9ac,features/pitch_v2/300s/focus/discovery/focus_jamendo_1250838__300s.npz,a4f46de0cd5c828cbc76da585dc35ac39a74433bcdaad7d041f2c075e2bccf5f,172e7094b7a170b50058cc2cfb72f89054f951dc2bf8506ae0e3381d3977a7c8,632,512,120,9,0.2515058219432831,success,2026-08-04,
focus_jamendo_1272579__180s,focus_jamendo_1272579,focus,holdout,180.0,features/chroma/180s/focus/holdout/focus_jamendo_1272579__180s.npz,fd2643c48b18b97a95668c019ff29057e4f2fa8d6556ab336d25fa60a8234822,features/pitch_v2/180s/focus/holdout/focus_jamendo_1272579__180s.npz,3bd6f52e887a6813980a3acaf8fdd08a14bd624e38fe7c6ce8f7146014a1af53,172e7094b7a170b50058cc2cfb72f89054f951dc2bf8506ae0e3381d3977a7c8,397,310,87,11,0.25034379959106445,success,2026-08-04,
focus_jamendo_1272579__300s,focus_jamendo_1272579,focus,holdout,300.0,features/chroma/300s/focus/holdout/focus_jamendo_1272579__300s.npz,49f773b7326925fbe1dff3dd29205183fea4beb4b13fa5586f8dd6f2f380c63c,features/pitch_v2/300s/focus/holdout/focus_jamendo_1272579__300s.npz,011e12f4d5d5612eeb0574ef911d7dc4a877729d57481006420731daf772fb71,172e7094b7a170b50058cc2cfb72f89054f951dc2bf8506ae0e3381d3977a7c8,661,536,125,13,0.2553119659423828,success,2026-08-04,
focus_jamendo_1302666__180s,focus_jamendo_1302666,focus,discovery,180.0,features/chroma/180s/focus/discovery/focus_jamendo_1302666__180s.npz,ab57c03470710f491cb0a155995ee027e1142d9c877711f40c9139a5d8771052,features/pitch_v2/180s/focus/discovery/focus_jamendo_1302666__180s.npz,edb5a8d83ec1752f3e2ba6d2f88549157fe271f3177e81ea57992a2607638ed8,172e7094b7a170b50058cc2cfb72f89054f951dc2bf8506ae0e3381d3977a7c8,383,304,79,9,0.19972582161426544,success,2026-08-04,
focus_jamendo_1302666__300s,focus_jamendo_1302666,focus,discovery,300.0,features/chroma/300s/focus/discovery/focus_jamendo_1302666__300s.npz,7f37368c47cc56a37c7132ffc3a19f705cb31ce576f359f86d6ee2e00b91f147,features/pitch_v2/300s/focus/discovery/focus_jamendo_1302666__300s.npz,914842e7407621757ba47013fbcde5eb5bbd32b39bdb87e11cc3e11c9bc1ebf0,172e7094b7a170b50058cc2cfb72f89054f951dc2bf8506ae0e3381d3977a7c8,636,504,132,9,0.20236334204673767,success,2026-08-04,
focus_jamendo_1357893__180s,focus_jamendo_1357893,focus,validation,180.0,features/chroma/180s/focus/validation/focus_jamendo_1357893__180s.npz,c317d8e6259227fb5d436cffff34adac453b22fb38a1cae7e9313c0c258a530f,features/pitch_v2/180s/focus/validation/focus_jamendo_1357893__180s.npz,389a50ffb5d058aba0e4160f02e4b17e8a676e8990419e256b4dd7848599624b,172e7094b7a170b50058cc2cfb72f89054f951dc2bf8506ae0e3381d3977a7c8,361,214,147,9,0.16566012799739838,success,2026-08-04,
focus_jamendo_1357893__300s,focus_jamendo_1357893,focus,validation,300.0,features/chroma/300s/focus/validation/focus_jamendo_1357893__300s.npz,223a13b2c7fbcb377d6baafd13107123ceb1987d446d166fff6b416f47115034,features/pitch_v2/300s/focus/validation/focus_jamendo_1357893__300s.npz,cca4285ae4c7b899c72f5e76a406e0abf835aa2be43a77a399246ad05079f9c8,172e7094b7a170b50058cc2cfb72f89054f951dc2bf8506ae0e3381d3977a7c8,594,352,242,11,0.16873955726623535,success,2026-08-04,
focus_jamendo_1442910__180s,focus_jamendo_1442910,focus,discovery,180.0,features/chroma/180s/focus/discovery/focus_jamendo_1442910__180s.npz,d5f0ff253eeec23984913777fce7af1033d84329d2dec79a7960442f078e1b6b,features/pitch_v2/180s/focus/discovery/focus_jamendo_1442910__180s.npz,dd904c7a9b6df9d015acdfe241557cf2dc2fec13e2eba2dccbf7b803570393a1,172e7094b7a170b50058cc2cfb72f89054f951dc2bf8506ae0e3381d3977a7c8,363,325,38,7,0.1533815562725067,success,2026-08-04,
focus_jamendo_1442910__300s,focus_jamendo_1442910,focus,discovery,300.0,features/chroma/300s/focus/discovery/focus_jamendo_1442910__300s.npz,64f14b1d49400e7f6d91c3e454e7c9e8d4ea8693cf711291e9f5cf8f80199b3c,features/pitch_v2/300s/focus/discovery/focus_jamendo_1442910__300s.npz,2612a14f9ceed8695f6c2c68e96f1d569832afe0ad736554a18813175f3d645f,172e7094b7a170b50058cc2cfb72f89054f951dc2bf8506ae0e3381d3977a7c8,353,315,38,6,0.15053492784500122,success,2026-08-04,
focus_jamendo_1450425__180s,focus_jamendo_1450425,focus,discovery,180.0,features/chroma/180s/focus/discovery/focus_jamendo_1450425__180s.npz,a59b79b75f036bbc4b76ef8e16a827ccec95505459128fac2d1e4af8bb11fcab,features/pitch_v2/180s/focus/discovery/focus_jamendo_1450425__180s.npz,94f08c720da29376ecf63dd1ebf2e7f76646bec3dde93068bddbbd133eb02295,172e7094b7a170b50058cc2cfb72f89054f951dc2bf8506ae0e3381d3977a7c8,377,340,37,12,0.17355462908744812,success,2026-08-04,
focus_jamendo_1450425__300s,focus_jamendo_1450425,focus,discovery,300.0,features/chroma/300s/focus/discovery/focus_jamendo_1450425__300s.npz,00390a28020b2351f8bd0f738569316c6306c0c2abd94e6aa459b21bd9e12414,features/pitch_v2/300s/focus/discovery/focus_jamendo_1450425__300s.npz,d5a91922ad27c462ca5e5381a0ccf0a04855b6f164f151a961fbb205b852ac5a,172e7094b7a170b50058cc2cfb72f89054f951dc2bf8506ae0e3381d3977a7c8,451,409,42,12,0.17553740739822388,success,2026-08-04,
focus_jamendo_1496808__180s,focus_jamendo_1496808,focus,validation,180.0,features/chroma/180s/focus/validation/focus_jamendo_1496808__180s.npz,1f4ea78c35c4ca3ec12f7ec40976c6ce8125bd7e071b6af330bf0d89c586249d,features/pitch_v2/180s/focus/validation/focus_jamendo_1496808__180s.npz,5faffc8ba0af9400cf58c0ba97680352a18e28e979bc58bb36d0a2a834f9492b,172e7094b7a170b50058cc2cfb72f89054f951dc2bf8506ae0e3381d3977a7c8,204,196,8,8,0.269886314868927,success,2026-08-04,
focus_jamendo_1496808__300s,focus_jamendo_1496808,focus,validation,300.0,features/chroma/300s/focus/validation/focus_jamendo_1496808__300s.npz,1f4ea78c35c4ca3ec12f7ec40976c6ce8125bd7e071b6af330bf0d89c586249d,features/pitch_v2/300s/focus/validation/focus_jamendo_1496808__300s.npz,5faffc8ba0af9400cf58c0ba97680352a18e28e979bc58bb36d0a2a834f9492b,172e7094b7a170b50058cc2cfb72f89054f951dc2bf8506ae0e3381d3977a7c8,204,196,8,8,0.269886314868927,success,2026-08-04,
focus_jamendo_1502253__180s,focus_jamendo_1502253,focus,discovery,180.0,features/chroma/180s/focus/discovery/focus_jamendo_1502253__180s.npz,ac48f31194424dabf2130c4eb13e9c133ce0a813d2eb9ec745102ba72aa6da33,features/pitch_v2/180s/focus/discovery/focus_jamendo_1502253__180s.npz,0d77d728f429e86a92c5df1016435cae9922c2876bfe0e4a482cf2ecf36db84b,172e7094b7a170b50058cc2cfb72f89054f951dc2bf8506ae0e3381d3977a7c8,376,296,80,9,0.26072031259536743,success,2026-08-04,
focus_jamendo_1502253__300s,focus_jamendo_1502253,focus,discovery,300.0,features/chroma/300s/focus/discovery/focus_jamendo_1502253__300s.npz,70570fcf93cb1bd8cf02cfd0f5e32503a422fe27b995d0db91eff4e15f06de2f,features/pitch_v2/300s/focus/discovery/focus_jamendo_1502253__300s.npz,85e6cc0e321d858d632f211bf57f8a732302ee99cf026e1da063554c70a172d4,172e7094b7a170b50058cc2cfb72f89054f951dc2bf8506ae0e3381d3977a7c8,373,289,84,9,0.2599022388458252,success,2026-08-04,
focus_jamendo_1522319__180s,focus_jamendo_1522319,focus,discovery,180.0,features/chroma/180s/focus/discovery/focus_jamendo_1522319__180s.npz,1a01262b1e7cfa2cc9748160e2f34daa9586e709cffd87c573fc426ce1345e25,features/pitch_v2/180s/focus/discovery/focus_jamendo_1522319__180s.npz,33fd67db5113a97a0b90fba15866da7e0e327b449d389ec5d474551d800c2922,172e7094b7a170b50058cc2cfb72f89054f951dc2bf8506ae0e3381d3977a7c8,390,293,97,10,0.23142696917057037,success,2026-08-04,
focus_jamendo_1522319__300s,focus_jamendo_1522319,focus,discovery,300.0,features/chroma/300s/focus/discovery/focus_jamendo_1522319__300s.npz,2b57c6a2e098ba280383ea658c43cac438cde5ef3aae11fd0568a517c0d96e02,features/pitch_v2/300s/focus/discovery/focus_jamendo_1522319__300s.npz,8955f87a89b30b68e3c755a3801c018d58343b40a2724f2c22e692fcd924ff9c,172e7094b7a170b50058cc2cfb72f89054f951dc2bf8506ae0e3381d3977a7c8,524,380,144,10,0.23126152157783508,success,2026-08-04,
focus_jamendo_1522321__180s,focus_jamendo_1522321,focus,discovery,180.0,features/chroma/180s/focus/discovery/focus_jamendo_1522321__180s.npz,d75cb0275b14030562a37567b4d40484a28a2229b7538b5c702334f8e9120f03,features/pitch_v2/180s/focus/discovery/focus_jamendo_1522321__180s.npz,52e5e2f2a79e4f8b4c2e9a0d9350d8feb4d93bef1d8456b0ce50f8580f941962,172e7094b7a170b50058cc2cfb72f89054f951dc2bf8506ae0e3381d3977a7c8,391,245,146,9,0.2500200867652893,success,2026-08-04,
focus_jamendo_1522321__300s,focus_jamendo_1522321,focus,discovery,300.0,features/chroma/300s/focus/discovery/focus_jamendo_1522321__300s.npz,d9337f21c7c2563b38308c10ec5974a322f437461f155f2bcecbbad89d68efdf,features/pitch_v2/300s/focus/discovery/focus_jamendo_1522321__300s.npz,b837fc07a32e2a79661b9098ee5c5bd772f865f910593d1d3480da59cb6c94ea,172e7094b7a170b50058cc2cfb72f89054f951dc2bf8506ae0e3381d3977a7c8,615,406,209,9,0.24915216863155365,success,2026-08-04,
focus_jamendo_1522332__180s,focus_jamendo_1522332,focus,discovery,180.0,features/chroma/180s/focus/discovery/focus_jamendo_1522332__180s.npz,1d923f8102929345f4bf6f55d07e37868070b742ced7d580a5a74bc417c1c6a6,features/pitch_v2/180s/focus/discovery/focus_jamendo_1522332__180s.npz,9f314e1d9d4b61937de7afa83139652756d98cc06b94bc2ab9ad63d812ff962c,172e7094b7a170b50058cc2cfb72f89054f951dc2bf8506ae0e3381d3977a7c8,411,259,152,10,0.23679879307746887,success,2026-08-04,
focus_jamendo_1522332__300s,focus_jamendo_1522332,focus,discovery,300.0,features/chroma/300s/focus/discovery/focus_jamendo_1522332__300s.npz,e2ce33bc67edcb3e746303a797f8253b5775915fbeda17b4556a7f4095a778a8,features/pitch_v2/300s/focus/discovery/focus_jamendo_1522332__300s.npz,5b39df35205da40643606cccc6b22e0a1b46202427f26771b84e9d3f4825c535,172e7094b7a170b50058cc2cfb72f89054f951dc2bf8506ae0e3381d3977a7c8,546,350,196,10,0.23308095335960388,success,2026-08-04,
focus_jamendo_1522335__180s,focus_jamendo_1522335,focus,discovery,180.0,features/chroma/180s/focus/discovery/focus_jamendo_1522335__180s.npz,afbdcdf3c491376ba9b5d30c1e3da5bf47b2ef028749faa049d7afabbc2d3d5b,features/pitch_v2/180s/focus/discovery/focus_jamendo_1522335__180s.npz,8ee9b4165fc7e9e66727544b4ee6b9322a536b773170e79d12b5c0b007b9a9c6,172e7094b7a170b50058cc2cfb72f89054f951dc2bf8506ae0e3381d3977a7c8,384,278,106,11,0.2410101592540741,success,2026-08-04,
focus_jamendo_1522335__300s,focus_jamendo_1522335,focus,discovery,300.0,features/chroma/300s/focus/discovery/focus_jamendo_1522335__300s.npz,55ce4a87e7b883c3840ae779d065cde1dd3b11d730068784cdbad13712704d42,features/pitch_v2/300s/focus/discovery/focus_jamendo_1522335__300s.npz,c04e692a3b23ee2d56543a2f22a757470eed52126738f61a3d208a6c48aaadbf,172e7094b7a170b50058cc2cfb72f89054f951dc2bf8506ae0e3381d3977a7c8,524,375,149,11,0.2433190643787384,success,2026-08-04,
focus_jamendo_1542218__180s,focus_jamendo_1542218,focus,discovery,180.0,features/chroma/180s/focus/discovery/focus_jamendo_1542218__180s.npz,769f3d1847d67078a74c18b82f962fdb1e41e8967a52a4bfedea6f314fa1e34c,features/pitch_v2/180s/focus/discovery/focus_jamendo_1542218__180s.npz,8253ef855d104cc5763560b160841ca11f64b4f0120c46627833c1ca07e78541,172e7094b7a170b50058cc2cfb72f89054f951dc2bf8506ae0e3381d3977a7c8,380,274,106,12,0.1853516548871994,success,2026-08-04,
focus_jamendo_1542218__300s,focus_jamendo_1542218,focus,discovery,300.0,features/chroma/300s/focus/discovery/focus_jamendo_1542218__300s.npz,edfe12460d1ed26a41d20121e556c5195f05907d206d5c2bce22e7450cd97936,features/pitch_v2/300s/focus/discovery/focus_jamendo_1542218__300s.npz,2dfbf9f3e8e558b907150bace485c3f59773aab6b82522e327ae5924616f4dbf,172e7094b7a170b50058cc2cfb72f89054f951dc2bf8506ae0e3381d3977a7c8,440,324,116,12,0.19475987553596497,success,2026-08-04,
focus_jamendo_1549291__180s,focus_jamendo_1549291,focus,validation,180.0,features/chroma/180s/focus/validation/focus_jamendo_1549291__180s.npz,a9ac912bdc20a0c60e16439896d857adef978a36531df6b05879db1772101f17,features/pitch_v2/180s/focus/validation/focus_jamendo_1549291__180s.npz,e4050601905a1eae90a8fc2a28622e9d092cebfff83e97107000595bbf396e06,172e7094b7a170b50058cc2cfb72f89054f951dc2bf8506ae0e3381d3977a7c8,306,282,24,9,0.23801282048225403,success,2026-08-04,
focus_jamendo_1549291__300s,focus_jamendo_1549291,focus,validation,300.0,features/chroma/300s/focus/validation/focus_jamendo_1549291__300s.npz,a9ac912bdc20a0c60e16439896d857adef978a36531df6b05879db1772101f17,features/pitch_v2/300s/focus/validation/focus_jamendo_1549291__300s.npz,e4050601905a1eae90a8fc2a28622e9d092cebfff83e97107000595bbf396e06,172e7094b7a170b50058cc2cfb72f89054f951dc2bf8506ae0e3381d3977a7c8,306,282,24,9,0.23801282048225403,success,2026-08-04,
focus_jamendo_1550368__180s,focus_jamendo_1550368,focus,validation,180.0,features/chroma/180s/focus/validation/focus_jamendo_1550368__180s.npz,bcb17d8a1a7afc2186e2f1399e7931bec23def50f3c4725c670ee1c1f0c76bde,features/pitch_v2/180s/focus/validation/focus_jamendo_1550368__180s.npz,2681ccdfc9c984bd0be5b845ad58002c35399b3d383a41b768923dfde8a49c1c,172e7094b7a170b50058cc2cfb72f89054f951dc2bf8506ae0e3381d3977a7c8,387,266,121,7,0.17908862233161926,success,2026-08-04,
focus_jamendo_1550368__300s,focus_jamendo_1550368,focus,validation,300.0,features/chroma/300s/focus/validation/focus_jamendo_1550368__300s.npz,6483a1cd7742c88e5995334f9ddd0ebbcef045a460f53a797a41f7ca9316dbb8,features/pitch_v2/300s/focus/validation/focus_jamendo_1550368__300s.npz,a32727c6a8f16e73b85be9ad16d4a6574bacea614bb7a8a4d6ed4dd6b87dd6ab,172e7094b7a170b50058cc2cfb72f89054f951dc2bf8506ae0e3381d3977a7c8,642,432,210,7,0.1837758719921112,success,2026-08-04,
focus_jamendo_1560365__180s,focus_jamendo_1560365,focus,discovery,180.0,features/chroma/180s/focus/discovery/focus_jamendo_1560365__180s.npz,940086eb3c147d13d17b80d6eabd6e7a2cf822d57b093918f5027550762f422a,features/pitch_v2/180s/focus/discovery/focus_jamendo_1560365__180s.npz,30c9ee7ae8bae79ab9ec2eb12daef2eeb89fe4e8d1c582303dc74434d87d5f49,172e7094b7a170b50058cc2cfb72f89054f951dc2bf8506ae0e3381d3977a7c8,397,335,62,10,0.21036487817764282,success,2026-08-04,
focus_jamendo_1560365__300s,focus_jamendo_1560365,focus,discovery,300.0,features/chroma/300s/focus/discovery/focus_jamendo_1560365__300s.npz,d03657269be8e0581b4c1db8aa11fc25804a69120834d38b4b7bc4ae61da07d5,features/pitch_v2/300s/focus/discovery/focus_jamendo_1560365__300s.npz,d5392964517fa4e6dfc8d5b2e5167f27e33693b3db84c9aaf73bb5d4992d6f4f,172e7094b7a170b50058cc2cfb72f89054f951dc2bf8506ae0e3381d3977a7c8,330,278,52,10,0.20749832689762115,success,2026-08-04,
focus_jamendo_1569329__180s,focus_jamendo_1569329,focus,holdout,180.0,features/chroma/180s/focus/holdout/focus_jamendo_1569329__180s.npz,3336c253546ab400cc96058de20f4ce091a09dd7a92a37bbc498d8e527b1ee69,features/pitch_v2/180s/focus/holdout/focus_jamendo_1569329__180s.npz,47640cf106f4db15c8edfa9bb5d854955729948a42eafa73fa42909ddf7ab091,172e7094b7a170b50058cc2cfb72f89054f951dc2bf8506ae0e3381d3977a7c8,400,334,66,16,0.2180807888507843,success,2026-08-04,
focus_jamendo_1569329__300s,focus_jamendo_1569329,focus,holdout,300.0,features/chroma/300s/focus/holdout/focus_jamendo_1569329__300s.npz,48121cc17b0134856f8266a7100809783f50b6ae166c63743af09887df1c4b24,features/pitch_v2/300s/focus/holdout/focus_jamendo_1569329__300s.npz,44f8852bb5b9d717cf178c96c9954329d0f209df5cba27dade8f894d47a437bc,172e7094b7a170b50058cc2cfb72f89054f951dc2bf8506ae0e3381d3977a7c8,610,519,91,16,0.2220388650894165,success,2026-08-04,
focus_jamendo_1569330__180s,focus_jamendo_1569330,focus,holdout,180.0,features/chroma/180s/focus/holdout/focus_jamendo_1569330__180s.npz,e2517e7be06a5c17df154e6b5fe0842bcc24500ffe85d2dbbec90fdf7fa8e94a,features/pitch_v2/180s/focus/holdout/focus_jamendo_1569330__180s.npz,ccfbe8fef9ad495bfebc8c5ee93db6d6cbfe8ebaaedc4d3dd19d9663c4cc6f83,172e7094b7a170b50058cc2cfb72f89054f951dc2bf8506ae0e3381d3977a7c8,227,192,35,13,0.2104407548904419,success,2026-08-04,
focus_jamendo_1569330__300s,focus_jamendo_1569330,focus,holdout,300.0,features/chroma/300s/focus/holdout/focus_jamendo_1569330__300s.npz,14550e67a953262ea7e78cdbbda05a5c950e45109510b98dcead2ef5721439e5,features/pitch_v2/300s/focus/holdout/focus_jamendo_1569330__300s.npz,edbee8ae45db28cfddc1679f0f8f63b375d1d13a05e07887d00c6d0f25e83c29,172e7094b7a170b50058cc2cfb72f89054f951dc2bf8506ae0e3381d3977a7c8,230,195,35,13,0.20726893842220306,success,2026-08-04,
focus_jamendo_1571054__180s,focus_jamendo_1571054,focus,validation,180.0,features/chroma/180s/focus/validation/focus_jamendo_1571054__180s.npz,11751e6725df9175e8f784a1fe9ddcdd3eaf34d7e81935ac031a51ba8cb47d24,features/pitch_v2/180s/focus/validation/focus_jamendo_1571054__180s.npz,f369fa010e3e6a50610e89eea54e4cdb9c0ca6e9926f85904639c30f9af349f0,172e7094b7a170b50058cc2cfb72f89054f951dc2bf8506ae0e3381d3977a7c8,322,192,130,8,0.17793042957782745,success,2026-08-04,
focus_jamendo_1571054__300s,focus_jamendo_1571054,focus,validation,300.0,features/chroma/300s/focus/validation/focus_jamendo_1571054__300s.npz,9a074115327250fc7e786fe69a618f0e320ee629a90226d87242b63e5014c89a,features/pitch_v2/300s/focus/validation/focus_jamendo_1571054__300s.npz,67bc11b0fdd65949271b28cc775974e45f58a02d73a9acf2fe492649c0b3b9ef,172e7094b7a170b50058cc2cfb72f89054f951dc2bf8506ae0e3381d3977a7c8,345,208,137,8,0.16067670285701752,success,2026-08-04,
focus_jamendo_1575999__180s,focus_jamendo_1575999,focus,discovery,180.0,features/chroma/180s/focus/discovery/focus_jamendo_1575999__180s.npz,50a790b53527cc5568d22fbbd690edfa9a6edbe05e88d71d577bfbf564b5c01b,features/pitch_v2/180s/focus/discovery/focus_jamendo_1575999__180s.npz,de3794df3ae0e3a8807f230aab6612d559658705a289a329815f4003fc0914af,172e7094b7a170b50058cc2cfb72f89054f951dc2bf8506ae0e3381d3977a7c8,365,279,86,10,0.22845399379730225,success,2026-08-04,
focus_jamendo_1575999__300s,focus_jamendo_1575999,focus,discovery,300.0,features/chroma/300s/focus/discovery/focus_jamendo_1575999__300s.npz,4ba22ff7b1f819cd2e05b446de97acf46a509b23d4f3b8f89a1a31e0d198c847,features/pitch_v2/300s/focus/discovery/focus_jamendo_1575999__300s.npz,daf1de71e1e40acaf068be342597f200d7a7a5d5983acd2edc59c088ac350f08,172e7094b7a170b50058cc2cfb72f89054f951dc2bf8506ae0e3381d3977a7c8,604,476,128,10,0.2259158492088318,success,2026-08-04,
focus_jamendo_1576036__180s,focus_jamendo_1576036,focus,discovery,180.0,features/chroma/180s/focus/discovery/focus_jamendo_1576036__180s.npz,cb522a1661431922793d8bf4d7e4ceb8a19c81cb475106ccf725a2a7f716f9b7,features/pitch_v2/180s/focus/discovery/focus_jamendo_1576036__180s.npz,2985e70b0021e579908a6c3342f34bce5d93215b0df87e689105dc14d2764d2d,172e7094b7a170b50058cc2cfb72f89054f951dc2bf8506ae0e3381d3977a7c8,401,294,107,12,0.19874314963817596,success,2026-08-04,
focus_jamendo_1576036__300s,focus_jamendo_1576036,focus,discovery,300.0,features/chroma/300s/focus/discovery/focus_jamendo_1576036__300s.npz,37ff23ee3cf0d12fe724d1822a9c8b9d3284b4987dcb979a783ad3d5b9c86b3a,features/pitch_v2/300s/focus/discovery/focus_jamendo_1576036__300s.npz,b289057b3832763597b14653f2d86b8c1258603dddce3de441b83a8330cf2faa,172e7094b7a170b50058cc2cfb72f89054f951dc2bf8506ae0e3381d3977a7c8,668,493,175,12,0.19035017490386963,success,2026-08-04,
focus_jamendo_1597681__180s,focus_jamendo_1597681,focus,validation,180.0,features/chroma/180s/focus/validation/focus_jamendo_1597681__180s.npz,ef695810a0bcf37d356c2dd38ceb6c53fe255d17bb68698f7d1d42fb8f9b4c41,features/pitch_v2/180s/focus/validation/focus_jamendo_1597681__180s.npz,931c65638f6987c89952f3e8c2ee510b59914ca7afee1296754af799b1fafd12,172e7094b7a170b50058cc2cfb72f89054f951dc2bf8506ae0e3381d3977a7c8,271,150,121,2,0.1544719636440277,success,2026-08-04,
focus_jamendo_1597681__300s,focus_jamendo_1597681,focus,validation,300.0,features/chroma/300s/focus/validation/focus_jamendo_1597681__300s.npz,d75fa1e26a6614d90a67e219c48e775928cbd8f96b5ad8eca1f7ec5382b6a6c2,features/pitch_v2/300s/focus/validation/focus_jamendo_1597681__300s.npz,075c8d5aeeb2cc032d3fde01f201a1ec28209577405f4682a4886cae7f783d69,172e7094b7a170b50058cc2cfb72f89054f951dc2bf8506ae0e3381d3977a7c8,393,228,165,4,0.15440979599952698,success,2026-08-04,
focus_jamendo_1597868__180s,focus_jamendo_1597868,focus,holdout,180.0,features/chroma/180s/focus/holdout/focus_jamendo_1597868__180s.npz,b4cacd9e07c57083ced65c3c93725e764d674b840c10986da4ceab8301b7caf4,features/pitch_v2/180s/focus/holdout/focus_jamendo_1597868__180s.npz,d18f921e6a585f12993d36e1d7f87cc6a7a60ae0070e25dfdc8aaeacecb8f835,172e7094b7a170b50058cc2cfb72f89054f951dc2bf8506ae0e3381d3977a7c8,363,279,84,2,0.13528859615325928,success,2026-08-04,
focus_jamendo_1597868__300s,focus_jamendo_1597868,focus,holdout,300.0,features/chroma/300s/focus/holdout/focus_jamendo_1597868__300s.npz,feeff150403dd5f3c6ba978e9aa493b776fb8d73e5d7619f781e4be6fcb6d01b,features/pitch_v2/300s/focus/holdout/focus_jamendo_1597868__300s.npz,75922b59f71df9a9050251db0a977b713c17feb00077f4cc204eeb17d59d3ec2,172e7094b7a170b50058cc2cfb72f89054f951dc2bf8506ae0e3381d3977a7c8,602,471,131,2,0.13601739704608917,success,2026-08-04,
focus_jamendo_1606551__180s,focus_jamendo_1606551,focus,holdout,180.0,features/chroma/180s/focus/holdout/focus_jamendo_1606551__180s.npz,2d21ea6e201974405892b63b019c7b225276485ac609f40cd8cdc6f1bb4ef3ab,features/pitch_v2/180s/focus/holdout/focus_jamendo_1606551__180s.npz,7c32220bfa93e44b425b8778d1751781ce21defb81c752faa8be51760968f3c3,172e7094b7a170b50058cc2cfb72f89054f951dc2bf8506ae0e3381d3977a7c8,276,211,65,9,0.19498464465141296,success,2026-08-04,
focus_jamendo_1606551__300s,focus_jamendo_1606551,focus,holdout,300.0,features/chroma/300s/focus/holdout/focus_jamendo_1606551__300s.npz,b007fc30ff4ccf3e8be747544c25dde9f7d2d68371b458b48ac64a63dbd00846,features/pitch_v2/300s/focus/holdout/focus_jamendo_1606551__300s.npz,73db0ac24db8604b05ff71b231e2e0fef41ac05d4fa5307f5d104eaa6555bde2,172e7094b7a170b50058cc2cfb72f89054f951dc2bf8506ae0e3381d3977a7c8,287,221,66,9,0.19356659054756165,success,2026-08-04,
focus_jamendo_1610713__180s,focus_jamendo_1610713,focus,discovery,180.0,features/chroma/180s/focus/discovery/focus_jamendo_1610713__180s.npz,4fb9815c553aef427452d2fb949329be32ed8140196dd788323abff90e935e6d,features/pitch_v2/180s/focus/discovery/focus_jamendo_1610713__180s.npz,54ca27a3602730c55601a79ea74dd64fa495aac740cdebb9fc4354673248152f,172e7094b7a170b50058cc2cfb72f89054f951dc2bf8506ae0e3381d3977a7c8,394,326,68,6,0.2516695261001587,success,2026-08-04,
focus_jamendo_1610713__300s,focus_jamendo_1610713,focus,discovery,300.0,features/chroma/300s/focus/discovery/focus_jamendo_1610713__300s.npz,dda35eb069dc62fbabdb85be30ebdab42593687a14d14a7535f2028d1925717d,features/pitch_v2/300s/focus/discovery/focus_jamendo_1610713__300s.npz,5777a3d058c4ace890f1dd0330530bdcf384116b3cbb77dfa8a9755da9d54332,172e7094b7a170b50058cc2cfb72f89054f951dc2bf8506ae0e3381d3977a7c8,658,548,110,6,0.252122163772583,success,2026-08-04,
focus_jamendo_1617037__180s,focus_jamendo_1617037,focus,discovery,180.0,features/chroma/180s/focus/discovery/focus_jamendo_1617037__180s.npz,1f641ada4ca45f1f818bd15c41c3f2ceef281564f24251a37d2b4a542fbd7efc,features/pitch_v2/180s/focus/discovery/focus_jamendo_1617037__180s.npz,ebdf8362b71b2b0908efdb6237b656a66e7778b83224caed9e402ed93e626647,172e7094b7a170b50058cc2cfb72f89054f951dc2bf8506ae0e3381d3977a7c8,371,323,48,6,0.2838400900363922,success,2026-08-04,
focus_jamendo_1617037__300s,focus_jamendo_1617037,focus,discovery,300.0,features/chroma/300s/focus/discovery/focus_jamendo_1617037__300s.npz,4f4de44860630e1cad90aba17c091dc95663d78915a819eba3f24893f6d47d25,features/pitch_v2/300s/focus/discovery/focus_jamendo_1617037__300s.npz,27204342c9a759cffbab88e0a307a1d7e001e3bb5a5983276290277e75672428,172e7094b7a170b50058cc2cfb72f89054f951dc2bf8506ae0e3381d3977a7c8,580,520,60,8,0.2706047594547272,success,2026-08-04,
focus_jamendo_1619099__180s,focus_jamendo_1619099,focus,discovery,180.0,features/chroma/180s/focus/discovery/focus_jamendo_1619099__180s.npz,71c58e3cb312e6fe7f62e2784e86a99d65e8fc9222fadf409d3761c5e2bde0ef,features/pitch_v2/180s/focus/discovery/focus_jamendo_1619099__180s.npz,5f63bcc4d5545020fe749102ee75bbe4cbecb962b0a01e1a6f6f1afb7e59af89,172e7094b7a170b50058cc2cfb72f89054f951dc2bf8506ae0e3381d3977a7c8,301,254,47,10,0.21931037306785583,success,2026-08-04,
focus_jamendo_1619099__300s,focus_jamendo_1619099,focus,discovery,300.0,features/chroma/300s/focus/discovery/focus_jamendo_1619099__300s.npz,71c58e3cb312e6fe7f62e2784e86a99d65e8fc9222fadf409d3761c5e2bde0ef,features/pitch_v2/300s/focus/discovery/focus_jamendo_1619099__300s.npz,5f63bcc4d5545020fe749102ee75bbe4cbecb962b0a01e1a6f6f1afb7e59af89,172e7094b7a170b50058cc2cfb72f89054f951dc2bf8506ae0e3381d3977a7c8,301,254,47,10,0.21931037306785583,success,2026-08-04,
focus_jamendo_1621763__180s,focus_jamendo_1621763,focus,holdout,180.0,features/chroma/180s/focus/holdout/focus_jamendo_1621763__180s.npz,0f6c10bf7e8b3658f94e492eb91b4493a4a4986dd950ff9e3c10717c4414ab20,features/pitch_v2/180s/focus/holdout/focus_jamendo_1621763__180s.npz,6b3826e0b7fcf87e2c5d7b5194e13ec0863dc39159e3a28e8bd8be442c5ed7d6,172e7094b7a170b50058cc2cfb72f89054f951dc2bf8506ae0e3381d3977a7c8,480,384,96,9,0.17938007414340973,success,2026-08-04,
focus_jamendo_1621763__300s,focus_jamendo_1621763,focus,holdout,300.0,features/chroma/300s/focus/holdout/focus_jamendo_1621763__300s.npz,bd80951e952a6157e8e5f6d003fbec2cca3e62f2bf5dd8b8261d9e28b9bfad03,features/pitch_v2/300s/focus/holdout/focus_jamendo_1621763__300s.npz,07bd51ed431a4203a343ec0180d65e9a95bc3faf1f7f5eb24e3a8be22f88eb1f,172e7094b7a170b50058cc2cfb72f89054f951dc2bf8506ae0e3381d3977a7c8,800,662,138,9,0.18801060318946838,success,2026-08-04,
focus_jamendo_1630224__180s,focus_jamendo_1630224,focus,validation,180.0,features/chroma/180s/focus/validation/focus_jamendo_1630224__180s.npz,5df681ab3585c68bd311c74180acac7cb11e81e73ad96c39ea240bf402e5488a,features/pitch_v2/180s/focus/validation/focus_jamendo_1630224__180s.npz,467256ae3e6673c26fcec611fc813fe4c5d0c23fa4477f99fc596ef86b632e9c,172e7094b7a170b50058cc2cfb72f89054f951dc2bf8506ae0e3381d3977a7c8,411,328,83,12,0.2536877989768982,success,2026-08-04,
focus_jamendo_1630224__300s,focus_jamendo_1630224,focus,validation,300.0,features/chroma/300s/focus/validation/focus_jamendo_1630224__300s.npz,b2fb8ce03b6a34a53ffc2d7bf4a58adb1fe15dc9c57e889dc7500176a399f725,features/pitch_v2/300s/focus/validation/focus_jamendo_1630224__300s.npz,62426e61b815031d799b33e306a3f36c2943d66221b1e5afa8c6bb05a95b825e,172e7094b7a170b50058cc2cfb72f89054f951dc2bf8506ae0e3381d3977a7c8,510,403,107,12,0.25151336193084717,success,2026-08-04,
focus_jamendo_1632069__180s,focus_jamendo_1632069,focus,discovery,180.0,features/chroma/180s/focus/discovery/focus_jamendo_1632069__180s.npz,617cd2e5948d4a508b26f6ff39805ca3866593776909b6f65cbbfe783570c544,features/pitch_v2/180s/focus/discovery/focus_jamendo_1632069__180s.npz,741ec8f8e4cccf128ba035e6b164472f7bb5249514f76c6453c1425e8ca77aef,172e7094b7a170b50058cc2cfb72f89054f951dc2bf8506ae0e3381d3977a7c8,422,415,7,7,0.13980215787887573,success,2026-08-04,
focus_jamendo_1632069__300s,focus_jamendo_1632069,focus,discovery,300.0,features/chroma/300s/focus/discovery/focus_jamendo_1632069__300s.npz,23305f4808a83e180f2dfc14bab259c099368685743c3412df69f1cffb235951,features/pitch_v2/300s/focus/discovery/focus_jamendo_1632069__300s.npz,2a3aa28821004d658c85e0530331644c8e4a527442f27aafdfca23ef590f3961,172e7094b7a170b50058cc2cfb72f89054f951dc2bf8506ae0e3381d3977a7c8,429,418,11,6,0.13573762774467468,success,2026-08-04,
focus_jamendo_1632088__180s,focus_jamendo_1632088,focus,discovery,180.0,features/chroma/180s/focus/discovery/focus_jamendo_1632088__180s.npz,0b4f5f1193c0244cab9aca1c239245688566a2753edec493c4395f57e4e084e3,features/pitch_v2/180s/focus/discovery/focus_jamendo_1632088__180s.npz,75ed5436f48346b0eec120a54b15a997c3d509c3cd8714a1125b4a0d28ff321d,172e7094b7a170b50058cc2cfb72f89054f951dc2bf8506ae0e3381d3977a7c8,249,230,19,10,0.19708994030952454,success,2026-08-04,
focus_jamendo_1632088__300s,focus_jamendo_1632088,focus,discovery,300.0,features/chroma/300s/focus/discovery/focus_jamendo_1632088__300s.npz,0b4f5f1193c0244cab9aca1c239245688566a2753edec493c4395f57e4e084e3,features/pitch_v2/300s/focus/discovery/focus_jamendo_1632088__300s.npz,75ed5436f48346b0eec120a54b15a997c3d509c3cd8714a1125b4a0d28ff321d,172e7094b7a170b50058cc2cfb72f89054f951dc2bf8506ae0e3381d3977a7c8,249,230,19,10,0.19708994030952454,success,2026-08-04,
focus_jamendo_1633326__180s,focus_jamendo_1633326,focus,validation,180.0,features/chroma/180s/focus/validation/focus_jamendo_1633326__180s.npz,1a9f8acca7d6e700ccbf8040b1572723d67195aa6c3c9987c58302da97e993be,features/pitch_v2/180s/focus/validation/focus_jamendo_1633326__180s.npz,fa4bf21f5d0f0d06e652869d49ba3d49e05b887ac51794ae5fc2a3abaaf48a10,172e7094b7a170b50058cc2cfb72f89054f951dc2bf8506ae0e3381d3977a7c8,383,304,79,12,0.2626517415046692,success,2026-08-04,
focus_jamendo_1633326__300s,focus_jamendo_1633326,focus,validation,300.0,features/chroma/300s/focus/validation/focus_jamendo_1633326__300s.npz,65b1e754309765db0199c50097f26e648319291350927119281a8074eab10d9f,features/pitch_v2/300s/focus/validation/focus_jamendo_1633326__300s.npz,907303990c3017ae9aef82406a32e5083316162ad1afb4e70a9a1bc39540ed70,172e7094b7a170b50058cc2cfb72f89054f951dc2bf8506ae0e3381d3977a7c8,637,504,133,11,0.25027018785476685,success,2026-08-04,
focus_jamendo_1646629__180s,focus_jamendo_1646629,focus,discovery,180.0,features/chroma/180s/focus/discovery/focus_jamendo_1646629__180s.npz,ea8d1939b6d84a30b6731aad29d10131fa9c6cc0087542c364caca140dc06941,features/pitch_v2/180s/focus/discovery/focus_jamendo_1646629__180s.npz,529387553cc94a2c0866dd94cd047ac42852f17f80bb13e6431927715abe2396,172e7094b7a170b50058cc2cfb72f89054f951dc2bf8506ae0e3381d3977a7c8,311,99,212,6,0.13502287864685059,success,2026-08-04,
focus_jamendo_1646629__300s,focus_jamendo_1646629,focus,discovery,300.0,features/chroma/300s/focus/discovery/focus_jamendo_1646629__300s.npz,bc77da082bcc62a59edcc73828ff750e54fd60a28925a2826bd08addc9ccfefc,features/pitch_v2/300s/focus/discovery/focus_jamendo_1646629__300s.npz,19c2cdcfba776719ccc7c6ba2aa0a5f5bb0de4c392a38132f44074bd20402156,172e7094b7a170b50058cc2cfb72f89054f951dc2bf8506ae0e3381d3977a7c8,691,319,372,5,0.12708203494548798,success,2026-08-04,
focus_jamendo_1647617__180s,focus_jamendo_1647617,focus,discovery,180.0,features/chroma/180s/focus/discovery/focus_jamendo_1647617__180s.npz,96ae1bac56d9280da80dd77b7a6f9aa38b00eb1029a1164ab18fc3fa27821e06,features/pitch_v2/180s/focus/discovery/focus_jamendo_1647617__180s.npz,fa7f4b3b3b213431fa5eb18ca0b07caef865370b41cbc505a8e1a7877c7348a0,172e7094b7a170b50058cc2cfb72f89054f951dc2bf8506ae0e3381d3977a7c8,427,376,51,11,0.21907630562782288,success,2026-08-04,
focus_jamendo_1647617__300s,focus_jamendo_1647617,focus,discovery,300.0,features/chroma/300s/focus/discovery/focus_jamendo_1647617__300s.npz,be2d47df86d529b67570babb741e6154687f09cffa8769197d5ea7b6043366dd,features/pitch_v2/300s/focus/discovery/focus_jamendo_1647617__300s.npz,710da3873c9dbba6c6777b43b7a78211ea86483fb0ccd3cb1402bbab7e14a830,172e7094b7a170b50058cc2cfb72f89054f951dc2bf8506ae0e3381d3977a7c8,687,615,72,11,0.21241456270217896,success,2026-08-04,
focus_jamendo_1650016__180s,focus_jamendo_1650016,focus,validation,180.0,features/chroma/180s/focus/validation/focus_jamendo_1650016__180s.npz,4c436bee8e90dd8b6573f3207d02c9dfbd23b371065797908424d96d4f7f99f3,features/pitch_v2/180s/focus/validation/focus_jamendo_1650016__180s.npz,d04977cab0b5a08f313b42b432c6b9f38aedfa6f146c06e29c95fb54026d4390,172e7094b7a170b50058cc2cfb72f89054f951dc2bf8506ae0e3381d3977a7c8,391,280,111,11,0.22037827968597412,success,2026-08-04,
focus_jamendo_1650016__300s,focus_jamendo_1650016,focus,validation,300.0,features/chroma/300s/focus/validation/focus_jamendo_1650016__300s.npz,cf6211477434e42d899cda3d57af399dab48a65ba7bec0984a44ca4c840d0dcc,features/pitch_v2/300s/focus/validation/focus_jamendo_1650016__300s.npz,1a678a65a72ac9098e9c9a0981873c6a46f28a7824acded7fdeccb7eef87d126,172e7094b7a170b50058cc2cfb72f89054f951dc2bf8506ae0e3381d3977a7c8,653,466,187,11,0.21982547640800476,success,2026-08-04,
focus_jamendo_1667339__180s,focus_jamendo_1667339,focus,discovery,180.0,features/chroma/180s/focus/discovery/focus_jamendo_1667339__180s.npz,5373366c74c5436739817a819739b2a8b78dee34903a4a6c3a9043484e568122,features/pitch_v2/180s/focus/discovery/focus_jamendo_1667339__180s.npz,d3cc9320691c3da3a7c010f03caf5e8a343a2effa6f049de7c728435abe72419,172e7094b7a170b50058cc2cfb72f89054f951dc2bf8506ae0e3381d3977a7c8,383,307,76,9,0.1687374860048294,success,2026-08-04,
focus_jamendo_1667339__300s,focus_jamendo_1667339,focus,discovery,300.0,features/chroma/300s/focus/discovery/focus_jamendo_1667339__300s.npz,d3aad870dccd5cc211e032643a8d1bade04068b02c69e5fccb3379bd5bac345d,features/pitch_v2/300s/focus/discovery/focus_jamendo_1667339__300s.npz,ec861de5edf404d2b5581f4913fe155114aec046e5513f38877e6a2a6f486230,172e7094b7a170b50058cc2cfb72f89054f951dc2bf8506ae0e3381d3977a7c8,508,406,102,9,0.1705799698829651,success,2026-08-04,
focus_jamendo_1668128__180s,focus_jamendo_1668128,focus,discovery,180.0,features/chroma/180s/focus/discovery/focus_jamendo_1668128__180s.npz,0499ae1be347d3657c02da8d0251978bd7a8cf3af87fe5a70c64187dee8ae1d4,features/pitch_v2/180s/focus/discovery/focus_jamendo_1668128__180s.npz,a47680f278d5ff5cde17c9147573778b08e3e1bd33c9a4fc0099bc2e608452cd,172e7094b7a170b50058cc2cfb72f89054f951dc2bf8506ae0e3381d3977a7c8,333,317,16,14,0.2698345482349396,success,2026-08-04,
focus_jamendo_1668128__300s,focus_jamendo_1668128,focus,discovery,300.0,features/chroma/300s/focus/discovery/focus_jamendo_1668128__300s.npz,93135ee24e8a0496eb5e2fc9e9762185521ebc6f8cfba93093124a68e561fa8f,features/pitch_v2/300s/focus/discovery/focus_jamendo_1668128__300s.npz,81241a30be1254345b659c5d2a22266575674450f7ed733b5e5c297078c1c3de,172e7094b7a170b50058cc2cfb72f89054f951dc2bf8506ae0e3381d3977a7c8,429,402,27,12,0.3226621448993683,success,2026-08-04,
focus_jamendo_1669925__180s,focus_jamendo_1669925,focus,validation,180.0,features/chroma/180s/focus/validation/focus_jamendo_1669925__180s.npz,99fd3e50d938d8aa04af1c60eb9322235cea6f907927afbfb9f9966fcd11b990,features/pitch_v2/180s/focus/validation/focus_jamendo_1669925__180s.npz,f8a0e752ad8b1db8ff84c70a710ce9b5538dff4bbd772a46b06c0b9e4db2321d,172e7094b7a170b50058cc2cfb72f89054f951dc2bf8506ae0e3381d3977a7c8,382,326,56,9,0.24893538653850555,success,2026-08-04,
focus_jamendo_1669925__300s,focus_jamendo_1669925,focus,validation,300.0,features/chroma/300s/focus/validation/focus_jamendo_1669925__300s.npz,ad961ba0b4311f3a0f74542bd28ce6f4a84db07f183a87a2e206f9846fc5b541,features/pitch_v2/300s/focus/validation/focus_jamendo_1669925__300s.npz,fe5c9733856b5756f953683bbfa47515166e929ceb2ccb52a92346e18f56da0b,172e7094b7a170b50058cc2cfb72f89054f951dc2bf8506ae0e3381d3977a7c8,629,544,85,10,0.24677883088588715,success,2026-08-04,
focus_jamendo_1672165__180s,focus_jamendo_1672165,focus,holdout,180.0,features/chroma/180s/focus/holdout/focus_jamendo_1672165__180s.npz,ca012155d70353f70ef106f2db74630d11fe11fdb076c5a05b237cb757440c15,features/pitch_v2/180s/focus/holdout/focus_jamendo_1672165__180s.npz,14fe3f2833ba793ee6507590df44151a48079302d69d6fe9afbbc4093c35b0ce,172e7094b7a170b50058cc2cfb72f89054f951dc2bf8506ae0e3381d3977a7c8,356,309,47,14,0.1864621639251709,success,2026-08-04,
focus_jamendo_1672165__300s,focus_jamendo_1672165,focus,holdout,300.0,features/chroma/300s/focus/holdout/focus_jamendo_1672165__300s.npz,4b7cf8b8112040d5a61010560b6bc8082b3e2f370fd62e883717f7a84e3c8d78,features/pitch_v2/300s/focus/holdout/focus_jamendo_1672165__300s.npz,927fe4dcf89be8e8cf1af1f6823baa6fe1dbaa44864994432522a2ed28a3d67b,172e7094b7a170b50058cc2cfb72f89054f951dc2bf8506ae0e3381d3977a7c8,593,489,104,15,0.18899384140968323,success,2026-08-04,
focus_jamendo_1677808__180s,focus_jamendo_1677808,focus,holdout,180.0,features/chroma/180s/focus/holdout/focus_jamendo_1677808__180s.npz,73404914b29da690851ce244212abb3793a9633611c918c72238a43035b627d2,features/pitch_v2/180s/focus/holdout/focus_jamendo_1677808__180s.npz,a2279a8e9acec63187efb852554821ddc204a7e891a76c20ba55fa507a12b74c,172e7094b7a170b50058cc2cfb72f89054f951dc2bf8506ae0e3381d3977a7c8,365,304,61,10,0.20227086544036865,success,2026-08-04,
focus_jamendo_1677808__300s,focus_jamendo_1677808,focus,holdout,300.0,features/chroma/300s/focus/holdout/focus_jamendo_1677808__300s.npz,9d1950334de3fff4105a931fde3fa1aadfc56165154b423bc62380039f2f3a5a,features/pitch_v2/300s/focus/holdout/focus_jamendo_1677808__300s.npz,b6da7d7f6eed70a540685060e12f13af406246bc71f92e8075435ac45049e0f9,172e7094b7a170b50058cc2cfb72f89054f951dc2bf8506ae0e3381d3977a7c8,359,293,66,10,0.2004181146621704,success,2026-08-04,
focus_jamendo_1677809__180s,focus_jamendo_1677809,focus,holdout,180.0,features/chroma/180s/focus/holdout/focus_jamendo_1677809__180s.npz,4a70ad0e3a21eef5376b8d4a7e7ad715e973580e263cd700331fc7ce9023ec96,features/pitch_v2/180s/focus/holdout/focus_jamendo_1677809__180s.npz,bf99e69dc0c349df7892495422e8aaffa1cc1c0abae80ea8e13129877e9b95f9,172e7094b7a170b50058cc2cfb72f89054f951dc2bf8506ae0e3381d3977a7c8,341,250,91,7,0.1728554368019104,success,2026-08-04,
focus_jamendo_1677809__300s,focus_jamendo_1677809,focus,holdout,300.0,features/chroma/300s/focus/holdout/focus_jamendo_1677809__300s.npz,3fad989177d0378bda38b912d7a5daf3da3ce7c980e3d36ecba69e0dea2c16ac,features/pitch_v2/300s/focus/holdout/focus_jamendo_1677809__300s.npz,f3a750e904a040c2160576bc68946a2d90b79aeb9955b0fcc434647cc33fbe73,172e7094b7a170b50058cc2cfb72f89054f951dc2bf8506ae0e3381d3977a7c8,567,401,166,7,0.17582660913467407,success,2026-08-04,
focus_jamendo_1683418__180s,focus_jamendo_1683418,focus,holdout,180.0,features/chroma/180s/focus/holdout/focus_jamendo_1683418__180s.npz,eec35cb716cd4f2cc0d8d03c7c9f79c179ab7b80c4ae5636f6869a600b083bcc,features/pitch_v2/180s/focus/holdout/focus_jamendo_1683418__180s.npz,b59a8b68590b537449338e1aba0428bc529ce1bdfb80966c59e39006fc7b605d,172e7094b7a170b50058cc2cfb72f89054f951dc2bf8506ae0e3381d3977a7c8,328,177,151,5,0.1873091757297516,success,2026-08-04,
focus_jamendo_1683418__300s,focus_jamendo_1683418,focus,holdout,300.0,features/chroma/300s/focus/holdout/focus_jamendo_1683418__300s.npz,47e1f33908cc03fc47db6ff572add06c9920e96f56b64bff808abe0e083e38d9,features/pitch_v2/300s/focus/holdout/focus_jamendo_1683418__300s.npz,103f508d2bf7cbc15417c3b0bcee79a6a54282570b6728e0bfd9af231f71c0ea,172e7094b7a170b50058cc2cfb72f89054f951dc2bf8506ae0e3381d3977a7c8,550,306,244,5,0.18831706047058105,success,2026-08-04,
focus_jamendo_1684978__180s,focus_jamendo_1684978,focus,discovery,180.0,features/chroma/180s/focus/discovery/focus_jamendo_1684978__180s.npz,0d298d3d3f99c41149a211f3601ada6c13a8e3d1f8fec15f0d5b8205aae666d2,features/pitch_v2/180s/focus/discovery/focus_jamendo_1684978__180s.npz,744c14756d2b1ac82b7ede52feea38528a761d5107f3557080f7b726e8764994,172e7094b7a170b50058cc2cfb72f89054f951dc2bf8506ae0e3381d3977a7c8,373,153,220,7,0.17723003029823303,success,2026-08-04,
focus_jamendo_1684978__300s,focus_jamendo_1684978,focus,discovery,300.0,features/chroma/300s/focus/discovery/focus_jamendo_1684978__300s.npz,db7fcb71b0bf7e26cc81ed47be31c1c64bf6db13b5685252047da27dbc37606f,features/pitch_v2/300s/focus/discovery/focus_jamendo_1684978__300s.npz,a5ced7e659f8826e914fadd2d1445cbd0444218d3a45919d42afa84161c4edac,172e7094b7a170b50058cc2cfb72f89054f951dc2bf8506ae0e3381d3977a7c8,623,204,419,8,0.18756264448165894,success,2026-08-04,
focus_jamendo_1684979__180s,focus_jamendo_1684979,focus,discovery,180.0,features/chroma/180s/focus/discovery/focus_jamendo_1684979__180s.npz,e327286b3cdb7cdfd540cbbdf0b281a84de425b8ce1e0ffc5e9e5c17896a743c,features/pitch_v2/180s/focus/discovery/focus_jamendo_1684979__180s.npz,ccb90787f6f6b31558b9549400eff4af7d65e38d81513f1a02e57d5ac79d8de0,172e7094b7a170b50058cc2cfb72f89054f951dc2bf8506ae0e3381d3977a7c8,264,43,221,4,0.11423832923173904,success,2026-08-04,
focus_jamendo_1684979__300s,focus_jamendo_1684979,focus,discovery,300.0,features/chroma/300s/focus/discovery/focus_jamendo_1684979__300s.npz,e327286b3cdb7cdfd540cbbdf0b281a84de425b8ce1e0ffc5e9e5c17896a743c,features/pitch_v2/300s/focus/discovery/focus_jamendo_1684979__300s.npz,ccb90787f6f6b31558b9549400eff4af7d65e38d81513f1a02e57d5ac79d8de0,172e7094b7a170b50058cc2cfb72f89054f951dc2bf8506ae0e3381d3977a7c8,264,43,221,4,0.11423832923173904,success,2026-08-04,
focus_jamendo_1685030__180s,focus_jamendo_1685030,focus,holdout,180.0,features/chroma/180s/focus/holdout/focus_jamendo_1685030__180s.npz,e651cd4c29f022398343dd4981725d65aafbdfa819c2323752df998a1b5dc97f,features/pitch_v2/180s/focus/holdout/focus_jamendo_1685030__180s.npz,7f7657c9eab741e98bf4255ef3d53b43f58a79166a609c4cb9b1170ea91b822e,172e7094b7a170b50058cc2cfb72f89054f951dc2bf8506ae0e3381d3977a7c8,127,101,26,7,0.1943052113056183,success,2026-08-04,
focus_jamendo_1685030__300s,focus_jamendo_1685030,focus,holdout,300.0,features/chroma/300s/focus/holdout/focus_jamendo_1685030__300s.npz,a75df1cb626aa4f47ad0f34971c7129c92d88cc2b39ea8896088e9fbf01e35e0,features/pitch_v2/300s/focus/holdout/focus_jamendo_1685030__300s.npz,423552a3c38b22494d55a9c1c558a37ef251581128e9e9e7506f70c0af82987a,172e7094b7a170b50058cc2cfb72f89054f951dc2bf8506ae0e3381d3977a7c8,127,101,26,7,0.19402764737606049,success,2026-08-04,
focus_jamendo_1685032__180s,focus_jamendo_1685032,focus,holdout,180.0,features/chroma/180s/focus/holdout/focus_jamendo_1685032__180s.npz,2ba27414c78b5f7c66a4db413056663b0646ee7fe96285da705eecfa3f2e091a,features/pitch_v2/180s/focus/holdout/focus_jamendo_1685032__180s.npz,e4cd82bf0eaf47e5f593830c7d29009b8195b10b691dd788499341108fc4d85f,172e7094b7a170b50058cc2cfb72f89054f951dc2bf8506ae0e3381d3977a7c8,376,272,104,8,0.21480268239974976,success,2026-08-04,
focus_jamendo_1685032__300s,focus_jamendo_1685032,focus,holdout,300.0,features/chroma/300s/focus/holdout/focus_jamendo_1685032__300s.npz,8e04ccfa8b3ac2f1774df9853967ef6a46b69c9c44f35f088e2a8e6c4eaf6274,features/pitch_v2/300s/focus/holdout/focus_jamendo_1685032__300s.npz,bc81eacfae8684a9aba19c81e1bf89d08ecd48f277db4fd9cae7ef01dd96635e,172e7094b7a170b50058cc2cfb72f89054f951dc2bf8506ae0e3381d3977a7c8,376,275,101,8,0.22004972398281097,success,2026-08-04,
focus_jamendo_1692446__180s,focus_jamendo_1692446,focus,discovery,180.0,features/chroma/180s/focus/discovery/focus_jamendo_1692446__180s.npz,96c313420fd43dcbb4755b56e1564e1309f31d4483da0c10655520908cee864f,features/pitch_v2/180s/focus/discovery/focus_jamendo_1692446__180s.npz,57a125e78c0956560591083ac68ff49a91dbd36ad6845badd9787e276f8927c8,172e7094b7a170b50058cc2cfb72f89054f951dc2bf8506ae0e3381d3977a7c8,549,222,327,15,0.14545637369155884,success,2026-08-04,
focus_jamendo_1692446__300s,focus_jamendo_1692446,focus,discovery,300.0,features/chroma/300s/focus/discovery/focus_jamendo_1692446__300s.npz,b040d1abf643b0eec3efd88375d5e7b08e1f4e7d3c75e40d63d1a5e1fb056117,features/pitch_v2/300s/focus/discovery/focus_jamendo_1692446__300s.npz,c4958de7f73c4311cbfa0bfdf4c4e76288bfdd287d2541c4a3135e29738f0912,172e7094b7a170b50058cc2cfb72f89054f951dc2bf8506ae0e3381d3977a7c8,911,414,497,14,0.14898797869682312,success,2026-08-04,
focus_jamendo_1699096__180s,focus_jamendo_1699096,focus,discovery,180.0,features/chroma/180s/focus/discovery/focus_jamendo_1699096__180s.npz,87acb5e290781aa505b8f2acb437e4d59f604f523726e6cff91b48ef45a499eb,features/pitch_v2/180s/focus/discovery/focus_jamendo_1699096__180s.npz,ef105cec813cae02225875de93bc909223df406ef538a995ca52e2db7b647c00,172e7094b7a170b50058cc2cfb72f89054f951dc2bf8506ae0e3381d3977a7c8,365,269,96,9,0.19777126610279083,success,2026-08-04,
focus_jamendo_1699096__300s,focus_jamendo_1699096,focus,discovery,300.0,features/chroma/300s/focus/discovery/focus_jamendo_1699096__300s.npz,5c554369e64767a8492ca2f501db92c12d6f702c1fc6fa6830a4abdf0ffc0283,features/pitch_v2/300s/focus/discovery/focus_jamendo_1699096__300s.npz,3e77617e46e1407e503e598327e8cc4053c78478a73dd8319b0d6f5c3fa01987,172e7094b7a170b50058cc2cfb72f89054f951dc2bf8506ae0e3381d3977a7c8,420,315,105,9,0.18690742552280426,success,2026-08-04,
focus_jamendo_1700327__180s,focus_jamendo_1700327,focus,validation,180.0,features/chroma/180s/focus/validation/focus_jamendo_1700327__180s.npz,d5c15d17b6b439b0eeb78181eb0a3bc4c976833869ea80d4cc27143e7b98519e,features/pitch_v2/180s/focus/validation/focus_jamendo_1700327__180s.npz,9b19bcf1eb8e57620ae0f3aba22168e634df250c3035589845b27d890fc66899,172e7094b7a170b50058cc2cfb72f89054f951dc2bf8506ae0e3381d3977a7c8,391,153,238,9,0.2288733869791031,success,2026-08-04,
focus_jamendo_1700327__300s,focus_jamendo_1700327,focus,validation,300.0,features/chroma/300s/focus/validation/focus_jamendo_1700327__300s.npz,753fad3efeef278fecd9af2a92d6bcbdffbb8830f9dc6f6a7925006a76783921,features/pitch_v2/300s/focus/validation/focus_jamendo_1700327__300s.npz,6fdf42e439b4c4a7033e66b256941905de05da69e7f4824c74588e88836c49fe,172e7094b7a170b50058cc2cfb72f89054f951dc2bf8506ae0e3381d3977a7c8,496,193,303,9,0.22811037302017212,success,2026-08-04,
focus_jamendo_1704604__180s,focus_jamendo_1704604,focus,discovery,180.0,features/chroma/180s/focus/discovery/focus_jamendo_1704604__180s.npz,1771e88311deff579119a82c20fcaab72ea251f71e6d58bb8390615e76342612,features/pitch_v2/180s/focus/discovery/focus_jamendo_1704604__180s.npz,ea38c07ac98e36fc268005732ebb3b478ae09f9330102592072d2a64a6626c11,172e7094b7a170b50058cc2cfb72f89054f951dc2bf8506ae0e3381d3977a7c8,366,335,31,5,0.18065384030342102,success,2026-08-04,
focus_jamendo_1704604__300s,focus_jamendo_1704604,focus,discovery,300.0,features/chroma/300s/focus/discovery/focus_jamendo_1704604__300s.npz,62aa5c500a009fdf9bc1e95ceaf8b92aeb32c03317fef15af3d9abe81a3bb6bb,features/pitch_v2/300s/focus/discovery/focus_jamendo_1704604__300s.npz,c95c161b49f255e70e913c8ec19af4562db45195d20083e442ac16e82a7833d7,172e7094b7a170b50058cc2cfb72f89054f951dc2bf8506ae0e3381d3977a7c8,393,366,27,5,0.18067289888858795,success,2026-08-04,
focus_jamendo_1705713__180s,focus_jamendo_1705713,focus,discovery,180.0,features/chroma/180s/focus/discovery/focus_jamendo_1705713__180s.npz,a2e4216430e4777c9f8d7d78e9290862d7fc11288e6b79b54e1ed7e1a8f56ec0,features/pitch_v2/180s/focus/discovery/focus_jamendo_1705713__180s.npz,cdd3b70b2497677037fec62b8ea7a4bc39ef1dc5bad2040820526576fda23b5a,172e7094b7a170b50058cc2cfb72f89054f951dc2bf8506ae0e3381d3977a7c8,217,187,30,5,0.2141910046339035,success,2026-08-04,
focus_jamendo_1705713__300s,focus_jamendo_1705713,focus,discovery,300.0,features/chroma/300s/focus/discovery/focus_jamendo_1705713__300s.npz,a2e4216430e4777c9f8d7d78e9290862d7fc11288e6b79b54e1ed7e1a8f56ec0,features/pitch_v2/300s/focus/discovery/focus_jamendo_1705713__300s.npz,cdd3b70b2497677037fec62b8ea7a4bc39ef1dc5bad2040820526576fda23b5a,172e7094b7a170b50058cc2cfb72f89054f951dc2bf8506ae0e3381d3977a7c8,217,187,30,5,0.2141910046339035,success,2026-08-04,
focus_jamendo_1706218__180s,focus_jamendo_1706218,focus,discovery,180.0,features/chroma/180s/focus/discovery/focus_jamendo_1706218__180s.npz,4413883891b19600dc29fb3e57e36636eedc30fc489d4718c8252d7264241f69,features/pitch_v2/180s/focus/discovery/focus_jamendo_1706218__180s.npz,3556ffd8486963925fcd089e6b3a544773cfafcaaf27480267dc090273c6af02,172e7094b7a170b50058cc2cfb72f89054f951dc2bf8506ae0e3381d3977a7c8,422,271,151,6,0.14934037625789642,success,2026-08-04,
focus_jamendo_1706218__300s,focus_jamendo_1706218,focus,discovery,300.0,features/chroma/300s/focus/discovery/focus_jamendo_1706218__300s.npz,f54465415b8b6d294bdb7303ccf57d63e8a990c819a2bf5139dd666869adf897,features/pitch_v2/300s/focus/discovery/focus_jamendo_1706218__300s.npz,4c65ff5df01561eb9237a12243752fbdfbdae82c28218163c175047e1eae952f,172e7094b7a170b50058cc2cfb72f89054f951dc2bf8506ae0e3381d3977a7c8,701,489,212,9,0.15590418875217438,success,2026-08-04,
focus_jamendo_1709689__180s,focus_jamendo_1709689,focus,discovery,180.0,features/chroma/180s/focus/discovery/focus_jamendo_1709689__180s.npz,6b1ac9e531721981ab7510dc02e0456a95587b101234528d60c0f086f7fc5fe6,features/pitch_v2/180s/focus/discovery/focus_jamendo_1709689__180s.npz,0d29e041f061cd27844ea77cebb829f91eba891b82f5d2dfd3656cea2f5d186d,172e7094b7a170b50058cc2cfb72f89054f951dc2bf8506ae0e3381d3977a7c8,348,247,101,7,0.1753624826669693,success,2026-08-04,
focus_jamendo_1709689__300s,focus_jamendo_1709689,focus,discovery,300.0,features/chroma/300s/focus/discovery/focus_jamendo_1709689__300s.npz,80dcc72172b987ab5d327183b398c1c85c05af429a89315c3bf3209aab72e2db,features/pitch_v2/300s/focus/discovery/focus_jamendo_1709689__300s.npz,33786aa9a5ba2aa55c05409c9f9c89f20c3785fe8fe90bbac4277ba19c087534,172e7094b7a170b50058cc2cfb72f89054f951dc2bf8506ae0e3381d3977a7c8,565,402,163,10,0.1847744882106781,success,2026-08-04,
focus_jamendo_1713602__180s,focus_jamendo_1713602,focus,validation,180.0,features/chroma/180s/focus/validation/focus_jamendo_1713602__180s.npz,9a6ee8dae636fc0c3917e02cf18840ac5a3986e947376ce75970e0ce13c519ad,features/pitch_v2/180s/focus/validation/focus_jamendo_1713602__180s.npz,af4404316b68a0b439995f31e7dcd2d59597ac9ff52414ed4cd358ca86a3788a,172e7094b7a170b50058cc2cfb72f89054f951dc2bf8506ae0e3381d3977a7c8,191,147,44,15,0.22783301770687103,success,2026-08-04,
focus_jamendo_1713602__300s,focus_jamendo_1713602,focus,validation,300.0,features/chroma/300s/focus/validation/focus_jamendo_1713602__300s.npz,9a6ee8dae636fc0c3917e02cf18840ac5a3986e947376ce75970e0ce13c519ad,features/pitch_v2/300s/focus/validation/focus_jamendo_1713602__300s.npz,af4404316b68a0b439995f31e7dcd2d59597ac9ff52414ed4cd358ca86a3788a,172e7094b7a170b50058cc2cfb72f89054f951dc2bf8506ae0e3381d3977a7c8,191,147,44,15,0.22783301770687103,success,2026-08-04,
focus_jamendo_1721937__180s,focus_jamendo_1721937,focus,validation,180.0,features/chroma/180s/focus/validation/focus_jamendo_1721937__180s.npz,91387904666057c1c5c3f79659b1d0d2e3f32d307d27ad2a913ea036c8e9ecb7,features/pitch_v2/180s/focus/validation/focus_jamendo_1721937__180s.npz,cea9419a87079bd09e44f2820845c579d151a45524c195dc8ed69349eb12014b,172e7094b7a170b50058cc2cfb72f89054f951dc2bf8506ae0e3381d3977a7c8,270,192,78,10,0.19285325706005096,success,2026-08-04,
focus_jamendo_1721937__300s,focus_jamendo_1721937,focus,validation,300.0,features/chroma/300s/focus/validation/focus_jamendo_1721937__300s.npz,950a42d2369e0542ecf8e0e4fd1874b35f8523131ac2d06ac1c9d1e62804b201,features/pitch_v2/300s/focus/validation/focus_jamendo_1721937__300s.npz,a25e95c2e1527ea1ba14c6dfb2fc8db19f25eb89b9ca748ad155169e7bc0ece6,172e7094b7a170b50058cc2cfb72f89054f951dc2bf8506ae0e3381d3977a7c8,428,254,174,10,0.18604174256324768,success,2026-08-04,
focus_jamendo_1744930__180s,focus_jamendo_1744930,focus,holdout,180.0,features/chroma/180s/focus/holdout/focus_jamendo_1744930__180s.npz,6d6671522a0fe1484e63364fc21763902e3c0928b3f6a979a92b1f8ed68eaeca,features/pitch_v2/180s/focus/holdout/focus_jamendo_1744930__180s.npz,1485f0edeffa7ba6c9885f555befd995a9edfa1246b30f699eb42609bbf54607,172e7094b7a170b50058cc2cfb72f89054f951dc2bf8506ae0e3381d3977a7c8,360,328,32,10,0.2376973032951355,success,2026-08-04,
focus_jamendo_1744930__300s,focus_jamendo_1744930,focus,holdout,300.0,features/chroma/300s/focus/holdout/focus_jamendo_1744930__300s.npz,ab885dc4e54766b97abd733a1ac3f11b6de34b1b2631747844a3bb52821d787a,features/pitch_v2/300s/focus/holdout/focus_jamendo_1744930__300s.npz,f959d75321fbd5701f90450fcab779d9c1e66ef91e936a583f7995b89e5a7996,172e7094b7a170b50058cc2cfb72f89054f951dc2bf8506ae0e3381d3977a7c8,622,548,74,10,0.21833059191703796,success,2026-08-04,
focus_jamendo_1755448__180s,focus_jamendo_1755448,focus,validation,180.0,features/chroma/180s/focus/validation/focus_jamendo_1755448__180s.npz,76a75a59acfb9a33982e8e2644b8b55146a8070e7e13ff7bfc64909d2fcd9223,features/pitch_v2/180s/focus/validation/focus_jamendo_1755448__180s.npz,3b130d0550b4a9f1695d3929bb86452a3d57663f20c77baea8f87f77edc75e1c,172e7094b7a170b50058cc2cfb72f89054f951dc2bf8506ae0e3381d3977a7c8,413,358,55,5,0.11257068067789078,success,2026-08-04,
focus_jamendo_1755448__300s,focus_jamendo_1755448,focus,validation,300.0,features/chroma/300s/focus/validation/focus_jamendo_1755448__300s.npz,06665a9b15d86d3db882c2911861463e5be36487c1c0ffaa17732e2fbbb328db,features/pitch_v2/300s/focus/validation/focus_jamendo_1755448__300s.npz,d2d05f6dc9717ec96e03b943ab6a176b53174ded39d5540f7e8990dad9cb38b2,172e7094b7a170b50058cc2cfb72f89054f951dc2bf8506ae0e3381d3977a7c8,610,537,73,8,0.1459769457578659,success,2026-08-04,
focus_jamendo_1761112__180s,focus_jamendo_1761112,focus,validation,180.0,features/chroma/180s/focus/validation/focus_jamendo_1761112__180s.npz,14a33fa43fecd2a3554f63909146a36046681a165b5f17e0df14e017b90532ad,features/pitch_v2/180s/focus/validation/focus_jamendo_1761112__180s.npz,b63cf5e536926d3802e89081e141858f17f41c7e129216ec83821b192ce62a39,172e7094b7a170b50058cc2cfb72f89054f951dc2bf8506ae0e3381d3977a7c8,404,340,64,9,0.22917704284191132,success,2026-08-04,
focus_jamendo_1761112__300s,focus_jamendo_1761112,focus,validation,300.0,features/chroma/300s/focus/validation/focus_jamendo_1761112__300s.npz,a6ac7992e7c42abbcfc96b899e8c031a95f2d7e4fb2d6be7b5a4a0f22a02e7a5,features/pitch_v2/300s/focus/validation/focus_jamendo_1761112__300s.npz,d4b335a7c91427532bac48378a441fbb58d136db28530a503356e7f1e4322159,172e7094b7a170b50058cc2cfb72f89054f951dc2bf8506ae0e3381d3977a7c8,631,538,93,9,0.2330607920885086,success,2026-08-04,
focus_jamendo_1780015__180s,focus_jamendo_1780015,focus,discovery,180.0,features/chroma/180s/focus/discovery/focus_jamendo_1780015__180s.npz,f0571981a02899fc47229c02a96b9e2307e37ba96dece68a80490ca48cffbd85,features/pitch_v2/180s/focus/discovery/focus_jamendo_1780015__180s.npz,f17b874a37d91ec230435521346f271df181185e64e39ccc816af37e3d4c618e,172e7094b7a170b50058cc2cfb72f89054f951dc2bf8506ae0e3381d3977a7c8,470,393,77,9,0.19912593066692352,success,2026-08-04,
focus_jamendo_1780015__300s,focus_jamendo_1780015,focus,discovery,300.0,features/chroma/300s/focus/discovery/focus_jamendo_1780015__300s.npz,eade3321169b762fbec4979d5ce7185a9260b133f78c3fe223247b9b587d6353,features/pitch_v2/300s/focus/discovery/focus_jamendo_1780015__300s.npz,7909383f842c9d060d36f022a89f7dec8a9e0d304d5c2214d328fb1b48e0590f,172e7094b7a170b50058cc2cfb72f89054f951dc2bf8506ae0e3381d3977a7c8,650,543,107,9,0.2032833993434906,success,2026-08-04,
focus_jamendo_1785989__180s,focus_jamendo_1785989,focus,discovery,180.0,features/chroma/180s/focus/discovery/focus_jamendo_1785989__180s.npz,7f1e5de20671f4930b611a07589ed3e5cd84e392d6419e6db048fb96295bbe7f,features/pitch_v2/180s/focus/discovery/focus_jamendo_1785989__180s.npz,959088fd31b0108c4b3559a0b719f034427ca46ff2118c313d095bb27c928179,172e7094b7a170b50058cc2cfb72f89054f951dc2bf8506ae0e3381d3977a7c8,364,306,58,10,0.22056087851524353,success,2026-08-04,
focus_jamendo_1785989__300s,focus_jamendo_1785989,focus,discovery,300.0,features/chroma/300s/focus/discovery/focus_jamendo_1785989__300s.npz,09c0e805a5b3591ed7c6a1c7af8d744bbc92ed0d044f13a08cbca98154bc09a9,features/pitch_v2/300s/focus/discovery/focus_jamendo_1785989__300s.npz,15f454607106a578d6f3effbb29b43191d5a45d2e8c0ec31b47ec15cda159600,172e7094b7a170b50058cc2cfb72f89054f951dc2bf8506ae0e3381d3977a7c8,492,428,64,10,0.22835490107536316,success,2026-08-04,
focus_jamendo_1786770__180s,focus_jamendo_1786770,focus,validation,180.0,features/chroma/180s/focus/validation/focus_jamendo_1786770__180s.npz,e961965fbdc1d9576d095bdbc98252748f510873596cc4a77f08c403118bb67f,features/pitch_v2/180s/focus/validation/focus_jamendo_1786770__180s.npz,4703013874643e44a13aabedbc1e9e92629acaa7c0a7410689d94517987ea88d,172e7094b7a170b50058cc2cfb72f89054f951dc2bf8506ae0e3381d3977a7c8,282,224,58,11,0.3017311096191406,success,2026-08-04,
focus_jamendo_1786770__300s,focus_jamendo_1786770,focus,validation,300.0,features/chroma/300s/focus/validation/focus_jamendo_1786770__300s.npz,e961965fbdc1d9576d095bdbc98252748f510873596cc4a77f08c403118bb67f,features/pitch_v2/300s/focus/validation/focus_jamendo_1786770__300s.npz,4703013874643e44a13aabedbc1e9e92629acaa7c0a7410689d94517987ea88d,172e7094b7a170b50058cc2cfb72f89054f951dc2bf8506ae0e3381d3977a7c8,282,224,58,11,0.3017311096191406,success,2026-08-04,
focus_jamendo_1787506__180s,focus_jamendo_1787506,focus,validation,180.0,features/chroma/180s/focus/validation/focus_jamendo_1787506__180s.npz,08202536f18364fe466e7877c362a3ef3541640651e4026c5dde15e828116926,features/pitch_v2/180s/focus/validation/focus_jamendo_1787506__180s.npz,8f3cae9024ca85c9b5b17e8a7d93b143646557b54e63fb8cdd7b6f50bf996460,172e7094b7a170b50058cc2cfb72f89054f951dc2bf8506ae0e3381d3977a7c8,255,209,46,8,0.19823595881462097,success,2026-08-04,
focus_jamendo_1787506__300s,focus_jamendo_1787506,focus,validation,300.0,features/chroma/300s/focus/validation/focus_jamendo_1787506__300s.npz,08202536f18364fe466e7877c362a3ef3541640651e4026c5dde15e828116926,features/pitch_v2/300s/focus/validation/focus_jamendo_1787506__300s.npz,8f3cae9024ca85c9b5b17e8a7d93b143646557b54e63fb8cdd7b6f50bf996460,172e7094b7a170b50058cc2cfb72f89054f951dc2bf8506ae0e3381d3977a7c8,255,209,46,8,0.19823595881462097,success,2026-08-04,
focus_jamendo_1789540__180s,focus_jamendo_1789540,focus,validation,180.0,features/chroma/180s/focus/validation/focus_jamendo_1789540__180s.npz,8b8a4f30965b46739e8dace3cf54cf9f79af792170ff67948627f67c0f59ae13,features/pitch_v2/180s/focus/validation/focus_jamendo_1789540__180s.npz,894ff76068aa69f029e6501c02a1090a5f700b843d9bdd5710cebce1f64ddcb9,172e7094b7a170b50058cc2cfb72f89054f951dc2bf8506ae0e3381d3977a7c8,332,270,62,10,0.20278845727443695,success,2026-08-04,
focus_jamendo_1789540__300s,focus_jamendo_1789540,focus,validation,300.0,features/chroma/300s/focus/validation/focus_jamendo_1789540__300s.npz,8b8a4f30965b46739e8dace3cf54cf9f79af792170ff67948627f67c0f59ae13,features/pitch_v2/300s/focus/validation/focus_jamendo_1789540__300s.npz,894ff76068aa69f029e6501c02a1090a5f700b843d9bdd5710cebce1f64ddcb9,172e7094b7a170b50058cc2cfb72f89054f951dc2bf8506ae0e3381d3977a7c8,332,270,62,10,0.20278845727443695,success,2026-08-04,
focus_jamendo_1797025__180s,focus_jamendo_1797025,focus,discovery,180.0,features/chroma/180s/focus/discovery/focus_jamendo_1797025__180s.npz,0a8cdc0c9e924cc329c2266c92d1ec4a2317c01803cf0c3aebf552fd3a7658b7,features/pitch_v2/180s/focus/discovery/focus_jamendo_1797025__180s.npz,882b66084b8f0da9917627d1a4aeeb9634e3bbb01096da4340b9167bf36a927f,172e7094b7a170b50058cc2cfb72f89054f951dc2bf8506ae0e3381d3977a7c8,311,247,64,11,0.23069103062152863,success,2026-08-04,
focus_jamendo_1797025__300s,focus_jamendo_1797025,focus,discovery,300.0,features/chroma/300s/focus/discovery/focus_jamendo_1797025__300s.npz,b7aa8d5cd76b40ca82c2165c3368a5f641b902536a7855ea5c29611c97246a49,features/pitch_v2/300s/focus/discovery/focus_jamendo_1797025__300s.npz,05ea2ea13fba0505e63da80ed80d767dc1c46251b41e721a0cf138387eba6e76,172e7094b7a170b50058cc2cfb72f89054f951dc2bf8506ae0e3381d3977a7c8,430,341,89,11,0.24044233560562134,success,2026-08-04,
focus_jamendo_1798108__180s,focus_jamendo_1798108,focus,holdout,180.0,features/chroma/180s/focus/holdout/focus_jamendo_1798108__180s.npz,8bafbf264ac7836cae2d93bbaf5cee4066d18c41c23eec21b79690c30b7670e6,features/pitch_v2/180s/focus/holdout/focus_jamendo_1798108__180s.npz,935b2821dcfd0004ede879c8f70cf0b0fbc3bec535dc62ef2fddec335c37acc0,172e7094b7a170b50058cc2cfb72f89054f951dc2bf8506ae0e3381d3977a7c8,363,317,46,14,0.2751713991165161,success,2026-08-04,
focus_jamendo_1798108__300s,focus_jamendo_1798108,focus,holdout,300.0,features/chroma/300s/focus/holdout/focus_jamendo_1798108__300s.npz,a69344c23e2dae2f1ec1099c0c663156905045df872c410c865cddabfca56768,features/pitch_v2/300s/focus/holdout/focus_jamendo_1798108__300s.npz,cf162396e9c7154c52159a2c862f2127f429f8f2542b6dc22cc8761b6b259d94,172e7094b7a170b50058cc2cfb72f89054f951dc2bf8506ae0e3381d3977a7c8,600,515,85,14,0.2585099935531616,success,2026-08-04,
focus_jamendo_1798830__180s,focus_jamendo_1798830,focus,discovery,180.0,features/chroma/180s/focus/discovery/focus_jamendo_1798830__180s.npz,f3770be496b3cc6fc1283f947a9fad2d03f3a11812b9e389cf4f10d86e879495,features/pitch_v2/180s/focus/discovery/focus_jamendo_1798830__180s.npz,a4f832885a44ee1f8fa3e8088d9cbce07a496524e04ee899bed01d6e7e6cf877,172e7094b7a170b50058cc2cfb72f89054f951dc2bf8506ae0e3381d3977a7c8,381,327,54,11,0.22680027782917023,success,2026-08-04,
focus_jamendo_1798830__300s,focus_jamendo_1798830,focus,discovery,300.0,features/chroma/300s/focus/discovery/focus_jamendo_1798830__300s.npz,da68dc3c8ee0ceac10d7a70623e06fd5a0be4542b65d016e034a6eacf226a78b,features/pitch_v2/300s/focus/discovery/focus_jamendo_1798830__300s.npz,cc82733ec1b21025b587dd7fae94ed6c4579fbc0da5cf7249f643725b413bba9,172e7094b7a170b50058cc2cfb72f89054f951dc2bf8506ae0e3381d3977a7c8,638,527,111,11,0.2329064905643463,success,2026-08-04,
focus_jamendo_1809441__180s,focus_jamendo_1809441,focus,validation,180.0,features/chroma/180s/focus/validation/focus_jamendo_1809441__180s.npz,bf430ef37558a411218f5c20e0b773fc624c2114a99c874e9e57ef1e41013eec,features/pitch_v2/180s/focus/validation/focus_jamendo_1809441__180s.npz,2c5ddebf01db11c94e4c431c33f4eacbb2bf0e4ba97a1a1973dae1a7b7b12bf1,172e7094b7a170b50058cc2cfb72f89054f951dc2bf8506ae0e3381d3977a7c8,389,265,124,13,0.2023279219865799,success,2026-08-04,
focus_jamendo_1809441__300s,focus_jamendo_1809441,focus,validation,300.0,features/chroma/300s/focus/validation/focus_jamendo_1809441__300s.npz,486d2aa20ff3fc0e9797f00c1f01a84328f358d6c830de7923c5abedcf919f4c,features/pitch_v2/300s/focus/validation/focus_jamendo_1809441__300s.npz,4a313fc94d421ca764e99c343d0b2b4f2bb2e29733caa12ce5962ec122848e40,172e7094b7a170b50058cc2cfb72f89054f951dc2bf8506ae0e3381d3977a7c8,649,473,176,13,0.1862454116344452,success,2026-08-04,
focus_jamendo_1809751__180s,focus_jamendo_1809751,focus,validation,180.0,features/chroma/180s/focus/validation/focus_jamendo_1809751__180s.npz,735d3f571ba3ec58a5bbca8cfa0e8a69d53003240c5d0df91535b2f9be9c0e20,features/pitch_v2/180s/focus/validation/focus_jamendo_1809751__180s.npz,eb0e7c97b7a586099a25a9e6544ef1ee45698827aa0d1f45d5447ab1378f3a2e,172e7094b7a170b50058cc2cfb72f89054f951dc2bf8506ae0e3381d3977a7c8,337,272,65,11,0.27651089429855347,success,2026-08-04,
focus_jamendo_1809751__300s,focus_jamendo_1809751,focus,validation,300.0,features/chroma/300s/focus/validation/focus_jamendo_1809751__300s.npz,22f5fd5e15346f088d71d230ff6a2f7c5f223bb2ff72bb1baa8d0d5879a8b3a1,features/pitch_v2/300s/focus/validation/focus_jamendo_1809751__300s.npz,13ca3a03274a381f02ffd855e53bc0e237b1a0cca180ee4130027e975d114f81,172e7094b7a170b50058cc2cfb72f89054f951dc2bf8506ae0e3381d3977a7c8,589,444,145,12,0.2536838948726654,success,2026-08-04,
focus_jamendo_1810290__180s,focus_jamendo_1810290,focus,validation,180.0,features/chroma/180s/focus/validation/focus_jamendo_1810290__180s.npz,36e6448668fa3c12c8c780a34f9c4c6ca3134e61586f4db5d090a10114d8472f,features/pitch_v2/180s/focus/validation/focus_jamendo_1810290__180s.npz,ebfef2d90b423b9bd71a3baf828c2ae11bbe1225f1007753de4bf06b3a11673f,172e7094b7a170b50058cc2cfb72f89054f951dc2bf8506ae0e3381d3977a7c8,262,231,31,9,0.23950950801372528,success,2026-08-04,
focus_jamendo_1810290__300s,focus_jamendo_1810290,focus,validation,300.0,features/chroma/300s/focus/validation/focus_jamendo_1810290__300s.npz,36e6448668fa3c12c8c780a34f9c4c6ca3134e61586f4db5d090a10114d8472f,features/pitch_v2/300s/focus/validation/focus_jamendo_1810290__300s.npz,ebfef2d90b423b9bd71a3baf828c2ae11bbe1225f1007753de4bf06b3a11673f,172e7094b7a170b50058cc2cfb72f89054f951dc2bf8506ae0e3381d3977a7c8,262,231,31,9,0.23950950801372528,success,2026-08-04,
focus_jamendo_1811125__180s,focus_jamendo_1811125,focus,holdout,180.0,features/chroma/180s/focus/holdout/focus_jamendo_1811125__180s.npz,71b72b9967cc1d35a43d3d894f1d20de738378a99b522f7ef17a4dde485e8d6d,features/pitch_v2/180s/focus/holdout/focus_jamendo_1811125__180s.npz,8add356d9f3c710c028ca6a8b01ce16ec39d95e2c8cbf518184501945b6e84ff,172e7094b7a170b50058cc2cfb72f89054f951dc2bf8506ae0e3381d3977a7c8,359,199,160,10,0.20095418393611908,success,2026-08-04,
focus_jamendo_1811125__300s,focus_jamendo_1811125,focus,holdout,300.0,features/chroma/300s/focus/holdout/focus_jamendo_1811125__300s.npz,282b9555923471dd94d678d1674e1e0a516ace47f67af99abd0d690171dfea76,features/pitch_v2/300s/focus/holdout/focus_jamendo_1811125__300s.npz,8af48b41d7c0eff6078e039fbe5205aaedb6531b13389afc40f3660e22271978,172e7094b7a170b50058cc2cfb72f89054f951dc2bf8506ae0e3381d3977a7c8,375,216,159,10,0.20756110548973083,success,2026-08-04,
focus_jamendo_1816033__180s,focus_jamendo_1816033,focus,validation,180.0,features/chroma/180s/focus/validation/focus_jamendo_1816033__180s.npz,d14b346a9f654588dfe562adee552b91c26b97ee1c79f2693e593fa1620b22a2,features/pitch_v2/180s/focus/validation/focus_jamendo_1816033__180s.npz,f2a0af2539e819e41a99c8d8b13e3baeb4fe3e78981cd4ddc20564cea3ba7e7a,172e7094b7a170b50058cc2cfb72f89054f951dc2bf8506ae0e3381d3977a7c8,374,310,64,11,0.1706068217754364,success,2026-08-04,
focus_jamendo_1816033__300s,focus_jamendo_1816033,focus,validation,300.0,features/chroma/300s/focus/validation/focus_jamendo_1816033__300s.npz,bbc7eef3b815a053df1354da29f226c5f0a16b3d2be1e1ed02663c18c96c80f0,features/pitch_v2/300s/focus/validation/focus_jamendo_1816033__300s.npz,dbac2a6f229d5809b6688d37547cb305901318a3b47f05be25a517b057b28e21,172e7094b7a170b50058cc2cfb72f89054f951dc2bf8506ae0e3381d3977a7c8,381,323,58,11,0.17300564050674438,success,2026-08-04,
focus_jamendo_1823875__180s,focus_jamendo_1823875,focus,discovery,180.0,features/chroma/180s/focus/discovery/focus_jamendo_1823875__180s.npz,b087644e49ec6eebf12f273703f3c677ff7cee04e85b963e897dc940ed8e62d4,features/pitch_v2/180s/focus/discovery/focus_jamendo_1823875__180s.npz,682558da5b62014d9bd03b32d17a1e7f50fa88582247733aa9203023910cec15,172e7094b7a170b50058cc2cfb72f89054f951dc2bf8506ae0e3381d3977a7c8,393,275,118,10,0.21198979020118713,success,2026-08-04,
focus_jamendo_1823875__300s,focus_jamendo_1823875,focus,discovery,300.0,features/chroma/300s/focus/discovery/focus_jamendo_1823875__300s.npz,3bed4fecc4f12708b9d136830878298ed54500ddcccd152b4d8c0ed6da066e36,features/pitch_v2/300s/focus/discovery/focus_jamendo_1823875__300s.npz,2dd81495dafd45fa881d98e147a19aaa4cdf666d024b5f4548d12d6b404be9ae,172e7094b7a170b50058cc2cfb72f89054f951dc2bf8506ae0e3381d3977a7c8,659,482,177,11,0.2152082622051239,success,2026-08-04,
focus_jamendo_1823902__180s,focus_jamendo_1823902,focus,discovery,180.0,features/chroma/180s/focus/discovery/focus_jamendo_1823902__180s.npz,c224993eeed16c5dd5c8070a65569a80f335a8a139ce7eeaab76e7eb760ee604,features/pitch_v2/180s/focus/discovery/focus_jamendo_1823902__180s.npz,c5f0bae7c33baec3f0c3e1c39a09554fed973446f4fed80461fca77cc479ce4b,172e7094b7a170b50058cc2cfb72f89054f951dc2bf8506ae0e3381d3977a7c8,379,280,99,10,0.22852471470832825,success,2026-08-04,
focus_jamendo_1823902__300s,focus_jamendo_1823902,focus,discovery,300.0,features/chroma/300s/focus/discovery/focus_jamendo_1823902__300s.npz,c2c7346de7f508d2ec05e680d7361a2c475f694c394459152b93484eaf5e008a,features/pitch_v2/300s/focus/discovery/focus_jamendo_1823902__300s.npz,e4f55f2ef14e7dead52ac501dd1f6b874a1db4fbb91b82c417873ddbba833d25,172e7094b7a170b50058cc2cfb72f89054f951dc2bf8506ae0e3381d3977a7c8,633,487,146,10,0.23513221740722656,success,2026-08-04,
focus_jamendo_1824127__180s,focus_jamendo_1824127,focus,discovery,180.0,features/chroma/180s/focus/discovery/focus_jamendo_1824127__180s.npz,554c7911411d91cbd1ffa811337e1ce4782769a49e3b4217d3fb8699385a61a9,features/pitch_v2/180s/focus/discovery/focus_jamendo_1824127__180s.npz,349ec3ebcd8bcec414fc3616b3148ec35c3a0ab2cd2e0ae3a8bc31ec96e80772,172e7094b7a170b50058cc2cfb72f89054f951dc2bf8506ae0e3381d3977a7c8,393,285,108,11,0.21467196941375732,success,2026-08-04,
focus_jamendo_1824127__300s,focus_jamendo_1824127,focus,discovery,300.0,features/chroma/300s/focus/discovery/focus_jamendo_1824127__300s.npz,fc0dcc3cd3a4b272f05c3747f3704657d2602c30bcbc0bf84df8b06d33968e71,features/pitch_v2/300s/focus/discovery/focus_jamendo_1824127__300s.npz,1021f31ed8302fa02e6998ef3cfe0aa526747f2e9fabb41ecadbf986b2d21bc2,172e7094b7a170b50058cc2cfb72f89054f951dc2bf8506ae0e3381d3977a7c8,687,496,191,11,0.2141123116016388,success,2026-08-04,
focus_jamendo_1826551__180s,focus_jamendo_1826551,focus,discovery,180.0,features/chroma/180s/focus/discovery/focus_jamendo_1826551__180s.npz,9750ccc82c596570775822a1d325a8bc7624dceb37eb19a8fe4e27cce52aa47c,features/pitch_v2/180s/focus/discovery/focus_jamendo_1826551__180s.npz,5f98ec8525101a6aedcf0499eec10b341cc5abff3439a30c7a5ff2a232e1c958,172e7094b7a170b50058cc2cfb72f89054f951dc2bf8506ae0e3381d3977a7c8,361,341,20,5,0.1601860523223877,success,2026-08-04,
focus_jamendo_1826551__300s,focus_jamendo_1826551,focus,discovery,300.0,features/chroma/300s/focus/discovery/focus_jamendo_1826551__300s.npz,150ad16470a0b845b096f652ac6588afbbcbc9a40dc951992fb4ea38e69fdcdd,features/pitch_v2/300s/focus/discovery/focus_jamendo_1826551__300s.npz,bbf778fc1a3963cce8e03d5025053799c9a2741f1171ec4dacff2043fdea3ed2,172e7094b7a170b50058cc2cfb72f89054f951dc2bf8506ae0e3381d3977a7c8,350,333,17,5,0.16329993307590485,success,2026-08-04,
focus_jamendo_1826554__180s,focus_jamendo_1826554,focus,discovery,180.0,features/chroma/180s/focus/discovery/focus_jamendo_1826554__180s.npz,bbcd4ec697c65e847b91966882502930d6e72dbe1d84a5bf4b2bb636e6772a3a,features/pitch_v2/180s/focus/discovery/focus_jamendo_1826554__180s.npz,e643643cc86ab0b05debdefed213456972bfe1c227a72b1e19c31871eb9f480d,172e7094b7a170b50058cc2cfb72f89054f951dc2bf8506ae0e3381d3977a7c8,393,318,75,5,0.1377381980419159,success,2026-08-04,
focus_jamendo_1826554__300s,focus_jamendo_1826554,focus,discovery,300.0,features/chroma/300s/focus/discovery/focus_jamendo_1826554__300s.npz,b1fa690b91cad13daa3305918a926a081ca69f8ed19eb3b987a8282a0b23b391,features/pitch_v2/300s/focus/discovery/focus_jamendo_1826554__300s.npz,3ded55c8eb08062928950b6cd0416e8017240ba485bbff7eb685b9d30d853235,172e7094b7a170b50058cc2cfb72f89054f951dc2bf8506ae0e3381d3977a7c8,652,527,125,5,0.13707789778709412,success,2026-08-04,
focus_jamendo_1828706__180s,focus_jamendo_1828706,focus,validation,180.0,features/chroma/180s/focus/validation/focus_jamendo_1828706__180s.npz,e3c1c07dd88386f8c0967a9e69f3f94afa31f096b842b5e3bd6ea9ad7a6a73a4,features/pitch_v2/180s/focus/validation/focus_jamendo_1828706__180s.npz,729153468694763948eb22f1ddb8faa12cac42d250aa660c04ed606e91826550,172e7094b7a170b50058cc2cfb72f89054f951dc2bf8506ae0e3381d3977a7c8,334,230,104,5,0.19469432532787323,success,2026-08-04,
focus_jamendo_1828706__300s,focus_jamendo_1828706,focus,validation,300.0,features/chroma/300s/focus/validation/focus_jamendo_1828706__300s.npz,e3c1c07dd88386f8c0967a9e69f3f94afa31f096b842b5e3bd6ea9ad7a6a73a4,features/pitch_v2/300s/focus/validation/focus_jamendo_1828706__300s.npz,729153468694763948eb22f1ddb8faa12cac42d250aa660c04ed606e91826550,172e7094b7a170b50058cc2cfb72f89054f951dc2bf8506ae0e3381d3977a7c8,334,230,104,5,0.19469432532787323,success,2026-08-04,
focus_jamendo_1832577__180s,focus_jamendo_1832577,focus,holdout,180.0,features/chroma/180s/focus/holdout/focus_jamendo_1832577__180s.npz,3a55191f13bcb8ba107494d6d49bff2b5b4ac88d4818435bbb49980ab62bde7c,features/pitch_v2/180s/focus/holdout/focus_jamendo_1832577__180s.npz,b0e151ca68a7900e5aaadc8ca61b2ed94e7cab3f9955c278b9c571da17cfa925,172e7094b7a170b50058cc2cfb72f89054f951dc2bf8506ae0e3381d3977a7c8,344,294,50,12,0.2453507035970688,success,2026-08-04,
focus_jamendo_1832577__300s,focus_jamendo_1832577,focus,holdout,300.0,features/chroma/300s/focus/holdout/focus_jamendo_1832577__300s.npz,289079bf709df8483ad32c7352f776c1f69f1db6590a6a2d0bdde6f5f03354c5,features/pitch_v2/300s/focus/holdout/focus_jamendo_1832577__300s.npz,62a72e16db1f28a7a6c356f661235f9ea589d23ff215af6964a8b9be33c22345,172e7094b7a170b50058cc2cfb72f89054f951dc2bf8506ae0e3381d3977a7c8,578,501,77,12,0.24557971954345703,success,2026-08-04,
focus_jamendo_1833203__180s,focus_jamendo_1833203,focus,discovery,180.0,features/chroma/180s/focus/discovery/focus_jamendo_1833203__180s.npz,3ac2014514d2dbf6f0aebbdd1e1b97d34f42cd924788385bf027a029e491a15d,features/pitch_v2/180s/focus/discovery/focus_jamendo_1833203__180s.npz,94bcf7fa6354011c9f74f7bd8fca1c19574ee4968c49b3b65f20d838370f108a,172e7094b7a170b50058cc2cfb72f89054f951dc2bf8506ae0e3381d3977a7c8,372,289,83,10,0.2834153175354004,success,2026-08-04,
focus_jamendo_1833203__300s,focus_jamendo_1833203,focus,discovery,300.0,features/chroma/300s/focus/discovery/focus_jamendo_1833203__300s.npz,8807a1951a311b01fd4fc2006e9201fb1c8268a15da6491fe65566eee5ceb089,features/pitch_v2/300s/focus/discovery/focus_jamendo_1833203__300s.npz,a3d27b8644da455bf49c869f4236c62eb4a36f99a1fd232a5c40b10121204923,172e7094b7a170b50058cc2cfb72f89054f951dc2bf8506ae0e3381d3977a7c8,620,493,127,10,0.28812870383262634,success,2026-08-04,
focus_jamendo_1835124__180s,focus_jamendo_1835124,focus,discovery,180.0,features/chroma/180s/focus/discovery/focus_jamendo_1835124__180s.npz,7beee039ab1f55fac419e0e2c377c8cad6824bb88deeee15d144424bb1bc3188,features/pitch_v2/180s/focus/discovery/focus_jamendo_1835124__180s.npz,e32f97957a0baebfa46634ef50e53eea3d643649358168ed94bcd6e064ebbc7c,172e7094b7a170b50058cc2cfb72f89054f951dc2bf8506ae0e3381d3977a7c8,172,137,35,10,0.23462337255477905,success,2026-08-04,
focus_jamendo_1835124__300s,focus_jamendo_1835124,focus,discovery,300.0,features/chroma/300s/focus/discovery/focus_jamendo_1835124__300s.npz,1d946157472c67bd9a7da108e5aa1870e96c5bcc34557fb41fefd96e32e9e5fb,features/pitch_v2/300s/focus/discovery/focus_jamendo_1835124__300s.npz,94b47100643c1a3565ec64b3b269f10b1c10302d48802140434c463fa219edfb,172e7094b7a170b50058cc2cfb72f89054f951dc2bf8506ae0e3381d3977a7c8,180,146,34,10,0.23311257362365723,success,2026-08-04,
focus_jamendo_1838283__180s,focus_jamendo_1838283,focus,discovery,180.0,features/chroma/180s/focus/discovery/focus_jamendo_1838283__180s.npz,81cc542bb6499e1f1e05473fd6eb96e2b303c4a656373646283818be9fbe6b94,features/pitch_v2/180s/focus/discovery/focus_jamendo_1838283__180s.npz,8fe69b7ba3b4287b3c28a2598175f4fb28a2517332fca4b8dd1cea779b3a8ef8,172e7094b7a170b50058cc2cfb72f89054f951dc2bf8506ae0e3381d3977a7c8,387,353,34,4,0.21751053631305695,success,2026-08-04,
focus_jamendo_1838283__300s,focus_jamendo_1838283,focus,discovery,300.0,features/chroma/300s/focus/discovery/focus_jamendo_1838283__300s.npz,e629362ccb21cc091d40e91e366827c254b74cadbe784f643e3ddd81ef9fafdf,features/pitch_v2/300s/focus/discovery/focus_jamendo_1838283__300s.npz,47533314214ca7229bb4fb50786860361eb965e2b637a9dacfe2da66423f57f7,172e7094b7a170b50058cc2cfb72f89054f951dc2bf8506ae0e3381d3977a7c8,639,577,62,4,0.2173803448677063,success,2026-08-04,
focus_jamendo_1838287__180s,focus_jamendo_1838287,focus,discovery,180.0,features/chroma/180s/focus/discovery/focus_jamendo_1838287__180s.npz,7a2252ac2cb56e5084197832c222f7f3c44ce9fcc231f36290a5221e323e3f49,features/pitch_v2/180s/focus/discovery/focus_jamendo_1838287__180s.npz,37b20b78afe7ee8b3d75269b8253470220e5e1ecaa62b830f7307d92d18bb112,172e7094b7a170b50058cc2cfb72f89054f951dc2bf8506ae0e3381d3977a7c8,289,207,82,7,0.214216411113739,success,2026-08-04,
focus_jamendo_1838287__300s,focus_jamendo_1838287,focus,discovery,300.0,features/chroma/300s/focus/discovery/focus_jamendo_1838287__300s.npz,35df0c118a90489a0ed5044967abbc3fefcf959fff7fca15f401b68bce630118,features/pitch_v2/300s/focus/discovery/focus_jamendo_1838287__300s.npz,1e4a5c1f8f59309d4be2cada2602ba5a266561338a00567ae7f25894d9eaeef4,172e7094b7a170b50058cc2cfb72f89054f951dc2bf8506ae0e3381d3977a7c8,479,344,135,8,0.2141231894493103,success,2026-08-04,
focus_jamendo_1842470__180s,focus_jamendo_1842470,focus,discovery,180.0,features/chroma/180s/focus/discovery/focus_jamendo_1842470__180s.npz,2d86b65f3de7fa2efc48ed8a05a80882f9804dc24be669c0b5b1eb5f17fadc60,features/pitch_v2/180s/focus/discovery/focus_jamendo_1842470__180s.npz,49ca49f702b1286aa0ce5865f6ddf11316111b2f4770ef66949fa2ee13f1871d,172e7094b7a170b50058cc2cfb72f89054f951dc2bf8506ae0e3381d3977a7c8,389,337,52,8,0.2074727714061737,success,2026-08-04,
focus_jamendo_1842470__300s,focus_jamendo_1842470,focus,discovery,300.0,features/chroma/300s/focus/discovery/focus_jamendo_1842470__300s.npz,9be138b02933a5da9810c067067af1bface11d4f2360c198705706ad36ad5a6d,features/pitch_v2/300s/focus/discovery/focus_jamendo_1842470__300s.npz,96e880375cc09ee071d14f6564f546d9231671d879fcc48863aa4988f1af4d15,172e7094b7a170b50058cc2cfb72f89054f951dc2bf8506ae0e3381d3977a7c8,662,573,89,9,0.2056930959224701,success,2026-08-04,
focus_jamendo_1842472__180s,focus_jamendo_1842472,focus,discovery,180.0,features/chroma/180s/focus/discovery/focus_jamendo_1842472__180s.npz,5e3493421442372137e5d79218d2acf390c602a7a109589d62dfd312deb11fab,features/pitch_v2/180s/focus/discovery/focus_jamendo_1842472__180s.npz,462e3d42358df270d1e10f16bbf76009bf049d9c3bee6ff865ad24d99f4a6c50,172e7094b7a170b50058cc2cfb72f89054f951dc2bf8506ae0e3381d3977a7c8,389,322,67,7,0.26583439111709595,success,2026-08-04,
focus_jamendo_1842472__300s,focus_jamendo_1842472,focus,discovery,300.0,features/chroma/300s/focus/discovery/focus_jamendo_1842472__300s.npz,d32bfc0037ab9158cdf07700b4e6c3e145ad49b7e9efd2f09c92c9f7fc66230a,features/pitch_v2/300s/focus/discovery/focus_jamendo_1842472__300s.npz,2144226fbad368d784ab4d0d76f9f36f0efa4cf9f110a6a3bd16cf674c71b02a,172e7094b7a170b50058cc2cfb72f89054f951dc2bf8506ae0e3381d3977a7c8,647,536,111,7,0.26720771193504333,success,2026-08-04,
focus_jamendo_1844721__180s,focus_jamendo_1844721,focus,discovery,180.0,features/chroma/180s/focus/discovery/focus_jamendo_1844721__180s.npz,a15eb0a98e28bc7645223cb9f7c54c5785c56ab227969f5c702f760773fd17f1,features/pitch_v2/180s/focus/discovery/focus_jamendo_1844721__180s.npz,e4fc5d3d89b84f12714c7989f8909361f899abc56d7cbbbb666a8aa213731457,172e7094b7a170b50058cc2cfb72f89054f951dc2bf8506ae0e3381d3977a7c8,380,361,19,6,0.15209917724132538,success,2026-08-04,
focus_jamendo_1844721__300s,focus_jamendo_1844721,focus,discovery,300.0,features/chroma/300s/focus/discovery/focus_jamendo_1844721__300s.npz,72ba4ef51341a96034c3768fd19554363cc76a4175adb76e990dc83e03b45d5f,features/pitch_v2/300s/focus/discovery/focus_jamendo_1844721__300s.npz,9464db815ae80d9d083555c135b02c08323bed24acdcb9c9a7189a0231551a3c,172e7094b7a170b50058cc2cfb72f89054f951dc2bf8506ae0e3381d3977a7c8,332,317,15,6,0.14732705056667328,success,2026-08-04,
focus_jamendo_1847333__180s,focus_jamendo_1847333,focus,discovery,180.0,features/chroma/180s/focus/discovery/focus_jamendo_1847333__180s.npz,a8dbecb7cbbc52eb412bbe01cbb12fdab0f9e88f626663514844928f4874c446,features/pitch_v2/180s/focus/discovery/focus_jamendo_1847333__180s.npz,0d64851f7931fe148963512aac413959dd4406aa0aa240a6fc3656abd53bdbb5,172e7094b7a170b50058cc2cfb72f89054f951dc2bf8506ae0e3381d3977a7c8,251,195,56,7,0.19729788601398468,success,2026-08-04,
focus_jamendo_1847333__300s,focus_jamendo_1847333,focus,discovery,300.0,features/chroma/300s/focus/discovery/focus_jamendo_1847333__300s.npz,7a532f92f15343fdfd68d64c53a4dd113cee887c5c8aada47ef369d2a85f61f4,features/pitch_v2/300s/focus/discovery/focus_jamendo_1847333__300s.npz,61dae5f79649a6d73e0f7d9757562b748a8879bc5522af64fadfde167e5951df,172e7094b7a170b50058cc2cfb72f89054f951dc2bf8506ae0e3381d3977a7c8,788,656,132,12,0.1998874545097351,success,2026-08-04,
focus_jamendo_1847530__180s,focus_jamendo_1847530,focus,discovery,180.0,features/chroma/180s/focus/discovery/focus_jamendo_1847530__180s.npz,f6346c6061d34028aa557b4ccb3f1be130f104a15c7d87cbd489202c0f1f6db9,features/pitch_v2/180s/focus/discovery/focus_jamendo_1847530__180s.npz,dd7470c72dc4debafb709a08b88d7b64ff24b0dae2479ae8aa737d5a9390a132,172e7094b7a170b50058cc2cfb72f89054f951dc2bf8506ae0e3381d3977a7c8,421,331,90,9,0.2321128398180008,success,2026-08-04,
focus_jamendo_1847530__300s,focus_jamendo_1847530,focus,discovery,300.0,features/chroma/300s/focus/discovery/focus_jamendo_1847530__300s.npz,c03e8209392200d01d31b5dbe31299a5766153ff311b02149e5b331397f71c60,features/pitch_v2/300s/focus/discovery/focus_jamendo_1847530__300s.npz,547a10cc31184301ad01e24a1cf15d7e3247488a9107c375750fbf30b4feb67b,172e7094b7a170b50058cc2cfb72f89054f951dc2bf8506ae0e3381d3977a7c8,688,557,131,9,0.2321302592754364,success,2026-08-04,
focus_jamendo_1850576__180s,focus_jamendo_1850576,focus,discovery,180.0,features/chroma/180s/focus/discovery/focus_jamendo_1850576__180s.npz,64a5ba45ac688e9a6784f00320577dfe3a16867feb2844ce90e778b261dbab8a,features/pitch_v2/180s/focus/discovery/focus_jamendo_1850576__180s.npz,de896af8f68e2cbd60c43b2d54d46219d0560d85115162433262586bb9440725,172e7094b7a170b50058cc2cfb72f89054f951dc2bf8506ae0e3381d3977a7c8,234,216,18,11,0.22389689087867737,success,2026-08-04,
focus_jamendo_1850576__300s,focus_jamendo_1850576,focus,discovery,300.0,features/chroma/300s/focus/discovery/focus_jamendo_1850576__300s.npz,64a5ba45ac688e9a6784f00320577dfe3a16867feb2844ce90e778b261dbab8a,features/pitch_v2/300s/focus/discovery/focus_jamendo_1850576__300s.npz,de896af8f68e2cbd60c43b2d54d46219d0560d85115162433262586bb9440725,172e7094b7a170b50058cc2cfb72f89054f951dc2bf8506ae0e3381d3977a7c8,234,216,18,11,0.22389689087867737,success,2026-08-04,
focus_jamendo_1856292__180s,focus_jamendo_1856292,focus,discovery,180.0,features/chroma/180s/focus/discovery/focus_jamendo_1856292__180s.npz,b024dfd4aeae52e134844474c0b3320df1dc0d033d0d7dcf4e5b38006705f4a4,features/pitch_v2/180s/focus/discovery/focus_jamendo_1856292__180s.npz,fcfac949bbab5bef4b8e9c082a0b6619a6ce0015888eb13b08fc99ef4183e382,172e7094b7a170b50058cc2cfb72f89054f951dc2bf8506ae0e3381d3977a7c8,381,330,51,10,0.1862831860780716,success,2026-08-04,
focus_jamendo_1856292__300s,focus_jamendo_1856292,focus,discovery,300.0,features/chroma/300s/focus/discovery/focus_jamendo_1856292__300s.npz,bf27effe48340f787411dc6221fb4b4d52cfd1cb76f615430b894622c383bdc6,features/pitch_v2/300s/focus/discovery/focus_jamendo_1856292__300s.npz,c67aa3bad6ca4f2e5284c8648e056287d8dd96112036b93bf177c24a0b588708,172e7094b7a170b50058cc2cfb72f89054f951dc2bf8506ae0e3381d3977a7c8,631,546,85,10,0.1802351176738739,success,2026-08-04,
focus_jamendo_1858750__180s,focus_jamendo_1858750,focus,validation,180.0,features/chroma/180s/focus/validation/focus_jamendo_1858750__180s.npz,7fba9b39bdcde76e64704c01570fb0bbe1141c7b972fd45e8ad93860681d3cc1,features/pitch_v2/180s/focus/validation/focus_jamendo_1858750__180s.npz,79743f4735c3fe787ea1525b52368b3ab0c7ba41bfa1722d6447fad88ec0285b,172e7094b7a170b50058cc2cfb72f89054f951dc2bf8506ae0e3381d3977a7c8,194,156,38,10,0.2247261255979538,success,2026-08-04,
focus_jamendo_1858750__300s,focus_jamendo_1858750,focus,validation,300.0,features/chroma/300s/focus/validation/focus_jamendo_1858750__300s.npz,7fba9b39bdcde76e64704c01570fb0bbe1141c7b972fd45e8ad93860681d3cc1,features/pitch_v2/300s/focus/validation/focus_jamendo_1858750__300s.npz,79743f4735c3fe787ea1525b52368b3ab0c7ba41bfa1722d6447fad88ec0285b,172e7094b7a170b50058cc2cfb72f89054f951dc2bf8506ae0e3381d3977a7c8,194,156,38,10,0.2247261255979538,success,2026-08-04,
focus_jamendo_1864786__180s,focus_jamendo_1864786,focus,validation,180.0,features/chroma/180s/focus/validation/focus_jamendo_1864786__180s.npz,54d7b4ebd43fe0cda57d05b1ce01689b4f9a948afb1490450fcee71848a32927,features/pitch_v2/180s/focus/validation/focus_jamendo_1864786__180s.npz,a03603b398748d8407efce78683b457dbcc3ca26e0d0209ec69d292a53530be1,172e7094b7a170b50058cc2cfb72f89054f951dc2bf8506ae0e3381d3977a7c8,416,319,97,15,0.262117475271225,success,2026-08-04,
focus_jamendo_1864786__300s,focus_jamendo_1864786,focus,validation,300.0,features/chroma/300s/focus/validation/focus_jamendo_1864786__300s.npz,9e032a03fe64eff68ea8e982da7d01ca14c6a560334b1ad458cd4bb2d6c6c990,features/pitch_v2/300s/focus/validation/focus_jamendo_1864786__300s.npz,124927d9f4f1b2abf330e1f3bafae0738202ad8335ac688b15bcd776299a6480,172e7094b7a170b50058cc2cfb72f89054f951dc2bf8506ae0e3381d3977a7c8,624,476,148,16,0.2583242356777191,success,2026-08-04,
focus_jamendo_1865466__180s,focus_jamendo_1865466,focus,holdout,180.0,features/chroma/180s/focus/holdout/focus_jamendo_1865466__180s.npz,a1cbc4f76c662c895440ef6f534efb0f7f4166d412d8db5fd3b5ba905d66bcb0,features/pitch_v2/180s/focus/holdout/focus_jamendo_1865466__180s.npz,22262c67f20fe25bebcb4d36710e4de5202b3871f33452c7d5df24ee091a3307,172e7094b7a170b50058cc2cfb72f89054f951dc2bf8506ae0e3381d3977a7c8,327,267,60,12,0.20409053564071655,success,2026-08-04,
focus_jamendo_1865466__300s,focus_jamendo_1865466,focus,holdout,300.0,features/chroma/300s/focus/holdout/focus_jamendo_1865466__300s.npz,e34230e9916d2f5a574af54f6a422c6ea2fcd2e817928763d8f5d32922dd44aa,features/pitch_v2/300s/focus/holdout/focus_jamendo_1865466__300s.npz,6fa08ad943d64d5c7a4a888128d2cebe7f578914578842ca02bfe6bef6bc4f92,172e7094b7a170b50058cc2cfb72f89054f951dc2bf8506ae0e3381d3977a7c8,205,150,55,10,0.2071288824081421,success,2026-08-04,
focus_jamendo_1866931__180s,focus_jamendo_1866931,focus,discovery,180.0,features/chroma/180s/focus/discovery/focus_jamendo_1866931__180s.npz,de086312b078c8810837588d8b387141766a269b8414b2b66c5a76d0064e723d,features/pitch_v2/180s/focus/discovery/focus_jamendo_1866931__180s.npz,84399ce6171145e332313120360dda35822f4cc7d5e180357fe105d4cd98b373,172e7094b7a170b50058cc2cfb72f89054f951dc2bf8506ae0e3381d3977a7c8,381,350,31,13,0.17597311735153198,success,2026-08-04,
focus_jamendo_1866931__300s,focus_jamendo_1866931,focus,discovery,300.0,features/chroma/300s/focus/discovery/focus_jamendo_1866931__300s.npz,a7a69a0d56db9f59344d759fbbd238203882759822183db0af93f93579aeea19,features/pitch_v2/300s/focus/discovery/focus_jamendo_1866931__300s.npz,a2aab7f03bfcf7969026073758e13ba2b305f6bc7e072823b3b3dff8235e0c0c,172e7094b7a170b50058cc2cfb72f89054f951dc2bf8506ae0e3381d3977a7c8,638,569,69,13,0.18049779534339905,success,2026-08-04,
focus_jamendo_1867616__180s,focus_jamendo_1867616,focus,validation,180.0,features/chroma/180s/focus/validation/focus_jamendo_1867616__180s.npz,0345ac156f67ccd10a74a3bbe7968a449cd5119060f79cdb906ad6aad803f53b,features/pitch_v2/180s/focus/validation/focus_jamendo_1867616__180s.npz,d280953369a2d195ff0f41b99cbc5a741efb5dbaa26a990b501f55c7fb6c08e6,172e7094b7a170b50058cc2cfb72f89054f951dc2bf8506ae0e3381d3977a7c8,294,252,42,12,0.195125013589859,success,2026-08-04,
focus_jamendo_1867616__300s,focus_jamendo_1867616,focus,validation,300.0,features/chroma/300s/focus/validation/focus_jamendo_1867616__300s.npz,0345ac156f67ccd10a74a3bbe7968a449cd5119060f79cdb906ad6aad803f53b,features/pitch_v2/300s/focus/validation/focus_jamendo_1867616__300s.npz,d280953369a2d195ff0f41b99cbc5a741efb5dbaa26a990b501f55c7fb6c08e6,172e7094b7a170b50058cc2cfb72f89054f951dc2bf8506ae0e3381d3977a7c8,294,252,42,12,0.195125013589859,success,2026-08-04,
focus_jamendo_1868247__180s,focus_jamendo_1868247,focus,validation,180.0,features/chroma/180s/focus/validation/focus_jamendo_1868247__180s.npz,f9c939373b4e92d6b8b9d646581004f0ecc5c93bab96b00edae197c86700cb13,features/pitch_v2/180s/focus/validation/focus_jamendo_1868247__180s.npz,6def683c539b1ca7802dce9d8c94b1373db0af0435ec13b9018533b41b806120,172e7094b7a170b50058cc2cfb72f89054f951dc2bf8506ae0e3381d3977a7c8,350,299,51,9,0.18352195620536804,success,2026-08-04,
focus_jamendo_1868247__300s,focus_jamendo_1868247,focus,validation,300.0,features/chroma/300s/focus/validation/focus_jamendo_1868247__300s.npz,f9c939373b4e92d6b8b9d646581004f0ecc5c93bab96b00edae197c86700cb13,features/pitch_v2/300s/focus/validation/focus_jamendo_1868247__300s.npz,6def683c539b1ca7802dce9d8c94b1373db0af0435ec13b9018533b41b806120,172e7094b7a170b50058cc2cfb72f89054f951dc2bf8506ae0e3381d3977a7c8,350,299,51,9,0.18352195620536804,success,2026-08-04,
focus_jamendo_1868257__180s,focus_jamendo_1868257,focus,validation,180.0,features/chroma/180s/focus/validation/focus_jamendo_1868257__180s.npz,b668ce4b26ad8841d7ab64467283a3a188c5fd975b0194a7b1acead5e05a3fa7,features/pitch_v2/180s/focus/validation/focus_jamendo_1868257__180s.npz,c3c8dc121006fc24ac9b1f1e96ea2a3859c4ef65b861ac605d2b0522f6821331,172e7094b7a170b50058cc2cfb72f89054f951dc2bf8506ae0e3381d3977a7c8,286,240,46,10,0.19157674908638,success,2026-08-04,
focus_jamendo_1868257__300s,focus_jamendo_1868257,focus,validation,300.0,features/chroma/300s/focus/validation/focus_jamendo_1868257__300s.npz,b668ce4b26ad8841d7ab64467283a3a188c5fd975b0194a7b1acead5e05a3fa7,features/pitch_v2/300s/focus/validation/focus_jamendo_1868257__300s.npz,c3c8dc121006fc24ac9b1f1e96ea2a3859c4ef65b861ac605d2b0522f6821331,172e7094b7a170b50058cc2cfb72f89054f951dc2bf8506ae0e3381d3977a7c8,286,240,46,10,0.19157674908638,success,2026-08-04,
focus_jamendo_1868402__180s,focus_jamendo_1868402,focus,validation,180.0,features/chroma/180s/focus/validation/focus_jamendo_1868402__180s.npz,6daee9a7a0aba9baba335c61d5dbc742698acb7d00fab3f93f35fdd11d69e720,features/pitch_v2/180s/focus/validation/focus_jamendo_1868402__180s.npz,b01b154a7e170b78aed5b2bf9513547d1d0ee29b8a3bb4c6153f0bd818c3077c,172e7094b7a170b50058cc2cfb72f89054f951dc2bf8506ae0e3381d3977a7c8,256,193,63,10,0.19103185832500458,success,2026-08-04,
focus_jamendo_1868402__300s,focus_jamendo_1868402,focus,validation,300.0,features/chroma/300s/focus/validation/focus_jamendo_1868402__300s.npz,16f529a1dbdc8969f44fe89fb310163b455603301adb67987208980304935bf9,features/pitch_v2/300s/focus/validation/focus_jamendo_1868402__300s.npz,4c323dd7fae926ac4c665e057d7da0198b98b6363f8b18875431f79e267feeeb,172e7094b7a170b50058cc2cfb72f89054f951dc2bf8506ae0e3381d3977a7c8,299,234,65,10,0.19112151861190796,success,2026-08-04,
focus_jamendo_1869522__180s,focus_jamendo_1869522,focus,discovery,180.0,features/chroma/180s/focus/discovery/focus_jamendo_1869522__180s.npz,da73b7a2ea7ae1fb10853537e87f6b43c8074215fc9d1faaec62ef51816a2564,features/pitch_v2/180s/focus/discovery/focus_jamendo_1869522__180s.npz,a6cec558803d4585bf864d754868228a118e0f832f620350799a965e46d3b2f4,172e7094b7a170b50058cc2cfb72f89054f951dc2bf8506ae0e3381d3977a7c8,342,319,23,5,0.153211310505867,success,2026-08-04,
focus_jamendo_1869522__300s,focus_jamendo_1869522,focus,discovery,300.0,features/chroma/300s/focus/discovery/focus_jamendo_1869522__300s.npz,c9e9ccadff9e22cfe71aa4ad88121bc57657e71b1a0478b1a611a841c4d97b2f,features/pitch_v2/300s/focus/discovery/focus_jamendo_1869522__300s.npz,e21a538f6b729e8d1e47eae99fc4d12be8c70e6c7862a3a555d37b6140870532,172e7094b7a170b50058cc2cfb72f89054f951dc2bf8506ae0e3381d3977a7c8,433,405,28,5,0.1514323651790619,success,2026-08-04,
focus_jamendo_1871445__180s,focus_jamendo_1871445,focus,discovery,180.0,features/chroma/180s/focus/discovery/focus_jamendo_1871445__180s.npz,467508c02e5d8dba5ed06872bddafd38bd45da93a56ae9bab6ffb2d8fa3516b5,features/pitch_v2/180s/focus/discovery/focus_jamendo_1871445__180s.npz,ebc4d833b4853ebc47d91b368371b98f4f990c84456eb16075fcf6ebe8ae69ca,172e7094b7a170b50058cc2cfb72f89054f951dc2bf8506ae0e3381d3977a7c8,369,326,43,8,0.19203150272369385,success,2026-08-04,
focus_jamendo_1871445__300s,focus_jamendo_1871445,focus,discovery,300.0,features/chroma/300s/focus/discovery/focus_jamendo_1871445__300s.npz,568f7d0e0ce97a0f21751417b4329993cea4ff7154c353ed35b23989c73b0517,features/pitch_v2/300s/focus/discovery/focus_jamendo_1871445__300s.npz,357df7a02f2f70ab0de221dac380ffbca8f41868d9cf416f9e4d0a7db2ca6ff0,172e7094b7a170b50058cc2cfb72f89054f951dc2bf8506ae0e3381d3977a7c8,381,340,41,8,0.19122058153152466,success,2026-08-04,
focus_jamendo_1871951__180s,focus_jamendo_1871951,focus,holdout,180.0,features/chroma/180s/focus/holdout/focus_jamendo_1871951__180s.npz,9541207a6c74dd9bba849c03580f75d5fcec2a86028452266cbefefc09c27e7d,features/pitch_v2/180s/focus/holdout/focus_jamendo_1871951__180s.npz,9be40e9618405725d2cde96b46d7ba9b7e221133ed47e0751d1a05d6b4c9d6c0,172e7094b7a170b50058cc2cfb72f89054f951dc2bf8506ae0e3381d3977a7c8,390,368,22,7,0.19609107077121735,success,2026-08-04,
focus_jamendo_1871951__300s,focus_jamendo_1871951,focus,holdout,300.0,features/chroma/300s/focus/holdout/focus_jamendo_1871951__300s.npz,d491b80aa1350767e8de07a8a2ca3a71fc79ccdcf75399ecd63cdd9a1189df28,features/pitch_v2/300s/focus/holdout/focus_jamendo_1871951__300s.npz,a4d03ede3d9bc3ed7fce3001f6a482d043b89a030fcbc7113270fc60f1cac307,172e7094b7a170b50058cc2cfb72f89054f951dc2bf8506ae0e3381d3977a7c8,649,615,34,7,0.1983901858329773,success,2026-08-04,
focus_jamendo_1874522__180s,focus_jamendo_1874522,focus,discovery,180.0,features/chroma/180s/focus/discovery/focus_jamendo_1874522__180s.npz,8d156860ea1cf817be0d0f6588f8c90fb124ca01ee27884e45eca12c6f0cf139,features/pitch_v2/180s/focus/discovery/focus_jamendo_1874522__180s.npz,18fe81af2e0d7045a7cfd491afbbaf963535d851c3a267005724fd86b54271d4,172e7094b7a170b50058cc2cfb72f89054f951dc2bf8506ae0e3381d3977a7c8,324,296,28,9,0.3398079574108124,success,2026-08-04,
focus_jamendo_1874522__300s,focus_jamendo_1874522,focus,discovery,300.0,features/chroma/300s/focus/discovery/focus_jamendo_1874522__300s.npz,8d156860ea1cf817be0d0f6588f8c90fb124ca01ee27884e45eca12c6f0cf139,features/pitch_v2/300s/focus/discovery/focus_jamendo_1874522__300s.npz,18fe81af2e0d7045a7cfd491afbbaf963535d851c3a267005724fd86b54271d4,172e7094b7a170b50058cc2cfb72f89054f951dc2bf8506ae0e3381d3977a7c8,324,296,28,9,0.3398079574108124,success,2026-08-04,
focus_jamendo_1879434__180s,focus_jamendo_1879434,focus,validation,180.0,features/chroma/180s/focus/validation/focus_jamendo_1879434__180s.npz,a273c4554f962abb1eb535271498545c042d5dce6f46f49e8c7e2cb09a3ba1bb,features/pitch_v2/180s/focus/validation/focus_jamendo_1879434__180s.npz,ed0cb80205b60b1a5466e15b9c2daa977480c986827470b34dfe361c1853e6e8,172e7094b7a170b50058cc2cfb72f89054f951dc2bf8506ae0e3381d3977a7c8,342,300,42,12,0.18130943179130554,success,2026-08-04,
focus_jamendo_1879434__300s,focus_jamendo_1879434,focus,validation,300.0,features/chroma/300s/focus/validation/focus_jamendo_1879434__300s.npz,f31436636e49c5a42f9110f62f95c20de3c6b2c3ae267c468dc22055fb739dc1,features/pitch_v2/300s/focus/validation/focus_jamendo_1879434__300s.npz,2f6c8d4e80f22831141a2de6c7f6025d948cc08f2eaee854f64b84b434ef71a6,172e7094b7a170b50058cc2cfb72f89054f951dc2bf8506ae0e3381d3977a7c8,570,506,64,13,0.18027004599571228,success,2026-08-04,
focus_jamendo_1879604__180s,focus_jamendo_1879604,focus,discovery,180.0,features/chroma/180s/focus/discovery/focus_jamendo_1879604__180s.npz,dd9ab973038964ab01d64fe145ba09502bf84ef400472544230b046ac5ce7df5,features/pitch_v2/180s/focus/discovery/focus_jamendo_1879604__180s.npz,8ee581f9d790a4b5d9b40c9092cdba6ac29083aeed61f87c9a5f365cf69f3090,172e7094b7a170b50058cc2cfb72f89054f951dc2bf8506ae0e3381d3977a7c8,257,203,54,9,0.18815307319164276,success,2026-08-04,
focus_jamendo_1879604__300s,focus_jamendo_1879604,focus,discovery,300.0,features/chroma/300s/focus/discovery/focus_jamendo_1879604__300s.npz,dd9ab973038964ab01d64fe145ba09502bf84ef400472544230b046ac5ce7df5,features/pitch_v2/300s/focus/discovery/focus_jamendo_1879604__300s.npz,8ee581f9d790a4b5d9b40c9092cdba6ac29083aeed61f87c9a5f365cf69f3090,172e7094b7a170b50058cc2cfb72f89054f951dc2bf8506ae0e3381d3977a7c8,257,203,54,9,0.18815307319164276,success,2026-08-04,
focus_jamendo_1881280__180s,focus_jamendo_1881280,focus,discovery,180.0,features/chroma/180s/focus/discovery/focus_jamendo_1881280__180s.npz,9fd5fbf103000b95f0f5e5245109da290d1c553a8c36c9aed8576163d23ec74d,features/pitch_v2/180s/focus/discovery/focus_jamendo_1881280__180s.npz,3b23cdbe14d8a95287d27648efefd08d3138e40a0fd474d4ddbe0abfb28eaed9,172e7094b7a170b50058cc2cfb72f89054f951dc2bf8506ae0e3381d3977a7c8,240,185,55,9,0.19612626731395721,success,2026-08-04,
focus_jamendo_1881280__300s,focus_jamendo_1881280,focus,discovery,300.0,features/chroma/300s/focus/discovery/focus_jamendo_1881280__300s.npz,9fd5fbf103000b95f0f5e5245109da290d1c553a8c36c9aed8576163d23ec74d,features/pitch_v2/300s/focus/discovery/focus_jamendo_1881280__300s.npz,3b23cdbe14d8a95287d27648efefd08d3138e40a0fd474d4ddbe0abfb28eaed9,172e7094b7a170b50058cc2cfb72f89054f951dc2bf8506ae0e3381d3977a7c8,240,185,55,9,0.19612626731395721,success,2026-08-04,
focus_jamendo_1885488__180s,focus_jamendo_1885488,focus,discovery,180.0,features/chroma/180s/focus/discovery/focus_jamendo_1885488__180s.npz,d902760300a1a3bb4357bb76462fb808ed364ef1557c4b9d8ae1137317f0a090,features/pitch_v2/180s/focus/discovery/focus_jamendo_1885488__180s.npz,03a3d3908c8250d94d92db2ce4f46d4e47f296d6be06a9081f4f19ddaa307605,172e7094b7a170b50058cc2cfb72f89054f951dc2bf8506ae0e3381d3977a7c8,343,142,201,4,0.1511351764202118,success,2026-08-04,
focus_jamendo_1885488__300s,focus_jamendo_1885488,focus,discovery,300.0,features/chroma/300s/focus/discovery/focus_jamendo_1885488__300s.npz,a24bb4688212e814029f2aeec5387816a0c3889b66aea65423668859cfbfb2aa,features/pitch_v2/300s/focus/discovery/focus_jamendo_1885488__300s.npz,ce016d58f5b389fad6194b257e4692e475821accf377898164fcb82b86bdee8c,172e7094b7a170b50058cc2cfb72f89054f951dc2bf8506ae0e3381d3977a7c8,352,150,202,5,0.1546844244003296,success,2026-08-04,
focus_jamendo_1890389__180s,focus_jamendo_1890389,focus,discovery,180.0,features/chroma/180s/focus/discovery/focus_jamendo_1890389__180s.npz,4ef9c124f3a12559084feda2a6036302b0cb08c51122cde2e8cc0b8b5f036479,features/pitch_v2/180s/focus/discovery/focus_jamendo_1890389__180s.npz,727c83ee336a6f93aa3381bdb498fd5c6813d057c913f5bfe40242edfcc74ce1,172e7094b7a170b50058cc2cfb72f89054f951dc2bf8506ae0e3381d3977a7c8,391,320,71,4,0.27541542053222656,success,2026-08-04,
focus_jamendo_1890389__300s,focus_jamendo_1890389,focus,discovery,300.0,features/chroma/300s/focus/discovery/focus_jamendo_1890389__300s.npz,470c34673c096f246e9a5876e9f107a05dc2bc6e6466dec414ed04fb2929d122,features/pitch_v2/300s/focus/discovery/focus_jamendo_1890389__300s.npz,53eff05a4db81880966a55fc56990a0d8756053c68f48544bacf9dd85e0ac4c5,172e7094b7a170b50058cc2cfb72f89054f951dc2bf8506ae0e3381d3977a7c8,652,531,121,10,0.2665238678455353,success,2026-08-04,
focus_jamendo_1890394__180s,focus_jamendo_1890394,focus,discovery,180.0,features/chroma/180s/focus/discovery/focus_jamendo_1890394__180s.npz,dd684190f998ca771a107d6015cfaa4f62d6cc11ad1672f5c5c9c4219ddd7ab6,features/pitch_v2/180s/focus/discovery/focus_jamendo_1890394__180s.npz,e9cf1bc4deaa60c0ce3c72fa9e5461dd85611e294a975c4c0b3b3cfe937bacd7,172e7094b7a170b50058cc2cfb72f89054f951dc2bf8506ae0e3381d3977a7c8,381,283,98,11,0.20731154084205627,success,2026-08-04,
focus_jamendo_1890394__300s,focus_jamendo_1890394,focus,discovery,300.0,features/chroma/300s/focus/discovery/focus_jamendo_1890394__300s.npz,513842720665445168bb9b9ec1a12f8f6bf23caa97e48113841ca14fe7e0823b,features/pitch_v2/300s/focus/discovery/focus_jamendo_1890394__300s.npz,2fc54009cdd057d991398eb1704e9df3c920692dca008b478f868ea880a8197b,172e7094b7a170b50058cc2cfb72f89054f951dc2bf8506ae0e3381d3977a7c8,631,459,172,11,0.21742992103099823,success,2026-08-04,
focus_jamendo_1890497__180s,focus_jamendo_1890497,focus,discovery,180.0,features/chroma/180s/focus/discovery/focus_jamendo_1890497__180s.npz,2c139eb4c5ebdeb582f6dde4a2bf30d59b1ba5f7b7a494af35343526dc18b75c,features/pitch_v2/180s/focus/discovery/focus_jamendo_1890497__180s.npz,7fdae36373658084fd89cc64a410d9a1c702b680555d48040ed579ebfa00e0c2,172e7094b7a170b50058cc2cfb72f89054f951dc2bf8506ae0e3381d3977a7c8,377,291,86,10,0.21715375781059265,success,2026-08-04,
focus_jamendo_1890497__300s,focus_jamendo_1890497,focus,discovery,300.0,features/chroma/300s/focus/discovery/focus_jamendo_1890497__300s.npz,2849aca1e47e0338b17bfd6f3c27c5dc561e48357e52273c28f9b99322e3f8ab,features/pitch_v2/300s/focus/discovery/focus_jamendo_1890497__300s.npz,58298208ffb19aedc042cd6cca309deaf6b8d67b8a90ea147ee348a33d67a5b4,172e7094b7a170b50058cc2cfb72f89054f951dc2bf8506ae0e3381d3977a7c8,630,485,145,11,0.23270098865032196,success,2026-08-04,
focus_jamendo_1890501__180s,focus_jamendo_1890501,focus,discovery,180.0,features/chroma/180s/focus/discovery/focus_jamendo_1890501__180s.npz,9e1f22d6b2eaffd019b73c2f02bea1227c71d16ecc283b7d15fcebed36236853,features/pitch_v2/180s/focus/discovery/focus_jamendo_1890501__180s.npz,7aa6e2dd9fe07f461472ea7d573d0f7ad3067fc5193826ed3400f36004c76deb,172e7094b7a170b50058cc2cfb72f89054f951dc2bf8506ae0e3381d3977a7c8,380,328,52,8,0.25243282318115234,success,2026-08-04,
focus_jamendo_1890501__300s,focus_jamendo_1890501,focus,discovery,300.0,features/chroma/300s/focus/discovery/focus_jamendo_1890501__300s.npz,104afe6b1b362f859d3e3334e37073b635575e040c299aac039f9fd3e7eccdc9,features/pitch_v2/300s/focus/discovery/focus_jamendo_1890501__300s.npz,7b6e189f7219d26defd23dc9b43611c4d7dd028ea81a3d09f940fa720affd41c,172e7094b7a170b50058cc2cfb72f89054f951dc2bf8506ae0e3381d3977a7c8,632,518,114,8,0.23404929041862488,success,2026-08-04,
focus_jamendo_1891400__180s,focus_jamendo_1891400,focus,discovery,180.0,features/chroma/180s/focus/discovery/focus_jamendo_1891400__180s.npz,f4b5314427d81195abbcfdafd6880d2b61b52ccb07937ac9a97ae2c4922f68b6,features/pitch_v2/180s/focus/discovery/focus_jamendo_1891400__180s.npz,0675833315a4a3e06188cebdc6bb8c394da94a7ca5143c00ea4ca950583cc22b,172e7094b7a170b50058cc2cfb72f89054f951dc2bf8506ae0e3381d3977a7c8,371,316,55,9,0.2613317370414734,success,2026-08-04,
focus_jamendo_1891400__300s,focus_jamendo_1891400,focus,discovery,300.0,features/chroma/300s/focus/discovery/focus_jamendo_1891400__300s.npz,cad640497942dad452272f7c734bd443dab861a74454bee390edcf4fd3717d77,features/pitch_v2/300s/focus/discovery/focus_jamendo_1891400__300s.npz,302d1151ac8a84d93484fb189499f7d4bade6e7495b351b7c4b45baac40e86ed,172e7094b7a170b50058cc2cfb72f89054f951dc2bf8506ae0e3381d3977a7c8,394,337,57,8,0.2633737325668335,success,2026-08-04,
focus_jamendo_1894575__180s,focus_jamendo_1894575,focus,discovery,180.0,features/chroma/180s/focus/discovery/focus_jamendo_1894575__180s.npz,f1b7ed1050c43bd60f0d5d4e71ccbc9550144cbd135767ddcf0e028584f90549,features/pitch_v2/180s/focus/discovery/focus_jamendo_1894575__180s.npz,947ca86de60bec3ac4df047b4dbac5ff6f22b743f2d6f4e971f4805a09594319,172e7094b7a170b50058cc2cfb72f89054f951dc2bf8506ae0e3381d3977a7c8,384,314,70,10,0.20644626021385193,success,2026-08-04,
focus_jamendo_1894575__300s,focus_jamendo_1894575,focus,discovery,300.0,features/chroma/300s/focus/discovery/focus_jamendo_1894575__300s.npz,bd7a3494bc4bd520944579c2a7dee3f7f8c01d6ac5399716a0d6d0787154b12a,features/pitch_v2/300s/focus/discovery/focus_jamendo_1894575__300s.npz,f6090855c6edabaa01df3d38e0a6b7b305681677a36b8a7681b0b83c5fb1b6d8,172e7094b7a170b50058cc2cfb72f89054f951dc2bf8506ae0e3381d3977a7c8,635,516,119,10,0.20988905429840088,success,2026-08-04,
focus_jamendo_1894851__180s,focus_jamendo_1894851,focus,discovery,180.0,features/chroma/180s/focus/discovery/focus_jamendo_1894851__180s.npz,695b4370adeaab485ab561884bcd25a7df155deca523efdb4cbf396341abe65d,features/pitch_v2/180s/focus/discovery/focus_jamendo_1894851__180s.npz,1de753c61757da4d96db68a236b5896c2970a23c504cad9a332e490e880bfb7e,172e7094b7a170b50058cc2cfb72f89054f951dc2bf8506ae0e3381d3977a7c8,359,271,88,7,0.23381268978118896,success,2026-08-04,
focus_jamendo_1894851__300s,focus_jamendo_1894851,focus,discovery,300.0,features/chroma/300s/focus/discovery/focus_jamendo_1894851__300s.npz,76a66b88b642e8ded57e429e1a13b32d4890c7d62fef012df6e3b4c96bccc70e,features/pitch_v2/300s/focus/discovery/focus_jamendo_1894851__300s.npz,065b5f9721a265690e28ab59341715d51d98687b01267cc49247eebe9878a5c6,172e7094b7a170b50058cc2cfb72f89054f951dc2bf8506ae0e3381d3977a7c8,542,408,134,8,0.23566080629825592,success,2026-08-04,
focus_jamendo_1895201__180s,focus_jamendo_1895201,focus,discovery,180.0,features/chroma/180s/focus/discovery/focus_jamendo_1895201__180s.npz,27e5bcdec2a71a694a12b76ad4d094fe66a2034cf9d8dfa281495e980538f1ab,features/pitch_v2/180s/focus/discovery/focus_jamendo_1895201__180s.npz,d283e81556fa083e41961de379cbace3317d0d1c1687602c58dbb4a602f5ad27,172e7094b7a170b50058cc2cfb72f89054f951dc2bf8506ae0e3381d3977a7c8,372,353,19,8,0.23732151091098785,success,2026-08-04,
focus_jamendo_1895201__300s,focus_jamendo_1895201,focus,discovery,300.0,features/chroma/300s/focus/discovery/focus_jamendo_1895201__300s.npz,ca3f0f8de94dad5d4c641b3750e922d388e0da39bfd3ad9a4eb19b24a0b03684,features/pitch_v2/300s/focus/discovery/focus_jamendo_1895201__300s.npz,f459eab4dbed05e1e9c6868ea146594530f324020b48dfb6f47c39fc7c863e7c,172e7094b7a170b50058cc2cfb72f89054f951dc2bf8506ae0e3381d3977a7c8,416,391,25,9,0.2336956262588501,success,2026-08-04,
focus_jamendo_1895276__180s,focus_jamendo_1895276,focus,discovery,180.0,features/chroma/180s/focus/discovery/focus_jamendo_1895276__180s.npz,95161c4079184917dac352ca09bb3ebabd341ff83a49a2d318ec63935ab17cab,features/pitch_v2/180s/focus/discovery/focus_jamendo_1895276__180s.npz,fa85207dc7e436f978ad5cbe9a7f3650c3707cf5704abc5b288de4a52f2b86a3,172e7094b7a170b50058cc2cfb72f89054f951dc2bf8506ae0e3381d3977a7c8,383,300,83,8,0.22136005759239197,success,2026-08-04,
focus_jamendo_1895276__300s,focus_jamendo_1895276,focus,discovery,300.0,features/chroma/300s/focus/discovery/focus_jamendo_1895276__300s.npz,a5bc1790b564b2a2b484615909ebb3b5437f273cd11ba412f2b7dc5cd4d04089,features/pitch_v2/300s/focus/discovery/focus_jamendo_1895276__300s.npz,621fdeaf40a75072546b0c873dc36f43284dc0215675b30a2f4314a5ff9fbd34,172e7094b7a170b50058cc2cfb72f89054f951dc2bf8506ae0e3381d3977a7c8,506,379,127,8,0.21911190450191498,success,2026-08-04,
focus_jamendo_1897824__180s,focus_jamendo_1897824,focus,discovery,180.0,features/chroma/180s/focus/discovery/focus_jamendo_1897824__180s.npz,8df62cf356788b29c2b569a7367a7957eb9754a8ba6ce476b62f76ebb7215c5e,features/pitch_v2/180s/focus/discovery/focus_jamendo_1897824__180s.npz,6b003619be9e0df23e24df8ee48630ced24c940c5d8a014e55bb182338715ec0,172e7094b7a170b50058cc2cfb72f89054f951dc2bf8506ae0e3381d3977a7c8,419,329,90,11,0.18886834383010864,success,2026-08-04,
focus_jamendo_1897824__300s,focus_jamendo_1897824,focus,discovery,300.0,features/chroma/300s/focus/discovery/focus_jamendo_1897824__300s.npz,bb3480cfdb640c7a5769e1356b73adfa33d6bfd11c4c735e7d2a0d86440654d6,features/pitch_v2/300s/focus/discovery/focus_jamendo_1897824__300s.npz,0be0bc1f1d896101f821763380b3d6aad3ca421975bb60a0feb6b19c7ef8ca0c,172e7094b7a170b50058cc2cfb72f89054f951dc2bf8506ae0e3381d3977a7c8,610,477,133,11,0.19241611659526825,success,2026-08-04,
focus_jamendo_1898926__180s,focus_jamendo_1898926,focus,holdout,180.0,features/chroma/180s/focus/holdout/focus_jamendo_1898926__180s.npz,d4d269e47b18d8b48223480b8ab40ed937660373e542d6e018c7ce6e5d841092,features/pitch_v2/180s/focus/holdout/focus_jamendo_1898926__180s.npz,a69fe8ce556f9d5ec3bb58aa22a84ce0d1258cfada89fb41dae1a76682de4b48,172e7094b7a170b50058cc2cfb72f89054f951dc2bf8506ae0e3381d3977a7c8,394,311,83,8,0.249391108751297,success,2026-08-04,
focus_jamendo_1898926__300s,focus_jamendo_1898926,focus,holdout,300.0,features/chroma/300s/focus/holdout/focus_jamendo_1898926__300s.npz,cc34979d3ac20b1bbd037f0fce1c4eb9810b62e5f92acb8c8d175019d87e011a,features/pitch_v2/300s/focus/holdout/focus_jamendo_1898926__300s.npz,c246c250945e752499ee675fda790b892645888cb8705702ceb95347a193c3f7,172e7094b7a170b50058cc2cfb72f89054f951dc2bf8506ae0e3381d3977a7c8,540,438,102,8,0.24448473751544952,success,2026-08-04,
focus_jamendo_1900437__180s,focus_jamendo_1900437,focus,holdout,180.0,features/chroma/180s/focus/holdout/focus_jamendo_1900437__180s.npz,fc43aa318e7b381801a29e5f43393c8592944ce108f114b4c1aeb21b8bede905,features/pitch_v2/180s/focus/holdout/focus_jamendo_1900437__180s.npz,d73de8f7e9f749f13dac415622978cf7d98aa75cec1849d807edd1e5c6944546,172e7094b7a170b50058cc2cfb72f89054f951dc2bf8506ae0e3381d3977a7c8,412,337,75,12,0.19752688705921173,success,2026-08-04,
focus_jamendo_1900437__300s,focus_jamendo_1900437,focus,holdout,300.0,features/chroma/300s/focus/holdout/focus_jamendo_1900437__300s.npz,d3418cf5e42ed47a02e01df1fc5bfe3b81373544ef085d8ff2350eed4be0204e,features/pitch_v2/300s/focus/holdout/focus_jamendo_1900437__300s.npz,f2133133c9344fc27952faf115ea0116d6ce0644717b8f8e6cebe64b2913a01d,172e7094b7a170b50058cc2cfb72f89054f951dc2bf8506ae0e3381d3977a7c8,680,545,135,12,0.1917484551668167,success,2026-08-04,
focus_jamendo_1900439__180s,focus_jamendo_1900439,focus,holdout,180.0,features/chroma/180s/focus/holdout/focus_jamendo_1900439__180s.npz,1ecb1fc4550a3d29c868bc9a44c04c1aaf5e773a580c2259c8a3e978bbd7c605,features/pitch_v2/180s/focus/holdout/focus_jamendo_1900439__180s.npz,823136fac239fb251f612a5afd10a62ec6db38b6ef17b14e66057b2b0efd7c8e,172e7094b7a170b50058cc2cfb72f89054f951dc2bf8506ae0e3381d3977a7c8,411,355,56,12,0.21535396575927734,success,2026-08-04,
focus_jamendo_1900439__300s,focus_jamendo_1900439,focus,holdout,300.0,features/chroma/300s/focus/holdout/focus_jamendo_1900439__300s.npz,52b7c501931612451135fc071fbb3d92d370738e0e596f2c5e09ad5e271e2e13,features/pitch_v2/300s/focus/holdout/focus_jamendo_1900439__300s.npz,fd8d47a49c69a33c30578c01b5661ea9cf150e82a993c5706d98eb32b23dcdf4,172e7094b7a170b50058cc2cfb72f89054f951dc2bf8506ae0e3381d3977a7c8,555,463,92,12,0.21016104519367218,success,2026-08-04,
focus_jamendo_1900645__180s,focus_jamendo_1900645,focus,discovery,180.0,features/chroma/180s/focus/discovery/focus_jamendo_1900645__180s.npz,1fc5aa218a411a722d11fb82727605b54d966dcd570c23f9bbfc48b88ca67e64,features/pitch_v2/180s/focus/discovery/focus_jamendo_1900645__180s.npz,f1f32e2737f299dd815871b822e49b8ec6ccfe027f519df1652d568274623388,172e7094b7a170b50058cc2cfb72f89054f951dc2bf8506ae0e3381d3977a7c8,384,251,133,9,0.2179260104894638,success,2026-08-04,
focus_jamendo_1900645__300s,focus_jamendo_1900645,focus,discovery,300.0,features/chroma/300s/focus/discovery/focus_jamendo_1900645__300s.npz,39627f416a3a208b75147e38d094e52448fefaf38dab811de79bd982c6dd18d9,features/pitch_v2/300s/focus/discovery/focus_jamendo_1900645__300s.npz,233103e5cd6634022bed1582aa15fd6ffa373d1abff2cd29b5e84e55728c871d,172e7094b7a170b50058cc2cfb72f89054f951dc2bf8506ae0e3381d3977a7c8,386,250,136,9,0.22025367617607117,success,2026-08-04,
focus_jamendo_1900646__180s,focus_jamendo_1900646,focus,discovery,180.0,features/chroma/180s/focus/discovery/focus_jamendo_1900646__180s.npz,58e156b7a7958d8f49c7f8a413f5b85d18731c632e01eec8234b2ddcdf6f7326,features/pitch_v2/180s/focus/discovery/focus_jamendo_1900646__180s.npz,d1f2cdd221720deacc068abd06b5c089e72f0d2b1757dfed8ef8075013f90ab7,172e7094b7a170b50058cc2cfb72f89054f951dc2bf8506ae0e3381d3977a7c8,381,297,84,8,0.19238179922103882,success,2026-08-04,
focus_jamendo_1900646__300s,focus_jamendo_1900646,focus,discovery,300.0,features/chroma/300s/focus/discovery/focus_jamendo_1900646__300s.npz,99bd165727a5e2472db268684c363b8c748e2c29ae7a7c7f32a8a60173e15103,features/pitch_v2/300s/focus/discovery/focus_jamendo_1900646__300s.npz,51b07ac51b2164349d2238cb2a93a6840c2fcd9c960da64dd707a82a85af2db3,172e7094b7a170b50058cc2cfb72f89054f951dc2bf8506ae0e3381d3977a7c8,377,295,82,8,0.1924378126859665,success,2026-08-04,
focus_jamendo_1900840__180s,focus_jamendo_1900840,focus,discovery,180.0,features/chroma/180s/focus/discovery/focus_jamendo_1900840__180s.npz,f36a5fa468d35e33bfdeaa306c835fd133e829d8bd34f819f29aa415c56fd834,features/pitch_v2/180s/focus/discovery/focus_jamendo_1900840__180s.npz,04f2bf5f0d7be3983d891f8af71564dc7ef1e085b7b31744ef9f0b17b1aa258f,172e7094b7a170b50058cc2cfb72f89054f951dc2bf8506ae0e3381d3977a7c8,370,313,57,9,0.18636830151081085,success,2026-08-04,
focus_jamendo_1900840__300s,focus_jamendo_1900840,focus,discovery,300.0,features/chroma/300s/focus/discovery/focus_jamendo_1900840__300s.npz,f91db6b2a18aac1e33b1dffc1f712ccc5d1faadd4e00f69d3a075e12cb96a2a0,features/pitch_v2/300s/focus/discovery/focus_jamendo_1900840__300s.npz,f82584b8c1b1c72ed198c502a6cd8eb76990a0b9b5f6e15b3446af03ea5b828c,172e7094b7a170b50058cc2cfb72f89054f951dc2bf8506ae0e3381d3977a7c8,404,347,57,9,0.18927812576293945,success,2026-08-04,
focus_jamendo_1900848__180s,focus_jamendo_1900848,focus,discovery,180.0,features/chroma/180s/focus/discovery/focus_jamendo_1900848__180s.npz,552c0cd3ad21d0d752923cecb9b06270fde1005570da500700b11a33e972098f,features/pitch_v2/180s/focus/discovery/focus_jamendo_1900848__180s.npz,32d28fc33fbb59a78450461dd432ef7ec9f4f1d48169179a9dd131ee057b3903,172e7094b7a170b50058cc2cfb72f89054f951dc2bf8506ae0e3381d3977a7c8,373,316,57,6,0.16495023667812347,success,2026-08-04,
focus_jamendo_1900848__300s,focus_jamendo_1900848,focus,discovery,300.0,features/chroma/300s/focus/discovery/focus_jamendo_1900848__300s.npz,33d0fd9c832b19631e701edd079dc075dc2495b7328cfb13f6382c11245667c1,features/pitch_v2/300s/focus/discovery/focus_jamendo_1900848__300s.npz,a53bc9febacf6ca416fd9e1a005d921ddd006325c78402baf98b7a4fc8fd2aba,172e7094b7a170b50058cc2cfb72f89054f951dc2bf8506ae0e3381d3977a7c8,406,338,68,6,0.16387540102005005,success,2026-08-04,
focus_jamendo_1900849__180s,focus_jamendo_1900849,focus,discovery,180.0,features/chroma/180s/focus/discovery/focus_jamendo_1900849__180s.npz,e3f69f74bd05313e49a7cfd64ec3b46be1aae17caa1c1badceb44a18d4c43a02,features/pitch_v2/180s/focus/discovery/focus_jamendo_1900849__180s.npz,b1339e9c74555f688b462d2a02238807a5ddfe20d6558fefff4d6f5614eab9fb,172e7094b7a170b50058cc2cfb72f89054f951dc2bf8506ae0e3381d3977a7c8,312,114,198,7,0.17482233047485352,success,2026-08-04,
focus_jamendo_1900849__300s,focus_jamendo_1900849,focus,discovery,300.0,features/chroma/300s/focus/discovery/focus_jamendo_1900849__300s.npz,d8361d91935849808237d0724ddddf4bbbbe51cc8e5d16aca69c4359f1c70ebd,features/pitch_v2/300s/focus/discovery/focus_jamendo_1900849__300s.npz,b2cef21df225cd2bbad81e787dd035f01b9d272731ea2aa186a3091f1be38ca5,172e7094b7a170b50058cc2cfb72f89054f951dc2bf8506ae0e3381d3977a7c8,353,127,226,8,0.17635577917099,success,2026-08-04,
focus_jamendo_1900865__180s,focus_jamendo_1900865,focus,discovery,180.0,features/chroma/180s/focus/discovery/focus_jamendo_1900865__180s.npz,e331a8f9d499fe869dea4b1fb5844dc5e4b55a00c00510564e2da9cf664e8550,features/pitch_v2/180s/focus/discovery/focus_jamendo_1900865__180s.npz,a889607e01c516d31979a8312efa71f04057fa15231b6c0acbd1b5b2b27e28e8,172e7094b7a170b50058cc2cfb72f89054f951dc2bf8506ae0e3381d3977a7c8,240,165,75,8,0.15657567977905273,success,2026-08-04,
focus_jamendo_1900865__300s,focus_jamendo_1900865,focus,discovery,300.0,features/chroma/300s/focus/discovery/focus_jamendo_1900865__300s.npz,e331a8f9d499fe869dea4b1fb5844dc5e4b55a00c00510564e2da9cf664e8550,features/pitch_v2/300s/focus/discovery/focus_jamendo_1900865__300s.npz,a889607e01c516d31979a8312efa71f04057fa15231b6c0acbd1b5b2b27e28e8,172e7094b7a170b50058cc2cfb72f89054f951dc2bf8506ae0e3381d3977a7c8,240,165,75,8,0.15657567977905273,success,2026-08-04,
focus_jamendo_1901339__180s,focus_jamendo_1901339,focus,validation,180.0,features/chroma/180s/focus/validation/focus_jamendo_1901339__180s.npz,dab917ef6b701a9c9d550d0f9253174d731896ce54a8a66e9be0b35c7facf899,features/pitch_v2/180s/focus/validation/focus_jamendo_1901339__180s.npz,4e9d4c64ebb4938e1e94ddbbd628baa14ec5e5c9fddeea51238654e81c0cb058,172e7094b7a170b50058cc2cfb72f89054f951dc2bf8506ae0e3381d3977a7c8,356,280,76,15,0.209092378616333,success,2026-08-04,
focus_jamendo_1901339__300s,focus_jamendo_1901339,focus,validation,300.0,features/chroma/300s/focus/validation/focus_jamendo_1901339__300s.npz,81ecbf8a8d189545572c0127dada300a369037854f9b3445be9971ffbf351fe9,features/pitch_v2/300s/focus/validation/focus_jamendo_1901339__300s.npz,ecd4170f755132c6cb4113474f25e014f82772f902fbdc090c14cd7777a812b3,172e7094b7a170b50058cc2cfb72f89054f951dc2bf8506ae0e3381d3977a7c8,580,456,124,15,0.21295633912086487,success,2026-08-04,
focus_jamendo_1902125__180s,focus_jamendo_1902125,focus,discovery,180.0,features/chroma/180s/focus/discovery/focus_jamendo_1902125__180s.npz,0dcacecb23cc356b43bcd0f341beb24379666a014a2546ede8794cbae29f3a73,features/pitch_v2/180s/focus/discovery/focus_jamendo_1902125__180s.npz,fe18c361ded759406e199b8a34ec10426cc7f06c4db5a0fa61b903a4ca224074,172e7094b7a170b50058cc2cfb72f89054f951dc2bf8506ae0e3381d3977a7c8,368,325,43,9,0.19354256987571716,success,2026-08-04,
focus_jamendo_1902125__300s,focus_jamendo_1902125,focus,discovery,300.0,features/chroma/300s/focus/discovery/focus_jamendo_1902125__300s.npz,2ac60146f8386eb97f1e822712df16fbbf754f6027a32a185ed8ccff69ecc5bb,features/pitch_v2/300s/focus/discovery/focus_jamendo_1902125__300s.npz,eb2c381f9eeaef245560a2fe2eb8c69f3f4385d9a8e569143ea14ee10fa19f72,172e7094b7a170b50058cc2cfb72f89054f951dc2bf8506ae0e3381d3977a7c8,447,395,52,9,0.19374053180217743,success,2026-08-04,
focus_jamendo_1906117__180s,focus_jamendo_1906117,focus,validation,180.0,features/chroma/180s/focus/validation/focus_jamendo_1906117__180s.npz,161a23ce1baf67fbde4a2e0256f335315fe54d29e9f268d823f64d03932a3ed3,features/pitch_v2/180s/focus/validation/focus_jamendo_1906117__180s.npz,25e3591f4a36afcba98b207e10c13753e46585bf0a74aee104315dac922c6e4b,172e7094b7a170b50058cc2cfb72f89054f951dc2bf8506ae0e3381d3977a7c8,342,230,112,8,0.18624097108840942,success,2026-08-04,
focus_jamendo_1906117__300s,focus_jamendo_1906117,focus,validation,300.0,features/chroma/300s/focus/validation/focus_jamendo_1906117__300s.npz,dabfb6fe3dde1b2a1196b20162d4b91e696b1ab48100a1a55701c36dfc80e6f7,features/pitch_v2/300s/focus/validation/focus_jamendo_1906117__300s.npz,f5d7da533c9bea5a23b9c42427e429aab5a71ab346888d878908f659fe0d0757,172e7094b7a170b50058cc2cfb72f89054f951dc2bf8506ae0e3381d3977a7c8,366,246,120,8,0.18350869417190552,success,2026-08-04,
focus_jamendo_1906544__180s,focus_jamendo_1906544,focus,discovery,180.0,features/chroma/180s/focus/discovery/focus_jamendo_1906544__180s.npz,40c16bee1d07a16c025aea16f1e49ee2b6cbba47cf73663ac6be0664a60a072d,features/pitch_v2/180s/focus/discovery/focus_jamendo_1906544__180s.npz,f2b83f5389d1e711ea69c400a9c11ee1bb1816935295addeaa96e3afd75a0bf8,172e7094b7a170b50058cc2cfb72f89054f951dc2bf8506ae0e3381d3977a7c8,518,465,53,10,0.1870630979537964,success,2026-08-04,
focus_jamendo_1906544__300s,focus_jamendo_1906544,focus,discovery,300.0,features/chroma/300s/focus/discovery/focus_jamendo_1906544__300s.npz,2bf551036c7940c6f93637e9ca1ea9149ecf01e6399a1e98fef647085e738e15,features/pitch_v2/300s/focus/discovery/focus_jamendo_1906544__300s.npz,d5dc4495f1603bae801f8daa29d5b3bf92f5087453bd76bc2fb94bde7bf13edd,172e7094b7a170b50058cc2cfb72f89054f951dc2bf8506ae0e3381d3977a7c8,863,763,100,10,0.18396686017513275,success,2026-08-04,
focus_jamendo_1916203__180s,focus_jamendo_1916203,focus,discovery,180.0,features/chroma/180s/focus/discovery/focus_jamendo_1916203__180s.npz,a088d6f38862569b21e369b96d9acbfaa53b43a583fe943b325319ac78a7747f,features/pitch_v2/180s/focus/discovery/focus_jamendo_1916203__180s.npz,f378147f156ab950d89a236d50b3dae1357e38078995bc7192a370dba841bd4b,172e7094b7a170b50058cc2cfb72f89054f951dc2bf8506ae0e3381d3977a7c8,392,301,91,10,0.19805213809013367,success,2026-08-04,
focus_jamendo_1916203__300s,focus_jamendo_1916203,focus,discovery,300.0,features/chroma/300s/focus/discovery/focus_jamendo_1916203__300s.npz,c8132380d0d49edd71859a83a41dd3cca74bc079eeadd1821b4c6e8b00ca0c2c,features/pitch_v2/300s/focus/discovery/focus_jamendo_1916203__300s.npz,fcce292232a6509c24c8ac3dc22d1926612bb96dc6151dfd3820cfc4268b9016,172e7094b7a170b50058cc2cfb72f89054f951dc2bf8506ae0e3381d3977a7c8,559,420,139,10,0.20792359113693237,success,2026-08-04,
focus_jamendo_1920476__180s,focus_jamendo_1920476,focus,discovery,180.0,features/chroma/180s/focus/discovery/focus_jamendo_1920476__180s.npz,d43a7b6e1cd12fa8a3a25ff9d66ebf2aab0daf6f42f869774f24396db68f2713,features/pitch_v2/180s/focus/discovery/focus_jamendo_1920476__180s.npz,9a8cebf42115dc0eea48ab8ea90547699b0c145a71b73883136e6adff4b668c1,172e7094b7a170b50058cc2cfb72f89054f951dc2bf8506ae0e3381d3977a7c8,323,283,40,11,0.22597871720790863,success,2026-08-04,
focus_jamendo_1920476__300s,focus_jamendo_1920476,focus,discovery,300.0,features/chroma/300s/focus/discovery/focus_jamendo_1920476__300s.npz,d43a7b6e1cd12fa8a3a25ff9d66ebf2aab0daf6f42f869774f24396db68f2713,features/pitch_v2/300s/focus/discovery/focus_jamendo_1920476__300s.npz,9a8cebf42115dc0eea48ab8ea90547699b0c145a71b73883136e6adff4b668c1,172e7094b7a170b50058cc2cfb72f89054f951dc2bf8506ae0e3381d3977a7c8,323,283,40,11,0.22597871720790863,success,2026-08-04,
focus_jamendo_1921939__180s,focus_jamendo_1921939,focus,discovery,180.0,features/chroma/180s/focus/discovery/focus_jamendo_1921939__180s.npz,cb0508116dbbb84e5ef9fc469a4b0148ac786d8371bf0bc52a6954be92bdb2ba,features/pitch_v2/180s/focus/discovery/focus_jamendo_1921939__180s.npz,0569bfe71c12fbd3044af50b99aeefab915d1b5220e3ae1e299ded7e22eb276b,172e7094b7a170b50058cc2cfb72f89054f951dc2bf8506ae0e3381d3977a7c8,388,291,97,8,0.2000545859336853,success,2026-08-04,
focus_jamendo_1921939__300s,focus_jamendo_1921939,focus,discovery,300.0,features/chroma/300s/focus/discovery/focus_jamendo_1921939__300s.npz,83f049c0b1242770b41d40d481f57e046edf3c41d1f75369ecfe19d11e87b917,features/pitch_v2/300s/focus/discovery/focus_jamendo_1921939__300s.npz,c9040828a49491d38b0987569a4c707a220bc443f72e527b7be64b5393b49581,172e7094b7a170b50058cc2cfb72f89054f951dc2bf8506ae0e3381d3977a7c8,421,309,112,8,0.20307016372680664,success,2026-08-04,
focus_jamendo_1922056__180s,focus_jamendo_1922056,focus,validation,180.0,features/chroma/180s/focus/validation/focus_jamendo_1922056__180s.npz,1d48331710790f060c1f22dad5cc98dda0f863b428c1b5664d9ca00549685d04,features/pitch_v2/180s/focus/validation/focus_jamendo_1922056__180s.npz,3ad1fe2e52de6d0daa5d40dab28123cd9272749f088e51e1125ac72582025872,172e7094b7a170b50058cc2cfb72f89054f951dc2bf8506ae0e3381d3977a7c8,368,317,51,11,0.19339756667613983,success,2026-08-04,
focus_jamendo_1922056__300s,focus_jamendo_1922056,focus,validation,300.0,features/chroma/300s/focus/validation/focus_jamendo_1922056__300s.npz,6f2754424bac9f13621c8712040d7edf5af48db4058884e5fbce02cb3e1ed359,features/pitch_v2/300s/focus/validation/focus_jamendo_1922056__300s.npz,ef0aefd749e215f542d7b2cabec421fb3a6d5ce2d9b44aa2d344c743a2ee2dd9,172e7094b7a170b50058cc2cfb72f89054f951dc2bf8506ae0e3381d3977a7c8,362,312,50,10,0.19401144981384277,success,2026-08-04,
focus_jamendo_1923890__180s,focus_jamendo_1923890,focus,discovery,180.0,features/chroma/180s/focus/discovery/focus_jamendo_1923890__180s.npz,d232acfc5d2586590bbe4784e63a583d46271906b33017b43033f018c4bf33d3,features/pitch_v2/180s/focus/discovery/focus_jamendo_1923890__180s.npz,c2c26bff8bf172ba34f1c0845ba9d436a2f5f2abc27d8c75d866a2802bd1832a,172e7094b7a170b50058cc2cfb72f89054f951dc2bf8506ae0e3381d3977a7c8,518,87,431,1,0.11017153412103653,success,2026-08-04,
focus_jamendo_1923890__300s,focus_jamendo_1923890,focus,discovery,300.0,features/chroma/300s/focus/discovery/focus_jamendo_1923890__300s.npz,a976234100faf92d6cb198b8a150c9d6f4965f1742f9526cf81e932fb8d51707,features/pitch_v2/300s/focus/discovery/focus_jamendo_1923890__300s.npz,d6d01d902caa701c68837eda7af674d1f8983ff06ce24dfee60bbc28b6ab998b,172e7094b7a170b50058cc2cfb72f89054f951dc2bf8506ae0e3381d3977a7c8,284,42,242,1,0.11009685695171356,success,2026-08-04,
focus_jamendo_1924920__180s,focus_jamendo_1924920,focus,discovery,180.0,features/chroma/180s/focus/discovery/focus_jamendo_1924920__180s.npz,36e0a362d977181440734d3e05e03bdffebad956c7f47a82f19fe6649fd1db16,features/pitch_v2/180s/focus/discovery/focus_jamendo_1924920__180s.npz,0309c3e4f012f9c5c6a15eb26d4a7f716483a07b4d98ca832ad57de20168dd36,172e7094b7a170b50058cc2cfb72f89054f951dc2bf8506ae0e3381d3977a7c8,388,305,83,9,0.19738073647022247,success,2026-08-04,
focus_jamendo_1924920__300s,focus_jamendo_1924920,focus,discovery,300.0,features/chroma/300s/focus/discovery/focus_jamendo_1924920__300s.npz,09b3575ce552d7c8a182114c452112621def49126ebe3a4079d6b6aa7c79b7ad,features/pitch_v2/300s/focus/discovery/focus_jamendo_1924920__300s.npz,7d2beeeb48bda2bda5d17487a4b007b098e91f280a4a4833273af742fb5fb708,172e7094b7a170b50058cc2cfb72f89054f951dc2bf8506ae0e3381d3977a7c8,568,452,116,11,0.21508020162582397,success,2026-08-04,
focus_jamendo_1924921__180s,focus_jamendo_1924921,focus,discovery,180.0,features/chroma/180s/focus/discovery/focus_jamendo_1924921__180s.npz,8ed7f14646b7a2725912534ed9189f61e192aed6a2409ba3c2df744c9ad65d30,features/pitch_v2/180s/focus/discovery/focus_jamendo_1924921__180s.npz,0aa9f48fe2ed10ff99ef9708c5aa8cce506dd90bf8e3be67281033d1b1d5f562,172e7094b7a170b50058cc2cfb72f89054f951dc2bf8506ae0e3381d3977a7c8,385,344,41,10,0.22734138369560242,success,2026-08-04,
focus_jamendo_1924921__300s,focus_jamendo_1924921,focus,discovery,300.0,features/chroma/300s/focus/discovery/focus_jamendo_1924921__300s.npz,5c959f0dc8a9fd3659d3acb44cc72a8b0b1de615ba9f5b865465ff5aaf5a5cf9,features/pitch_v2/300s/focus/discovery/focus_jamendo_1924921__300s.npz,3fe544fe3badbc49160c094ddbe89e01d074fe00dd7f65a4b46ceedea272de3c,172e7094b7a170b50058cc2cfb72f89054f951dc2bf8506ae0e3381d3977a7c8,436,390,46,10,0.227285236120224,success,2026-08-04,
focus_jamendo_1926373__180s,focus_jamendo_1926373,focus,discovery,180.0,features/chroma/180s/focus/discovery/focus_jamendo_1926373__180s.npz,0d2771fda0f64fbb9c952d4643fcabfe0d7eb62a8b95b1bc644ee78b6428abf0,features/pitch_v2/180s/focus/discovery/focus_jamendo_1926373__180s.npz,9880dfd87d3ec7d7cf303590490c3a2e44d3fd0f2d8f036063fe77c6b03cefbe,172e7094b7a170b50058cc2cfb72f89054f951dc2bf8506ae0e3381d3977a7c8,364,296,68,8,0.19477485120296478,success,2026-08-04,
focus_jamendo_1926373__300s,focus_jamendo_1926373,focus,discovery,300.0,features/chroma/300s/focus/discovery/focus_jamendo_1926373__300s.npz,666bfc5919ea2117e0b9850a18165d060be14a3fc5f7f94db06c6703b9d7c622,features/pitch_v2/300s/focus/discovery/focus_jamendo_1926373__300s.npz,e3f7686d80ddd47ba4699041540d80aa990ab8426827154bbde1a5204896d5dc,172e7094b7a170b50058cc2cfb72f89054f951dc2bf8506ae0e3381d3977a7c8,378,307,71,8,0.1943843513727188,success,2026-08-04,
focus_jamendo_1928112__180s,focus_jamendo_1928112,focus,validation,180.0,features/chroma/180s/focus/validation/focus_jamendo_1928112__180s.npz,30233e627d3bb70fceb0e5e1905ed9f54be1f18045540ab9a77108951bc06441,features/pitch_v2/180s/focus/validation/focus_jamendo_1928112__180s.npz,04e9d92fd2917e2d0e7c22308b8dd2ed955306091d13e159f92d457cc00c4671,172e7094b7a170b50058cc2cfb72f89054f951dc2bf8506ae0e3381d3977a7c8,416,354,62,11,0.25471121072769165,success,2026-08-04,
focus_jamendo_1928112__300s,focus_jamendo_1928112,focus,validation,300.0,features/chroma/300s/focus/validation/focus_jamendo_1928112__300s.npz,d12c2d3cc1cbaae54bfc069b0160b4fde72fe4007e38450db3861bda91bc383c,features/pitch_v2/300s/focus/validation/focus_jamendo_1928112__300s.npz,d2cd01c250c9fdbb825a8528466eb1331064b7dda0b5f60aaffe789a8f493896,172e7094b7a170b50058cc2cfb72f89054f951dc2bf8506ae0e3381d3977a7c8,417,355,62,11,0.25312116742134094,success,2026-08-04,
focus_jamendo_1929250__180s,focus_jamendo_1929250,focus,discovery,180.0,features/chroma/180s/focus/discovery/focus_jamendo_1929250__180s.npz,e03966e2f88f36558843b79963fa03d4e910692439fc989e8209efc9ce14dbaa,features/pitch_v2/180s/focus/discovery/focus_jamendo_1929250__180s.npz,7d39964f0dc5206c652e9afa050becd4f923366b8cf3f57230ba313b79a3579b,172e7094b7a170b50058cc2cfb72f89054f951dc2bf8506ae0e3381d3977a7c8,283,247,36,11,0.22762775421142578,success,2026-08-04,
focus_jamendo_1929250__300s,focus_jamendo_1929250,focus,discovery,300.0,features/chroma/300s/focus/discovery/focus_jamendo_1929250__300s.npz,486cd4682b3e40b384c39e550c41fd8b47e2f8df00c619b94800a8793e26571e,features/pitch_v2/300s/focus/discovery/focus_jamendo_1929250__300s.npz,0c7e0ba89d8e2708513c674d984a77f312d0571692a5280eb7d6129fc4e4ba8a,172e7094b7a170b50058cc2cfb72f89054f951dc2bf8506ae0e3381d3977a7c8,471,422,49,11,0.22835713624954224,success,2026-08-04,
focus_jamendo_1931218__180s,focus_jamendo_1931218,focus,discovery,180.0,features/chroma/180s/focus/discovery/focus_jamendo_1931218__180s.npz,50a84fd3a28143d5c35d52e2a6cac71b3f59283c9a7cff7004ac93363cbea64c,features/pitch_v2/180s/focus/discovery/focus_jamendo_1931218__180s.npz,d596580892a1963c4300eb6789651dc70ed4faa9735a4eef9a5310ed1e380e79,172e7094b7a170b50058cc2cfb72f89054f951dc2bf8506ae0e3381d3977a7c8,380,309,71,12,0.233342245221138,success,2026-08-04,
focus_jamendo_1931218__300s,focus_jamendo_1931218,focus,discovery,300.0,features/chroma/300s/focus/discovery/focus_jamendo_1931218__300s.npz,e0f07ec80daca0a9ea771b559297c530b7912e8b5d48e2b5c1317094e3e0b0fd,features/pitch_v2/300s/focus/discovery/focus_jamendo_1931218__300s.npz,3fcf0eff8ebebc2290e9e3b4e2082d4e66ae4ddc77b1ceba37ed165afcf80868,172e7094b7a170b50058cc2cfb72f89054f951dc2bf8506ae0e3381d3977a7c8,640,490,150,12,0.23263975977897644,success,2026-08-04,
focus_jamendo_1932519__180s,focus_jamendo_1932519,focus,holdout,180.0,features/chroma/180s/focus/holdout/focus_jamendo_1932519__180s.npz,8001a7b1389b6589a7db66d1babb04c621e01729c92e653fdcc82403881528e6,features/pitch_v2/180s/focus/holdout/focus_jamendo_1932519__180s.npz,7366316767e3a66c22678a235856419d80bc33d31060f3f86990dab3b452f468,172e7094b7a170b50058cc2cfb72f89054f951dc2bf8506ae0e3381d3977a7c8,379,277,102,9,0.22771237790584564,success,2026-08-04,
focus_jamendo_1932519__300s,focus_jamendo_1932519,focus,holdout,300.0,features/chroma/300s/focus/holdout/focus_jamendo_1932519__300s.npz,ffd4d9d009221c8fdf21934cb366a91717743d925793d919ced4840611e2e6a0,features/pitch_v2/300s/focus/holdout/focus_jamendo_1932519__300s.npz,82aa4ede1712f4d4df762b030d0a3bdc62148d38e59ea6576cc61429d91dbb9f,172e7094b7a170b50058cc2cfb72f89054f951dc2bf8506ae0e3381d3977a7c8,633,471,162,9,0.22558674216270447,success,2026-08-04,
focus_jamendo_1935622__180s,focus_jamendo_1935622,focus,discovery,180.0,features/chroma/180s/focus/discovery/focus_jamendo_1935622__180s.npz,2d604125662a7e5fb624606095b47e28463660fc1cdc456b506fd95569aedd0a,features/pitch_v2/180s/focus/discovery/focus_jamendo_1935622__180s.npz,59673f3eb4a462511f972a19e0226daa774d5bf3c486e18d2f599b28e503037f,172e7094b7a170b50058cc2cfb72f89054f951dc2bf8506ae0e3381d3977a7c8,392,279,113,4,0.2576483488082886,success,2026-08-04,
focus_jamendo_1935622__300s,focus_jamendo_1935622,focus,discovery,300.0,features/chroma/300s/focus/discovery/focus_jamendo_1935622__300s.npz,319fa961b41419ae78856e6a5523c591965d6674c998ede0b6491e5324d99d1a,features/pitch_v2/300s/focus/discovery/focus_jamendo_1935622__300s.npz,d3b4763c95f653b667958847c0d32db3b0ff397c13fd100da1e20e1c9e509b1b,172e7094b7a170b50058cc2cfb72f89054f951dc2bf8506ae0e3381d3977a7c8,651,467,184,5,0.2558453381061554,success,2026-08-04,
focus_jamendo_1935873__180s,focus_jamendo_1935873,focus,discovery,180.0,features/chroma/180s/focus/discovery/focus_jamendo_1935873__180s.npz,7573061894c31f4055fdacc547d49b99a8479b8aed24cdb619b7fd0ba2e2a2c3,features/pitch_v2/180s/focus/discovery/focus_jamendo_1935873__180s.npz,dba1f21aa08d1e3428f13840b252164d41657050c400e57abcbf1360a7e1d88f,172e7094b7a170b50058cc2cfb72f89054f951dc2bf8506ae0e3381d3977a7c8,333,234,99,9,0.23838669061660767,success,2026-08-04,
focus_jamendo_1935873__300s,focus_jamendo_1935873,focus,discovery,300.0,features/chroma/300s/focus/discovery/focus_jamendo_1935873__300s.npz,63fa725ac22981faf7c23490fd80da2fab55efede385b6dcb26c7e9fe5316817,features/pitch_v2/300s/focus/discovery/focus_jamendo_1935873__300s.npz,6f459dee848ea863c279a7275941bb2ff1a911bbe88476605169d6b69d32913c,172e7094b7a170b50058cc2cfb72f89054f951dc2bf8506ae0e3381d3977a7c8,349,242,107,9,0.239290252327919,success,2026-08-04,
focus_jamendo_1935877__180s,focus_jamendo_1935877,focus,discovery,180.0,features/chroma/180s/focus/discovery/focus_jamendo_1935877__180s.npz,09f97b64ef7dc1ea1c161f83e38e3051c93ee6035edbcb46c0c55d14264a3411,features/pitch_v2/180s/focus/discovery/focus_jamendo_1935877__180s.npz,851b204163e36876525b166c79ddc15f24bde68be58b54b17fc7e59f7c7ef147,172e7094b7a170b50058cc2cfb72f89054f951dc2bf8506ae0e3381d3977a7c8,392,281,111,12,0.1883365958929062,success,2026-08-04,
focus_jamendo_1935877__300s,focus_jamendo_1935877,focus,discovery,300.0,features/chroma/300s/focus/discovery/focus_jamendo_1935877__300s.npz,1dbdda6802308052bc1fd1a6de8cf443e62956f4d48589eab02748af8e329c7b,features/pitch_v2/300s/focus/discovery/focus_jamendo_1935877__300s.npz,ea57c094be36cb9d6a13913dd790a1275eccfd23f465814ad86b02f9963bd751,172e7094b7a170b50058cc2cfb72f89054f951dc2bf8506ae0e3381d3977a7c8,567,408,159,12,0.18894192576408386,success,2026-08-04,
focus_jamendo_1939376__180s,focus_jamendo_1939376,focus,holdout,180.0,features/chroma/180s/focus/holdout/focus_jamendo_1939376__180s.npz,6011089182ccb51969f4775854eeca127e1cccdedd1d7d227b9903c4ab563ff3,features/pitch_v2/180s/focus/holdout/focus_jamendo_1939376__180s.npz,608df1762f529644089fa5b01b854e223b9be22560d89475f85dfe0985c04111,172e7094b7a170b50058cc2cfb72f89054f951dc2bf8506ae0e3381d3977a7c8,382,280,102,8,0.19797419011592865,success,2026-08-04,
focus_jamendo_1939376__300s,focus_jamendo_1939376,focus,holdout,300.0,features/chroma/300s/focus/holdout/focus_jamendo_1939376__300s.npz,3bf4dcabbce6e1d981934f7108de501a959f0827b3e4171ebf0639c97c97d0c4,features/pitch_v2/300s/focus/holdout/focus_jamendo_1939376__300s.npz,98eca952f70bc49549de296c51888d08b4e48e7c72c1839b97907f3f1287a767,172e7094b7a170b50058cc2cfb72f89054f951dc2bf8506ae0e3381d3977a7c8,544,395,149,8,0.1945558339357376,success,2026-08-04,
focus_jamendo_1939637__180s,focus_jamendo_1939637,focus,validation,180.0,features/chroma/180s/focus/validation/focus_jamendo_1939637__180s.npz,c700bc0420a6fef693ccd3bd084631e3b74669610cd21f3b7474cec3851ec150,features/pitch_v2/180s/focus/validation/focus_jamendo_1939637__180s.npz,ff324119ccfcdecbdefc1b06ffd0d8a31b77f2aa4c7e90a52377829fe603f2d6,172e7094b7a170b50058cc2cfb72f89054f951dc2bf8506ae0e3381d3977a7c8,235,172,63,14,0.22783814370632172,success,2026-08-04,
focus_jamendo_1939637__300s,focus_jamendo_1939637,focus,validation,300.0,features/chroma/300s/focus/validation/focus_jamendo_1939637__300s.npz,c700bc0420a6fef693ccd3bd084631e3b74669610cd21f3b7474cec3851ec150,features/pitch_v2/300s/focus/validation/focus_jamendo_1939637__300s.npz,ff324119ccfcdecbdefc1b06ffd0d8a31b77f2aa4c7e90a52377829fe603f2d6,172e7094b7a170b50058cc2cfb72f89054f951dc2bf8506ae0e3381d3977a7c8,235,172,63,14,0.22783814370632172,success,2026-08-04,
focus_jamendo_1942807__180s,focus_jamendo_1942807,focus,discovery,180.0,features/chroma/180s/focus/discovery/focus_jamendo_1942807__180s.npz,e7e08f0795eab71b5f12cada3f4b847737019a229ba9f87392ce6bcee50c57c9,features/pitch_v2/180s/focus/discovery/focus_jamendo_1942807__180s.npz,9acdf2cf0c927020ec2512d6ac1427025feaafa8314b43b511e99b6286900c12,172e7094b7a170b50058cc2cfb72f89054f951dc2bf8506ae0e3381d3977a7c8,212,144,68,5,0.2596762776374817,success,2026-08-04,
focus_jamendo_1942807__300s,focus_jamendo_1942807,focus,discovery,300.0,features/chroma/300s/focus/discovery/focus_jamendo_1942807__300s.npz,e7e08f0795eab71b5f12cada3f4b847737019a229ba9f87392ce6bcee50c57c9,features/pitch_v2/300s/focus/discovery/focus_jamendo_1942807__300s.npz,9acdf2cf0c927020ec2512d6ac1427025feaafa8314b43b511e99b6286900c12,172e7094b7a170b50058cc2cfb72f89054f951dc2bf8506ae0e3381d3977a7c8,212,144,68,5,0.2596762776374817,success,2026-08-04,
focus_jamendo_1945054__180s,focus_jamendo_1945054,focus,validation,180.0,features/chroma/180s/focus/validation/focus_jamendo_1945054__180s.npz,e33ca691560053f0ce3cc031e5478c402ee40ec6380dcddf3f2214a4a006e22f,features/pitch_v2/180s/focus/validation/focus_jamendo_1945054__180s.npz,ecd660357cb00472f9432b6b258e1c90b3bb1b0383696bf3252c6dd3fc8f2648,172e7094b7a170b50058cc2cfb72f89054f951dc2bf8506ae0e3381d3977a7c8,397,334,63,9,0.2486242800951004,success,2026-08-04,
focus_jamendo_1945054__300s,focus_jamendo_1945054,focus,validation,300.0,features/chroma/300s/focus/validation/focus_jamendo_1945054__300s.npz,003be818acc02d3fe184eed2c4adcff556e0e3358c6f5f90425c8f483ded7f2c,features/pitch_v2/300s/focus/validation/focus_jamendo_1945054__300s.npz,885c8d6f45a14594d922da2af285eb5f62c794482c551ba4db511ebe3d22717e,172e7094b7a170b50058cc2cfb72f89054f951dc2bf8506ae0e3381d3977a7c8,633,521,112,9,0.24643540382385254,success,2026-08-04,
focus_jamendo_1953401__180s,focus_jamendo_1953401,focus,discovery,180.0,features/chroma/180s/focus/discovery/focus_jamendo_1953401__180s.npz,30dbbb88126ebcacad0f43fcd46082d57789aabb4e4cee7c1d0e714f32fb1842,features/pitch_v2/180s/focus/discovery/focus_jamendo_1953401__180s.npz,04d8c233e68db4a18d4443114929f16405f247f43dd3dffb750491fb0ca39c3f,172e7094b7a170b50058cc2cfb72f89054f951dc2bf8506ae0e3381d3977a7c8,379,277,102,11,0.1918196827173233,success,2026-08-04,
focus_jamendo_1953401__300s,focus_jamendo_1953401,focus,discovery,300.0,features/chroma/300s/focus/discovery/focus_jamendo_1953401__300s.npz,d22fdc17ebb22a85d021f60de64c57cf9b0d01d70125a18919e48dd52e2ceb8e,features/pitch_v2/300s/focus/discovery/focus_jamendo_1953401__300s.npz,ba224baf5c9b1388c5464d2ae11bf4216bbf1a6e8e91ac43c63bebdb9903e35e,172e7094b7a170b50058cc2cfb72f89054f951dc2bf8506ae0e3381d3977a7c8,634,479,155,11,0.1880483627319336,success,2026-08-04,
focus_jamendo_1956108__180s,focus_jamendo_1956108,focus,discovery,180.0,features/chroma/180s/focus/discovery/focus_jamendo_1956108__180s.npz,2da507026259e01314990c41ca91ee60331b62fe2ece0b3d87c20417681ac2a0,features/pitch_v2/180s/focus/discovery/focus_jamendo_1956108__180s.npz,94a0809cd03e10a7f53ba145cdcee0e82226f31c6b5546eb5afae166a82ac837,172e7094b7a170b50058cc2cfb72f89054f951dc2bf8506ae0e3381d3977a7c8,371,288,83,11,0.19429510831832886,success,2026-08-04,
focus_jamendo_1956108__300s,focus_jamendo_1956108,focus,discovery,300.0,features/chroma/300s/focus/discovery/focus_jamendo_1956108__300s.npz,9e9a42ad60a6c49519bca8197a2fa3b9752476b7f35e4bd63ab96ad0beefa1b6,features/pitch_v2/300s/focus/discovery/focus_jamendo_1956108__300s.npz,2f0926fd4140ea29ea8671b29bfcbf06f7453b8e8e49ca363b10eb33e49dd5ad,172e7094b7a170b50058cc2cfb72f89054f951dc2bf8506ae0e3381d3977a7c8,619,490,129,11,0.1908804476261139,success,2026-08-04,
focus_jamendo_1957365__180s,focus_jamendo_1957365,focus,validation,180.0,features/chroma/180s/focus/validation/focus_jamendo_1957365__180s.npz,4ebf729a012365cc59037d8452b9a482c42a06879d86f20a6f82aab4b58d9dd5,features/pitch_v2/180s/focus/validation/focus_jamendo_1957365__180s.npz,be1697abec97d2df3a75e94970fbb58c50719678b9a1febe6018f17aeb0d1c66,172e7094b7a170b50058cc2cfb72f89054f951dc2bf8506ae0e3381d3977a7c8,391,340,51,7,0.2175837904214859,success,2026-08-04,
focus_jamendo_1957365__300s,focus_jamendo_1957365,focus,validation,300.0,features/chroma/300s/focus/validation/focus_jamendo_1957365__300s.npz,203bc290dd93338d305d5f4f03be760abb2e8c2abe1138abdfdb2cc94fb970b0,features/pitch_v2/300s/focus/validation/focus_jamendo_1957365__300s.npz,4e051f226220388be8cae4450956c6aecb8ef88323bd9162a8105e8c5bb6bd49,172e7094b7a170b50058cc2cfb72f89054f951dc2bf8506ae0e3381d3977a7c8,447,383,64,7,0.2202669382095337,success,2026-08-04,
focus_jamendo_1957922__180s,focus_jamendo_1957922,focus,discovery,180.0,features/chroma/180s/focus/discovery/focus_jamendo_1957922__180s.npz,62de239d1d54e8c453b986848a59dd2476c25dd80889786f670ab8d76e1c044b,features/pitch_v2/180s/focus/discovery/focus_jamendo_1957922__180s.npz,72d464ebbe35c1801d7418d2bf8e54d2ca7440609943772a13e82a5fa4c91196,172e7094b7a170b50058cc2cfb72f89054f951dc2bf8506ae0e3381d3977a7c8,305,215,90,8,0.21615158021450043,success,2026-08-04,
focus_jamendo_1957922__300s,focus_jamendo_1957922,focus,discovery,300.0,features/chroma/300s/focus/discovery/focus_jamendo_1957922__300s.npz,62de239d1d54e8c453b986848a59dd2476c25dd80889786f670ab8d76e1c044b,features/pitch_v2/300s/focus/discovery/focus_jamendo_1957922__300s.npz,72d464ebbe35c1801d7418d2bf8e54d2ca7440609943772a13e82a5fa4c91196,172e7094b7a170b50058cc2cfb72f89054f951dc2bf8506ae0e3381d3977a7c8,305,215,90,8,0.21615158021450043,success,2026-08-04,
focus_jamendo_1959047__180s,focus_jamendo_1959047,focus,validation,180.0,features/chroma/180s/focus/validation/focus_jamendo_1959047__180s.npz,f4ba29fa6059467cb1bb8d5745a1a0968dca9650f6d877a4aac2b20170ecaee5,features/pitch_v2/180s/focus/validation/focus_jamendo_1959047__180s.npz,75d1cd9d89fcf187051fef264ea46dadd2f9cf798bc460aae9497c11bd05849e,172e7094b7a170b50058cc2cfb72f89054f951dc2bf8506ae0e3381d3977a7c8,431,256,175,11,0.15992923080921173,success,2026-08-04,
focus_jamendo_1959047__300s,focus_jamendo_1959047,focus,validation,300.0,features/chroma/300s/focus/validation/focus_jamendo_1959047__300s.npz,d645da3586a67d133d495b0749a1f5eede167666b51819ec93c48c83f40477f2,features/pitch_v2/300s/focus/validation/focus_jamendo_1959047__300s.npz,8b2d8ccfaec6e181d7864598792aad0cdf05510897057aaa0d0a41d8eb4addc5,172e7094b7a170b50058cc2cfb72f89054f951dc2bf8506ae0e3381d3977a7c8,503,286,217,11,0.15255281329154968,success,2026-08-04,
focus_jamendo_1962000__180s,focus_jamendo_1962000,focus,validation,180.0,features/chroma/180s/focus/validation/focus_jamendo_1962000__180s.npz,72be15a2c886b17a78bf5913800dbcbc3cf85be6ce0a9d9166e65b696a067852,features/pitch_v2/180s/focus/validation/focus_jamendo_1962000__180s.npz,ae3245aef9fb60ea64c27163e89ca56e1577c9f63836e8586ab15e357dd330a1,172e7094b7a170b50058cc2cfb72f89054f951dc2bf8506ae0e3381d3977a7c8,304,264,40,7,0.17880043387413025,success,2026-08-04,
focus_jamendo_1962000__300s,focus_jamendo_1962000,focus,validation,300.0,features/chroma/300s/focus/validation/focus_jamendo_1962000__300s.npz,85542a44ee284e243441d410b13ab7610d06330e6f2a3f0e6485c1737bc10ffb,features/pitch_v2/300s/focus/validation/focus_jamendo_1962000__300s.npz,6774c3d8cc76640658bad380a9de7aca8c0ca8ab2ba8f03ed5c72fecdfd519c2,172e7094b7a170b50058cc2cfb72f89054f951dc2bf8506ae0e3381d3977a7c8,391,348,43,8,0.20429855585098267,success,2026-08-04,
focus_jamendo_1963475__180s,focus_jamendo_1963475,focus,discovery,180.0,features/chroma/180s/focus/discovery/focus_jamendo_1963475__180s.npz,de2f6b3309252271d1c12723442873f048c64b4cb4cfabe9ec5e10c084fde121,features/pitch_v2/180s/focus/discovery/focus_jamendo_1963475__180s.npz,2cd6ad04879766c26effb812c411be82471810059cd3d4d8efbe1ca728f7bb71,172e7094b7a170b50058cc2cfb72f89054f951dc2bf8506ae0e3381d3977a7c8,363,332,31,9,0.2654200494289398,success,2026-08-04,
focus_jamendo_1963475__300s,focus_jamendo_1963475,focus,discovery,300.0,features/chroma/300s/focus/discovery/focus_jamendo_1963475__300s.npz,d4cf8e4c49d19eff7270e20f38d928c4077810bc5c356861c18c25f90eb46d6a,features/pitch_v2/300s/focus/discovery/focus_jamendo_1963475__300s.npz,4858df65960f970fabc022e397d0845bf5e94354a3ae475cd4e2f487068f572f,172e7094b7a170b50058cc2cfb72f89054f951dc2bf8506ae0e3381d3977a7c8,364,331,33,9,0.2692725360393524,success,2026-08-04,
focus_jamendo_1964726__180s,focus_jamendo_1964726,focus,holdout,180.0,features/chroma/180s/focus/holdout/focus_jamendo_1964726__180s.npz,1c5610ca038b546c70084951a59b6e04dbce934663c9a506c899e6e468ac0af5,features/pitch_v2/180s/focus/holdout/focus_jamendo_1964726__180s.npz,89b02e191e7986646e470021c5b450f186916e245dd5ab1036eb9b647349490c,172e7094b7a170b50058cc2cfb72f89054f951dc2bf8506ae0e3381d3977a7c8,373,245,128,4,0.11437417566776276,success,2026-08-04,
focus_jamendo_1964726__300s,focus_jamendo_1964726,focus,holdout,300.0,features/chroma/300s/focus/holdout/focus_jamendo_1964726__300s.npz,790379a9a666f73d4289e284d1f5227962f7ad1e10657fb1676896d4ab826dfa,features/pitch_v2/300s/focus/holdout/focus_jamendo_1964726__300s.npz,2e3c9076883618ebdf6ed0848fda7da7937477763880ed40606bba192ebcc157,172e7094b7a170b50058cc2cfb72f89054f951dc2bf8506ae0e3381d3977a7c8,597,390,207,4,0.11290617287158966,success,2026-08-04,
focus_jamendo_1964742__180s,focus_jamendo_1964742,focus,holdout,180.0,features/chroma/180s/focus/holdout/focus_jamendo_1964742__180s.npz,e1cc98a835861f1d4b5d85555d1df2a30afdca5c4716cd6b6dd8a1a2cf4d06cd,features/pitch_v2/180s/focus/holdout/focus_jamendo_1964742__180s.npz,41b23aab3a61e0e899f85197f46eeb455574ed663ffb22cfa5945acb48b55765,172e7094b7a170b50058cc2cfb72f89054f951dc2bf8506ae0e3381d3977a7c8,373,277,96,8,0.20163480937480927,success,2026-08-04,
focus_jamendo_1964742__300s,focus_jamendo_1964742,focus,holdout,300.0,features/chroma/300s/focus/holdout/focus_jamendo_1964742__300s.npz,ca32133e8121346c571c4b9f89f517b330460161dbb0b6785261d60d8dcd9055,features/pitch_v2/300s/focus/holdout/focus_jamendo_1964742__300s.npz,5a655fea384ac699841dd96bb05f8ab78b50f1f3417e16b92ba29b8b79bb960d,172e7094b7a170b50058cc2cfb72f89054f951dc2bf8506ae0e3381d3977a7c8,617,465,152,8,0.20408271253108978,success,2026-08-04,
focus_jamendo_1967104__180s,focus_jamendo_1967104,focus,discovery,180.0,features/chroma/180s/focus/discovery/focus_jamendo_1967104__180s.npz,9186c0beeaa0d1e3b582bb1a87995984ef935a532813c9b9a7e41740ffcbe4a4,features/pitch_v2/180s/focus/discovery/focus_jamendo_1967104__180s.npz,1f48bbe65bab99823f536cab1735ed3c2e4f755fd6ab3e955135574a6905afe4,172e7094b7a170b50058cc2cfb72f89054f951dc2bf8506ae0e3381d3977a7c8,430,322,108,7,0.22103916108608246,success,2026-08-04,
focus_jamendo_1967104__300s,focus_jamendo_1967104,focus,discovery,300.0,features/chroma/300s/focus/discovery/focus_jamendo_1967104__300s.npz,a73fc475bdeb6460417dc0945253e07f830832d0e53c3a2b8797f105e2316816,features/pitch_v2/300s/focus/discovery/focus_jamendo_1967104__300s.npz,b9c6305ac346ce7e1e2ae44a250df867987eb45ac0c68adad60cfd3b0e4e0244,172e7094b7a170b50058cc2cfb72f89054f951dc2bf8506ae0e3381d3977a7c8,722,532,190,7,0.23485326766967773,success,2026-08-04,
focus_jamendo_1967111__180s,focus_jamendo_1967111,focus,discovery,180.0,features/chroma/180s/focus/discovery/focus_jamendo_1967111__180s.npz,0aed31856b4a2a78066fcb7b70582d9acf0886c661c332ed1f563894504f13a0,features/pitch_v2/180s/focus/discovery/focus_jamendo_1967111__180s.npz,07e1985a59b0c65041396a18ee512642b6f6a1756086e0ab63d0bb8be44f44b4,172e7094b7a170b50058cc2cfb72f89054f951dc2bf8506ae0e3381d3977a7c8,434,362,72,7,0.18116526305675507,success,2026-08-04,
focus_jamendo_1967111__300s,focus_jamendo_1967111,focus,discovery,300.0,features/chroma/300s/focus/discovery/focus_jamendo_1967111__300s.npz,2a0a31c327c494408b8b3d157ace679b61d97677b2d2d51593b835da83e9d319,features/pitch_v2/300s/focus/discovery/focus_jamendo_1967111__300s.npz,bc100bc59a9023aa56b66023bc89c8ec80dc216a8d42df6ad1bb105ee8951581,172e7094b7a170b50058cc2cfb72f89054f951dc2bf8506ae0e3381d3977a7c8,418,349,69,7,0.18045225739479065,success,2026-08-04,
focus_jamendo_1968379__180s,focus_jamendo_1968379,focus,discovery,180.0,features/chroma/180s/focus/discovery/focus_jamendo_1968379__180s.npz,ee795e51a7e1bb8734d9992715305a852436a5be74c928bebaa997a4de163e69,features/pitch_v2/180s/focus/discovery/focus_jamendo_1968379__180s.npz,30e69500d8ec048bdf7d0e8554be282b4b74cde01d4305de23da1130fa1ea6a1,172e7094b7a170b50058cc2cfb72f89054f951dc2bf8506ae0e3381d3977a7c8,378,243,135,10,0.21987318992614746,success,2026-08-04,
focus_jamendo_1968379__300s,focus_jamendo_1968379,focus,discovery,300.0,features/chroma/300s/focus/discovery/focus_jamendo_1968379__300s.npz,9e5a20958881f5ebfd57ec060c5221cd06199fde5368e048570f26da361349fe,features/pitch_v2/300s/focus/discovery/focus_jamendo_1968379__300s.npz,ca045dcb28e6ba41f695990dbda07a1fe3854c3f6acc26167f730d492aca05b1,172e7094b7a170b50058cc2cfb72f89054f951dc2bf8506ae0e3381d3977a7c8,575,350,225,10,0.21907949447631836,success,2026-08-04,
focus_jamendo_1969508__180s,focus_jamendo_1969508,focus,discovery,180.0,features/chroma/180s/focus/discovery/focus_jamendo_1969508__180s.npz,564e8452254404348ff5926f0d8356d16fb497282abeb8002bc44d6e2ae71e57,features/pitch_v2/180s/focus/discovery/focus_jamendo_1969508__180s.npz,3c66789a05cd05513b56ee326a30dbdc1428c9de5e646e412e41fced434fba2e,172e7094b7a170b50058cc2cfb72f89054f951dc2bf8506ae0e3381d3977a7c8,234,136,98,8,0.16547563672065735,success,2026-08-04,
focus_jamendo_1969508__300s,focus_jamendo_1969508,focus,discovery,300.0,features/chroma/300s/focus/discovery/focus_jamendo_1969508__300s.npz,564e8452254404348ff5926f0d8356d16fb497282abeb8002bc44d6e2ae71e57,features/pitch_v2/300s/focus/discovery/focus_jamendo_1969508__300s.npz,3c66789a05cd05513b56ee326a30dbdc1428c9de5e646e412e41fced434fba2e,172e7094b7a170b50058cc2cfb72f89054f951dc2bf8506ae0e3381d3977a7c8,234,136,98,8,0.16547563672065735,success,2026-08-04,
focus_jamendo_1976281__180s,focus_jamendo_1976281,focus,holdout,180.0,features/chroma/180s/focus/holdout/focus_jamendo_1976281__180s.npz,81d47cfc3fd2877aa61b0db6b396ec5f0fb1e4b4c4d06d31ecb8f1c876290e4a,features/pitch_v2/180s/focus/holdout/focus_jamendo_1976281__180s.npz,e42117fcfecd4ea11fc29f2be314f1b8d5c31ec743d933d8e3e199c4e149fa24,172e7094b7a170b50058cc2cfb72f89054f951dc2bf8506ae0e3381d3977a7c8,381,67,314,8,0.24065843224525452,success,2026-08-04,
focus_jamendo_1976281__300s,focus_jamendo_1976281,focus,holdout,300.0,features/chroma/300s/focus/holdout/focus_jamendo_1976281__300s.npz,549cb4b465197efacb67e7813ea0245ec4bbca4a8e71fec7368f656765aa3006,features/pitch_v2/300s/focus/holdout/focus_jamendo_1976281__300s.npz,16ff4a7842a3790b66db899e182ed2235201a03a13e4808e034daeca428adfd9,172e7094b7a170b50058cc2cfb72f89054f951dc2bf8506ae0e3381d3977a7c8,634,131,503,8,0.23553048074245453,success,2026-08-04,
focus_jamendo_1976293__180s,focus_jamendo_1976293,focus,holdout,180.0,features/chroma/180s/focus/holdout/focus_jamendo_1976293__180s.npz,9f74961b21c053f55b9badfcdf57ea49abd17907f767de4a0f3af17aa6bf0a21,features/pitch_v2/180s/focus/holdout/focus_jamendo_1976293__180s.npz,9af4e1dce705350092b9b23dd0144ba1d2ee65147316c6b5f93cab9c71e9eeb6,172e7094b7a170b50058cc2cfb72f89054f951dc2bf8506ae0e3381d3977a7c8,385,299,86,11,0.16766545176506042,success,2026-08-04,
focus_jamendo_1976293__300s,focus_jamendo_1976293,focus,holdout,300.0,features/chroma/300s/focus/holdout/focus_jamendo_1976293__300s.npz,509e15c53bed3c094dd3755c661cfd9faf92132051041c6ff49dcb179671e64e,features/pitch_v2/300s/focus/holdout/focus_jamendo_1976293__300s.npz,a762b7f60fab8c1cdc3f22a266fdbf1d15d35c70cdf349a9354c656f965773b3,172e7094b7a170b50058cc2cfb72f89054f951dc2bf8506ae0e3381d3977a7c8,640,486,154,11,0.1720128357410431,success,2026-08-04,
focus_jamendo_1978485__180s,focus_jamendo_1978485,focus,discovery,180.0,features/chroma/180s/focus/discovery/focus_jamendo_1978485__180s.npz,9451073d4a5c059311b0c4f158680b037753d07628376585f660f1984fe1dbf7,features/pitch_v2/180s/focus/discovery/focus_jamendo_1978485__180s.npz,aae7e9b8cc6be2880d44299554de0692aca6465097fd5f313935f02ea9c2ec29,172e7094b7a170b50058cc2cfb72f89054f951dc2bf8506ae0e3381d3977a7c8,376,250,126,6,0.19691133499145508,success,2026-08-04,
focus_jamendo_1978485__300s,focus_jamendo_1978485,focus,discovery,300.0,features/chroma/300s/focus/discovery/focus_jamendo_1978485__300s.npz,ea83a16ea53f4c97f1549a43b3e7242b4ee8df4043cd184a0c972aa0b29c7b84,features/pitch_v2/300s/focus/discovery/focus_jamendo_1978485__300s.npz,44b8fea17328fb2c9afadd774457c90b73ad57d53f1981665b5e3530e60e682f,172e7094b7a170b50058cc2cfb72f89054f951dc2bf8506ae0e3381d3977a7c8,627,420,207,6,0.19199098646640778,success,2026-08-04,
focus_jamendo_1978695__180s,focus_jamendo_1978695,focus,discovery,180.0,features/chroma/180s/focus/discovery/focus_jamendo_1978695__180s.npz,1fe0768fd3a1b3967fb80b05ff3dfe441af990bbd268900e972cc9e3f55b9192,features/pitch_v2/180s/focus/discovery/focus_jamendo_1978695__180s.npz,db569b0da9bf5918345b925d15ce866464eb9822f67e4e42625edd90c1d29246,172e7094b7a170b50058cc2cfb72f89054f951dc2bf8506ae0e3381d3977a7c8,382,296,86,5,0.2560930550098419,success,2026-08-04,
focus_jamendo_1978695__300s,focus_jamendo_1978695,focus,discovery,300.0,features/chroma/300s/focus/discovery/focus_jamendo_1978695__300s.npz,dc178994a254a2e3a0cd192c6db0c6d21005f1ada2ad549fd560da5526257c55,features/pitch_v2/300s/focus/discovery/focus_jamendo_1978695__300s.npz,3a2fae04cfdbc737f4051074c484ef7f7761ec8e76dfd647305a2226c662a31f,172e7094b7a170b50058cc2cfb72f89054f951dc2bf8506ae0e3381d3977a7c8,631,493,138,5,0.24450550973415375,success,2026-08-04,
focus_jamendo_1978794__180s,focus_jamendo_1978794,focus,validation,180.0,features/chroma/180s/focus/validation/focus_jamendo_1978794__180s.npz,8a6ba526d072b8facd7522d4da564231696f22907cc1f12499c2f8c5e36e9dc1,features/pitch_v2/180s/focus/validation/focus_jamendo_1978794__180s.npz,d39117a271a9f92e06f077ad2d4369f46d211de170a035d1a339bdc4837b12d5,172e7094b7a170b50058cc2cfb72f89054f951dc2bf8506ae0e3381d3977a7c8,388,245,143,5,0.23535962402820587,success,2026-08-04,
focus_jamendo_1978794__300s,focus_jamendo_1978794,focus,validation,300.0,features/chroma/300s/focus/validation/focus_jamendo_1978794__300s.npz,80b5bc4992aa3aa682d5dc35d54cd24ce9f6b58d1da1aaf49d7e9a0e6f2c49ce,features/pitch_v2/300s/focus/validation/focus_jamendo_1978794__300s.npz,02169c052de0fa55873712a697a0193079538223435069d4531733c287feef2e,172e7094b7a170b50058cc2cfb72f89054f951dc2bf8506ae0e3381d3977a7c8,647,405,242,5,0.22019876539707184,success,2026-08-04,
focus_jamendo_1979493__180s,focus_jamendo_1979493,focus,discovery,180.0,features/chroma/180s/focus/discovery/focus_jamendo_1979493__180s.npz,e599b6762961eb4f8eedd8482b4386e4d330366031e75dcafbeedead819fc565,features/pitch_v2/180s/focus/discovery/focus_jamendo_1979493__180s.npz,b7f10d1f1de41ee730c7fd8d3a381b541f67cbe30f50f40707b027b2f83db181,172e7094b7a170b50058cc2cfb72f89054f951dc2bf8506ae0e3381d3977a7c8,391,315,76,10,0.27468588948249817,success,2026-08-04,
focus_jamendo_1979493__300s,focus_jamendo_1979493,focus,discovery,300.0,features/chroma/300s/focus/discovery/focus_jamendo_1979493__300s.npz,9f8dfdd8d4fe19410152ef241f02afed93d8a4f325ebc805483601d3fcc51fd6,features/pitch_v2/300s/focus/discovery/focus_jamendo_1979493__300s.npz,eabdd2c7f734eb7cec1c11c841fe10fb15fbab88dddceceab22477a2f360a916,172e7094b7a170b50058cc2cfb72f89054f951dc2bf8506ae0e3381d3977a7c8,649,532,117,10,0.28131231665611267,success,2026-08-04,
focus_jamendo_1980501__180s,focus_jamendo_1980501,focus,discovery,180.0,features/chroma/180s/focus/discovery/focus_jamendo_1980501__180s.npz,9f4a5a8e521a5200515f66f5d9f7775b7272a4ea88f0d86b581102a1387900dc,features/pitch_v2/180s/focus/discovery/focus_jamendo_1980501__180s.npz,ada11d809be24a05290babd6623806fb733bc19ba3f3a2305ed9ec7dfca27a42,172e7094b7a170b50058cc2cfb72f89054f951dc2bf8506ae0e3381d3977a7c8,383,277,106,11,0.2348174750804901,success,2026-08-04,
focus_jamendo_1980501__300s,focus_jamendo_1980501,focus,discovery,300.0,features/chroma/300s/focus/discovery/focus_jamendo_1980501__300s.npz,c88e9556242dedfed115d22fa6e2662f6e7dcbea53d7cdb64372388ba5e7e37f,features/pitch_v2/300s/focus/discovery/focus_jamendo_1980501__300s.npz,e1fa1fe4d7cd502321d67fd90aab2434ea397e38a69cb052b07163ec030a3d0a,172e7094b7a170b50058cc2cfb72f89054f951dc2bf8506ae0e3381d3977a7c8,391,278,113,11,0.23197203874588013,success,2026-08-04,
focus_jamendo_1981814__180s,focus_jamendo_1981814,focus,discovery,180.0,features/chroma/180s/focus/discovery/focus_jamendo_1981814__180s.npz,eb4841a790863c9007a7c4ecda3ff6a02d5668df7aa07d197e2b38ee59e3fdc9,features/pitch_v2/180s/focus/discovery/focus_jamendo_1981814__180s.npz,f863f566ea562ba19a586fd9170bcd31592d6a4220169677c41f2d4db7410580,172e7094b7a170b50058cc2cfb72f89054f951dc2bf8506ae0e3381d3977a7c8,413,280,133,7,0.177536278963089,success,2026-08-04,
focus_jamendo_1981814__300s,focus_jamendo_1981814,focus,discovery,300.0,features/chroma/300s/focus/discovery/focus_jamendo_1981814__300s.npz,1c83adc2fba812d9850d83308ddf33561753eb3168900a94137895808356f237,features/pitch_v2/300s/focus/discovery/focus_jamendo_1981814__300s.npz,a8f9ce5f6cf1d07c40596ba98654fb18bb56c70348c80398f96672fd71f06d2d,172e7094b7a170b50058cc2cfb72f89054f951dc2bf8506ae0e3381d3977a7c8,699,494,205,7,0.1772807240486145,success,2026-08-04,
focus_jamendo_1983051__180s,focus_jamendo_1983051,focus,discovery,180.0,features/chroma/180s/focus/discovery/focus_jamendo_1983051__180s.npz,c906302164e34fcea2753075458e799a0191eb3537f79729ed3b5e2adf0f81ab,features/pitch_v2/180s/focus/discovery/focus_jamendo_1983051__180s.npz,b8aeb91c26e17f2431f09aaa6c31ebd514cd48a128bab93d659cbca94b530076,172e7094b7a170b50058cc2cfb72f89054f951dc2bf8506ae0e3381d3977a7c8,382,291,91,8,0.36045005917549133,success,2026-08-04,
focus_jamendo_1983051__300s,focus_jamendo_1983051,focus,discovery,300.0,features/chroma/300s/focus/discovery/focus_jamendo_1983051__300s.npz,705d57c559a5046d8b6f6743604d84a4fbb02e675c5304b1fabb1f20650341eb,features/pitch_v2/300s/focus/discovery/focus_jamendo_1983051__300s.npz,2215720d4698fb1db4b752a83113a2b527632353cd7db616496918cc7b7c9f22,172e7094b7a170b50058cc2cfb72f89054f951dc2bf8506ae0e3381d3977a7c8,460,346,114,8,0.3593505024909973,success,2026-08-04,
focus_jamendo_1983056__180s,focus_jamendo_1983056,focus,discovery,180.0,features/chroma/180s/focus/discovery/focus_jamendo_1983056__180s.npz,47c4b2c0ff322ba864cc6f70d5a45881e3e0a584dd7f895f3bbe6f25444004ba,features/pitch_v2/180s/focus/discovery/focus_jamendo_1983056__180s.npz,1c8014f68a3517416827512f8aca1d1efd0f0707a83acaef928d0bf1f6901ce3,172e7094b7a170b50058cc2cfb72f89054f951dc2bf8506ae0e3381d3977a7c8,342,258,84,11,0.291232168674469,success,2026-08-04,
focus_jamendo_1983056__300s,focus_jamendo_1983056,focus,discovery,300.0,features/chroma/300s/focus/discovery/focus_jamendo_1983056__300s.npz,2765b9b33282848adcb259b2c42c44562d92a33142f5788552935c2b229c0c82,features/pitch_v2/300s/focus/discovery/focus_jamendo_1983056__300s.npz,8d685a658aefe7056d2e2662a7706cc3e89b192088dcea9f511f36504cb9c3cd,172e7094b7a170b50058cc2cfb72f89054f951dc2bf8506ae0e3381d3977a7c8,384,302,82,11,0.3027878403663635,success,2026-08-04,
focus_jamendo_1983239__180s,focus_jamendo_1983239,focus,discovery,180.0,features/chroma/180s/focus/discovery/focus_jamendo_1983239__180s.npz,64ca0145dcdc0913bf09d18ad9bd377db60c73ef2804c1ba35d04f8e24299ab0,features/pitch_v2/180s/focus/discovery/focus_jamendo_1983239__180s.npz,41176b8dbba4514e07e9032d902f8d189049d6c70633b3cfc40e1cdd9492604b,172e7094b7a170b50058cc2cfb72f89054f951dc2bf8506ae0e3381d3977a7c8,380,320,60,9,0.27062591910362244,success,2026-08-04,
focus_jamendo_1983239__300s,focus_jamendo_1983239,focus,discovery,300.0,features/chroma/300s/focus/discovery/focus_jamendo_1983239__300s.npz,df07fc23d6342cddda8f8469447f53fdea1d92262020925c08a9e26317bfbf21,features/pitch_v2/300s/focus/discovery/focus_jamendo_1983239__300s.npz,1b12a2c9e6c4c53f80fb738a02fd1cbee752ac1771b23da0d52c36d0d57099d4,172e7094b7a170b50058cc2cfb72f89054f951dc2bf8506ae0e3381d3977a7c8,603,532,71,10,0.26464030146598816,success,2026-08-04,
focus_jamendo_1983242__180s,focus_jamendo_1983242,focus,discovery,180.0,features/chroma/180s/focus/discovery/focus_jamendo_1983242__180s.npz,38b58ce4c9ad70bbb2c8eb16ecb1516b7f183baba21d3a3334268cb3ad5b4e6b,features/pitch_v2/180s/focus/discovery/focus_jamendo_1983242__180s.npz,8db779e63ed9ec769bb1423fafc3389c6c99dcc17cc77d1102f0e01bde80e581,172e7094b7a170b50058cc2cfb72f89054f951dc2bf8506ae0e3381d3977a7c8,382,354,28,8,0.2739199995994568,success,2026-08-04,
focus_jamendo_1983242__300s,focus_jamendo_1983242,focus,discovery,300.0,features/chroma/300s/focus/discovery/focus_jamendo_1983242__300s.npz,55140cd17cf50eb04a1652272edf34ab6c9b276ee3c2552f2f330e3067770559,features/pitch_v2/300s/focus/discovery/focus_jamendo_1983242__300s.npz,03523abe6140bed448abccc11ee6f27d4297a5932b0377d49eb7d062112281ea,172e7094b7a170b50058cc2cfb72f89054f951dc2bf8506ae0e3381d3977a7c8,564,519,45,9,0.281857430934906,success,2026-08-04,
focus_jamendo_1985293__180s,focus_jamendo_1985293,focus,discovery,180.0,features/chroma/180s/focus/discovery/focus_jamendo_1985293__180s.npz,856eb050bc9a00175db91c177baa9d0d486cd209334798a3b75fa8d12d659147,features/pitch_v2/180s/focus/discovery/focus_jamendo_1985293__180s.npz,962d07a8c9f5ece44a68cb5516dc68aee4b7fb065ac7c4bd5a58efebf9aeb936,172e7094b7a170b50058cc2cfb72f89054f951dc2bf8506ae0e3381d3977a7c8,311,211,100,10,0.19563397765159607,success,2026-08-04,
focus_jamendo_1985293__300s,focus_jamendo_1985293,focus,discovery,300.0,features/chroma/300s/focus/discovery/focus_jamendo_1985293__300s.npz,58a950621dd912c0ce1672e9c14f70b28a067d793364b5805a4e7984398a4964,features/pitch_v2/300s/focus/discovery/focus_jamendo_1985293__300s.npz,ea1cff5815b9747f979128c2abd2caaef26433407d8c7b95c8cece3d94457191,172e7094b7a170b50058cc2cfb72f89054f951dc2bf8506ae0e3381d3977a7c8,471,336,135,10,0.19493338465690613,success,2026-08-04,
focus_jamendo_1985295__180s,focus_jamendo_1985295,focus,discovery,180.0,features/chroma/180s/focus/discovery/focus_jamendo_1985295__180s.npz,746d355a5e8bd87d13750ba1f8fdef322eeea7dd322d5079cbd13f668574cff2,features/pitch_v2/180s/focus/discovery/focus_jamendo_1985295__180s.npz,06ef2407c6f4c3d627d22b54423b142d8ef730b89d18eaab2ade3a22d11a0b5e,172e7094b7a170b50058cc2cfb72f89054f951dc2bf8506ae0e3381d3977a7c8,350,302,48,7,0.21171027421951294,success,2026-08-04,
focus_jamendo_1985295__300s,focus_jamendo_1985295,focus,discovery,300.0,features/chroma/300s/focus/discovery/focus_jamendo_1985295__300s.npz,86d44b717e1dad0b5799fb2fda451cf85417d621defbdc4014c523a0cce802fe,features/pitch_v2/300s/focus/discovery/focus_jamendo_1985295__300s.npz,eaff5b79a859258ffb345a0a28a1c7159d503a31d367e8f4a89e0fc3c9febe02,172e7094b7a170b50058cc2cfb72f89054f951dc2bf8506ae0e3381d3977a7c8,479,408,71,7,0.21076597273349762,success,2026-08-04,
focus_jamendo_1986013__180s,focus_jamendo_1986013,focus,discovery,180.0,features/chroma/180s/focus/discovery/focus_jamendo_1986013__180s.npz,4f7094993b819a6180da0faedf979d6d0366ec8cfcc2f29a098355ec2570ba1d,features/pitch_v2/180s/focus/discovery/focus_jamendo_1986013__180s.npz,af4c8c8369aa96570085932fed473a3d82e70ca9fb04f1dfe14d3bb7788e1381,172e7094b7a170b50058cc2cfb72f89054f951dc2bf8506ae0e3381d3977a7c8,376,306,70,8,0.1812806874513626,success,2026-08-04,
focus_jamendo_1986013__300s,focus_jamendo_1986013,focus,discovery,300.0,features/chroma/300s/focus/discovery/focus_jamendo_1986013__300s.npz,554970f783c8ae6356fa1015c735ca1fa9e984f4ed296e7f1286a78e2607e46f,features/pitch_v2/300s/focus/discovery/focus_jamendo_1986013__300s.npz,410c3fbd5ec47ccd5e60e93421c6fc9fae55a4a19dcff98c64d6b9134f669603,172e7094b7a170b50058cc2cfb72f89054f951dc2bf8506ae0e3381d3977a7c8,467,371,96,10,0.18157629668712616,success,2026-08-04,
focus_jamendo_1987334__180s,focus_jamendo_1987334,focus,validation,180.0,features/chroma/180s/focus/validation/focus_jamendo_1987334__180s.npz,85a08453292cdb422ecfa3d4b96f91655853a28fb3b02a1ab125b27d215ad089,features/pitch_v2/180s/focus/validation/focus_jamendo_1987334__180s.npz,2b014c936e14222d635a1586b8e71c80a12d53e19b1341a3c7c9d6a3a9be6627,172e7094b7a170b50058cc2cfb72f89054f951dc2bf8506ae0e3381d3977a7c8,363,334,29,10,0.20288434624671936,success,2026-08-04,
focus_jamendo_1987334__300s,focus_jamendo_1987334,focus,validation,300.0,features/chroma/300s/focus/validation/focus_jamendo_1987334__300s.npz,56bdfba9b18fc1786a0e9b63d2855cd4fbe10a0b59549c4e87d8d92ffdcd3d60,features/pitch_v2/300s/focus/validation/focus_jamendo_1987334__300s.npz,a53fefb036525408f89829fc18605e33a254da8128195ca9cd5c5ef0780bf44f,172e7094b7a170b50058cc2cfb72f89054f951dc2bf8506ae0e3381d3977a7c8,363,334,29,10,0.2016458362340927,success,2026-08-04,
focus_jamendo_1987580__180s,focus_jamendo_1987580,focus,validation,180.0,features/chroma/180s/focus/validation/focus_jamendo_1987580__180s.npz,d2b8f734cd0cc96b257cf11905b711fc093e67d52ca4e02e46d1b0fd6fa95d47,features/pitch_v2/180s/focus/validation/focus_jamendo_1987580__180s.npz,226f729de4306464afa3460099ad8472aa8ea7dbc68071ddbedfc963c089b9f1,172e7094b7a170b50058cc2cfb72f89054f951dc2bf8506ae0e3381d3977a7c8,379,309,70,15,0.23057283461093903,success,2026-08-04,
focus_jamendo_1987580__300s,focus_jamendo_1987580,focus,validation,300.0,features/chroma/300s/focus/validation/focus_jamendo_1987580__300s.npz,4ef089f33a1676cf6222d8456cead43130987646527a34d68d84d52e886a4ef5,features/pitch_v2/300s/focus/validation/focus_jamendo_1987580__300s.npz,6ff26b7d7c442369b9df1e8764a01bd8d2ffbfc4ae939ec6a51493bd9e9969de,172e7094b7a170b50058cc2cfb72f89054f951dc2bf8506ae0e3381d3977a7c8,628,517,111,15,0.22593839466571808,success,2026-08-04,
focus_jamendo_1989240__180s,focus_jamendo_1989240,focus,holdout,180.0,features/chroma/180s/focus/holdout/focus_jamendo_1989240__180s.npz,88acc53901be9a81b0f1ed0d785e94a2a52f0b0e1e1279dce0540b220f1f1bd3,features/pitch_v2/180s/focus/holdout/focus_jamendo_1989240__180s.npz,8453e275dfa0521d6df63c92b1ffdea1ca2f0ab81a1cd2a1f2b781baacc5e7af,172e7094b7a170b50058cc2cfb72f89054f951dc2bf8506ae0e3381d3977a7c8,388,320,68,13,0.24296751618385315,success,2026-08-04,
focus_jamendo_1989240__300s,focus_jamendo_1989240,focus,holdout,300.0,features/chroma/300s/focus/holdout/focus_jamendo_1989240__300s.npz,704e9291909b517e44a3540d9b067532f9d251e3a33db64ecf55a9217705708c,features/pitch_v2/300s/focus/holdout/focus_jamendo_1989240__300s.npz,571e7eebd0df27184e9d3014d6a46d2bf48c6bd922bd26e28758246ef9faaedf,172e7094b7a170b50058cc2cfb72f89054f951dc2bf8506ae0e3381d3977a7c8,627,501,126,13,0.2553420662879944,success,2026-08-04,
focus_jamendo_1989577__180s,focus_jamendo_1989577,focus,discovery,180.0,features/chroma/180s/focus/discovery/focus_jamendo_1989577__180s.npz,8529f95d6dd3308caa94da2ba6d3ee8e12c6a221578b8e8ff6a1e4e64f75c4fe,features/pitch_v2/180s/focus/discovery/focus_jamendo_1989577__180s.npz,fd8f6bf07a5119cd51b3fc60c00292973692f33cb3d96b135749f58662b34548,172e7094b7a170b50058cc2cfb72f89054f951dc2bf8506ae0e3381d3977a7c8,377,287,90,10,0.2235126942396164,success,2026-08-04,
focus_jamendo_1989577__300s,focus_jamendo_1989577,focus,discovery,300.0,features/chroma/300s/focus/discovery/focus_jamendo_1989577__300s.npz,02c6642a8f108d05875d6688da8c5fc36151df186131b1d4f914840adb12ec81,features/pitch_v2/300s/focus/discovery/focus_jamendo_1989577__300s.npz,0eab8d460c125753caca208d5e1ffeca42bebe0327a5dcbbf4710f1ca6abc7a5,172e7094b7a170b50058cc2cfb72f89054f951dc2bf8506ae0e3381d3977a7c8,637,487,150,10,0.22745637595653534,success,2026-08-04,
focus_jamendo_1993496__180s,focus_jamendo_1993496,focus,discovery,180.0,features/chroma/180s/focus/discovery/focus_jamendo_1993496__180s.npz,19c99cd597c97ad2cc399b564c7692a8b00ecaf8db28b8546e07219a9938f44f,features/pitch_v2/180s/focus/discovery/focus_jamendo_1993496__180s.npz,53a729894c46efec06b525aa4138f77230119cc2c66b7f470cd0b65866264241,172e7094b7a170b50058cc2cfb72f89054f951dc2bf8506ae0e3381d3977a7c8,248,203,45,12,0.1886860430240631,success,2026-08-04,
focus_jamendo_1993496__300s,focus_jamendo_1993496,focus,discovery,300.0,features/chroma/300s/focus/discovery/focus_jamendo_1993496__300s.npz,19c99cd597c97ad2cc399b564c7692a8b00ecaf8db28b8546e07219a9938f44f,features/pitch_v2/300s/focus/discovery/focus_jamendo_1993496__300s.npz,53a729894c46efec06b525aa4138f77230119cc2c66b7f470cd0b65866264241,172e7094b7a170b50058cc2cfb72f89054f951dc2bf8506ae0e3381d3977a7c8,248,203,45,12,0.1886860430240631,success,2026-08-04,
focus_jamendo_1994905__180s,focus_jamendo_1994905,focus,validation,180.0,features/chroma/180s/focus/validation/focus_jamendo_1994905__180s.npz,4fc5a075f9e0171516f7461870a9c6b72c862a686367d7ecf4c0e85558a05e18,features/pitch_v2/180s/focus/validation/focus_jamendo_1994905__180s.npz,48c94cbe23738508ef834e985164d72832c6fc252b6c03ac810d39c0a179fd85,172e7094b7a170b50058cc2cfb72f89054f951dc2bf8506ae0e3381d3977a7c8,402,333,69,5,0.18788880109786987,success,2026-08-04,
focus_jamendo_1994905__300s,focus_jamendo_1994905,focus,validation,300.0,features/chroma/300s/focus/validation/focus_jamendo_1994905__300s.npz,0247ee5b9f3a3f462df07f1639fef53c7de5c70dc3cd09dce0b885ddad7bc864,features/pitch_v2/300s/focus/validation/focus_jamendo_1994905__300s.npz,4b82b017f3e13a2c17227e087adbf56203e909c395f35f8cbc4c36401e96ac72,172e7094b7a170b50058cc2cfb72f89054f951dc2bf8506ae0e3381d3977a7c8,670,560,110,8,0.1891878843307495,success,2026-08-04,
focus_jamendo_1997549__180s,focus_jamendo_1997549,focus,holdout,180.0,features/chroma/180s/focus/holdout/focus_jamendo_1997549__180s.npz,a0e355b133ffdd21856749434b840c90e2eee8a44be14d9d392c4c47a12625e2,features/pitch_v2/180s/focus/holdout/focus_jamendo_1997549__180s.npz,8fac903edad6b60d3722ca300d276073bfa7beb7758da126f4a882e34d9275bc,172e7094b7a170b50058cc2cfb72f89054f951dc2bf8506ae0e3381d3977a7c8,397,340,57,7,0.15670016407966614,success,2026-08-04,
focus_jamendo_1997549__300s,focus_jamendo_1997549,focus,holdout,300.0,features/chroma/300s/focus/holdout/focus_jamendo_1997549__300s.npz,5efc633fa20cd0336bbaeef12abc4fbb4530aade29b30b7994a2283aa008e7de,features/pitch_v2/300s/focus/holdout/focus_jamendo_1997549__300s.npz,1d1a7614f6725b9994cde47a5ab2975b1a0aefb96186fa48b31d008443fc012f,172e7094b7a170b50058cc2cfb72f89054f951dc2bf8506ae0e3381d3977a7c8,656,548,108,8,0.15545719861984253,success,2026-08-04,
focus_jamendo_2002309__180s,focus_jamendo_2002309,focus,discovery,180.0,features/chroma/180s/focus/discovery/focus_jamendo_2002309__180s.npz,3919333f601ec0b70e2159a95cffbf7e26a3f6d5cf1eab0708bdbb2203997bbe,features/pitch_v2/180s/focus/discovery/focus_jamendo_2002309__180s.npz,cf7199789096b0e8a23d57452a180aec01ac4f5423f0b240b63f010b6e2267cd,172e7094b7a170b50058cc2cfb72f89054f951dc2bf8506ae0e3381d3977a7c8,379,304,75,3,0.19624489545822144,success,2026-08-04,
focus_jamendo_2002309__300s,focus_jamendo_2002309,focus,discovery,300.0,features/chroma/300s/focus/discovery/focus_jamendo_2002309__300s.npz,4ae7d70d36a12473a89819d637967de5c75764f45c4a6f660349f68a9d8658e9,features/pitch_v2/300s/focus/discovery/focus_jamendo_2002309__300s.npz,7c81e64ce3807cc1395e11ef113d1b5d779b43f8ad8b768e90b9c23861f63979,172e7094b7a170b50058cc2cfb72f89054f951dc2bf8506ae0e3381d3977a7c8,464,369,95,3,0.19807933270931244,success,2026-08-04,
focus_jamendo_2004625__180s,focus_jamendo_2004625,focus,validation,180.0,features/chroma/180s/focus/validation/focus_jamendo_2004625__180s.npz,495a7791f0a1f51b8b59483fc3872818d88022c1301587c6cf3ca96da4d4c771,features/pitch_v2/180s/focus/validation/focus_jamendo_2004625__180s.npz,39425f729bb30f26c4ff4d4daf48e0ec35b0746a7966b04648acf72891e9c119,172e7094b7a170b50058cc2cfb72f89054f951dc2bf8506ae0e3381d3977a7c8,378,21,357,1,0.0759502649307251,success,2026-08-04,
focus_jamendo_2004625__300s,focus_jamendo_2004625,focus,validation,300.0,features/chroma/300s/focus/validation/focus_jamendo_2004625__300s.npz,8272be0d3103f703c5ec9eaf95c9bd56366da47927eb00d148053cf4335895b7,features/pitch_v2/300s/focus/validation/focus_jamendo_2004625__300s.npz,d95a5e083fa05e2464ea083ecda8827399f9fd2962bdb62cdaeb4b13fd938147,172e7094b7a170b50058cc2cfb72f89054f951dc2bf8506ae0e3381d3977a7c8,633,60,573,3,0.10559821128845215,success,2026-08-04,
focus_jamendo_2005032__180s,focus_jamendo_2005032,focus,discovery,180.0,features/chroma/180s/focus/discovery/focus_jamendo_2005032__180s.npz,00b2836beab7effee3709cb57bcab2630a24672632d4439d0465e53465b97afd,features/pitch_v2/180s/focus/discovery/focus_jamendo_2005032__180s.npz,92f5e55548fb8e45e1b301ab11e0ae033fb0cc953331ee8ec16b81073d41d9d1,172e7094b7a170b50058cc2cfb72f89054f951dc2bf8506ae0e3381d3977a7c8,383,289,94,8,0.2003030627965927,success,2026-08-04,
focus_jamendo_2005032__300s,focus_jamendo_2005032,focus,discovery,300.0,features/chroma/300s/focus/discovery/focus_jamendo_2005032__300s.npz,4a613275301e81f4216c6d9843d94f967db5a9230b0d15a6f1fb893df58f4f39,features/pitch_v2/300s/focus/discovery/focus_jamendo_2005032__300s.npz,1fb89edd0cdc22a9ba08d374f4067e43b8baba351267cc7b44e016662c41c06a,172e7094b7a170b50058cc2cfb72f89054f951dc2bf8506ae0e3381d3977a7c8,638,491,147,8,0.2035752534866333,success,2026-08-04,
focus_jamendo_2005033__180s,focus_jamendo_2005033,focus,discovery,180.0,features/chroma/180s/focus/discovery/focus_jamendo_2005033__180s.npz,ed5f38bee77ea9ed1612c6c22bfa74931031ae97e6e4aacc8629167362917462,features/pitch_v2/180s/focus/discovery/focus_jamendo_2005033__180s.npz,b75109913aaae3ec570962e7265ad9d4a7761bb380dde69664a68ee07a2e0104,172e7094b7a170b50058cc2cfb72f89054f951dc2bf8506ae0e3381d3977a7c8,386,276,110,9,0.17715758085250854,success,2026-08-04,
focus_jamendo_2005033__300s,focus_jamendo_2005033,focus,discovery,300.0,features/chroma/300s/focus/discovery/focus_jamendo_2005033__300s.npz,063256ee796836604291951849db71dc5e5dc429fbb8c23bbe48413f7fdea2cf,features/pitch_v2/300s/focus/discovery/focus_jamendo_2005033__300s.npz,c8f787fd8c6e8abd913d04e4681f52024f0f9a1ed9ae3c7f7be8cd806f29e06e,172e7094b7a170b50058cc2cfb72f89054f951dc2bf8506ae0e3381d3977a7c8,636,468,168,9,0.1805034577846527,success,2026-08-04,
focus_jamendo_2009953__180s,focus_jamendo_2009953,focus,discovery,180.0,features/chroma/180s/focus/discovery/focus_jamendo_2009953__180s.npz,71af49815734ff899cde5ab6f51ee55a5af454cfcd35e1dbd3022b13065cbf43,features/pitch_v2/180s/focus/discovery/focus_jamendo_2009953__180s.npz,f41c15974b745fb36b5af35773bd8cae3b80a67488c105a50070def13e79168a,172e7094b7a170b50058cc2cfb72f89054f951dc2bf8506ae0e3381d3977a7c8,281,237,44,7,0.2281988263130188,success,2026-08-04,
focus_jamendo_2009953__300s,focus_jamendo_2009953,focus,discovery,300.0,features/chroma/300s/focus/discovery/focus_jamendo_2009953__300s.npz,71af49815734ff899cde5ab6f51ee55a5af454cfcd35e1dbd3022b13065cbf43,features/pitch_v2/300s/focus/discovery/focus_jamendo_2009953__300s.npz,f41c15974b745fb36b5af35773bd8cae3b80a67488c105a50070def13e79168a,172e7094b7a170b50058cc2cfb72f89054f951dc2bf8506ae0e3381d3977a7c8,281,237,44,7,0.2281988263130188,success,2026-08-04,
focus_jamendo_2015074__180s,focus_jamendo_2015074,focus,discovery,180.0,features/chroma/180s/focus/discovery/focus_jamendo_2015074__180s.npz,019b9436a1a6571722f5907ab48b168fcc59cf66d87e15814721dedb374df671,features/pitch_v2/180s/focus/discovery/focus_jamendo_2015074__180s.npz,e1ccd8317ed5879d313cfd4d3c4121b4327b974308507fc2fae1f46e5879151f,172e7094b7a170b50058cc2cfb72f89054f951dc2bf8506ae0e3381d3977a7c8,233,170,63,6,0.2310599386692047,success,2026-08-04,
focus_jamendo_2015074__300s,focus_jamendo_2015074,focus,discovery,300.0,features/chroma/300s/focus/discovery/focus_jamendo_2015074__300s.npz,019b9436a1a6571722f5907ab48b168fcc59cf66d87e15814721dedb374df671,features/pitch_v2/300s/focus/discovery/focus_jamendo_2015074__300s.npz,e1ccd8317ed5879d313cfd4d3c4121b4327b974308507fc2fae1f46e5879151f,172e7094b7a170b50058cc2cfb72f89054f951dc2bf8506ae0e3381d3977a7c8,233,170,63,6,0.2310599386692047,success,2026-08-04,
focus_jamendo_2019707__180s,focus_jamendo_2019707,focus,discovery,180.0,features/chroma/180s/focus/discovery/focus_jamendo_2019707__180s.npz,bc4787f93c55a1063608e5cdeea96caf46649b0db6ea0ae8dfafe987411c93b1,features/pitch_v2/180s/focus/discovery/focus_jamendo_2019707__180s.npz,90cd757c8a92593c577461c188b05779f338cef8aaea5e3a5c13b3c492861662,172e7094b7a170b50058cc2cfb72f89054f951dc2bf8506ae0e3381d3977a7c8,361,261,100,12,0.1704580932855606,success,2026-08-04,
focus_jamendo_2019707__300s,focus_jamendo_2019707,focus,discovery,300.0,features/chroma/300s/focus/discovery/focus_jamendo_2019707__300s.npz,02a0b8113613d6f5da5c7a2ecba1588f751a54961683a15933fb15da30ebf23b,features/pitch_v2/300s/focus/discovery/focus_jamendo_2019707__300s.npz,9eb9d1fbb0d4b1941e5e1f41e5ef398d62432c4eb442dd8b293b25b87b2a1e76,172e7094b7a170b50058cc2cfb72f89054f951dc2bf8506ae0e3381d3977a7c8,543,376,167,12,0.1683267056941986,success,2026-08-04,
focus_jamendo_2022629__180s,focus_jamendo_2022629,focus,validation,180.0,features/chroma/180s/focus/validation/focus_jamendo_2022629__180s.npz,bd4fa99f8e052196ee5184b90e0fce6bf7d26ce83898c1b662f0b9b39e2e14d0,features/pitch_v2/180s/focus/validation/focus_jamendo_2022629__180s.npz,9691c1c690548fe2a5a4e2e501e64660f85ba9d7055a6acf2ebaf796a89e2703,172e7094b7a170b50058cc2cfb72f89054f951dc2bf8506ae0e3381d3977a7c8,379,290,89,9,0.19577442109584808,success,2026-08-04,
focus_jamendo_2022629__300s,focus_jamendo_2022629,focus,validation,300.0,features/chroma/300s/focus/validation/focus_jamendo_2022629__300s.npz,a613bcc02407d00d95201336ab2e8bd6dd48f42c064de624f1d912ff65e8866c,features/pitch_v2/300s/focus/validation/focus_jamendo_2022629__300s.npz,f4f3357dee6ac3c4043da187c9f0187ea18d678d7aba5ab3459dea3c1a825b8d,172e7094b7a170b50058cc2cfb72f89054f951dc2bf8506ae0e3381d3977a7c8,626,490,136,10,0.19154855608940125,success,2026-08-04,
focus_jamendo_2023052__180s,focus_jamendo_2023052,focus,discovery,180.0,features/chroma/180s/focus/discovery/focus_jamendo_2023052__180s.npz,6eb8dd912c83153b744c27a3e0169835d4d7fdba27f6e827a44ffb930cc2ba1b,features/pitch_v2/180s/focus/discovery/focus_jamendo_2023052__180s.npz,d517d2cfe14b8dfe2cc1e54e070838f3f4be8773bcf6f435e4e0e25c7ac5058c,172e7094b7a170b50058cc2cfb72f89054f951dc2bf8506ae0e3381d3977a7c8,374,336,38,6,0.21032312512397766,success,2026-08-04,
focus_jamendo_2023052__300s,focus_jamendo_2023052,focus,discovery,300.0,features/chroma/300s/focus/discovery/focus_jamendo_2023052__300s.npz,a2f337897a2a3d80512bca8422e8796edd12b3cc82cef8a63494643c75dff900,features/pitch_v2/300s/focus/discovery/focus_jamendo_2023052__300s.npz,602cb66b96a7674b8771aa848e88bc753948360fbc845fd15cc323cf47ab45c4,172e7094b7a170b50058cc2cfb72f89054f951dc2bf8506ae0e3381d3977a7c8,366,330,36,6,0.20880228281021118,success,2026-08-04,
focus_jamendo_2023746__180s,focus_jamendo_2023746,focus,discovery,180.0,features/chroma/180s/focus/discovery/focus_jamendo_2023746__180s.npz,49a00e107a793dfde359e3f368c20fde2899c5f20d45f9df0603c45f80a964d7,features/pitch_v2/180s/focus/discovery/focus_jamendo_2023746__180s.npz,51a57fc817930b7aa67ef016d24e0922ad98f788a459fb892147fc966ec8c7e0,172e7094b7a170b50058cc2cfb72f89054f951dc2bf8506ae0e3381d3977a7c8,375,310,65,7,0.2418024241924286,success,2026-08-04,
focus_jamendo_2023746__300s,focus_jamendo_2023746,focus,discovery,300.0,features/chroma/300s/focus/discovery/focus_jamendo_2023746__300s.npz,7fd8a24399b8476bd4db70720b2aa5f8a98d82df266ec08d82c9f33a82e326db,features/pitch_v2/300s/focus/discovery/focus_jamendo_2023746__300s.npz,1b1b01c62818bb2953ed7b2f51710ba4e48b01d3b66bf126317cfc5eb8fc67eb,172e7094b7a170b50058cc2cfb72f89054f951dc2bf8506ae0e3381d3977a7c8,350,280,70,7,0.24854391813278198,success,2026-08-04,
focus_jamendo_2026945__180s,focus_jamendo_2026945,focus,discovery,180.0,features/chroma/180s/focus/discovery/focus_jamendo_2026945__180s.npz,8a92fa9c8e85560d1c7714440d3b67117c9d2d4264432bf3fd2adffe04c92b73,features/pitch_v2/180s/focus/discovery/focus_jamendo_2026945__180s.npz,e9bdfd0d5d96befb0208c1c5108a00ea978cbd72c82880422b51e1a9d613f8ba,172e7094b7a170b50058cc2cfb72f89054f951dc2bf8506ae0e3381d3977a7c8,376,261,115,9,0.19793754816055298,success,2026-08-04,
focus_jamendo_2026945__300s,focus_jamendo_2026945,focus,discovery,300.0,features/chroma/300s/focus/discovery/focus_jamendo_2026945__300s.npz,e872df9f0688ee780671bd621b076abbb5a5cd1fa00132bfca39d5c9ff9f9840,features/pitch_v2/300s/focus/discovery/focus_jamendo_2026945__300s.npz,04fada0079237d0deb2a5c8ea5eb047ed297d87b84471a3912ed998315ea7361,172e7094b7a170b50058cc2cfb72f89054f951dc2bf8506ae0e3381d3977a7c8,630,445,185,9,0.19822712242603302,success,2026-08-04,
focus_jamendo_2027198__180s,focus_jamendo_2027198,focus,discovery,180.0,features/chroma/180s/focus/discovery/focus_jamendo_2027198__180s.npz,3ed749cb32c773624d2bcb06f28e74da1f2c1f8dbe3524e56fabdbcb93115878,features/pitch_v2/180s/focus/discovery/focus_jamendo_2027198__180s.npz,53eeb05ff408b4943bc97a0f71e8c403bb4ff0ce1456b92b766535b000a09fe4,172e7094b7a170b50058cc2cfb72f89054f951dc2bf8506ae0e3381d3977a7c8,382,297,85,10,0.18155694007873535,success,2026-08-04,
focus_jamendo_2027198__300s,focus_jamendo_2027198,focus,discovery,300.0,features/chroma/300s/focus/discovery/focus_jamendo_2027198__300s.npz,1f32d2fe44d0320b120d35336aad85b68c98eb49fdbcf20bec9e32009b55b8e5,features/pitch_v2/300s/focus/discovery/focus_jamendo_2027198__300s.npz,5792d9554cb60bea033e485f20ea50761537a35c1e1776abef038dc138b54ee4,172e7094b7a170b50058cc2cfb72f89054f951dc2bf8506ae0e3381d3977a7c8,639,498,141,10,0.17870905995368958,success,2026-08-04,
focus_jamendo_2027199__180s,focus_jamendo_2027199,focus,discovery,180.0,features/chroma/180s/focus/discovery/focus_jamendo_2027199__180s.npz,706db0ea61fe61884656266038e9733f769ae5037f6995f00b5829c2f84c61d3,features/pitch_v2/180s/focus/discovery/focus_jamendo_2027199__180s.npz,c1f1d20a5b2c222371a2571cc9b6d68dd2e34c4051b01f95a531932788a6693a,172e7094b7a170b50058cc2cfb72f89054f951dc2bf8506ae0e3381d3977a7c8,384,289,95,9,0.17532649636268616,success,2026-08-04,
focus_jamendo_2027199__300s,focus_jamendo_2027199,focus,discovery,300.0,features/chroma/300s/focus/discovery/focus_jamendo_2027199__300s.npz,66e3390ea6ff89cd183769b98582743c634a391215d58a57ee447bbe9676b571,features/pitch_v2/300s/focus/discovery/focus_jamendo_2027199__300s.npz,2f2f8e36e54bb5114f81473f2463b761c3b032fc68bcdad9cdb4ae8d7e042a73,172e7094b7a170b50058cc2cfb72f89054f951dc2bf8506ae0e3381d3977a7c8,638,483,155,9,0.17553581297397614,success,2026-08-04,
focus_jamendo_2029578__180s,focus_jamendo_2029578,focus,holdout,180.0,features/chroma/180s/focus/holdout/focus_jamendo_2029578__180s.npz,5c2447d59b96238cbdee7438c9616b7bd5776c517e6721f0f5aefbc22393792e,features/pitch_v2/180s/focus/holdout/focus_jamendo_2029578__180s.npz,e1ba97b496bd2b055ae43f4268b118c63b7911c948b54576f4eb54d81b575762,172e7094b7a170b50058cc2cfb72f89054f951dc2bf8506ae0e3381d3977a7c8,329,250,79,11,0.19198456406593323,success,2026-08-04,
focus_jamendo_2029578__300s,focus_jamendo_2029578,focus,holdout,300.0,features/chroma/300s/focus/holdout/focus_jamendo_2029578__300s.npz,5c2447d59b96238cbdee7438c9616b7bd5776c517e6721f0f5aefbc22393792e,features/pitch_v2/300s/focus/holdout/focus_jamendo_2029578__300s.npz,e1ba97b496bd2b055ae43f4268b118c63b7911c948b54576f4eb54d81b575762,172e7094b7a170b50058cc2cfb72f89054f951dc2bf8506ae0e3381d3977a7c8,329,250,79,11,0.19198456406593323,success,2026-08-04,
focus_jamendo_2032139__180s,focus_jamendo_2032139,focus,discovery,180.0,features/chroma/180s/focus/discovery/focus_jamendo_2032139__180s.npz,a68db845c46015e14d592f551bba3cbf40962158564e6c83df4cd6304bed4837,features/pitch_v2/180s/focus/discovery/focus_jamendo_2032139__180s.npz,bc696ccabe0203004864c847cd15543e37df7c110d385fd9a591a7aa82178157,172e7094b7a170b50058cc2cfb72f89054f951dc2bf8506ae0e3381d3977a7c8,383,255,128,9,0.2046346813440323,success,2026-08-04,
focus_jamendo_2032139__300s,focus_jamendo_2032139,focus,discovery,300.0,features/chroma/300s/focus/discovery/focus_jamendo_2032139__300s.npz,b31b0db5e808c3d8192185bd0319a13cf3612c462ff1e95e80d4e3e19998eb80,features/pitch_v2/300s/focus/discovery/focus_jamendo_2032139__300s.npz,08e12a10fc67dd1fa31e6ea5459c26fdbd9f9a34892aa16973f8343e8b07e75b,172e7094b7a170b50058cc2cfb72f89054f951dc2bf8506ae0e3381d3977a7c8,361,243,118,9,0.20259155333042145,success,2026-08-04,
focus_jamendo_2032187__180s,focus_jamendo_2032187,focus,discovery,180.0,features/chroma/180s/focus/discovery/focus_jamendo_2032187__180s.npz,a483c338390f1b63544e0ed9f4efeeca826270786305b3614f9607b998635c10,features/pitch_v2/180s/focus/discovery/focus_jamendo_2032187__180s.npz,72c72d1fab5876653ceb95b26696877164ebcbba9aaac573a4791adcf6fffe57,172e7094b7a170b50058cc2cfb72f89054f951dc2bf8506ae0e3381d3977a7c8,378,305,73,5,0.20446117222309113,success,2026-08-04,
focus_jamendo_2032187__300s,focus_jamendo_2032187,focus,discovery,300.0,features/chroma/300s/focus/discovery/focus_jamendo_2032187__300s.npz,74a3ce355611f31f85748f9fbe83816799f3f165b2a58ad87bc74e3c5a8310da,features/pitch_v2/300s/focus/discovery/focus_jamendo_2032187__300s.npz,0b964c5757ef3443d3d6b27a09da97ae6e62b13e0eddca29af2f20fa84d67c57,172e7094b7a170b50058cc2cfb72f89054f951dc2bf8506ae0e3381d3977a7c8,633,490,143,5,0.21580727398395538,success,2026-08-04,
focus_jamendo_2032670__180s,focus_jamendo_2032670,focus,discovery,180.0,features/chroma/180s/focus/discovery/focus_jamendo_2032670__180s.npz,8a191cbac7a9bf95da8cd752115e55693f47d945e0a1ade13cba64a3a5b264d2,features/pitch_v2/180s/focus/discovery/focus_jamendo_2032670__180s.npz,7e86db273f1568a06389e050cf2025f4d40045176bf41e0fd3d50fe20e7ec947,172e7094b7a170b50058cc2cfb72f89054f951dc2bf8506ae0e3381d3977a7c8,283,241,42,8,0.21468855440616608,success,2026-08-04,
focus_jamendo_2032670__300s,focus_jamendo_2032670,focus,discovery,300.0,features/chroma/300s/focus/discovery/focus_jamendo_2032670__300s.npz,8a191cbac7a9bf95da8cd752115e55693f47d945e0a1ade13cba64a3a5b264d2,features/pitch_v2/300s/focus/discovery/focus_jamendo_2032670__300s.npz,7e86db273f1568a06389e050cf2025f4d40045176bf41e0fd3d50fe20e7ec947,172e7094b7a170b50058cc2cfb72f89054f951dc2bf8506ae0e3381d3977a7c8,283,241,42,8,0.21468855440616608,success,2026-08-04,
focus_jamendo_2034075__180s,focus_jamendo_2034075,focus,discovery,180.0,features/chroma/180s/focus/discovery/focus_jamendo_2034075__180s.npz,b2755c8569710053e47e84f39b9527e328442b329729fd479cc8eba44e6f6706,features/pitch_v2/180s/focus/discovery/focus_jamendo_2034075__180s.npz,3e05947cc54517d9bb53894727386b7ce412b22e9d936a45bf9806974ed91678,172e7094b7a170b50058cc2cfb72f89054f951dc2bf8506ae0e3381d3977a7c8,300,226,74,8,0.1707015037536621,success,2026-08-04,
focus_jamendo_2034075__300s,focus_jamendo_2034075,focus,discovery,300.0,features/chroma/300s/focus/discovery/focus_jamendo_2034075__300s.npz,dcd73419815d13cf4329c8c7430b15fe392a877d9c93a9c1416a0760be6116d2,features/pitch_v2/300s/focus/discovery/focus_jamendo_2034075__300s.npz,0cf61965c8d4a5a04cd743d43f873629f54fd2fcfc94d6e4dc375d64ff1ed0af,172e7094b7a170b50058cc2cfb72f89054f951dc2bf8506ae0e3381d3977a7c8,300,230,70,8,0.17019829154014587,success,2026-08-04,
focus_jamendo_2034860__180s,focus_jamendo_2034860,focus,discovery,180.0,features/chroma/180s/focus/discovery/focus_jamendo_2034860__180s.npz,a23479bd294d841ed4df55fc6680af396b73ce0ab4910675189e059e0d6db6f6,features/pitch_v2/180s/focus/discovery/focus_jamendo_2034860__180s.npz,33256fa6939e4134485ef73bae74abacb4a88afae00a05957c8f2e6f825e2958,172e7094b7a170b50058cc2cfb72f89054f951dc2bf8506ae0e3381d3977a7c8,377,271,106,4,0.1734236776828766,success,2026-08-04,
focus_jamendo_2034860__300s,focus_jamendo_2034860,focus,discovery,300.0,features/chroma/300s/focus/discovery/focus_jamendo_2034860__300s.npz,af53c14f24cebb314ebd32fb6715df5e4e98f680cd36d7b022a5a2f4fe4b75c2,features/pitch_v2/300s/focus/discovery/focus_jamendo_2034860__300s.npz,013d3f7a899a6875c051e3cdde91b60d38afd073a2f17eb4bb75c80dc3f370e5,172e7094b7a170b50058cc2cfb72f89054f951dc2bf8506ae0e3381d3977a7c8,629,495,134,5,0.16783937811851501,success,2026-08-04,
focus_jamendo_2035379__180s,focus_jamendo_2035379,focus,discovery,180.0,features/chroma/180s/focus/discovery/focus_jamendo_2035379__180s.npz,b2755c8569710053e47e84f39b9527e328442b329729fd479cc8eba44e6f6706,features/pitch_v2/180s/focus/discovery/focus_jamendo_2035379__180s.npz,3e05947cc54517d9bb53894727386b7ce412b22e9d936a45bf9806974ed91678,172e7094b7a170b50058cc2cfb72f89054f951dc2bf8506ae0e3381d3977a7c8,300,226,74,8,0.1707015037536621,success,2026-08-04,
focus_jamendo_2035379__300s,focus_jamendo_2035379,focus,discovery,300.0,features/chroma/300s/focus/discovery/focus_jamendo_2035379__300s.npz,dcd73419815d13cf4329c8c7430b15fe392a877d9c93a9c1416a0760be6116d2,features/pitch_v2/300s/focus/discovery/focus_jamendo_2035379__300s.npz,0cf61965c8d4a5a04cd743d43f873629f54fd2fcfc94d6e4dc375d64ff1ed0af,172e7094b7a170b50058cc2cfb72f89054f951dc2bf8506ae0e3381d3977a7c8,300,230,70,8,0.17019829154014587,success,2026-08-04,
focus_jamendo_2035939__180s,focus_jamendo_2035939,focus,discovery,180.0,features/chroma/180s/focus/discovery/focus_jamendo_2035939__180s.npz,60ac9d12f2d87b9e50463819b7f452b69b3d738a0e2ffc820919dadaf1bef343,features/pitch_v2/180s/focus/discovery/focus_jamendo_2035939__180s.npz,eaa6b945975516e7b8a69cb70c7252579617651c68ddbef691c981315d5ec5b6,172e7094b7a170b50058cc2cfb72f89054f951dc2bf8506ae0e3381d3977a7c8,386,373,13,6,0.16161158680915833,success,2026-08-04,
focus_jamendo_2035939__300s,focus_jamendo_2035939,focus,discovery,300.0,features/chroma/300s/focus/discovery/focus_jamendo_2035939__300s.npz,2505dff7becdc5e206b6193dc71edd43e8a0fefb8d1c2204f5deeb37c168319e,features/pitch_v2/300s/focus/discovery/focus_jamendo_2035939__300s.npz,92be421611a6bc3b842946aaa115c88fc0cace8ead16fc45f7671fb519b28ed3,172e7094b7a170b50058cc2cfb72f89054f951dc2bf8506ae0e3381d3977a7c8,644,607,37,6,0.1603883057832718,success,2026-08-04,
focus_jamendo_2037708__180s,focus_jamendo_2037708,focus,validation,180.0,features/chroma/180s/focus/validation/focus_jamendo_2037708__180s.npz,abb318f190195080402fd871ac84421df4ec61b5574c8a140eaa07885336019e,features/pitch_v2/180s/focus/validation/focus_jamendo_2037708__180s.npz,993fcb01b1c11a1cbd6f74a98fcf25a048e1817838dc298301e1d06709cd741c,172e7094b7a170b50058cc2cfb72f89054f951dc2bf8506ae0e3381d3977a7c8,321,241,80,9,0.30067864060401917,success,2026-08-04,
focus_jamendo_2037708__300s,focus_jamendo_2037708,focus,validation,300.0,features/chroma/300s/focus/validation/focus_jamendo_2037708__300s.npz,abb318f190195080402fd871ac84421df4ec61b5574c8a140eaa07885336019e,features/pitch_v2/300s/focus/validation/focus_jamendo_2037708__300s.npz,993fcb01b1c11a1cbd6f74a98fcf25a048e1817838dc298301e1d06709cd741c,172e7094b7a170b50058cc2cfb72f89054f951dc2bf8506ae0e3381d3977a7c8,321,241,80,9,0.30067864060401917,success,2026-08-04,
focus_jamendo_2039455__180s,focus_jamendo_2039455,focus,discovery,180.0,features/chroma/180s/focus/discovery/focus_jamendo_2039455__180s.npz,663cfbb6fe81177ce1a840a50029ae0c0d9ba1eb105cd763fbaab23209604208,features/pitch_v2/180s/focus/discovery/focus_jamendo_2039455__180s.npz,8e3e92a344b63ec2c973e4fbd536d443fb64c2ea9f3f82868ea200c7ec8a3c60,172e7094b7a170b50058cc2cfb72f89054f951dc2bf8506ae0e3381d3977a7c8,393,272,121,9,0.21998047828674316,success,2026-08-04,
focus_jamendo_2039455__300s,focus_jamendo_2039455,focus,discovery,300.0,features/chroma/300s/focus/discovery/focus_jamendo_2039455__300s.npz,9d547c612449b3af50e63e4c7aac6544721bc7dc201cc33c836e70e9b4abc187,features/pitch_v2/300s/focus/discovery/focus_jamendo_2039455__300s.npz,fce887976d98f1b0fd41d6b41fb348c53b36db4b8978051b8f2c348d7305692d,172e7094b7a170b50058cc2cfb72f89054f951dc2bf8506ae0e3381d3977a7c8,596,395,201,9,0.2243088036775589,success,2026-08-04,
focus_jamendo_2039456__180s,focus_jamendo_2039456,focus,discovery,180.0,features/chroma/180s/focus/discovery/focus_jamendo_2039456__180s.npz,41927ee332069af19df270340693c3696f25cee5439d0a86599a2942d70ae840,features/pitch_v2/180s/focus/discovery/focus_jamendo_2039456__180s.npz,1428103f3e15ff5a39b280598cc5ba67a0b5e83cc92ed1c140cb7abf571e9806,172e7094b7a170b50058cc2cfb72f89054f951dc2bf8506ae0e3381d3977a7c8,387,244,143,10,0.2693159878253937,success,2026-08-04,
focus_jamendo_2039456__300s,focus_jamendo_2039456,focus,discovery,300.0,features/chroma/300s/focus/discovery/focus_jamendo_2039456__300s.npz,2d7129a1c861d9040cdb82e2edc4606e844041f4946bf33276ab895a390b6664,features/pitch_v2/300s/focus/discovery/focus_jamendo_2039456__300s.npz,0544eed5923d66251a993101458a6e2bece9e94dc17da7ced85318a4e6d9d569,172e7094b7a170b50058cc2cfb72f89054f951dc2bf8506ae0e3381d3977a7c8,644,410,234,11,0.26634344458580017,success,2026-08-04,
focus_jamendo_2039515__180s,focus_jamendo_2039515,focus,discovery,180.0,features/chroma/180s/focus/discovery/focus_jamendo_2039515__180s.npz,791399eae78c6f8bb248bb763812a80b665e8b898beb27cdc8b195742d84fdcf,features/pitch_v2/180s/focus/discovery/focus_jamendo_2039515__180s.npz,3eef404a30dcbcb4284e31d1f17c8beded99311de03998fb30c9f95555883e4a,172e7094b7a170b50058cc2cfb72f89054f951dc2bf8506ae0e3381d3977a7c8,398,282,116,10,0.2555646598339081,success,2026-08-04,
focus_jamendo_2039515__300s,focus_jamendo_2039515,focus,discovery,300.0,features/chroma/300s/focus/discovery/focus_jamendo_2039515__300s.npz,3bc69bd0c5e09c9db64666b7d85a4e5e27d546f2fbed35a023f3147cfbbac8b8,features/pitch_v2/300s/focus/discovery/focus_jamendo_2039515__300s.npz,067857e66a377d6a0f96d6c4fb6c2bfe4d0279d0c54dc2b74294f617e279daa8,172e7094b7a170b50058cc2cfb72f89054f951dc2bf8506ae0e3381d3977a7c8,658,483,175,10,0.2498599886894226,success,2026-08-04,
focus_jamendo_2039520__180s,focus_jamendo_2039520,focus,discovery,180.0,features/chroma/180s/focus/discovery/focus_jamendo_2039520__180s.npz,8a92435cda002ce5dda57dcc80c919cb53d766ecd6f115d58cb356b0a752ab67,features/pitch_v2/180s/focus/discovery/focus_jamendo_2039520__180s.npz,8a8dd4d276415b37ea0fdd8564919a12f8b575355185fdaa060a7b79c476bb48,172e7094b7a170b50058cc2cfb72f89054f951dc2bf8506ae0e3381d3977a7c8,387,262,125,6,0.23259857296943665,success,2026-08-04,
focus_jamendo_2039520__300s,focus_jamendo_2039520,focus,discovery,300.0,features/chroma/300s/focus/discovery/focus_jamendo_2039520__300s.npz,1aafc48b597f70113ac717fd46172dcb7217090abffc04214b75feea95405df6,features/pitch_v2/300s/focus/discovery/focus_jamendo_2039520__300s.npz,ddb0118f492ae8ba94e85136eda418798d3b9646cd3ee13e540d473e86857340,172e7094b7a170b50058cc2cfb72f89054f951dc2bf8506ae0e3381d3977a7c8,642,437,205,8,0.23126140236854553,success,2026-08-04,
focus_jamendo_2041944__180s,focus_jamendo_2041944,focus,discovery,180.0,features/chroma/180s/focus/discovery/focus_jamendo_2041944__180s.npz,28daca988214cadec219d141c6e83758264115679576db9d565332ba0b12c441,features/pitch_v2/180s/focus/discovery/focus_jamendo_2041944__180s.npz,cbcc5ebbc1fde363b361a671967d69ffc86f2dc9c9796afce6a036c490238cd5,172e7094b7a170b50058cc2cfb72f89054f951dc2bf8506ae0e3381d3977a7c8,380,286,94,8,0.22813796997070312,success,2026-08-04,
focus_jamendo_2041944__300s,focus_jamendo_2041944,focus,discovery,300.0,features/chroma/300s/focus/discovery/focus_jamendo_2041944__300s.npz,d07b34f3f81d8d6fd13cd2b03e64f2bc1eeaec92e0af353ca07b575aa4129324,features/pitch_v2/300s/focus/discovery/focus_jamendo_2041944__300s.npz,90a75237dc41d909236625f26ad8a1cbd5c488856fa4252f2d0ad7c70b77d4cb,172e7094b7a170b50058cc2cfb72f89054f951dc2bf8506ae0e3381d3977a7c8,630,461,169,9,0.2328171730041504,success,2026-08-04,
focus_jamendo_2041947__180s,focus_jamendo_2041947,focus,discovery,180.0,features/chroma/180s/focus/discovery/focus_jamendo_2041947__180s.npz,e60d9d7017e50067820b3c8b91c1d71b49c9dafeb2e9b5f97c222b6c604e0efa,features/pitch_v2/180s/focus/discovery/focus_jamendo_2041947__180s.npz,3ef36c0c11479340066aeeb8b47d96b3c6b75d56993032a92efb215c26acb5ef,172e7094b7a170b50058cc2cfb72f89054f951dc2bf8506ae0e3381d3977a7c8,387,280,107,8,0.2590612769126892,success,2026-08-04,
focus_jamendo_2041947__300s,focus_jamendo_2041947,focus,discovery,300.0,features/chroma/300s/focus/discovery/focus_jamendo_2041947__300s.npz,af415675c2032a7ee61d47913a8abc6e65816a8917304b1a4c4bf29de02a8779,features/pitch_v2/300s/focus/discovery/focus_jamendo_2041947__300s.npz,c16484fedb52d41ac74dc4b7ed056349387c6c43422e3e631d5fbd8e8655d60a,172e7094b7a170b50058cc2cfb72f89054f951dc2bf8506ae0e3381d3977a7c8,561,398,163,9,0.2614672780036926,success,2026-08-04,
focus_jamendo_2042978__180s,focus_jamendo_2042978,focus,discovery,180.0,features/chroma/180s/focus/discovery/focus_jamendo_2042978__180s.npz,3ba9a9f0420dccd0885cf056fc19265e367d026eb88d1e3fff9735c10b9a3060,features/pitch_v2/180s/focus/discovery/focus_jamendo_2042978__180s.npz,4ec5ff84b256bc44569f517344da39e70c8575c2d415b0939adeae266db2772b,172e7094b7a170b50058cc2cfb72f89054f951dc2bf8506ae0e3381d3977a7c8,371,309,62,4,0.13985827565193176,success,2026-08-04,
focus_jamendo_2042978__300s,focus_jamendo_2042978,focus,discovery,300.0,features/chroma/300s/focus/discovery/focus_jamendo_2042978__300s.npz,a6557a8724b138ecc415484f29cf249488cfdd207bd23ad48c0ec6b33a36904a,features/pitch_v2/300s/focus/discovery/focus_jamendo_2042978__300s.npz,06bfb9e77b3642f7fe4586c9605e151d147a3abf25dbda978bde4492df855097,172e7094b7a170b50058cc2cfb72f89054f951dc2bf8506ae0e3381d3977a7c8,618,531,87,5,0.13750243186950684,success,2026-08-04,
focus_jamendo_2043688__180s,focus_jamendo_2043688,focus,discovery,180.0,features/chroma/180s/focus/discovery/focus_jamendo_2043688__180s.npz,3645da06af26ad0965e43c683ea29b1bee947fb6acf62d57658f947e5bb57c35,features/pitch_v2/180s/focus/discovery/focus_jamendo_2043688__180s.npz,5cd21b63fd2e6c048e601c67040b8f732fbf80ddd670057d5928b02a0cbeb2b2,172e7094b7a170b50058cc2cfb72f89054f951dc2bf8506ae0e3381d3977a7c8,357,249,108,6,0.27373337745666504,success,2026-08-04,
focus_jamendo_2043688__300s,focus_jamendo_2043688,focus,discovery,300.0,features/chroma/300s/focus/discovery/focus_jamendo_2043688__300s.npz,6c883252ae427851a3bf07d9957cb73a82facfbe234aec146615216681cf4696,features/pitch_v2/300s/focus/discovery/focus_jamendo_2043688__300s.npz,930e47e6d55f9faf93d37b03e8a58beb60d5efe5d56743c986c23d62e3ac4d1b,172e7094b7a170b50058cc2cfb72f89054f951dc2bf8506ae0e3381d3977a7c8,470,333,137,6,0.2665930986404419,success,2026-08-04,
focus_jamendo_2055767__180s,focus_jamendo_2055767,focus,discovery,180.0,features/chroma/180s/focus/discovery/focus_jamendo_2055767__180s.npz,4fc5e703ab4f9fe89367255cf2819be5d80f9c86f6bc844bb0f5a54ae7e26794,features/pitch_v2/180s/focus/discovery/focus_jamendo_2055767__180s.npz,d7c4df28ed11000471ad23a4085cdd88412a35be7fae81e3cdd182320a9fc69e,172e7094b7a170b50058cc2cfb72f89054f951dc2bf8506ae0e3381d3977a7c8,393,263,130,6,0.22500112652778625,success,2026-08-04,
focus_jamendo_2055767__300s,focus_jamendo_2055767,focus,discovery,300.0,features/chroma/300s/focus/discovery/focus_jamendo_2055767__300s.npz,e386b9757b32b511708365054c6520877600c2b5c9678deff5a968fe1078465d,features/pitch_v2/300s/focus/discovery/focus_jamendo_2055767__300s.npz,59b5eb185c7e7d64e432ea15c08bc06721492c1584969fcd36661e14bbf33559,172e7094b7a170b50058cc2cfb72f89054f951dc2bf8506ae0e3381d3977a7c8,542,371,171,6,0.2230408638715744,success,2026-08-04,
focus_jamendo_2057382__180s,focus_jamendo_2057382,focus,discovery,180.0,features/chroma/180s/focus/discovery/focus_jamendo_2057382__180s.npz,e2a5fd5af5f533753697924a2459725cc6c0ac64fe1555124b4852504e2ae283,features/pitch_v2/180s/focus/discovery/focus_jamendo_2057382__180s.npz,49b309905d0b6d56076f8e0b99e7ceb53e7446d5721eceb0493eb387c33fc8a0,172e7094b7a170b50058cc2cfb72f89054f951dc2bf8506ae0e3381d3977a7c8,377,344,33,5,0.18635830283164978,success,2026-08-04,
focus_jamendo_2057382__300s,focus_jamendo_2057382,focus,discovery,300.0,features/chroma/300s/focus/discovery/focus_jamendo_2057382__300s.npz,1ae57630a8cf12c69723eb63b9d24c445edf5b07e197a3540fbce1d72f71d0e6,features/pitch_v2/300s/focus/discovery/focus_jamendo_2057382__300s.npz,15c9cccb3a6d59a206b69958bd5cdab5ef5c92a8960c430185d132dea4a03257,172e7094b7a170b50058cc2cfb72f89054f951dc2bf8506ae0e3381d3977a7c8,630,567,63,6,0.18068856000900269,success,2026-08-04,
focus_jamendo_2057691__180s,focus_jamendo_2057691,focus,discovery,180.0,features/chroma/180s/focus/discovery/focus_jamendo_2057691__180s.npz,949baff01a5e414fa55722892ab75ad4eef88f1449fc7162e93e0f832ec2cdc6,features/pitch_v2/180s/focus/discovery/focus_jamendo_2057691__180s.npz,eca9974731253e49831dd1173875981ae554d5905d819d3a835b938ff8640973,172e7094b7a170b50058cc2cfb72f89054f951dc2bf8506ae0e3381d3977a7c8,384,306,78,7,0.1833973526954651,success,2026-08-04,
focus_jamendo_2057691__300s,focus_jamendo_2057691,focus,discovery,300.0,features/chroma/300s/focus/discovery/focus_jamendo_2057691__300s.npz,b27116cc9c87d3cc816aaf1a655db9d24b608227633ebb2c4bf8a3860b8e6571,features/pitch_v2/300s/focus/discovery/focus_jamendo_2057691__300s.npz,0e085192ed418ccab4d2aa9eaa3235028fd94123de441615791cb18794070bfe,172e7094b7a170b50058cc2cfb72f89054f951dc2bf8506ae0e3381d3977a7c8,618,509,109,8,0.19046087563037872,success,2026-08-04,
focus_jamendo_2060537__180s,focus_jamendo_2060537,focus,holdout,180.0,features/chroma/180s/focus/holdout/focus_jamendo_2060537__180s.npz,020acbba602df968276e73ec6d4287c5a02f22265b8e05d07993dd772790cd9d,features/pitch_v2/180s/focus/holdout/focus_jamendo_2060537__180s.npz,b016f64e68a08b2f9fe100318e025294790d6c434b308c66fd5c9327c42a2677,172e7094b7a170b50058cc2cfb72f89054f951dc2bf8506ae0e3381d3977a7c8,333,235,98,8,0.24641390144824982,success,2026-08-04,
focus_jamendo_2060537__300s,focus_jamendo_2060537,focus,holdout,300.0,features/chroma/300s/focus/holdout/focus_jamendo_2060537__300s.npz,a83c836c3494befcaefca0f035b9dfc3a369837b623fa36e5b7ceb0a562125a0,features/pitch_v2/300s/focus/holdout/focus_jamendo_2060537__300s.npz,fc39fa9832ec622b310905b2672aae98066ac30a4d86a3f6e09f6929ff84547c,172e7094b7a170b50058cc2cfb72f89054f951dc2bf8506ae0e3381d3977a7c8,353,244,109,8,0.2489263117313385,success,2026-08-04,
focus_jamendo_2123290__180s,focus_jamendo_2123290,focus,validation,180.0,features/chroma/180s/focus/validation/focus_jamendo_2123290__180s.npz,8063497e43d02d8eaf6320cc8a23db630e0b61f04054969dbfd2a3ab99a136d4,features/pitch_v2/180s/focus/validation/focus_jamendo_2123290__180s.npz,7fdcf4574b9e749ab6072a7a55042f2ad22e56833caf366421c3150fd74041d7,172e7094b7a170b50058cc2cfb72f89054f951dc2bf8506ae0e3381d3977a7c8,241,210,31,9,0.15585485100746155,success,2026-08-04,
focus_jamendo_2123290__300s,focus_jamendo_2123290,focus,validation,300.0,features/chroma/300s/focus/validation/focus_jamendo_2123290__300s.npz,8063497e43d02d8eaf6320cc8a23db630e0b61f04054969dbfd2a3ab99a136d4,features/pitch_v2/300s/focus/validation/focus_jamendo_2123290__300s.npz,7fdcf4574b9e749ab6072a7a55042f2ad22e56833caf366421c3150fd74041d7,172e7094b7a170b50058cc2cfb72f89054f951dc2bf8506ae0e3381d3977a7c8,241,210,31,9,0.15585485100746155,success,2026-08-04,
focus_jamendo_2125861__180s,focus_jamendo_2125861,focus,discovery,180.0,features/chroma/180s/focus/discovery/focus_jamendo_2125861__180s.npz,029121e8c10a310fd7a517ced24cd33588affb2a97f0656b8e391f535a053bd5,features/pitch_v2/180s/focus/discovery/focus_jamendo_2125861__180s.npz,11b61db92358c1ba5dde425c105b977b8fd2eaa9012239aa2d629fc68235213d,172e7094b7a170b50058cc2cfb72f89054f951dc2bf8506ae0e3381d3977a7c8,388,351,37,12,0.19609761238098145,success,2026-08-04,
focus_jamendo_2125861__300s,focus_jamendo_2125861,focus,discovery,300.0,features/chroma/300s/focus/discovery/focus_jamendo_2125861__300s.npz,232fab962922db1d7536556f46a82b4912c9c572dee6ca34129780a703072d8a,features/pitch_v2/300s/focus/discovery/focus_jamendo_2125861__300s.npz,084f22377a41e9423a77b482281fe94037f2bdcecb9aee647892fd320de7c36b,172e7094b7a170b50058cc2cfb72f89054f951dc2bf8506ae0e3381d3977a7c8,644,579,65,12,0.1982566863298416,success,2026-08-04,
focus_jamendo_2127098__180s,focus_jamendo_2127098,focus,discovery,180.0,features/chroma/180s/focus/discovery/focus_jamendo_2127098__180s.npz,b673faff301787a9c0faa064dabb5b0f426d84f2b3e5a563912daa92aaf0d8d8,features/pitch_v2/180s/focus/discovery/focus_jamendo_2127098__180s.npz,a8d90af80fdcb071a27bb6682ee7d2cffcfb496b289c560d896e85f14179a18a,172e7094b7a170b50058cc2cfb72f89054f951dc2bf8506ae0e3381d3977a7c8,379,199,180,12,0.2510996460914612,success,2026-08-04,
focus_jamendo_2127098__300s,focus_jamendo_2127098,focus,discovery,300.0,features/chroma/300s/focus/discovery/focus_jamendo_2127098__300s.npz,4f329bd146b4dce0b5682c1f3b139ba561cbd9b2db066bc1778e19a2e30e16bd,features/pitch_v2/300s/focus/discovery/focus_jamendo_2127098__300s.npz,a87cd02211dcc456118088498faafb90e3533547e185c6ffcd1a8d63d4dc16fe,172e7094b7a170b50058cc2cfb72f89054f951dc2bf8506ae0e3381d3977a7c8,634,321,313,12,0.25311678647994995,success,2026-08-04,
focus_jamendo_2127108__180s,focus_jamendo_2127108,focus,discovery,180.0,features/chroma/180s/focus/discovery/focus_jamendo_2127108__180s.npz,2fcbce4f8df3a69d40ee8ef7e08736588a08c7104de31a207e37d129196dc56e,features/pitch_v2/180s/focus/discovery/focus_jamendo_2127108__180s.npz,be4a2e672cb4f0b5190b87a071b4ea745a15546fd3944142094f64432d9eb0c5,172e7094b7a170b50058cc2cfb72f89054f951dc2bf8506ae0e3381d3977a7c8,375,339,36,5,0.160639688372612,success,2026-08-04,
focus_jamendo_2127108__300s,focus_jamendo_2127108,focus,discovery,300.0,features/chroma/300s/focus/discovery/focus_jamendo_2127108__300s.npz,2a3b6c3dd739e4a74f103d055b1cbdbb859a99256467378c38578751f945db1c,features/pitch_v2/300s/focus/discovery/focus_jamendo_2127108__300s.npz,d611688554bed45ae5da21098bf53f53277563bc0e8c15582e733740a6397e33,172e7094b7a170b50058cc2cfb72f89054f951dc2bf8506ae0e3381d3977a7c8,625,556,69,5,0.1597534865140915,success,2026-08-04,
focus_jamendo_2127649__180s,focus_jamendo_2127649,focus,discovery,180.0,features/chroma/180s/focus/discovery/focus_jamendo_2127649__180s.npz,9003451ab933ca7660c5f1481fda9b2659c6144318f410c8548d93558a45cd5f,features/pitch_v2/180s/focus/discovery/focus_jamendo_2127649__180s.npz,c9d9d0c87e010d7af90613c7dda656f0f8c961b7c0a45f00962acc0a68e5ee60,172e7094b7a170b50058cc2cfb72f89054f951dc2bf8506ae0e3381d3977a7c8,378,327,51,7,0.2407059371471405,success,2026-08-04,
focus_jamendo_2127649__300s,focus_jamendo_2127649,focus,discovery,300.0,features/chroma/300s/focus/discovery/focus_jamendo_2127649__300s.npz,ccb421ffd7182d0841d1afefedbfbddbfd8e09ce92a0f3f4f7956300ddfebced,features/pitch_v2/300s/focus/discovery/focus_jamendo_2127649__300s.npz,06fcf1f5053ee33760851f364a1e9cd05b296c441b2275d4075b66c52a091e20,172e7094b7a170b50058cc2cfb72f89054f951dc2bf8506ae0e3381d3977a7c8,630,560,70,7,0.24200500547885895,success,2026-08-04,
focus_jamendo_2129421__180s,focus_jamendo_2129421,focus,discovery,180.0,features/chroma/180s/focus/discovery/focus_jamendo_2129421__180s.npz,23797f8d4a9e06024885b299bcdf8f7cd81ca9f3cd96b13e419aa3dfc17a1ccc,features/pitch_v2/180s/focus/discovery/focus_jamendo_2129421__180s.npz,f7a861cc61927f155fc8fce46e0abac7c431a58c2ffb998b1863778074aff202,172e7094b7a170b50058cc2cfb72f89054f951dc2bf8506ae0e3381d3977a7c8,384,295,89,7,0.17075811326503754,success,2026-08-04,
focus_jamendo_2129421__300s,focus_jamendo_2129421,focus,discovery,300.0,features/chroma/300s/focus/discovery/focus_jamendo_2129421__300s.npz,346df8e4a1c9e0a86213e5200573f4a3014b9cad9535e68f32a5416be00a7b58,features/pitch_v2/300s/focus/discovery/focus_jamendo_2129421__300s.npz,9b3a0eb16b5ba6de129646424a793914d11d7236757ef4d1921d5aede45f46d1,172e7094b7a170b50058cc2cfb72f89054f951dc2bf8506ae0e3381d3977a7c8,513,376,137,7,0.16556423902511597,success,2026-08-04,
focus_jamendo_2149372__180s,focus_jamendo_2149372,focus,validation,180.0,features/chroma/180s/focus/validation/focus_jamendo_2149372__180s.npz,e56f818ad561f972a5d0a580360da259d5542754409940e9399683ed3670a7b5,features/pitch_v2/180s/focus/validation/focus_jamendo_2149372__180s.npz,3e045eb8eb66aa334d1dd6963f601d0f3ed9c554a69affc0603bcc050457f77b,172e7094b7a170b50058cc2cfb72f89054f951dc2bf8506ae0e3381d3977a7c8,280,258,22,12,0.23079398274421692,success,2026-08-04,
focus_jamendo_2149372__300s,focus_jamendo_2149372,focus,validation,300.0,features/chroma/300s/focus/validation/focus_jamendo_2149372__300s.npz,e56f818ad561f972a5d0a580360da259d5542754409940e9399683ed3670a7b5,features/pitch_v2/300s/focus/validation/focus_jamendo_2149372__300s.npz,3e045eb8eb66aa334d1dd6963f601d0f3ed9c554a69affc0603bcc050457f77b,172e7094b7a170b50058cc2cfb72f89054f951dc2bf8506ae0e3381d3977a7c8,280,258,22,12,0.23079398274421692,success,2026-08-04,
focus_jamendo_2152724__180s,focus_jamendo_2152724,focus,validation,180.0,features/chroma/180s/focus/validation/focus_jamendo_2152724__180s.npz,83e6ef44151ab6dc23f5352f938d9dec2e33cbb536551906fab64f5332cfdc15,features/pitch_v2/180s/focus/validation/focus_jamendo_2152724__180s.npz,32662ea84b70d48001d1df79c7b56416e3c2e6d323ff2ed97a38239db8ce4a40,172e7094b7a170b50058cc2cfb72f89054f951dc2bf8506ae0e3381d3977a7c8,356,328,28,12,0.25255194306373596,success,2026-08-04,
focus_jamendo_2152724__300s,focus_jamendo_2152724,focus,validation,300.0,features/chroma/300s/focus/validation/focus_jamendo_2152724__300s.npz,2ae383046f601409dc16e25ebe1494868c05ebfe675e14d54d138e73d7752f7c,features/pitch_v2/300s/focus/validation/focus_jamendo_2152724__300s.npz,3815d76b8e72abed13778f20d0619277b4e511b022669821b2e3cb1e11ed93d7,172e7094b7a170b50058cc2cfb72f89054f951dc2bf8506ae0e3381d3977a7c8,570,520,50,13,0.24616101384162903,success,2026-08-04,
focus_jamendo_2160158__180s,focus_jamendo_2160158,focus,discovery,180.0,features/chroma/180s/focus/discovery/focus_jamendo_2160158__180s.npz,0919c4c0a3696d7444cede14c7ae6ac1f99d8297d6ee4a8314b72819822f05b6,features/pitch_v2/180s/focus/discovery/focus_jamendo_2160158__180s.npz,9c4ec16e7f38131cc17de27677bedcdbe97906ee621fa0d91cec8cc91311343b,172e7094b7a170b50058cc2cfb72f89054f951dc2bf8506ae0e3381d3977a7c8,398,280,118,9,0.21293336153030396,success,2026-08-04,
focus_jamendo_2160158__300s,focus_jamendo_2160158,focus,discovery,300.0,features/chroma/300s/focus/discovery/focus_jamendo_2160158__300s.npz,08f35de3aca46b4f4fa66ec1175064feb77a78a5230023ff30bd094f3246738f,features/pitch_v2/300s/focus/discovery/focus_jamendo_2160158__300s.npz,90c111d3e2c9305538363db44f83467fa6832a09b78fdc1c185432a301d19551,172e7094b7a170b50058cc2cfb72f89054f951dc2bf8506ae0e3381d3977a7c8,664,480,184,9,0.20676589012145996,success,2026-08-04,
focus_jamendo_2160682__180s,focus_jamendo_2160682,focus,validation,180.0,features/chroma/180s/focus/validation/focus_jamendo_2160682__180s.npz,df13ddc32ac7b9b5222030631dcfab3e4d80c20cc23b5af9b104689629cc1bb4,features/pitch_v2/180s/focus/validation/focus_jamendo_2160682__180s.npz,091571df722932c5ed3da7db0d16cc5b81bb4799d52d826c04e6dbe4541a12d2,172e7094b7a170b50058cc2cfb72f89054f951dc2bf8506ae0e3381d3977a7c8,326,261,65,10,0.2549660801887512,success,2026-08-04,
focus_jamendo_2160682__300s,focus_jamendo_2160682,focus,validation,300.0,features/chroma/300s/focus/validation/focus_jamendo_2160682__300s.npz,624bcddf7699af971b917aa6c961871f56c0ad64d070cdede0986fb119c3725d,features/pitch_v2/300s/focus/validation/focus_jamendo_2160682__300s.npz,a687c000d0202bc65a65ed14bb04a157300b2da1d4f102fd44b675c2f2c8aad9,172e7094b7a170b50058cc2cfb72f89054f951dc2bf8506ae0e3381d3977a7c8,543,424,119,10,0.26720041036605835,success,2026-08-04,
focus_jamendo_2165080__180s,focus_jamendo_2165080,focus,validation,180.0,features/chroma/180s/focus/validation/focus_jamendo_2165080__180s.npz,fe8f2fd1c13b14716a749e62d2abfbd9fd5cb1e6cdfa623f368330c3ed53cd0d,features/pitch_v2/180s/focus/validation/focus_jamendo_2165080__180s.npz,a0c10f8248248f992bddd127332662fa498704a2142e99c612f257b08932ad24,172e7094b7a170b50058cc2cfb72f89054f951dc2bf8506ae0e3381d3977a7c8,362,330,32,10,0.2861761450767517,success,2026-08-04,
focus_jamendo_2165080__300s,focus_jamendo_2165080,focus,validation,300.0,features/chroma/300s/focus/validation/focus_jamendo_2165080__300s.npz,bc93f85edffa287f8caa31297b7897c6f5931897bbb83b166c9f78ffa294a0df,features/pitch_v2/300s/focus/validation/focus_jamendo_2165080__300s.npz,2d6f34192b03f829256ff07d39483ae6e9a8e7f7fb81e4bb15c7e62d54fd98fe,172e7094b7a170b50058cc2cfb72f89054f951dc2bf8506ae0e3381d3977a7c8,421,376,45,9,0.288300096988678,success,2026-08-04,
focus_jamendo_2169943__180s,focus_jamendo_2169943,focus,holdout,180.0,features/chroma/180s/focus/holdout/focus_jamendo_2169943__180s.npz,a842fa7edda3831943f8fc23aa68d0e37caf6c2d554c7aca181d4fa4ca981b36,features/pitch_v2/180s/focus/holdout/focus_jamendo_2169943__180s.npz,5100ba5bd15382649a4331da5fd6e327e1e9d4b14dee4aab68f955e18af0f82a,172e7094b7a170b50058cc2cfb72f89054f951dc2bf8506ae0e3381d3977a7c8,277,228,49,14,0.2511028051376343,success,2026-08-04,
focus_jamendo_2169943__300s,focus_jamendo_2169943,focus,holdout,300.0,features/chroma/300s/focus/holdout/focus_jamendo_2169943__300s.npz,2a8d564850846c51f21229bd1825fda2b4adda6a46efe01877a423fb27ebf22b,features/pitch_v2/300s/focus/holdout/focus_jamendo_2169943__300s.npz,f4dcd773c8cd73eed678b5e1db080fe70a5493ac2e9756fbfa6e33e3eeda5a62,172e7094b7a170b50058cc2cfb72f89054f951dc2bf8506ae0e3381d3977a7c8,575,495,80,15,0.24391409754753113,success,2026-08-04,
focus_jamendo_2178516__180s,focus_jamendo_2178516,focus,discovery,180.0,features/chroma/180s/focus/discovery/focus_jamendo_2178516__180s.npz,1d9b1356fff61b950bd021353169295424c2e58d10b9cac50b3ab04cedbcd5fa,features/pitch_v2/180s/focus/discovery/focus_jamendo_2178516__180s.npz,767892e020231b28c63b3ce9944f95edc60c7ceac92faf3a824910295c4dbe15,172e7094b7a170b50058cc2cfb72f89054f951dc2bf8506ae0e3381d3977a7c8,511,436,75,10,0.19333887100219727,success,2026-08-04,
focus_jamendo_2178516__300s,focus_jamendo_2178516,focus,discovery,300.0,features/chroma/300s/focus/discovery/focus_jamendo_2178516__300s.npz,2a73bcc66b3c9bdeda43838c8368339ec0153461cc7582b268b7bb514ed4fb06,features/pitch_v2/300s/focus/discovery/focus_jamendo_2178516__300s.npz,a2ba8ba1d910b4b5ed4d4c629efdd6fa46d8a385bb3cbd56592af9242fc4ece1,172e7094b7a170b50058cc2cfb72f89054f951dc2bf8506ae0e3381d3977a7c8,765,664,101,10,0.19419819116592407,success,2026-08-04,
focus_jamendo_2178517__180s,focus_jamendo_2178517,focus,discovery,180.0,features/chroma/180s/focus/discovery/focus_jamendo_2178517__180s.npz,2c0a30af8a885c469e13ff99d3acbbea0b498fed0c890cc91284544809f1711b,features/pitch_v2/180s/focus/discovery/focus_jamendo_2178517__180s.npz,7b25e8b8057c1be14024c96ad8ed19170be234e54279b5890e373212430b192f,172e7094b7a170b50058cc2cfb72f89054f951dc2bf8506ae0e3381d3977a7c8,380,337,43,10,0.15802118182182312,success,2026-08-04,
focus_jamendo_2178517__300s,focus_jamendo_2178517,focus,discovery,300.0,features/chroma/300s/focus/discovery/focus_jamendo_2178517__300s.npz,34f5d787f9a4654a38628000584a03589536c70a02163c2bdc4410cae3d27bd7,features/pitch_v2/300s/focus/discovery/focus_jamendo_2178517__300s.npz,a35b2f6c1e2699be6c344db1caa405cf296aa85c65f05ed7d907a3f2726cc122,172e7094b7a170b50058cc2cfb72f89054f951dc2bf8506ae0e3381d3977a7c8,562,500,62,10,0.1598578691482544,success,2026-08-04,
focus_jamendo_2178866__180s,focus_jamendo_2178866,focus,discovery,180.0,features/chroma/180s/focus/discovery/focus_jamendo_2178866__180s.npz,d450b649b6d1280b30f401d02d18b6f5a824f0baad74cba7e168c658fcb54ca6,features/pitch_v2/180s/focus/discovery/focus_jamendo_2178866__180s.npz,ca50f09d0d7ef8a133f8387d9401efe4aad12aad9687e9f29bf72dad8849fc74,172e7094b7a170b50058cc2cfb72f89054f951dc2bf8506ae0e3381d3977a7c8,348,278,70,9,0.2310027778148651,success,2026-08-04,
focus_jamendo_2178866__300s,focus_jamendo_2178866,focus,discovery,300.0,features/chroma/300s/focus/discovery/focus_jamendo_2178866__300s.npz,89f044f8171874c2997be1cce2c79e4a32ed9aff0c0cec9f1113754219624d98,features/pitch_v2/300s/focus/discovery/focus_jamendo_2178866__300s.npz,2ab5399e90c4f534ee0ec135ba1d12c3c6f44fa8b39d01ff586980fbe772b9e3,172e7094b7a170b50058cc2cfb72f89054f951dc2bf8506ae0e3381d3977a7c8,383,305,78,9,0.22508713603019714,success,2026-08-04,
focus_jamendo_2180121__180s,focus_jamendo_2180121,focus,discovery,180.0,features/chroma/180s/focus/discovery/focus_jamendo_2180121__180s.npz,b6babfef338fc33f9f6608f1b1e18ab7dfa25af6c50c6fb665b5852760e635e1,features/pitch_v2/180s/focus/discovery/focus_jamendo_2180121__180s.npz,895c2114329c74b63df87eec233d2b980708b726c43dd143af162b5749121f4d,172e7094b7a170b50058cc2cfb72f89054f951dc2bf8506ae0e3381d3977a7c8,384,346,38,7,0.18713390827178955,success,2026-08-04,
focus_jamendo_2180121__300s,focus_jamendo_2180121,focus,discovery,300.0,features/chroma/300s/focus/discovery/focus_jamendo_2180121__300s.npz,af243d94f95de87dc4d2164ae21ae5cd70e53cece529247d5614f702b45f79b8,features/pitch_v2/300s/focus/discovery/focus_jamendo_2180121__300s.npz,75507ccbd025e2c4fe7f17f201c6f3fce6a9fa8f9e59db8e3f98253e08155c2f,172e7094b7a170b50058cc2cfb72f89054f951dc2bf8506ae0e3381d3977a7c8,588,508,80,6,0.182977557182312,success,2026-08-04,
focus_jamendo_2180126__180s,focus_jamendo_2180126,focus,discovery,180.0,features/chroma/180s/focus/discovery/focus_jamendo_2180126__180s.npz,b4c1e123d6df41a3880b7b305f5ddf7a07b9e21a89d3df79cf9300795dfe30f7,features/pitch_v2/180s/focus/discovery/focus_jamendo_2180126__180s.npz,d22a9386b41c1007261a850faeea54dd48a21044d3fb64eb9c34ffcdd45b90da,172e7094b7a170b50058cc2cfb72f89054f951dc2bf8506ae0e3381d3977a7c8,199,179,20,7,0.30006471276283264,success,2026-08-04,
focus_jamendo_2180126__300s,focus_jamendo_2180126,focus,discovery,300.0,features/chroma/300s/focus/discovery/focus_jamendo_2180126__300s.npz,5c14dfa0cea87ddb28eff4b8976f27534c56f4c4a1260bc1889f21863e8534e5,features/pitch_v2/300s/focus/discovery/focus_jamendo_2180126__300s.npz,c3bd21be6b24a1a25ffb0ace0a3d91d70afdcd4acf6bda811b7e358c19252883,172e7094b7a170b50058cc2cfb72f89054f951dc2bf8506ae0e3381d3977a7c8,233,210,23,8,0.30117177963256836,success,2026-08-04,
focus_jamendo_2196880__180s,focus_jamendo_2196880,focus,discovery,180.0,features/chroma/180s/focus/discovery/focus_jamendo_2196880__180s.npz,70231d97865952a0a00e6064ca1dbcf5cbaa53296405bcdbf0ebc197f0587b8f,features/pitch_v2/180s/focus/discovery/focus_jamendo_2196880__180s.npz,6fb3dcee03460718a4a76d59b5f7c22ab865ae56cdfb526d9432f29097b0fda5,172e7094b7a170b50058cc2cfb72f89054f951dc2bf8506ae0e3381d3977a7c8,381,368,13,8,0.34394124150276184,success,2026-08-04,
focus_jamendo_2196880__300s,focus_jamendo_2196880,focus,discovery,300.0,features/chroma/300s/focus/discovery/focus_jamendo_2196880__300s.npz,70231d97865952a0a00e6064ca1dbcf5cbaa53296405bcdbf0ebc197f0587b8f,features/pitch_v2/300s/focus/discovery/focus_jamendo_2196880__300s.npz,6fb3dcee03460718a4a76d59b5f7c22ab865ae56cdfb526d9432f29097b0fda5,172e7094b7a170b50058cc2cfb72f89054f951dc2bf8506ae0e3381d3977a7c8,381,368,13,8,0.34394124150276184,success,2026-08-04,
focus_jamendo_2200501__180s,focus_jamendo_2200501,focus,discovery,180.0,features/chroma/180s/focus/discovery/focus_jamendo_2200501__180s.npz,fbe62c7893c94a2d110ba49e6c4f46f46a3a38e1056c0dcc9a11036a45d27bd8,features/pitch_v2/180s/focus/discovery/focus_jamendo_2200501__180s.npz,93ad11045e7c4e7712e2c3c672df5d7006692d80e370957102d502276a02499b,172e7094b7a170b50058cc2cfb72f89054f951dc2bf8506ae0e3381d3977a7c8,377,347,30,6,0.28239133954048157,success,2026-08-04,
focus_jamendo_2200501__300s,focus_jamendo_2200501,focus,discovery,300.0,features/chroma/300s/focus/discovery/focus_jamendo_2200501__300s.npz,61568b2e11e4112d3716990535b31cc1eb5e0c3e8024d3947c90128dd3d43958,features/pitch_v2/300s/focus/discovery/focus_jamendo_2200501__300s.npz,85b05aee2d90d01228fb46fe534f54eafa1f08e4fc49c32895b6b29b44ebba52,172e7094b7a170b50058cc2cfb72f89054f951dc2bf8506ae0e3381d3977a7c8,388,351,37,6,0.2792944312095642,success,2026-08-04,
focus_jamendo_2201166__180s,focus_jamendo_2201166,focus,discovery,180.0,features/chroma/180s/focus/discovery/focus_jamendo_2201166__180s.npz,0a037b0f81d77f8176aef703d3be18c1769b8d5f45c76f78b05b6625997db5be,features/pitch_v2/180s/focus/discovery/focus_jamendo_2201166__180s.npz,a4f5ab5485fce35f6a75108a9bd274b1f64b31ea0de65a070eb47c07500fce44,172e7094b7a170b50058cc2cfb72f89054f951dc2bf8506ae0e3381d3977a7c8,390,277,113,10,0.24413318932056427,success,2026-08-04,
focus_jamendo_2201166__300s,focus_jamendo_2201166,focus,discovery,300.0,features/chroma/300s/focus/discovery/focus_jamendo_2201166__300s.npz,8dc90f3cca819c5aa587fc2ae006bfc3e25be4aeed1542efade836d24dfb1d7a,features/pitch_v2/300s/focus/discovery/focus_jamendo_2201166__300s.npz,fd5611ca952e5e81cf31ef88336a853f048a24c9435c93d1936c578ff4033609,172e7094b7a170b50058cc2cfb72f89054f951dc2bf8506ae0e3381d3977a7c8,654,463,191,11,0.23818495869636536,success,2026-08-04,
focus_jamendo_2201227__180s,focus_jamendo_2201227,focus,discovery,180.0,features/chroma/180s/focus/discovery/focus_jamendo_2201227__180s.npz,d1097ff7d70a1b32ad3be895bc5c0ec870534b462a99a15733aa2e147634a28b,features/pitch_v2/180s/focus/discovery/focus_jamendo_2201227__180s.npz,1948bd2ed9964e3e6dc05b76a0b0e6dcf2b36240750553730f54e46e68ef38ac,172e7094b7a170b50058cc2cfb72f89054f951dc2bf8506ae0e3381d3977a7c8,284,268,16,9,0.31073060631752014,success,2026-08-04,
focus_jamendo_2201227__300s,focus_jamendo_2201227,focus,discovery,300.0,features/chroma/300s/focus/discovery/focus_jamendo_2201227__300s.npz,d1097ff7d70a1b32ad3be895bc5c0ec870534b462a99a15733aa2e147634a28b,features/pitch_v2/300s/focus/discovery/focus_jamendo_2201227__300s.npz,1948bd2ed9964e3e6dc05b76a0b0e6dcf2b36240750553730f54e46e68ef38ac,172e7094b7a170b50058cc2cfb72f89054f951dc2bf8506ae0e3381d3977a7c8,284,268,16,9,0.31073060631752014,success,2026-08-04,
focus_jamendo_2203332__180s,focus_jamendo_2203332,focus,discovery,180.0,features/chroma/180s/focus/discovery/focus_jamendo_2203332__180s.npz,a4ffee71a80674d1237870d4367f9a3cd246798d32d2653f80aad7aed9eafe27,features/pitch_v2/180s/focus/discovery/focus_jamendo_2203332__180s.npz,f5c6fc9d1224fa7c043975f9083000ab242f044c61feffb73030f6357c42a5ee,172e7094b7a170b50058cc2cfb72f89054f951dc2bf8506ae0e3381d3977a7c8,386,333,53,10,0.1795128434896469,success,2026-08-04,
focus_jamendo_2203332__300s,focus_jamendo_2203332,focus,discovery,300.0,features/chroma/300s/focus/discovery/focus_jamendo_2203332__300s.npz,23abae7777f2a7b7cfabf5f7e3fc1e86213223e3ce6bca124d791cbf103092a4,features/pitch_v2/300s/focus/discovery/focus_jamendo_2203332__300s.npz,61d000c942c3cfc65a84d8e8dc62b2156e65a87038f9688bdd657fea15554624,172e7094b7a170b50058cc2cfb72f89054f951dc2bf8506ae0e3381d3977a7c8,642,555,87,10,0.17603667080402374,success,2026-08-04,
focus_jamendo_2205840__180s,focus_jamendo_2205840,focus,discovery,180.0,features/chroma/180s/focus/discovery/focus_jamendo_2205840__180s.npz,e663910f030d4e960f417152167ceb71d69bca883c08cb4ccb55d18b3f82b24b,features/pitch_v2/180s/focus/discovery/focus_jamendo_2205840__180s.npz,ea33b3f930f5f308bf0ae47493f43924e77047675b7f48b5176471452eacb897,172e7094b7a170b50058cc2cfb72f89054f951dc2bf8506ae0e3381d3977a7c8,395,359,36,10,0.20272397994995117,success,2026-08-04,
focus_jamendo_2205840__300s,focus_jamendo_2205840,focus,discovery,300.0,features/chroma/300s/focus/discovery/focus_jamendo_2205840__300s.npz,1058dc02bb07482a8eb822bce0446488b93a895bddf404be66ff36e497a4934a,features/pitch_v2/300s/focus/discovery/focus_jamendo_2205840__300s.npz,0a4a0d9e417807422ef7ea7a36d92a10e76b945c4d7456fe19d3cf9c66c20c51,172e7094b7a170b50058cc2cfb72f89054f951dc2bf8506ae0e3381d3977a7c8,600,553,47,10,0.20261861383914948,success,2026-08-04,
focus_jamendo_2206772__180s,focus_jamendo_2206772,focus,discovery,180.0,features/chroma/180s/focus/discovery/focus_jamendo_2206772__180s.npz,fcdcc323e74667dcb59bc7c55f561f4e5b83173d1d6a588b08decea36f1d15fe,features/pitch_v2/180s/focus/discovery/focus_jamendo_2206772__180s.npz,5aa6e65e6af3297c2087a6cd266159cb7c95d2673e585afb5f8de75bf86b3d20,172e7094b7a170b50058cc2cfb72f89054f951dc2bf8506ae0e3381d3977a7c8,298,288,10,7,0.24187079071998596,success,2026-08-04,
focus_jamendo_2206772__300s,focus_jamendo_2206772,focus,discovery,300.0,features/chroma/300s/focus/discovery/focus_jamendo_2206772__300s.npz,fcdcc323e74667dcb59bc7c55f561f4e5b83173d1d6a588b08decea36f1d15fe,features/pitch_v2/300s/focus/discovery/focus_jamendo_2206772__300s.npz,5aa6e65e6af3297c2087a6cd266159cb7c95d2673e585afb5f8de75bf86b3d20,172e7094b7a170b50058cc2cfb72f89054f951dc2bf8506ae0e3381d3977a7c8,298,288,10,7,0.24187079071998596,success,2026-08-04,
focus_jamendo_2207645__180s,focus_jamendo_2207645,focus,holdout,180.0,features/chroma/180s/focus/holdout/focus_jamendo_2207645__180s.npz,322d8702d4167a0fc3cdd67a2a09e76aa91607bb49ad60f61eb73ced23711ce7,features/pitch_v2/180s/focus/holdout/focus_jamendo_2207645__180s.npz,e4043d3ac25c1fb70006f8484900957be5f21cf5801fd32e9eb65a99659e1090,172e7094b7a170b50058cc2cfb72f89054f951dc2bf8506ae0e3381d3977a7c8,356,258,98,9,0.20302730798721313,success,2026-08-04,
focus_jamendo_2207645__300s,focus_jamendo_2207645,focus,holdout,300.0,features/chroma/300s/focus/holdout/focus_jamendo_2207645__300s.npz,2c8da888420f998b43fb317960632d3204fa4eb33369417df7518f5f3fc6579e,features/pitch_v2/300s/focus/holdout/focus_jamendo_2207645__300s.npz,b5f9cababdc88c4375776665b8850d95111e592f6fdc65de80bdad17059754f0,172e7094b7a170b50058cc2cfb72f89054f951dc2bf8506ae0e3381d3977a7c8,481,355,126,10,0.20539408922195435,success,2026-08-04,
focus_jamendo_2208659__180s,focus_jamendo_2208659,focus,validation,180.0,features/chroma/180s/focus/validation/focus_jamendo_2208659__180s.npz,09ad6464451d59687b9598ad3bdb7e16c2264616d3c1bd0f176fe025aef43087,features/pitch_v2/180s/focus/validation/focus_jamendo_2208659__180s.npz,37ff76178f6aced0af78094dc177273505ef732b08951cb5064aec30bacc408f,172e7094b7a170b50058cc2cfb72f89054f951dc2bf8506ae0e3381d3977a7c8,389,350,39,10,0.1667160838842392,success,2026-08-04,
focus_jamendo_2208659__300s,focus_jamendo_2208659,focus,validation,300.0,features/chroma/300s/focus/validation/focus_jamendo_2208659__300s.npz,2936604657e708ea8a674f2d79f4526408b24ca845cccb157c479ba3232cade7,features/pitch_v2/300s/focus/validation/focus_jamendo_2208659__300s.npz,3ded2a632e0b2f4caf699e6576c025f57d8ccfe558db4e75221a0d4545e49c77,172e7094b7a170b50058cc2cfb72f89054f951dc2bf8506ae0e3381d3977a7c8,544,481,63,10,0.16777673363685608,success,2026-08-04,
focus_jamendo_2209988__180s,focus_jamendo_2209988,focus,discovery,180.0,features/chroma/180s/focus/discovery/focus_jamendo_2209988__180s.npz,86972e8326183fc1a3dcc7052e93407a91bf79f586208c09c26623150bb82bea,features/pitch_v2/180s/focus/discovery/focus_jamendo_2209988__180s.npz,f73094176c4b6914f2e44a92efaae529fdcb74acd95e7f24f6f418c20167abad,172e7094b7a170b50058cc2cfb72f89054f951dc2bf8506ae0e3381d3977a7c8,376,258,118,7,0.18474392592906952,success,2026-08-04,
focus_jamendo_2209988__300s,focus_jamendo_2209988,focus,discovery,300.0,features/chroma/300s/focus/discovery/focus_jamendo_2209988__300s.npz,dd21e5192e666ab0622ee046feb9b61864d1a56f9b547fc3a437cd9296ca9192,features/pitch_v2/300s/focus/discovery/focus_jamendo_2209988__300s.npz,df6f951b7437fb35ea5e4f4304d97eaa6367e443e2df3d360d1d1fff78018208,172e7094b7a170b50058cc2cfb72f89054f951dc2bf8506ae0e3381d3977a7c8,632,439,193,7,0.1837061196565628,success,2026-08-04,
focus_jamendo_2215208__180s,focus_jamendo_2215208,focus,discovery,180.0,features/chroma/180s/focus/discovery/focus_jamendo_2215208__180s.npz,69b08e9e91e91e5e0abf64d8944f4f1e1c5c2ef92bfbbda3997348cb2f3cc0a1,features/pitch_v2/180s/focus/discovery/focus_jamendo_2215208__180s.npz,5da8ad262f85abc37f3aa04f1525a28b38bc68aea7a14c10011266e1985aba86,172e7094b7a170b50058cc2cfb72f89054f951dc2bf8506ae0e3381d3977a7c8,399,397,2,3,0.11035110056400299,success,2026-08-04,
focus_jamendo_2215208__300s,focus_jamendo_2215208,focus,discovery,300.0,features/chroma/300s/focus/discovery/focus_jamendo_2215208__300s.npz,e77b27bc7b90d9035c0287b47340208031a69546d1254811755d007a4ed1dc0f,features/pitch_v2/300s/focus/discovery/focus_jamendo_2215208__300s.npz,a1cc02b33456dbd28254c4b97afa105d24fb95ef5c4702d4ca012d55c0db9c18,172e7094b7a170b50058cc2cfb72f89054f951dc2bf8506ae0e3381d3977a7c8,664,661,3,3,0.10767897218465805,success,2026-08-04,
focus_jamendo_2215209__180s,focus_jamendo_2215209,focus,discovery,180.0,features/chroma/180s/focus/discovery/focus_jamendo_2215209__180s.npz,019a2a79aa63f1b74c0dadf2b8b76ac2b19a03323c8a643189af96f951f87193,features/pitch_v2/180s/focus/discovery/focus_jamendo_2215209__180s.npz,f242667dacd37c764ba8c548a3abb5613ba00ced811ea99d182f462e0d010cc6,172e7094b7a170b50058cc2cfb72f89054f951dc2bf8506ae0e3381d3977a7c8,375,279,96,5,0.16848504543304443,success,2026-08-04,
focus_jamendo_2215209__300s,focus_jamendo_2215209,focus,discovery,300.0,features/chroma/300s/focus/discovery/focus_jamendo_2215209__300s.npz,e8635e0e59bd2de9d76fae562864eaf922bbb993343f49a26399579b57acf133,features/pitch_v2/300s/focus/discovery/focus_jamendo_2215209__300s.npz,965b513cc4febe31484e07b4ef34afbe9e57a99a3be1062484ada805c52df2df,172e7094b7a170b50058cc2cfb72f89054f951dc2bf8506ae0e3381d3977a7c8,622,453,169,5,0.16842004656791687,success,2026-08-04,
focus_jamendo_2234790__180s,focus_jamendo_2234790,focus,discovery,180.0,features/chroma/180s/focus/discovery/focus_jamendo_2234790__180s.npz,e64ad3dfc0ffdd22c6352910532ff895ecd3539744d410f125386c7645ee5f0d,features/pitch_v2/180s/focus/discovery/focus_jamendo_2234790__180s.npz,85cb8af01d1e745e93f669914164e4bfab25ac370ba1e6d74a587e80f4af3331,172e7094b7a170b50058cc2cfb72f89054f951dc2bf8506ae0e3381d3977a7c8,362,311,51,9,0.21216964721679688,success,2026-08-04,
focus_jamendo_2234790__300s,focus_jamendo_2234790,focus,discovery,300.0,features/chroma/300s/focus/discovery/focus_jamendo_2234790__300s.npz,9fd573acd3a4492d8a7df76f0dabc2070afe222854287100d9ddcb4b466d9d1e,features/pitch_v2/300s/focus/discovery/focus_jamendo_2234790__300s.npz,919040f75f04d5ebfa2b9ad342a1d48887576f745e3d407d490f3e3cad7eb20b,172e7094b7a170b50058cc2cfb72f89054f951dc2bf8506ae0e3381d3977a7c8,466,409,57,9,0.20380595326423645,success,2026-08-04,
focus_jamendo_2234792__180s,focus_jamendo_2234792,focus,discovery,180.0,features/chroma/180s/focus/discovery/focus_jamendo_2234792__180s.npz,8c4baa56c731a47190f0bb581478cc4dec6694c417a629fbe0bad0f128e238bf,features/pitch_v2/180s/focus/discovery/focus_jamendo_2234792__180s.npz,f71cca6fe74acd6b51215f977b9dacae21428cf36c4bde2e2d1a23f8a10d48d2,172e7094b7a170b50058cc2cfb72f89054f951dc2bf8506ae0e3381d3977a7c8,361,307,54,8,0.20840975642204285,success,2026-08-04,
focus_jamendo_2234792__300s,focus_jamendo_2234792,focus,discovery,300.0,features/chroma/300s/focus/discovery/focus_jamendo_2234792__300s.npz,2e88c56d6c1445110b91ab0395d0b36dc4bedad5be132bd4e3dfd35e52bd998f,features/pitch_v2/300s/focus/discovery/focus_jamendo_2234792__300s.npz,d6563315b77ea196eb0995fdd8d21cbbb20ef911c2484571bc65e9bcc19d8564,172e7094b7a170b50058cc2cfb72f89054f951dc2bf8506ae0e3381d3977a7c8,513,433,80,9,0.2095063328742981,success,2026-08-04,
focus_jamendo_2235775__180s,focus_jamendo_2235775,focus,discovery,180.0,features/chroma/180s/focus/discovery/focus_jamendo_2235775__180s.npz,6695eb72a52bb0cb3ba2e5e5d50db4de1a135af9eb4da6787afbcb976dd45717,features/pitch_v2/180s/focus/discovery/focus_jamendo_2235775__180s.npz,5f80b6618a19ca4cc3cb745cc4dbba80e66623d676d9bb4b8ba387aee38f2a78,172e7094b7a170b50058cc2cfb72f89054f951dc2bf8506ae0e3381d3977a7c8,379,295,84,8,0.20123304426670074,success,2026-08-04,
focus_jamendo_2235775__300s,focus_jamendo_2235775,focus,discovery,300.0,features/chroma/300s/focus/discovery/focus_jamendo_2235775__300s.npz,2d3468443ee991b2fe55733d55370dd7c53032d90b91a94f5db5106782369c98,features/pitch_v2/300s/focus/discovery/focus_jamendo_2235775__300s.npz,a5ab3be9186461d6740be9533d3c603067252f6c81318cee2c2d7e6ea349e0aa,172e7094b7a170b50058cc2cfb72f89054f951dc2bf8506ae0e3381d3977a7c8,469,358,111,8,0.20065605640411377,success,2026-08-04,
focus_jamendo_2255191__180s,focus_jamendo_2255191,focus,discovery,180.0,features/chroma/180s/focus/discovery/focus_jamendo_2255191__180s.npz,2e0a35ef2f64edd5dbdf651a2a59310cf3b79563e448ef9a6d2898b0430afb7f,features/pitch_v2/180s/focus/discovery/focus_jamendo_2255191__180s.npz,36239b838f490aa0ed3591e4f13493de63b5dd1209a97a0eed8bac66af636b53,172e7094b7a170b50058cc2cfb72f89054f951dc2bf8506ae0e3381d3977a7c8,386,287,99,9,0.264560729265213,success,2026-08-04,
focus_jamendo_2255191__300s,focus_jamendo_2255191,focus,discovery,300.0,features/chroma/300s/focus/discovery/focus_jamendo_2255191__300s.npz,2000ecfa2b2e01972bc8a47096cc9cbdf856160fb9361a7b5b7154e699b86204,features/pitch_v2/300s/focus/discovery/focus_jamendo_2255191__300s.npz,96e25e2dd13c06b6faeb6145365c53c11aaa1bc37c561ad6bd55afeea6d6c744,172e7094b7a170b50058cc2cfb72f89054f951dc2bf8506ae0e3381d3977a7c8,641,490,151,9,0.25999587774276733,success,2026-08-04,
focus_jamendo_2257645__180s,focus_jamendo_2257645,focus,discovery,180.0,features/chroma/180s/focus/discovery/focus_jamendo_2257645__180s.npz,376ff06ed553beeb8aa2adfce6dd6c683b6609dc5aa2c522bfd0f5d86c49ebf6,features/pitch_v2/180s/focus/discovery/focus_jamendo_2257645__180s.npz,fc6a89c8b3849071da2725a7bfa7f87a39149c09fd9508e530ec18dc6d777819,172e7094b7a170b50058cc2cfb72f89054f951dc2bf8506ae0e3381d3977a7c8,390,298,92,8,0.22366249561309814,success,2026-08-04,
focus_jamendo_2257645__300s,focus_jamendo_2257645,focus,discovery,300.0,features/chroma/300s/focus/discovery/focus_jamendo_2257645__300s.npz,e0d18f52577ab6a893367c83975deae94ab7948488a08d23511791d055c12d6c,features/pitch_v2/300s/focus/discovery/focus_jamendo_2257645__300s.npz,2ce062b0dfdb17ed215757a5ea7594cd998610373e54eb3a7822e19c96c26140,172e7094b7a170b50058cc2cfb72f89054f951dc2bf8506ae0e3381d3977a7c8,647,488,159,9,0.22357994318008423,success,2026-08-04,
focus_jamendo_2259996__180s,focus_jamendo_2259996,focus,discovery,180.0,features/chroma/180s/focus/discovery/focus_jamendo_2259996__180s.npz,f3e67e1e744b0ecf9e6fc190cadb475200205906d064c46a4d0ec04a1c157012,features/pitch_v2/180s/focus/discovery/focus_jamendo_2259996__180s.npz,71b628cc122e2812a1dbf8aa34d6663e8b24f3e06678c647bd07ca6f3b866b43,172e7094b7a170b50058cc2cfb72f89054f951dc2bf8506ae0e3381d3977a7c8,354,305,49,8,0.24328742921352386,success,2026-08-04,
focus_jamendo_2259996__300s,focus_jamendo_2259996,focus,discovery,300.0,features/chroma/300s/focus/discovery/focus_jamendo_2259996__300s.npz,7c0cb5a894cef9c2ab0ea84aa726ac315947bd78b389a45e61745ba2657d41cd,features/pitch_v2/300s/focus/discovery/focus_jamendo_2259996__300s.npz,5c4d46eeea797d959c39429eb2bcd4f27305eef44c3fe67fe6b549684d8b40c9,172e7094b7a170b50058cc2cfb72f89054f951dc2bf8506ae0e3381d3977a7c8,457,385,72,7,0.24186453223228455,success,2026-08-04,
focus_jamendo_2260000__180s,focus_jamendo_2260000,focus,discovery,180.0,features/chroma/180s/focus/discovery/focus_jamendo_2260000__180s.npz,96527e199447921622ffbd86f54ee1f547c4fd0304f487501d2f0e74b2467104,features/pitch_v2/180s/focus/discovery/focus_jamendo_2260000__180s.npz,c5f1cc57bbfddf8a48e9adf75f0f99054c3b51da65aa378f0298e8b7ff932f0b,172e7094b7a170b50058cc2cfb72f89054f951dc2bf8506ae0e3381d3977a7c8,354,330,24,6,0.2786341905593872,success,2026-08-04,
focus_jamendo_2260000__300s,focus_jamendo_2260000,focus,discovery,300.0,features/chroma/300s/focus/discovery/focus_jamendo_2260000__300s.npz,146b491b6f0eac9ef9fa622c08b48a57ffdf37092efe4e194802efb624f4c785,features/pitch_v2/300s/focus/discovery/focus_jamendo_2260000__300s.npz,852b272c1f9f8d8f808fad55838e432bce6352e4ee4a915fde08f70655c1ef3a,172e7094b7a170b50058cc2cfb72f89054f951dc2bf8506ae0e3381d3977a7c8,478,440,38,6,0.2706710696220398,success,2026-08-04,
focus_jamendo_2266423__180s,focus_jamendo_2266423,focus,discovery,180.0,features/chroma/180s/focus/discovery/focus_jamendo_2266423__180s.npz,34f7e2c4a476883e9176f2b4a3c4dcccd796efc2a4b4a4837607a5c74c37e1c8,features/pitch_v2/180s/focus/discovery/focus_jamendo_2266423__180s.npz,8b9276eb87bbe4ace88d97c6f400dde0e4a497afed60a5c3f1285ec6b3eb7d5f,172e7094b7a170b50058cc2cfb72f89054f951dc2bf8506ae0e3381d3977a7c8,398,333,65,8,0.22063258290290833,success,2026-08-04,
focus_jamendo_2266423__300s,focus_jamendo_2266423,focus,discovery,300.0,features/chroma/300s/focus/discovery/focus_jamendo_2266423__300s.npz,d7cde59bf4d89f787f71fa79828cb688def02c66af9d9850da2632e5fb6905d7,features/pitch_v2/300s/focus/discovery/focus_jamendo_2266423__300s.npz,f5944973963052bbeea47fe5fef635f481f3f19178e91eaf8ce9dff36c3a928a,172e7094b7a170b50058cc2cfb72f89054f951dc2bf8506ae0e3381d3977a7c8,660,538,122,8,0.2165747880935669,success,2026-08-04,
focus_jamendo_2269943__180s,focus_jamendo_2269943,focus,discovery,180.0,features/chroma/180s/focus/discovery/focus_jamendo_2269943__180s.npz,3f6d0be195a7b1f87fa8058cc6c1e9c8007c7360f77fcf72657b13309a3004cd,features/pitch_v2/180s/focus/discovery/focus_jamendo_2269943__180s.npz,ebd132df81e8e5a977af41585f9d9bf5f46fa018cd34d148b955961c2e053e62,172e7094b7a170b50058cc2cfb72f89054f951dc2bf8506ae0e3381d3977a7c8,394,284,110,5,0.18931563198566437,success,2026-08-04,
focus_jamendo_2269943__300s,focus_jamendo_2269943,focus,discovery,300.0,features/chroma/300s/focus/discovery/focus_jamendo_2269943__300s.npz,a526f3a48ac472ed99cd0660fbf0c9e4804508acbfe791d5ed6278901de1d573,features/pitch_v2/300s/focus/discovery/focus_jamendo_2269943__300s.npz,7eb9bfe082106e3b74da8b15de2e6728b3d6e2e7cc9f23208667b83229582a94,172e7094b7a170b50058cc2cfb72f89054f951dc2bf8506ae0e3381d3977a7c8,653,463,190,6,0.18965449929237366,success,2026-08-04,
focus_jamendo_2274006__180s,focus_jamendo_2274006,focus,holdout,180.0,features/chroma/180s/focus/holdout/focus_jamendo_2274006__180s.npz,055744c15470cfd3a793518b1d08899f090c25a6cd9fc161d877d7e11c8ad9be,features/pitch_v2/180s/focus/holdout/focus_jamendo_2274006__180s.npz,8e71a958a93e3dd2dec37537847652c399c4ba623c972686f7198162f88a1d0d,172e7094b7a170b50058cc2cfb72f89054f951dc2bf8506ae0e3381d3977a7c8,250,201,49,9,0.18972408771514893,success,2026-08-04,
focus_jamendo_2274006__300s,focus_jamendo_2274006,focus,holdout,300.0,features/chroma/300s/focus/holdout/focus_jamendo_2274006__300s.npz,055744c15470cfd3a793518b1d08899f090c25a6cd9fc161d877d7e11c8ad9be,features/pitch_v2/300s/focus/holdout/focus_jamendo_2274006__300s.npz,8e71a958a93e3dd2dec37537847652c399c4ba623c972686f7198162f88a1d0d,172e7094b7a170b50058cc2cfb72f89054f951dc2bf8506ae0e3381d3977a7c8,250,201,49,9,0.18972408771514893,success,2026-08-04,
focus_jamendo_2276079__180s,focus_jamendo_2276079,focus,discovery,180.0,features/chroma/180s/focus/discovery/focus_jamendo_2276079__180s.npz,a646125947306eacfc65f89332fe7e2d102b4a4f2aa5ce3d8fb3bc8c123563e6,features/pitch_v2/180s/focus/discovery/focus_jamendo_2276079__180s.npz,bbdbc46437f1f56adda1740fcdde8ca8c7fd632767eb597fd63587ea1fa2ab5c,172e7094b7a170b50058cc2cfb72f89054f951dc2bf8506ae0e3381d3977a7c8,382,304,78,7,0.18312808871269226,success,2026-08-04,
focus_jamendo_2276079__300s,focus_jamendo_2276079,focus,discovery,300.0,features/chroma/300s/focus/discovery/focus_jamendo_2276079__300s.npz,ab56519aa6febf1c194cf6c172aaff398f646530b64251a19a613ea2b30aa469,features/pitch_v2/300s/focus/discovery/focus_jamendo_2276079__300s.npz,61fc477e0df4d9884ba2973ec6a9fab38914551b0a709c7097c260ee50893536,172e7094b7a170b50058cc2cfb72f89054f951dc2bf8506ae0e3381d3977a7c8,636,519,117,8,0.179811030626297,success,2026-08-04,
focus_jamendo_2276080__180s,focus_jamendo_2276080,focus,discovery,180.0,features/chroma/180s/focus/discovery/focus_jamendo_2276080__180s.npz,7c163da0a18256a31e2e5066204081fbbe0a57ed7a0bf2db7ebee238f346569b,features/pitch_v2/180s/focus/discovery/focus_jamendo_2276080__180s.npz,83cbe31db7994fa22944b8703b4b20f2bd33fa3e8846cc4fc268f661144e3a92,172e7094b7a170b50058cc2cfb72f89054f951dc2bf8506ae0e3381d3977a7c8,392,320,72,10,0.1842527538537979,success,2026-08-04,
focus_jamendo_2276080__300s,focus_jamendo_2276080,focus,discovery,300.0,features/chroma/300s/focus/discovery/focus_jamendo_2276080__300s.npz,ee43f3a661447a5248b20f08d81b9e75b6e8d74cdaf4c85b0a900e4d49b9c72a,features/pitch_v2/300s/focus/discovery/focus_jamendo_2276080__300s.npz,f8db33917a1c357b1fc74f5f8f14b78062373c98d6bb49260287f33e4fc1c613,172e7094b7a170b50058cc2cfb72f89054f951dc2bf8506ae0e3381d3977a7c8,650,540,110,10,0.1882328987121582,success,2026-08-04,
focus_jamendo_2279515__180s,focus_jamendo_2279515,focus,discovery,180.0,features/chroma/180s/focus/discovery/focus_jamendo_2279515__180s.npz,56c9e48c9f9b8ecef42b44c48d34512fc7d14b619774b5c889c93cec979416e3,features/pitch_v2/180s/focus/discovery/focus_jamendo_2279515__180s.npz,cf93c475635d4b0498fa0bbc6059e2f382ef5ce1b2aef58f7d228d8ab45e7faf,172e7094b7a170b50058cc2cfb72f89054f951dc2bf8506ae0e3381d3977a7c8,384,325,59,8,0.15173758566379547,success,2026-08-04,
focus_jamendo_2279515__300s,focus_jamendo_2279515,focus,discovery,300.0,features/chroma/300s/focus/discovery/focus_jamendo_2279515__300s.npz,4e5496cb371546431046cd888b52296abfba5698cdb126443e5fc4851698e133,features/pitch_v2/300s/focus/discovery/focus_jamendo_2279515__300s.npz,2385bca0694c0c5236f94f9027d6b598ba5d8deb9fae829b17e8ee43c4fd4a75,172e7094b7a170b50058cc2cfb72f89054f951dc2bf8506ae0e3381d3977a7c8,501,433,68,10,0.1531880795955658,success,2026-08-04,
focus_jamendo_2280562__180s,focus_jamendo_2280562,focus,discovery,180.0,features/chroma/180s/focus/discovery/focus_jamendo_2280562__180s.npz,22097998862cb7641b97fe41950687f45ad1b75a6a680a6374e24dd9eae46221,features/pitch_v2/180s/focus/discovery/focus_jamendo_2280562__180s.npz,74b1b68c6023339c600068c6bbbc9c5ec36ae60ae27a7d731d766627c9020f91,172e7094b7a170b50058cc2cfb72f89054f951dc2bf8506ae0e3381d3977a7c8,382,354,28,8,0.21368670463562012,success,2026-08-04,
focus_jamendo_2280562__300s,focus_jamendo_2280562,focus,discovery,300.0,features/chroma/300s/focus/discovery/focus_jamendo_2280562__300s.npz,5a68d1c722574900e744a2a7994ff710f04cc13dbe5d0277b7c108f9a315f2ae,features/pitch_v2/300s/focus/discovery/focus_jamendo_2280562__300s.npz,47ca6e6c56c5e95eb10630f86ad615febf82667232e26c4ee0f7305bb36eb142,172e7094b7a170b50058cc2cfb72f89054f951dc2bf8506ae0e3381d3977a7c8,469,421,48,8,0.21211178600788116,success,2026-08-04,
