segment_id,track_id,group,split,scale_seconds,representation,method,sequence_points,synthetic_loop_score,shuffled_score,loop_score,path_h1_cycle_strength,path_h1_betti_max,path_h1_betti_auc,phase_edge_q25,phase_edge_mean,dominant_period_seconds,lag_peak_strength,h1_max_persistence,h1_best_persistence
classical_musicnet_1727__180s,classical_musicnet_1727,classical,discovery,180.0,path_acoustic_phase,phase_lifted_path_homology,89,,,0.35741672189879825,0.35741672189879825,1.0,0.325,0.36793220492356016,0.390333564125598,12.0,0.18716788482675106,0.0,0.0
classical_musicnet_1727__180s,classical_musicnet_1727,classical,discovery,180.0,path_rhythm_phase,phase_lifted_path_homology,89,,,0.33923644681153964,0.33923644681153964,1.0,0.275,0.3562163178847018,0.39630435578977147,14.0,0.22788883779162283,0.0,0.0
classical_musicnet_1727__300s,classical_musicnet_1727,classical,discovery,300.0,path_acoustic_phase,phase_lifted_path_homology,149,,,0.38932140593760445,0.38932140593760445,1.0,0.325,0.39297483064641686,0.40758205704008743,12.0,0.21264662893484987,0.0,0.0
classical_musicnet_1727__300s,classical_musicnet_1727,classical,discovery,300.0,path_rhythm_phase,phase_lifted_path_homology,149,,,0.36556186474992974,0.36556186474992974,1.0,0.325,0.3752358453776672,0.4026480336797989,14.0,0.23367202546857957,0.0,0.0
classical_musicnet_1728__180s,classical_musicnet_1728,classical,discovery,180.0,path_acoustic_phase,phase_lifted_path_homology,89,,,0.44550264537897744,0.44550264537897744,1.0,0.375,0.4511550869794478,0.47572396505604925,34.0,0.2586820060173558,0.0,0.0
classical_musicnet_1728__180s,classical_musicnet_1728,classical,discovery,180.0,path_rhythm_phase,phase_lifted_path_homology,89,,,0.36671260728753985,0.36671260728753985,1.0,0.325,0.37669286935894586,0.4051908282221239,12.0,0.1827122177146887,0.0,0.0
classical_musicnet_1728__300s,classical_musicnet_1728,classical,discovery,300.0,path_acoustic_phase,phase_lifted_path_homology,125,,,0.4198321180467779,0.4198321180467779,1.0,0.375,0.42332585924494,0.4486065706920086,36.0,0.14066933669548942,0.0,0.0
classical_musicnet_1728__300s,classical_musicnet_1728,classical,discovery,300.0,path_rhythm_phase,phase_lifted_path_homology,125,,,0.32114582968027094,0.32114582968027094,1.0,0.275,0.3489995370911891,0.39993788834766536,36.0,0.1689935921739607,0.0,0.0
classical_musicnet_1729__180s,classical_musicnet_1729,classical,discovery,180.0,path_acoustic_phase,phase_lifted_path_homology,89,,,0.38159404228983906,0.38159404228983906,1.0,0.325,0.39167701756877166,0.41806129256025293,12.0,0.17458172782538983,0.0,0.0
classical_musicnet_1729__180s,classical_musicnet_1729,classical,discovery,180.0,path_rhythm_phase,phase_lifted_path_homology,89,,,0.3247034908050188,0.3247034908050188,1.0,0.275,0.3408610919840658,0.396977439910785,18.0,0.22746616717039259,0.0,0.0
classical_musicnet_1729__300s,classical_musicnet_1729,classical,discovery,300.0,path_acoustic_phase,phase_lifted_path_homology,149,,,0.4144895250694678,0.4144895250694678,1.0,0.375,0.41536947802564506,0.42365194045111315,12.0,0.1687554150472086,0.0,0.0
classical_musicnet_1729__300s,classical_musicnet_1729,classical,discovery,300.0,path_rhythm_phase,phase_lifted_path_homology,149,,,0.3176522403354476,0.3176522403354476,1.0,0.275,0.3428121934101073,0.40523613478331516,18.0,0.12549637840212235,0.0,0.0
classical_musicnet_1730__180s,classical_musicnet_1730,classical,discovery,180.0,path_acoustic_phase,phase_lifted_path_homology,89,,,0.388220661656369,0.388220661656369,1.0,0.325,0.39843299896008166,0.41608189568090825,14.0,0.17825272171551831,0.0,0.0
classical_musicnet_1730__180s,classical_musicnet_1730,classical,discovery,180.0,path_rhythm_phase,phase_lifted_path_homology,89,,,0.3501888064553873,0.3501888064553873,1.0,0.325,0.36542685950046916,0.3914885880084545,12.0,0.15655721487721608,0.0,0.0
classical_musicnet_1730__300s,classical_musicnet_1730,classical,discovery,300.0,path_acoustic_phase,phase_lifted_path_homology,149,,,0.41593938915263234,0.41593938915263234,1.0,0.375,0.417833877911261,0.4256941079867935,12.0,0.1534597049033759,0.0,0.0
classical_musicnet_1730__300s,classical_musicnet_1730,classical,discovery,300.0,path_rhythm_phase,phase_lifted_path_homology,149,,,0.38456464572029847,0.38456464572029847,1.0,0.325,0.3865293615241241,0.4031692407667482,12.0,0.12982236236715705,0.0,0.0
classical_musicnet_1739__180s,classical_musicnet_1739,classical,discovery,180.0,path_acoustic_phase,phase_lifted_path_homology,89,,,0.3010281861951344,0.3010281861951344,1.0,0.275,0.3173888855606789,0.36567111641394184,48.0,0.15335590431915835,0.0,0.0
classical_musicnet_1739__180s,classical_musicnet_1739,classical,discovery,180.0,path_rhythm_phase,phase_lifted_path_homology,89,,,0.3683640261925682,0.3683640261925682,1.0,0.325,0.3749773496688231,0.3947639029444121,46.0,0.08825621249438731,0.0,0.0
classical_musicnet_1739__300s,classical_musicnet_1739,classical,discovery,300.0,path_acoustic_phase,phase_lifted_path_homology,149,,,0.37982910508943357,0.37982910508943357,1.0,0.325,0.3806011010494929,0.39094261957623716,12.0,0.05671897101579759,0.0,0.0
classical_musicnet_1739__300s,classical_musicnet_1739,classical,discovery,300.0,path_rhythm_phase,phase_lifted_path_homology,149,,,0.3739537244535978,0.3739537244535978,1.0,0.325,0.3784678559275658,0.3963835885614977,64.0,0.10108144395927798,0.0,0.0
classical_musicnet_1742__180s,classical_musicnet_1742,classical,discovery,180.0,path_acoustic_phase,phase_lifted_path_homology,89,,,0.4428797475775048,0.4428797475775048,1.0,0.375,0.44417973082454126,0.4557023408483188,14.0,0.1959844171627969,0.0,0.0
classical_musicnet_1742__180s,classical_musicnet_1742,classical,discovery,180.0,path_rhythm_phase,phase_lifted_path_homology,89,,,0.3667563289050002,0.3667563289050002,1.0,0.325,0.3801902870858224,0.4307433481467456,26.0,0.14242518825836215,0.0,0.0
classical_musicnet_1742__300s,classical_musicnet_1742,classical,discovery,300.0,path_acoustic_phase,phase_lifted_path_homology,149,,,0.4224838968523827,0.4224838968523827,1.0,0.375,0.4255785025468276,0.44939546910022404,28.0,0.2330923466615924,0.0,0.0
classical_musicnet_1742__300s,classical_musicnet_1742,classical,discovery,300.0,path_rhythm_phase,phase_lifted_path_homology,149,,,0.42365800240968027,0.42365800240968027,1.0,0.375,0.42540886775661957,0.4564805974284469,28.0,0.11056985068943759,0.0,0.0
classical_musicnet_1763__180s,classical_musicnet_1763,classical,discovery,180.0,path_acoustic_phase,phase_lifted_path_homology,89,,,0.3446970183731558,0.3446970183731558,1.0,0.275,0.3651630304586123,0.4064164983288132,12.0,0.20722895779227546,0.0,0.0
classical_musicnet_1763__180s,classical_musicnet_1763,classical,discovery,180.0,path_rhythm_phase,phase_lifted_path_homology,89,,,0.3929753565556212,0.3929753565556212,1.0,0.325,0.40061804438375476,0.4164705393560026,12.0,0.18830171847526644,0.0,0.0
classical_musicnet_1763__300s,classical_musicnet_1763,classical,discovery,300.0,path_acoustic_phase,phase_lifted_path_homology,149,,,0.3597975859538325,0.3597975859538325,1.0,0.325,0.366587036846079,0.39538093340148817,60.0,0.1373853088297705,0.0,0.0
classical_musicnet_1763__300s,classical_musicnet_1763,classical,discovery,300.0,path_rhythm_phase,phase_lifted_path_homology,149,,,0.388464028832785,0.388464028832785,1.0,0.325,0.3915750862397042,0.4082019502971455,12.0,0.16542190421943048,0.0,0.0
classical_musicnet_1764__180s,classical_musicnet_1764,classical,discovery,180.0,path_acoustic_phase,phase_lifted_path_homology,89,,,0.4657733096812256,0.4657733096812256,1.0,0.425,0.47178697907372247,0.5099639465678473,48.0,0.5508414077675892,0.0,0.0
classical_musicnet_1764__180s,classical_musicnet_1764,classical,discovery,180.0,path_rhythm_phase,phase_lifted_path_homology,89,,,0.34174263302992247,0.34174263302992247,1.0,0.275,0.3627314341888871,0.4052079289710277,48.0,0.20342684106116637,0.0,0.0
classical_musicnet_1764__300s,classical_musicnet_1764,classical,discovery,300.0,path_acoustic_phase,phase_lifted_path_homology,149,,,0.39412504415510907,0.39412504415510907,1.0,0.325,0.39444741658812893,0.41590390946814254,16.0,0.14865013786994363,0.0,0.0
classical_musicnet_1764__300s,classical_musicnet_1764,classical,discovery,300.0,path_rhythm_phase,phase_lifted_path_homology,149,,,0.2814523462666937,0.2814523462666937,1.0,0.225,0.3002987390241398,0.3795187604972851,48.0,0.21882069354701938,0.0,0.0
classical_musicnet_1765__180s,classical_musicnet_1765,classical,discovery,180.0,path_acoustic_phase,phase_lifted_path_homology,89,,,0.39990731616486985,0.39990731616486985,1.0,0.325,0.4019110285523189,0.41533605042303634,32.0,0.2078343366274924,0.0,0.0
classical_musicnet_1765__180s,classical_musicnet_1765,classical,discovery,180.0,path_rhythm_phase,phase_lifted_path_homology,89,,,0.33971587176672013,0.33971587176672013,1.0,0.275,0.36111852752097945,0.4012073128179739,14.0,0.16207727963380636,0.0,0.0
classical_musicnet_1765__300s,classical_musicnet_1765,classical,discovery,300.0,path_acoustic_phase,phase_lifted_path_homology,149,,,0.3656485575426806,0.3656485575426806,1.0,0.325,0.3732401544639119,0.3942987052639504,32.0,0.12027447712574646,0.0,0.0
classical_musicnet_1765__300s,classical_musicnet_1765,classical,discovery,300.0,path_rhythm_phase,phase_lifted_path_homology,149,,,0.366347652439626,0.366347652439626,1.0,0.325,0.3732213378891657,0.3929027370365761,30.0,0.13901699969600712,0.0,0.0
classical_musicnet_1766__180s,classical_musicnet_1766,classical,discovery,180.0,path_acoustic_phase,phase_lifted_path_homology,89,,,0.38786231499376606,0.38786231499376606,1.0,0.325,0.3884711237372219,0.3927186658579945,12.0,0.2558948005893331,0.0,0.0
classical_musicnet_1766__180s,classical_musicnet_1766,classical,discovery,180.0,path_rhythm_phase,phase_lifted_path_homology,89,,,0.33361956731802633,0.33361956731802633,1.0,0.275,0.3394284348686731,0.3697531956611133,22.0,0.1706116660277437,0.0,0.0
classical_musicnet_1766__300s,classical_musicnet_1766,classical,discovery,300.0,path_acoustic_phase,phase_lifted_path_homology,149,,,0.3861653713796859,0.3861653713796859,1.0,0.325,0.3865114644602056,0.3943235063202779,12.0,0.16804934693036966,0.0,0.0
classical_musicnet_1766__300s,classical_musicnet_1766,classical,discovery,300.0,path_rhythm_phase,phase_lifted_path_homology,149,,,0.31140460781015955,0.31140460781015955,1.0,0.275,0.32922463820061165,0.3731557307217746,28.0,0.08560830768169558,0.0,0.0
classical_musicnet_1805__180s,classical_musicnet_1805,classical,discovery,180.0,path_acoustic_phase,phase_lifted_path_homology,89,,,0.3509488477297957,0.3509488477297957,1.0,0.325,0.35656948560674856,0.37120832256865505,54.0,0.11357862976696453,0.0,0.0
classical_musicnet_1805__180s,classical_musicnet_1805,classical,discovery,180.0,path_rhythm_phase,phase_lifted_path_homology,89,,,0.33322941517247506,0.33322941517247506,1.0,0.275,0.34808144428941074,0.39036020612991734,42.0,0.1382213491934723,0.0,0.0
classical_musicnet_1805__300s,classical_musicnet_1805,classical,discovery,300.0,path_acoustic_phase,phase_lifted_path_homology,149,,,0.33910165222990296,0.33910165222990296,1.0,0.275,0.3452905527167356,0.3785642044430127,24.0,0.08990816187591921,0.0,0.0
classical_musicnet_1805__300s,classical_musicnet_1805,classical,discovery,300.0,path_rhythm_phase,phase_lifted_path_homology,149,,,0.3746137897254314,0.3746137897254314,1.0,0.325,0.37593493588362914,0.39226698204441207,34.0,0.06884412914589522,0.0,0.0
classical_musicnet_1807__180s,classical_musicnet_1807,classical,discovery,180.0,path_acoustic_phase,phase_lifted_path_homology,89,,,0.35207170010263855,0.35207170010263855,1.0,0.325,0.35303224986346127,0.3769165973328354,16.0,0.19419849495674302,0.0,0.0
classical_musicnet_1807__180s,classical_musicnet_1807,classical,discovery,180.0,path_rhythm_phase,phase_lifted_path_homology,89,,,0.3169540307550621,0.3169540307550621,1.0,0.275,0.33318403805801333,0.36650842756079477,16.0,0.0921173007594307,0.0,0.0
classical_musicnet_1807__300s,classical_musicnet_1807,classical,discovery,300.0,path_acoustic_phase,phase_lifted_path_homology,149,,,0.27326844358059366,0.27326844358059366,1.0,0.225,0.27573281731779176,0.33957557790543996,64.0,0.09369989361505682,0.0,0.0
classical_musicnet_1807__300s,classical_musicnet_1807,classical,discovery,300.0,path_rhythm_phase,phase_lifted_path_homology,149,,,0.3264484911266789,0.3264484911266789,1.0,0.275,0.3295849781522976,0.3465134620001389,34.0,0.08032310820835376,0.0,0.0
classical_musicnet_1811__180s,classical_musicnet_1811,classical,discovery,180.0,path_acoustic_phase,phase_lifted_path_homology,89,,,0.3802965680979336,0.3802965680979336,1.0,0.325,0.38342992678735605,0.3940583982124504,22.0,0.12124239900123035,0.0,0.0
classical_musicnet_1811__180s,classical_musicnet_1811,classical,discovery,180.0,path_rhythm_phase,phase_lifted_path_homology,89,,,0.3782691761697228,0.3782691761697228,1.0,0.325,0.38389434970291225,0.40065570555251234,12.0,0.08685123615050605,0.0,0.0
classical_musicnet_1811__300s,classical_musicnet_1811,classical,discovery,300.0,path_acoustic_phase,phase_lifted_path_homology,149,,,0.3794427594539212,0.3794427594539212,1.0,0.325,0.38112539943389767,0.3885825692609482,40.0,0.06329545050702201,0.0,0.0
classical_musicnet_1811__300s,classical_musicnet_1811,classical,discovery,300.0,path_rhythm_phase,phase_lifted_path_homology,149,,,0.34415551191511173,0.34415551191511173,1.0,0.275,0.35633279850311184,0.38282660522146356,14.0,0.12088143201513235,0.0,0.0
classical_musicnet_1812__180s,classical_musicnet_1812,classical,discovery,180.0,path_acoustic_phase,phase_lifted_path_homology,89,,,0.35279155422582076,0.35279155422582076,1.0,0.325,0.356263547939636,0.3750654028089853,24.0,0.08706233344236436,0.0,0.0
classical_musicnet_1812__180s,classical_musicnet_1812,classical,discovery,180.0,path_rhythm_phase,phase_lifted_path_homology,89,,,0.3750828772754617,0.3750828772754617,1.0,0.325,0.3807159745877192,0.39323536489106486,38.0,0.07862440550934435,0.0,0.0
classical_musicnet_1812__300s,classical_musicnet_1812,classical,discovery,300.0,path_acoustic_phase,phase_lifted_path_homology,149,,,0.3850501185654103,0.3850501185654103,1.0,0.325,0.38686686759839006,0.40007072152271617,22.0,0.11266208625012575,0.0,0.0
classical_musicnet_1812__300s,classical_musicnet_1812,classical,discovery,300.0,path_rhythm_phase,phase_lifted_path_homology,149,,,0.3644495126032327,0.3644495126032327,1.0,0.325,0.3709503890911383,0.38621343246943557,22.0,0.08388521342640365,0.0,0.0
classical_musicnet_1813__180s,classical_musicnet_1813,classical,discovery,180.0,path_acoustic_phase,phase_lifted_path_homology,89,,,0.41003623741393896,0.41003623741393896,1.0,0.375,0.4138099580270624,0.4466082208422111,18.0,0.21353570914311626,0.0,0.0
classical_musicnet_1813__180s,classical_musicnet_1813,classical,discovery,180.0,path_rhythm_phase,phase_lifted_path_homology,89,,,0.3979143858241041,0.3979143858241041,1.0,0.325,0.4057230631395408,0.42432962406479574,14.0,0.1339026547593809,0.0,0.0
classical_musicnet_1813__300s,classical_musicnet_1813,classical,discovery,300.0,path_acoustic_phase,phase_lifted_path_homology,149,,,0.39958359812738126,0.39958359812738126,1.0,0.325,0.4092606947408981,0.44472695944214363,18.0,0.230563311231622,0.0,0.0
classical_musicnet_1813__300s,classical_musicnet_1813,classical,discovery,300.0,path_rhythm_phase,phase_lifted_path_homology,149,,,0.38881351387064444,0.38881351387064444,1.0,0.325,0.3986721457081695,0.4184881200331146,14.0,0.11413294403149887,0.0,0.0
classical_musicnet_1817__180s,classical_musicnet_1817,classical,discovery,180.0,path_acoustic_phase,phase_lifted_path_homology,89,,,0.3721109908018326,0.3721109908018326,1.0,0.325,0.3821357335309456,0.41545882856078303,46.0,0.25279437087740064,0.0,0.0
classical_musicnet_1817__180s,classical_musicnet_1817,classical,discovery,180.0,path_rhythm_phase,phase_lifted_path_homology,89,,,0.33404869901758244,0.33404869901758244,1.0,0.275,0.35550969204579475,0.39595011577897443,46.0,0.1509583303600004,0.0,0.0
classical_musicnet_1817__300s,classical_musicnet_1817,classical,discovery,300.0,path_acoustic_phase,phase_lifted_path_homology,124,,,0.3735516253221049,0.3735516253221049,1.0,0.325,0.37458151161354214,0.38247336033704094,46.0,0.09912910563730648,0.0,0.0
classical_musicnet_1817__300s,classical_musicnet_1817,classical,discovery,300.0,path_rhythm_phase,phase_lifted_path_homology,124,,,0.34278404357068165,0.34278404357068165,1.0,0.275,0.3495568842553445,0.3716384936097987,28.0,0.13395168614288822,0.0,0.0
classical_musicnet_1818__180s,classical_musicnet_1818,classical,discovery,180.0,path_acoustic_phase,phase_lifted_path_homology,89,,,0.34746600463140365,0.34746600463140365,1.0,0.275,0.34963095084209445,0.3621319449542581,20.0,0.08676382972639152,0.0,0.0
classical_musicnet_1818__180s,classical_musicnet_1818,classical,discovery,180.0,path_rhythm_phase,phase_lifted_path_homology,89,,,0.30750853200678846,0.30750853200678846,1.0,0.275,0.3178732956905468,0.34890008152756824,18.0,0.10046603481472327,0.0,0.0
classical_musicnet_1818__300s,classical_musicnet_1818,classical,discovery,300.0,path_acoustic_phase,phase_lifted_path_homology,149,,,0.3426778556947298,0.3426778556947298,1.0,0.275,0.3522890025860672,0.37046197950047005,12.0,0.05731177306778856,0.0,0.0
classical_musicnet_1818__300s,classical_musicnet_1818,classical,discovery,300.0,path_rhythm_phase,phase_lifted_path_homology,149,,,0.3389194776500466,0.3389194776500466,1.0,0.275,0.3410341344740977,0.3650193413756602,52.0,0.04304862361829431,0.0,0.0
classical_musicnet_1819__180s,classical_musicnet_1819,classical,discovery,180.0,path_acoustic_phase,phase_lifted_path_homology,88,,,0.3716031402303927,0.3716031402303927,1.0,0.325,0.38775491179279975,0.42218142465986536,26.0,0.1219236291958492,0.0,0.0
classical_musicnet_1819__180s,classical_musicnet_1819,classical,discovery,180.0,path_rhythm_phase,phase_lifted_path_homology,88,,,0.38082957551180624,0.38082957551180624,1.0,0.325,0.3848040583073652,0.4075764203389411,26.0,0.23489161536866587,0.0,0.0
classical_musicnet_1819__300s,classical_musicnet_1819,classical,discovery,300.0,path_acoustic_phase,phase_lifted_path_homology,88,,,0.3716031402303927,0.3716031402303927,1.0,0.325,0.38775491179279975,0.42218142465986536,26.0,0.1219236291958492,0.0,0.0
classical_musicnet_1819__300s,classical_musicnet_1819,classical,discovery,300.0,path_rhythm_phase,phase_lifted_path_homology,88,,,0.38082957551180624,0.38082957551180624,1.0,0.325,0.3848040583073652,0.4075764203389411,26.0,0.23489161536866587,0.0,0.0
classical_musicnet_1828__180s,classical_musicnet_1828,classical,discovery,180.0,path_acoustic_phase,phase_lifted_path_homology,89,,,0.3475972238906426,0.3475972238906426,1.0,0.275,0.3549022260567331,0.37158820092351036,58.0,0.117113942406887,0.0,0.0
classical_musicnet_1828__180s,classical_musicnet_1828,classical,discovery,180.0,path_rhythm_phase,phase_lifted_path_homology,89,,,0.3732225945071246,0.3732225945071246,1.0,0.325,0.3748981823808164,0.3809017853455256,56.0,0.14844080681358052,0.0,0.0
classical_musicnet_1828__300s,classical_musicnet_1828,classical,discovery,300.0,path_acoustic_phase,phase_lifted_path_homology,132,,,0.3662567915850647,0.3662567915850647,1.0,0.325,0.37086783502055065,0.38410899541879434,36.0,0.16245222442591145,0.0,0.0
classical_musicnet_1828__300s,classical_musicnet_1828,classical,discovery,300.0,path_rhythm_phase,phase_lifted_path_homology,132,,,0.3653464924915567,0.3653464924915567,1.0,0.325,0.3669624442326478,0.38075912622512115,50.0,0.09083272071603865,0.0,0.0
classical_musicnet_1829__180s,classical_musicnet_1829,classical,discovery,180.0,path_acoustic_phase,phase_lifted_path_homology,89,,,0.28816085845217226,0.28816085845217226,1.0,0.225,0.31321017106107923,0.35658252172109944,54.0,0.10538597376894288,0.0,0.0
classical_musicnet_1829__180s,classical_musicnet_1829,classical,discovery,180.0,path_rhythm_phase,phase_lifted_path_homology,89,,,0.30898681188209154,0.30898681188209154,1.0,0.275,0.31452295191340507,0.36239069861710793,14.0,0.08142381199703763,0.0,0.0
classical_musicnet_1829__300s,classical_musicnet_1829,classical,discovery,300.0,path_acoustic_phase,phase_lifted_path_homology,149,,,0.3653450791866139,0.3653450791866139,1.0,0.325,0.3686439229575182,0.3852539826948411,30.0,0.09770430564336641,0.0,0.0
classical_musicnet_1829__300s,classical_musicnet_1829,classical,discovery,300.0,path_rhythm_phase,phase_lifted_path_homology,149,,,0.3386919138119475,0.3386919138119475,1.0,0.275,0.3451008112708153,0.37581193935339646,32.0,0.07546753343873402,0.0,0.0
classical_musicnet_1835__180s,classical_musicnet_1835,classical,discovery,180.0,path_acoustic_phase,phase_lifted_path_homology,89,,,0.36752885215519066,0.36752885215519066,1.0,0.325,0.3850807840179427,0.43292829938573846,34.0,0.3221185825313009,0.0,0.0
classical_musicnet_1835__180s,classical_musicnet_1835,classical,discovery,180.0,path_rhythm_phase,phase_lifted_path_homology,89,,,0.38208661922171105,0.38208661922171105,1.0,0.325,0.3899924172746623,0.40826112066564063,28.0,0.1957689887156997,0.0,0.0
classical_musicnet_1835__300s,classical_musicnet_1835,classical,discovery,300.0,path_acoustic_phase,phase_lifted_path_homology,117,,,0.32819742006936325,0.32819742006936325,1.0,0.275,0.3588384833097653,0.41246078702801103,34.0,0.1839587638752742,0.0,0.0
classical_musicnet_1835__300s,classical_musicnet_1835,classical,discovery,300.0,path_rhythm_phase,phase_lifted_path_homology,117,,,0.3514805957203717,0.3514805957203717,1.0,0.325,0.3607817171972254,0.38887138373070534,28.0,0.11559682804516203,0.0,0.0
classical_musicnet_1859__180s,classical_musicnet_1859,classical,discovery,180.0,path_acoustic_phase,phase_lifted_path_homology,89,,,0.3697189845999491,0.3697189845999491,1.0,0.325,0.3842007505503412,0.4297418420692854,34.0,0.13833577641277017,0.0,0.0
classical_musicnet_1859__180s,classical_musicnet_1859,classical,discovery,180.0,path_rhythm_phase,phase_lifted_path_homology,89,,,0.3813698688081371,0.3813698688081371,1.0,0.325,0.38633941546817413,0.4120864315961146,34.0,0.1718354843741694,0.0,0.0
classical_musicnet_1859__300s,classical_musicnet_1859,classical,discovery,300.0,path_acoustic_phase,phase_lifted_path_homology,149,,,0.4086873946875832,0.4086873946875832,1.0,0.375,0.41675634305951786,0.4459487187545492,62.0,0.14585654368996526,0.0,0.0
classical_musicnet_1859__300s,classical_musicnet_1859,classical,discovery,300.0,path_rhythm_phase,phase_lifted_path_homology,149,,,0.36574118708689013,0.36574118708689013,1.0,0.325,0.3685445601742313,0.39154865699585567,60.0,0.09378810073861832,0.0,0.0
classical_musicnet_1872__180s,classical_musicnet_1872,classical,discovery,180.0,path_acoustic_phase,phase_lifted_path_homology,89,,,0.3881640260535265,0.3881640260535265,1.0,0.325,0.40215737984524147,0.4309027645426439,18.0,0.15907620230848463,0.0,0.0
classical_musicnet_1872__180s,classical_musicnet_1872,classical,discovery,180.0,path_rhythm_phase,phase_lifted_path_homology,89,,,0.36277907887579613,0.36277907887579613,1.0,0.325,0.3665219491846981,0.38431378724482007,12.0,0.17043630910222984,0.0,0.0
classical_musicnet_1872__300s,classical_musicnet_1872,classical,discovery,300.0,path_acoustic_phase,phase_lifted_path_homology,149,,,0.3570706491444023,0.3570706491444023,1.0,0.325,0.3626310407729836,0.3833512057459894,12.0,0.10114709773687558,0.0,0.0
classical_musicnet_1872__300s,classical_musicnet_1872,classical,discovery,300.0,path_rhythm_phase,phase_lifted_path_homology,149,,,0.3357023683545847,0.3357023683545847,1.0,0.275,0.3485135355888021,0.386155397466366,46.0,0.0711052467025508,0.0,0.0
classical_musicnet_1873__180s,classical_musicnet_1873,classical,discovery,180.0,path_acoustic_phase,phase_lifted_path_homology,89,,,0.36167383256045593,0.36167383256045593,1.0,0.325,0.369352701181503,0.39173476533276075,12.0,0.20101751766923592,0.0,0.0
classical_musicnet_1873__180s,classical_musicnet_1873,classical,discovery,180.0,path_rhythm_phase,phase_lifted_path_homology,89,,,0.38084904749089005,0.38084904749089005,1.0,0.325,0.3823409154175622,0.39258641494226537,38.0,0.09647592604176891,0.0,0.0
classical_musicnet_1873__300s,classical_musicnet_1873,classical,discovery,300.0,path_acoustic_phase,phase_lifted_path_homology,149,,,0.3962219278234905,0.3962219278234905,1.0,0.325,0.39632131168044205,0.39947618078245406,12.0,0.24426444641506784,0.0,0.0
classical_musicnet_1873__300s,classical_musicnet_1873,classical,discovery,300.0,path_rhythm_phase,phase_lifted_path_homology,149,,,0.3545158803495481,0.3545158803495481,1.0,0.325,0.35481710953985457,0.37063651161579664,46.0,0.05156213484685712,0.0,0.0
classical_musicnet_1876__180s,classical_musicnet_1876,classical,discovery,180.0,path_acoustic_phase,phase_lifted_path_homology,89,,,0.3164752640692735,0.3164752640692735,1.0,0.275,0.3286064861354685,0.3636704989731218,52.0,0.05821152250733497,0.0,0.0
classical_musicnet_1876__180s,classical_musicnet_1876,classical,discovery,180.0,path_rhythm_phase,phase_lifted_path_homology,89,,,0.3126585449759909,0.3126585449759909,1.0,0.275,0.32516127878940726,0.36493345440485,54.0,0.09019168459777349,0.0,0.0
classical_musicnet_1876__300s,classical_musicnet_1876,classical,discovery,300.0,path_acoustic_phase,phase_lifted_path_homology,149,,,0.3325630838767458,0.3325630838767458,1.0,0.275,0.3438859567362272,0.36484610018709723,52.0,0.06709659737875762,0.0,0.0
classical_musicnet_1876__300s,classical_musicnet_1876,classical,discovery,300.0,path_rhythm_phase,phase_lifted_path_homology,149,,,0.33346075263493846,0.33346075263493846,1.0,0.275,0.3450843496231473,0.37146506479068186,52.0,0.06476391997673381,0.0,0.0
classical_musicnet_1893__180s,classical_musicnet_1893,classical,discovery,180.0,path_acoustic_phase,phase_lifted_path_homology,89,,,0.39834757819480204,0.39834757819480204,1.0,0.325,0.3991445769952508,0.40983040932945425,32.0,0.25606678640067804,0.0,0.0
classical_musicnet_1893__180s,classical_musicnet_1893,classical,discovery,180.0,path_rhythm_phase,phase_lifted_path_homology,89,,,0.3335038269615884,0.3335038269615884,1.0,0.275,0.3495706371781149,0.3984948606211223,32.0,0.2025879670855779,0.0,0.0
classical_musicnet_1893__300s,classical_musicnet_1893,classical,discovery,300.0,path_acoustic_phase,phase_lifted_path_homology,149,,,0.3501292744931656,0.3501292744931656,1.0,0.325,0.35073669258946805,0.37138331160729265,50.0,0.042948802367225314,0.0,0.0
classical_musicnet_1893__300s,classical_musicnet_1893,classical,discovery,300.0,path_rhythm_phase,phase_lifted_path_homology,149,,,0.34152881176829397,0.34152881176829397,1.0,0.275,0.3424801467801406,0.3704326451954736,58.0,0.0906191317470737,0.0,0.0
classical_musicnet_2075__180s,classical_musicnet_2075,classical,discovery,180.0,path_acoustic_phase,phase_lifted_path_homology,89,,,0.3383451462438131,0.3383451462438131,1.0,0.275,0.34162918496912587,0.36464236380272547,50.0,0.1320284055184644,0.0,0.0
classical_musicnet_2075__180s,classical_musicnet_2075,classical,discovery,180.0,path_rhythm_phase,phase_lifted_path_homology,89,,,0.31922612503981246,0.31922612503981246,1.0,0.275,0.33201266761018955,0.3586148444209749,46.0,0.1046928993030729,0.0,0.0
classical_musicnet_2075__300s,classical_musicnet_2075,classical,discovery,300.0,path_acoustic_phase,phase_lifted_path_homology,149,,,0.3742486494850216,0.3742486494850216,1.0,0.325,0.3770190780134265,0.3901927406863126,16.0,0.08950901322656213,0.0,0.0
classical_musicnet_2075__300s,classical_musicnet_2075,classical,discovery,300.0,path_rhythm_phase,phase_lifted_path_homology,149,,,0.3458129588108866,0.3458129588108866,1.0,0.275,0.3547046524412686,0.37789807206131315,42.0,0.09324854220243384,0.0,0.0
classical_musicnet_2076__180s,classical_musicnet_2076,classical,discovery,180.0,path_acoustic_phase,phase_lifted_path_homology,89,,,0.28929898845645274,0.28929898845645274,1.0,0.225,0.3038305217329378,0.34879277772106215,52.0,0.10793564462345318,0.0,0.0
classical_musicnet_2076__180s,classical_musicnet_2076,classical,discovery,180.0,path_rhythm_phase,phase_lifted_path_homology,89,,,0.35773735845865556,0.35773735845865556,1.0,0.325,0.36157598112627354,0.38566545286219917,16.0,0.10801487620915684,0.0,0.0
classical_musicnet_2076__300s,classical_musicnet_2076,classical,discovery,300.0,path_acoustic_phase,phase_lifted_path_homology,123,,,0.3390418359419551,0.3390418359419551,1.0,0.275,0.3394737882088755,0.37040311178875657,46.0,0.0942045708742214,0.0,0.0
classical_musicnet_2076__300s,classical_musicnet_2076,classical,discovery,300.0,path_rhythm_phase,phase_lifted_path_homology,123,,,0.3396948437374407,0.3396948437374407,1.0,0.275,0.34561644236306166,0.370416876975326,24.0,0.08154576563068106,0.0,0.0
classical_musicnet_2077__180s,classical_musicnet_2077,classical,discovery,180.0,path_acoustic_phase,phase_lifted_path_homology,89,,,0.3473935098089452,0.3473935098089452,1.0,0.275,0.34748573608710087,0.3584309439931949,30.0,0.11687600091730199,0.0,0.0
classical_musicnet_2077__180s,classical_musicnet_2077,classical,discovery,180.0,path_rhythm_phase,phase_lifted_path_homology,89,,,0.30878471728579154,0.30878471728579154,1.0,0.275,0.3120524991813674,0.33281099543930653,30.0,0.11823339391707366,0.0,0.0
classical_musicnet_2077__300s,classical_musicnet_2077,classical,discovery,300.0,path_acoustic_phase,phase_lifted_path_homology,124,,,0.35516050510840413,0.35516050510840413,1.0,0.325,0.36014719895057007,0.37280298199118733,30.0,0.12495954152117417,0.0,0.0
classical_musicnet_2077__300s,classical_musicnet_2077,classical,discovery,300.0,path_rhythm_phase,phase_lifted_path_homology,124,,,0.3586932292057511,0.3586932292057511,1.0,0.325,0.3608904102483574,0.38754203077126054,64.0,0.1341869471896846,0.0,0.0
classical_musicnet_2078__180s,classical_musicnet_2078,classical,discovery,180.0,path_acoustic_phase,phase_lifted_path_homology,89,,,0.3655599809218187,0.3655599809218187,1.0,0.325,0.3656195583191513,0.38239667967042745,12.0,0.16680665119331883,0.0,0.0
classical_musicnet_2078__180s,classical_musicnet_2078,classical,discovery,180.0,path_rhythm_phase,phase_lifted_path_homology,89,,,0.3141627196483591,0.3141627196483591,1.0,0.275,0.3296805648668403,0.3644498290303093,28.0,0.10590294952424362,0.0,0.0
classical_musicnet_2078__300s,classical_musicnet_2078,classical,discovery,300.0,path_acoustic_phase,phase_lifted_path_homology,149,,,0.36815065067366853,0.36815065067366853,1.0,0.325,0.3735462103490461,0.38397895639237906,16.0,0.15236919301048113,0.0,0.0
classical_musicnet_2078__300s,classical_musicnet_2078,classical,discovery,300.0,path_rhythm_phase,phase_lifted_path_homology,149,,,0.3592405471102708,0.3592405471102708,1.0,0.325,0.3660855883205354,0.39167418683999583,12.0,0.08549660690863958,0.0,0.0
classical_musicnet_2079__180s,classical_musicnet_2079,classical,discovery,180.0,path_acoustic_phase,phase_lifted_path_homology,89,,,0.3579593627016162,0.3579593627016162,1.0,0.325,0.3603058805075724,0.3795923613313505,46.0,0.1553366430307419,0.0,0.0
classical_musicnet_2079__180s,classical_musicnet_2079,classical,discovery,180.0,path_rhythm_phase,phase_lifted_path_homology,89,,,0.36564753722449933,0.36564753722449933,1.0,0.325,0.3666862167989924,0.3776820417367383,58.0,0.13095490409518984,0.0,0.0
classical_musicnet_2079__300s,classical_musicnet_2079,classical,discovery,300.0,path_acoustic_phase,phase_lifted_path_homology,138,,,0.33911448690430185,0.33911448690430185,1.0,0.275,0.3556667943512031,0.38538372516018177,58.0,0.10662417487496323,0.0,0.0
classical_musicnet_2079__300s,classical_musicnet_2079,classical,discovery,300.0,path_rhythm_phase,phase_lifted_path_homology,138,,,0.3189872372639305,0.3189872372639305,1.0,0.275,0.33048311838022637,0.3595904212172829,64.0,0.09970454524003758,0.0,0.0
classical_musicnet_2080__180s,classical_musicnet_2080,classical,discovery,180.0,path_acoustic_phase,phase_lifted_path_homology,89,,,0.37204071533771377,0.37204071533771377,1.0,0.325,0.3724847737751546,0.3805680052188047,28.0,0.12211892496506471,0.0,0.0
classical_musicnet_2080__180s,classical_musicnet_2080,classical,discovery,180.0,path_rhythm_phase,phase_lifted_path_homology,89,,,0.34583577894066875,0.34583577894066875,1.0,0.275,0.34889398072139577,0.36645733662472657,34.0,0.06599379203975264,0.0,0.0
classical_musicnet_2080__300s,classical_musicnet_2080,classical,discovery,300.0,path_acoustic_phase,phase_lifted_path_homology,116,,,0.32429128115028966,0.32429128115028966,1.0,0.275,0.3337642184268811,0.35433366846383074,28.0,0.08454714910047456,0.0,0.0
classical_musicnet_2080__300s,classical_musicnet_2080,classical,discovery,300.0,path_rhythm_phase,phase_lifted_path_homology,116,,,0.253855962622949,0.253855962622949,1.0,0.225,0.26233194780525604,0.333401760416365,58.0,0.072260616147787,0.0,0.0
classical_musicnet_2081__180s,classical_musicnet_2081,classical,discovery,180.0,path_acoustic_phase,phase_lifted_path_homology,89,,,0.35296279274953835,0.35296279274953835,1.0,0.325,0.3623655348073603,0.40377796235032704,12.0,0.19378127618010987,0.0,0.0
classical_musicnet_2081__180s,classical_musicnet_2081,classical,discovery,180.0,path_rhythm_phase,phase_lifted_path_homology,89,,,0.35327764544514434,0.35327764544514434,1.0,0.325,0.35865776677573447,0.3813131361147097,12.0,0.17111452918943004,0.0,0.0
classical_musicnet_2081__300s,classical_musicnet_2081,classical,discovery,300.0,path_acoustic_phase,phase_lifted_path_homology,149,,,0.40187272130329205,0.40187272130329205,1.0,0.375,0.40391899308827545,0.41495934767600917,12.0,0.13972076761215768,0.0,0.0
classical_musicnet_2081__300s,classical_musicnet_2081,classical,discovery,300.0,path_rhythm_phase,phase_lifted_path_homology,149,,,0.3287813428186648,0.3287813428186648,1.0,0.275,0.33228289446546977,0.35411314952156053,50.0,0.0924159733217913,0.0,0.0
classical_musicnet_2082__180s,classical_musicnet_2082,classical,discovery,180.0,path_acoustic_phase,phase_lifted_path_homology,89,,,0.30308070342483984,0.30308070342483984,1.0,0.275,0.30445055885232986,0.34080005717968104,52.0,0.16461996517872568,0.0,0.0
classical_musicnet_2082__180s,classical_musicnet_2082,classical,discovery,180.0,path_rhythm_phase,phase_lifted_path_homology,89,,,0.39400365902428225,0.39400365902428225,1.0,0.325,0.3958016834372118,0.4024628255316675,56.0,0.2214313494332476,0.0,0.0
classical_musicnet_2082__300s,classical_musicnet_2082,classical,discovery,300.0,path_acoustic_phase,phase_lifted_path_homology,149,,,0.3210815551813214,0.3210815551813214,1.0,0.275,0.33065946242468075,0.3623168402172157,16.0,0.056007517106086535,0.0,0.0
classical_musicnet_2082__300s,classical_musicnet_2082,classical,discovery,300.0,path_rhythm_phase,phase_lifted_path_homology,149,,,0.36120496152726983,0.36120496152726983,1.0,0.325,0.36429256787023656,0.37770922712050675,48.0,0.08954267569286967,0.0,0.0
classical_musicnet_2083__180s,classical_musicnet_2083,classical,discovery,180.0,path_acoustic_phase,phase_lifted_path_homology,89,,,0.3336142789777791,0.3336142789777791,1.0,0.275,0.34821917364008015,0.38076792219614797,52.0,0.12942895172182323,0.0,0.0
classical_musicnet_2083__180s,classical_musicnet_2083,classical,discovery,180.0,path_rhythm_phase,phase_lifted_path_homology,89,,,0.3559202672793238,0.3559202672793238,1.0,0.325,0.3560681046349732,0.4043642362299729,54.0,0.20120190156844098,0.0,0.0
classical_musicnet_2083__300s,classical_musicnet_2083,classical,discovery,300.0,path_acoustic_phase,phase_lifted_path_homology,122,,,0.3388270105155526,0.3388270105155526,1.0,0.275,0.349937433228151,0.37648100385680233,52.0,0.10562320367130784,0.0,0.0
classical_musicnet_2083__300s,classical_musicnet_2083,classical,discovery,300.0,path_rhythm_phase,phase_lifted_path_homology,122,,,0.35876400349195825,0.35876400349195825,1.0,0.325,0.3595176608525293,0.3611606374535304,52.0,0.08516315742962277,0.0,0.0
classical_musicnet_2112__180s,classical_musicnet_2112,classical,discovery,180.0,path_acoustic_phase,phase_lifted_path_homology,89,,,0.3860807966028397,0.3860807966028397,1.0,0.325,0.38801288430278313,0.41851611149847895,12.0,0.07841517835269496,0.0,0.0
classical_musicnet_2112__180s,classical_musicnet_2112,classical,discovery,180.0,path_rhythm_phase,phase_lifted_path_homology,89,,,0.3656707707123446,0.3656707707123446,1.0,0.325,0.3771909544439348,0.40641206438994454,14.0,0.10784713919605049,0.0,0.0
classical_musicnet_2112__300s,classical_musicnet_2112,classical,discovery,300.0,path_acoustic_phase,phase_lifted_path_homology,149,,,0.3960144539472224,0.3960144539472224,1.0,0.325,0.3985864055185926,0.41220909532434574,20.0,0.1685725008193253,0.0,0.0
classical_musicnet_2112__300s,classical_musicnet_2112,classical,discovery,300.0,path_rhythm_phase,phase_lifted_path_homology,149,,,0.37930679113031485,0.37930679113031485,1.0,0.325,0.38231510906468974,0.3996049182042832,20.0,0.20111581071087326,0.0,0.0
classical_musicnet_2113__180s,classical_musicnet_2113,classical,discovery,180.0,path_acoustic_phase,phase_lifted_path_homology,89,,,0.41096484110977377,0.41096484110977377,1.0,0.375,0.41202617494286486,0.41936973795709426,40.0,0.20210924890584536,0.0,0.0
classical_musicnet_2113__180s,classical_musicnet_2113,classical,discovery,180.0,path_rhythm_phase,phase_lifted_path_homology,89,,,0.3382926786358608,0.3382926786358608,1.0,0.275,0.34427863736432107,0.39529897941742886,20.0,0.1433231862287947,0.0,0.0
classical_musicnet_2113__300s,classical_musicnet_2113,classical,discovery,300.0,path_acoustic_phase,phase_lifted_path_homology,149,,,0.3473439681721052,0.3473439681721052,1.0,0.275,0.34970262499592686,0.37751726554463155,40.0,0.11477446154679916,0.0,0.0
classical_musicnet_2113__300s,classical_musicnet_2113,classical,discovery,300.0,path_rhythm_phase,phase_lifted_path_homology,149,,,0.3627045726346205,0.3627045726346205,1.0,0.325,0.36362729391223236,0.3874136160642819,20.0,0.12628646091986573,0.0,0.0
classical_musicnet_2114__180s,classical_musicnet_2114,classical,discovery,180.0,path_acoustic_phase,phase_lifted_path_homology,89,,,0.29626591044770867,0.29626591044770867,1.0,0.225,0.31137850058807803,0.3440746794218526,54.0,0.08504506339357709,0.0,0.0
classical_musicnet_2114__180s,classical_musicnet_2114,classical,discovery,180.0,path_rhythm_phase,phase_lifted_path_homology,89,,,0.31046238145062277,0.31046238145062277,1.0,0.275,0.313352209635335,0.33117470625205947,54.0,0.07360270179227868,0.0,0.0
classical_musicnet_2114__300s,classical_musicnet_2114,classical,discovery,300.0,path_acoustic_phase,phase_lifted_path_homology,149,,,0.36319137871257995,0.36319137871257995,1.0,0.325,0.3704092283858701,0.3859497927475857,12.0,0.1017340080431397,0.0,0.0
classical_musicnet_2114__300s,classical_musicnet_2114,classical,discovery,300.0,path_rhythm_phase,phase_lifted_path_homology,149,,,0.34923799514785936,0.34923799514785936,1.0,0.275,0.3531337773831962,0.36898815597931417,54.0,0.08516986382790304,0.0,0.0
classical_musicnet_2116__180s,classical_musicnet_2116,classical,discovery,180.0,path_acoustic_phase,phase_lifted_path_homology,89,,,0.35599932688363545,0.35599932688363545,1.0,0.325,0.37089889306236257,0.39938777801412345,12.0,0.17752326571906685,0.0,0.0
classical_musicnet_2116__180s,classical_musicnet_2116,classical,discovery,180.0,path_rhythm_phase,phase_lifted_path_homology,89,,,0.3714187170991955,0.3714187170991955,1.0,0.325,0.37505913005502034,0.382624401841069,12.0,0.18664285011601578,0.0,0.0
classical_musicnet_2116__300s,classical_musicnet_2116,classical,discovery,300.0,path_acoustic_phase,phase_lifted_path_homology,149,,,0.3395665984595904,0.3395665984595904,1.0,0.275,0.3478889775839703,0.3658095572546088,62.0,0.1282516225460717,0.0,0.0
classical_musicnet_2116__300s,classical_musicnet_2116,classical,discovery,300.0,path_rhythm_phase,phase_lifted_path_homology,149,,,0.3507188206989107,0.3507188206989107,1.0,0.325,0.359664600357343,0.3757651646327091,12.0,0.10032016838553548,0.0,0.0
classical_musicnet_2117__180s,classical_musicnet_2117,classical,discovery,180.0,path_acoustic_phase,phase_lifted_path_homology,89,,,0.3753222415914073,0.3753222415914073,1.0,0.325,0.37699508906836054,0.3908807413641208,58.0,0.12624132393146192,0.0,0.0
classical_musicnet_2117__180s,classical_musicnet_2117,classical,discovery,180.0,path_rhythm_phase,phase_lifted_path_homology,89,,,0.3617239515194934,0.3617239515194934,1.0,0.325,0.36954204592332285,0.39091647104979615,28.0,0.11414245551939128,0.0,0.0
classical_musicnet_2117__300s,classical_musicnet_2117,classical,discovery,300.0,path_acoustic_phase,phase_lifted_path_homology,132,,,0.3539365133493223,0.3539365133493223,1.0,0.325,0.36192995910750453,0.3888384312186981,56.0,0.11431938004751618,0.0,0.0
classical_musicnet_2117__300s,classical_musicnet_2117,classical,discovery,300.0,path_rhythm_phase,phase_lifted_path_homology,132,,,0.3392627731729104,0.3392627731729104,1.0,0.275,0.345148108817503,0.36733026673950214,56.0,0.10552444993716081,0.0,0.0
classical_musicnet_2118__180s,classical_musicnet_2118,classical,discovery,180.0,path_acoustic_phase,phase_lifted_path_homology,89,,,0.26649604896409307,0.26649604896409307,1.0,0.225,0.2972491530376192,0.3813234246315669,36.0,0.10339060102364139,0.0,0.0
classical_musicnet_2118__180s,classical_musicnet_2118,classical,discovery,180.0,path_rhythm_phase,phase_lifted_path_homology,89,,,0.32287348486415807,0.32287348486415807,1.0,0.275,0.33819492378598404,0.37675133424581575,16.0,0.11429149898862345,0.0,0.0
classical_musicnet_2118__300s,classical_musicnet_2118,classical,discovery,300.0,path_acoustic_phase,phase_lifted_path_homology,115,,,0.37221468216522435,0.37221468216522435,1.0,0.325,0.37618066185603816,0.40209158352716295,36.0,0.08583346889559484,0.0,0.0
classical_musicnet_2118__300s,classical_musicnet_2118,classical,discovery,300.0,path_rhythm_phase,phase_lifted_path_homology,115,,,0.3742635958641644,0.3742635958641644,1.0,0.325,0.37527996258060836,0.39348778431491493,20.0,0.09332992894112468,0.0,0.0
classical_musicnet_2119__180s,classical_musicnet_2119,classical,discovery,180.0,path_acoustic_phase,phase_lifted_path_homology,89,,,0.3631216642049751,0.3631216642049751,1.0,0.325,0.3638406717781069,0.36874637238490915,12.0,0.13003649672845885,0.0,0.0
classical_musicnet_2119__180s,classical_musicnet_2119,classical,discovery,180.0,path_rhythm_phase,phase_lifted_path_homology,89,,,0.3547098862624005,0.3547098862624005,1.0,0.325,0.3564293527412031,0.3647358496394218,24.0,0.07367265625366937,0.0,0.0
classical_musicnet_2119__300s,classical_musicnet_2119,classical,discovery,300.0,path_acoustic_phase,phase_lifted_path_homology,146,,,0.37178102939869145,0.37178102939869145,1.0,0.325,0.37507991927063966,0.38164612285984995,18.0,0.09562862126916483,0.0,0.0
classical_musicnet_2119__300s,classical_musicnet_2119,classical,discovery,300.0,path_rhythm_phase,phase_lifted_path_homology,146,,,0.3215887815306708,0.3215887815306708,1.0,0.275,0.33679671506292425,0.3727933592933727,34.0,0.06601471259784608,0.0,0.0
classical_musicnet_2127__180s,classical_musicnet_2127,classical,discovery,180.0,path_acoustic_phase,phase_lifted_path_homology,89,,,0.31855002942772614,0.31855002942772614,1.0,0.275,0.32356822104206734,0.33938372295881103,54.0,0.06288048361845555,0.0,0.0
classical_musicnet_2127__180s,classical_musicnet_2127,classical,discovery,180.0,path_rhythm_phase,phase_lifted_path_homology,89,,,0.3098973709447091,0.3098973709447091,1.0,0.275,0.3161920699876105,0.3492056575558473,34.0,0.11221624029386423,0.0,0.0
classical_musicnet_2127__300s,classical_musicnet_2127,classical,discovery,300.0,path_acoustic_phase,phase_lifted_path_homology,149,,,0.3436221352120918,0.3436221352120918,1.0,0.275,0.3443502383197712,0.37730441584980334,12.0,0.059751114622617285,0.0,0.0
classical_musicnet_2127__300s,classical_musicnet_2127,classical,discovery,300.0,path_rhythm_phase,phase_lifted_path_homology,149,,,0.35176605900188607,0.35176605900188607,1.0,0.325,0.3530489985973472,0.36131153990669523,34.0,0.09114475165532876,0.0,0.0
classical_musicnet_2131__180s,classical_musicnet_2131,classical,discovery,180.0,path_acoustic_phase,phase_lifted_path_homology,89,,,0.3918838987774492,0.3918838987774492,1.0,0.325,0.392350526123998,0.4017410927142406,12.0,0.11926886656687907,0.0,0.0
classical_musicnet_2131__180s,classical_musicnet_2131,classical,discovery,180.0,path_rhythm_phase,phase_lifted_path_homology,89,,,0.3741369230462592,0.3741369230462592,1.0,0.325,0.3745051402404822,0.3888404263692779,12.0,0.103883709896194,0.0,0.0
classical_musicnet_2131__300s,classical_musicnet_2131,classical,discovery,300.0,path_acoustic_phase,phase_lifted_path_homology,136,,,0.3260774185902266,0.3260774185902266,1.0,0.275,0.3317536591361682,0.3551978806199529,20.0,0.06682524423143965,0.0,0.0
classical_musicnet_2131__300s,classical_musicnet_2131,classical,discovery,300.0,path_rhythm_phase,phase_lifted_path_homology,136,,,0.3848784164810871,0.3848784164810871,1.0,0.325,0.3883243515637505,0.39890334972870267,12.0,0.10420523798958126,0.0,0.0
classical_musicnet_2138__180s,classical_musicnet_2138,classical,discovery,180.0,path_acoustic_phase,phase_lifted_path_homology,89,,,0.35023520828571364,0.35023520828571364,1.0,0.325,0.3526465692686114,0.3621717070244131,50.0,0.07188477533295723,0.0,0.0
classical_musicnet_2138__180s,classical_musicnet_2138,classical,discovery,180.0,path_rhythm_phase,phase_lifted_path_homology,89,,,0.34222487008217267,0.34222487008217267,1.0,0.275,0.35241433850417947,0.37812815214304174,12.0,0.14087910354156152,0.0,0.0
classical_musicnet_2138__300s,classical_musicnet_2138,classical,discovery,300.0,path_acoustic_phase,phase_lifted_path_homology,149,,,0.38465297073168453,0.38465297073168453,1.0,0.325,0.3884689179909398,0.41062628322548816,12.0,0.1913419688999114,0.0,0.0
classical_musicnet_2138__300s,classical_musicnet_2138,classical,discovery,300.0,path_rhythm_phase,phase_lifted_path_homology,149,,,0.3716404076842194,0.3716404076842194,1.0,0.325,0.3735552201906497,0.38477457176905,26.0,0.0891153855654565,0.0,0.0
classical_musicnet_2140__180s,classical_musicnet_2140,classical,discovery,180.0,path_acoustic_phase,phase_lifted_path_homology,89,,,0.33848012217080914,0.33848012217080914,1.0,0.275,0.3420329370325703,0.374130554582958,48.0,0.07882142347739185,0.0,0.0
classical_musicnet_2140__180s,classical_musicnet_2140,classical,discovery,180.0,path_rhythm_phase,phase_lifted_path_homology,89,,,0.26194138205993367,0.26194138205993367,1.0,0.225,0.2920452769906075,0.3556967386306276,50.0,0.10409584202466915,0.0,0.0
classical_musicnet_2140__300s,classical_musicnet_2140,classical,discovery,300.0,path_acoustic_phase,phase_lifted_path_homology,149,,,0.3451557874148052,0.3451557874148052,1.0,0.275,0.3465472966327113,0.3533099346477699,18.0,0.03719763683127586,0.0,0.0
classical_musicnet_2140__300s,classical_musicnet_2140,classical,discovery,300.0,path_rhythm_phase,phase_lifted_path_homology,149,,,0.3468219966309676,0.3468219966309676,1.0,0.275,0.35209409659324814,0.37486999378294755,32.0,0.07791887791890284,0.0,0.0
classical_musicnet_2147__180s,classical_musicnet_2147,classical,discovery,180.0,path_acoustic_phase,phase_lifted_path_homology,89,,,0.3496483020649906,0.3496483020649906,1.0,0.275,0.3557573251414302,0.37375199664186565,12.0,0.15598004557924283,0.0,0.0
classical_musicnet_2147__180s,classical_musicnet_2147,classical,discovery,180.0,path_rhythm_phase,phase_lifted_path_homology,89,,,0.38301968344122206,0.38301968344122206,1.0,0.325,0.3861518488141566,0.4167340453425719,14.0,0.21096885041101499,0.0,0.0
classical_musicnet_2147__300s,classical_musicnet_2147,classical,discovery,300.0,path_acoustic_phase,phase_lifted_path_homology,149,,,0.3152259521893289,0.3152259521893289,1.0,0.275,0.32801754997303845,0.3614375510996511,20.0,0.1068140295232256,0.0,0.0
classical_musicnet_2147__300s,classical_musicnet_2147,classical,discovery,300.0,path_rhythm_phase,phase_lifted_path_homology,149,,,0.3514865062117077,0.3514865062117077,1.0,0.325,0.36137831070117626,0.4043085613532991,14.0,0.15233802980807543,0.0,0.0
classical_musicnet_2148__180s,classical_musicnet_2148,classical,discovery,180.0,path_acoustic_phase,phase_lifted_path_homology,89,,,0.35479070848331257,0.35479070848331257,1.0,0.325,0.35860193923781886,0.38358974089468706,18.0,0.16905687981668782,0.0,0.0
classical_musicnet_2148__180s,classical_musicnet_2148,classical,discovery,180.0,path_rhythm_phase,phase_lifted_path_homology,89,,,0.3814683689913526,0.3814683689913526,1.0,0.325,0.38571097772982216,0.40172470517610376,12.0,0.11652206355226058,0.0,0.0
classical_musicnet_2148__300s,classical_musicnet_2148,classical,discovery,300.0,path_acoustic_phase,phase_lifted_path_homology,149,,,0.34070770919098353,0.34070770919098353,1.0,0.275,0.34419306956575585,0.354815249797428,64.0,0.08788597127542208,0.0,0.0
classical_musicnet_2148__300s,classical_musicnet_2148,classical,discovery,300.0,path_rhythm_phase,phase_lifted_path_homology,149,,,0.3484569893874671,0.3484569893874671,1.0,0.275,0.35089566815991324,0.38194191055013005,60.0,0.1388380409322454,0.0,0.0
classical_musicnet_2149__180s,classical_musicnet_2149,classical,discovery,180.0,path_acoustic_phase,phase_lifted_path_homology,89,,,0.33919617189111695,0.33919617189111695,1.0,0.275,0.34666736389197356,0.36673593409565575,54.0,0.08312204540584212,0.0,0.0
classical_musicnet_2149__180s,classical_musicnet_2149,classical,discovery,180.0,path_rhythm_phase,phase_lifted_path_homology,89,,,0.337083375554016,0.337083375554016,1.0,0.275,0.34533152157798686,0.3744230364419701,56.0,0.16340116031609142,0.0,0.0
classical_musicnet_2149__300s,classical_musicnet_2149,classical,discovery,300.0,path_acoustic_phase,phase_lifted_path_homology,149,,,0.3597118987682121,0.3597118987682121,1.0,0.325,0.3613101332598482,0.3691448508501551,16.0,0.032531446333356584,0.0,0.0
classical_musicnet_2149__300s,classical_musicnet_2149,classical,discovery,300.0,path_rhythm_phase,phase_lifted_path_homology,149,,,0.3306254634703909,0.3306254634703909,1.0,0.275,0.345357514832827,0.37759242758019756,52.0,0.1169105199872198,0.0,0.0
classical_musicnet_2150__180s,classical_musicnet_2150,classical,discovery,180.0,path_acoustic_phase,phase_lifted_path_homology,89,,,0.3773176379918058,0.3773176379918058,1.0,0.325,0.386823562428429,0.4148582251539826,12.0,0.15824857873810472,0.0,0.0
classical_musicnet_2150__180s,classical_musicnet_2150,classical,discovery,180.0,path_rhythm_phase,phase_lifted_path_homology,89,,,0.419351631371513,0.419351631371513,1.0,0.375,0.42076347782752205,0.43925424175685407,16.0,0.23341039559622123,0.0,0.0
classical_musicnet_2150__300s,classical_musicnet_2150,classical,discovery,300.0,path_acoustic_phase,phase_lifted_path_homology,149,,,0.4108238061904617,0.4108238061904617,1.0,0.375,0.4127795966917078,0.41764932309661457,12.0,0.10566033114442264,0.0,0.0
classical_musicnet_2150__300s,classical_musicnet_2150,classical,discovery,300.0,path_rhythm_phase,phase_lifted_path_homology,149,,,0.4281529350474059,0.4281529350474059,1.0,0.375,0.42899130719966727,0.4372199388834539,14.0,0.18612562314895964,0.0,0.0
classical_musicnet_2151__180s,classical_musicnet_2151,classical,discovery,180.0,path_acoustic_phase,phase_lifted_path_homology,89,,,0.4236037543592923,0.4236037543592923,1.0,0.375,0.4242250057469268,0.4717974795866237,36.0,0.2139590414708683,0.0,0.0
classical_musicnet_2151__180s,classical_musicnet_2151,classical,discovery,180.0,path_rhythm_phase,phase_lifted_path_homology,89,,,0.37846632343120357,0.37846632343120357,1.0,0.325,0.3838454642946432,0.3973109743331849,32.0,0.15126207898108723,0.0,0.0
classical_musicnet_2151__300s,classical_musicnet_2151,classical,discovery,300.0,path_acoustic_phase,phase_lifted_path_homology,149,,,0.3887253784729628,0.3887253784729628,1.0,0.325,0.3898301349795936,0.4216517156190544,34.0,0.16073520549741693,0.0,0.0
classical_musicnet_2151__300s,classical_musicnet_2151,classical,discovery,300.0,path_rhythm_phase,phase_lifted_path_homology,149,,,0.3944241786089353,0.3944241786089353,1.0,0.325,0.4021873865912415,0.42301031475971723,16.0,0.1334808273998973,0.0,0.0
classical_musicnet_2154__180s,classical_musicnet_2154,classical,discovery,180.0,path_acoustic_phase,phase_lifted_path_homology,89,,,0.3739303788780616,0.3739303788780616,1.0,0.325,0.38322009072749996,0.4127068564754366,12.0,0.35807241118252287,0.0,0.0
classical_musicnet_2154__180s,classical_musicnet_2154,classical,discovery,180.0,path_rhythm_phase,phase_lifted_path_homology,89,,,0.3620616928659227,0.3620616928659227,1.0,0.325,0.37239268727927,0.4049183247710337,16.0,0.1888015671254133,0.0,0.0
classical_musicnet_2154__300s,classical_musicnet_2154,classical,discovery,300.0,path_acoustic_phase,phase_lifted_path_homology,149,,,0.38661058316102315,0.38661058316102315,1.0,0.325,0.3985149030613115,0.41983096694140704,12.0,0.326529056438591,0.0,0.0
classical_musicnet_2154__300s,classical_musicnet_2154,classical,discovery,300.0,path_rhythm_phase,phase_lifted_path_homology,149,,,0.38913441932134063,0.38913441932134063,1.0,0.325,0.38916150914810305,0.39560678591535275,16.0,0.19503519617050613,0.0,0.0
classical_musicnet_2155__180s,classical_musicnet_2155,classical,discovery,180.0,path_acoustic_phase,phase_lifted_path_homology,89,,,0.4064741869306414,0.4064741869306414,1.0,0.375,0.4125238374101286,0.43933326906293685,18.0,0.24424031581661332,0.0,0.0
classical_musicnet_2155__180s,classical_musicnet_2155,classical,discovery,180.0,path_rhythm_phase,phase_lifted_path_homology,89,,,0.36579979149076614,0.36579979149076614,1.0,0.325,0.374243727588529,0.39783791544152103,20.0,0.1563497788106305,0.0,0.0
classical_musicnet_2155__300s,classical_musicnet_2155,classical,discovery,300.0,path_acoustic_phase,phase_lifted_path_homology,149,,,0.4839965751024068,0.4839965751024068,1.0,0.425,0.486115582039342,0.4964481406384345,20.0,0.28146320436213157,0.0,0.0
classical_musicnet_2155__300s,classical_musicnet_2155,classical,discovery,300.0,path_rhythm_phase,phase_lifted_path_homology,149,,,0.4071767334843663,0.4071767334843663,1.0,0.375,0.40834938452594344,0.4244254624106796,18.0,0.19533761942003913,0.0,0.0
classical_musicnet_2156__180s,classical_musicnet_2156,classical,discovery,180.0,path_acoustic_phase,phase_lifted_path_homology,89,,,0.38237908344344296,0.38237908344344296,1.0,0.325,0.3869360925111826,0.3968711184536679,22.0,0.2523755637825724,0.0,0.0
classical_musicnet_2156__180s,classical_musicnet_2156,classical,discovery,180.0,path_rhythm_phase,phase_lifted_path_homology,89,,,0.3499986734356505,0.3499986734356505,1.0,0.275,0.367242573874105,0.39624815711201106,22.0,0.23778729962004608,0.0,0.0
classical_musicnet_2156__300s,classical_musicnet_2156,classical,discovery,300.0,path_acoustic_phase,phase_lifted_path_homology,95,,,0.3700668060587541,0.3700668060587541,1.0,0.325,0.3717344152955005,0.38915535520462835,22.0,0.13840440471242643,0.0,0.0
classical_musicnet_2156__300s,classical_musicnet_2156,classical,discovery,300.0,path_rhythm_phase,phase_lifted_path_homology,95,,,0.3757261808970176,0.3757261808970176,1.0,0.325,0.37642250933773547,0.3958520351390385,22.0,0.20916266525834382,0.0,0.0
classical_musicnet_2157__180s,classical_musicnet_2157,classical,discovery,180.0,path_acoustic_phase,phase_lifted_path_homology,89,,,0.3326113611590474,0.3326113611590474,1.0,0.275,0.35231075675972306,0.39695513561375834,34.0,0.08131871582501193,0.0,0.0
classical_musicnet_2157__180s,classical_musicnet_2157,classical,discovery,180.0,path_rhythm_phase,phase_lifted_path_homology,89,,,0.3378626130372417,0.3378626130372417,1.0,0.275,0.3441924819921238,0.3671446246887274,54.0,0.08143014668549498,0.0,0.0
classical_musicnet_2157__300s,classical_musicnet_2157,classical,discovery,300.0,path_acoustic_phase,phase_lifted_path_homology,149,,,0.36047540502615444,0.36047540502615444,1.0,0.325,0.36814632285173704,0.38695092440863244,32.0,0.10165973568483522,0.0,0.0
classical_musicnet_2157__300s,classical_musicnet_2157,classical,discovery,300.0,path_rhythm_phase,phase_lifted_path_homology,149,,,0.37979527493366894,0.37979527493366894,1.0,0.325,0.3811690949186236,0.3886358685996749,42.0,0.12024665220803477,0.0,0.0
classical_musicnet_2158__180s,classical_musicnet_2158,classical,discovery,180.0,path_acoustic_phase,phase_lifted_path_homology,89,,,0.35331122945005816,0.35331122945005816,1.0,0.325,0.3575946135574788,0.37713422410734027,22.0,0.1089085661866156,0.0,0.0
classical_musicnet_2158__180s,classical_musicnet_2158,classical,discovery,180.0,path_rhythm_phase,phase_lifted_path_homology,89,,,0.3786406074432097,0.3786406074432097,1.0,0.325,0.383855712335335,0.3988444572586129,30.0,0.11904647849184968,0.0,0.0
classical_musicnet_2158__300s,classical_musicnet_2158,classical,discovery,300.0,path_acoustic_phase,phase_lifted_path_homology,149,,,0.3616881038316884,0.3616881038316884,1.0,0.325,0.3648429552256942,0.3858903535808751,22.0,0.12696981575760824,0.0,0.0
classical_musicnet_2158__300s,classical_musicnet_2158,classical,discovery,300.0,path_rhythm_phase,phase_lifted_path_homology,149,,,0.367812438641125,0.367812438641125,1.0,0.325,0.36865299902660836,0.3880284533174132,12.0,0.09871498043079963,0.0,0.0
classical_musicnet_2159__180s,classical_musicnet_2159,classical,discovery,180.0,path_acoustic_phase,phase_lifted_path_homology,89,,,0.3545114427488918,0.3545114427488918,1.0,0.325,0.35719499770558844,0.3712174063614682,46.0,0.13069370687614512,0.0,0.0
classical_musicnet_2159__180s,classical_musicnet_2159,classical,discovery,180.0,path_rhythm_phase,phase_lifted_path_homology,89,,,0.338776601716535,0.338776601716535,1.0,0.275,0.34206479207125606,0.36348453415077614,56.0,0.12437727291957912,0.0,0.0
classical_musicnet_2159__300s,classical_musicnet_2159,classical,discovery,300.0,path_acoustic_phase,phase_lifted_path_homology,149,,,0.3228854674490981,0.3228854674490981,1.0,0.275,0.32633255192186644,0.3611944044043202,24.0,0.08828309789250821,0.0,0.0
classical_musicnet_2159__300s,classical_musicnet_2159,classical,discovery,300.0,path_rhythm_phase,phase_lifted_path_homology,149,,,0.32686876939774584,0.32686876939774584,1.0,0.275,0.330107636973774,0.34472562273615875,58.0,0.04428595980749983,0.0,0.0
classical_musicnet_2160__180s,classical_musicnet_2160,classical,discovery,180.0,path_acoustic_phase,phase_lifted_path_homology,89,,,0.39163709556505505,0.39163709556505505,1.0,0.325,0.3919094172679175,0.4041854325431764,12.0,0.11784837453746988,0.0,0.0
classical_musicnet_2160__180s,classical_musicnet_2160,classical,discovery,180.0,path_rhythm_phase,phase_lifted_path_homology,89,,,0.35503806288144507,0.35503806288144507,1.0,0.325,0.3551038777289287,0.3629157668201411,24.0,0.07668866418423081,0.0,0.0
classical_musicnet_2160__300s,classical_musicnet_2160,classical,discovery,300.0,path_acoustic_phase,phase_lifted_path_homology,149,,,0.3913341959349073,0.3913341959349073,1.0,0.325,0.39460473699607995,0.4018730535452613,12.0,0.10023600028866864,0.0,0.0
classical_musicnet_2160__300s,classical_musicnet_2160,classical,discovery,300.0,path_rhythm_phase,phase_lifted_path_homology,149,,,0.3675165768441359,0.3675165768441359,1.0,0.325,0.3720927127578213,0.3844947631820875,14.0,0.07848879733828662,0.0,0.0
classical_musicnet_2161__180s,classical_musicnet_2161,classical,discovery,180.0,path_acoustic_phase,phase_lifted_path_homology,89,,,0.3203447292971574,0.3203447292971574,1.0,0.275,0.324332433597223,0.3653579520851153,56.0,0.16876175433305685,0.0,0.0
classical_musicnet_2161__180s,classical_musicnet_2161,classical,discovery,180.0,path_rhythm_phase,phase_lifted_path_homology,89,,,0.287367491167681,0.287367491167681,1.0,0.225,0.2955743976802864,0.34983755555271806,36.0,0.14315000182259463,0.0,0.0
classical_musicnet_2161__300s,classical_musicnet_2161,classical,discovery,300.0,path_acoustic_phase,phase_lifted_path_homology,149,,,0.3649802447890443,0.3649802447890443,1.0,0.325,0.3681575797091383,0.3780307256677046,58.0,0.09611011859363372,0.0,0.0
classical_musicnet_2161__300s,classical_musicnet_2161,classical,discovery,300.0,path_rhythm_phase,phase_lifted_path_homology,149,,,0.3698660872802455,0.3698660872802455,1.0,0.325,0.37036136325025304,0.3810813679124745,18.0,0.09466199268626396,0.0,0.0
classical_musicnet_2166__180s,classical_musicnet_2166,classical,discovery,180.0,path_acoustic_phase,phase_lifted_path_homology,89,,,0.39809104998604206,0.39809104998604206,1.0,0.325,0.4012158408487262,0.41740423704480406,12.0,0.18514886055173996,0.0,0.0
classical_musicnet_2166__180s,classical_musicnet_2166,classical,discovery,180.0,path_rhythm_phase,phase_lifted_path_homology,89,,,0.27071349179784443,0.27071349179784443,1.0,0.225,0.28431709951949086,0.3383866897740775,54.0,0.12512965565581813,0.0,0.0
classical_musicnet_2166__300s,classical_musicnet_2166,classical,discovery,300.0,path_acoustic_phase,phase_lifted_path_homology,149,,,0.40895251273771677,0.40895251273771677,1.0,0.375,0.41227605575494397,0.4280009564427376,12.0,0.22382806241020559,0.0,0.0
classical_musicnet_2166__300s,classical_musicnet_2166,classical,discovery,300.0,path_rhythm_phase,phase_lifted_path_homology,149,,,0.3382944431036076,0.3382944431036076,1.0,0.275,0.3451982644947404,0.3656004633000534,14.0,0.07418432052966661,0.0,0.0
classical_musicnet_2167__180s,classical_musicnet_2167,classical,discovery,180.0,path_acoustic_phase,phase_lifted_path_homology,89,,,0.33920057971851764,0.33920057971851764,1.0,0.275,0.3553027725705922,0.38820418198364953,14.0,0.10618466584683661,0.0,0.0
classical_musicnet_2167__180s,classical_musicnet_2167,classical,discovery,180.0,path_rhythm_phase,phase_lifted_path_homology,89,,,0.34924357786060684,0.34924357786060684,1.0,0.275,0.3513132545986272,0.3730112780517741,54.0,0.07855965792372555,0.0,0.0
classical_musicnet_2167__300s,classical_musicnet_2167,classical,discovery,300.0,path_acoustic_phase,phase_lifted_path_homology,96,,,0.397257750385706,0.397257750385706,1.0,0.325,0.398403827762624,0.4071721282535176,12.0,0.10191007848780664,0.0,0.0
classical_musicnet_2167__300s,classical_musicnet_2167,classical,discovery,300.0,path_rhythm_phase,phase_lifted_path_homology,96,,,0.35107877522869685,0.35107877522869685,1.0,0.325,0.35502366213653136,0.3808128847027676,16.0,0.1404920282542632,0.0,0.0
classical_musicnet_2168__180s,classical_musicnet_2168,classical,discovery,180.0,path_acoustic_phase,phase_lifted_path_homology,89,,,0.4330038942883136,0.4330038942883136,1.0,0.375,0.43336407472557964,0.45838096999081873,12.0,0.19082640569380072,0.0,0.0
classical_musicnet_2168__180s,classical_musicnet_2168,classical,discovery,180.0,path_rhythm_phase,phase_lifted_path_homology,89,,,0.38587773176632634,0.38587773176632634,1.0,0.325,0.3915865387388398,0.4035059620298986,12.0,0.125287224352729,0.0,0.0
classical_musicnet_2168__300s,classical_musicnet_2168,classical,discovery,300.0,path_acoustic_phase,phase_lifted_path_homology,149,,,0.43072711520473045,0.43072711520473045,1.0,0.375,0.4315306162647008,0.4437315752978653,12.0,0.20538185778409357,0.0,0.0
classical_musicnet_2168__300s,classical_musicnet_2168,classical,discovery,300.0,path_rhythm_phase,phase_lifted_path_homology,149,,,0.37928236560125367,0.37928236560125367,1.0,0.325,0.3839814883139167,0.39638756999674035,12.0,0.10774369669931372,0.0,0.0
classical_musicnet_2169__180s,classical_musicnet_2169,classical,discovery,180.0,path_acoustic_phase,phase_lifted_path_homology,89,,,0.31919657334479795,0.31919657334479795,1.0,0.275,0.32856070093421663,0.3857644913624036,42.0,0.1347466148648797,0.0,0.0
classical_musicnet_2169__180s,classical_musicnet_2169,classical,discovery,180.0,path_rhythm_phase,phase_lifted_path_homology,89,,,0.34740839216134484,0.34740839216134484,1.0,0.275,0.3516701959035369,0.3815528038055498,36.0,0.13247485836667527,0.0,0.0
classical_musicnet_2169__300s,classical_musicnet_2169,classical,discovery,300.0,path_acoustic_phase,phase_lifted_path_homology,149,,,0.36032176470592103,0.36032176470592103,1.0,0.325,0.3614516576848086,0.3803951364335536,38.0,0.0871422803660955,0.0,0.0
classical_musicnet_2169__300s,classical_musicnet_2169,classical,discovery,300.0,path_rhythm_phase,phase_lifted_path_homology,149,,,0.3249529935958229,0.3249529935958229,1.0,0.275,0.3378698080196132,0.3662077689437135,24.0,0.11984150980805763,0.0,0.0
classical_musicnet_2177__180s,classical_musicnet_2177,classical,discovery,180.0,path_acoustic_phase,phase_lifted_path_homology,89,,,0.359825806467063,0.359825806467063,1.0,0.325,0.36574136588618944,0.38110649288247656,22.0,0.09026708695135488,0.0,0.0
classical_musicnet_2177__180s,classical_musicnet_2177,classical,discovery,180.0,path_rhythm_phase,phase_lifted_path_homology,89,,,0.3032170462893726,0.3032170462893726,1.0,0.275,0.3230742370471383,0.36664681199016796,30.0,0.18197835976896037,0.0,0.0
classical_musicnet_2177__300s,classical_musicnet_2177,classical,discovery,300.0,path_acoustic_phase,phase_lifted_path_homology,149,,,0.36802880547008093,0.36802880547008093,1.0,0.325,0.3709591565676793,0.38393055933597303,20.0,0.1083637100058783,0.0,0.0
classical_musicnet_2177__300s,classical_musicnet_2177,classical,discovery,300.0,path_rhythm_phase,phase_lifted_path_homology,149,,,0.34966098678809227,0.34966098678809227,1.0,0.275,0.353173782931721,0.3676225718526703,54.0,0.07268247316512966,0.0,0.0
classical_musicnet_2178__180s,classical_musicnet_2178,classical,discovery,180.0,path_acoustic_phase,phase_lifted_path_homology,89,,,0.2589649509741724,0.2589649509741724,1.0,0.225,0.2926649224120395,0.34988536234473183,52.0,0.08534856297300264,0.0,0.0
classical_musicnet_2178__180s,classical_musicnet_2178,classical,discovery,180.0,path_rhythm_phase,phase_lifted_path_homology,89,,,0.31798026915368977,0.31798026915368977,1.0,0.275,0.3288266283127907,0.3809063337438489,58.0,0.1866911293919702,0.0,0.0
classical_musicnet_2178__300s,classical_musicnet_2178,classical,discovery,300.0,path_acoustic_phase,phase_lifted_path_homology,149,,,0.3468219644530965,0.3468219644530965,1.0,0.275,0.3497192446753177,0.37742980662854625,60.0,0.15543886971727439,0.0,0.0
classical_musicnet_2178__300s,classical_musicnet_2178,classical,discovery,300.0,path_rhythm_phase,phase_lifted_path_homology,149,,,0.37840610020594884,0.37840610020594884,1.0,0.325,0.3820915571122108,0.3976912382389291,56.0,0.06419662562949524,0.0,0.0
classical_musicnet_2179__180s,classical_musicnet_2179,classical,discovery,180.0,path_acoustic_phase,phase_lifted_path_homology,89,,,0.4100726013256936,0.4100726013256936,1.0,0.375,0.4116515408913114,0.42531998640571755,14.0,0.24580201950456404,0.0,0.0
classical_musicnet_2179__180s,classical_musicnet_2179,classical,discovery,180.0,path_rhythm_phase,phase_lifted_path_homology,89,,,0.34674810792322097,0.34674810792322097,1.0,0.275,0.3570715992852913,0.38726428621451836,16.0,0.2086333766426849,0.0,0.0
classical_musicnet_2179__300s,classical_musicnet_2179,classical,discovery,300.0,path_acoustic_phase,phase_lifted_path_homology,149,,,0.412017714773561,0.412017714773561,1.0,0.375,0.41258448812959925,0.4182320676145312,14.0,0.2348406315528584,0.0,0.0
classical_musicnet_2179__300s,classical_musicnet_2179,classical,discovery,300.0,path_rhythm_phase,phase_lifted_path_homology,149,,,0.35687031533835706,0.35687031533835706,1.0,0.325,0.3602574621926064,0.37500412391129573,20.0,0.145230974617379,0.0,0.0
classical_musicnet_2180__180s,classical_musicnet_2180,classical,discovery,180.0,path_acoustic_phase,phase_lifted_path_homology,89,,,0.35680371919189857,0.35680371919189857,1.0,0.325,0.3581503881358882,0.37761158013067764,54.0,0.09108728711337033,0.0,0.0
classical_musicnet_2180__180s,classical_musicnet_2180,classical,discovery,180.0,path_rhythm_phase,phase_lifted_path_homology,89,,,0.3211955614651037,0.3211955614651037,1.0,0.275,0.32590797314753145,0.35334875197100507,52.0,0.11049524477531181,0.0,0.0
classical_musicnet_2180__300s,classical_musicnet_2180,classical,discovery,300.0,path_acoustic_phase,phase_lifted_path_homology,146,,,0.3569237837901597,0.3569237837901597,1.0,0.325,0.3658865937447988,0.3873958225556738,12.0,0.06469090754282969,0.0,0.0
classical_musicnet_2180__300s,classical_musicnet_2180,classical,discovery,300.0,path_rhythm_phase,phase_lifted_path_homology,146,,,0.36361399252163046,0.36361399252163046,1.0,0.325,0.3676226780958266,0.3842914973782896,20.0,0.06073765283304411,0.0,0.0
classical_musicnet_2186__180s,classical_musicnet_2186,classical,discovery,180.0,path_acoustic_phase,phase_lifted_path_homology,89,,,0.385600230509362,0.385600230509362,1.0,0.325,0.38700788805235237,0.3957963250261354,14.0,0.1209310204831111,0.0,0.0
classical_musicnet_2186__180s,classical_musicnet_2186,classical,discovery,180.0,path_rhythm_phase,phase_lifted_path_homology,89,,,0.260271672550845,0.260271672550845,1.0,0.225,0.29832216164182024,0.3679824888927314,48.0,0.12066530056284952,0.0,0.0
classical_musicnet_2186__300s,classical_musicnet_2186,classical,discovery,300.0,path_acoustic_phase,phase_lifted_path_homology,106,,,0.3923627679388747,0.3923627679388747,1.0,0.325,0.39567951844098304,0.4031670143897034,12.0,0.10494091931624738,0.0,0.0
classical_musicnet_2186__300s,classical_musicnet_2186,classical,discovery,300.0,path_rhythm_phase,phase_lifted_path_homology,106,,,0.3471448134081922,0.3471448134081922,1.0,0.275,0.34995579288216316,0.37410766842955095,40.0,0.08892334473415398,0.0,0.0
classical_musicnet_2191__180s,classical_musicnet_2191,classical,discovery,180.0,path_acoustic_phase,phase_lifted_path_homology,50,,,0.3575260113600976,0.3575260113600976,1.0,0.325,0.36020937306657996,0.39075366020055463,16.0,0.19343259251600797,0.0,0.0
classical_musicnet_2191__180s,classical_musicnet_2191,classical,discovery,180.0,path_rhythm_phase,phase_lifted_path_homology,50,,,0.33875871780591005,0.33875871780591005,1.0,0.275,0.34261024408796203,0.38885230662692455,26.0,0.07879177122906789,0.0,0.0
classical_musicnet_2191__300s,classical_musicnet_2191,classical,discovery,300.0,path_acoustic_phase,phase_lifted_path_homology,50,,,0.3575260113600976,0.3575260113600976,1.0,0.325,0.36020937306657996,0.39075366020055463,16.0,0.19343259251600797,0.0,0.0
classical_musicnet_2191__300s,classical_musicnet_2191,classical,discovery,300.0,path_rhythm_phase,phase_lifted_path_homology,50,,,0.33875871780591005,0.33875871780591005,1.0,0.275,0.34261024408796203,0.38885230662692455,26.0,0.07879177122906789,0.0,0.0
classical_musicnet_2194__180s,classical_musicnet_2194,classical,discovery,180.0,path_acoustic_phase,phase_lifted_path_homology,49,,,0.3171099503054724,0.3171099503054724,1.0,0.275,0.31902642227267075,0.35019700287114947,26.0,0.17577817436724286,0.0,0.0
classical_musicnet_2194__180s,classical_musicnet_2194,classical,discovery,180.0,path_rhythm_phase,phase_lifted_path_homology,49,,,0.23535917512289517,0.23535917512289517,1.0,0.175,0.258651603027805,0.32785478275156704,26.0,0.17373643588413823,0.0,0.0
classical_musicnet_2194__300s,classical_musicnet_2194,classical,discovery,300.0,path_acoustic_phase,phase_lifted_path_homology,49,,,0.3171099503054724,0.3171099503054724,1.0,0.275,0.31902642227267075,0.35019700287114947,26.0,0.17577817436724286,0.0,0.0
classical_musicnet_2194__300s,classical_musicnet_2194,classical,discovery,300.0,path_rhythm_phase,phase_lifted_path_homology,49,,,0.23535917512289517,0.23535917512289517,1.0,0.175,0.258651603027805,0.32785478275156704,26.0,0.17373643588413823,0.0,0.0
classical_musicnet_2195__180s,classical_musicnet_2195,classical,discovery,180.0,path_acoustic_phase,phase_lifted_path_homology,77,,,0.3616428434954362,0.3616428434954362,1.0,0.325,0.36368803588097487,0.36946386126796577,40.0,0.05447669195354976,0.0,0.0
classical_musicnet_2195__180s,classical_musicnet_2195,classical,discovery,180.0,path_rhythm_phase,phase_lifted_path_homology,77,,,0.2920015251332371,0.2920015251332371,1.0,0.225,0.3025338524828178,0.3720006763846617,42.0,0.14106567353444877,0.0,0.0
classical_musicnet_2195__300s,classical_musicnet_2195,classical,discovery,300.0,path_acoustic_phase,phase_lifted_path_homology,77,,,0.3616428434954362,0.3616428434954362,1.0,0.325,0.36368803588097487,0.36946386126796577,40.0,0.05447669195354976,0.0,0.0
classical_musicnet_2195__300s,classical_musicnet_2195,classical,discovery,300.0,path_rhythm_phase,phase_lifted_path_homology,77,,,0.2920015251332371,0.2920015251332371,1.0,0.225,0.3025338524828178,0.3720006763846617,42.0,0.14106567353444877,0.0,0.0
classical_musicnet_2196__180s,classical_musicnet_2196,classical,discovery,180.0,path_acoustic_phase,phase_lifted_path_homology,37,,,0.2994646834434701,0.2994646834434701,1.0,0.225,0.31867261880640557,0.3957652404642587,24.0,0.23776211763760535,0.0,0.0
classical_musicnet_2196__180s,classical_musicnet_2196,classical,discovery,180.0,path_rhythm_phase,phase_lifted_path_homology,37,,,0.2576702280231686,0.2576702280231686,1.0,0.225,0.2811807581309897,0.3542125947040586,24.0,0.1647913191757625,0.0,0.0
classical_musicnet_2196__300s,classical_musicnet_2196,classical,discovery,300.0,path_acoustic_phase,phase_lifted_path_homology,37,,,0.2994646834434701,0.2994646834434701,1.0,0.225,0.31867261880640557,0.3957652404642587,24.0,0.23776211763760535,0.0,0.0
classical_musicnet_2196__300s,classical_musicnet_2196,classical,discovery,300.0,path_rhythm_phase,phase_lifted_path_homology,37,,,0.2576702280231686,0.2576702280231686,1.0,0.225,0.2811807581309897,0.3542125947040586,24.0,0.1647913191757625,0.0,0.0
classical_musicnet_2198__180s,classical_musicnet_2198,classical,discovery,180.0,path_acoustic_phase,phase_lifted_path_homology,89,,,0.34468065290407385,0.34468065290407385,1.0,0.275,0.35793900666125184,0.3950857783562,48.0,0.1600693137055651,0.0,0.0
classical_musicnet_2198__180s,classical_musicnet_2198,classical,discovery,180.0,path_rhythm_phase,phase_lifted_path_homology,89,,,0.2722375980797484,0.2722375980797484,1.0,0.225,0.2807844858028446,0.37352564628839224,56.0,0.18263420910104677,0.0,0.0
classical_musicnet_2198__300s,classical_musicnet_2198,classical,discovery,300.0,path_acoustic_phase,phase_lifted_path_homology,98,,,0.2923601324280836,0.2923601324280836,1.0,0.225,0.3179678186171223,0.40610247015144285,58.0,0.19139981554033958,0.0,0.0
classical_musicnet_2198__300s,classical_musicnet_2198,classical,discovery,300.0,path_rhythm_phase,phase_lifted_path_homology,98,,,0.32505827777888835,0.32505827777888835,1.0,0.275,0.32943418576876976,0.40606226633773806,56.0,0.13373306379853078,0.0,0.0
classical_musicnet_2200__180s,classical_musicnet_2200,classical,discovery,180.0,path_acoustic_phase,phase_lifted_path_homology,56,,,0.20572556234688305,0.20572556234688305,1.0,0.175,0.24097806575666164,0.337132702064044,30.0,0.20115504238038406,0.0,0.0
classical_musicnet_2200__180s,classical_musicnet_2200,classical,discovery,180.0,path_rhythm_phase,phase_lifted_path_homology,56,,,0.29449876323318425,0.29449876323318425,1.0,0.225,0.30400448963794385,0.3709574259373714,32.0,0.09325562632829465,0.0,0.0
classical_musicnet_2200__300s,classical_musicnet_2200,classical,discovery,300.0,path_acoustic_phase,phase_lifted_path_homology,56,,,0.20572556234688305,0.20572556234688305,1.0,0.175,0.24097806575666164,0.337132702064044,30.0,0.20115504238038406,0.0,0.0
classical_musicnet_2200__300s,classical_musicnet_2200,classical,discovery,300.0,path_rhythm_phase,phase_lifted_path_homology,56,,,0.29449876323318425,0.29449876323318425,1.0,0.225,0.30400448963794385,0.3709574259373714,32.0,0.09325562632829465,0.0,0.0
classical_musicnet_2201__180s,classical_musicnet_2201,classical,discovery,180.0,path_acoustic_phase,phase_lifted_path_homology,66,,,0.3468923057128726,0.3468923057128726,1.0,0.275,0.35880212128856426,0.37951738656506356,12.0,0.14181966549628067,0.0,0.0
classical_musicnet_2201__180s,classical_musicnet_2201,classical,discovery,180.0,path_rhythm_phase,phase_lifted_path_homology,66,,,0.43960807187708656,0.43960807187708656,1.0,0.375,0.44195806103525137,0.4541790200926876,26.0,0.23333079936064482,0.0,0.0
classical_musicnet_2201__300s,classical_musicnet_2201,classical,discovery,300.0,path_acoustic_phase,phase_lifted_path_homology,66,,,0.3468923057128726,0.3468923057128726,1.0,0.275,0.35880212128856426,0.37951738656506356,12.0,0.14181966549628067,0.0,0.0
classical_musicnet_2201__300s,classical_musicnet_2201,classical,discovery,300.0,path_rhythm_phase,phase_lifted_path_homology,66,,,0.43960807187708656,0.43960807187708656,1.0,0.375,0.44195806103525137,0.4541790200926876,26.0,0.23333079936064482,0.0,0.0
classical_musicnet_2202__180s,classical_musicnet_2202,classical,discovery,180.0,path_acoustic_phase,phase_lifted_path_homology,89,,,0.3453743064495129,0.3453743064495129,1.0,0.275,0.37197364288281065,0.44112418596340414,52.0,0.2850472397184103,0.0,0.0
classical_musicnet_2202__180s,classical_musicnet_2202,classical,discovery,180.0,path_rhythm_phase,phase_lifted_path_homology,89,,,0.3553566856419959,0.3553566856419959,1.0,0.325,0.3636319099341739,0.3799138259547681,58.0,0.11882908356875932,0.0,0.0
classical_musicnet_2202__300s,classical_musicnet_2202,classical,discovery,300.0,path_acoustic_phase,phase_lifted_path_homology,90,,,0.328829211741243,0.328829211741243,1.0,0.275,0.354877255947891,0.4314267014411913,52.0,0.2627860031595729,0.0,0.0
classical_musicnet_2202__300s,classical_musicnet_2202,classical,discovery,300.0,path_rhythm_phase,phase_lifted_path_homology,90,,,0.3605109911616363,0.3605109911616363,1.0,0.325,0.36358382482537377,0.38036047656749955,54.0,0.10114531357859935,0.0,0.0
classical_musicnet_2203__180s,classical_musicnet_2203,classical,discovery,180.0,path_acoustic_phase,phase_lifted_path_homology,77,,,0.3300061588873065,0.3300061588873065,1.0,0.275,0.34968577105852083,0.4060368118258888,38.0,0.2636930341840872,0.0,0.0
classical_musicnet_2203__180s,classical_musicnet_2203,classical,discovery,180.0,path_rhythm_phase,phase_lifted_path_homology,77,,,0.27018056993562767,0.27018056993562767,1.0,0.225,0.2889892975339487,0.35086624511266384,36.0,0.14473573490638025,0.0,0.0
classical_musicnet_2203__300s,classical_musicnet_2203,classical,discovery,300.0,path_acoustic_phase,phase_lifted_path_homology,77,,,0.3300061588873065,0.3300061588873065,1.0,0.275,0.34968577105852083,0.4060368118258888,38.0,0.2636930341840872,0.0,0.0
classical_musicnet_2203__300s,classical_musicnet_2203,classical,discovery,300.0,path_rhythm_phase,phase_lifted_path_homology,77,,,0.27018056993562767,0.27018056993562767,1.0,0.225,0.2889892975339487,0.35086624511266384,36.0,0.14473573490638025,0.0,0.0
classical_musicnet_2204__180s,classical_musicnet_2204,classical,discovery,180.0,path_acoustic_phase,phase_lifted_path_homology,65,,,0.2955554101991221,0.2955554101991221,1.0,0.225,0.32005923942785014,0.37221772213292215,20.0,0.14846283880693423,0.0,0.0
classical_musicnet_2204__180s,classical_musicnet_2204,classical,discovery,180.0,path_rhythm_phase,phase_lifted_path_homology,65,,,0.3289868978113005,0.3289868978113005,1.0,0.275,0.3313640467167511,0.3544500269797037,26.0,0.08560672356307109,0.0,0.0
classical_musicnet_2204__300s,classical_musicnet_2204,classical,discovery,300.0,path_acoustic_phase,phase_lifted_path_homology,65,,,0.2955554101991221,0.2955554101991221,1.0,0.225,0.32005923942785014,0.37221772213292215,20.0,0.14846283880693423,0.0,0.0
classical_musicnet_2204__300s,classical_musicnet_2204,classical,discovery,300.0,path_rhythm_phase,phase_lifted_path_homology,65,,,0.3289868978113005,0.3289868978113005,1.0,0.275,0.3313640467167511,0.3544500269797037,26.0,0.08560672356307109,0.0,0.0
classical_musicnet_2207__180s,classical_musicnet_2207,classical,discovery,180.0,path_acoustic_phase,phase_lifted_path_homology,44,,,0.3005985234069414,0.3005985234069414,1.0,0.275,0.3090144451473344,0.3581983867935981,16.0,0.05047330880010881,0.0,0.0
classical_musicnet_2207__180s,classical_musicnet_2207,classical,discovery,180.0,path_rhythm_phase,phase_lifted_path_homology,44,,,0.31739569228052367,0.31739569228052367,1.0,0.275,0.3178604095559433,0.3505474102600517,16.0,0.06860031907054054,0.0,0.0
classical_musicnet_2207__300s,classical_musicnet_2207,classical,discovery,300.0,path_acoustic_phase,phase_lifted_path_homology,44,,,0.3005985234069414,0.3005985234069414,1.0,0.275,0.3090144451473344,0.3581983867935981,16.0,0.05047330880010881,0.0,0.0
classical_musicnet_2207__300s,classical_musicnet_2207,classical,discovery,300.0,path_rhythm_phase,phase_lifted_path_homology,44,,,0.31739569228052367,0.31739569228052367,1.0,0.275,0.3178604095559433,0.3505474102600517,16.0,0.06860031907054054,0.0,0.0
classical_musicnet_2208__180s,classical_musicnet_2208,classical,discovery,180.0,path_acoustic_phase,phase_lifted_path_homology,59,,,0.33285738049060376,0.33285738049060376,1.0,0.275,0.3494512935459053,0.3956042103915951,20.0,0.19016581732551607,0.0,0.0
classical_musicnet_2208__180s,classical_musicnet_2208,classical,discovery,180.0,path_rhythm_phase,phase_lifted_path_homology,59,,,0.38539219387172485,0.38539219387172485,1.0,0.325,0.3987946332099178,0.44406204796886367,14.0,0.2165270923574496,0.0,0.0
classical_musicnet_2208__300s,classical_musicnet_2208,classical,discovery,300.0,path_acoustic_phase,phase_lifted_path_homology,59,,,0.33285738049060376,0.33285738049060376,1.0,0.275,0.3494512935459053,0.3956042103915951,20.0,0.19016581732551607,0.0,0.0
classical_musicnet_2208__300s,classical_musicnet_2208,classical,discovery,300.0,path_rhythm_phase,phase_lifted_path_homology,59,,,0.38539219387172485,0.38539219387172485,1.0,0.325,0.3987946332099178,0.44406204796886367,14.0,0.2165270923574496,0.0,0.0
classical_musicnet_2209__180s,classical_musicnet_2209,classical,discovery,180.0,path_acoustic_phase,phase_lifted_path_homology,79,,,0.3793415122957464,0.3793415122957464,1.0,0.325,0.3812752684332804,0.39591489483658054,18.0,0.09790524596142047,0.0,0.0
classical_musicnet_2209__180s,classical_musicnet_2209,classical,discovery,180.0,path_rhythm_phase,phase_lifted_path_homology,79,,,0.4671857991608531,0.4671857991608531,1.0,0.425,0.4702899907339317,0.4848929113580998,14.0,0.3751693302857019,0.0,0.0
classical_musicnet_2209__300s,classical_musicnet_2209,classical,discovery,300.0,path_acoustic_phase,phase_lifted_path_homology,79,,,0.3793415122957464,0.3793415122957464,1.0,0.325,0.3812752684332804,0.39591489483658054,18.0,0.09790524596142047,0.0,0.0
classical_musicnet_2209__300s,classical_musicnet_2209,classical,discovery,300.0,path_rhythm_phase,phase_lifted_path_homology,79,,,0.4671857991608531,0.4671857991608531,1.0,0.425,0.4702899907339317,0.4848929113580998,14.0,0.3751693302857019,0.0,0.0
classical_musicnet_2210__180s,classical_musicnet_2210,classical,discovery,180.0,path_acoustic_phase,phase_lifted_path_homology,88,,,0.32510607753329557,0.32510607753329557,1.0,0.275,0.33616548976030225,0.3790382734223589,26.0,0.16529156760334884,0.0,0.0
classical_musicnet_2210__180s,classical_musicnet_2210,classical,discovery,180.0,path_rhythm_phase,phase_lifted_path_homology,88,,,0.30966368203107286,0.30966368203107286,1.0,0.275,0.33167785027419167,0.3953273276962615,26.0,0.09139318835171872,0.0,0.0
classical_musicnet_2210__300s,classical_musicnet_2210,classical,discovery,300.0,path_acoustic_phase,phase_lifted_path_homology,88,,,0.32510607753329557,0.32510607753329557,1.0,0.275,0.33616548976030225,0.3790382734223589,26.0,0.16529156760334884,0.0,0.0
classical_musicnet_2210__300s,classical_musicnet_2210,classical,discovery,300.0,path_rhythm_phase,phase_lifted_path_homology,88,,,0.30966368203107286,0.30966368203107286,1.0,0.275,0.33167785027419167,0.3953273276962615,26.0,0.09139318835171872,0.0,0.0
classical_musicnet_2211__180s,classical_musicnet_2211,classical,discovery,180.0,path_acoustic_phase,phase_lifted_path_homology,89,,,0.3244045110654844,0.3244045110654844,1.0,0.275,0.3323755216671818,0.35894427915220234,28.0,0.18450944084634946,0.0,0.0
classical_musicnet_2211__180s,classical_musicnet_2211,classical,discovery,180.0,path_rhythm_phase,phase_lifted_path_homology,89,,,0.4029728256859156,0.4029728256859156,1.0,0.375,0.4078345445802125,0.41822577671048444,24.0,0.2838410379894539,0.0,0.0
classical_musicnet_2211__300s,classical_musicnet_2211,classical,discovery,300.0,path_acoustic_phase,phase_lifted_path_homology,118,,,0.36620883952440764,0.36620883952440764,1.0,0.325,0.36702129702813396,0.38447239598836,20.0,0.05983336471908807,0.0,0.0
classical_musicnet_2211__300s,classical_musicnet_2211,classical,discovery,300.0,path_rhythm_phase,phase_lifted_path_homology,118,,,0.45181935180331173,0.45181935180331173,1.0,0.425,0.4521525069473953,0.4579708403645637,24.0,0.20116365278395654,0.0,0.0
classical_musicnet_2212__180s,classical_musicnet_2212,classical,discovery,180.0,path_acoustic_phase,phase_lifted_path_homology,86,,,0.3286418606561093,0.3286418606561093,1.0,0.275,0.3397039294743641,0.3648746014621183,30.0,0.1365258462957275,0.0,0.0
classical_musicnet_2212__180s,classical_musicnet_2212,classical,discovery,180.0,path_rhythm_phase,phase_lifted_path_homology,86,,,0.3706408514322707,0.3706408514322707,1.0,0.325,0.37526328980300294,0.4158149400443267,36.0,0.17465375406138617,0.0,0.0
classical_musicnet_2212__300s,classical_musicnet_2212,classical,discovery,300.0,path_acoustic_phase,phase_lifted_path_homology,86,,,0.3286418606561093,0.3286418606561093,1.0,0.275,0.3397039294743641,0.3648746014621183,30.0,0.1365258462957275,0.0,0.0
classical_musicnet_2212__300s,classical_musicnet_2212,classical,discovery,300.0,path_rhythm_phase,phase_lifted_path_homology,86,,,0.3706408514322707,0.3706408514322707,1.0,0.325,0.37526328980300294,0.4158149400443267,36.0,0.17465375406138617,0.0,0.0
classical_musicnet_2213__180s,classical_musicnet_2213,classical,discovery,180.0,path_acoustic_phase,phase_lifted_path_homology,57,,,0.39689578827769645,0.39689578827769645,1.0,0.325,0.4010701616675413,0.42117712884969,12.0,0.08856513173776792,0.0,0.0
classical_musicnet_2213__180s,classical_musicnet_2213,classical,discovery,180.0,path_rhythm_phase,phase_lifted_path_homology,57,,,0.3897827245507175,0.3897827245507175,1.0,0.325,0.39436104632343394,0.41360621039893797,28.0,0.13065067981338518,0.0,0.0
classical_musicnet_2213__300s,classical_musicnet_2213,classical,discovery,300.0,path_acoustic_phase,phase_lifted_path_homology,57,,,0.39689578827769645,0.39689578827769645,1.0,0.325,0.4010701616675413,0.42117712884969,12.0,0.08856513173776792,0.0,0.0
classical_musicnet_2213__300s,classical_musicnet_2213,classical,discovery,300.0,path_rhythm_phase,phase_lifted_path_homology,57,,,0.3897827245507175,0.3897827245507175,1.0,0.325,0.39436104632343394,0.41360621039893797,28.0,0.13065067981338518,0.0,0.0
classical_musicnet_2214__180s,classical_musicnet_2214,classical,discovery,180.0,path_acoustic_phase,phase_lifted_path_homology,53,,,0.2771756849972811,0.2771756849972811,1.0,0.225,0.28588339915922584,0.32744826470526806,34.0,0.12438269423310633,0.0,0.0
classical_musicnet_2214__180s,classical_musicnet_2214,classical,discovery,180.0,path_rhythm_phase,phase_lifted_path_homology,53,,,0.38909928100745755,0.38909928100745755,1.0,0.325,0.39386861255457856,0.42197093715029,12.0,0.13799442995978806,0.0,0.0
classical_musicnet_2214__300s,classical_musicnet_2214,classical,discovery,300.0,path_acoustic_phase,phase_lifted_path_homology,53,,,0.2771756849972811,0.2771756849972811,1.0,0.225,0.28588339915922584,0.32744826470526806,34.0,0.12438269423310633,0.0,0.0
classical_musicnet_2214__300s,classical_musicnet_2214,classical,discovery,300.0,path_rhythm_phase,phase_lifted_path_homology,53,,,0.38909928100745755,0.38909928100745755,1.0,0.325,0.39386861255457856,0.42197093715029,12.0,0.13799442995978806,0.0,0.0
classical_musicnet_2215__180s,classical_musicnet_2215,classical,discovery,180.0,path_acoustic_phase,phase_lifted_path_homology,57,,,0.3038094206846835,0.3038094206846835,1.0,0.275,0.31677850379096656,0.36172428765296955,22.0,0.0797365668130301,0.0,0.0
classical_musicnet_2215__180s,classical_musicnet_2215,classical,discovery,180.0,path_rhythm_phase,phase_lifted_path_homology,57,,,0.3045637878767061,0.3045637878767061,1.0,0.275,0.30570942065422463,0.38055374791605395,18.0,0.14893116871866785,0.0,0.0
classical_musicnet_2215__300s,classical_musicnet_2215,classical,discovery,300.0,path_acoustic_phase,phase_lifted_path_homology,57,,,0.3038094206846835,0.3038094206846835,1.0,0.275,0.31677850379096656,0.36172428765296955,22.0,0.0797365668130301,0.0,0.0
classical_musicnet_2215__300s,classical_musicnet_2215,classical,discovery,300.0,path_rhythm_phase,phase_lifted_path_homology,57,,,0.3045637878767061,0.3045637878767061,1.0,0.275,0.30570942065422463,0.38055374791605395,18.0,0.14893116871866785,0.0,0.0
classical_musicnet_2217__180s,classical_musicnet_2217,classical,discovery,180.0,path_acoustic_phase,phase_lifted_path_homology,89,,,0.38127009253858046,0.38127009253858046,1.0,0.325,0.3824122255354774,0.39790388600163346,32.0,0.13462291179776398,0.0,0.0
classical_musicnet_2217__180s,classical_musicnet_2217,classical,discovery,180.0,path_rhythm_phase,phase_lifted_path_homology,89,,,0.366805871335344,0.366805871335344,1.0,0.325,0.36733863704867703,0.37578577221953685,32.0,0.05866649909769461,0.0,0.0
classical_musicnet_2217__300s,classical_musicnet_2217,classical,discovery,300.0,path_acoustic_phase,phase_lifted_path_homology,92,,,0.370931973706999,0.370931973706999,1.0,0.325,0.3783746979400423,0.392068168776778,32.0,0.08155164398366299,0.0,0.0
classical_musicnet_2217__300s,classical_musicnet_2217,classical,discovery,300.0,path_rhythm_phase,phase_lifted_path_homology,92,,,0.3605098458667664,0.3605098458667664,1.0,0.325,0.3629410065483975,0.38358208503076646,36.0,0.0896267092224734,0.0,0.0
classical_musicnet_2218__180s,classical_musicnet_2218,classical,discovery,180.0,path_acoustic_phase,phase_lifted_path_homology,89,,,0.49365674825093464,0.49365674825093464,1.0,0.425,0.49573884851790584,0.5068995166126671,48.0,0.6067988632552678,0.0,0.0
classical_musicnet_2218__180s,classical_musicnet_2218,classical,discovery,180.0,path_rhythm_phase,phase_lifted_path_homology,89,,,0.4160677515918129,0.4160677515918129,1.0,0.375,0.4171096055530277,0.41940781151847606,48.0,0.21309239744732222,0.0,0.0
classical_musicnet_2218__300s,classical_musicnet_2218,classical,discovery,300.0,path_acoustic_phase,phase_lifted_path_homology,99,,,0.4593652060897291,0.4593652060897291,1.0,0.425,0.47432931998879035,0.5059928435736323,48.0,0.530801119240727,0.0,0.0
classical_musicnet_2218__300s,classical_musicnet_2218,classical,discovery,300.0,path_rhythm_phase,phase_lifted_path_homology,99,,,0.3901354400430605,0.3901354400430605,1.0,0.325,0.3982129786753785,0.41742004140894506,48.0,0.2610564734905073,0.0,0.0
classical_musicnet_2219__180s,classical_musicnet_2219,classical,discovery,180.0,path_acoustic_phase,phase_lifted_path_homology,89,,,0.3615703014470511,0.3615703014470511,1.0,0.325,0.3625415828693034,0.3865596736240527,38.0,0.10684924936282258,0.0,0.0
classical_musicnet_2219__180s,classical_musicnet_2219,classical,discovery,180.0,path_rhythm_phase,phase_lifted_path_homology,89,,,0.37031318554877724,0.37031318554877724,1.0,0.325,0.375050201039732,0.389794499309332,30.0,0.10476824625222969,0.0,0.0
classical_musicnet_2219__300s,classical_musicnet_2219,classical,discovery,300.0,path_acoustic_phase,phase_lifted_path_homology,129,,,0.4066531728702897,0.4066531728702897,1.0,0.375,0.4093539550001379,0.42439796072651315,60.0,0.07523424631909781,0.0,0.0
classical_musicnet_2219__300s,classical_musicnet_2219,classical,discovery,300.0,path_rhythm_phase,phase_lifted_path_homology,129,,,0.34349914365687234,0.34349914365687234,1.0,0.275,0.3475272525792679,0.366217963928505,46.0,0.07816714337713959,0.0,0.0
classical_musicnet_2220__180s,classical_musicnet_2220,classical,discovery,180.0,path_acoustic_phase,phase_lifted_path_homology,89,,,0.36387199496548306,0.36387199496548306,1.0,0.325,0.3648581624601682,0.37697612096374383,12.0,0.10942458609270433,0.0,0.0
classical_musicnet_2220__180s,classical_musicnet_2220,classical,discovery,180.0,path_rhythm_phase,phase_lifted_path_homology,89,,,0.3520359607214772,0.3520359607214772,1.0,0.325,0.35792250041407286,0.38576629967038784,48.0,0.1040071257440851,0.0,0.0
classical_musicnet_2220__300s,classical_musicnet_2220,classical,discovery,300.0,path_acoustic_phase,phase_lifted_path_homology,149,,,0.35186849812181287,0.35186849812181287,1.0,0.325,0.3594761854583146,0.3807164700119223,12.0,0.0967533417444204,0.0,0.0
classical_musicnet_2220__300s,classical_musicnet_2220,classical,discovery,300.0,path_rhythm_phase,phase_lifted_path_homology,149,,,0.35265208541644133,0.35265208541644133,1.0,0.325,0.36173342773171346,0.3833429709737903,48.0,0.0980267614017476,0.0,0.0
classical_musicnet_2221__180s,classical_musicnet_2221,classical,discovery,180.0,path_acoustic_phase,phase_lifted_path_homology,89,,,0.362038040999156,0.362038040999156,1.0,0.325,0.362593681859331,0.3873582187013096,28.0,0.18366243192476128,0.0,0.0
classical_musicnet_2221__180s,classical_musicnet_2221,classical,discovery,180.0,path_rhythm_phase,phase_lifted_path_homology,89,,,0.3731030784409083,0.3731030784409083,1.0,0.325,0.3740453728126468,0.39934957219815254,16.0,0.15993195446715447,0.0,0.0
classical_musicnet_2221__300s,classical_musicnet_2221,classical,discovery,300.0,path_acoustic_phase,phase_lifted_path_homology,120,,,0.3458631207864007,0.3458631207864007,1.0,0.275,0.3560970684846987,0.38323382656211735,28.0,0.13415925912965032,0.0,0.0
classical_musicnet_2221__300s,classical_musicnet_2221,classical,discovery,300.0,path_rhythm_phase,phase_lifted_path_homology,120,,,0.32744040829198623,0.32744040829198623,1.0,0.275,0.32971185238375955,0.38499200717301196,16.0,0.12519368581888357,0.0,0.0
classical_musicnet_2222__180s,classical_musicnet_2222,classical,discovery,180.0,path_acoustic_phase,phase_lifted_path_homology,89,,,0.39179873962702805,0.39179873962702805,1.0,0.325,0.39472896784184297,0.45194263770864557,56.0,0.3453482928967526,0.0,0.0
classical_musicnet_2222__180s,classical_musicnet_2222,classical,discovery,180.0,path_rhythm_phase,phase_lifted_path_homology,89,,,0.3920514649456879,0.3920514649456879,1.0,0.325,0.3953573622553218,0.41788792574794503,54.0,0.2797636307499737,0.0,0.0
classical_musicnet_2222__300s,classical_musicnet_2222,classical,discovery,300.0,path_acoustic_phase,phase_lifted_path_homology,100,,,0.4526135862031388,0.4526135862031388,1.0,0.425,0.4547361418192779,0.4621738182599207,56.0,0.33763455928839403,0.0,0.0
classical_musicnet_2222__300s,classical_musicnet_2222,classical,discovery,300.0,path_rhythm_phase,phase_lifted_path_homology,100,,,0.38137537706394947,0.38137537706394947,1.0,0.325,0.3825846296996202,0.40452320432634564,54.0,0.2627729498679159,0.0,0.0
classical_musicnet_2224__180s,classical_musicnet_2224,classical,discovery,180.0,path_acoustic_phase,phase_lifted_path_homology,53,,,0.27771838276938443,0.27771838276938443,1.0,0.225,0.303346569092525,0.3695211665105065,14.0,0.04894162362109711,0.0,0.0
classical_musicnet_2224__180s,classical_musicnet_2224,classical,discovery,180.0,path_rhythm_phase,phase_lifted_path_homology,53,,,0.32616121071069787,0.32616121071069787,1.0,0.275,0.33384411992022,0.3692763578234912,14.0,0.10693727637329631,0.0,0.0
classical_musicnet_2224__300s,classical_musicnet_2224,classical,discovery,300.0,path_acoustic_phase,phase_lifted_path_homology,53,,,0.27771838276938443,0.27771838276938443,1.0,0.225,0.303346569092525,0.3695211665105065,14.0,0.04894162362109711,0.0,0.0
classical_musicnet_2224__300s,classical_musicnet_2224,classical,discovery,300.0,path_rhythm_phase,phase_lifted_path_homology,53,,,0.32616121071069787,0.32616121071069787,1.0,0.275,0.33384411992022,0.3692763578234912,14.0,0.10693727637329631,0.0,0.0
classical_musicnet_2225__180s,classical_musicnet_2225,classical,discovery,180.0,path_acoustic_phase,phase_lifted_path_homology,89,,,0.360500893433168,0.360500893433168,1.0,0.325,0.3657615887837981,0.3828541189846873,20.0,0.10971258677840878,0.0,0.0
classical_musicnet_2225__180s,classical_musicnet_2225,classical,discovery,180.0,path_rhythm_phase,phase_lifted_path_homology,89,,,0.4062935544404939,0.4062935544404939,1.0,0.375,0.40873724531985683,0.41474104585295396,20.0,0.16752682965020171,0.0,0.0
classical_musicnet_2225__300s,classical_musicnet_2225,classical,discovery,300.0,path_acoustic_phase,phase_lifted_path_homology,106,,,0.3514709925363872,0.3514709925363872,1.0,0.325,0.354308418461659,0.37694912947594994,50.0,0.05723173473429233,0.0,0.0
classical_musicnet_2225__300s,classical_musicnet_2225,classical,discovery,300.0,path_rhythm_phase,phase_lifted_path_homology,106,,,0.40483520905418857,0.40483520905418857,1.0,0.375,0.4069983543901041,0.4204557796834238,20.0,0.2020656429518719,0.0,0.0
classical_musicnet_2227__180s,classical_musicnet_2227,classical,discovery,180.0,path_acoustic_phase,phase_lifted_path_homology,64,,,0.3515778846048336,0.3515778846048336,1.0,0.325,0.3536121857944668,0.37010155762624436,14.0,0.0809205982584622,0.0,0.0
classical_musicnet_2227__180s,classical_musicnet_2227,classical,discovery,180.0,path_rhythm_phase,phase_lifted_path_homology,64,,,0.32476998250931766,0.32476998250931766,1.0,0.275,0.3291688110615252,0.363146816915698,24.0,0.09625863993031447,0.0,0.0
classical_musicnet_2227__300s,classical_musicnet_2227,classical,discovery,300.0,path_acoustic_phase,phase_lifted_path_homology,64,,,0.3515778846048336,0.3515778846048336,1.0,0.325,0.3536121857944668,0.37010155762624436,14.0,0.0809205982584622,0.0,0.0
classical_musicnet_2227__300s,classical_musicnet_2227,classical,discovery,300.0,path_rhythm_phase,phase_lifted_path_homology,64,,,0.32476998250931766,0.32476998250931766,1.0,0.275,0.3291688110615252,0.363146816915698,24.0,0.09625863993031447,0.0,0.0
classical_musicnet_2228__180s,classical_musicnet_2228,classical,discovery,180.0,path_acoustic_phase,phase_lifted_path_homology,48,,,0.33589318394167667,0.33589318394167667,1.0,0.275,0.34744352211681934,0.40294445706669624,26.0,0.15885758424410112,0.0,0.0
classical_musicnet_2228__180s,classical_musicnet_2228,classical,discovery,180.0,path_rhythm_phase,phase_lifted_path_homology,48,,,0.429092036926501,0.429092036926501,1.0,0.375,0.4304296583750112,0.44752636421178815,26.0,0.2520950993875527,0.0,0.0
classical_musicnet_2228__300s,classical_musicnet_2228,classical,discovery,300.0,path_acoustic_phase,phase_lifted_path_homology,48,,,0.33589318394167667,0.33589318394167667,1.0,0.275,0.34744352211681934,0.40294445706669624,26.0,0.15885758424410112,0.0,0.0
classical_musicnet_2228__300s,classical_musicnet_2228,classical,discovery,300.0,path_rhythm_phase,phase_lifted_path_homology,48,,,0.429092036926501,0.429092036926501,1.0,0.375,0.4304296583750112,0.44752636421178815,26.0,0.2520950993875527,0.0,0.0
classical_musicnet_2229__180s,classical_musicnet_2229,classical,discovery,180.0,path_acoustic_phase,phase_lifted_path_homology,89,,,0.32975946110353666,0.32975946110353666,1.0,0.275,0.33578219682512567,0.36349419871960437,52.0,0.14077459066725817,0.0,0.0
classical_musicnet_2229__180s,classical_musicnet_2229,classical,discovery,180.0,path_rhythm_phase,phase_lifted_path_homology,89,,,0.33289792689670217,0.33289792689670217,1.0,0.275,0.34794553479608475,0.3730920525733297,26.0,0.08406164521437942,0.0,0.0
classical_musicnet_2229__300s,classical_musicnet_2229,classical,discovery,300.0,path_acoustic_phase,phase_lifted_path_homology,121,,,0.35251750295247275,0.35251750295247275,1.0,0.325,0.36349173929659023,0.38925368128056675,36.0,0.06075530797044326,0.0,0.0
classical_musicnet_2229__300s,classical_musicnet_2229,classical,discovery,300.0,path_rhythm_phase,phase_lifted_path_homology,121,,,0.38735404371743726,0.38735404371743726,1.0,0.325,0.38907848248105326,0.40696147622510764,18.0,0.13017829135219183,0.0,0.0
classical_musicnet_2230__180s,classical_musicnet_2230,classical,discovery,180.0,path_acoustic_phase,phase_lifted_path_homology,41,,,0.36649783507113226,0.36649783507113226,1.0,0.325,0.3692046755759782,0.38021488867943276,12.0,0.21238121244990904,0.0,0.0
classical_musicnet_2230__180s,classical_musicnet_2230,classical,discovery,180.0,path_rhythm_phase,phase_lifted_path_homology,41,,,0.28951292428799974,0.28951292428799974,1.0,0.225,0.29412604208611404,0.3211360073091489,22.0,0.07778739645144617,0.0,0.0
classical_musicnet_2230__300s,classical_musicnet_2230,classical,discovery,300.0,path_acoustic_phase,phase_lifted_path_homology,41,,,0.36649783507113226,0.36649783507113226,1.0,0.325,0.3692046755759782,0.38021488867943276,12.0,0.21238121244990904,0.0,0.0
classical_musicnet_2230__300s,classical_musicnet_2230,classical,discovery,300.0,path_rhythm_phase,phase_lifted_path_homology,41,,,0.28951292428799974,0.28951292428799974,1.0,0.225,0.29412604208611404,0.3211360073091489,22.0,0.07778739645144617,0.0,0.0
classical_musicnet_2231__180s,classical_musicnet_2231,classical,discovery,180.0,path_acoustic_phase,phase_lifted_path_homology,57,,,0.3402097608563518,0.3402097608563518,1.0,0.275,0.34625829580063944,0.36270567508571744,30.0,0.12399292248485949,0.0,0.0
classical_musicnet_2231__180s,classical_musicnet_2231,classical,discovery,180.0,path_rhythm_phase,phase_lifted_path_homology,57,,,0.25279608484289096,0.25279608484289096,1.0,0.225,0.2765158985825552,0.3526312865537855,30.0,0.0694934014959806,0.0,0.0
classical_musicnet_2231__300s,classical_musicnet_2231,classical,discovery,300.0,path_acoustic_phase,phase_lifted_path_homology,57,,,0.3402097608563518,0.3402097608563518,1.0,0.275,0.34625829580063944,0.36270567508571744,30.0,0.12399292248485949,0.0,0.0
classical_musicnet_2231__300s,classical_musicnet_2231,classical,discovery,300.0,path_rhythm_phase,phase_lifted_path_homology,57,,,0.25279608484289096,0.25279608484289096,1.0,0.225,0.2765158985825552,0.3526312865537855,30.0,0.0694934014959806,0.0,0.0
classical_musicnet_2232__180s,classical_musicnet_2232,classical,discovery,180.0,path_acoustic_phase,phase_lifted_path_homology,38,,,0.37014964302661973,0.37014964302661973,1.0,0.325,0.37072950107838226,0.39515822364033326,12.0,0.11729238943594877,0.0,0.0
classical_musicnet_2232__180s,classical_musicnet_2232,classical,discovery,180.0,path_rhythm_phase,phase_lifted_path_homology,38,,,0.33343631059273676,0.33343631059273676,1.0,0.275,0.3512784979938055,0.3879499267492932,12.0,0.1786587891857867,0.0,0.0
classical_musicnet_2232__300s,classical_musicnet_2232,classical,discovery,300.0,path_acoustic_phase,phase_lifted_path_homology,38,,,0.37014964302661973,0.37014964302661973,1.0,0.325,0.37072950107838226,0.39515822364033326,12.0,0.11729238943594877,0.0,0.0
classical_musicnet_2232__300s,classical_musicnet_2232,classical,discovery,300.0,path_rhythm_phase,phase_lifted_path_homology,38,,,0.33343631059273676,0.33343631059273676,1.0,0.275,0.3512784979938055,0.3879499267492932,12.0,0.1786587891857867,0.0,0.0
classical_musicnet_2234__180s,classical_musicnet_2234,classical,discovery,180.0,path_acoustic_phase,phase_lifted_path_homology,31,,,0.34917654527216346,0.34917654527216346,1.0,0.275,0.3507837122543821,0.3733430417705998,20.0,0.13993545922957717,0.0,0.0
classical_musicnet_2234__180s,classical_musicnet_2234,classical,discovery,180.0,path_rhythm_phase,phase_lifted_path_homology,31,,,0.22904275127376947,0.22904275127376947,1.0,0.175,0.23764981752043648,0.33271076436294506,18.0,0.08490235882456154,0.0,0.0
classical_musicnet_2234__300s,classical_musicnet_2234,classical,discovery,300.0,path_acoustic_phase,phase_lifted_path_homology,31,,,0.34917654527216346,0.34917654527216346,1.0,0.275,0.3507837122543821,0.3733430417705998,20.0,0.13993545922957717,0.0,0.0
classical_musicnet_2234__300s,classical_musicnet_2234,classical,discovery,300.0,path_rhythm_phase,phase_lifted_path_homology,31,,,0.22904275127376947,0.22904275127376947,1.0,0.175,0.23764981752043648,0.33271076436294506,18.0,0.08490235882456154,0.0,0.0
classical_musicnet_2237__180s,classical_musicnet_2237,classical,discovery,180.0,path_acoustic_phase,phase_lifted_path_homology,54,,,0.369144439461631,0.369144439461631,1.0,0.325,0.3712706491356475,0.400670635273701,28.0,0.0825440516610072,0.0,0.0
classical_musicnet_2237__180s,classical_musicnet_2237,classical,discovery,180.0,path_rhythm_phase,phase_lifted_path_homology,54,,,0.4034575655073767,0.4034575655073767,1.0,0.375,0.4104830387640335,0.4333785449610263,14.0,0.18166953390770546,0.0,0.0
classical_musicnet_2237__300s,classical_musicnet_2237,classical,discovery,300.0,path_acoustic_phase,phase_lifted_path_homology,54,,,0.369144439461631,0.369144439461631,1.0,0.325,0.3712706491356475,0.400670635273701,28.0,0.0825440516610072,0.0,0.0
classical_musicnet_2237__300s,classical_musicnet_2237,classical,discovery,300.0,path_rhythm_phase,phase_lifted_path_homology,54,,,0.4034575655073767,0.4034575655073767,1.0,0.375,0.4104830387640335,0.4333785449610263,14.0,0.18166953390770546,0.0,0.0
classical_musicnet_2238__180s,classical_musicnet_2238,classical,discovery,180.0,path_acoustic_phase,phase_lifted_path_homology,29,,,0.3576286300994706,0.3576286300994706,1.0,0.325,0.35875233550635016,0.36305596036519466,14.0,0.05976502118394178,0.0,0.0
classical_musicnet_2238__180s,classical_musicnet_2238,classical,discovery,180.0,path_rhythm_phase,phase_lifted_path_homology,29,,,0.29932913403419154,0.29932913403419154,1.0,0.225,0.33363828344071056,0.396523154314726,16.0,0.09516137877007691,0.0,0.0
classical_musicnet_2238__300s,classical_musicnet_2238,classical,discovery,300.0,path_acoustic_phase,phase_lifted_path_homology,29,,,0.3576286300994706,0.3576286300994706,1.0,0.325,0.35875233550635016,0.36305596036519466,14.0,0.05976502118394178,0.0,0.0
classical_musicnet_2238__300s,classical_musicnet_2238,classical,discovery,300.0,path_rhythm_phase,phase_lifted_path_homology,29,,,0.29932913403419154,0.29932913403419154,1.0,0.225,0.33363828344071056,0.396523154314726,16.0,0.09516137877007691,0.0,0.0
classical_musicnet_2239__180s,classical_musicnet_2239,classical,discovery,180.0,path_acoustic_phase,phase_lifted_path_homology,59,,,0.3781425180695524,0.3781425180695524,1.0,0.325,0.3790817456606891,0.39518226071326373,14.0,0.1470554686433192,0.0,0.0
classical_musicnet_2239__180s,classical_musicnet_2239,classical,discovery,180.0,path_rhythm_phase,phase_lifted_path_homology,59,,,0.31089211283940227,0.31089211283940227,1.0,0.275,0.32122823767677566,0.36901287464148674,16.0,0.10024523932819374,0.0,0.0
classical_musicnet_2239__300s,classical_musicnet_2239,classical,discovery,300.0,path_acoustic_phase,phase_lifted_path_homology,59,,,0.3781425180695524,0.3781425180695524,1.0,0.325,0.3790817456606891,0.39518226071326373,14.0,0.1470554686433192,0.0,0.0
classical_musicnet_2239__300s,classical_musicnet_2239,classical,discovery,300.0,path_rhythm_phase,phase_lifted_path_homology,59,,,0.31089211283940227,0.31089211283940227,1.0,0.275,0.32122823767677566,0.36901287464148674,16.0,0.10024523932819374,0.0,0.0
classical_musicnet_2240__180s,classical_musicnet_2240,classical,discovery,180.0,path_acoustic_phase,phase_lifted_path_homology,45,,,0.28900904248415726,0.28900904248415726,1.0,0.225,0.3156358296407483,0.38174049579317315,12.0,0.09698966265289233,0.0,0.0
classical_musicnet_2240__180s,classical_musicnet_2240,classical,discovery,180.0,path_rhythm_phase,phase_lifted_path_homology,45,,,0.23699997379807497,0.23699997379807497,1.0,0.175,0.2771517509003578,0.35369404592742665,30.0,0.12259079482354784,0.0,0.0
classical_musicnet_2240__300s,classical_musicnet_2240,classical,discovery,300.0,path_acoustic_phase,phase_lifted_path_homology,45,,,0.28900904248415726,0.28900904248415726,1.0,0.225,0.3156358296407483,0.38174049579317315,12.0,0.09698966265289233,0.0,0.0
classical_musicnet_2240__300s,classical_musicnet_2240,classical,discovery,300.0,path_rhythm_phase,phase_lifted_path_homology,45,,,0.23699997379807497,0.23699997379807497,1.0,0.175,0.2771517509003578,0.35369404592742665,30.0,0.12259079482354784,0.0,0.0
classical_musicnet_2241__180s,classical_musicnet_2241,classical,discovery,180.0,path_acoustic_phase,phase_lifted_path_homology,89,,,0.36741687740565115,0.36741687740565115,1.0,0.325,0.36862075511552217,0.3791680682807616,58.0,0.17742350431980514,0.0,0.0
classical_musicnet_2241__180s,classical_musicnet_2241,classical,discovery,180.0,path_rhythm_phase,phase_lifted_path_homology,89,,,0.33876711327569087,0.33876711327569087,1.0,0.275,0.35335884404394474,0.38061513093355065,56.0,0.15018258456981037,0.0,0.0
classical_musicnet_2241__300s,classical_musicnet_2241,classical,discovery,300.0,path_acoustic_phase,phase_lifted_path_homology,120,,,0.3882173176950778,0.3882173176950778,1.0,0.325,0.3887951359432642,0.3967740252666925,46.0,0.10504158054726731,0.0,0.0
classical_musicnet_2241__300s,classical_musicnet_2241,classical,discovery,300.0,path_rhythm_phase,phase_lifted_path_homology,120,,,0.35335643258586324,0.35335643258586324,1.0,0.325,0.35695976904640203,0.3885802094456874,48.0,0.09600093450659974,0.0,0.0
classical_musicnet_2242__180s,classical_musicnet_2242,classical,discovery,180.0,path_acoustic_phase,phase_lifted_path_homology,89,,,0.32833518637653114,0.32833518637653114,1.0,0.275,0.3416444275600643,0.37659385529597,14.0,0.1941069984422057,0.0,0.0
classical_musicnet_2242__180s,classical_musicnet_2242,classical,discovery,180.0,path_rhythm_phase,phase_lifted_path_homology,89,,,0.342724747404765,0.342724747404765,1.0,0.275,0.3447741900021586,0.3550302456547889,14.0,0.08776737336961782,0.0,0.0
classical_musicnet_2242__300s,classical_musicnet_2242,classical,discovery,300.0,path_acoustic_phase,phase_lifted_path_homology,149,,,0.3341442974511445,0.3341442974511445,1.0,0.275,0.34246024332104447,0.3676258038310332,14.0,0.1318592286325977,0.0,0.0
classical_musicnet_2242__300s,classical_musicnet_2242,classical,discovery,300.0,path_rhythm_phase,phase_lifted_path_homology,149,,,0.3508294817865065,0.3508294817865065,1.0,0.325,0.3520105767093444,0.35536138435312875,24.0,0.0732876898444983,0.0,0.0
classical_musicnet_2243__180s,classical_musicnet_2243,classical,discovery,180.0,path_acoustic_phase,phase_lifted_path_homology,89,,,0.3885862379432017,0.3885862379432017,1.0,0.325,0.38871952410216604,0.3982609553411783,46.0,0.19809873365770847,0.0,0.0
classical_musicnet_2243__180s,classical_musicnet_2243,classical,discovery,180.0,path_rhythm_phase,phase_lifted_path_homology,89,,,0.31835332375161696,0.31835332375161696,1.0,0.275,0.3263879882553511,0.36629159483927326,28.0,0.1927090442441748,0.0,0.0
classical_musicnet_2243__300s,classical_musicnet_2243,classical,discovery,300.0,path_acoustic_phase,phase_lifted_path_homology,96,,,0.3549801568870642,0.3549801568870642,1.0,0.325,0.35992590090644627,0.38707803765106874,46.0,0.18805904053122502,0.0,0.0
classical_musicnet_2243__300s,classical_musicnet_2243,classical,discovery,300.0,path_rhythm_phase,phase_lifted_path_homology,96,,,0.3014548925758836,0.3014548925758836,1.0,0.275,0.3132029693548227,0.34752473156853925,64.0,0.08384324454053038,0.0,0.0
classical_musicnet_2244__180s,classical_musicnet_2244,classical,discovery,180.0,path_acoustic_phase,phase_lifted_path_homology,89,,,0.3681910615533721,0.3681910615533721,1.0,0.325,0.3734381826456606,0.4054656043574905,56.0,0.21178533788696052,0.0,0.0
classical_musicnet_2244__180s,classical_musicnet_2244,classical,discovery,180.0,path_rhythm_phase,phase_lifted_path_homology,89,,,0.3475529092794367,0.3475529092794367,1.0,0.275,0.34958372683356054,0.3575819259835152,38.0,0.07457779724933689,0.0,0.0
classical_musicnet_2244__300s,classical_musicnet_2244,classical,discovery,300.0,path_acoustic_phase,phase_lifted_path_homology,106,,,0.4174764249907914,0.4174764249907914,1.0,0.375,0.4231332928297561,0.4414293652165416,62.0,0.27342446593406566,0.0,0.0
classical_musicnet_2244__300s,classical_musicnet_2244,classical,discovery,300.0,path_rhythm_phase,phase_lifted_path_homology,106,,,0.3283509763740986,0.3283509763740986,1.0,0.275,0.3473109143125017,0.3838612433572077,42.0,0.16393485670949004,0.0,0.0
classical_musicnet_2247__180s,classical_musicnet_2247,classical,discovery,180.0,path_acoustic_phase,phase_lifted_path_homology,40,,,0.3095056722186097,0.3095056722186097,1.0,0.275,0.3201224019439358,0.3835824988666847,12.0,0.11403834615154462,0.0,0.0
classical_musicnet_2247__180s,classical_musicnet_2247,classical,discovery,180.0,path_rhythm_phase,phase_lifted_path_homology,40,,,0.3800412981062862,0.3800412981062862,1.0,0.325,0.3840743772579745,0.4013313591985815,14.0,0.09586846227374946,0.0,0.0
classical_musicnet_2247__300s,classical_musicnet_2247,classical,discovery,300.0,path_acoustic_phase,phase_lifted_path_homology,40,,,0.3095056722186097,0.3095056722186097,1.0,0.275,0.3201224019439358,0.3835824988666847,12.0,0.11403834615154462,0.0,0.0
classical_musicnet_2247__300s,classical_musicnet_2247,classical,discovery,300.0,path_rhythm_phase,phase_lifted_path_homology,40,,,0.3800412981062862,0.3800412981062862,1.0,0.325,0.3840743772579745,0.4013313591985815,14.0,0.09586846227374946,0.0,0.0
classical_musicnet_2248__180s,classical_musicnet_2248,classical,discovery,180.0,path_acoustic_phase,phase_lifted_path_homology,51,,,0.3272453181025445,0.3272453181025445,1.0,0.275,0.335660543489907,0.35509206520281383,16.0,0.06026412814371129,0.0,0.0
classical_musicnet_2248__180s,classical_musicnet_2248,classical,discovery,180.0,path_rhythm_phase,phase_lifted_path_homology,51,,,0.2708968440180203,0.2708968440180203,1.0,0.225,0.30272327824606,0.37501722159609335,26.0,0.14491879188168655,0.0,0.0
classical_musicnet_2248__300s,classical_musicnet_2248,classical,discovery,300.0,path_acoustic_phase,phase_lifted_path_homology,51,,,0.3272453181025445,0.3272453181025445,1.0,0.275,0.335660543489907,0.35509206520281383,16.0,0.06026412814371129,0.0,0.0
classical_musicnet_2248__300s,classical_musicnet_2248,classical,discovery,300.0,path_rhythm_phase,phase_lifted_path_homology,51,,,0.2708968440180203,0.2708968440180203,1.0,0.225,0.30272327824606,0.37501722159609335,26.0,0.14491879188168655,0.0,0.0
classical_musicnet_2282__180s,classical_musicnet_2282,classical,discovery,180.0,path_acoustic_phase,phase_lifted_path_homology,89,,,0.2621030024822197,0.2621030024822197,1.0,0.225,0.27370119180560193,0.32879860324030313,46.0,0.12070025809691343,0.0,0.0
classical_musicnet_2282__180s,classical_musicnet_2282,classical,discovery,180.0,path_rhythm_phase,phase_lifted_path_homology,89,,,0.3353633397134181,0.3353633397134181,1.0,0.275,0.35466029613794847,0.3885263187638128,50.0,0.12471958834711039,0.0,0.0
classical_musicnet_2282__300s,classical_musicnet_2282,classical,discovery,300.0,path_acoustic_phase,phase_lifted_path_homology,149,,,0.38636531439657334,0.38636531439657334,1.0,0.325,0.3869750890899476,0.39387753784374374,36.0,0.0630902623765055,0.0,0.0
classical_musicnet_2282__300s,classical_musicnet_2282,classical,discovery,300.0,path_rhythm_phase,phase_lifted_path_homology,149,,,0.3743888962069615,0.3743888962069615,1.0,0.325,0.37832832995121807,0.39654947896445464,16.0,0.0898448257553155,0.0,0.0
classical_musicnet_2283__180s,classical_musicnet_2283,classical,discovery,180.0,path_acoustic_phase,phase_lifted_path_homology,89,,,0.35950358761567264,0.35950358761567264,1.0,0.325,0.3642105458784775,0.37913357171927586,34.0,0.0941213882566927,0.0,0.0
classical_musicnet_2283__180s,classical_musicnet_2283,classical,discovery,180.0,path_rhythm_phase,phase_lifted_path_homology,89,,,0.33137503898049814,0.33137503898049814,1.0,0.275,0.3314085163158685,0.354674490995133,58.0,0.10137428421352768,0.0,0.0
classical_musicnet_2283__300s,classical_musicnet_2283,classical,discovery,300.0,path_acoustic_phase,phase_lifted_path_homology,95,,,0.37602177474719845,0.37602177474719845,1.0,0.325,0.37626508022566374,0.39301242665282915,34.0,0.08691670729251744,0.0,0.0
classical_musicnet_2283__300s,classical_musicnet_2283,classical,discovery,300.0,path_rhythm_phase,phase_lifted_path_homology,95,,,0.37346220985204825,0.37346220985204825,1.0,0.325,0.37428804676034455,0.3787125208538947,56.0,0.15033465736796803,0.0,0.0
classical_musicnet_2284__180s,classical_musicnet_2284,classical,discovery,180.0,path_acoustic_phase,phase_lifted_path_homology,89,,,0.38228421428118226,0.38228421428118226,1.0,0.325,0.3842838307718959,0.38901864820992826,28.0,0.09734543509667892,0.0,0.0
classical_musicnet_2284__180s,classical_musicnet_2284,classical,discovery,180.0,path_rhythm_phase,phase_lifted_path_homology,89,,,0.3350204717489336,0.3350204717489336,1.0,0.275,0.3454287898531058,0.3734830579549182,14.0,0.17135515080389752,0.0,0.0
classical_musicnet_2284__300s,classical_musicnet_2284,classical,discovery,300.0,path_acoustic_phase,phase_lifted_path_homology,113,,,0.3690317115582552,0.3690317115582552,1.0,0.325,0.3717058611583611,0.37925509644813493,12.0,0.05171338535684411,0.0,0.0
classical_musicnet_2284__300s,classical_musicnet_2284,classical,discovery,300.0,path_rhythm_phase,phase_lifted_path_homology,113,,,0.3088642316902735,0.3088642316902735,1.0,0.275,0.31908079821888474,0.3408259566750725,34.0,0.10995655556757722,0.0,0.0
classical_musicnet_2285__180s,classical_musicnet_2285,classical,discovery,180.0,path_acoustic_phase,phase_lifted_path_homology,89,,,0.30017862450000526,0.30017862450000526,1.0,0.275,0.3046120067203476,0.3414426465933322,58.0,0.12604935253236293,0.0,0.0
classical_musicnet_2285__180s,classical_musicnet_2285,classical,discovery,180.0,path_rhythm_phase,phase_lifted_path_homology,89,,,0.38424277186390143,0.38424277186390143,1.0,0.325,0.38432059660672035,0.39260280526171226,18.0,0.17995537445735366,0.0,0.0
classical_musicnet_2285__300s,classical_musicnet_2285,classical,discovery,300.0,path_acoustic_phase,phase_lifted_path_homology,112,,,0.3395484964136934,0.3395484964136934,1.0,0.275,0.3533164408469863,0.44593402156607587,64.0,0.2811461894517344,0.0,0.0
classical_musicnet_2285__300s,classical_musicnet_2285,classical,discovery,300.0,path_rhythm_phase,phase_lifted_path_homology,112,,,0.31858055631066917,0.31858055631066917,1.0,0.275,0.3329811232317158,0.3694054596998724,18.0,0.08197225718151657,0.0,0.0
classical_musicnet_2288__180s,classical_musicnet_2288,classical,discovery,180.0,path_acoustic_phase,phase_lifted_path_homology,89,,,0.4882811110847005,0.4882811110847005,1.0,0.425,0.4919134942790683,0.504078285437753,46.0,0.5814688779917297,0.0,0.0
classical_musicnet_2288__180s,classical_musicnet_2288,classical,discovery,180.0,path_rhythm_phase,phase_lifted_path_homology,89,,,0.375029989853862,0.375029989853862,1.0,0.325,0.3753276885681184,0.3872072831766317,46.0,0.2171945437824736,0.0,0.0
classical_musicnet_2288__300s,classical_musicnet_2288,classical,discovery,300.0,path_acoustic_phase,phase_lifted_path_homology,95,,,0.4798101025732943,0.4798101025732943,1.0,0.425,0.49282452085079564,0.5154559184500201,46.0,0.5136738969283823,0.0,0.0
classical_musicnet_2288__300s,classical_musicnet_2288,classical,discovery,300.0,path_rhythm_phase,phase_lifted_path_homology,95,,,0.36009287978108867,0.36009287978108867,1.0,0.325,0.3667567992428764,0.39446742771171883,20.0,0.14962116816849358,0.0,0.0
classical_musicnet_2289__180s,classical_musicnet_2289,classical,discovery,180.0,path_acoustic_phase,phase_lifted_path_homology,89,,,0.3080110782107643,0.3080110782107643,1.0,0.275,0.32386358072420185,0.3708496621479446,30.0,0.12397633658275842,0.0,0.0
classical_musicnet_2289__180s,classical_musicnet_2289,classical,discovery,180.0,path_rhythm_phase,phase_lifted_path_homology,89,,,0.3259845565899946,0.3259845565899946,1.0,0.275,0.3333329642243978,0.35545906691364665,56.0,0.18719589369642842,0.0,0.0
classical_musicnet_2289__300s,classical_musicnet_2289,classical,discovery,300.0,path_acoustic_phase,phase_lifted_path_homology,101,,,0.375068667869728,0.375068667869728,1.0,0.325,0.3884332360059885,0.4171314697263266,60.0,0.2940197302230799,0.0,0.0
classical_musicnet_2289__300s,classical_musicnet_2289,classical,discovery,300.0,path_rhythm_phase,phase_lifted_path_homology,101,,,0.34821423616330727,0.34821423616330727,1.0,0.275,0.3586589004901378,0.3798384982455046,60.0,0.1516534083331793,0.0,0.0
classical_musicnet_2292__180s,classical_musicnet_2292,classical,discovery,180.0,path_acoustic_phase,phase_lifted_path_homology,45,,,0.3300460187493398,0.3300460187493398,1.0,0.275,0.3425120618347851,0.38145258214915323,16.0,0.11346250652161882,0.0,0.0
classical_musicnet_2292__180s,classical_musicnet_2292,classical,discovery,180.0,path_rhythm_phase,phase_lifted_path_homology,45,,,0.2977894709713118,0.2977894709713118,1.0,0.225,0.31655959288869573,0.3723935984540165,26.0,0.08997521958362276,0.0,0.0
classical_musicnet_2292__300s,classical_musicnet_2292,classical,discovery,300.0,path_acoustic_phase,phase_lifted_path_homology,45,,,0.3300460187493398,0.3300460187493398,1.0,0.275,0.3425120618347851,0.38145258214915323,16.0,0.11346250652161882,0.0,0.0
classical_musicnet_2292__300s,classical_musicnet_2292,classical,discovery,300.0,path_rhythm_phase,phase_lifted_path_homology,45,,,0.2977894709713118,0.2977894709713118,1.0,0.225,0.31655959288869573,0.3723935984540165,26.0,0.08997521958362276,0.0,0.0
classical_musicnet_2293__180s,classical_musicnet_2293,classical,discovery,180.0,path_acoustic_phase,phase_lifted_path_homology,89,,,0.2720537297050301,0.2720537297050301,1.0,0.225,0.2977158152132065,0.36589326667943944,54.0,0.17147427145963245,0.0,0.0
classical_musicnet_2293__180s,classical_musicnet_2293,classical,discovery,180.0,path_rhythm_phase,phase_lifted_path_homology,89,,,0.2888270690308202,0.2888270690308202,1.0,0.225,0.3132354466813727,0.3621337916808045,52.0,0.19974536477365112,0.0,0.0
classical_musicnet_2293__300s,classical_musicnet_2293,classical,discovery,300.0,path_acoustic_phase,phase_lifted_path_homology,149,,,0.33878971302979854,0.33878971302979854,1.0,0.275,0.3426315028603072,0.3661575277996185,54.0,0.0818381291647583,0.0,0.0
classical_musicnet_2293__300s,classical_musicnet_2293,classical,discovery,300.0,path_rhythm_phase,phase_lifted_path_homology,149,,,0.32745903129689596,0.32745903129689596,1.0,0.275,0.3336186191406829,0.3510645192391825,16.0,0.059758724068975866,0.0,0.0
classical_musicnet_2294__180s,classical_musicnet_2294,classical,discovery,180.0,path_acoustic_phase,phase_lifted_path_homology,89,,,0.3393505712554093,0.3393505712554093,1.0,0.275,0.3435446872708422,0.387246798871067,44.0,0.10134355121316796,0.0,0.0
classical_musicnet_2294__180s,classical_musicnet_2294,classical,discovery,180.0,path_rhythm_phase,phase_lifted_path_homology,89,,,0.35423789146824575,0.35423789146824575,1.0,0.325,0.3633422111200092,0.3848393649169923,26.0,0.10393191837184457,0.0,0.0
classical_musicnet_2294__300s,classical_musicnet_2294,classical,discovery,300.0,path_acoustic_phase,phase_lifted_path_homology,113,,,0.35500943078991687,0.35500943078991687,1.0,0.325,0.35966410003447663,0.37283809662603873,48.0,0.11727118496069844,0.0,0.0
classical_musicnet_2294__300s,classical_musicnet_2294,classical,discovery,300.0,path_rhythm_phase,phase_lifted_path_homology,113,,,0.3603513972491758,0.3603513972491758,1.0,0.325,0.3626219941392276,0.37042787797768345,44.0,0.12491822788597085,0.0,0.0
classical_musicnet_2295__180s,classical_musicnet_2295,classical,discovery,180.0,path_acoustic_phase,phase_lifted_path_homology,89,,,0.32600130358110024,0.32600130358110024,1.0,0.275,0.33909170033771313,0.382508272612233,42.0,0.21735037381152256,0.0,0.0
classical_musicnet_2295__180s,classical_musicnet_2295,classical,discovery,180.0,path_rhythm_phase,phase_lifted_path_homology,89,,,0.37355724951132996,0.37355724951132996,1.0,0.325,0.3800310110822329,0.4077201035627526,38.0,0.23186517143555396,0.0,0.0
classical_musicnet_2295__300s,classical_musicnet_2295,classical,discovery,300.0,path_acoustic_phase,phase_lifted_path_homology,129,,,0.36741897946456525,0.36741897946456525,1.0,0.325,0.3688865337598516,0.3983609373257501,44.0,0.18821423823321548,0.0,0.0
classical_musicnet_2295__300s,classical_musicnet_2295,classical,discovery,300.0,path_rhythm_phase,phase_lifted_path_homology,129,,,0.3566854260793315,0.3566854260793315,1.0,0.325,0.36770592830164794,0.39284942953885293,48.0,0.18984100973543083,0.0,0.0
classical_musicnet_2296__180s,classical_musicnet_2296,classical,discovery,180.0,path_acoustic_phase,phase_lifted_path_homology,89,,,0.3209082194245374,0.3209082194245374,1.0,0.275,0.32759982692402645,0.36521483356176576,58.0,0.1610937611477805,0.0,0.0
classical_musicnet_2296__180s,classical_musicnet_2296,classical,discovery,180.0,path_rhythm_phase,phase_lifted_path_homology,89,,,0.3325363687205251,0.3325363687205251,1.0,0.275,0.33282736309822264,0.3589245329603244,32.0,0.09879018835547693,0.0,0.0
classical_musicnet_2296__300s,classical_musicnet_2296,classical,discovery,300.0,path_acoustic_phase,phase_lifted_path_homology,145,,,0.3608962837728199,0.3608962837728199,1.0,0.325,0.36583868099679867,0.39273303247559777,56.0,0.1877456888018929,0.0,0.0
classical_musicnet_2296__300s,classical_musicnet_2296,classical,discovery,300.0,path_rhythm_phase,phase_lifted_path_homology,145,,,0.3663044509083159,0.3663044509083159,1.0,0.325,0.36836061428720485,0.3838209896267371,54.0,0.15514389897211078,0.0,0.0
classical_musicnet_2297__180s,classical_musicnet_2297,classical,discovery,180.0,path_acoustic_phase,phase_lifted_path_homology,89,,,0.3421433932122713,0.3421433932122713,1.0,0.275,0.3521794112148956,0.3826218635112438,20.0,0.09701925889068974,0.0,0.0
classical_musicnet_2297__180s,classical_musicnet_2297,classical,discovery,180.0,path_rhythm_phase,phase_lifted_path_homology,89,,,0.33121548599499634,0.33121548599499634,1.0,0.275,0.33238064516848764,0.34024201854682884,16.0,0.13958797161565784,0.0,0.0
classical_musicnet_2297__300s,classical_musicnet_2297,classical,discovery,300.0,path_acoustic_phase,phase_lifted_path_homology,149,,,0.3679200411910345,0.3679200411910345,1.0,0.325,0.37127965202184,0.3864946932883104,18.0,0.11514966546534833,0.0,0.0
classical_musicnet_2297__300s,classical_musicnet_2297,classical,discovery,300.0,path_rhythm_phase,phase_lifted_path_homology,149,,,0.32573903350815286,0.32573903350815286,1.0,0.275,0.34194928592510976,0.38744343433221246,42.0,0.14387860488198112,0.0,0.0
classical_musicnet_2298__180s,classical_musicnet_2298,classical,discovery,180.0,path_acoustic_phase,phase_lifted_path_homology,76,,,0.3393890083911937,0.3393890083911937,1.0,0.275,0.3409238846259014,0.3581490582733182,22.0,0.10825837012070161,0.0,0.0
classical_musicnet_2298__180s,classical_musicnet_2298,classical,discovery,180.0,path_rhythm_phase,phase_lifted_path_homology,76,,,0.2982270969190761,0.2982270969190761,1.0,0.225,0.30398461070162897,0.3363991030007052,48.0,0.06266190152283624,0.0,0.0
classical_musicnet_2298__300s,classical_musicnet_2298,classical,discovery,300.0,path_acoustic_phase,phase_lifted_path_homology,76,,,0.3393890083911937,0.3393890083911937,1.0,0.275,0.3409238846259014,0.3581490582733182,22.0,0.10825837012070161,0.0,0.0
classical_musicnet_2298__300s,classical_musicnet_2298,classical,discovery,300.0,path_rhythm_phase,phase_lifted_path_homology,76,,,0.2982270969190761,0.2982270969190761,1.0,0.225,0.30398461070162897,0.3363991030007052,48.0,0.06266190152283624,0.0,0.0
classical_musicnet_2300__180s,classical_musicnet_2300,classical,discovery,180.0,path_acoustic_phase,phase_lifted_path_homology,89,,,0.29968930075260924,0.29968930075260924,1.0,0.225,0.3132300655385817,0.3656025779609675,54.0,0.08493695409768898,0.0,0.0
classical_musicnet_2300__180s,classical_musicnet_2300,classical,discovery,180.0,path_rhythm_phase,phase_lifted_path_homology,89,,,0.296380152074742,0.296380152074742,1.0,0.225,0.31990891814848155,0.36391812954832226,56.0,0.17021499513918315,0.0,0.0
classical_musicnet_2300__300s,classical_musicnet_2300,classical,discovery,300.0,path_acoustic_phase,phase_lifted_path_homology,118,,,0.3530092622034093,0.3530092622034093,1.0,0.325,0.3616194611307463,0.3840563195518976,58.0,0.09563164657500045,0.0,0.0
classical_musicnet_2300__300s,classical_musicnet_2300,classical,discovery,300.0,path_rhythm_phase,phase_lifted_path_homology,118,,,0.32821707420038354,0.32821707420038354,1.0,0.275,0.34344753907801034,0.372939022830512,34.0,0.11417177911255605,0.0,0.0
classical_musicnet_2302__180s,classical_musicnet_2302,classical,discovery,180.0,path_acoustic_phase,phase_lifted_path_homology,53,,,0.32182456772110307,0.32182456772110307,1.0,0.275,0.3279738391246486,0.35239803395225716,14.0,0.07642494408159117,0.0,0.0
classical_musicnet_2302__180s,classical_musicnet_2302,classical,discovery,180.0,path_rhythm_phase,phase_lifted_path_homology,53,,,0.29485814678159833,0.29485814678159833,1.0,0.225,0.3017923627240256,0.3350189123012402,34.0,0.0802797741438408,0.0,0.0
classical_musicnet_2302__300s,classical_musicnet_2302,classical,discovery,300.0,path_acoustic_phase,phase_lifted_path_homology,53,,,0.32182456772110307,0.32182456772110307,1.0,0.275,0.3279738391246486,0.35239803395225716,14.0,0.07642494408159117,0.0,0.0
classical_musicnet_2302__300s,classical_musicnet_2302,classical,discovery,300.0,path_rhythm_phase,phase_lifted_path_homology,53,,,0.29485814678159833,0.29485814678159833,1.0,0.225,0.3017923627240256,0.3350189123012402,34.0,0.0802797741438408,0.0,0.0
classical_musicnet_2303__180s,classical_musicnet_2303,classical,discovery,180.0,path_acoustic_phase,phase_lifted_path_homology,45,,,0.33018112160825897,0.33018112160825897,1.0,0.275,0.33098331907442513,0.37979963364590913,20.0,0.16839641992863763,0.0,0.0
classical_musicnet_2303__180s,classical_musicnet_2303,classical,discovery,180.0,path_rhythm_phase,phase_lifted_path_homology,45,,,0.3593087090178858,0.3593087090178858,1.0,0.325,0.37822360377117764,0.41344061692276113,12.0,0.16684344825750796,0.0,0.0
classical_musicnet_2303__300s,classical_musicnet_2303,classical,discovery,300.0,path_acoustic_phase,phase_lifted_path_homology,45,,,0.33018112160825897,0.33018112160825897,1.0,0.275,0.33098331907442513,0.37979963364590913,20.0,0.16839641992863763,0.0,0.0
classical_musicnet_2303__300s,classical_musicnet_2303,classical,discovery,300.0,path_rhythm_phase,phase_lifted_path_homology,45,,,0.3593087090178858,0.3593087090178858,1.0,0.325,0.37822360377117764,0.41344061692276113,12.0,0.16684344825750796,0.0,0.0
classical_musicnet_2304__180s,classical_musicnet_2304,classical,discovery,180.0,path_acoustic_phase,phase_lifted_path_homology,89,,,0.3202579001017849,0.3202579001017849,1.0,0.275,0.33562663251616975,0.3635644279827745,20.0,0.11518650011385434,0.0,0.0
classical_musicnet_2304__180s,classical_musicnet_2304,classical,discovery,180.0,path_rhythm_phase,phase_lifted_path_homology,89,,,0.36071781888027676,0.36071781888027676,1.0,0.325,0.367556512160527,0.39303519613344556,18.0,0.13607413355681153,0.0,0.0
classical_musicnet_2304__300s,classical_musicnet_2304,classical,discovery,300.0,path_acoustic_phase,phase_lifted_path_homology,97,,,0.3644787454010567,0.3644787454010567,1.0,0.325,0.36557353607156023,0.38255813470725136,20.0,0.09282236850504866,0.0,0.0
classical_musicnet_2304__300s,classical_musicnet_2304,classical,discovery,300.0,path_rhythm_phase,phase_lifted_path_homology,97,,,0.41187776461198705,0.41187776461198705,1.0,0.375,0.41645993998352343,0.42832242845250845,20.0,0.15092541245711721,0.0,0.0
classical_musicnet_2305__180s,classical_musicnet_2305,classical,discovery,180.0,path_acoustic_phase,phase_lifted_path_homology,32,,,0.20557905580456037,0.20557905580456037,1.0,0.175,0.22094306511333567,0.26828170016213276,16.0,0.04670926799183439,0.0,0.0
classical_musicnet_2305__180s,classical_musicnet_2305,classical,discovery,180.0,path_rhythm_phase,phase_lifted_path_homology,32,,,0.19168437480074066,0.19168437480074066,1.0,0.125,0.1976396253778786,0.28984045469726477,12.0,0.049781182165693494,0.0,0.0
classical_musicnet_2305__300s,classical_musicnet_2305,classical,discovery,300.0,path_acoustic_phase,phase_lifted_path_homology,32,,,0.20557905580456037,0.20557905580456037,1.0,0.175,0.22094306511333567,0.26828170016213276,16.0,0.04670926799183439,0.0,0.0
classical_musicnet_2305__300s,classical_musicnet_2305,classical,discovery,300.0,path_rhythm_phase,phase_lifted_path_homology,32,,,0.19168437480074066,0.19168437480074066,1.0,0.125,0.1976396253778786,0.28984045469726477,12.0,0.049781182165693494,0.0,0.0
classical_musicnet_2307__180s,classical_musicnet_2307,classical,discovery,180.0,path_acoustic_phase,phase_lifted_path_homology,68,,,0.293526197778116,0.293526197778116,1.0,0.225,0.298506702920594,0.37708117904593147,40.0,0.08620352612722082,0.0,0.0
classical_musicnet_2307__180s,classical_musicnet_2307,classical,discovery,180.0,path_rhythm_phase,phase_lifted_path_homology,68,,,0.35164987937157144,0.35164987937157144,1.0,0.325,0.3605058165360507,0.3897408857604747,38.0,0.06492645889509563,0.0,0.0
classical_musicnet_2307__300s,classical_musicnet_2307,classical,discovery,300.0,path_acoustic_phase,phase_lifted_path_homology,68,,,0.293526197778116,0.293526197778116,1.0,0.225,0.298506702920594,0.37708117904593147,40.0,0.08620352612722082,0.0,0.0
classical_musicnet_2307__300s,classical_musicnet_2307,classical,discovery,300.0,path_rhythm_phase,phase_lifted_path_homology,68,,,0.35164987937157144,0.35164987937157144,1.0,0.325,0.3605058165360507,0.3897408857604747,38.0,0.06492645889509563,0.0,0.0
classical_musicnet_2308__180s,classical_musicnet_2308,classical,discovery,180.0,path_acoustic_phase,phase_lifted_path_homology,60,,,0.37011171036003515,0.37011171036003515,1.0,0.325,0.3757160669860199,0.39148928100801667,30.0,0.06190454111881394,0.0,0.0
classical_musicnet_2308__180s,classical_musicnet_2308,classical,discovery,180.0,path_rhythm_phase,phase_lifted_path_homology,60,,,0.27317350455494677,0.27317350455494677,1.0,0.225,0.2997014304472321,0.3827674423445902,28.0,0.13858294166680707,0.0,0.0
classical_musicnet_2308__300s,classical_musicnet_2308,classical,discovery,300.0,path_acoustic_phase,phase_lifted_path_homology,60,,,0.37011171036003515,0.37011171036003515,1.0,0.325,0.3757160669860199,0.39148928100801667,30.0,0.06190454111881394,0.0,0.0
classical_musicnet_2308__300s,classical_musicnet_2308,classical,discovery,300.0,path_rhythm_phase,phase_lifted_path_homology,60,,,0.27317350455494677,0.27317350455494677,1.0,0.225,0.2997014304472321,0.3827674423445902,28.0,0.13858294166680707,0.0,0.0
classical_musicnet_2310__180s,classical_musicnet_2310,classical,discovery,180.0,path_acoustic_phase,phase_lifted_path_homology,27,,,0.35882022631330085,0.35882022631330085,1.0,0.325,0.3613751473158045,0.39633766086591127,12.0,0.13930112460457988,0.0,0.0
classical_musicnet_2310__180s,classical_musicnet_2310,classical,discovery,180.0,path_rhythm_phase,phase_lifted_path_homology,27,,,0.17534821990826627,0.17534821990826627,1.0,0.125,0.19375972979347458,0.2934738144771936,18.0,0.07092971777829227,0.0,0.0
classical_musicnet_2310__300s,classical_musicnet_2310,classical,discovery,300.0,path_acoustic_phase,phase_lifted_path_homology,27,,,0.35882022631330085,0.35882022631330085,1.0,0.325,0.3613751473158045,0.39633766086591127,12.0,0.13930112460457988,0.0,0.0
classical_musicnet_2310__300s,classical_musicnet_2310,classical,discovery,300.0,path_rhythm_phase,phase_lifted_path_homology,27,,,0.17534821990826627,0.17534821990826627,1.0,0.125,0.19375972979347458,0.2934738144771936,18.0,0.07092971777829227,0.0,0.0
classical_musicnet_2659__180s,classical_musicnet_2659,classical,discovery,180.0,path_acoustic_phase,phase_lifted_path_homology,53,,,0.3341199705681532,0.3341199705681532,1.0,0.275,0.3413332348866571,0.37736078220150254,32.0,0.12876027888193264,0.0,0.0
classical_musicnet_2659__180s,classical_musicnet_2659,classical,discovery,180.0,path_rhythm_phase,phase_lifted_path_homology,53,,,0.30414956518419595,0.30414956518419595,1.0,0.275,0.3245011514176748,0.39406192051004996,16.0,0.20058218217346147,0.0,0.0
classical_musicnet_2659__300s,classical_musicnet_2659,classical,discovery,300.0,path_acoustic_phase,phase_lifted_path_homology,53,,,0.3341199705681532,0.3341199705681532,1.0,0.275,0.3413332348866571,0.37736078220150254,32.0,0.12876027888193264,0.0,0.0
classical_musicnet_2659__300s,classical_musicnet_2659,classical,discovery,300.0,path_rhythm_phase,phase_lifted_path_homology,53,,,0.30414956518419595,0.30414956518419595,1.0,0.275,0.3245011514176748,0.39406192051004996,16.0,0.20058218217346147,0.0,0.0
classical_musopen_00d18099ad17__180s,classical_musopen_00d18099ad17,classical,discovery,180.0,path_acoustic_phase,phase_lifted_path_homology,89,,,0.38037334901460323,0.38037334901460323,1.0,0.325,0.3807451340680993,0.3899691259614971,12.0,0.11331966425633455,0.0,0.0
classical_musopen_00d18099ad17__180s,classical_musopen_00d18099ad17,classical,discovery,180.0,path_rhythm_phase,phase_lifted_path_homology,89,,,0.3725647118601915,0.3725647118601915,1.0,0.325,0.383015353698708,0.40919528663266136,12.0,0.26829368041176704,0.0,0.0
classical_musopen_00d18099ad17__300s,classical_musopen_00d18099ad17,classical,discovery,300.0,path_acoustic_phase,phase_lifted_path_homology,149,,,0.3462838863105107,0.3462838863105107,1.0,0.275,0.35712994996432945,0.384859310198629,12.0,0.10653444842690374,0.0,0.0
classical_musopen_00d18099ad17__300s,classical_musopen_00d18099ad17,classical,discovery,300.0,path_rhythm_phase,phase_lifted_path_homology,149,,,0.3883212297629925,0.3883212297629925,1.0,0.325,0.39519746287584767,0.41256482778760645,12.0,0.25574803765276255,0.0,0.0
classical_musopen_05c904fe5b10__180s,classical_musopen_05c904fe5b10,classical,discovery,180.0,path_acoustic_phase,phase_lifted_path_homology,89,,,0.36086980709686645,0.36086980709686645,1.0,0.325,0.36787087134549884,0.38988166915938316,12.0,0.17758903623000633,0.0,0.0
classical_musopen_05c904fe5b10__180s,classical_musopen_05c904fe5b10,classical,discovery,180.0,path_rhythm_phase,phase_lifted_path_homology,89,,,0.3164990832202013,0.3164990832202013,1.0,0.275,0.3362221765746893,0.3767900379945553,12.0,0.11677657847264178,0.0,0.0
classical_musopen_05c904fe5b10__300s,classical_musopen_05c904fe5b10,classical,discovery,300.0,path_acoustic_phase,phase_lifted_path_homology,145,,,0.3935155151049078,0.3935155151049078,1.0,0.325,0.39374576136181233,0.41350550281587584,12.0,0.17300128691931116,0.0,0.0
classical_musopen_05c904fe5b10__300s,classical_musopen_05c904fe5b10,classical,discovery,300.0,path_rhythm_phase,phase_lifted_path_homology,145,,,0.3124344738855969,0.3124344738855969,1.0,0.275,0.33754550029088126,0.384149355494467,14.0,0.12715761670181536,0.0,0.0
classical_musopen_0b7876dd110e__180s,classical_musopen_0b7876dd110e,classical,discovery,180.0,path_acoustic_phase,phase_lifted_path_homology,89,,,0.29354861930501047,0.29354861930501047,1.0,0.225,0.3170795500704898,0.36850727836597724,58.0,0.1275074492610173,0.0,0.0
classical_musopen_0b7876dd110e__180s,classical_musopen_0b7876dd110e,classical,discovery,180.0,path_rhythm_phase,phase_lifted_path_homology,89,,,0.3544635360337191,0.3544635360337191,1.0,0.325,0.3576003245074957,0.3744263722886079,16.0,0.1993791564792875,0.0,0.0
classical_musopen_0b7876dd110e__300s,classical_musopen_0b7876dd110e,classical,discovery,300.0,path_acoustic_phase,phase_lifted_path_homology,149,,,0.3527140910409,0.3527140910409,1.0,0.325,0.35837512723656817,0.36999007860436306,64.0,0.10053657873125554,0.0,0.0
classical_musopen_0b7876dd110e__300s,classical_musopen_0b7876dd110e,classical,discovery,300.0,path_rhythm_phase,phase_lifted_path_homology,149,,,0.3253507416969773,0.3253507416969773,1.0,0.275,0.3370096900547527,0.36186499994148646,54.0,0.07091524149118444,0.0,0.0
classical_musopen_0ddcc98bc949__180s,classical_musopen_0ddcc98bc949,classical,discovery,180.0,path_acoustic_phase,phase_lifted_path_homology,51,,,0.44207741170203985,0.44207741170203985,1.0,0.375,0.4600112910857792,0.49169221885320735,26.0,0.5311898039054193,0.0,0.0
classical_musopen_0ddcc98bc949__180s,classical_musopen_0ddcc98bc949,classical,discovery,180.0,path_rhythm_phase,phase_lifted_path_homology,51,,,0.36042480150248724,0.36042480150248724,1.0,0.325,0.3876766645387526,0.44843351192472464,26.0,0.49990151301276664,0.0,0.0
classical_musopen_0ddcc98bc949__300s,classical_musopen_0ddcc98bc949,classical,discovery,300.0,path_acoustic_phase,phase_lifted_path_homology,51,,,0.44207741170203985,0.44207741170203985,1.0,0.375,0.4600112910857792,0.49169221885320735,26.0,0.5311898039054193,0.0,0.0
classical_musopen_0ddcc98bc949__300s,classical_musopen_0ddcc98bc949,classical,discovery,300.0,path_rhythm_phase,phase_lifted_path_homology,51,,,0.36042480150248724,0.36042480150248724,1.0,0.325,0.3876766645387526,0.44843351192472464,26.0,0.49990151301276664,0.0,0.0
classical_musopen_12241f03c895__180s,classical_musopen_12241f03c895,classical,discovery,180.0,path_acoustic_phase,phase_lifted_path_homology,48,,,0.33018058556311075,0.33018058556311075,1.0,0.275,0.34764237839338663,0.38097654938976006,12.0,0.3169181599704245,0.0,0.0
classical_musopen_12241f03c895__180s,classical_musopen_12241f03c895,classical,discovery,180.0,path_rhythm_phase,phase_lifted_path_homology,48,,,0.3088918659325277,0.3088918659325277,1.0,0.275,0.3097240974981046,0.3150796655026438,32.0,0.1761024547269341,0.0,0.0
classical_musopen_12241f03c895__300s,classical_musopen_12241f03c895,classical,discovery,300.0,path_acoustic_phase,phase_lifted_path_homology,48,,,0.33018058556311075,0.33018058556311075,1.0,0.275,0.34764237839338663,0.38097654938976006,12.0,0.3169181599704245,0.0,0.0
classical_musopen_12241f03c895__300s,classical_musopen_12241f03c895,classical,discovery,300.0,path_rhythm_phase,phase_lifted_path_homology,48,,,0.3088918659325277,0.3088918659325277,1.0,0.275,0.3097240974981046,0.3150796655026438,32.0,0.1761024547269341,0.0,0.0
classical_musopen_124b2ee448a3__180s,classical_musopen_124b2ee448a3,classical,discovery,180.0,path_acoustic_phase,phase_lifted_path_homology,89,,,0.3949989192056783,0.3949989192056783,1.0,0.325,0.3988113729369126,0.42066178546082905,12.0,0.16508910271250565,0.0,0.0
classical_musopen_124b2ee448a3__180s,classical_musopen_124b2ee448a3,classical,discovery,180.0,path_rhythm_phase,phase_lifted_path_homology,89,,,0.3302978729889371,0.3302978729889371,1.0,0.275,0.34456961344469716,0.3695305529295762,42.0,0.12474412936407142,0.0,0.0
classical_musopen_124b2ee448a3__300s,classical_musopen_124b2ee448a3,classical,discovery,300.0,path_acoustic_phase,phase_lifted_path_homology,149,,,0.41910507472592595,0.41910507472592595,1.0,0.375,0.41911269815540925,0.4230339752544188,12.0,0.09964004097225532,0.0,0.0
classical_musopen_124b2ee448a3__300s,classical_musopen_124b2ee448a3,classical,discovery,300.0,path_rhythm_phase,phase_lifted_path_homology,149,,,0.3747158633978085,0.3747158633978085,1.0,0.325,0.3769352244797485,0.3907698470536525,50.0,0.15224828662916612,0.0,0.0
classical_musopen_12be103565ed__180s,classical_musopen_12be103565ed,classical,discovery,180.0,path_acoustic_phase,phase_lifted_path_homology,89,,,0.3886106125580508,0.3886106125580508,1.0,0.325,0.3891307170205748,0.3931643987278415,16.0,0.1535384312040564,0.0,0.0
classical_musopen_12be103565ed__180s,classical_musopen_12be103565ed,classical,discovery,180.0,path_rhythm_phase,phase_lifted_path_homology,89,,,0.3404476971496611,0.3404476971496611,1.0,0.275,0.34489466467734375,0.370118724903115,38.0,0.0860464273702175,0.0,0.0
classical_musopen_12be103565ed__300s,classical_musopen_12be103565ed,classical,discovery,300.0,path_acoustic_phase,phase_lifted_path_homology,149,,,0.4081753012992258,0.4081753012992258,1.0,0.375,0.40832522118282255,0.41197391455995036,18.0,0.15274223995479086,0.0,0.0
classical_musopen_12be103565ed__300s,classical_musopen_12be103565ed,classical,discovery,300.0,path_rhythm_phase,phase_lifted_path_homology,149,,,0.3490406182938554,0.3490406182938554,1.0,0.275,0.3626045098010112,0.39077591690991137,20.0,0.12316129350382954,0.0,0.0
classical_musopen_1551871968d3__180s,classical_musopen_1551871968d3,classical,discovery,180.0,path_acoustic_phase,phase_lifted_path_homology,53,,,0.33973500548400487,0.33973500548400487,1.0,0.275,0.355440978431358,0.40107102580985443,26.0,0.16630009083854902,0.0,0.0
classical_musopen_1551871968d3__180s,classical_musopen_1551871968d3,classical,discovery,180.0,path_rhythm_phase,phase_lifted_path_homology,53,,,0.3511727914361036,0.3511727914361036,1.0,0.325,0.3529602460289333,0.37762618648184426,12.0,0.14181727553301882,0.0,0.0
classical_musopen_1551871968d3__300s,classical_musopen_1551871968d3,classical,discovery,300.0,path_acoustic_phase,phase_lifted_path_homology,53,,,0.33973500548400487,0.33973500548400487,1.0,0.275,0.355440978431358,0.40107102580985443,26.0,0.16630009083854902,0.0,0.0
classical_musopen_1551871968d3__300s,classical_musopen_1551871968d3,classical,discovery,300.0,path_rhythm_phase,phase_lifted_path_homology,53,,,0.3511727914361036,0.3511727914361036,1.0,0.325,0.3529602460289333,0.37762618648184426,12.0,0.14181727553301882,0.0,0.0
classical_musopen_19bfd66ce0b8__180s,classical_musopen_19bfd66ce0b8,classical,discovery,180.0,path_acoustic_phase,phase_lifted_path_homology,44,,,0.43933200644587256,0.43933200644587256,1.0,0.375,0.4571602799905936,0.5079977542812075,22.0,0.4507478690514528,0.0,0.0
classical_musopen_19bfd66ce0b8__180s,classical_musopen_19bfd66ce0b8,classical,discovery,180.0,path_rhythm_phase,phase_lifted_path_homology,44,,,0.3967527935838416,0.3967527935838416,1.0,0.325,0.40068865720546143,0.43467478445158064,22.0,0.2508358422709456,0.0,0.0
classical_musopen_19bfd66ce0b8__300s,classical_musopen_19bfd66ce0b8,classical,discovery,300.0,path_acoustic_phase,phase_lifted_path_homology,44,,,0.43933200644587256,0.43933200644587256,1.0,0.375,0.4571602799905936,0.5079977542812075,22.0,0.4507478690514528,0.0,0.0
classical_musopen_19bfd66ce0b8__300s,classical_musopen_19bfd66ce0b8,classical,discovery,300.0,path_rhythm_phase,phase_lifted_path_homology,44,,,0.3967527935838416,0.3967527935838416,1.0,0.325,0.40068865720546143,0.43467478445158064,22.0,0.2508358422709456,0.0,0.0
classical_musopen_1da5c488f898__180s,classical_musopen_1da5c488f898,classical,discovery,180.0,path_acoustic_phase,phase_lifted_path_homology,89,,,0.4053658211077352,0.4053658211077352,1.0,0.375,0.4137870052377102,0.4354101015918352,18.0,0.2578642278465655,0.0,0.0
classical_musopen_1da5c488f898__180s,classical_musopen_1da5c488f898,classical,discovery,180.0,path_rhythm_phase,phase_lifted_path_homology,89,,,0.3711681519366051,0.3711681519366051,1.0,0.325,0.3797582977102045,0.41702818264492514,18.0,0.11929918206042123,0.0,0.0
classical_musopen_1da5c488f898__300s,classical_musopen_1da5c488f898,classical,discovery,300.0,path_acoustic_phase,phase_lifted_path_homology,149,,,0.3825860961437049,0.3825860961437049,1.0,0.325,0.39918550640085426,0.4351152451337546,20.0,0.237420391196125,0.0,0.0
classical_musopen_1da5c488f898__300s,classical_musopen_1da5c488f898,classical,discovery,300.0,path_rhythm_phase,phase_lifted_path_homology,149,,,0.3972745570863911,0.3972745570863911,1.0,0.325,0.4002898030520651,0.4262886541465795,18.0,0.19155311527806407,0.0,0.0
classical_musopen_208080de49cd__180s,classical_musopen_208080de49cd,classical,discovery,180.0,path_acoustic_phase,phase_lifted_path_homology,89,,,0.30366410001119687,0.30366410001119687,1.0,0.275,0.3085118428250567,0.3593010216514545,52.0,0.06674122825439599,0.0,0.0
classical_musopen_208080de49cd__180s,classical_musopen_208080de49cd,classical,discovery,180.0,path_rhythm_phase,phase_lifted_path_homology,89,,,0.33313458427165016,0.33313458427165016,1.0,0.275,0.3454917756854434,0.3727034346084059,12.0,0.1530135662378369,0.0,0.0
classical_musopen_208080de49cd__300s,classical_musopen_208080de49cd,classical,discovery,300.0,path_acoustic_phase,phase_lifted_path_homology,149,,,0.369418911818378,0.369418911818378,1.0,0.325,0.37389632783110127,0.38349476875346156,12.0,0.12414348672386688,0.0,0.0
classical_musopen_208080de49cd__300s,classical_musopen_208080de49cd,classical,discovery,300.0,path_rhythm_phase,phase_lifted_path_homology,149,,,0.4516237120101698,0.4516237120101698,1.0,0.425,0.45184032264346846,0.4547233641702422,12.0,0.20834554130800687,0.0,0.0
classical_musopen_215977f7d168__180s,classical_musopen_215977f7d168,classical,discovery,180.0,path_acoustic_phase,phase_lifted_path_homology,89,,,0.36568783856483666,0.36568783856483666,1.0,0.325,0.37153408907047186,0.38225366974195957,16.0,0.23944379162630702,0.0,0.0
classical_musopen_215977f7d168__180s,classical_musopen_215977f7d168,classical,discovery,180.0,path_rhythm_phase,phase_lifted_path_homology,89,,,0.3372977957162688,0.3372977957162688,1.0,0.275,0.3487536547778628,0.38354999421676256,12.0,0.17277409220356676,0.0,0.0
classical_musopen_215977f7d168__300s,classical_musopen_215977f7d168,classical,discovery,300.0,path_acoustic_phase,phase_lifted_path_homology,149,,,0.40695222629820504,0.40695222629820504,1.0,0.375,0.40731476199662114,0.4123812755758018,12.0,0.21087255177865383,0.0,0.0
classical_musopen_215977f7d168__300s,classical_musopen_215977f7d168,classical,discovery,300.0,path_rhythm_phase,phase_lifted_path_homology,149,,,0.3396763371482312,0.3396763371482312,1.0,0.275,0.3458283354571744,0.3690839861208721,58.0,0.11080965332364667,0.0,0.0
classical_musopen_22818b508e94__180s,classical_musopen_22818b508e94,classical,discovery,180.0,path_acoustic_phase,phase_lifted_path_homology,82,,,0.5273781751485603,0.5273781751485603,1.0,0.47500000000000003,0.5507402668003907,0.5969248664118385,40.0,0.7177019112112892,0.0,0.0
classical_musopen_22818b508e94__180s,classical_musopen_22818b508e94,classical,discovery,180.0,path_rhythm_phase,phase_lifted_path_homology,82,,,0.45018304612890153,0.45018304612890153,1.0,0.425,0.4670261285284927,0.49550199340351025,40.0,0.5168291406082716,0.0,0.0
classical_musopen_22818b508e94__300s,classical_musopen_22818b508e94,classical,discovery,300.0,path_acoustic_phase,phase_lifted_path_homology,82,,,0.5273781751485603,0.5273781751485603,1.0,0.47500000000000003,0.5507402668003907,0.5969248664118385,40.0,0.7177019112112892,0.0,0.0
classical_musopen_22818b508e94__300s,classical_musopen_22818b508e94,classical,discovery,300.0,path_rhythm_phase,phase_lifted_path_homology,82,,,0.45018304612890153,0.45018304612890153,1.0,0.425,0.4670261285284927,0.49550199340351025,40.0,0.5168291406082716,0.0,0.0
classical_musopen_2431e0d1cb75__180s,classical_musopen_2431e0d1cb75,classical,discovery,180.0,path_acoustic_phase,phase_lifted_path_homology,35,,,0.3465748382216551,0.3465748382216551,1.0,0.275,0.36813553442404334,0.4230428374238519,18.0,0.3256780893044471,0.0,0.0
classical_musopen_2431e0d1cb75__180s,classical_musopen_2431e0d1cb75,classical,discovery,180.0,path_rhythm_phase,phase_lifted_path_homology,35,,,0.32284201512593186,0.32284201512593186,1.0,0.275,0.35049362314465954,0.4019758887350051,16.0,0.21797043277959582,0.0,0.0
classical_musopen_2431e0d1cb75__300s,classical_musopen_2431e0d1cb75,classical,discovery,300.0,path_acoustic_phase,phase_lifted_path_homology,35,,,0.3465748382216551,0.3465748382216551,1.0,0.275,0.36813553442404334,0.4230428374238519,18.0,0.3256780893044471,0.0,0.0
classical_musopen_2431e0d1cb75__300s,classical_musopen_2431e0d1cb75,classical,discovery,300.0,path_rhythm_phase,phase_lifted_path_homology,35,,,0.32284201512593186,0.32284201512593186,1.0,0.275,0.35049362314465954,0.4019758887350051,16.0,0.21797043277959582,0.0,0.0
classical_musopen_25c64baa9139__180s,classical_musopen_25c64baa9139,classical,discovery,180.0,path_acoustic_phase,phase_lifted_path_homology,89,,,0.35660639203397715,0.35660639203397715,1.0,0.325,0.3586082012111793,0.37118068655543723,50.0,0.107714409321638,0.0,0.0
classical_musopen_25c64baa9139__180s,classical_musopen_25c64baa9139,classical,discovery,180.0,path_rhythm_phase,phase_lifted_path_homology,89,,,0.349096067684656,0.349096067684656,1.0,0.275,0.36028658550392656,0.39100166611137466,50.0,0.14752944836674087,0.0,0.0
classical_musopen_25c64baa9139__300s,classical_musopen_25c64baa9139,classical,discovery,300.0,path_acoustic_phase,phase_lifted_path_homology,149,,,0.39648557848473215,0.39648557848473215,1.0,0.325,0.40068928789816954,0.4200182049083845,48.0,0.13566676734980176,0.0,0.0
classical_musopen_25c64baa9139__300s,classical_musopen_25c64baa9139,classical,discovery,300.0,path_rhythm_phase,phase_lifted_path_homology,149,,,0.3744452867292087,0.3744452867292087,1.0,0.325,0.3787629867218468,0.3869525420962682,50.0,0.1179139436385026,0.0,0.0
classical_musopen_267eb0cfe9bf__180s,classical_musopen_267eb0cfe9bf,classical,discovery,180.0,path_acoustic_phase,phase_lifted_path_homology,89,,,0.3371570769345349,0.3371570769345349,1.0,0.275,0.35247959922142436,0.39425954653668027,14.0,0.2189708994302888,0.0,0.0
classical_musopen_267eb0cfe9bf__180s,classical_musopen_267eb0cfe9bf,classical,discovery,180.0,path_rhythm_phase,phase_lifted_path_homology,89,,,0.4098529850370201,0.4098529850370201,1.0,0.375,0.4152963152808026,0.4273281298847136,12.0,0.3411977500067115,0.0,0.0
classical_musopen_267eb0cfe9bf__300s,classical_musopen_267eb0cfe9bf,classical,discovery,300.0,path_acoustic_phase,phase_lifted_path_homology,149,,,0.40445671925831983,0.40445671925831983,1.0,0.375,0.4050139133165784,0.4111473048076852,14.0,0.12517545347678039,0.0,0.0
classical_musopen_267eb0cfe9bf__300s,classical_musopen_267eb0cfe9bf,classical,discovery,300.0,path_rhythm_phase,phase_lifted_path_homology,149,,,0.39522844264419404,0.39522844264419404,1.0,0.325,0.4025907345004196,0.4240030469358153,12.0,0.2153326763873049,0.0,0.0
classical_musopen_26a41c433b68__180s,classical_musopen_26a41c433b68,classical,discovery,180.0,path_acoustic_phase,phase_lifted_path_homology,60,,,0.5243393266393017,0.5243393266393017,1.0,0.47500000000000003,0.5309273072868842,0.5528453565941062,30.0,0.6904893676647843,0.0,0.0
classical_musopen_26a41c433b68__180s,classical_musopen_26a41c433b68,classical,discovery,180.0,path_rhythm_phase,phase_lifted_path_homology,60,,,0.4338739579679796,0.4338739579679796,1.0,0.375,0.4340555681829732,0.46087405071064547,28.0,0.3453201651777966,0.0,0.0
classical_musopen_26a41c433b68__300s,classical_musopen_26a41c433b68,classical,discovery,300.0,path_acoustic_phase,phase_lifted_path_homology,60,,,0.5243393266393017,0.5243393266393017,1.0,0.47500000000000003,0.5309273072868842,0.5528453565941062,30.0,0.6904893676647843,0.0,0.0
classical_musopen_26a41c433b68__300s,classical_musopen_26a41c433b68,classical,discovery,300.0,path_rhythm_phase,phase_lifted_path_homology,60,,,0.4338739579679796,0.4338739579679796,1.0,0.375,0.4340555681829732,0.46087405071064547,28.0,0.3453201651777966,0.0,0.0
classical_musopen_26b6da893e99__180s,classical_musopen_26b6da893e99,classical,discovery,180.0,path_acoustic_phase,phase_lifted_path_homology,89,,,0.31477140184243596,0.31477140184243596,1.0,0.275,0.3300471525296868,0.367109416532487,32.0,0.13560333029054283,0.0,0.0
classical_musopen_26b6da893e99__180s,classical_musopen_26b6da893e99,classical,discovery,180.0,path_rhythm_phase,phase_lifted_path_homology,89,,,0.34612240704149716,0.34612240704149716,1.0,0.275,0.34886885704800913,0.3635739680908802,32.0,0.09082593595725541,0.0,0.0
classical_musopen_26b6da893e99__300s,classical_musopen_26b6da893e99,classical,discovery,300.0,path_acoustic_phase,phase_lifted_path_homology,149,,,0.37459619957978557,0.37459619957978557,1.0,0.325,0.3762890933224097,0.38355420962524667,12.0,0.09135032666964982,0.0,0.0
classical_musopen_26b6da893e99__300s,classical_musopen_26b6da893e99,classical,discovery,300.0,path_rhythm_phase,phase_lifted_path_homology,149,,,0.35716281999131705,0.35716281999131705,1.0,0.325,0.3629500720750523,0.3798488375392087,32.0,0.09778276295320731,0.0,0.0
classical_musopen_281136d63fb7__180s,classical_musopen_281136d63fb7,classical,discovery,180.0,path_acoustic_phase,phase_lifted_path_homology,89,,,0.34528480276272105,0.34528480276272105,1.0,0.275,0.34945188553434425,0.37387864969295787,12.0,0.1542780669533097,0.0,0.0
classical_musopen_281136d63fb7__180s,classical_musopen_281136d63fb7,classical,discovery,180.0,path_rhythm_phase,phase_lifted_path_homology,89,,,0.3620199310607988,0.3620199310607988,1.0,0.325,0.36643674751489297,0.38087456786556295,12.0,0.1202970649056967,0.0,0.0
classical_musopen_281136d63fb7__300s,classical_musopen_281136d63fb7,classical,discovery,300.0,path_acoustic_phase,phase_lifted_path_homology,149,,,0.35911804923846063,0.35911804923846063,1.0,0.325,0.3704641513298069,0.39117473301288425,12.0,0.1430350578086952,0.0,0.0
classical_musopen_281136d63fb7__300s,classical_musopen_281136d63fb7,classical,discovery,300.0,path_rhythm_phase,phase_lifted_path_homology,149,,,0.4060139416591568,0.4060139416591568,1.0,0.375,0.40617623981515016,0.4192593704697137,12.0,0.1749376386463648,0.0,0.0
classical_musopen_2873bce09ec4__180s,classical_musopen_2873bce09ec4,classical,discovery,180.0,path_acoustic_phase,phase_lifted_path_homology,89,,,0.4309661345326062,0.4309661345326062,1.0,0.375,0.4345698478315645,0.4497007489315168,12.0,0.24927697555992312,0.0,0.0
classical_musopen_2873bce09ec4__180s,classical_musopen_2873bce09ec4,classical,discovery,180.0,path_rhythm_phase,phase_lifted_path_homology,89,,,0.4000337101963647,0.4000337101963647,1.0,0.375,0.4076862458439785,0.42294221596565573,14.0,0.2415849197735811,0.0,0.0
classical_musopen_2873bce09ec4__300s,classical_musopen_2873bce09ec4,classical,discovery,300.0,path_acoustic_phase,phase_lifted_path_homology,149,,,0.41470925280081433,0.41470925280081433,1.0,0.375,0.4198984582763023,0.43382921540086405,12.0,0.21938832603337843,0.0,0.0
classical_musopen_2873bce09ec4__300s,classical_musopen_2873bce09ec4,classical,discovery,300.0,path_rhythm_phase,phase_lifted_path_homology,149,,,0.3925681446078017,0.3925681446078017,1.0,0.325,0.3929280731759624,0.41482837149257884,14.0,0.23591764757628964,0.0,0.0
classical_musopen_28b2abb46028__180s,classical_musopen_28b2abb46028,classical,discovery,180.0,path_acoustic_phase,phase_lifted_path_homology,89,,,0.38391200997541713,0.38391200997541713,1.0,0.325,0.3842660176853346,0.40601055724139107,12.0,0.12562366879085474,0.0,0.0
classical_musopen_28b2abb46028__180s,classical_musopen_28b2abb46028,classical,discovery,180.0,path_rhythm_phase,phase_lifted_path_homology,89,,,0.371116097316023,0.371116097316023,1.0,0.325,0.3762734296039315,0.40624084009471156,42.0,0.12434259377384405,0.0,0.0
classical_musopen_28b2abb46028__300s,classical_musopen_28b2abb46028,classical,discovery,300.0,path_acoustic_phase,phase_lifted_path_homology,149,,,0.38750448856068614,0.38750448856068614,1.0,0.325,0.3923364572482765,0.4156820338450307,12.0,0.10245716800443572,0.0,0.0
classical_musopen_28b2abb46028__300s,classical_musopen_28b2abb46028,classical,discovery,300.0,path_rhythm_phase,phase_lifted_path_homology,149,,,0.3877527123118304,0.3877527123118304,1.0,0.325,0.3895247547558307,0.39544145876057074,56.0,0.08103395332353114,0.0,0.0
classical_musopen_2bb770b12fae__180s,classical_musopen_2bb770b12fae,classical,discovery,180.0,path_acoustic_phase,phase_lifted_path_homology,89,,,0.3988498922949616,0.3988498922949616,1.0,0.325,0.3991590040608626,0.4017493729838348,12.0,0.2644248361212511,0.0,0.0
classical_musopen_2bb770b12fae__180s,classical_musopen_2bb770b12fae,classical,discovery,180.0,path_rhythm_phase,phase_lifted_path_homology,89,,,0.42494353483175296,0.42494353483175296,1.0,0.375,0.42800886640479835,0.4379003915304063,14.0,0.2133887554969709,0.0,0.0
classical_musopen_2bb770b12fae__300s,classical_musopen_2bb770b12fae,classical,discovery,300.0,path_acoustic_phase,phase_lifted_path_homology,149,,,0.35349585078424156,0.35349585078424156,1.0,0.325,0.36238020927486375,0.38270778981950215,14.0,0.08438450338483916,0.0,0.0
classical_musopen_2bb770b12fae__300s,classical_musopen_2bb770b12fae,classical,discovery,300.0,path_rhythm_phase,phase_lifted_path_homology,149,,,0.42330835974480124,0.42330835974480124,1.0,0.375,0.42759714433951995,0.43866799689932706,12.0,0.21949545262076797,0.0,0.0
classical_musopen_2ca1fc27dc8e__180s,classical_musopen_2ca1fc27dc8e,classical,discovery,180.0,path_acoustic_phase,phase_lifted_path_homology,89,,,0.3910499621207622,0.3910499621207622,1.0,0.325,0.3934054919219347,0.4151012100014166,12.0,0.16335004312252654,0.0,0.0
classical_musopen_2ca1fc27dc8e__180s,classical_musopen_2ca1fc27dc8e,classical,discovery,180.0,path_rhythm_phase,phase_lifted_path_homology,89,,,0.36866315205523115,0.36866315205523115,1.0,0.325,0.3733619504498519,0.40431422300136305,12.0,0.10220561835846165,0.0,0.0
classical_musopen_2ca1fc27dc8e__300s,classical_musopen_2ca1fc27dc8e,classical,discovery,300.0,path_acoustic_phase,phase_lifted_path_homology,149,,,0.3997085367332658,0.3997085367332658,1.0,0.325,0.40970942661183946,0.42841098623792856,12.0,0.2508324185216846,0.0,0.0
classical_musopen_2ca1fc27dc8e__300s,classical_musopen_2ca1fc27dc8e,classical,discovery,300.0,path_rhythm_phase,phase_lifted_path_homology,149,,,0.40627668258905897,0.40627668258905897,1.0,0.375,0.4135793371371285,0.43560271186314936,12.0,0.21960860363171042,0.0,0.0
classical_musopen_33730045e3a6__180s,classical_musopen_33730045e3a6,classical,discovery,180.0,path_acoustic_phase,phase_lifted_path_homology,89,,,0.3556716801301754,0.3556716801301754,1.0,0.325,0.35764990297254917,0.40875581174399406,12.0,0.2059644217932075,0.0,0.0
classical_musopen_33730045e3a6__180s,classical_musopen_33730045e3a6,classical,discovery,180.0,path_rhythm_phase,phase_lifted_path_homology,89,,,0.3220736111863231,0.3220736111863231,1.0,0.275,0.3305942174398777,0.35681895702637423,52.0,0.07780093400325927,0.0,0.0
classical_musopen_33730045e3a6__300s,classical_musopen_33730045e3a6,classical,discovery,300.0,path_acoustic_phase,phase_lifted_path_homology,149,,,0.38193896035740815,0.38193896035740815,1.0,0.325,0.38363522252523674,0.411102406165913,12.0,0.19221295246695602,0.0,0.0
classical_musopen_33730045e3a6__300s,classical_musopen_33730045e3a6,classical,discovery,300.0,path_rhythm_phase,phase_lifted_path_homology,149,,,0.2981803097331063,0.2981803097331063,1.0,0.225,0.30830323316140584,0.3654679333455128,60.0,0.12811934588359297,0.0,0.0
classical_musopen_373729be509d__180s,classical_musopen_373729be509d,classical,discovery,180.0,path_acoustic_phase,phase_lifted_path_homology,89,,,0.39428671668054543,0.39428671668054543,1.0,0.325,0.39479191999432994,0.4037990198700127,42.0,0.12217971808484762,0.0,0.0
classical_musopen_373729be509d__180s,classical_musopen_373729be509d,classical,discovery,180.0,path_rhythm_phase,phase_lifted_path_homology,89,,,0.34203367797907425,0.34203367797907425,1.0,0.275,0.34656193384162287,0.36490113888110126,38.0,0.12539617137568415,0.0,0.0
classical_musopen_373729be509d__300s,classical_musopen_373729be509d,classical,discovery,300.0,path_acoustic_phase,phase_lifted_path_homology,149,,,0.3715904347186316,0.3715904347186316,1.0,0.325,0.37541244636097315,0.3861163201590114,36.0,0.11069214285704776,0.0,0.0
classical_musopen_373729be509d__300s,classical_musopen_373729be509d,classical,discovery,300.0,path_rhythm_phase,phase_lifted_path_homology,149,,,0.36825955670898003,0.36825955670898003,1.0,0.325,0.3712613866171278,0.39357733204984574,34.0,0.11232800981610702,0.0,0.0
classical_musopen_39eaf7f62acd__180s,classical_musopen_39eaf7f62acd,classical,discovery,180.0,path_acoustic_phase,phase_lifted_path_homology,89,,,0.3817807816891477,0.3817807816891477,1.0,0.325,0.3820495556256155,0.3909830774562102,16.0,0.15929129478467763,0.0,0.0
classical_musopen_39eaf7f62acd__180s,classical_musopen_39eaf7f62acd,classical,discovery,180.0,path_rhythm_phase,phase_lifted_path_homology,89,,,0.32333591000110257,0.32333591000110257,1.0,0.275,0.33155576186097346,0.3600087029232957,34.0,0.08106037779869002,0.0,0.0
classical_musopen_39eaf7f62acd__300s,classical_musopen_39eaf7f62acd,classical,discovery,300.0,path_acoustic_phase,phase_lifted_path_homology,145,,,0.4081402882147099,0.4081402882147099,1.0,0.375,0.40887411480135943,0.41826243479592545,18.0,0.13594505037594384,0.0,0.0
classical_musopen_39eaf7f62acd__300s,classical_musopen_39eaf7f62acd,classical,discovery,300.0,path_rhythm_phase,phase_lifted_path_homology,145,,,0.4073501790610423,0.4073501790610423,1.0,0.375,0.4105988359868793,0.42563712736134535,18.0,0.16658792714901882,0.0,0.0
classical_musopen_3d194a9bdaa5__180s,classical_musopen_3d194a9bdaa5,classical,discovery,180.0,path_acoustic_phase,phase_lifted_path_homology,51,,,0.35448752794886673,0.35448752794886673,1.0,0.325,0.38047702178661436,0.43262007747727155,12.0,0.14497764725509366,0.0,0.0
classical_musopen_3d194a9bdaa5__180s,classical_musopen_3d194a9bdaa5,classical,discovery,180.0,path_rhythm_phase,phase_lifted_path_homology,51,,,0.3389401575585362,0.3389401575585362,1.0,0.275,0.3615673036299118,0.4184330262173706,12.0,0.12447207274026817,0.0,0.0
classical_musopen_3d194a9bdaa5__300s,classical_musopen_3d194a9bdaa5,classical,discovery,300.0,path_acoustic_phase,phase_lifted_path_homology,51,,,0.35448752794886673,0.35448752794886673,1.0,0.325,0.38047702178661436,0.43262007747727155,12.0,0.14497764725509366,0.0,0.0
classical_musopen_3d194a9bdaa5__300s,classical_musopen_3d194a9bdaa5,classical,discovery,300.0,path_rhythm_phase,phase_lifted_path_homology,51,,,0.3389401575585362,0.3389401575585362,1.0,0.275,0.3615673036299118,0.4184330262173706,12.0,0.12447207274026817,0.0,0.0
classical_musopen_3f120e57880d__180s,classical_musopen_3f120e57880d,classical,discovery,180.0,path_acoustic_phase,phase_lifted_path_homology,89,,,0.3323083015874749,0.3323083015874749,1.0,0.275,0.34469948113798066,0.3794774923566284,54.0,0.12014447546499296,0.0,0.0
classical_musopen_3f120e57880d__180s,classical_musopen_3f120e57880d,classical,discovery,180.0,path_rhythm_phase,phase_lifted_path_homology,89,,,0.36070317503731525,0.36070317503731525,1.0,0.325,0.3699999318524089,0.3906637148133145,24.0,0.13474263621775706,0.0,0.0
classical_musopen_3f120e57880d__300s,classical_musopen_3f120e57880d,classical,discovery,300.0,path_acoustic_phase,phase_lifted_path_homology,149,,,0.3155190468153329,0.3155190468153329,1.0,0.275,0.32947203234676553,0.36893286865483327,62.0,0.11654262289101247,0.0,0.0
classical_musopen_3f120e57880d__300s,classical_musopen_3f120e57880d,classical,discovery,300.0,path_rhythm_phase,phase_lifted_path_homology,149,,,0.404589027030577,0.404589027030577,1.0,0.375,0.40710323454485414,0.4191736180857369,12.0,0.19533988820515003,0.0,0.0
classical_musopen_40a2fd43125a__180s,classical_musopen_40a2fd43125a,classical,discovery,180.0,path_acoustic_phase,phase_lifted_path_homology,89,,,0.4266905174238253,0.4266905174238253,1.0,0.375,0.4274401430271178,0.4391258768085484,12.0,0.34980057910499895,0.0,0.0
classical_musopen_40a2fd43125a__180s,classical_musopen_40a2fd43125a,classical,discovery,180.0,path_rhythm_phase,phase_lifted_path_homology,89,,,0.3736215507217965,0.3736215507217965,1.0,0.325,0.3876759060812755,0.4265319437477455,18.0,0.14748981003081107,0.0,0.0
classical_musopen_40a2fd43125a__300s,classical_musopen_40a2fd43125a,classical,discovery,300.0,path_acoustic_phase,phase_lifted_path_homology,149,,,0.4330977435820806,0.4330977435820806,1.0,0.375,0.4355233744002348,0.4441796347559126,12.0,0.27843498340766093,0.0,0.0
classical_musopen_40a2fd43125a__300s,classical_musopen_40a2fd43125a,classical,discovery,300.0,path_rhythm_phase,phase_lifted_path_homology,149,,,0.37704268938043395,0.37704268938043395,1.0,0.325,0.39236295126493215,0.42291900632852436,16.0,0.15280967398476109,0.0,0.0
classical_musopen_414d9c796be3__180s,classical_musopen_414d9c796be3,classical,discovery,180.0,path_acoustic_phase,phase_lifted_path_homology,89,,,0.37308100187272464,0.37308100187272464,1.0,0.325,0.3748085644925028,0.3887087622859622,12.0,0.10335580691753732,0.0,0.0
classical_musopen_414d9c796be3__180s,classical_musopen_414d9c796be3,classical,discovery,180.0,path_rhythm_phase,phase_lifted_path_homology,89,,,0.3300486364415821,0.3300486364415821,1.0,0.275,0.3423857729663694,0.3703573932843136,52.0,0.06269595619729973,0.0,0.0
classical_musopen_414d9c796be3__300s,classical_musopen_414d9c796be3,classical,discovery,300.0,path_acoustic_phase,phase_lifted_path_homology,149,,,0.3701108658962836,0.3701108658962836,1.0,0.325,0.3717067339179282,0.3759922470751918,54.0,0.05219284396815893,0.0,0.0
classical_musopen_414d9c796be3__300s,classical_musopen_414d9c796be3,classical,discovery,300.0,path_rhythm_phase,phase_lifted_path_homology,149,,,0.34396196137106405,0.34396196137106405,1.0,0.275,0.3496507297879089,0.3788877540899436,18.0,0.06453988605852423,0.0,0.0
classical_musopen_4832911d08b7__180s,classical_musopen_4832911d08b7,classical,discovery,180.0,path_acoustic_phase,phase_lifted_path_homology,59,,,0.4651848751086909,0.4651848751086909,1.0,0.425,0.47173362362654603,0.5470583653398463,30.0,0.6935985011522224,0.0,0.0
classical_musopen_4832911d08b7__180s,classical_musopen_4832911d08b7,classical,discovery,180.0,path_rhythm_phase,phase_lifted_path_homology,59,,,0.3909408396634111,0.3909408396634111,1.0,0.325,0.40669623145857176,0.4500855305873352,30.0,0.3299914325564892,0.0,0.0
classical_musopen_4832911d08b7__300s,classical_musopen_4832911d08b7,classical,discovery,300.0,path_acoustic_phase,phase_lifted_path_homology,59,,,0.4651848751086909,0.4651848751086909,1.0,0.425,0.47173362362654603,0.5470583653398463,30.0,0.6935985011522224,0.0,0.0
classical_musopen_4832911d08b7__300s,classical_musopen_4832911d08b7,classical,discovery,300.0,path_rhythm_phase,phase_lifted_path_homology,59,,,0.3909408396634111,0.3909408396634111,1.0,0.325,0.40669623145857176,0.4500855305873352,30.0,0.3299914325564892,0.0,0.0
classical_musopen_4ebac9c72c1e__180s,classical_musopen_4ebac9c72c1e,classical,discovery,180.0,path_acoustic_phase,phase_lifted_path_homology,30,,,0.17583912274121033,0.17583912274121033,1.0,0.125,0.2152758481975921,0.3330503088331918,16.0,0.2964917174451286,0.0,0.0
classical_musopen_4ebac9c72c1e__180s,classical_musopen_4ebac9c72c1e,classical,discovery,180.0,path_rhythm_phase,phase_lifted_path_homology,30,,,0.26511843788738954,0.26511843788738954,1.0,0.225,0.2774951321411425,0.32246097541253316,12.0,0.13870824665657921,0.0,0.0
classical_musopen_4ebac9c72c1e__300s,classical_musopen_4ebac9c72c1e,classical,discovery,300.0,path_acoustic_phase,phase_lifted_path_homology,30,,,0.17583912274121033,0.17583912274121033,1.0,0.125,0.2152758481975921,0.3330503088331918,16.0,0.2964917174451286,0.0,0.0
classical_musopen_4ebac9c72c1e__300s,classical_musopen_4ebac9c72c1e,classical,discovery,300.0,path_rhythm_phase,phase_lifted_path_homology,30,,,0.26511843788738954,0.26511843788738954,1.0,0.225,0.2774951321411425,0.32246097541253316,12.0,0.13870824665657921,0.0,0.0
classical_musopen_5118ccc9f4d0__180s,classical_musopen_5118ccc9f4d0,classical,discovery,180.0,path_acoustic_phase,phase_lifted_path_homology,89,,,0.33818395555423636,0.33818395555423636,1.0,0.275,0.3537412927412338,0.38362223570137616,14.0,0.18010423894596728,0.0,0.0
classical_musopen_5118ccc9f4d0__180s,classical_musopen_5118ccc9f4d0,classical,discovery,180.0,path_rhythm_phase,phase_lifted_path_homology,89,,,0.3616527134346137,0.3616527134346137,1.0,0.325,0.3632619476107773,0.37684142513637875,40.0,0.17815269448695625,0.0,0.0
classical_musopen_5118ccc9f4d0__300s,classical_musopen_5118ccc9f4d0,classical,discovery,300.0,path_acoustic_phase,phase_lifted_path_homology,149,,,0.3832991111651919,0.3832991111651919,1.0,0.325,0.3833252211603826,0.3899715695484311,14.0,0.11745592298999097,0.0,0.0
classical_musopen_5118ccc9f4d0__300s,classical_musopen_5118ccc9f4d0,classical,discovery,300.0,path_rhythm_phase,phase_lifted_path_homology,149,,,0.34275856096004803,0.34275856096004803,1.0,0.275,0.3453115844042246,0.38801189025587646,52.0,0.11792631308630952,0.0,0.0
classical_musopen_53427878778a__180s,classical_musopen_53427878778a,classical,discovery,180.0,path_acoustic_phase,phase_lifted_path_homology,89,,,0.3343356927059327,0.3343356927059327,1.0,0.275,0.3465617797793509,0.37597084512759293,12.0,0.15511589349113097,0.0,0.0
classical_musopen_53427878778a__180s,classical_musopen_53427878778a,classical,discovery,180.0,path_rhythm_phase,phase_lifted_path_homology,89,,,0.3600634286474955,0.3600634286474955,1.0,0.325,0.3637445182341432,0.397083139830751,12.0,0.20905778655708795,0.0,0.0
classical_musopen_53427878778a__300s,classical_musopen_53427878778a,classical,discovery,300.0,path_acoustic_phase,phase_lifted_path_homology,149,,,0.37090279548597826,0.37090279548597826,1.0,0.325,0.3748253329222768,0.38683299165354973,14.0,0.17248924759326112,0.0,0.0
classical_musopen_53427878778a__300s,classical_musopen_53427878778a,classical,discovery,300.0,path_rhythm_phase,phase_lifted_path_homology,149,,,0.37311486209286,0.37311486209286,1.0,0.325,0.3894502238830224,0.4207203435154183,12.0,0.16991219738061436,0.0,0.0
classical_musopen_5b78471c4c9d__180s,classical_musopen_5b78471c4c9d,classical,discovery,180.0,path_acoustic_phase,phase_lifted_path_homology,56,,,0.425653737734009,0.425653737734009,1.0,0.375,0.4619715243005123,0.5374029184487893,28.0,0.6409679878399377,0.0,0.0
classical_musopen_5b78471c4c9d__180s,classical_musopen_5b78471c4c9d,classical,discovery,180.0,path_rhythm_phase,phase_lifted_path_homology,56,,,0.33231669820338294,0.33231669820338294,1.0,0.275,0.3506197573084978,0.40494196340691735,28.0,0.24796311327439358,0.0,0.0
classical_musopen_5b78471c4c9d__300s,classical_musopen_5b78471c4c9d,classical,discovery,300.0,path_acoustic_phase,phase_lifted_path_homology,56,,,0.425653737734009,0.425653737734009,1.0,0.375,0.4619715243005123,0.5374029184487893,28.0,0.6409679878399377,0.0,0.0
classical_musopen_5b78471c4c9d__300s,classical_musopen_5b78471c4c9d,classical,discovery,300.0,path_rhythm_phase,phase_lifted_path_homology,56,,,0.33231669820338294,0.33231669820338294,1.0,0.275,0.3506197573084978,0.40494196340691735,28.0,0.24796311327439358,0.0,0.0
classical_musopen_5f1728c240a1__180s,classical_musopen_5f1728c240a1,classical,discovery,180.0,path_acoustic_phase,phase_lifted_path_homology,89,,,0.32025318332918495,0.32025318332918495,1.0,0.275,0.3314287403608417,0.3629900311303576,12.0,0.12923926438080358,0.0,0.0
classical_musopen_5f1728c240a1__180s,classical_musopen_5f1728c240a1,classical,discovery,180.0,path_rhythm_phase,phase_lifted_path_homology,89,,,0.34377113198731435,0.34377113198731435,1.0,0.275,0.3478304494732066,0.37334639467644554,22.0,0.06648279803215407,0.0,0.0
classical_musopen_5f1728c240a1__300s,classical_musopen_5f1728c240a1,classical,discovery,300.0,path_acoustic_phase,phase_lifted_path_homology,149,,,0.3432717044017174,0.3432717044017174,1.0,0.275,0.34995631090024837,0.3831178632085335,12.0,0.1192397467486832,0.0,0.0
classical_musopen_5f1728c240a1__300s,classical_musopen_5f1728c240a1,classical,discovery,300.0,path_rhythm_phase,phase_lifted_path_homology,149,,,0.3955972497568439,0.3955972497568439,1.0,0.325,0.39615589524757006,0.4000461501590835,22.0,0.16680993779766817,0.0,0.0
classical_musopen_6288d37e8273__180s,classical_musopen_6288d37e8273,classical,discovery,180.0,path_acoustic_phase,phase_lifted_path_homology,62,,,0.4912497436980738,0.4912497436980738,1.0,0.425,0.5019549353824486,0.5336285958144864,30.0,0.288617255933303,0.0,0.0
classical_musopen_6288d37e8273__180s,classical_musopen_6288d37e8273,classical,discovery,180.0,path_rhythm_phase,phase_lifted_path_homology,62,,,0.3987459529901732,0.3987459529901732,1.0,0.325,0.4035164093745319,0.4585053369284317,30.0,0.13850438781902774,0.0,0.0
classical_musopen_6288d37e8273__300s,classical_musopen_6288d37e8273,classical,discovery,300.0,path_acoustic_phase,phase_lifted_path_homology,62,,,0.4912497436980738,0.4912497436980738,1.0,0.425,0.5019549353824486,0.5336285958144864,30.0,0.288617255933303,0.0,0.0
classical_musopen_6288d37e8273__300s,classical_musopen_6288d37e8273,classical,discovery,300.0,path_rhythm_phase,phase_lifted_path_homology,62,,,0.3987459529901732,0.3987459529901732,1.0,0.325,0.4035164093745319,0.4585053369284317,30.0,0.13850438781902774,0.0,0.0
classical_musopen_631eca7e6359__180s,classical_musopen_631eca7e6359,classical,discovery,180.0,path_acoustic_phase,phase_lifted_path_homology,89,,,0.43551898448795545,0.43551898448795545,1.0,0.375,0.4366725878174049,0.4582676974486192,34.0,0.23979009522502293,0.0,0.0
classical_musopen_631eca7e6359__180s,classical_musopen_631eca7e6359,classical,discovery,180.0,path_rhythm_phase,phase_lifted_path_homology,89,,,0.33227736283969855,0.33227736283969855,1.0,0.275,0.34170661944678965,0.3675706572521597,58.0,0.10598920628548747,0.0,0.0
classical_musopen_631eca7e6359__300s,classical_musopen_631eca7e6359,classical,discovery,300.0,path_acoustic_phase,phase_lifted_path_homology,149,,,0.40355125383384344,0.40355125383384344,1.0,0.375,0.40599689819141727,0.41269495765473163,46.0,0.15489234092103166,0.0,0.0
classical_musopen_631eca7e6359__300s,classical_musopen_631eca7e6359,classical,discovery,300.0,path_rhythm_phase,phase_lifted_path_homology,149,,,0.35123003588806545,0.35123003588806545,1.0,0.325,0.35266417598995714,0.36871085028367,30.0,0.09795583294113541,0.0,0.0
classical_musopen_66e009cc7ce8__180s,classical_musopen_66e009cc7ce8,classical,discovery,180.0,path_acoustic_phase,phase_lifted_path_homology,89,,,0.32274274194604513,0.32274274194604513,1.0,0.275,0.32385461211737776,0.3385150111629303,48.0,0.09321654237306598,0.0,0.0
classical_musopen_66e009cc7ce8__180s,classical_musopen_66e009cc7ce8,classical,discovery,180.0,path_rhythm_phase,phase_lifted_path_homology,89,,,0.3980470795080904,0.3980470795080904,1.0,0.325,0.4016893927073892,0.4151913127054872,14.0,0.1445677790697435,0.0,0.0
classical_musopen_66e009cc7ce8__300s,classical_musopen_66e009cc7ce8,classical,discovery,300.0,path_acoustic_phase,phase_lifted_path_homology,149,,,0.35683550778084766,0.35683550778084766,1.0,0.325,0.36881969224100364,0.3949166719763319,36.0,0.12061162630724742,0.0,0.0
classical_musopen_66e009cc7ce8__300s,classical_musopen_66e009cc7ce8,classical,discovery,300.0,path_rhythm_phase,phase_lifted_path_homology,149,,,0.36506676760918005,0.36506676760918005,1.0,0.325,0.3737103688657408,0.3976668942405865,38.0,0.08873292209207939,0.0,0.0
classical_musopen_67f1921ea1d2__180s,classical_musopen_67f1921ea1d2,classical,discovery,180.0,path_acoustic_phase,phase_lifted_path_homology,52,,,0.4000179038676585,0.4000179038676585,1.0,0.375,0.40012449872400585,0.4113347093076298,24.0,0.1195118751160853,0.0,0.0
classical_musopen_67f1921ea1d2__180s,classical_musopen_67f1921ea1d2,classical,discovery,180.0,path_rhythm_phase,phase_lifted_path_homology,52,,,0.3598789697692818,0.3598789697692818,1.0,0.325,0.36248488131719186,0.3801917953978647,14.0,0.1370026777121327,0.0,0.0
classical_musopen_67f1921ea1d2__300s,classical_musopen_67f1921ea1d2,classical,discovery,300.0,path_acoustic_phase,phase_lifted_path_homology,52,,,0.4000179038676585,0.4000179038676585,1.0,0.375,0.40012449872400585,0.4113347093076298,24.0,0.1195118751160853,0.0,0.0
classical_musopen_67f1921ea1d2__300s,classical_musopen_67f1921ea1d2,classical,discovery,300.0,path_rhythm_phase,phase_lifted_path_homology,52,,,0.3598789697692818,0.3598789697692818,1.0,0.325,0.36248488131719186,0.3801917953978647,14.0,0.1370026777121327,0.0,0.0
classical_musopen_6911e41c184d__180s,classical_musopen_6911e41c184d,classical,discovery,180.0,path_acoustic_phase,phase_lifted_path_homology,38,,,0.34913026278929105,0.34913026278929105,1.0,0.275,0.36951297197231353,0.44554603492112643,18.0,0.2715823924503187,0.0,0.0
classical_musopen_6911e41c184d__180s,classical_musopen_6911e41c184d,classical,discovery,180.0,path_rhythm_phase,phase_lifted_path_homology,38,,,0.26544146384071066,0.26544146384071066,1.0,0.225,0.30666567243899495,0.3912522396423137,20.0,0.18960913940727564,0.0,0.0
classical_musopen_6911e41c184d__300s,classical_musopen_6911e41c184d,classical,discovery,300.0,path_acoustic_phase,phase_lifted_path_homology,38,,,0.34913026278929105,0.34913026278929105,1.0,0.275,0.36951297197231353,0.44554603492112643,18.0,0.2715823924503187,0.0,0.0
classical_musopen_6911e41c184d__300s,classical_musopen_6911e41c184d,classical,discovery,300.0,path_rhythm_phase,phase_lifted_path_homology,38,,,0.26544146384071066,0.26544146384071066,1.0,0.225,0.30666567243899495,0.3912522396423137,20.0,0.18960913940727564,0.0,0.0
classical_musopen_6c30622a4e97__180s,classical_musopen_6c30622a4e97,classical,discovery,180.0,path_acoustic_phase,phase_lifted_path_homology,68,,,0.3711275351926527,0.3711275351926527,1.0,0.325,0.40336925458736017,0.46332238679180043,32.0,0.41392687693917685,0.0,0.0
classical_musopen_6c30622a4e97__180s,classical_musopen_6c30622a4e97,classical,discovery,180.0,path_rhythm_phase,phase_lifted_path_homology,68,,,0.3187920897204541,0.3187920897204541,1.0,0.275,0.33843814701386865,0.4045734923873045,32.0,0.25105885168991104,0.0,0.0
classical_musopen_6c30622a4e97__300s,classical_musopen_6c30622a4e97,classical,discovery,300.0,path_acoustic_phase,phase_lifted_path_homology,68,,,0.3711275351926527,0.3711275351926527,1.0,0.325,0.40336925458736017,0.46332238679180043,32.0,0.41392687693917685,0.0,0.0
classical_musopen_6c30622a4e97__300s,classical_musopen_6c30622a4e97,classical,discovery,300.0,path_rhythm_phase,phase_lifted_path_homology,68,,,0.3187920897204541,0.3187920897204541,1.0,0.275,0.33843814701386865,0.4045734923873045,32.0,0.25105885168991104,0.0,0.0
classical_musopen_715f07ea34cd__180s,classical_musopen_715f07ea34cd,classical,discovery,180.0,path_acoustic_phase,phase_lifted_path_homology,89,,,0.3761778533588661,0.3761778533588661,1.0,0.325,0.37702691485365447,0.38679312066561805,12.0,0.17685484616222746,0.0,0.0
classical_musopen_715f07ea34cd__180s,classical_musopen_715f07ea34cd,classical,discovery,180.0,path_rhythm_phase,phase_lifted_path_homology,89,,,0.3972140282925249,0.3972140282925249,1.0,0.325,0.40370558654380173,0.4242133554723704,14.0,0.2453852576727802,0.0,0.0
classical_musopen_715f07ea34cd__300s,classical_musopen_715f07ea34cd,classical,discovery,300.0,path_acoustic_phase,phase_lifted_path_homology,149,,,0.3817763695798329,0.3817763695798329,1.0,0.325,0.38254256771358547,0.4079940435254867,16.0,0.2071242212428852,0.0,0.0
classical_musopen_715f07ea34cd__300s,classical_musopen_715f07ea34cd,classical,discovery,300.0,path_rhythm_phase,phase_lifted_path_homology,149,,,0.3988380341884711,0.3988380341884711,1.0,0.325,0.4036643034566001,0.4187801778461168,14.0,0.2616226695477868,0.0,0.0
classical_musopen_738d2a0f7b4c__180s,classical_musopen_738d2a0f7b4c,classical,discovery,180.0,path_acoustic_phase,phase_lifted_path_homology,46,,,0.31445520347079586,0.31445520347079586,1.0,0.275,0.322112003470848,0.3706243099322961,24.0,0.27698428077362247,0.0,0.0
classical_musopen_738d2a0f7b4c__180s,classical_musopen_738d2a0f7b4c,classical,discovery,180.0,path_rhythm_phase,phase_lifted_path_homology,46,,,0.35509755481803223,0.35509755481803223,1.0,0.325,0.3609595634367379,0.39090147113752316,14.0,0.106286063506152,0.0,0.0
classical_musopen_738d2a0f7b4c__300s,classical_musopen_738d2a0f7b4c,classical,discovery,300.0,path_acoustic_phase,phase_lifted_path_homology,46,,,0.31445520347079586,0.31445520347079586,1.0,0.275,0.322112003470848,0.3706243099322961,24.0,0.27698428077362247,0.0,0.0
classical_musopen_738d2a0f7b4c__300s,classical_musopen_738d2a0f7b4c,classical,discovery,300.0,path_rhythm_phase,phase_lifted_path_homology,46,,,0.35509755481803223,0.35509755481803223,1.0,0.325,0.3609595634367379,0.39090147113752316,14.0,0.106286063506152,0.0,0.0
classical_musopen_76480b1bf8fd__180s,classical_musopen_76480b1bf8fd,classical,discovery,180.0,path_acoustic_phase,phase_lifted_path_homology,89,,,0.3688089155940198,0.3688089155940198,1.0,0.325,0.37524283857567536,0.38674867042607014,12.0,0.24445718437111008,0.0,0.0
classical_musopen_76480b1bf8fd__180s,classical_musopen_76480b1bf8fd,classical,discovery,180.0,path_rhythm_phase,phase_lifted_path_homology,89,,,0.37958391368330724,0.37958391368330724,1.0,0.325,0.3815782288424392,0.3880612823106901,50.0,0.14240447613534646,0.0,0.0
classical_musopen_76480b1bf8fd__300s,classical_musopen_76480b1bf8fd,classical,discovery,300.0,path_acoustic_phase,phase_lifted_path_homology,149,,,0.3420796433027966,0.3420796433027966,1.0,0.275,0.3443632264702329,0.35813746423812676,56.0,0.11201094237273224,0.0,0.0
classical_musopen_76480b1bf8fd__300s,classical_musopen_76480b1bf8fd,classical,discovery,300.0,path_rhythm_phase,phase_lifted_path_homology,149,,,0.3561966438042502,0.3561966438042502,1.0,0.325,0.359859669359211,0.3825853882963553,64.0,0.053706104910934416,0.0,0.0
classical_musopen_7c2a6aff83ae__180s,classical_musopen_7c2a6aff83ae,classical,discovery,180.0,path_acoustic_phase,phase_lifted_path_homology,89,,,0.29153865364576487,0.29153865364576487,1.0,0.225,0.30864627474914585,0.3652357984968213,44.0,0.10469730601633898,0.0,0.0
classical_musopen_7c2a6aff83ae__180s,classical_musopen_7c2a6aff83ae,classical,discovery,180.0,path_rhythm_phase,phase_lifted_path_homology,89,,,0.3474937318452265,0.3474937318452265,1.0,0.275,0.3539335843421962,0.38294830437372634,58.0,0.1376667588932321,0.0,0.0
classical_musopen_7c2a6aff83ae__300s,classical_musopen_7c2a6aff83ae,classical,discovery,300.0,path_acoustic_phase,phase_lifted_path_homology,149,,,0.322643136482076,0.322643136482076,1.0,0.275,0.3360088748410022,0.37340889854348625,14.0,0.1179131370010329,0.0,0.0
classical_musopen_7c2a6aff83ae__300s,classical_musopen_7c2a6aff83ae,classical,discovery,300.0,path_rhythm_phase,phase_lifted_path_homology,149,,,0.3636962396210756,0.3636962396210756,1.0,0.325,0.36645641413910357,0.38279512247883035,28.0,0.10408713303803463,0.0,0.0
classical_musopen_85b8d83993e5__180s,classical_musopen_85b8d83993e5,classical,discovery,180.0,path_acoustic_phase,phase_lifted_path_homology,89,,,0.3598001465740537,0.3598001465740537,1.0,0.325,0.359825311836367,0.39292444843626834,14.0,0.11610146369233276,0.0,0.0
classical_musopen_85b8d83993e5__180s,classical_musopen_85b8d83993e5,classical,discovery,180.0,path_rhythm_phase,phase_lifted_path_homology,89,,,0.36879860816120946,0.36879860816120946,1.0,0.325,0.36965105579841895,0.38688065280564676,12.0,0.11837887319565366,0.0,0.0
classical_musopen_85b8d83993e5__300s,classical_musopen_85b8d83993e5,classical,discovery,300.0,path_acoustic_phase,phase_lifted_path_homology,114,,,0.38751521207005,0.38751521207005,1.0,0.325,0.395582532800183,0.4191408324744539,14.0,0.16467273842413643,0.0,0.0
classical_musopen_85b8d83993e5__300s,classical_musopen_85b8d83993e5,classical,discovery,300.0,path_rhythm_phase,phase_lifted_path_homology,114,,,0.3985685246627422,0.3985685246627422,1.0,0.325,0.3992345443103923,0.40663443398734334,12.0,0.10871513714162306,0.0,0.0
classical_musopen_860ce064b48c__180s,classical_musopen_860ce064b48c,classical,discovery,180.0,path_acoustic_phase,phase_lifted_path_homology,57,,,0.29064068170308355,0.29064068170308355,1.0,0.225,0.30666032216585704,0.34797126238745735,20.0,0.11672824246306779,0.0,0.0
classical_musopen_860ce064b48c__180s,classical_musopen_860ce064b48c,classical,discovery,180.0,path_rhythm_phase,phase_lifted_path_homology,57,,,0.28346941594444774,0.28346941594444774,1.0,0.225,0.2963637954911813,0.33955492117842506,16.0,0.21496329373898437,0.0,0.0
classical_musopen_860ce064b48c__300s,classical_musopen_860ce064b48c,classical,discovery,300.0,path_acoustic_phase,phase_lifted_path_homology,57,,,0.29064068170308355,0.29064068170308355,1.0,0.225,0.30666032216585704,0.34797126238745735,20.0,0.11672824246306779,0.0,0.0
classical_musopen_860ce064b48c__300s,classical_musopen_860ce064b48c,classical,discovery,300.0,path_rhythm_phase,phase_lifted_path_homology,57,,,0.28346941594444774,0.28346941594444774,1.0,0.225,0.2963637954911813,0.33955492117842506,16.0,0.21496329373898437,0.0,0.0
classical_musopen_88dae15b633b__180s,classical_musopen_88dae15b633b,classical,discovery,180.0,path_acoustic_phase,phase_lifted_path_homology,89,,,0.2885460745371593,0.2885460745371593,1.0,0.225,0.3080288206812688,0.3649533562459384,56.0,0.1347311274023757,0.0,0.0
classical_musopen_88dae15b633b__180s,classical_musopen_88dae15b633b,classical,discovery,180.0,path_rhythm_phase,phase_lifted_path_homology,89,,,0.3162451513314925,0.3162451513314925,1.0,0.275,0.3213107008785612,0.3516671473879265,46.0,0.1290555880219304,0.0,0.0
classical_musopen_88dae15b633b__300s,classical_musopen_88dae15b633b,classical,discovery,300.0,path_acoustic_phase,phase_lifted_path_homology,149,,,0.3595561591158222,0.3595561591158222,1.0,0.325,0.365345198303704,0.3870236568554443,56.0,0.0984046679001731,0.0,0.0
classical_musopen_88dae15b633b__300s,classical_musopen_88dae15b633b,classical,discovery,300.0,path_rhythm_phase,phase_lifted_path_homology,149,,,0.3578545343601625,0.3578545343601625,1.0,0.325,0.36627079524198614,0.3884310693527943,12.0,0.07219482032216606,0.0,0.0
classical_musopen_8b402eee923c__180s,classical_musopen_8b402eee923c,classical,discovery,180.0,path_acoustic_phase,phase_lifted_path_homology,89,,,0.3140083223837014,0.3140083223837014,1.0,0.275,0.3170313699721932,0.3688224291478905,54.0,0.1959294385110235,0.0,0.0
classical_musopen_8b402eee923c__180s,classical_musopen_8b402eee923c,classical,discovery,180.0,path_rhythm_phase,phase_lifted_path_homology,89,,,0.3706710051496922,0.3706710051496922,1.0,0.325,0.3740425891329346,0.39679532169160575,52.0,0.15402183268163672,0.0,0.0
classical_musopen_8b402eee923c__300s,classical_musopen_8b402eee923c,classical,discovery,300.0,path_acoustic_phase,phase_lifted_path_homology,149,,,0.3211036037587195,0.3211036037587195,1.0,0.275,0.332655168568991,0.3639366903759255,46.0,0.09782058689461781,0.0,0.0
classical_musopen_8b402eee923c__300s,classical_musopen_8b402eee923c,classical,discovery,300.0,path_rhythm_phase,phase_lifted_path_homology,149,,,0.3472567575021198,0.3472567575021198,1.0,0.275,0.35147823006314177,0.3837728053593647,52.0,0.11467880399028796,0.0,0.0
classical_musopen_90f0e736fe47__180s,classical_musopen_90f0e736fe47,classical,discovery,180.0,path_acoustic_phase,phase_lifted_path_homology,54,,,0.41629900751596893,0.41629900751596893,1.0,0.375,0.4270344981432164,0.46454425371263675,28.0,0.44172834161515206,0.0,0.0
classical_musopen_90f0e736fe47__180s,classical_musopen_90f0e736fe47,classical,discovery,180.0,path_rhythm_phase,phase_lifted_path_homology,54,,,0.39574673090125695,0.39574673090125695,1.0,0.325,0.4018920832162848,0.4366709027645103,28.0,0.23491473882192437,0.0,0.0
classical_musopen_90f0e736fe47__300s,classical_musopen_90f0e736fe47,classical,discovery,300.0,path_acoustic_phase,phase_lifted_path_homology,54,,,0.41629900751596893,0.41629900751596893,1.0,0.375,0.4270344981432164,0.46454425371263675,28.0,0.44172834161515206,0.0,0.0
classical_musopen_90f0e736fe47__300s,classical_musopen_90f0e736fe47,classical,discovery,300.0,path_rhythm_phase,phase_lifted_path_homology,54,,,0.39574673090125695,0.39574673090125695,1.0,0.325,0.4018920832162848,0.4366709027645103,28.0,0.23491473882192437,0.0,0.0
classical_musopen_97fae7a3dfae__180s,classical_musopen_97fae7a3dfae,classical,discovery,180.0,path_acoustic_phase,phase_lifted_path_homology,89,,,0.39514864635380864,0.39514864635380864,1.0,0.325,0.40317792143366304,0.4375554388036738,26.0,0.20455527855316014,0.0,0.0
classical_musopen_97fae7a3dfae__180s,classical_musopen_97fae7a3dfae,classical,discovery,180.0,path_rhythm_phase,phase_lifted_path_homology,89,,,0.3817653478723867,0.3817653478723867,1.0,0.325,0.3860775607488076,0.39491594589636486,12.0,0.1318136755958652,0.0,0.0
classical_musopen_97fae7a3dfae__300s,classical_musopen_97fae7a3dfae,classical,discovery,300.0,path_acoustic_phase,phase_lifted_path_homology,126,,,0.44263660689066187,0.44263660689066187,1.0,0.375,0.44518506900998345,0.4574829830021088,40.0,0.17272979066436744,0.0,0.0
classical_musopen_97fae7a3dfae__300s,classical_musopen_97fae7a3dfae,classical,discovery,300.0,path_rhythm_phase,phase_lifted_path_homology,126,,,0.34954618646808283,0.34954618646808283,1.0,0.275,0.36154190374845796,0.38800160286839214,38.0,0.16886223262667976,0.0,0.0
classical_musopen_9887c7fd8762__180s,classical_musopen_9887c7fd8762,classical,discovery,180.0,path_acoustic_phase,phase_lifted_path_homology,43,,,0.510157436858012,0.510157436858012,1.0,0.47500000000000003,0.5197002126743887,0.5397112102389007,20.0,0.5512353087815494,0.0,0.0
classical_musopen_9887c7fd8762__180s,classical_musopen_9887c7fd8762,classical,discovery,180.0,path_rhythm_phase,phase_lifted_path_homology,43,,,0.3485978031137287,0.3485978031137287,1.0,0.275,0.3543907321787877,0.407029137412035,20.0,0.09062475132315928,0.0,0.0
classical_musopen_9887c7fd8762__300s,classical_musopen_9887c7fd8762,classical,discovery,300.0,path_acoustic_phase,phase_lifted_path_homology,43,,,0.510157436858012,0.510157436858012,1.0,0.47500000000000003,0.5197002126743887,0.5397112102389007,20.0,0.5512353087815494,0.0,0.0
classical_musopen_9887c7fd8762__300s,classical_musopen_9887c7fd8762,classical,discovery,300.0,path_rhythm_phase,phase_lifted_path_homology,43,,,0.3485978031137287,0.3485978031137287,1.0,0.275,0.3543907321787877,0.407029137412035,20.0,0.09062475132315928,0.0,0.0
classical_musopen_9a95a1b73779__180s,classical_musopen_9a95a1b73779,classical,discovery,180.0,path_acoustic_phase,phase_lifted_path_homology,89,,,0.3040209705547034,0.3040209705547034,1.0,0.275,0.31536183526582817,0.3428674538579695,46.0,0.12413212744428659,0.0,0.0
classical_musopen_9a95a1b73779__180s,classical_musopen_9a95a1b73779,classical,discovery,180.0,path_rhythm_phase,phase_lifted_path_homology,89,,,0.35067636760574866,0.35067636760574866,1.0,0.325,0.36702570074279783,0.40491408742633617,12.0,0.2095523550106948,0.0,0.0
classical_musopen_9a95a1b73779__300s,classical_musopen_9a95a1b73779,classical,discovery,300.0,path_acoustic_phase,phase_lifted_path_homology,149,,,0.35645385087299003,0.35645385087299003,1.0,0.325,0.3592298869356718,0.37397050631943074,12.0,0.11482060761739121,0.0,0.0
classical_musopen_9a95a1b73779__300s,classical_musopen_9a95a1b73779,classical,discovery,300.0,path_rhythm_phase,phase_lifted_path_homology,149,,,0.3300262842415364,0.3300262842415364,1.0,0.275,0.34469235667010584,0.380603637235897,14.0,0.1404025806771021,0.0,0.0
classical_musopen_9d607b626772__180s,classical_musopen_9d607b626772,classical,discovery,180.0,path_acoustic_phase,phase_lifted_path_homology,89,,,0.23864400414608522,0.23864400414608522,1.0,0.175,0.267726259525102,0.34465408843121526,44.0,0.09367962758387738,0.0,0.0
classical_musopen_9d607b626772__180s,classical_musopen_9d607b626772,classical,discovery,180.0,path_rhythm_phase,phase_lifted_path_homology,89,,,0.2949305665541008,0.2949305665541008,1.0,0.225,0.315000666400372,0.36884314500064913,44.0,0.08789103475567517,0.0,0.0
classical_musopen_9d607b626772__300s,classical_musopen_9d607b626772,classical,discovery,300.0,path_acoustic_phase,phase_lifted_path_homology,149,,,0.3685797710177084,0.3685797710177084,1.0,0.325,0.3733361854543567,0.3875629963010942,14.0,0.17817035894872268,0.0,0.0
classical_musopen_9d607b626772__300s,classical_musopen_9d607b626772,classical,discovery,300.0,path_rhythm_phase,phase_lifted_path_homology,149,,,0.40089603169309446,0.40089603169309446,1.0,0.375,0.4041102714601836,0.4162067543105051,12.0,0.2023068138730042,0.0,0.0
classical_musopen_9e03803778c4__180s,classical_musopen_9e03803778c4,classical,discovery,180.0,path_acoustic_phase,phase_lifted_path_homology,89,,,0.3596540228450665,0.3596540228450665,1.0,0.325,0.3675395113816208,0.38404697481386635,30.0,0.12881049284923174,0.0,0.0
classical_musopen_9e03803778c4__180s,classical_musopen_9e03803778c4,classical,discovery,180.0,path_rhythm_phase,phase_lifted_path_homology,89,,,0.33900195559331187,0.33900195559331187,1.0,0.275,0.3555446072521128,0.3992734299279441,12.0,0.13800173390132797,0.0,0.0
classical_musopen_9e03803778c4__300s,classical_musopen_9e03803778c4,classical,discovery,300.0,path_acoustic_phase,phase_lifted_path_homology,149,,,0.3547136088615748,0.3547136088615748,1.0,0.325,0.35799112591032456,0.3670873872978835,44.0,0.10842378260851371,0.0,0.0
classical_musopen_9e03803778c4__300s,classical_musopen_9e03803778c4,classical,discovery,300.0,path_rhythm_phase,phase_lifted_path_homology,149,,,0.35111481140875833,0.35111481140875833,1.0,0.325,0.37341814486324465,0.4218154623890597,12.0,0.12960265231649304,0.0,0.0
classical_musopen_9e92b1162c06__180s,classical_musopen_9e92b1162c06,classical,discovery,180.0,path_acoustic_phase,phase_lifted_path_homology,89,,,0.37630429137401245,0.37630429137401245,1.0,0.325,0.38008512130441763,0.39270768502661646,28.0,0.12471520517884294,0.0,0.0
classical_musopen_9e92b1162c06__180s,classical_musopen_9e92b1162c06,classical,discovery,180.0,path_rhythm_phase,phase_lifted_path_homology,89,,,0.3562088677331247,0.3562088677331247,1.0,0.325,0.3645362144305594,0.3946015757717436,22.0,0.14041901297804116,0.0,0.0
classical_musopen_9e92b1162c06__300s,classical_musopen_9e92b1162c06,classical,discovery,300.0,path_acoustic_phase,phase_lifted_path_homology,149,,,0.35374924522057377,0.35374924522057377,1.0,0.325,0.3570904544335917,0.3757917449988048,46.0,0.0908593926347061,0.0,0.0
classical_musopen_9e92b1162c06__300s,classical_musopen_9e92b1162c06,classical,discovery,300.0,path_rhythm_phase,phase_lifted_path_homology,149,,,0.3252407701041279,0.3252407701041279,1.0,0.275,0.3351080280121866,0.3664469900856074,14.0,0.09483690398567601,0.0,0.0
classical_musopen_a1e65e9cab92__180s,classical_musopen_a1e65e9cab92,classical,discovery,180.0,path_acoustic_phase,phase_lifted_path_homology,89,,,0.34808380077252715,0.34808380077252715,1.0,0.275,0.35620152254316745,0.3740669127474254,46.0,0.09412511795725331,0.0,0.0
classical_musopen_a1e65e9cab92__180s,classical_musopen_a1e65e9cab92,classical,discovery,180.0,path_rhythm_phase,phase_lifted_path_homology,89,,,0.35593737796866187,0.35593737796866187,1.0,0.325,0.359584265008474,0.37146940183680205,34.0,0.08489474086702575,0.0,0.0
classical_musopen_a1e65e9cab92__300s,classical_musopen_a1e65e9cab92,classical,discovery,300.0,path_acoustic_phase,phase_lifted_path_homology,149,,,0.3655326152422482,0.3655326152422482,1.0,0.325,0.3714715932547495,0.38263430000123905,22.0,0.045444390378649,0.0,0.0
classical_musopen_a1e65e9cab92__300s,classical_musopen_a1e65e9cab92,classical,discovery,300.0,path_rhythm_phase,phase_lifted_path_homology,149,,,0.34614461852248,0.34614461852248,1.0,0.275,0.3498087149966201,0.3680108919310918,38.0,0.08311002506859277,0.0,0.0
classical_musopen_ad4d8a90f9bc__180s,classical_musopen_ad4d8a90f9bc,classical,discovery,180.0,path_acoustic_phase,phase_lifted_path_homology,89,,,0.3459371461913604,0.3459371461913604,1.0,0.275,0.35167846309941325,0.37191776094030643,12.0,0.13677081667099977,0.0,0.0
classical_musopen_ad4d8a90f9bc__180s,classical_musopen_ad4d8a90f9bc,classical,discovery,180.0,path_rhythm_phase,phase_lifted_path_homology,89,,,0.38132909253419645,0.38132909253419645,1.0,0.325,0.3827836345883435,0.39447934983211264,12.0,0.19715814172482315,0.0,0.0
classical_musopen_ad4d8a90f9bc__300s,classical_musopen_ad4d8a90f9bc,classical,discovery,300.0,path_acoustic_phase,phase_lifted_path_homology,149,,,0.35582263386442387,0.35582263386442387,1.0,0.325,0.3611115266713841,0.3756979659589485,12.0,0.12842961295919886,0.0,0.0
classical_musopen_ad4d8a90f9bc__300s,classical_musopen_ad4d8a90f9bc,classical,discovery,300.0,path_rhythm_phase,phase_lifted_path_homology,149,,,0.3816197825523349,0.3816197825523349,1.0,0.325,0.3866350685105012,0.3996151046480039,16.0,0.17736263207500724,0.0,0.0
classical_musopen_af6a2556f0c9__180s,classical_musopen_af6a2556f0c9,classical,discovery,180.0,path_acoustic_phase,phase_lifted_path_homology,87,,,0.4075559043885495,0.4075559043885495,1.0,0.375,0.42012131833099836,0.4631196888628398,44.0,0.4081109815040187,0.0,0.0
classical_musopen_af6a2556f0c9__180s,classical_musopen_af6a2556f0c9,classical,discovery,180.0,path_rhythm_phase,phase_lifted_path_homology,87,,,0.39119263793747316,0.39119263793747316,1.0,0.325,0.3925606616107792,0.4055459218148924,44.0,0.16421298172033705,0.0,0.0
classical_musopen_af6a2556f0c9__300s,classical_musopen_af6a2556f0c9,classical,discovery,300.0,path_acoustic_phase,phase_lifted_path_homology,87,,,0.4075559043885495,0.4075559043885495,1.0,0.375,0.42012131833099836,0.4631196888628398,44.0,0.4081109815040187,0.0,0.0
classical_musopen_af6a2556f0c9__300s,classical_musopen_af6a2556f0c9,classical,discovery,300.0,path_rhythm_phase,phase_lifted_path_homology,87,,,0.39119263793747316,0.39119263793747316,1.0,0.325,0.3925606616107792,0.4055459218148924,44.0,0.16421298172033705,0.0,0.0
classical_musopen_b5e0f49dce63__180s,classical_musopen_b5e0f49dce63,classical,discovery,180.0,path_acoustic_phase,phase_lifted_path_homology,89,,,0.3945502403700294,0.3945502403700294,1.0,0.325,0.39559811014055735,0.40164071972618137,18.0,0.23893098505239063,0.0,0.0
classical_musopen_b5e0f49dce63__180s,classical_musopen_b5e0f49dce63,classical,discovery,180.0,path_rhythm_phase,phase_lifted_path_homology,89,,,0.4129400077483233,0.4129400077483233,1.0,0.375,0.41798593411803203,0.4307553956261769,14.0,0.2961740932145105,0.0,0.0
classical_musopen_b5e0f49dce63__300s,classical_musopen_b5e0f49dce63,classical,discovery,300.0,path_acoustic_phase,phase_lifted_path_homology,149,,,0.41430351535584253,0.41430351535584253,1.0,0.375,0.41900482567017,0.43647186944059246,12.0,0.2381409007717592,0.0,0.0
classical_musopen_b5e0f49dce63__300s,classical_musopen_b5e0f49dce63,classical,discovery,300.0,path_rhythm_phase,phase_lifted_path_homology,149,,,0.3955412064514452,0.3955412064514452,1.0,0.325,0.39600951115031996,0.4126670186837149,12.0,0.26149786437061495,0.0,0.0
classical_musopen_baea77fb0fba__180s,classical_musopen_baea77fb0fba,classical,discovery,180.0,path_acoustic_phase,phase_lifted_path_homology,89,,,0.36213382242532904,0.36213382242532904,1.0,0.325,0.3716525872732396,0.41436721826205525,14.0,0.20330439424174052,0.0,0.0
classical_musopen_baea77fb0fba__180s,classical_musopen_baea77fb0fba,classical,discovery,180.0,path_rhythm_phase,phase_lifted_path_homology,89,,,0.43156013678696936,0.43156013678696936,1.0,0.375,0.43269222391937334,0.4370940691615896,12.0,0.13652319065370255,0.0,0.0
classical_musopen_baea77fb0fba__300s,classical_musopen_baea77fb0fba,classical,discovery,300.0,path_acoustic_phase,phase_lifted_path_homology,149,,,0.40868655180190355,0.40868655180190355,1.0,0.375,0.41468389347007883,0.42478496099163565,12.0,0.28588140604751966,0.0,0.0
classical_musopen_baea77fb0fba__300s,classical_musopen_baea77fb0fba,classical,discovery,300.0,path_rhythm_phase,phase_lifted_path_homology,149,,,0.4462964242667257,0.4462964242667257,1.0,0.375,0.4469993150953717,0.46160156349125264,12.0,0.31188225227567257,0.0,0.0
classical_musopen_bb26f6675995__180s,classical_musopen_bb26f6675995,classical,discovery,180.0,path_acoustic_phase,phase_lifted_path_homology,89,,,0.3412931387174227,0.3412931387174227,1.0,0.275,0.34860325220726734,0.37289534334119007,26.0,0.12356661753703868,0.0,0.0
classical_musopen_bb26f6675995__180s,classical_musopen_bb26f6675995,classical,discovery,180.0,path_rhythm_phase,phase_lifted_path_homology,89,,,0.3408602838875474,0.3408602838875474,1.0,0.275,0.345229152741672,0.3758181788390427,52.0,0.13640774240708442,0.0,0.0
classical_musopen_bb26f6675995__300s,classical_musopen_bb26f6675995,classical,discovery,300.0,path_acoustic_phase,phase_lifted_path_homology,149,,,0.3462376857338169,0.3462376857338169,1.0,0.275,0.349887854283086,0.36884610557799613,56.0,0.0810688736835079,0.0,0.0
classical_musopen_bb26f6675995__300s,classical_musopen_bb26f6675995,classical,discovery,300.0,path_rhythm_phase,phase_lifted_path_homology,149,,,0.3408256603634282,0.3408256603634282,1.0,0.275,0.34612438528337747,0.37994264239406644,54.0,0.11883651142328122,0.0,0.0
classical_musopen_c080ce7f8b19__180s,classical_musopen_c080ce7f8b19,classical,discovery,180.0,path_acoustic_phase,phase_lifted_path_homology,89,,,0.35028195854169153,0.35028195854169153,1.0,0.325,0.3557960613532225,0.3773121268999892,12.0,0.08541948148797518,0.0,0.0
classical_musopen_c080ce7f8b19__180s,classical_musopen_c080ce7f8b19,classical,discovery,180.0,path_rhythm_phase,phase_lifted_path_homology,89,,,0.35267475365099976,0.35267475365099976,1.0,0.325,0.3566922370283419,0.3687398814248453,16.0,0.17702608196506975,0.0,0.0
classical_musopen_c080ce7f8b19__300s,classical_musopen_c080ce7f8b19,classical,discovery,300.0,path_acoustic_phase,phase_lifted_path_homology,149,,,0.4007144143726664,0.4007144143726664,1.0,0.375,0.4057550538163877,0.4171184751228802,12.0,0.12534550734794458,0.0,0.0
classical_musopen_c080ce7f8b19__300s,classical_musopen_c080ce7f8b19,classical,discovery,300.0,path_rhythm_phase,phase_lifted_path_homology,149,,,0.37842325383430103,0.37842325383430103,1.0,0.325,0.3821415653046477,0.39172883629496674,12.0,0.17463395249896818,0.0,0.0
classical_musopen_c678e65ee624__180s,classical_musopen_c678e65ee624,classical,discovery,180.0,path_acoustic_phase,phase_lifted_path_homology,47,,,0.360928618231329,0.360928618231329,1.0,0.325,0.40575601976139025,0.48169396628869565,24.0,0.5476789198088251,0.0,0.0
classical_musopen_c678e65ee624__180s,classical_musopen_c678e65ee624,classical,discovery,180.0,path_rhythm_phase,phase_lifted_path_homology,47,,,0.30280790018918946,0.30280790018918946,1.0,0.275,0.31424987346740607,0.3461410566682286,26.0,0.14358551470968894,0.0,0.0
classical_musopen_c678e65ee624__300s,classical_musopen_c678e65ee624,classical,discovery,300.0,path_acoustic_phase,phase_lifted_path_homology,47,,,0.360928618231329,0.360928618231329,1.0,0.325,0.40575601976139025,0.48169396628869565,24.0,0.5476789198088251,0.0,0.0
classical_musopen_c678e65ee624__300s,classical_musopen_c678e65ee624,classical,discovery,300.0,path_rhythm_phase,phase_lifted_path_homology,47,,,0.30280790018918946,0.30280790018918946,1.0,0.275,0.31424987346740607,0.3461410566682286,26.0,0.14358551470968894,0.0,0.0
classical_musopen_c787198261a5__180s,classical_musopen_c787198261a5,classical,discovery,180.0,path_acoustic_phase,phase_lifted_path_homology,68,,,0.3567920753925065,0.3567920753925065,1.0,0.325,0.36030700477322936,0.3750130515564516,20.0,0.17523152231225403,0.0,0.0
classical_musopen_c787198261a5__180s,classical_musopen_c787198261a5,classical,discovery,180.0,path_rhythm_phase,phase_lifted_path_homology,68,,,0.34526307292562497,0.34526307292562497,1.0,0.275,0.350675969235671,0.37426204860559587,12.0,0.16775887795972988,0.0,0.0
classical_musopen_c787198261a5__300s,classical_musopen_c787198261a5,classical,discovery,300.0,path_acoustic_phase,phase_lifted_path_homology,68,,,0.3567920753925065,0.3567920753925065,1.0,0.325,0.36030700477322936,0.3750130515564516,20.0,0.17523152231225403,0.0,0.0
classical_musopen_c787198261a5__300s,classical_musopen_c787198261a5,classical,discovery,300.0,path_rhythm_phase,phase_lifted_path_homology,68,,,0.34526307292562497,0.34526307292562497,1.0,0.275,0.350675969235671,0.37426204860559587,12.0,0.16775887795972988,0.0,0.0
classical_musopen_c867a2eeaae9__180s,classical_musopen_c867a2eeaae9,classical,discovery,180.0,path_acoustic_phase,phase_lifted_path_homology,26,,,0.38494716842241217,0.38494716842241217,1.0,0.325,0.4005488014208764,0.45570800867328565,12.0,0.12508841157178707,0.0,0.0
classical_musopen_c867a2eeaae9__180s,classical_musopen_c867a2eeaae9,classical,discovery,180.0,path_rhythm_phase,phase_lifted_path_homology,26,,,0.271727028514181,0.271727028514181,1.0,0.225,0.29228260077344165,0.34581416646794993,12.0,0.10036204225067702,0.0,0.0
classical_musopen_c867a2eeaae9__300s,classical_musopen_c867a2eeaae9,classical,discovery,300.0,path_acoustic_phase,phase_lifted_path_homology,26,,,0.38494716842241217,0.38494716842241217,1.0,0.325,0.4005488014208764,0.45570800867328565,12.0,0.12508841157178707,0.0,0.0
classical_musopen_c867a2eeaae9__300s,classical_musopen_c867a2eeaae9,classical,discovery,300.0,path_rhythm_phase,phase_lifted_path_homology,26,,,0.271727028514181,0.271727028514181,1.0,0.225,0.29228260077344165,0.34581416646794993,12.0,0.10036204225067702,0.0,0.0
classical_musopen_cc8d87d2b00c__180s,classical_musopen_cc8d87d2b00c,classical,discovery,180.0,path_acoustic_phase,phase_lifted_path_homology,56,,,0.49558935224434664,0.49558935224434664,1.0,0.425,0.5047476988402497,0.531135916936709,28.0,0.5367383956882268,0.0,0.0
classical_musopen_cc8d87d2b00c__180s,classical_musopen_cc8d87d2b00c,classical,discovery,180.0,path_rhythm_phase,phase_lifted_path_homology,56,,,0.39683943151157386,0.39683943151157386,1.0,0.325,0.4018622473680627,0.4344595997307992,28.0,0.35837460275313826,0.0,0.0
classical_musopen_cc8d87d2b00c__300s,classical_musopen_cc8d87d2b00c,classical,discovery,300.0,path_acoustic_phase,phase_lifted_path_homology,56,,,0.49558935224434664,0.49558935224434664,1.0,0.425,0.5047476988402497,0.531135916936709,28.0,0.5367383956882268,0.0,0.0
classical_musopen_cc8d87d2b00c__300s,classical_musopen_cc8d87d2b00c,classical,discovery,300.0,path_rhythm_phase,phase_lifted_path_homology,56,,,0.39683943151157386,0.39683943151157386,1.0,0.325,0.4018622473680627,0.4344595997307992,28.0,0.35837460275313826,0.0,0.0
classical_musopen_d2e3d82ad3e8__180s,classical_musopen_d2e3d82ad3e8,classical,discovery,180.0,path_acoustic_phase,phase_lifted_path_homology,89,,,0.34833914482314987,0.34833914482314987,1.0,0.275,0.3524958624926831,0.3616129009072338,32.0,0.09327543080568645,0.0,0.0
classical_musopen_d2e3d82ad3e8__180s,classical_musopen_d2e3d82ad3e8,classical,discovery,180.0,path_rhythm_phase,phase_lifted_path_homology,89,,,0.3703624248400721,0.3703624248400721,1.0,0.325,0.38556470821076244,0.4149138026266583,40.0,0.10473628184606598,0.0,0.0
classical_musopen_d2e3d82ad3e8__300s,classical_musopen_d2e3d82ad3e8,classical,discovery,300.0,path_acoustic_phase,phase_lifted_path_homology,149,,,0.4060494088811429,0.4060494088811429,1.0,0.375,0.40729134405815076,0.41477000033527744,16.0,0.1161826478974437,0.0,0.0
classical_musopen_d2e3d82ad3e8__300s,classical_musopen_d2e3d82ad3e8,classical,discovery,300.0,path_rhythm_phase,phase_lifted_path_homology,149,,,0.42429204424456124,0.42429204424456124,1.0,0.375,0.42485608036433936,0.43863452429247846,12.0,0.18873725220664328,0.0,0.0
classical_musopen_d3fcd3c28c74__180s,classical_musopen_d3fcd3c28c74,classical,discovery,180.0,path_acoustic_phase,phase_lifted_path_homology,89,,,0.34218638435314075,0.34218638435314075,1.0,0.275,0.34678989158919105,0.3758723392067618,22.0,0.14497057799282143,0.0,0.0
classical_musopen_d3fcd3c28c74__180s,classical_musopen_d3fcd3c28c74,classical,discovery,180.0,path_rhythm_phase,phase_lifted_path_homology,89,,,0.3430692933269554,0.3430692933269554,1.0,0.275,0.349824031691266,0.36950124485054586,48.0,0.11580059824590339,0.0,0.0
classical_musopen_d3fcd3c28c74__300s,classical_musopen_d3fcd3c28c74,classical,discovery,300.0,path_acoustic_phase,phase_lifted_path_homology,149,,,0.36963469754945777,0.36963469754945777,1.0,0.325,0.3747405483207283,0.3911061077334493,12.0,0.14563482517683735,0.0,0.0
classical_musopen_d3fcd3c28c74__300s,classical_musopen_d3fcd3c28c74,classical,discovery,300.0,path_rhythm_phase,phase_lifted_path_homology,149,,,0.34846768060411004,0.34846768060411004,1.0,0.275,0.3608557061056685,0.3989586971493511,12.0,0.16180629992380013,0.0,0.0
classical_musopen_d70f00840b98__180s,classical_musopen_d70f00840b98,classical,discovery,180.0,path_acoustic_phase,phase_lifted_path_homology,43,,,0.2718761416215816,0.2718761416215816,1.0,0.225,0.31319638906608555,0.4240532762792797,22.0,0.3955697216803935,0.0,0.0
classical_musopen_d70f00840b98__180s,classical_musopen_d70f00840b98,classical,discovery,180.0,path_rhythm_phase,phase_lifted_path_homology,43,,,0.38802157136045323,0.38802157136045323,1.0,0.325,0.39857429169385306,0.4522764906780617,20.0,0.30880314228868044,0.0,0.0
classical_musopen_d70f00840b98__300s,classical_musopen_d70f00840b98,classical,discovery,300.0,path_acoustic_phase,phase_lifted_path_homology,43,,,0.2718761416215816,0.2718761416215816,1.0,0.225,0.31319638906608555,0.4240532762792797,22.0,0.3955697216803935,0.0,0.0
classical_musopen_d70f00840b98__300s,classical_musopen_d70f00840b98,classical,discovery,300.0,path_rhythm_phase,phase_lifted_path_homology,43,,,0.38802157136045323,0.38802157136045323,1.0,0.325,0.39857429169385306,0.4522764906780617,20.0,0.30880314228868044,0.0,0.0
classical_musopen_d80a81db9e9a__180s,classical_musopen_d80a81db9e9a,classical,discovery,180.0,path_acoustic_phase,phase_lifted_path_homology,89,,,0.3994987441355891,0.3994987441355891,1.0,0.325,0.4197017538016066,0.497584407066117,46.0,0.6069796912875052,0.0,0.0
classical_musopen_d80a81db9e9a__180s,classical_musopen_d80a81db9e9a,classical,discovery,180.0,path_rhythm_phase,phase_lifted_path_homology,89,,,0.3661098238854554,0.3661098238854554,1.0,0.325,0.3749622169780638,0.4208885729279712,46.0,0.2285241972314429,0.0,0.0
classical_musopen_d80a81db9e9a__300s,classical_musopen_d80a81db9e9a,classical,discovery,300.0,path_acoustic_phase,phase_lifted_path_homology,149,,,0.33359648726274405,0.33359648726274405,1.0,0.275,0.35634947626304925,0.4221465900160535,46.0,0.25580282059692605,0.0,0.0
classical_musopen_d80a81db9e9a__300s,classical_musopen_d80a81db9e9a,classical,discovery,300.0,path_rhythm_phase,phase_lifted_path_homology,149,,,0.38665442646490844,0.38665442646490844,1.0,0.325,0.3908840989108258,0.40538630159654404,20.0,0.12612054768911563,0.0,0.0
classical_musopen_d89f306017d2__180s,classical_musopen_d89f306017d2,classical,discovery,180.0,path_acoustic_phase,phase_lifted_path_homology,89,,,0.383419384525832,0.383419384525832,1.0,0.325,0.3839251195743729,0.39859920391556103,18.0,0.19522799124162704,0.0,0.0
classical_musopen_d89f306017d2__180s,classical_musopen_d89f306017d2,classical,discovery,180.0,path_rhythm_phase,phase_lifted_path_homology,89,,,0.3617204840552753,0.3617204840552753,1.0,0.325,0.3645866813792378,0.38606999751946924,16.0,0.18103106360799903,0.0,0.0
classical_musopen_d89f306017d2__300s,classical_musopen_d89f306017d2,classical,discovery,300.0,path_acoustic_phase,phase_lifted_path_homology,149,,,0.40693435943435147,0.40693435943435147,1.0,0.375,0.407092786442617,0.4089388614078107,14.0,0.20103483176644188,0.0,0.0
classical_musopen_d89f306017d2__300s,classical_musopen_d89f306017d2,classical,discovery,300.0,path_rhythm_phase,phase_lifted_path_homology,149,,,0.348869362690048,0.348869362690048,1.0,0.275,0.3549904225722619,0.3767285817825751,14.0,0.09368443839318319,0.0,0.0
classical_musopen_d95ec9d17c06__180s,classical_musopen_d95ec9d17c06,classical,discovery,180.0,path_acoustic_phase,phase_lifted_path_homology,76,,,0.35336826944258926,0.35336826944258926,1.0,0.325,0.37472816957404553,0.4627842695950748,38.0,0.369425258091294,0.0,0.0
classical_musopen_d95ec9d17c06__180s,classical_musopen_d95ec9d17c06,classical,discovery,180.0,path_rhythm_phase,phase_lifted_path_homology,76,,,0.3957860948462854,0.3957860948462854,1.0,0.325,0.3984187827240312,0.4241009030050451,38.0,0.21853628507247014,0.0,0.0
classical_musopen_d95ec9d17c06__300s,classical_musopen_d95ec9d17c06,classical,discovery,300.0,path_acoustic_phase,phase_lifted_path_homology,76,,,0.35336826944258926,0.35336826944258926,1.0,0.325,0.37472816957404553,0.4627842695950748,38.0,0.369425258091294,0.0,0.0
classical_musopen_d95ec9d17c06__300s,classical_musopen_d95ec9d17c06,classical,discovery,300.0,path_rhythm_phase,phase_lifted_path_homology,76,,,0.3957860948462854,0.3957860948462854,1.0,0.325,0.3984187827240312,0.4241009030050451,38.0,0.21853628507247014,0.0,0.0
classical_musopen_d9826478969c__180s,classical_musopen_d9826478969c,classical,discovery,180.0,path_acoustic_phase,phase_lifted_path_homology,89,,,0.41290096907902046,0.41290096907902046,1.0,0.375,0.4167715814800095,0.4405174812711048,32.0,0.2330921656863092,0.0,0.0
classical_musopen_d9826478969c__180s,classical_musopen_d9826478969c,classical,discovery,180.0,path_rhythm_phase,phase_lifted_path_homology,89,,,0.3881081036612607,0.3881081036612607,1.0,0.325,0.3977769372272317,0.4143095413370048,30.0,0.08445454399617369,0.0,0.0
classical_musopen_d9826478969c__300s,classical_musopen_d9826478969c,classical,discovery,300.0,path_acoustic_phase,phase_lifted_path_homology,149,,,0.37440160396647226,0.37440160396647226,1.0,0.325,0.37658229889619155,0.38625063007168126,32.0,0.11790901651250141,0.0,0.0
classical_musopen_d9826478969c__300s,classical_musopen_d9826478969c,classical,discovery,300.0,path_rhythm_phase,phase_lifted_path_homology,149,,,0.3474353182640091,0.3474353182640091,1.0,0.275,0.3539238204076762,0.38205059902352084,36.0,0.09981790156808179,0.0,0.0
classical_musopen_dc68b3cf3d10__180s,classical_musopen_dc68b3cf3d10,classical,discovery,180.0,path_acoustic_phase,phase_lifted_path_homology,89,,,0.3503636458486365,0.3503636458486365,1.0,0.325,0.352619494636516,0.3646164074176381,14.0,0.1273965036029736,0.0,0.0
classical_musopen_dc68b3cf3d10__180s,classical_musopen_dc68b3cf3d10,classical,discovery,180.0,path_rhythm_phase,phase_lifted_path_homology,89,,,0.35216447423166414,0.35216447423166414,1.0,0.325,0.3544668230112457,0.3796070914151443,12.0,0.16008942905186352,0.0,0.0
classical_musopen_dc68b3cf3d10__300s,classical_musopen_dc68b3cf3d10,classical,discovery,300.0,path_acoustic_phase,phase_lifted_path_homology,143,,,0.3620029044526245,0.3620029044526245,1.0,0.325,0.3647523967721135,0.38520690350447717,64.0,0.11497227312108671,0.0,0.0
classical_musopen_dc68b3cf3d10__300s,classical_musopen_dc68b3cf3d10,classical,discovery,300.0,path_rhythm_phase,phase_lifted_path_homology,143,,,0.4000942444969061,0.4000942444969061,1.0,0.375,0.4014304391879633,0.41512229746798973,16.0,0.1306547994822964,0.0,0.0
classical_musopen_e09675b49c01__180s,classical_musopen_e09675b49c01,classical,discovery,180.0,path_acoustic_phase,phase_lifted_path_homology,89,,,0.34390342826991493,0.34390342826991493,1.0,0.275,0.36051640903130827,0.40786488192811304,50.0,0.12140183006479432,0.0,0.0
classical_musopen_e09675b49c01__180s,classical_musopen_e09675b49c01,classical,discovery,180.0,path_rhythm_phase,phase_lifted_path_homology,89,,,0.35357213649108415,0.35357213649108415,1.0,0.325,0.35845125006585576,0.3733805644650716,42.0,0.1034118042610439,0.0,0.0
classical_musopen_e09675b49c01__300s,classical_musopen_e09675b49c01,classical,discovery,300.0,path_acoustic_phase,phase_lifted_path_homology,149,,,0.4141694899097069,0.4141694899097069,1.0,0.375,0.4201212694636456,0.4369586239441882,50.0,0.13188997978271444,0.0,0.0
classical_musopen_e09675b49c01__300s,classical_musopen_e09675b49c01,classical,discovery,300.0,path_rhythm_phase,phase_lifted_path_homology,149,,,0.34948121419317507,0.34948121419317507,1.0,0.275,0.35981160516742045,0.38666515039730803,50.0,0.1315791273843303,0.0,0.0
classical_musopen_e0dc320f51e3__180s,classical_musopen_e0dc320f51e3,classical,discovery,180.0,path_acoustic_phase,phase_lifted_path_homology,47,,,0.4211532226684042,0.4211532226684042,1.0,0.375,0.4268882906749309,0.4758986983469254,22.0,0.5629421629456892,0.0,0.0
classical_musopen_e0dc320f51e3__180s,classical_musopen_e0dc320f51e3,classical,discovery,180.0,path_rhythm_phase,phase_lifted_path_homology,47,,,0.3287354486522402,0.3287354486522402,1.0,0.275,0.3411968274333269,0.38685118061550305,24.0,0.14111612592350142,0.0,0.0
classical_musopen_e0dc320f51e3__300s,classical_musopen_e0dc320f51e3,classical,discovery,300.0,path_acoustic_phase,phase_lifted_path_homology,47,,,0.4211532226684042,0.4211532226684042,1.0,0.375,0.4268882906749309,0.4758986983469254,22.0,0.5629421629456892,0.0,0.0
classical_musopen_e0dc320f51e3__300s,classical_musopen_e0dc320f51e3,classical,discovery,300.0,path_rhythm_phase,phase_lifted_path_homology,47,,,0.3287354486522402,0.3287354486522402,1.0,0.275,0.3411968274333269,0.38685118061550305,24.0,0.14111612592350142,0.0,0.0
classical_musopen_e542fa316458__180s,classical_musopen_e542fa316458,classical,discovery,180.0,path_acoustic_phase,phase_lifted_path_homology,89,,,0.3494610470915142,0.3494610470915142,1.0,0.275,0.3510596610669057,0.3565987986415564,42.0,0.12164390879626574,0.0,0.0
classical_musopen_e542fa316458__180s,classical_musopen_e542fa316458,classical,discovery,180.0,path_rhythm_phase,phase_lifted_path_homology,89,,,0.34575629218415477,0.34575629218415477,1.0,0.275,0.34799320517711824,0.39227846598951466,12.0,0.16967678908065875,0.0,0.0
classical_musopen_e542fa316458__300s,classical_musopen_e542fa316458,classical,discovery,300.0,path_acoustic_phase,phase_lifted_path_homology,149,,,0.38334736031884264,0.38334736031884264,1.0,0.325,0.3873768490326824,0.3980451264469977,12.0,0.11534346772602411,0.0,0.0
classical_musopen_e542fa316458__300s,classical_musopen_e542fa316458,classical,discovery,300.0,path_rhythm_phase,phase_lifted_path_homology,149,,,0.37928627378804336,0.37928627378804336,1.0,0.325,0.3835184479993997,0.4047399888537184,12.0,0.18167064199096683,0.0,0.0
classical_musopen_e92198fc7b0d__180s,classical_musopen_e92198fc7b0d,classical,discovery,180.0,path_acoustic_phase,phase_lifted_path_homology,89,,,0.329413263013968,0.329413263013968,1.0,0.275,0.3369443467512356,0.3723971957720084,48.0,0.11778863536625139,0.0,0.0
classical_musopen_e92198fc7b0d__180s,classical_musopen_e92198fc7b0d,classical,discovery,180.0,path_rhythm_phase,phase_lifted_path_homology,89,,,0.34723852936930216,0.34723852936930216,1.0,0.275,0.355099965989309,0.3815617976393415,22.0,0.14482758749580604,0.0,0.0
classical_musopen_e92198fc7b0d__300s,classical_musopen_e92198fc7b0d,classical,discovery,300.0,path_acoustic_phase,phase_lifted_path_homology,149,,,0.3432361832759311,0.3432361832759311,1.0,0.275,0.34719592135891064,0.3656819166175332,14.0,0.1368683930080401,0.0,0.0
classical_musopen_e92198fc7b0d__300s,classical_musopen_e92198fc7b0d,classical,discovery,300.0,path_rhythm_phase,phase_lifted_path_homology,149,,,0.3835166541388924,0.3835166541388924,1.0,0.325,0.38606369064711105,0.40037108780313146,12.0,0.17245193909644163,0.0,0.0
classical_musopen_e979457eb8b9__180s,classical_musopen_e979457eb8b9,classical,discovery,180.0,path_acoustic_phase,phase_lifted_path_homology,89,,,0.3709174608981248,0.3709174608981248,1.0,0.325,0.3716172387506732,0.3738046175349301,28.0,0.0828400115116088,0.0,0.0
classical_musopen_e979457eb8b9__180s,classical_musopen_e979457eb8b9,classical,discovery,180.0,path_rhythm_phase,phase_lifted_path_homology,89,,,0.3250401276055028,0.3250401276055028,1.0,0.275,0.33683606490261037,0.37887696788482045,14.0,0.08065617844733053,0.0,0.0
classical_musopen_e979457eb8b9__300s,classical_musopen_e979457eb8b9,classical,discovery,300.0,path_acoustic_phase,phase_lifted_path_homology,149,,,0.40349790627282456,0.40349790627282456,1.0,0.375,0.4059642749761935,0.41342672480691983,14.0,0.06301653942721153,0.0,0.0
classical_musopen_e979457eb8b9__300s,classical_musopen_e979457eb8b9,classical,discovery,300.0,path_rhythm_phase,phase_lifted_path_homology,149,,,0.2457889378911512,0.2457889378911512,1.0,0.175,0.2884396767979592,0.3858205507807875,56.0,0.07226130029779032,0.0,0.0
classical_musopen_f0ef963b9b80__180s,classical_musopen_f0ef963b9b80,classical,discovery,180.0,path_acoustic_phase,phase_lifted_path_homology,89,,,0.3363980440125441,0.3363980440125441,1.0,0.275,0.3402052130206136,0.36374430826315535,32.0,0.07918841231703122,0.0,0.0
classical_musopen_f0ef963b9b80__180s,classical_musopen_f0ef963b9b80,classical,discovery,180.0,path_rhythm_phase,phase_lifted_path_homology,89,,,0.2669370925092393,0.2669370925092393,1.0,0.225,0.29878922047486817,0.37430137710308015,46.0,0.09622766745327738,0.0,0.0
classical_musopen_f0ef963b9b80__300s,classical_musopen_f0ef963b9b80,classical,discovery,300.0,path_acoustic_phase,phase_lifted_path_homology,149,,,0.3772283222007233,0.3772283222007233,1.0,0.325,0.3817914499135676,0.39215557441633647,32.0,0.09259506995218292,0.0,0.0
classical_musopen_f0ef963b9b80__300s,classical_musopen_f0ef963b9b80,classical,discovery,300.0,path_rhythm_phase,phase_lifted_path_homology,149,,,0.34400972478585135,0.34400972478585135,1.0,0.275,0.3452033311451366,0.34813164579164685,44.0,0.07949629899781674,0.0,0.0
classical_musopen_f1de65f9d30b__180s,classical_musopen_f1de65f9d30b,classical,discovery,180.0,path_acoustic_phase,phase_lifted_path_homology,49,,,0.38507970681707043,0.38507970681707043,1.0,0.325,0.39830585455266876,0.4569143479691724,24.0,0.37634775241411955,0.0,0.0
classical_musopen_f1de65f9d30b__180s,classical_musopen_f1de65f9d30b,classical,discovery,180.0,path_rhythm_phase,phase_lifted_path_homology,49,,,0.4369136120917941,0.4369136120917941,1.0,0.375,0.43978586651607565,0.46114206151983944,24.0,0.23426505551948384,0.0,0.0
classical_musopen_f1de65f9d30b__300s,classical_musopen_f1de65f9d30b,classical,discovery,300.0,path_acoustic_phase,phase_lifted_path_homology,49,,,0.38507970681707043,0.38507970681707043,1.0,0.325,0.39830585455266876,0.4569143479691724,24.0,0.37634775241411955,0.0,0.0
classical_musopen_f1de65f9d30b__300s,classical_musopen_f1de65f9d30b,classical,discovery,300.0,path_rhythm_phase,phase_lifted_path_homology,49,,,0.4369136120917941,0.4369136120917941,1.0,0.375,0.43978586651607565,0.46114206151983944,24.0,0.23426505551948384,0.0,0.0
classical_musopen_f6b26962c493__180s,classical_musopen_f6b26962c493,classical,discovery,180.0,path_acoustic_phase,phase_lifted_path_homology,89,,,0.36596420089226495,0.36596420089226495,1.0,0.325,0.3697515737477588,0.385229601770686,12.0,0.11406165983293115,0.0,0.0
classical_musopen_f6b26962c493__180s,classical_musopen_f6b26962c493,classical,discovery,180.0,path_rhythm_phase,phase_lifted_path_homology,89,,,0.31255186786591965,0.31255186786591965,1.0,0.275,0.3234119742508921,0.35546292154395615,28.0,0.16495443561731982,0.0,0.0
classical_musopen_f6b26962c493__300s,classical_musopen_f6b26962c493,classical,discovery,300.0,path_acoustic_phase,phase_lifted_path_homology,149,,,0.360222172131574,0.360222172131574,1.0,0.325,0.3652067524624475,0.390087927122351,12.0,0.09959202616851814,0.0,0.0
classical_musopen_f6b26962c493__300s,classical_musopen_f6b26962c493,classical,discovery,300.0,path_rhythm_phase,phase_lifted_path_homology,149,,,0.36141961730057137,0.36141961730057137,1.0,0.325,0.36752035070120515,0.39029519489175896,14.0,0.12167870046542717,0.0,0.0
classical_musopen_f88042497771__180s,classical_musopen_f88042497771,classical,discovery,180.0,path_acoustic_phase,phase_lifted_path_homology,89,,,0.33213079736088313,0.33213079736088313,1.0,0.275,0.3345396344207233,0.35945995152383414,52.0,0.08477348664086803,0.0,0.0
classical_musopen_f88042497771__180s,classical_musopen_f88042497771,classical,discovery,180.0,path_rhythm_phase,phase_lifted_path_homology,89,,,0.33623175995744997,0.33623175995744997,1.0,0.275,0.33802623284315797,0.3627514772043941,50.0,0.11231508681509794,0.0,0.0
classical_musopen_f88042497771__300s,classical_musopen_f88042497771,classical,discovery,300.0,path_acoustic_phase,phase_lifted_path_homology,124,,,0.3302656520036082,0.3302656520036082,1.0,0.275,0.33070919605581295,0.3528054517184945,22.0,0.08716870202153437,0.0,0.0
classical_musopen_f88042497771__300s,classical_musopen_f88042497771,classical,discovery,300.0,path_rhythm_phase,phase_lifted_path_homology,124,,,0.37038135133896716,0.37038135133896716,1.0,0.325,0.3712576809513123,0.3775344472014033,24.0,0.07380390839266493,0.0,0.0
classical_musopen_fcb18467286d__180s,classical_musopen_fcb18467286d,classical,discovery,180.0,path_acoustic_phase,phase_lifted_path_homology,89,,,0.3080813485732911,0.3080813485732911,1.0,0.275,0.30920780770633016,0.3704662957122291,48.0,0.18411436186033647,0.0,0.0
classical_musopen_fcb18467286d__180s,classical_musopen_fcb18467286d,classical,discovery,180.0,path_rhythm_phase,phase_lifted_path_homology,89,,,0.32849440545713615,0.32849440545713615,1.0,0.275,0.331228780711095,0.37213230441673456,38.0,0.0891752649472215,0.0,0.0
classical_musopen_fcb18467286d__300s,classical_musopen_fcb18467286d,classical,discovery,300.0,path_acoustic_phase,phase_lifted_path_homology,149,,,0.3291743209026562,0.3291743209026562,1.0,0.275,0.3358054246937086,0.36395595049588275,48.0,0.1167803901015334,0.0,0.0
classical_musopen_fcb18467286d__300s,classical_musopen_fcb18467286d,classical,discovery,300.0,path_rhythm_phase,phase_lifted_path_homology,149,,,0.2957230322058417,0.2957230322058417,1.0,0.225,0.3156586727240118,0.3583953005680696,36.0,0.0832361694492072,0.0,0.0
classical_musopen_fe9f4f266c55__180s,classical_musopen_fe9f4f266c55,classical,discovery,180.0,path_acoustic_phase,phase_lifted_path_homology,89,,,0.41319490853306545,0.41319490853306545,1.0,0.375,0.4188610609230353,0.4354979062589403,26.0,0.18273708411354006,0.0,0.0
classical_musopen_fe9f4f266c55__180s,classical_musopen_fe9f4f266c55,classical,discovery,180.0,path_rhythm_phase,phase_lifted_path_homology,89,,,0.3158980813475217,0.3158980813475217,1.0,0.275,0.33290660829630775,0.39710792020642516,28.0,0.1946602648554463,0.0,0.0
classical_musopen_fe9f4f266c55__300s,classical_musopen_fe9f4f266c55,classical,discovery,300.0,path_acoustic_phase,phase_lifted_path_homology,97,,,0.41186085153021157,0.41186085153021157,1.0,0.375,0.4174556555162839,0.43146253500149884,28.0,0.12761020898565367,0.0,0.0
classical_musopen_fe9f4f266c55__300s,classical_musopen_fe9f4f266c55,classical,discovery,300.0,path_rhythm_phase,phase_lifted_path_homology,97,,,0.38608093403477844,0.38608093403477844,1.0,0.325,0.3938062184805148,0.4123628924288423,36.0,0.1404298291194095,0.0,0.0
focus_brainfm_04c480937ba9__180s,focus_brainfm_04c480937ba9,focus,discovery,180.0,path_acoustic_phase,phase_lifted_path_homology,89,,,0.40428108311736477,0.40428108311736477,1.0,0.375,0.4112492326879261,0.4304754807666819,28.0,0.21948363585819064,0.0,0.0
focus_brainfm_04c480937ba9__180s,focus_brainfm_04c480937ba9,focus,discovery,180.0,path_rhythm_phase,phase_lifted_path_homology,89,,,0.3932982527413356,0.3932982527413356,1.0,0.325,0.39756303817557287,0.41499627539823797,12.0,0.17280636806752314,0.0,0.0
focus_brainfm_04c480937ba9__300s,focus_brainfm_04c480937ba9,focus,discovery,300.0,path_acoustic_phase,phase_lifted_path_homology,149,,,0.4675535973904486,0.4675535973904486,1.0,0.425,0.4695784761001157,0.4744711264263113,12.0,0.26078631821887754,0.0,0.0
focus_brainfm_04c480937ba9__300s,focus_brainfm_04c480937ba9,focus,discovery,300.0,path_rhythm_phase,phase_lifted_path_homology,149,,,0.4295881242343496,0.4295881242343496,1.0,0.375,0.4299669785029362,0.436753813022722,12.0,0.21927681426976164,0.0,0.0
focus_brainfm_09279af6dc14__180s,focus_brainfm_09279af6dc14,focus,discovery,180.0,path_acoustic_phase,phase_lifted_path_homology,89,,,0.432161581092463,0.432161581092463,1.0,0.375,0.4397482784108361,0.45347204919888445,12.0,0.4455774323037849,0.0,0.0
focus_brainfm_09279af6dc14__180s,focus_brainfm_09279af6dc14,focus,discovery,180.0,path_rhythm_phase,phase_lifted_path_homology,89,,,0.29511395278815544,0.29511395278815544,1.0,0.225,0.3202282433636768,0.38648943621415066,40.0,0.07202198558035189,0.0,0.0
focus_brainfm_09279af6dc14__300s,focus_brainfm_09279af6dc14,focus,discovery,300.0,path_acoustic_phase,phase_lifted_path_homology,149,,,0.4208969079474292,0.4208969079474292,1.0,0.375,0.42459276034436294,0.43499676771130386,12.0,0.33749409685954435,0.0,0.0
focus_brainfm_09279af6dc14__300s,focus_brainfm_09279af6dc14,focus,discovery,300.0,path_rhythm_phase,phase_lifted_path_homology,149,,,0.3440500468186279,0.3440500468186279,1.0,0.275,0.35757321711785095,0.38224673041693985,12.0,0.10935142195359426,0.0,0.0
focus_brainfm_09d46d753ca9__180s,focus_brainfm_09d46d753ca9,focus,discovery,180.0,path_acoustic_phase,phase_lifted_path_homology,89,,,0.3770692233443037,0.3770692233443037,1.0,0.325,0.38115416440488825,0.40552667090577094,12.0,0.2860455001161477,0.0,0.0
focus_brainfm_09d46d753ca9__180s,focus_brainfm_09d46d753ca9,focus,discovery,180.0,path_rhythm_phase,phase_lifted_path_homology,89,,,0.40187539403921185,0.40187539403921185,1.0,0.375,0.4113108280292486,0.43586063504336364,12.0,0.30045083521901406,0.0,0.0
focus_brainfm_09d46d753ca9__300s,focus_brainfm_09d46d753ca9,focus,discovery,300.0,path_acoustic_phase,phase_lifted_path_homology,149,,,0.41604762508858645,0.41604762508858645,1.0,0.375,0.4221244597219834,0.4378527578797909,12.0,0.3732104514333574,0.0,0.0
focus_brainfm_09d46d753ca9__300s,focus_brainfm_09d46d753ca9,focus,discovery,300.0,path_rhythm_phase,phase_lifted_path_homology,149,,,0.43358805817497403,0.43358805817497403,1.0,0.375,0.435302522852131,0.46067055346107183,60.0,0.35604541439291326,0.0,0.0
focus_brainfm_0a7f2e4375d1__180s,focus_brainfm_0a7f2e4375d1,focus,discovery,180.0,path_acoustic_phase,phase_lifted_path_homology,89,,,0.3761567209686276,0.3761567209686276,1.0,0.325,0.37632794189552543,0.41246065423823147,42.0,0.17380557225505155,0.0,0.0
focus_brainfm_0a7f2e4375d1__180s,focus_brainfm_0a7f2e4375d1,focus,discovery,180.0,path_rhythm_phase,phase_lifted_path_homology,89,,,0.3818966108116254,0.3818966108116254,1.0,0.325,0.39283625474489514,0.43084888453929104,16.0,0.19797767027122648,0.0,0.0
focus_brainfm_0a7f2e4375d1__300s,focus_brainfm_0a7f2e4375d1,focus,discovery,300.0,path_acoustic_phase,phase_lifted_path_homology,149,,,0.4557312962492391,0.4557312962492391,1.0,0.425,0.45660428660711705,0.47893968496426575,22.0,0.21423355957298118,0.0,0.0
focus_brainfm_0a7f2e4375d1__300s,focus_brainfm_0a7f2e4375d1,focus,discovery,300.0,path_rhythm_phase,phase_lifted_path_homology,149,,,0.3524541384532502,0.3524541384532502,1.0,0.325,0.3678252658221024,0.4151683777268829,16.0,0.20848702642650485,0.0,0.0
focus_brainfm_0a87c0e844a4__180s,focus_brainfm_0a87c0e844a4,focus,discovery,180.0,path_acoustic_phase,phase_lifted_path_homology,89,,,0.4155979893231151,0.4155979893231151,1.0,0.375,0.4200544158570085,0.4339390941360208,20.0,0.2902531216417552,0.0,0.0
focus_brainfm_0a87c0e844a4__180s,focus_brainfm_0a87c0e844a4,focus,discovery,180.0,path_rhythm_phase,phase_lifted_path_homology,89,,,0.29615255834196896,0.29615255834196896,1.0,0.225,0.32608579869942206,0.3999285148418546,22.0,0.3872655266125299,0.0,0.0
focus_brainfm_0a87c0e844a4__300s,focus_brainfm_0a87c0e844a4,focus,discovery,300.0,path_acoustic_phase,phase_lifted_path_homology,149,,,0.4587721916955896,0.4587721916955896,1.0,0.425,0.4595309724629145,0.4618005738704782,20.0,0.305942884884443,0.0,0.0
focus_brainfm_0a87c0e844a4__300s,focus_brainfm_0a87c0e844a4,focus,discovery,300.0,path_rhythm_phase,phase_lifted_path_homology,149,,,0.4239870463931997,0.4239870463931997,1.0,0.375,0.42655334906283826,0.47705116117657226,60.0,0.4268634189632262,0.0,0.0
focus_brainfm_0eaf7878d4f8__180s,focus_brainfm_0eaf7878d4f8,focus,discovery,180.0,path_acoustic_phase,phase_lifted_path_homology,89,,,0.3852358931255898,0.3852358931255898,1.0,0.325,0.3914209501799514,0.4178569191179687,16.0,0.23931852418207455,0.0,0.0
focus_brainfm_0eaf7878d4f8__180s,focus_brainfm_0eaf7878d4f8,focus,discovery,180.0,path_rhythm_phase,phase_lifted_path_homology,89,,,0.3423556338421259,0.3423556338421259,1.0,0.275,0.35136302099397293,0.3847534697456023,18.0,0.16919016911732632,0.0,0.0
focus_brainfm_0eaf7878d4f8__300s,focus_brainfm_0eaf7878d4f8,focus,discovery,300.0,path_acoustic_phase,phase_lifted_path_homology,149,,,0.4209104397219208,0.4209104397219208,1.0,0.375,0.4216656781706146,0.43916009991839844,12.0,0.2144573719666807,0.0,0.0
focus_brainfm_0eaf7878d4f8__300s,focus_brainfm_0eaf7878d4f8,focus,discovery,300.0,path_rhythm_phase,phase_lifted_path_homology,149,,,0.38506207154215966,0.38506207154215966,1.0,0.325,0.39612499588362254,0.4153987184505777,16.0,0.16634531274213593,0.0,0.0
focus_brainfm_103f135c5e1c__180s,focus_brainfm_103f135c5e1c,focus,discovery,180.0,path_acoustic_phase,phase_lifted_path_homology,89,,,0.5103085911099775,0.5103085911099775,1.0,0.47500000000000003,0.5188264663032784,0.5381096915153816,14.0,0.5785263745084815,0.0,0.0
focus_brainfm_103f135c5e1c__180s,focus_brainfm_103f135c5e1c,focus,discovery,180.0,path_rhythm_phase,phase_lifted_path_homology,89,,,0.4490498894313928,0.4490498894313928,1.0,0.375,0.4494799326800701,0.45621846521456844,12.0,0.2601712075338929,0.0,0.0
focus_brainfm_103f135c5e1c__300s,focus_brainfm_103f135c5e1c,focus,discovery,300.0,path_acoustic_phase,phase_lifted_path_homology,149,,,0.5327268242495501,0.5327268242495501,1.0,0.47500000000000003,0.5362651691079525,0.5528370351633581,14.0,0.7360223898738671,0.0,0.0
focus_brainfm_103f135c5e1c__300s,focus_brainfm_103f135c5e1c,focus,discovery,300.0,path_rhythm_phase,phase_lifted_path_homology,149,,,0.4103064964598989,0.4103064964598989,1.0,0.375,0.4152889519903793,0.4330422783969606,12.0,0.20838935494121902,0.0,0.0
focus_brainfm_1149181b1db8__180s,focus_brainfm_1149181b1db8,focus,discovery,180.0,path_acoustic_phase,phase_lifted_path_homology,89,,,0.3888816563591736,0.3888816563591736,1.0,0.325,0.4050253294848348,0.4610838438306277,12.0,0.46992673264949325,0.0,0.0
focus_brainfm_1149181b1db8__180s,focus_brainfm_1149181b1db8,focus,discovery,180.0,path_rhythm_phase,phase_lifted_path_homology,89,,,0.26883434809845647,0.26883434809845647,1.0,0.225,0.3068305362809202,0.4161547240554697,12.0,0.3481599207239706,0.0,0.0
focus_brainfm_1149181b1db8__300s,focus_brainfm_1149181b1db8,focus,discovery,300.0,path_acoustic_phase,phase_lifted_path_homology,149,,,0.41549483096082224,0.41549483096082224,1.0,0.375,0.4366350652606377,0.48898458441271736,12.0,0.562525848151244,0.0,0.0
focus_brainfm_1149181b1db8__300s,focus_brainfm_1149181b1db8,focus,discovery,300.0,path_rhythm_phase,phase_lifted_path_homology,149,,,0.39131477965987177,0.39131477965987177,1.0,0.325,0.4123580970194582,0.4615668400532767,12.0,0.45216828605249737,0.0,0.0
focus_brainfm_11c947e4659b__180s,focus_brainfm_11c947e4659b,focus,discovery,180.0,path_acoustic_phase,phase_lifted_path_homology,89,,,0.5304275539347446,0.5304275539347446,1.0,0.47500000000000003,0.5307973492835357,0.5407194433883057,22.0,0.5501536378234284,0.0,0.0
focus_brainfm_11c947e4659b__180s,focus_brainfm_11c947e4659b,focus,discovery,180.0,path_rhythm_phase,phase_lifted_path_homology,89,,,0.43924208726361486,0.43924208726361486,1.0,0.375,0.43926374266163903,0.4603103544621599,32.0,0.34696904313886134,0.0,0.0
focus_brainfm_11c947e4659b__300s,focus_brainfm_11c947e4659b,focus,discovery,300.0,path_acoustic_phase,phase_lifted_path_homology,149,,,0.5123859643748221,0.5123859643748221,1.0,0.47500000000000003,0.5157844978638894,0.5285317712296588,22.0,0.5315195579896481,0.0,0.0
focus_brainfm_11c947e4659b__300s,focus_brainfm_11c947e4659b,focus,discovery,300.0,path_rhythm_phase,phase_lifted_path_homology,149,,,0.37018431546246244,0.37018431546246244,1.0,0.325,0.3793030265106879,0.43073638044926116,16.0,0.14641966883131885,0.0,0.0
focus_brainfm_17ebf83a164b__180s,focus_brainfm_17ebf83a164b,focus,discovery,180.0,path_acoustic_phase,phase_lifted_path_homology,89,,,0.47069134984803007,0.47069134984803007,1.0,0.425,0.47738507697120564,0.5317425519169371,12.0,0.45358099677124475,0.0,0.0
focus_brainfm_17ebf83a164b__180s,focus_brainfm_17ebf83a164b,focus,discovery,180.0,path_rhythm_phase,phase_lifted_path_homology,89,,,0.5172331111955317,0.5172331111955317,1.0,0.47500000000000003,0.522765401548545,0.5356851079083279,12.0,0.7041634374788638,0.0,0.0
focus_brainfm_17ebf83a164b__300s,focus_brainfm_17ebf83a164b,focus,discovery,300.0,path_acoustic_phase,phase_lifted_path_homology,149,,,0.5280939749244296,0.5280939749244296,1.0,0.47500000000000003,0.5288650293579712,0.5408510153132603,12.0,0.5456044453559378,0.0,0.0
focus_brainfm_17ebf83a164b__300s,focus_brainfm_17ebf83a164b,focus,discovery,300.0,path_rhythm_phase,phase_lifted_path_homology,149,,,0.4888785179202449,0.4888785179202449,1.0,0.425,0.4992619919795857,0.5213604331513324,12.0,0.6604816539033349,0.0,0.0
focus_brainfm_1a667b5f8aae__180s,focus_brainfm_1a667b5f8aae,focus,discovery,180.0,path_acoustic_phase,phase_lifted_path_homology,89,,,0.4932695015292278,0.4932695015292278,1.0,0.425,0.4943730677720216,0.5089280713410109,16.0,0.4140710634279504,0.0,0.0
focus_brainfm_1a667b5f8aae__180s,focus_brainfm_1a667b5f8aae,focus,discovery,180.0,path_rhythm_phase,phase_lifted_path_homology,89,,,0.47661328969486627,0.47661328969486627,1.0,0.425,0.4814730417564439,0.4921070988254923,16.0,0.3042980393211965,0.0,0.0
focus_brainfm_1a667b5f8aae__300s,focus_brainfm_1a667b5f8aae,focus,discovery,300.0,path_acoustic_phase,phase_lifted_path_homology,149,,,0.5060844410384931,0.5060844410384931,1.0,0.47500000000000003,0.5083173922375013,0.5242519265277307,16.0,0.4191391701367383,0.0,0.0
focus_brainfm_1a667b5f8aae__300s,focus_brainfm_1a667b5f8aae,focus,discovery,300.0,path_rhythm_phase,phase_lifted_path_homology,149,,,0.43691551719884936,0.43691551719884936,1.0,0.375,0.454034173463309,0.48343362796889205,12.0,0.3381981685007742,0.0,0.0
focus_brainfm_1bc6037aa4b4__180s,focus_brainfm_1bc6037aa4b4,focus,discovery,180.0,path_acoustic_phase,phase_lifted_path_homology,89,,,0.43916334805825996,0.43916334805825996,1.0,0.375,0.4528585365949285,0.4802988546311228,12.0,0.3576169964297732,0.0,0.0
focus_brainfm_1bc6037aa4b4__180s,focus_brainfm_1bc6037aa4b4,focus,discovery,180.0,path_rhythm_phase,phase_lifted_path_homology,89,,,0.42638578276720185,0.42638578276720185,1.0,0.375,0.4279753005972165,0.44513763655040456,20.0,0.34536021235856285,0.0,0.0
focus_brainfm_1bc6037aa4b4__300s,focus_brainfm_1bc6037aa4b4,focus,discovery,300.0,path_acoustic_phase,phase_lifted_path_homology,149,,,0.5553326044259914,0.5553326044259914,1.0,0.5249999999999999,0.5607182179251459,0.5779147693469475,12.0,0.48992186259393,0.0,0.0
focus_brainfm_1bc6037aa4b4__300s,focus_brainfm_1bc6037aa4b4,focus,discovery,300.0,path_rhythm_phase,phase_lifted_path_homology,149,,,0.47217918328689157,0.47217918328689157,1.0,0.425,0.48197159860031824,0.5044115336634379,30.0,0.4907017056343441,0.0,0.0
focus_brainfm_1d302872b7d7__180s,focus_brainfm_1d302872b7d7,focus,discovery,180.0,path_acoustic_phase,phase_lifted_path_homology,89,,,0.3697442379494984,0.3697442379494984,1.0,0.325,0.3932168407797752,0.44653909741837444,44.0,0.3473634136017476,0.0,0.0
focus_brainfm_1d302872b7d7__180s,focus_brainfm_1d302872b7d7,focus,discovery,180.0,path_rhythm_phase,phase_lifted_path_homology,89,,,0.42143360276751846,0.42143360276751846,1.0,0.375,0.42396950915745385,0.4577294579812317,30.0,0.2721514541426444,0.0,0.0
focus_brainfm_1d302872b7d7__300s,focus_brainfm_1d302872b7d7,focus,discovery,300.0,path_acoustic_phase,phase_lifted_path_homology,149,,,0.4483859721743481,0.4483859721743481,1.0,0.375,0.45029555092304174,0.467452831745391,44.0,0.2903563358902169,0.0,0.0
focus_brainfm_1d302872b7d7__300s,focus_brainfm_1d302872b7d7,focus,discovery,300.0,path_rhythm_phase,phase_lifted_path_homology,149,,,0.4632448793154508,0.4632448793154508,1.0,0.425,0.4645809608538935,0.48626122236578434,60.0,0.27692606044254375,0.0,0.0
focus_brainfm_1f4cc8b11d40__180s,focus_brainfm_1f4cc8b11d40,focus,discovery,180.0,path_acoustic_phase,phase_lifted_path_homology,89,,,0.4316118408251617,0.4316118408251617,1.0,0.375,0.43180686593209616,0.43993240549705853,36.0,0.15273373571515703,0.0,0.0
focus_brainfm_1f4cc8b11d40__180s,focus_brainfm_1f4cc8b11d40,focus,discovery,180.0,path_rhythm_phase,phase_lifted_path_homology,89,,,0.3838411386682421,0.3838411386682421,1.0,0.325,0.387236445566696,0.40408305138513895,36.0,0.17953869859402305,0.0,0.0
focus_brainfm_1f4cc8b11d40__300s,focus_brainfm_1f4cc8b11d40,focus,discovery,300.0,path_acoustic_phase,phase_lifted_path_homology,149,,,0.377738132361733,0.377738132361733,1.0,0.325,0.37992570016084426,0.4031257062305144,28.0,0.13635938071380793,0.0,0.0
focus_brainfm_1f4cc8b11d40__300s,focus_brainfm_1f4cc8b11d40,focus,discovery,300.0,path_rhythm_phase,phase_lifted_path_homology,149,,,0.3615744694603165,0.3615744694603165,1.0,0.325,0.3756613974248205,0.4039939248957382,36.0,0.14821030785630152,0.0,0.0
focus_brainfm_209200d43c51__180s,focus_brainfm_209200d43c51,focus,discovery,180.0,path_acoustic_phase,phase_lifted_path_homology,89,,,0.3805446396395533,0.3805446396395533,1.0,0.325,0.381665149409234,0.43068089835285894,34.0,0.129496124045672,0.0,0.0
focus_brainfm_209200d43c51__180s,focus_brainfm_209200d43c51,focus,discovery,180.0,path_rhythm_phase,phase_lifted_path_homology,89,,,0.36541833627715015,0.36541833627715015,1.0,0.325,0.3709047228857171,0.4030027881884614,48.0,0.1305842759855087,0.0,0.0
focus_brainfm_209200d43c51__300s,focus_brainfm_209200d43c51,focus,discovery,300.0,path_acoustic_phase,phase_lifted_path_homology,149,,,0.38924682520121634,0.38924682520121634,1.0,0.325,0.39447033783223573,0.4285657319608886,52.0,0.13419423039031897,0.0,0.0
focus_brainfm_209200d43c51__300s,focus_brainfm_209200d43c51,focus,discovery,300.0,path_rhythm_phase,phase_lifted_path_homology,149,,,0.382507977259969,0.382507977259969,1.0,0.325,0.38687815304097134,0.40682194638894664,38.0,0.08483508100219161,0.0,0.0
focus_brainfm_20a78cdf11cf__180s,focus_brainfm_20a78cdf11cf,focus,discovery,180.0,path_acoustic_phase,phase_lifted_path_homology,89,,,0.510410258656948,0.510410258656948,1.0,0.47500000000000003,0.5157669996565789,0.5435640751251567,22.0,0.40093249267401854,0.0,0.0
focus_brainfm_20a78cdf11cf__180s,focus_brainfm_20a78cdf11cf,focus,discovery,180.0,path_rhythm_phase,phase_lifted_path_homology,89,,,0.5481757686294286,0.5481757686294286,1.0,0.47500000000000003,0.5508432474630638,0.5754920995440524,16.0,0.5682103157835038,0.0,0.0
focus_brainfm_20a78cdf11cf__300s,focus_brainfm_20a78cdf11cf,focus,discovery,300.0,path_acoustic_phase,phase_lifted_path_homology,149,,,0.49781069498559843,0.49781069498559843,1.0,0.425,0.5031674957808544,0.5135508924800313,22.0,0.35742049284844635,0.0,0.0
focus_brainfm_20a78cdf11cf__300s,focus_brainfm_20a78cdf11cf,focus,discovery,300.0,path_rhythm_phase,phase_lifted_path_homology,149,,,0.5239625825940007,0.5239625825940007,1.0,0.47500000000000003,0.538455108262069,0.5835335632171665,16.0,0.5144730351241578,0.0,0.0
focus_brainfm_20d48c0030ee__180s,focus_brainfm_20d48c0030ee,focus,discovery,180.0,path_acoustic_phase,phase_lifted_path_homology,89,,,0.45172476638873515,0.45172476638873515,1.0,0.425,0.454368691091918,0.46198549740812106,12.0,0.2315330467152743,0.0,0.0
focus_brainfm_20d48c0030ee__180s,focus_brainfm_20d48c0030ee,focus,discovery,180.0,path_rhythm_phase,phase_lifted_path_homology,89,,,0.42472687428755757,0.42472687428755757,1.0,0.375,0.42767157789669397,0.4690551301287523,12.0,0.20689762810134715,0.0,0.0
focus_brainfm_20d48c0030ee__300s,focus_brainfm_20d48c0030ee,focus,discovery,300.0,path_acoustic_phase,phase_lifted_path_homology,149,,,0.4466700343626309,0.4466700343626309,1.0,0.375,0.44998340925373925,0.46130925012160456,46.0,0.27458849127690554,0.0,0.0
focus_brainfm_20d48c0030ee__300s,focus_brainfm_20d48c0030ee,focus,discovery,300.0,path_rhythm_phase,phase_lifted_path_homology,149,,,0.4741428190203691,0.4741428190203691,1.0,0.425,0.4754534483939654,0.4996974829972702,12.0,0.13161307887973195,0.0,0.0
focus_brainfm_238711de445c__180s,focus_brainfm_238711de445c,focus,discovery,180.0,path_acoustic_phase,phase_lifted_path_homology,89,,,0.3563618568258322,0.3563618568258322,1.0,0.325,0.36993793287433896,0.41715904619360894,54.0,0.3031649972607964,0.0,0.0
focus_brainfm_238711de445c__180s,focus_brainfm_238711de445c,focus,discovery,180.0,path_rhythm_phase,phase_lifted_path_homology,89,,,0.39179775532967226,0.39179775532967226,1.0,0.325,0.39997309949023335,0.42328394630628513,54.0,0.17159048895501905,0.0,0.0
focus_brainfm_238711de445c__300s,focus_brainfm_238711de445c,focus,discovery,300.0,path_acoustic_phase,phase_lifted_path_homology,149,,,0.4123986672758921,0.4123986672758921,1.0,0.375,0.4127286231182395,0.43293635366774136,54.0,0.20200052384388467,0.0,0.0
focus_brainfm_238711de445c__300s,focus_brainfm_238711de445c,focus,discovery,300.0,path_rhythm_phase,phase_lifted_path_homology,149,,,0.403800494895292,0.403800494895292,1.0,0.375,0.4087944888866797,0.4324169979088684,30.0,0.19507915044593394,0.0,0.0
focus_brainfm_252699358fdf__180s,focus_brainfm_252699358fdf,focus,discovery,180.0,path_acoustic_phase,phase_lifted_path_homology,89,,,0.4695220928129306,0.4695220928129306,1.0,0.425,0.47358650432296995,0.5069603741056836,22.0,0.551291514765228,0.0,0.0
focus_brainfm_252699358fdf__180s,focus_brainfm_252699358fdf,focus,discovery,180.0,path_rhythm_phase,phase_lifted_path_homology,89,,,0.4182817396880267,0.4182817396880267,1.0,0.375,0.4291962671911058,0.4743889903332208,14.0,0.26875969190631577,0.0,0.0
focus_brainfm_252699358fdf__300s,focus_brainfm_252699358fdf,focus,discovery,300.0,path_acoustic_phase,phase_lifted_path_homology,149,,,0.47537604981389003,0.47537604981389003,1.0,0.425,0.49521298374867806,0.5422270072796708,22.0,0.5765394525814426,0.0,0.0
focus_brainfm_252699358fdf__300s,focus_brainfm_252699358fdf,focus,discovery,300.0,path_rhythm_phase,phase_lifted_path_homology,149,,,0.3012190852166076,0.3012190852166076,1.0,0.275,0.31225607001480965,0.4073465367877405,60.0,0.35241215266820525,0.0,0.0
focus_brainfm_2799e866d34b__180s,focus_brainfm_2799e866d34b,focus,discovery,180.0,path_acoustic_phase,phase_lifted_path_homology,89,,,0.48397062604562463,0.48397062604562463,1.0,0.425,0.4875067664446897,0.5028368763709522,12.0,0.6173647760521279,0.0,0.0
focus_brainfm_2799e866d34b__180s,focus_brainfm_2799e866d34b,focus,discovery,180.0,path_rhythm_phase,phase_lifted_path_homology,89,,,0.42965232195263525,0.42965232195263525,1.0,0.375,0.44971306709208714,0.49053856212209307,20.0,0.6819608549247463,0.0,0.0
focus_brainfm_2799e866d34b__300s,focus_brainfm_2799e866d34b,focus,discovery,300.0,path_acoustic_phase,phase_lifted_path_homology,149,,,0.4703098388651361,0.4703098388651361,1.0,0.425,0.47845526763294605,0.4982461883466031,12.0,0.5106582643104336,0.0,0.0
focus_brainfm_2799e866d34b__300s,focus_brainfm_2799e866d34b,focus,discovery,300.0,path_rhythm_phase,phase_lifted_path_homology,149,,,0.4589445525287584,0.4589445525287584,1.0,0.425,0.4662037585992398,0.4911482164811866,20.0,0.5687777458199929,0.0,0.0
focus_brainfm_29677e8cb1c9__180s,focus_brainfm_29677e8cb1c9,focus,discovery,180.0,path_acoustic_phase,phase_lifted_path_homology,89,,,0.48348161055892536,0.48348161055892536,1.0,0.425,0.4959677079443885,0.5206925964486865,12.0,0.473822322865463,0.0,0.0
focus_brainfm_29677e8cb1c9__180s,focus_brainfm_29677e8cb1c9,focus,discovery,180.0,path_rhythm_phase,phase_lifted_path_homology,89,,,0.4239780481653771,0.4239780481653771,1.0,0.375,0.42805840151625524,0.44047567919300673,16.0,0.2433488340038512,0.0,0.0
focus_brainfm_29677e8cb1c9__300s,focus_brainfm_29677e8cb1c9,focus,discovery,300.0,path_acoustic_phase,phase_lifted_path_homology,149,,,0.4944376006352044,0.4944376006352044,1.0,0.425,0.49843115804147414,0.5117348762907011,12.0,0.34938695867740144,0.0,0.0
focus_brainfm_29677e8cb1c9__300s,focus_brainfm_29677e8cb1c9,focus,discovery,300.0,path_rhythm_phase,phase_lifted_path_homology,149,,,0.4402791870342838,0.4402791870342838,1.0,0.375,0.44321085323988857,0.4506148035520959,20.0,0.23914857996760008,0.0,0.0
focus_brainfm_29f555caf039__180s,focus_brainfm_29f555caf039,focus,discovery,180.0,path_acoustic_phase,phase_lifted_path_homology,89,,,0.3951677779123366,0.3951677779123366,1.0,0.325,0.40013781150542777,0.4361077654204544,18.0,0.24648701119640948,0.0,0.0
focus_brainfm_29f555caf039__180s,focus_brainfm_29f555caf039,focus,discovery,180.0,path_rhythm_phase,phase_lifted_path_homology,89,,,0.5864106823162539,0.5864106823162539,1.0,0.5249999999999999,0.5897873931266203,0.6355936218726603,12.0,0.5499245608413379,0.0,0.0
focus_brainfm_29f555caf039__300s,focus_brainfm_29f555caf039,focus,discovery,300.0,path_acoustic_phase,phase_lifted_path_homology,149,,,0.420774530765014,0.420774530765014,1.0,0.375,0.4234338856771458,0.44353474158988465,18.0,0.2125210042831598,0.0,0.0
focus_brainfm_29f555caf039__300s,focus_brainfm_29f555caf039,focus,discovery,300.0,path_rhythm_phase,phase_lifted_path_homology,149,,,0.6178678671948693,0.6178678671948693,1.0,0.575,0.6257620521345335,0.6401540378784093,18.0,0.5092405786742978,0.0,0.0
focus_brainfm_2affbd85d274__180s,focus_brainfm_2affbd85d274,focus,discovery,180.0,path_acoustic_phase,phase_lifted_path_homology,89,,,0.552526049222363,0.552526049222363,1.0,0.5249999999999999,0.5573120378084679,0.583139568053776,48.0,0.33906388137373744,0.0,0.0
focus_brainfm_2affbd85d274__180s,focus_brainfm_2affbd85d274,focus,discovery,180.0,path_rhythm_phase,phase_lifted_path_homology,89,,,0.49960644067572413,0.49960644067572413,1.0,0.425,0.5019881825198144,0.5133720062293808,48.0,0.4895744388931671,0.0,0.0
focus_brainfm_2affbd85d274__300s,focus_brainfm_2affbd85d274,focus,discovery,300.0,path_acoustic_phase,phase_lifted_path_homology,149,,,0.5874621307460501,0.5874621307460501,1.0,0.5249999999999999,0.5918097141623795,0.6255623579733836,48.0,1.0248330106998491,0.0,0.0
focus_brainfm_2affbd85d274__300s,focus_brainfm_2affbd85d274,focus,discovery,300.0,path_rhythm_phase,phase_lifted_path_homology,149,,,0.4800550602186249,0.4800550602186249,1.0,0.425,0.4982168320021673,0.5399379028243408,48.0,0.6879633568402354,0.0,0.0
focus_brainfm_2b969152a034__180s,focus_brainfm_2b969152a034,focus,discovery,180.0,path_acoustic_phase,phase_lifted_path_homology,89,,,0.34026589241980915,0.34026589241980915,1.0,0.275,0.35042721563808965,0.38589988335083475,46.0,0.16157158420471474,0.0,0.0
focus_brainfm_2b969152a034__180s,focus_brainfm_2b969152a034,focus,discovery,180.0,path_rhythm_phase,phase_lifted_path_homology,89,,,0.3742300260845861,0.3742300260845861,1.0,0.325,0.3766393417323304,0.3875557883118193,30.0,0.1116922404978562,0.0,0.0
focus_brainfm_2b969152a034__300s,focus_brainfm_2b969152a034,focus,discovery,300.0,path_acoustic_phase,phase_lifted_path_homology,149,,,0.3675193729904117,0.3675193729904117,1.0,0.325,0.368188398530037,0.37757932950925777,64.0,0.06742225998597662,0.0,0.0
focus_brainfm_2b969152a034__300s,focus_brainfm_2b969152a034,focus,discovery,300.0,path_rhythm_phase,phase_lifted_path_homology,149,,,0.35179137110082576,0.35179137110082576,1.0,0.325,0.3548829978299841,0.3738350771713525,12.0,0.0988453132962066,0.0,0.0
focus_brainfm_2cb194810a03__180s,focus_brainfm_2cb194810a03,focus,discovery,180.0,path_acoustic_phase,phase_lifted_path_homology,89,,,0.4763200564907496,0.4763200564907496,1.0,0.425,0.4765408905248398,0.4832365397698872,12.0,0.4959583276167949,0.0,0.0
focus_brainfm_2cb194810a03__180s,focus_brainfm_2cb194810a03,focus,discovery,180.0,path_rhythm_phase,phase_lifted_path_homology,89,,,0.5256344832650048,0.5256344832650048,1.0,0.47500000000000003,0.5259584284378996,0.5397534308350641,12.0,0.6288096255614333,0.0,0.0
focus_brainfm_2cb194810a03__300s,focus_brainfm_2cb194810a03,focus,discovery,300.0,path_acoustic_phase,phase_lifted_path_homology,149,,,0.4586592172070407,0.4586592172070407,1.0,0.425,0.4612249091719967,0.4694611265230753,12.0,0.30595123323037443,0.0,0.0
focus_brainfm_2cb194810a03__300s,focus_brainfm_2cb194810a03,focus,discovery,300.0,path_rhythm_phase,phase_lifted_path_homology,149,,,0.5150741163915956,0.5150741163915956,1.0,0.47500000000000003,0.515646004379605,0.5313252956207443,12.0,0.48867749357628754,0.0,0.0
focus_brainfm_2cdb7a6369ec__180s,focus_brainfm_2cdb7a6369ec,focus,discovery,180.0,path_acoustic_phase,phase_lifted_path_homology,89,,,0.5206389130580206,0.5206389130580206,1.0,0.47500000000000003,0.5214676488537597,0.5319651099194512,12.0,0.5504226540601153,0.0,0.0
focus_brainfm_2cdb7a6369ec__180s,focus_brainfm_2cdb7a6369ec,focus,discovery,180.0,path_rhythm_phase,phase_lifted_path_homology,89,,,0.39041158961139766,0.39041158961139766,1.0,0.325,0.392415906459568,0.4240411378534272,12.0,0.2552809283710591,0.0,0.0
focus_brainfm_2cdb7a6369ec__300s,focus_brainfm_2cdb7a6369ec,focus,discovery,300.0,path_acoustic_phase,phase_lifted_path_homology,149,,,0.5248788592284584,0.5248788592284584,1.0,0.47500000000000003,0.5329656619224566,0.5539389780852734,12.0,0.6333424331652099,0.0,0.0
focus_brainfm_2cdb7a6369ec__300s,focus_brainfm_2cdb7a6369ec,focus,discovery,300.0,path_rhythm_phase,phase_lifted_path_homology,149,,,0.43165645210938164,0.43165645210938164,1.0,0.375,0.4430271111185392,0.4719702455106098,14.0,0.33453733373555483,0.0,0.0
focus_brainfm_2e01075b7367__180s,focus_brainfm_2e01075b7367,focus,discovery,180.0,path_acoustic_phase,phase_lifted_path_homology,89,,,0.38707263768959893,0.38707263768959893,1.0,0.325,0.3955722636836832,0.41573989797096117,12.0,0.2724689628491954,0.0,0.0
focus_brainfm_2e01075b7367__180s,focus_brainfm_2e01075b7367,focus,discovery,180.0,path_rhythm_phase,phase_lifted_path_homology,89,,,0.35698204905406505,0.35698204905406505,1.0,0.325,0.3825668066176735,0.43327737987726095,40.0,0.4060613656783748,0.0,0.0
focus_brainfm_2e01075b7367__300s,focus_brainfm_2e01075b7367,focus,discovery,300.0,path_acoustic_phase,phase_lifted_path_homology,149,,,0.451865514685528,0.451865514685528,1.0,0.425,0.45730645978562595,0.470443662571744,12.0,0.3587541059779159,0.0,0.0
focus_brainfm_2e01075b7367__300s,focus_brainfm_2e01075b7367,focus,discovery,300.0,path_rhythm_phase,phase_lifted_path_homology,149,,,0.4145394053682368,0.4145394053682368,1.0,0.375,0.41809226040341013,0.43312060345155556,20.0,0.2208334433996464,0.0,0.0
focus_brainfm_2e2d75a78d09__180s,focus_brainfm_2e2d75a78d09,focus,discovery,180.0,path_acoustic_phase,phase_lifted_path_homology,89,,,0.4962651147638329,0.4962651147638329,1.0,0.425,0.4973458478897614,0.5003160307141051,12.0,0.41866524513539427,0.0,0.0
focus_brainfm_2e2d75a78d09__180s,focus_brainfm_2e2d75a78d09,focus,discovery,180.0,path_rhythm_phase,phase_lifted_path_homology,89,,,0.5065656960742286,0.5065656960742286,1.0,0.47500000000000003,0.5066627019482801,0.5159955907210348,16.0,0.4096270793676867,0.0,0.0
focus_brainfm_2e2d75a78d09__300s,focus_brainfm_2e2d75a78d09,focus,discovery,300.0,path_acoustic_phase,phase_lifted_path_homology,149,,,0.47910946899040807,0.47910946899040807,1.0,0.425,0.47998191817451685,0.4903718670819988,12.0,0.3976777011293552,0.0,0.0
focus_brainfm_2e2d75a78d09__300s,focus_brainfm_2e2d75a78d09,focus,discovery,300.0,path_rhythm_phase,phase_lifted_path_homology,149,,,0.4514562826240564,0.4514562826240564,1.0,0.425,0.4608913426129995,0.4822137993906295,16.0,0.3463697371998685,0.0,0.0
focus_brainfm_2e4e633ed629__180s,focus_brainfm_2e4e633ed629,focus,discovery,180.0,path_acoustic_phase,phase_lifted_path_homology,89,,,0.3922992326577331,0.3922992326577331,1.0,0.325,0.39512129256977546,0.4308658126100999,28.0,0.24672636562001782,0.0,0.0
focus_brainfm_2e4e633ed629__180s,focus_brainfm_2e4e633ed629,focus,discovery,180.0,path_rhythm_phase,phase_lifted_path_homology,89,,,0.4158245449950456,0.4158245449950456,1.0,0.375,0.4221326743513114,0.44303317210634435,56.0,0.2576591101586495,0.0,0.0
focus_brainfm_2e4e633ed629__300s,focus_brainfm_2e4e633ed629,focus,discovery,300.0,path_acoustic_phase,phase_lifted_path_homology,149,,,0.4159236397755948,0.4159236397755948,1.0,0.375,0.42044634585177615,0.43266466887317706,28.0,0.2608862288172076,0.0,0.0
focus_brainfm_2e4e633ed629__300s,focus_brainfm_2e4e633ed629,focus,discovery,300.0,path_rhythm_phase,phase_lifted_path_homology,149,,,0.3566677564131929,0.3566677564131929,1.0,0.325,0.37220203782672373,0.4169388778731508,28.0,0.20093917820554352,0.0,0.0
focus_brainfm_2faaea486f70__180s,focus_brainfm_2faaea486f70,focus,discovery,180.0,path_acoustic_phase,phase_lifted_path_homology,89,,,0.4879886239679259,0.4879886239679259,1.0,0.425,0.4890872105249953,0.5080871075890595,12.0,0.783054156519852,0.0,0.0
focus_brainfm_2faaea486f70__180s,focus_brainfm_2faaea486f70,focus,discovery,180.0,path_rhythm_phase,phase_lifted_path_homology,89,,,0.47334644503195206,0.47334644503195206,1.0,0.425,0.4752290528143852,0.48617531140363884,12.0,0.5569166524056816,0.0,0.0
focus_brainfm_2faaea486f70__300s,focus_brainfm_2faaea486f70,focus,discovery,300.0,path_acoustic_phase,phase_lifted_path_homology,149,,,0.4697222055296997,0.4697222055296997,1.0,0.425,0.4800057143436155,0.5172787403920197,12.0,0.6695646964737021,0.0,0.0
focus_brainfm_2faaea486f70__300s,focus_brainfm_2faaea486f70,focus,discovery,300.0,path_rhythm_phase,phase_lifted_path_homology,149,,,0.4092642062895953,0.4092642062895953,1.0,0.375,0.417448474634948,0.46306988443382163,12.0,0.5071216538807032,0.0,0.0
focus_brainfm_301c0a8f6b41__180s,focus_brainfm_301c0a8f6b41,focus,discovery,180.0,path_acoustic_phase,phase_lifted_path_homology,89,,,0.3617863564310234,0.3617863564310234,1.0,0.325,0.3649052578547931,0.3807126980477276,12.0,0.09684246656025697,0.0,0.0
focus_brainfm_301c0a8f6b41__180s,focus_brainfm_301c0a8f6b41,focus,discovery,180.0,path_rhythm_phase,phase_lifted_path_homology,89,,,0.31147533861511173,0.31147533861511173,1.0,0.275,0.32849686734376654,0.37373641780181316,16.0,0.22792380954460345,0.0,0.0
focus_brainfm_301c0a8f6b41__300s,focus_brainfm_301c0a8f6b41,focus,discovery,300.0,path_acoustic_phase,phase_lifted_path_homology,149,,,0.3856183452027671,0.3856183452027671,1.0,0.325,0.39503581154938006,0.41432529918777167,12.0,0.12975059971115233,0.0,0.0
focus_brainfm_301c0a8f6b41__300s,focus_brainfm_301c0a8f6b41,focus,discovery,300.0,path_rhythm_phase,phase_lifted_path_homology,149,,,0.40625362048256913,0.40625362048256913,1.0,0.375,0.4066398972929136,0.4079181908973403,12.0,0.15187211085096752,0.0,0.0
focus_brainfm_3232c85e22bd__180s,focus_brainfm_3232c85e22bd,focus,discovery,180.0,path_acoustic_phase,phase_lifted_path_homology,89,,,0.4692280422071901,0.4692280422071901,1.0,0.425,0.469374575709049,0.4813359542562308,12.0,0.46523166699352025,0.0,0.0
focus_brainfm_3232c85e22bd__180s,focus_brainfm_3232c85e22bd,focus,discovery,180.0,path_rhythm_phase,phase_lifted_path_homology,89,,,0.3787645949779618,0.3787645949779618,1.0,0.325,0.38393872785127847,0.3987967174761262,14.0,0.24368814905407876,0.0,0.0
focus_brainfm_3232c85e22bd__300s,focus_brainfm_3232c85e22bd,focus,discovery,300.0,path_acoustic_phase,phase_lifted_path_homology,149,,,0.47162669795739204,0.47162669795739204,1.0,0.425,0.47204170673406304,0.47571571472243807,12.0,0.3558677004164379,0.0,0.0
focus_brainfm_3232c85e22bd__300s,focus_brainfm_3232c85e22bd,focus,discovery,300.0,path_rhythm_phase,phase_lifted_path_homology,149,,,0.3141290372652246,0.3141290372652246,1.0,0.275,0.315210279127893,0.3559573312320661,46.0,0.21641071282819413,0.0,0.0
focus_brainfm_324210fd433f__180s,focus_brainfm_324210fd433f,focus,discovery,180.0,path_acoustic_phase,phase_lifted_path_homology,89,,,0.4470818076262998,0.4470818076262998,1.0,0.375,0.4472127401223599,0.4615683459456848,16.0,0.277036047554132,0.0,0.0
focus_brainfm_324210fd433f__180s,focus_brainfm_324210fd433f,focus,discovery,180.0,path_rhythm_phase,phase_lifted_path_homology,89,,,0.47057829338627555,0.47057829338627555,1.0,0.425,0.47383470682769924,0.49530545264764925,32.0,0.26031100144595964,0.0,0.0
focus_brainfm_324210fd433f__300s,focus_brainfm_324210fd433f,focus,discovery,300.0,path_acoustic_phase,phase_lifted_path_homology,149,,,0.5394294580288325,0.5394294580288325,1.0,0.47500000000000003,0.5400144508333661,0.541002092902112,22.0,0.30332367443915564,0.0,0.0
focus_brainfm_324210fd433f__300s,focus_brainfm_324210fd433f,focus,discovery,300.0,path_rhythm_phase,phase_lifted_path_homology,149,,,0.47157438492827985,0.47157438492827985,1.0,0.425,0.4879917360695901,0.5299482700953924,32.0,0.30159924513121733,0.0,0.0
focus_brainfm_32d9ea88a6af__180s,focus_brainfm_32d9ea88a6af,focus,discovery,180.0,path_acoustic_phase,phase_lifted_path_homology,89,,,0.43784400862816214,0.43784400862816214,1.0,0.375,0.45348793196542236,0.48987406841011766,18.0,0.4604720897466674,0.0,0.0
focus_brainfm_32d9ea88a6af__180s,focus_brainfm_32d9ea88a6af,focus,discovery,180.0,path_rhythm_phase,phase_lifted_path_homology,89,,,0.46037686148097995,0.46037686148097995,1.0,0.425,0.4606032126219981,0.46574815960638477,12.0,0.4846095525343559,0.0,0.0
focus_brainfm_32d9ea88a6af__300s,focus_brainfm_32d9ea88a6af,focus,discovery,300.0,path_acoustic_phase,phase_lifted_path_homology,149,,,0.495858589582885,0.495858589582885,1.0,0.425,0.5072005025042021,0.5280905265206634,18.0,0.49961972886263994,0.0,0.0
focus_brainfm_32d9ea88a6af__300s,focus_brainfm_32d9ea88a6af,focus,discovery,300.0,path_rhythm_phase,phase_lifted_path_homology,149,,,0.4951437586826933,0.4951437586826933,1.0,0.425,0.5005584955499501,0.5178378058453812,18.0,0.5203544063981073,0.0,0.0
focus_brainfm_34c5d8df2184__180s,focus_brainfm_34c5d8df2184,focus,discovery,180.0,path_acoustic_phase,phase_lifted_path_homology,89,,,0.406813603652289,0.406813603652289,1.0,0.375,0.4069312411731019,0.4449992506733635,22.0,0.3357701753982736,0.0,0.0
focus_brainfm_34c5d8df2184__180s,focus_brainfm_34c5d8df2184,focus,discovery,180.0,path_rhythm_phase,phase_lifted_path_homology,89,,,0.3235469718154913,0.3235469718154913,1.0,0.275,0.34320518966514657,0.4081817649561736,30.0,0.2892312840126854,0.0,0.0
focus_brainfm_34c5d8df2184__300s,focus_brainfm_34c5d8df2184,focus,discovery,300.0,path_acoustic_phase,phase_lifted_path_homology,149,,,0.42267134417564645,0.42267134417564645,1.0,0.375,0.4303050499636636,0.46142264364395685,22.0,0.4059991746864482,0.0,0.0
focus_brainfm_34c5d8df2184__300s,focus_brainfm_34c5d8df2184,focus,discovery,300.0,path_rhythm_phase,phase_lifted_path_homology,149,,,0.37373545257862756,0.37373545257862756,1.0,0.325,0.3893253650338241,0.42257709062693044,60.0,0.25210047418996995,0.0,0.0
focus_brainfm_35bcefdd3f2b__180s,focus_brainfm_35bcefdd3f2b,focus,discovery,180.0,path_acoustic_phase,phase_lifted_path_homology,89,,,0.41239830840875574,0.41239830840875574,1.0,0.375,0.42393674070438747,0.45232594274986787,12.0,0.38161694803264834,0.0,0.0
focus_brainfm_35bcefdd3f2b__180s,focus_brainfm_35bcefdd3f2b,focus,discovery,180.0,path_rhythm_phase,phase_lifted_path_homology,89,,,0.44588870358371874,0.44588870358371874,1.0,0.375,0.4498673627998726,0.47205829512781333,16.0,0.4223817009167967,0.0,0.0
focus_brainfm_35bcefdd3f2b__300s,focus_brainfm_35bcefdd3f2b,focus,discovery,300.0,path_acoustic_phase,phase_lifted_path_homology,149,,,0.49893921797612034,0.49893921797612034,1.0,0.425,0.49909547370164614,0.5039035194718343,20.0,0.4214151767722737,0.0,0.0
focus_brainfm_35bcefdd3f2b__300s,focus_brainfm_35bcefdd3f2b,focus,discovery,300.0,path_rhythm_phase,phase_lifted_path_homology,149,,,0.48805341978058875,0.48805341978058875,1.0,0.425,0.4936908913143584,0.5117840775011914,12.0,0.3924738926507626,0.0,0.0
focus_brainfm_35c8a717d3c1__180s,focus_brainfm_35c8a717d3c1,focus,discovery,180.0,path_acoustic_phase,phase_lifted_path_homology,89,,,0.40137759801327594,0.40137759801327594,1.0,0.375,0.40473013704113553,0.4285968654036228,12.0,0.29509235509197196,0.0,0.0
focus_brainfm_35c8a717d3c1__180s,focus_brainfm_35c8a717d3c1,focus,discovery,180.0,path_rhythm_phase,phase_lifted_path_homology,89,,,0.3732980835011955,0.3732980835011955,1.0,0.325,0.38228478807439975,0.4094401914668104,22.0,0.25121814460432734,0.0,0.0
focus_brainfm_35c8a717d3c1__300s,focus_brainfm_35c8a717d3c1,focus,discovery,300.0,path_acoustic_phase,phase_lifted_path_homology,149,,,0.4113674704034698,0.4113674704034698,1.0,0.375,0.41328042681219845,0.4194462018401041,12.0,0.19880372176241234,0.0,0.0
focus_brainfm_35c8a717d3c1__300s,focus_brainfm_35c8a717d3c1,focus,discovery,300.0,path_rhythm_phase,phase_lifted_path_homology,149,,,0.346562040641118,0.346562040641118,1.0,0.275,0.3592868662401482,0.4127058219995264,60.0,0.2844852450740245,0.0,0.0
focus_brainfm_364f844fc7ca__180s,focus_brainfm_364f844fc7ca,focus,discovery,180.0,path_acoustic_phase,phase_lifted_path_homology,89,,,0.3909498448991101,0.3909498448991101,1.0,0.325,0.3919959545766878,0.4031295552013605,12.0,0.14996649220985403,0.0,0.0
focus_brainfm_364f844fc7ca__180s,focus_brainfm_364f844fc7ca,focus,discovery,180.0,path_rhythm_phase,phase_lifted_path_homology,89,,,0.3389453645761642,0.3389453645761642,1.0,0.275,0.35099454617081416,0.40199190274048463,58.0,0.16673665067570664,0.0,0.0
focus_brainfm_364f844fc7ca__300s,focus_brainfm_364f844fc7ca,focus,discovery,300.0,path_acoustic_phase,phase_lifted_path_homology,149,,,0.37364197725597376,0.37364197725597376,1.0,0.325,0.37803955116578225,0.394831918494418,12.0,0.1502836819686435,0.0,0.0
focus_brainfm_364f844fc7ca__300s,focus_brainfm_364f844fc7ca,focus,discovery,300.0,path_rhythm_phase,phase_lifted_path_homology,149,,,0.42933657230926503,0.42933657230926503,1.0,0.375,0.43014959706461026,0.4410296203222637,58.0,0.21301405051926459,0.0,0.0
focus_brainfm_36c82b5b186f__180s,focus_brainfm_36c82b5b186f,focus,discovery,180.0,path_acoustic_phase,phase_lifted_path_homology,89,,,0.4092996651429126,0.4092996651429126,1.0,0.375,0.41236341598859616,0.4318716655296296,14.0,0.2597539394721733,0.0,0.0
focus_brainfm_36c82b5b186f__180s,focus_brainfm_36c82b5b186f,focus,discovery,180.0,path_rhythm_phase,phase_lifted_path_homology,89,,,0.4241783154252195,0.4241783154252195,1.0,0.375,0.42603475470370766,0.45691872951142126,12.0,0.255740367907469,0.0,0.0
focus_brainfm_36c82b5b186f__300s,focus_brainfm_36c82b5b186f,focus,discovery,300.0,path_acoustic_phase,phase_lifted_path_homology,149,,,0.4399091580251867,0.4399091580251867,1.0,0.375,0.44308233625669496,0.4532451169849471,14.0,0.3541149736495375,0.0,0.0
focus_brainfm_36c82b5b186f__300s,focus_brainfm_36c82b5b186f,focus,discovery,300.0,path_rhythm_phase,phase_lifted_path_homology,149,,,0.4758065286319845,0.4758065286319845,1.0,0.425,0.48026660961380047,0.4915144181249127,12.0,0.2501261380822474,0.0,0.0
focus_brainfm_3738b314ba5a__180s,focus_brainfm_3738b314ba5a,focus,discovery,180.0,path_acoustic_phase,phase_lifted_path_homology,89,,,0.3183381600801672,0.3183381600801672,1.0,0.275,0.3322785779033061,0.40654760136082846,50.0,0.20361811716894018,0.0,0.0
focus_brainfm_3738b314ba5a__180s,focus_brainfm_3738b314ba5a,focus,discovery,180.0,path_rhythm_phase,phase_lifted_path_homology,89,,,0.4715942529949939,0.4715942529949939,1.0,0.425,0.4730167889025659,0.4774612206046582,16.0,0.2649940860819249,0.0,0.0
focus_brainfm_3738b314ba5a__300s,focus_brainfm_3738b314ba5a,focus,discovery,300.0,path_acoustic_phase,phase_lifted_path_homology,149,,,0.4330631985529682,0.4330631985529682,1.0,0.375,0.4378935605365915,0.4626229506902931,12.0,0.21528483354556627,0.0,0.0
focus_brainfm_3738b314ba5a__300s,focus_brainfm_3738b314ba5a,focus,discovery,300.0,path_rhythm_phase,phase_lifted_path_homology,149,,,0.490162980315962,0.490162980315962,1.0,0.425,0.4961183361001901,0.5250451947740067,16.0,0.32754365470578384,0.0,0.0
focus_brainfm_37c1eb239786__180s,focus_brainfm_37c1eb239786,focus,discovery,180.0,path_acoustic_phase,phase_lifted_path_homology,89,,,0.5293400607788858,0.5293400607788858,1.0,0.47500000000000003,0.5409811575754574,0.5845594763313268,12.0,0.7609046152813631,0.0,0.0
focus_brainfm_37c1eb239786__180s,focus_brainfm_37c1eb239786,focus,discovery,180.0,path_rhythm_phase,phase_lifted_path_homology,89,,,0.344224404663957,0.344224404663957,1.0,0.275,0.35538305369687817,0.3941600771845591,12.0,0.17431350146804192,0.0,0.0
focus_brainfm_37c1eb239786__300s,focus_brainfm_37c1eb239786,focus,discovery,300.0,path_acoustic_phase,phase_lifted_path_homology,149,,,0.5839466610276686,0.5839466610276686,1.0,0.5249999999999999,0.5841956661801462,0.6015888873729252,12.0,0.8549200856089103,0.0,0.0
focus_brainfm_37c1eb239786__300s,focus_brainfm_37c1eb239786,focus,discovery,300.0,path_rhythm_phase,phase_lifted_path_homology,149,,,0.24057233734748446,0.24057233734748446,1.0,0.175,0.2802495057136738,0.3708699487188183,60.0,0.1899583976194057,0.0,0.0
focus_brainfm_39578f7a0b4a__180s,focus_brainfm_39578f7a0b4a,focus,discovery,180.0,path_acoustic_phase,phase_lifted_path_homology,89,,,0.3986893058020345,0.3986893058020345,1.0,0.325,0.4050188723779378,0.4165007643602309,12.0,0.24718772151195334,0.0,0.0
focus_brainfm_39578f7a0b4a__180s,focus_brainfm_39578f7a0b4a,focus,discovery,180.0,path_rhythm_phase,phase_lifted_path_homology,89,,,0.38854083998618444,0.38854083998618444,1.0,0.325,0.3986626065558745,0.425426034562207,12.0,0.2677242712899871,0.0,0.0
focus_brainfm_39578f7a0b4a__300s,focus_brainfm_39578f7a0b4a,focus,discovery,300.0,path_acoustic_phase,phase_lifted_path_homology,149,,,0.42444600328546916,0.42444600328546916,1.0,0.375,0.4334150487863718,0.45143851254470263,16.0,0.17469379541858254,0.0,0.0
focus_brainfm_39578f7a0b4a__300s,focus_brainfm_39578f7a0b4a,focus,discovery,300.0,path_rhythm_phase,phase_lifted_path_homology,149,,,0.4202102102444653,0.4202102102444653,1.0,0.375,0.42225544958957895,0.4319002573296413,12.0,0.17984876237430125,0.0,0.0
focus_brainfm_3d18dc88664b__180s,focus_brainfm_3d18dc88664b,focus,discovery,180.0,path_acoustic_phase,phase_lifted_path_homology,89,,,0.3394556020689908,0.3394556020689908,1.0,0.275,0.34713926511243065,0.3660932164066591,56.0,0.04950686357328227,0.0,0.0
focus_brainfm_3d18dc88664b__180s,focus_brainfm_3d18dc88664b,focus,discovery,180.0,path_rhythm_phase,phase_lifted_path_homology,89,,,0.32857678803213297,0.32857678803213297,1.0,0.275,0.3346231857290823,0.3769212302930596,20.0,0.09387504152896053,0.0,0.0
focus_brainfm_3d18dc88664b__300s,focus_brainfm_3d18dc88664b,focus,discovery,300.0,path_acoustic_phase,phase_lifted_path_homology,149,,,0.24945457940721946,0.24945457940721946,1.0,0.175,0.27762224467476393,0.34251091878957957,38.0,0.10754613150294712,0.0,0.0
focus_brainfm_3d18dc88664b__300s,focus_brainfm_3d18dc88664b,focus,discovery,300.0,path_rhythm_phase,phase_lifted_path_homology,149,,,0.361338981106513,0.361338981106513,1.0,0.325,0.3624511879167157,0.38112496927778294,60.0,0.07153513349261953,0.0,0.0
focus_brainfm_3e6a6293cea0__180s,focus_brainfm_3e6a6293cea0,focus,discovery,180.0,path_acoustic_phase,phase_lifted_path_homology,89,,,0.42373891635772304,0.42373891635772304,1.0,0.375,0.4278651578676487,0.4511302271982527,22.0,0.42934949268891387,0.0,0.0
focus_brainfm_3e6a6293cea0__180s,focus_brainfm_3e6a6293cea0,focus,discovery,180.0,path_rhythm_phase,phase_lifted_path_homology,89,,,0.2416371360930882,0.2416371360930882,1.0,0.175,0.25903889072837794,0.3633950390597736,46.0,0.16998413131633483,0.0,0.0
focus_brainfm_3e6a6293cea0__300s,focus_brainfm_3e6a6293cea0,focus,discovery,300.0,path_acoustic_phase,phase_lifted_path_homology,149,,,0.4403584398952955,0.4403584398952955,1.0,0.375,0.44660297383666847,0.46899353470951843,22.0,0.40523203759126214,0.0,0.0
focus_brainfm_3e6a6293cea0__300s,focus_brainfm_3e6a6293cea0,focus,discovery,300.0,path_rhythm_phase,phase_lifted_path_homology,149,,,0.35070136173133243,0.35070136173133243,1.0,0.325,0.3615822772100685,0.42450935041198673,44.0,0.2752545870012789,0.0,0.0
focus_brainfm_3f365a6752e7__180s,focus_brainfm_3f365a6752e7,focus,discovery,180.0,path_acoustic_phase,phase_lifted_path_homology,89,,,0.45766343064208864,0.45766343064208864,1.0,0.425,0.46829747569425734,0.5142409367309861,12.0,0.5623382876218825,0.0,0.0
focus_brainfm_3f365a6752e7__180s,focus_brainfm_3f365a6752e7,focus,discovery,180.0,path_rhythm_phase,phase_lifted_path_homology,89,,,0.6009565601431032,0.6009565601431032,1.0,0.575,0.6056440704563946,0.6225332690177933,12.0,0.6675903398844015,0.0,0.0
focus_brainfm_3f365a6752e7__300s,focus_brainfm_3f365a6752e7,focus,discovery,300.0,path_acoustic_phase,phase_lifted_path_homology,149,,,0.4508483198161947,0.4508483198161947,1.0,0.425,0.46179584559551434,0.5041631426887866,12.0,0.5308604888372023,0.0,0.0
focus_brainfm_3f365a6752e7__300s,focus_brainfm_3f365a6752e7,focus,discovery,300.0,path_rhythm_phase,phase_lifted_path_homology,149,,,0.5770143809308924,0.5770143809308924,1.0,0.5249999999999999,0.5862293894576753,0.6117591839319901,12.0,0.7066010923464725,0.0,0.0
focus_brainfm_3fe6a54650df__180s,focus_brainfm_3fe6a54650df,focus,discovery,180.0,path_acoustic_phase,phase_lifted_path_homology,89,,,0.47479215904924443,0.47479215904924443,1.0,0.425,0.47903867443319853,0.514812545783641,12.0,0.4740110784378928,0.0,0.0
focus_brainfm_3fe6a54650df__180s,focus_brainfm_3fe6a54650df,focus,discovery,180.0,path_rhythm_phase,phase_lifted_path_homology,89,,,0.28150639130112337,0.28150639130112337,1.0,0.225,0.3129305717967706,0.39785901575057503,50.0,0.22034773965845633,0.0,0.0
focus_brainfm_3fe6a54650df__300s,focus_brainfm_3fe6a54650df,focus,discovery,300.0,path_acoustic_phase,phase_lifted_path_homology,149,,,0.5617093399395136,0.5617093399395136,1.0,0.5249999999999999,0.5621460301099298,0.5697805624862043,12.0,0.6134230964611609,0.0,0.0
focus_brainfm_3fe6a54650df__300s,focus_brainfm_3fe6a54650df,focus,discovery,300.0,path_rhythm_phase,phase_lifted_path_homology,149,,,0.4264405760179704,0.4264405760179704,1.0,0.375,0.42832903633781827,0.44091222344867637,20.0,0.31686542033336407,0.0,0.0
focus_brainfm_41704bae8c19__180s,focus_brainfm_41704bae8c19,focus,discovery,180.0,path_acoustic_phase,phase_lifted_path_homology,89,,,0.4918050052946387,0.4918050052946387,1.0,0.425,0.49335643299759224,0.5134521241135358,12.0,0.5713085725363721,0.0,0.0
focus_brainfm_41704bae8c19__180s,focus_brainfm_41704bae8c19,focus,discovery,180.0,path_rhythm_phase,phase_lifted_path_homology,89,,,0.40773706583788727,0.40773706583788727,1.0,0.375,0.41292091890554594,0.4297943412175178,12.0,0.14811579484391846,0.0,0.0
focus_brainfm_41704bae8c19__300s,focus_brainfm_41704bae8c19,focus,discovery,300.0,path_acoustic_phase,phase_lifted_path_homology,149,,,0.4461559201131226,0.4461559201131226,1.0,0.375,0.44713587831879664,0.4697275974405282,24.0,0.27015353654882723,0.0,0.0
focus_brainfm_41704bae8c19__300s,focus_brainfm_41704bae8c19,focus,discovery,300.0,path_rhythm_phase,phase_lifted_path_homology,149,,,0.4488085653599323,0.4488085653599323,1.0,0.375,0.45531799600780265,0.4693335122206008,12.0,0.18665772938154035,0.0,0.0
focus_brainfm_4190db21f2d6__180s,focus_brainfm_4190db21f2d6,focus,discovery,180.0,path_acoustic_phase,phase_lifted_path_homology,89,,,0.4800038618506087,0.4800038618506087,1.0,0.425,0.48550151442192835,0.5048959136463713,12.0,0.26971814403227545,0.0,0.0
focus_brainfm_4190db21f2d6__180s,focus_brainfm_4190db21f2d6,focus,discovery,180.0,path_rhythm_phase,phase_lifted_path_homology,89,,,0.42899315381209796,0.42899315381209796,1.0,0.375,0.43158215642634723,0.4464989162572622,20.0,0.31624549160399074,0.0,0.0
focus_brainfm_4190db21f2d6__300s,focus_brainfm_4190db21f2d6,focus,discovery,300.0,path_acoustic_phase,phase_lifted_path_homology,149,,,0.48462080035763816,0.48462080035763816,1.0,0.425,0.4899507555728629,0.5029253087538507,12.0,0.2954124532085738,0.0,0.0
focus_brainfm_4190db21f2d6__300s,focus_brainfm_4190db21f2d6,focus,discovery,300.0,path_rhythm_phase,phase_lifted_path_homology,149,,,0.4936333105128789,0.4936333105128789,1.0,0.425,0.49854962590259555,0.5146649793251576,20.0,0.4201974725437104,0.0,0.0
focus_brainfm_42834fdc3dba__180s,focus_brainfm_42834fdc3dba,focus,discovery,180.0,path_acoustic_phase,phase_lifted_path_homology,89,,,0.4622049256407651,0.4622049256407651,1.0,0.425,0.46429126576047197,0.48188020114550184,12.0,0.3907182859926922,0.0,0.0
focus_brainfm_42834fdc3dba__180s,focus_brainfm_42834fdc3dba,focus,discovery,180.0,path_rhythm_phase,phase_lifted_path_homology,89,,,0.3914574395536001,0.3914574395536001,1.0,0.325,0.3958968931983364,0.4344784308386995,12.0,0.21985721627848964,0.0,0.0
focus_brainfm_42834fdc3dba__300s,focus_brainfm_42834fdc3dba,focus,discovery,300.0,path_acoustic_phase,phase_lifted_path_homology,149,,,0.5002248346440344,0.5002248346440344,1.0,0.47500000000000003,0.5036657429399471,0.515286900694086,12.0,0.3240345191416327,0.0,0.0
focus_brainfm_42834fdc3dba__300s,focus_brainfm_42834fdc3dba,focus,discovery,300.0,path_rhythm_phase,phase_lifted_path_homology,149,,,0.37399574129556484,0.37399574129556484,1.0,0.325,0.3772400101020728,0.41590111565413435,24.0,0.2432226518083208,0.0,0.0
focus_brainfm_439ac1c49e74__180s,focus_brainfm_439ac1c49e74,focus,discovery,180.0,path_acoustic_phase,phase_lifted_path_homology,89,,,0.4837475801180662,0.4837475801180662,1.0,0.425,0.4952041293824292,0.5158075090175774,12.0,0.49917844201992445,0.0,0.0
focus_brainfm_439ac1c49e74__180s,focus_brainfm_439ac1c49e74,focus,discovery,180.0,path_rhythm_phase,phase_lifted_path_homology,89,,,0.4239157996570296,0.4239157996570296,1.0,0.375,0.42721566682422873,0.47099906111066736,12.0,0.2539172850413344,0.0,0.0
focus_brainfm_439ac1c49e74__300s,focus_brainfm_439ac1c49e74,focus,discovery,300.0,path_acoustic_phase,phase_lifted_path_homology,149,,,0.532865979239972,0.532865979239972,1.0,0.47500000000000003,0.5378164582361851,0.5519828146462696,12.0,0.4723091424520991,0.0,0.0
focus_brainfm_439ac1c49e74__300s,focus_brainfm_439ac1c49e74,focus,discovery,300.0,path_rhythm_phase,phase_lifted_path_homology,149,,,0.45005580416432084,0.45005580416432084,1.0,0.425,0.45114863787267556,0.4696536373344909,12.0,0.2135388105258702,0.0,0.0
focus_brainfm_452dfb0a363a__180s,focus_brainfm_452dfb0a363a,focus,discovery,180.0,path_acoustic_phase,phase_lifted_path_homology,89,,,0.39453384683759035,0.39453384683759035,1.0,0.325,0.40013067119397455,0.416291686956898,12.0,0.3233737791964928,0.0,0.0
focus_brainfm_452dfb0a363a__180s,focus_brainfm_452dfb0a363a,focus,discovery,180.0,path_rhythm_phase,phase_lifted_path_homology,89,,,0.40762729604646186,0.40762729604646186,1.0,0.375,0.4131139203517439,0.4498657263612962,16.0,0.33360620811214237,0.0,0.0
focus_brainfm_452dfb0a363a__300s,focus_brainfm_452dfb0a363a,focus,discovery,300.0,path_acoustic_phase,phase_lifted_path_homology,149,,,0.44903286376951634,0.44903286376951634,1.0,0.375,0.44910591436005726,0.45625802864390047,12.0,0.28590870996670437,0.0,0.0
focus_brainfm_452dfb0a363a__300s,focus_brainfm_452dfb0a363a,focus,discovery,300.0,path_rhythm_phase,phase_lifted_path_homology,149,,,0.43309079253081695,0.43309079253081695,1.0,0.375,0.43698254333320224,0.44987036960329424,16.0,0.26148588404622763,0.0,0.0
focus_brainfm_45d6269177c9__180s,focus_brainfm_45d6269177c9,focus,discovery,180.0,path_acoustic_phase,phase_lifted_path_homology,89,,,0.38077202167964724,0.38077202167964724,1.0,0.325,0.38307818354669865,0.3948209201808474,12.0,0.1560588488037834,0.0,0.0
focus_brainfm_45d6269177c9__180s,focus_brainfm_45d6269177c9,focus,discovery,180.0,path_rhythm_phase,phase_lifted_path_homology,89,,,0.38403454020944666,0.38403454020944666,1.0,0.325,0.38545678884971524,0.39243965324060254,36.0,0.10874884601894874,0.0,0.0
focus_brainfm_45d6269177c9__300s,focus_brainfm_45d6269177c9,focus,discovery,300.0,path_acoustic_phase,phase_lifted_path_homology,149,,,0.38006910538788335,0.38006910538788335,1.0,0.325,0.3807898577757073,0.39374729722571106,12.0,0.19111290731489572,0.0,0.0
focus_brainfm_45d6269177c9__300s,focus_brainfm_45d6269177c9,focus,discovery,300.0,path_rhythm_phase,phase_lifted_path_homology,149,,,0.35077442786622004,0.35077442786622004,1.0,0.325,0.35431912236820823,0.3675835156225145,36.0,0.10428085341905047,0.0,0.0
focus_brainfm_4689167a66fb__180s,focus_brainfm_4689167a66fb,focus,discovery,180.0,path_acoustic_phase,phase_lifted_path_homology,89,,,0.4676951101862236,0.4676951101862236,1.0,0.425,0.47251423238461904,0.4830731543111624,22.0,0.42384100426345184,0.0,0.0
focus_brainfm_4689167a66fb__180s,focus_brainfm_4689167a66fb,focus,discovery,180.0,path_rhythm_phase,phase_lifted_path_homology,89,,,0.49447244498286913,0.49447244498286913,1.0,0.425,0.49988925882246726,0.5123642315704445,16.0,0.3740426485004549,0.0,0.0
focus_brainfm_4689167a66fb__300s,focus_brainfm_4689167a66fb,focus,discovery,300.0,path_acoustic_phase,phase_lifted_path_homology,149,,,0.4720478864309697,0.4720478864309697,1.0,0.425,0.4736158088735407,0.4895538077253823,22.0,0.368115739633576,0.0,0.0
focus_brainfm_4689167a66fb__300s,focus_brainfm_4689167a66fb,focus,discovery,300.0,path_rhythm_phase,phase_lifted_path_homology,149,,,0.5147339845149765,0.5147339845149765,1.0,0.47500000000000003,0.5167492924342202,0.5267921768507234,16.0,0.27752156046389165,0.0,0.0
focus_brainfm_4792accd3e04__180s,focus_brainfm_4792accd3e04,focus,discovery,180.0,path_acoustic_phase,phase_lifted_path_homology,89,,,0.37403000907621803,0.37403000907621803,1.0,0.325,0.37418364447004815,0.38015457783460155,16.0,0.1435953110351813,0.0,0.0
focus_brainfm_4792accd3e04__180s,focus_brainfm_4792accd3e04,focus,discovery,180.0,path_rhythm_phase,phase_lifted_path_homology,89,,,0.4222956434433402,0.4222956434433402,1.0,0.375,0.42760224840828404,0.4524894390003953,18.0,0.35542946964646327,0.0,0.0
focus_brainfm_4792accd3e04__300s,focus_brainfm_4792accd3e04,focus,discovery,300.0,path_acoustic_phase,phase_lifted_path_homology,149,,,0.36107806834624345,0.36107806834624345,1.0,0.325,0.36551706059257405,0.3813955933733491,22.0,0.12252992400821028,0.0,0.0
focus_brainfm_4792accd3e04__300s,focus_brainfm_4792accd3e04,focus,discovery,300.0,path_rhythm_phase,phase_lifted_path_homology,149,,,0.431833357672446,0.431833357672446,1.0,0.375,0.4362575843097482,0.4499921181331264,18.0,0.4395896623663764,0.0,0.0
focus_brainfm_4aa78fe2e682__180s,focus_brainfm_4aa78fe2e682,focus,discovery,180.0,path_acoustic_phase,phase_lifted_path_homology,89,,,0.3832604228155453,0.3832604228155453,1.0,0.325,0.38747218709507375,0.4077568101280775,12.0,0.32585118956424397,0.0,0.0
focus_brainfm_4aa78fe2e682__180s,focus_brainfm_4aa78fe2e682,focus,discovery,180.0,path_rhythm_phase,phase_lifted_path_homology,89,,,0.5401637752118533,0.5401637752118533,1.0,0.47500000000000003,0.5542156832315875,0.5810320207974894,12.0,0.6873542429560605,0.0,0.0
focus_brainfm_4aa78fe2e682__300s,focus_brainfm_4aa78fe2e682,focus,discovery,300.0,path_acoustic_phase,phase_lifted_path_homology,149,,,0.43465435554876386,0.43465435554876386,1.0,0.375,0.4376112728693453,0.4591931841836945,20.0,0.27350862868467085,0.0,0.0
focus_brainfm_4aa78fe2e682__300s,focus_brainfm_4aa78fe2e682,focus,discovery,300.0,path_rhythm_phase,phase_lifted_path_homology,149,,,0.50941443268087,0.50941443268087,1.0,0.47500000000000003,0.5266859058051556,0.5572419230465547,12.0,0.6595461546895448,0.0,0.0
focus_brainfm_4c04c84c2bbe__180s,focus_brainfm_4c04c84c2bbe,focus,discovery,180.0,path_acoustic_phase,phase_lifted_path_homology,89,,,0.43778289096020645,0.43778289096020645,1.0,0.375,0.4389183701778453,0.465617045850147,14.0,0.38525215564759296,0.0,0.0
focus_brainfm_4c04c84c2bbe__180s,focus_brainfm_4c04c84c2bbe,focus,discovery,180.0,path_rhythm_phase,phase_lifted_path_homology,89,,,0.38465640584830707,0.38465640584830707,1.0,0.325,0.38636127188320035,0.40700137450289103,12.0,0.22621757831528144,0.0,0.0
focus_brainfm_4c04c84c2bbe__300s,focus_brainfm_4c04c84c2bbe,focus,discovery,300.0,path_acoustic_phase,phase_lifted_path_homology,149,,,0.4347914487337728,0.4347914487337728,1.0,0.375,0.43968390445821354,0.4573006654827528,14.0,0.3190971208223421,0.0,0.0
focus_brainfm_4c04c84c2bbe__300s,focus_brainfm_4c04c84c2bbe,focus,discovery,300.0,path_rhythm_phase,phase_lifted_path_homology,149,,,0.3642798304944173,0.3642798304944173,1.0,0.325,0.3696181051172778,0.3934530085802906,12.0,0.1681311308957777,0.0,0.0
focus_brainfm_4c21a6991c14__180s,focus_brainfm_4c21a6991c14,focus,discovery,180.0,path_acoustic_phase,phase_lifted_path_homology,89,,,0.44208384938754086,0.44208384938754086,1.0,0.375,0.44280775223758473,0.4666811689951262,44.0,0.23152181292327545,0.0,0.0
focus_brainfm_4c21a6991c14__180s,focus_brainfm_4c21a6991c14,focus,discovery,180.0,path_rhythm_phase,phase_lifted_path_homology,89,,,0.35448115361376437,0.35448115361376437,1.0,0.325,0.3550477873682155,0.3741567174462512,12.0,0.16036645507041092,0.0,0.0
focus_brainfm_4c21a6991c14__300s,focus_brainfm_4c21a6991c14,focus,discovery,300.0,path_acoustic_phase,phase_lifted_path_homology,149,,,0.4343586428957602,0.4343586428957602,1.0,0.375,0.43555872303790893,0.4501758802692968,12.0,0.17307690308399803,0.0,0.0
focus_brainfm_4c21a6991c14__300s,focus_brainfm_4c21a6991c14,focus,discovery,300.0,path_rhythm_phase,phase_lifted_path_homology,149,,,0.35492563446316255,0.35492563446316255,1.0,0.325,0.358128553033355,0.38056328828029556,30.0,0.10817673131751881,0.0,0.0
focus_brainfm_4dcfba0ecbbd__180s,focus_brainfm_4dcfba0ecbbd,focus,discovery,180.0,path_acoustic_phase,phase_lifted_path_homology,89,,,0.4868181382919111,0.4868181382919111,1.0,0.425,0.4973394002334502,0.5388163868835244,20.0,0.5901752726964133,0.0,0.0
focus_brainfm_4dcfba0ecbbd__180s,focus_brainfm_4dcfba0ecbbd,focus,discovery,180.0,path_rhythm_phase,phase_lifted_path_homology,89,,,0.4309223517265997,0.4309223517265997,1.0,0.375,0.43645798462539126,0.46066450319359825,24.0,0.35402100524666924,0.0,0.0
focus_brainfm_4dcfba0ecbbd__300s,focus_brainfm_4dcfba0ecbbd,focus,discovery,300.0,path_acoustic_phase,phase_lifted_path_homology,116,,,0.5100353006571401,0.5100353006571401,1.0,0.47500000000000003,0.5132874841632141,0.5449953909251359,20.0,0.6564912344443897,0.0,0.0
focus_brainfm_4dcfba0ecbbd__300s,focus_brainfm_4dcfba0ecbbd,focus,discovery,300.0,path_rhythm_phase,phase_lifted_path_homology,116,,,0.35289854117675057,0.35289854117675057,1.0,0.325,0.37290120867267157,0.41972921563788407,24.0,0.26754904577119987,0.0,0.0
focus_brainfm_4e2c6c136c92__180s,focus_brainfm_4e2c6c136c92,focus,discovery,180.0,path_acoustic_phase,phase_lifted_path_homology,89,,,0.39069612829736816,0.39069612829736816,1.0,0.325,0.3907684207158016,0.39490812150564186,18.0,0.08753782960433609,0.0,0.0
focus_brainfm_4e2c6c136c92__180s,focus_brainfm_4e2c6c136c92,focus,discovery,180.0,path_rhythm_phase,phase_lifted_path_homology,89,,,0.391483361278117,0.391483361278117,1.0,0.325,0.39867059291415985,0.4315196332692052,18.0,0.323560294328858,0.0,0.0
focus_brainfm_4e2c6c136c92__300s,focus_brainfm_4e2c6c136c92,focus,discovery,300.0,path_acoustic_phase,phase_lifted_path_homology,149,,,0.37922239634635324,0.37922239634635324,1.0,0.325,0.39195552998913724,0.4133477369973013,18.0,0.117145100638951,0.0,0.0
focus_brainfm_4e2c6c136c92__300s,focus_brainfm_4e2c6c136c92,focus,discovery,300.0,path_rhythm_phase,phase_lifted_path_homology,149,,,0.41037226377388014,0.41037226377388014,1.0,0.375,0.4211229303751631,0.4513259055726501,18.0,0.390285799942381,0.0,0.0
focus_brainfm_4ff11d033c50__180s,focus_brainfm_4ff11d033c50,focus,discovery,180.0,path_acoustic_phase,phase_lifted_path_homology,89,,,0.4869441850952329,0.4869441850952329,1.0,0.425,0.4949174174103603,0.5154915895557283,12.0,0.4321809340277194,0.0,0.0
focus_brainfm_4ff11d033c50__180s,focus_brainfm_4ff11d033c50,focus,discovery,180.0,path_rhythm_phase,phase_lifted_path_homology,89,,,0.42344410683706696,0.42344410683706696,1.0,0.375,0.42457844758019636,0.44588837939542697,12.0,0.27185893569291175,0.0,0.0
focus_brainfm_4ff11d033c50__300s,focus_brainfm_4ff11d033c50,focus,discovery,300.0,path_acoustic_phase,phase_lifted_path_homology,149,,,0.557928351193423,0.557928351193423,1.0,0.5249999999999999,0.559044958117698,0.5641148200522738,12.0,0.5986627725547196,0.0,0.0
focus_brainfm_4ff11d033c50__300s,focus_brainfm_4ff11d033c50,focus,discovery,300.0,path_rhythm_phase,phase_lifted_path_homology,149,,,0.46693972798863403,0.46693972798863403,1.0,0.425,0.4685606916031515,0.47634736229917835,12.0,0.3240974500123074,0.0,0.0
focus_brainfm_5225aa31461e__180s,focus_brainfm_5225aa31461e,focus,discovery,180.0,path_acoustic_phase,phase_lifted_path_homology,89,,,0.43960228477141705,0.43960228477141705,1.0,0.375,0.4445495449260411,0.4535426339467896,12.0,0.14319718526394998,0.0,0.0
focus_brainfm_5225aa31461e__180s,focus_brainfm_5225aa31461e,focus,discovery,180.0,path_rhythm_phase,phase_lifted_path_homology,89,,,0.4054599751484645,0.4054599751484645,1.0,0.375,0.40652293914980814,0.4296127417116539,26.0,0.17362473527679745,0.0,0.0
focus_brainfm_5225aa31461e__300s,focus_brainfm_5225aa31461e,focus,discovery,300.0,path_acoustic_phase,phase_lifted_path_homology,149,,,0.45323098058299255,0.45323098058299255,1.0,0.425,0.4542069033593646,0.45740464755485427,12.0,0.15257342817336306,0.0,0.0
focus_brainfm_5225aa31461e__300s,focus_brainfm_5225aa31461e,focus,discovery,300.0,path_rhythm_phase,phase_lifted_path_homology,149,,,0.41144109643625865,0.41144109643625865,1.0,0.375,0.41417894649938797,0.42365570256981916,60.0,0.134586422690105,0.0,0.0
focus_brainfm_555c694563d4__180s,focus_brainfm_555c694563d4,focus,discovery,180.0,path_acoustic_phase,phase_lifted_path_homology,89,,,0.45705369021975567,0.45705369021975567,1.0,0.425,0.4623917123172493,0.47577762757494596,12.0,0.2615857072289144,0.0,0.0
focus_brainfm_555c694563d4__180s,focus_brainfm_555c694563d4,focus,discovery,180.0,path_rhythm_phase,phase_lifted_path_homology,89,,,0.3691590161064526,0.3691590161064526,1.0,0.325,0.3891858290344325,0.4315546814768149,30.0,0.3740448367750768,0.0,0.0
focus_brainfm_555c694563d4__300s,focus_brainfm_555c694563d4,focus,discovery,300.0,path_acoustic_phase,phase_lifted_path_homology,149,,,0.4373786287379546,0.4373786287379546,1.0,0.375,0.4405558816701289,0.48735271796302354,22.0,0.3069563161293267,0.0,0.0
focus_brainfm_555c694563d4__300s,focus_brainfm_555c694563d4,focus,discovery,300.0,path_rhythm_phase,phase_lifted_path_homology,149,,,0.3979111861324687,0.3979111861324687,1.0,0.325,0.4131341042403519,0.46653602812629447,60.0,0.41408935109082967,0.0,0.0
focus_brainfm_58c273a2261e__180s,focus_brainfm_58c273a2261e,focus,discovery,180.0,path_acoustic_phase,phase_lifted_path_homology,89,,,0.4785995930335811,0.4785995930335811,1.0,0.425,0.48982147173864377,0.5092894728649019,12.0,0.19261506368367254,0.0,0.0
focus_brainfm_58c273a2261e__180s,focus_brainfm_58c273a2261e,focus,discovery,180.0,path_rhythm_phase,phase_lifted_path_homology,89,,,0.4731704977712398,0.4731704977712398,1.0,0.425,0.4808185649415283,0.5030266835847744,12.0,0.3712652234679742,0.0,0.0
focus_brainfm_58c273a2261e__300s,focus_brainfm_58c273a2261e,focus,discovery,300.0,path_acoustic_phase,phase_lifted_path_homology,149,,,0.4638472576265447,0.4638472576265447,1.0,0.425,0.4732985526421247,0.4904246677639171,12.0,0.23636070401819265,0.0,0.0
focus_brainfm_58c273a2261e__300s,focus_brainfm_58c273a2261e,focus,discovery,300.0,path_rhythm_phase,phase_lifted_path_homology,149,,,0.5513850894591491,0.5513850894591491,1.0,0.5249999999999999,0.5549570685711706,0.5614406850297843,12.0,0.29470312193402715,0.0,0.0
focus_brainfm_5a2ade4b4c0b__180s,focus_brainfm_5a2ade4b4c0b,focus,discovery,180.0,path_acoustic_phase,phase_lifted_path_homology,89,,,0.40387763505912677,0.40387763505912677,1.0,0.375,0.41543742732695094,0.44011955555944,22.0,0.2572473280139471,0.0,0.0
focus_brainfm_5a2ade4b4c0b__180s,focus_brainfm_5a2ade4b4c0b,focus,discovery,180.0,path_rhythm_phase,phase_lifted_path_homology,89,,,0.23990569057219707,0.23990569057219707,1.0,0.175,0.2770724569424097,0.37568897475552426,16.0,0.09980310161902417,0.0,0.0
focus_brainfm_5a2ade4b4c0b__300s,focus_brainfm_5a2ade4b4c0b,focus,discovery,300.0,path_acoustic_phase,phase_lifted_path_homology,149,,,0.46386567930558464,0.46386567930558464,1.0,0.425,0.4646278150851633,0.473591664177283,12.0,0.21759921598120768,0.0,0.0
focus_brainfm_5a2ade4b4c0b__300s,focus_brainfm_5a2ade4b4c0b,focus,discovery,300.0,path_rhythm_phase,phase_lifted_path_homology,149,,,0.34099689669127226,0.34099689669127226,1.0,0.275,0.358535417988514,0.4268339906367094,16.0,0.09681588638826066,0.0,0.0
focus_brainfm_5c2ea7efbd03__180s,focus_brainfm_5c2ea7efbd03,focus,discovery,180.0,path_acoustic_phase,phase_lifted_path_homology,89,,,0.46284818716159354,0.46284818716159354,1.0,0.425,0.474224845452246,0.5019036465314802,12.0,0.36286785206592,0.0,0.0
focus_brainfm_5c2ea7efbd03__180s,focus_brainfm_5c2ea7efbd03,focus,discovery,180.0,path_rhythm_phase,phase_lifted_path_homology,89,,,0.4114268584969015,0.4114268584969015,1.0,0.375,0.414215163186577,0.4464708048838943,48.0,0.46987696886309893,0.0,0.0
focus_brainfm_5c2ea7efbd03__300s,focus_brainfm_5c2ea7efbd03,focus,discovery,300.0,path_acoustic_phase,phase_lifted_path_homology,149,,,0.49657213985457577,0.49657213985457577,1.0,0.425,0.5001677981329539,0.5172024555110101,12.0,0.44063810117727564,0.0,0.0
focus_brainfm_5c2ea7efbd03__300s,focus_brainfm_5c2ea7efbd03,focus,discovery,300.0,path_rhythm_phase,phase_lifted_path_homology,149,,,0.5121799309716311,0.5121799309716311,1.0,0.47500000000000003,0.5160615862657731,0.5290892308326599,12.0,0.4661773426999791,0.0,0.0
focus_brainfm_5c3ec24af70f__180s,focus_brainfm_5c3ec24af70f,focus,discovery,180.0,path_acoustic_phase,phase_lifted_path_homology,89,,,0.30843021131776494,0.30843021131776494,1.0,0.275,0.3213018095929245,0.37850771293630375,30.0,0.06594844264586164,0.0,0.0
focus_brainfm_5c3ec24af70f__180s,focus_brainfm_5c3ec24af70f,focus,discovery,180.0,path_rhythm_phase,phase_lifted_path_homology,89,,,0.35973959233155006,0.35973959233155006,1.0,0.325,0.37453431507774204,0.40645170653453117,16.0,0.11388400755996408,0.0,0.0
focus_brainfm_5c3ec24af70f__300s,focus_brainfm_5c3ec24af70f,focus,discovery,300.0,path_acoustic_phase,phase_lifted_path_homology,149,,,0.40265384112853203,0.40265384112853203,1.0,0.375,0.40626527213773916,0.419054670187214,12.0,0.18623186694658944,0.0,0.0
focus_brainfm_5c3ec24af70f__300s,focus_brainfm_5c3ec24af70f,focus,discovery,300.0,path_rhythm_phase,phase_lifted_path_homology,149,,,0.3975561480337812,0.3975561480337812,1.0,0.325,0.400115917495919,0.4077487708082273,16.0,0.10208290880524706,0.0,0.0
focus_brainfm_5ddfc60155f3__180s,focus_brainfm_5ddfc60155f3,focus,discovery,180.0,path_acoustic_phase,phase_lifted_path_homology,89,,,0.3862790278033635,0.3862790278033635,1.0,0.325,0.39425658775609357,0.43114245264464207,32.0,0.2376185057385417,0.0,0.0
focus_brainfm_5ddfc60155f3__180s,focus_brainfm_5ddfc60155f3,focus,discovery,180.0,path_rhythm_phase,phase_lifted_path_homology,89,,,0.30019313524543645,0.30019313524543645,1.0,0.275,0.330337899858446,0.38910787736170316,16.0,0.11801010237093801,0.0,0.0
focus_brainfm_5ddfc60155f3__300s,focus_brainfm_5ddfc60155f3,focus,discovery,300.0,path_acoustic_phase,phase_lifted_path_homology,149,,,0.312987368094195,0.312987368094195,1.0,0.275,0.3235156058731638,0.40877968918177854,64.0,0.2984137482252158,0.0,0.0
focus_brainfm_5ddfc60155f3__300s,focus_brainfm_5ddfc60155f3,focus,discovery,300.0,path_rhythm_phase,phase_lifted_path_homology,149,,,0.23207354358856697,0.23207354358856697,1.0,0.175,0.25367739371499476,0.36102103472325214,64.0,0.19134558369517807,0.0,0.0
focus_brainfm_5e53c249cb90__180s,focus_brainfm_5e53c249cb90,focus,discovery,180.0,path_acoustic_phase,phase_lifted_path_homology,89,,,0.4051693646107795,0.4051693646107795,1.0,0.375,0.4186069102554042,0.4426847615303577,16.0,0.22593851066275716,0.0,0.0
focus_brainfm_5e53c249cb90__180s,focus_brainfm_5e53c249cb90,focus,discovery,180.0,path_rhythm_phase,phase_lifted_path_homology,89,,,0.4114552698264828,0.4114552698264828,1.0,0.375,0.42705276639465367,0.48254550900682674,16.0,0.38462619248253627,0.0,0.0
focus_brainfm_5e53c249cb90__300s,focus_brainfm_5e53c249cb90,focus,discovery,300.0,path_acoustic_phase,phase_lifted_path_homology,149,,,0.4668726246637463,0.4668726246637463,1.0,0.425,0.47210413224049197,0.48892222772890387,12.0,0.35305251904766166,0.0,0.0
focus_brainfm_5e53c249cb90__300s,focus_brainfm_5e53c249cb90,focus,discovery,300.0,path_rhythm_phase,phase_lifted_path_homology,149,,,0.5233361047644183,0.5233361047644183,1.0,0.47500000000000003,0.5245318194225883,0.5418056702924673,16.0,0.44289449537906855,0.0,0.0
focus_brainfm_605fe5e55118__180s,focus_brainfm_605fe5e55118,focus,discovery,180.0,path_acoustic_phase,phase_lifted_path_homology,89,,,0.3686985367857865,0.3686985367857865,1.0,0.325,0.37407746705814976,0.3864711697181506,26.0,0.09244532439400976,0.0,0.0
focus_brainfm_605fe5e55118__180s,focus_brainfm_605fe5e55118,focus,discovery,180.0,path_rhythm_phase,phase_lifted_path_homology,89,,,0.4344094410055898,0.4344094410055898,1.0,0.375,0.4383994744190264,0.4493662415243871,30.0,0.330374168481387,0.0,0.0
focus_brainfm_605fe5e55118__300s,focus_brainfm_605fe5e55118,focus,discovery,300.0,path_acoustic_phase,phase_lifted_path_homology,149,,,0.35441285555731694,0.35441285555731694,1.0,0.325,0.3742083799678903,0.41252640357012327,42.0,0.14331606669841945,0.0,0.0
focus_brainfm_605fe5e55118__300s,focus_brainfm_605fe5e55118,focus,discovery,300.0,path_rhythm_phase,phase_lifted_path_homology,149,,,0.39596739190002644,0.39596739190002644,1.0,0.325,0.39942868961022493,0.4235487117400269,30.0,0.24203732291595137,0.0,0.0
focus_brainfm_61afc4841df6__180s,focus_brainfm_61afc4841df6,focus,discovery,180.0,path_acoustic_phase,phase_lifted_path_homology,89,,,0.3900965248376247,0.3900965248376247,1.0,0.325,0.4003407605748055,0.43625317644033507,38.0,0.161558848962017,0.0,0.0
focus_brainfm_61afc4841df6__180s,focus_brainfm_61afc4841df6,focus,discovery,180.0,path_rhythm_phase,phase_lifted_path_homology,89,,,0.3754730294390154,0.3754730294390154,1.0,0.325,0.38235926966158457,0.4060523862749416,36.0,0.2816718490241421,0.0,0.0
focus_brainfm_61afc4841df6__300s,focus_brainfm_61afc4841df6,focus,discovery,300.0,path_acoustic_phase,phase_lifted_path_homology,149,,,0.4495228259054751,0.4495228259054751,1.0,0.375,0.4496361383199657,0.45872299354032947,12.0,0.19437661013535323,0.0,0.0
focus_brainfm_61afc4841df6__300s,focus_brainfm_61afc4841df6,focus,discovery,300.0,path_rhythm_phase,phase_lifted_path_homology,149,,,0.4068832720171353,0.4068832720171353,1.0,0.375,0.4105150388922669,0.42027215049120087,36.0,0.2755415898040121,0.0,0.0
focus_brainfm_62baf4266fb5__180s,focus_brainfm_62baf4266fb5,focus,discovery,180.0,path_acoustic_phase,phase_lifted_path_homology,89,,,0.3985752978415063,0.3985752978415063,1.0,0.325,0.4194558623715122,0.4709531045100846,12.0,0.47314624979025177,0.0,0.0
focus_brainfm_62baf4266fb5__180s,focus_brainfm_62baf4266fb5,focus,discovery,180.0,path_rhythm_phase,phase_lifted_path_homology,89,,,0.39964111223446197,0.39964111223446197,1.0,0.325,0.40268179617232736,0.4135456368787222,12.0,0.1732529120941253,0.0,0.0
focus_brainfm_62baf4266fb5__300s,focus_brainfm_62baf4266fb5,focus,discovery,300.0,path_acoustic_phase,phase_lifted_path_homology,149,,,0.4863008954858529,0.4863008954858529,1.0,0.425,0.48679946275317887,0.4989475712649019,12.0,0.4433335191272184,0.0,0.0
focus_brainfm_62baf4266fb5__300s,focus_brainfm_62baf4266fb5,focus,discovery,300.0,path_rhythm_phase,phase_lifted_path_homology,149,,,0.41536261456958123,0.41536261456958123,1.0,0.375,0.4185257861903806,0.44925564002095913,12.0,0.2681904138011759,0.0,0.0
focus_brainfm_64277b88329c__180s,focus_brainfm_64277b88329c,focus,discovery,180.0,path_acoustic_phase,phase_lifted_path_homology,89,,,0.45754689633644174,0.45754689633644174,1.0,0.425,0.46300018741190146,0.5009181419799786,12.0,0.38526981379073466,0.0,0.0
focus_brainfm_64277b88329c__180s,focus_brainfm_64277b88329c,focus,discovery,180.0,path_rhythm_phase,phase_lifted_path_homology,89,,,0.36127431386347747,0.36127431386347747,1.0,0.325,0.3849606893309635,0.43075260192912285,14.0,0.1726089462654825,0.0,0.0
focus_brainfm_64277b88329c__300s,focus_brainfm_64277b88329c,focus,discovery,300.0,path_acoustic_phase,phase_lifted_path_homology,149,,,0.4938411533773749,0.4938411533773749,1.0,0.425,0.4964212604101207,0.516054769259261,12.0,0.38350285945324925,0.0,0.0
focus_brainfm_64277b88329c__300s,focus_brainfm_64277b88329c,focus,discovery,300.0,path_rhythm_phase,phase_lifted_path_homology,149,,,0.4366359224158303,0.4366359224158303,1.0,0.375,0.43963224372651505,0.4540899473131719,14.0,0.18157332875031762,0.0,0.0
focus_brainfm_651000252922__180s,focus_brainfm_651000252922,focus,discovery,180.0,path_acoustic_phase,phase_lifted_path_homology,89,,,0.38312821716739615,0.38312821716739615,1.0,0.325,0.39468696748957166,0.43727826134963915,20.0,0.24175479329265537,0.0,0.0
focus_brainfm_651000252922__180s,focus_brainfm_651000252922,focus,discovery,180.0,path_rhythm_phase,phase_lifted_path_homology,89,,,0.45498837483675925,0.45498837483675925,1.0,0.425,0.47451005755109665,0.5083072094967345,12.0,0.6503192310512026,0.0,0.0
focus_brainfm_651000252922__300s,focus_brainfm_651000252922,focus,discovery,300.0,path_acoustic_phase,phase_lifted_path_homology,149,,,0.41376776895959483,0.41376776895959483,1.0,0.375,0.4228141963153157,0.448278509618947,14.0,0.24537778783832676,0.0,0.0
focus_brainfm_651000252922__300s,focus_brainfm_651000252922,focus,discovery,300.0,path_rhythm_phase,phase_lifted_path_homology,149,,,0.47464567841066246,0.47464567841066246,1.0,0.425,0.48885126965387077,0.5231723665482529,12.0,0.570728520905765,0.0,0.0
focus_brainfm_68a68f26f9df__180s,focus_brainfm_68a68f26f9df,focus,discovery,180.0,path_acoustic_phase,phase_lifted_path_homology,89,,,0.46741209490019514,0.46741209490019514,1.0,0.425,0.4676482411755442,0.47831588497100025,16.0,0.29994242365477375,0.0,0.0
focus_brainfm_68a68f26f9df__180s,focus_brainfm_68a68f26f9df,focus,discovery,180.0,path_rhythm_phase,phase_lifted_path_homology,89,,,0.39774557377717357,0.39774557377717357,1.0,0.325,0.40439400083378263,0.42641504975190264,28.0,0.20116643159380598,0.0,0.0
focus_brainfm_68a68f26f9df__300s,focus_brainfm_68a68f26f9df,focus,discovery,300.0,path_acoustic_phase,phase_lifted_path_homology,149,,,0.49028807484654874,0.49028807484654874,1.0,0.425,0.49186952016605856,0.497927204442419,16.0,0.37105947750031076,0.0,0.0
focus_brainfm_68a68f26f9df__300s,focus_brainfm_68a68f26f9df,focus,discovery,300.0,path_rhythm_phase,phase_lifted_path_homology,149,,,0.4499625088288961,0.4499625088288961,1.0,0.375,0.4548563985734223,0.4741632024415296,16.0,0.24443804148614878,0.0,0.0
focus_brainfm_68fd5c8adf76__180s,focus_brainfm_68fd5c8adf76,focus,discovery,180.0,path_acoustic_phase,phase_lifted_path_homology,89,,,0.4302813630663845,0.4302813630663845,1.0,0.375,0.4422891134890764,0.4646705045386152,38.0,0.18896128097077214,0.0,0.0
focus_brainfm_68fd5c8adf76__180s,focus_brainfm_68fd5c8adf76,focus,discovery,180.0,path_rhythm_phase,phase_lifted_path_homology,89,,,0.41603121508596014,0.41603121508596014,1.0,0.375,0.4297105313630801,0.47026382504709074,22.0,0.3340095518097683,0.0,0.0
focus_brainfm_68fd5c8adf76__300s,focus_brainfm_68fd5c8adf76,focus,discovery,300.0,path_acoustic_phase,phase_lifted_path_homology,149,,,0.40958546491580133,0.40958546491580133,1.0,0.375,0.4163599119493514,0.4321504737980164,22.0,0.22150619454107012,0.0,0.0
focus_brainfm_68fd5c8adf76__300s,focus_brainfm_68fd5c8adf76,focus,discovery,300.0,path_rhythm_phase,phase_lifted_path_homology,149,,,0.44258382288186865,0.44258382288186865,1.0,0.375,0.4459493962474982,0.46287555608262787,22.0,0.3566861765882148,0.0,0.0
focus_brainfm_6b04cef70c17__180s,focus_brainfm_6b04cef70c17,focus,discovery,180.0,path_acoustic_phase,phase_lifted_path_homology,89,,,0.42381338685223746,0.42381338685223746,1.0,0.375,0.426627178673123,0.43344818698170146,20.0,0.3095784233256509,0.0,0.0
focus_brainfm_6b04cef70c17__180s,focus_brainfm_6b04cef70c17,focus,discovery,180.0,path_rhythm_phase,phase_lifted_path_homology,89,,,0.46218024302971217,0.46218024302971217,1.0,0.425,0.47225622012957136,0.4904663859581297,18.0,0.5321264478662466,0.0,0.0
focus_brainfm_6b04cef70c17__300s,focus_brainfm_6b04cef70c17,focus,discovery,300.0,path_acoustic_phase,phase_lifted_path_homology,149,,,0.41983734174254717,0.41983734174254717,1.0,0.375,0.42735946232737604,0.44100330541113947,18.0,0.2577254691025064,0.0,0.0
focus_brainfm_6b04cef70c17__300s,focus_brainfm_6b04cef70c17,focus,discovery,300.0,path_rhythm_phase,phase_lifted_path_homology,149,,,0.47371178988606527,0.47371178988606527,1.0,0.425,0.4810414188708977,0.5073107805848286,18.0,0.5693423757336413,0.0,0.0
focus_brainfm_6b7da93babf4__180s,focus_brainfm_6b7da93babf4,focus,discovery,180.0,path_acoustic_phase,phase_lifted_path_homology,89,,,0.40263794650621865,0.40263794650621865,1.0,0.375,0.4041567039133473,0.4108571793532483,12.0,0.1590862635401069,0.0,0.0
focus_brainfm_6b7da93babf4__180s,focus_brainfm_6b7da93babf4,focus,discovery,180.0,path_rhythm_phase,phase_lifted_path_homology,89,,,0.3191643587728211,0.3191643587728211,1.0,0.275,0.3311491466317519,0.3587947296003507,54.0,0.08077153213760169,0.0,0.0
focus_brainfm_6b7da93babf4__300s,focus_brainfm_6b7da93babf4,focus,discovery,300.0,path_acoustic_phase,phase_lifted_path_homology,149,,,0.38983504703465377,0.38983504703465377,1.0,0.325,0.39118544015941703,0.3988323639746088,12.0,0.11380497446685633,0.0,0.0
focus_brainfm_6b7da93babf4__300s,focus_brainfm_6b7da93babf4,focus,discovery,300.0,path_rhythm_phase,phase_lifted_path_homology,149,,,0.34127995887285917,0.34127995887285917,1.0,0.275,0.34702326409375017,0.36204967158163565,58.0,0.07552206400607431,0.0,0.0
focus_brainfm_6d4669bca5b3__180s,focus_brainfm_6d4669bca5b3,focus,discovery,180.0,path_acoustic_phase,phase_lifted_path_homology,89,,,0.3790834464543339,0.3790834464543339,1.0,0.325,0.386123297100775,0.40179431423209816,12.0,0.13473157292133275,0.0,0.0
focus_brainfm_6d4669bca5b3__180s,focus_brainfm_6d4669bca5b3,focus,discovery,180.0,path_rhythm_phase,phase_lifted_path_homology,89,,,0.28684183584889333,0.28684183584889333,1.0,0.225,0.31404997788970535,0.37329575508701124,56.0,0.16159502651557345,0.0,0.0
focus_brainfm_6d4669bca5b3__300s,focus_brainfm_6d4669bca5b3,focus,discovery,300.0,path_acoustic_phase,phase_lifted_path_homology,149,,,0.40732500120506615,0.40732500120506615,1.0,0.375,0.40908445124963677,0.4143028709798064,12.0,0.15138943920202563,0.0,0.0
focus_brainfm_6d4669bca5b3__300s,focus_brainfm_6d4669bca5b3,focus,discovery,300.0,path_rhythm_phase,phase_lifted_path_homology,149,,,0.3593437256781176,0.3593437256781176,1.0,0.325,0.3663603276798697,0.38736262126547777,58.0,0.11496917519872651,0.0,0.0
focus_brainfm_6de4b291914d__180s,focus_brainfm_6de4b291914d,focus,discovery,180.0,path_acoustic_phase,phase_lifted_path_homology,89,,,0.40114063915279513,0.40114063915279513,1.0,0.375,0.40351950007205895,0.4152256906844681,26.0,0.1275281599103264,0.0,0.0
focus_brainfm_6de4b291914d__180s,focus_brainfm_6de4b291914d,focus,discovery,180.0,path_rhythm_phase,phase_lifted_path_homology,89,,,0.3720281311313122,0.3720281311313122,1.0,0.325,0.3764651237216397,0.3885519196594021,12.0,0.12220103767596902,0.0,0.0
focus_brainfm_6de4b291914d__300s,focus_brainfm_6de4b291914d,focus,discovery,300.0,path_acoustic_phase,phase_lifted_path_homology,149,,,0.39695904744228727,0.39695904744228727,1.0,0.325,0.4005954831493749,0.41668352872131037,46.0,0.15543100452233372,0.0,0.0
focus_brainfm_6de4b291914d__300s,focus_brainfm_6de4b291914d,focus,discovery,300.0,path_rhythm_phase,phase_lifted_path_homology,149,,,0.3568604449850227,0.3568604449850227,1.0,0.325,0.36199536558286843,0.3811749627092087,26.0,0.0683997096072082,0.0,0.0
focus_brainfm_6e3f0969a760__180s,focus_brainfm_6e3f0969a760,focus,discovery,180.0,path_acoustic_phase,phase_lifted_path_homology,89,,,0.4959229429163983,0.4959229429163983,1.0,0.425,0.5000019649686681,0.5161590638268237,36.0,0.5264494747909259,0.0,0.0
focus_brainfm_6e3f0969a760__180s,focus_brainfm_6e3f0969a760,focus,discovery,180.0,path_rhythm_phase,phase_lifted_path_homology,89,,,0.4906148072460581,0.4906148072460581,1.0,0.425,0.4925391593076417,0.4960975458824266,18.0,0.43641157762888827,0.0,0.0
focus_brainfm_6e3f0969a760__300s,focus_brainfm_6e3f0969a760,focus,discovery,300.0,path_acoustic_phase,phase_lifted_path_homology,149,,,0.505956962849523,0.505956962849523,1.0,0.47500000000000003,0.5171255397670101,0.5379762620749828,18.0,0.46241056783589496,0.0,0.0
focus_brainfm_6e3f0969a760__300s,focus_brainfm_6e3f0969a760,focus,discovery,300.0,path_rhythm_phase,phase_lifted_path_homology,149,,,0.4612069809848347,0.4612069809848347,1.0,0.425,0.47717501765571874,0.5094212045907384,18.0,0.44933896095884707,0.0,0.0
focus_brainfm_6f0100cbfb04__180s,focus_brainfm_6f0100cbfb04,focus,discovery,180.0,path_acoustic_phase,phase_lifted_path_homology,89,,,0.44465655103193097,0.44465655103193097,1.0,0.375,0.45359658497215616,0.4795641056851018,22.0,0.34348833549608226,0.0,0.0
focus_brainfm_6f0100cbfb04__180s,focus_brainfm_6f0100cbfb04,focus,discovery,180.0,path_rhythm_phase,phase_lifted_path_homology,89,,,0.4118723240110886,0.4118723240110886,1.0,0.375,0.42060787333318955,0.4454479988420989,12.0,0.26863911004458163,0.0,0.0
focus_brainfm_6f0100cbfb04__300s,focus_brainfm_6f0100cbfb04,focus,discovery,300.0,path_acoustic_phase,phase_lifted_path_homology,149,,,0.47784438309112337,0.47784438309112337,1.0,0.425,0.47856694884677703,0.49072941895548755,12.0,0.38691551303265936,0.0,0.0
focus_brainfm_6f0100cbfb04__300s,focus_brainfm_6f0100cbfb04,focus,discovery,300.0,path_rhythm_phase,phase_lifted_path_homology,149,,,0.4302311856087294,0.4302311856087294,1.0,0.375,0.43884012847962106,0.46217321986265913,22.0,0.17490142091802063,0.0,0.0
focus_brainfm_6fae3d835159__180s,focus_brainfm_6fae3d835159,focus,discovery,180.0,path_acoustic_phase,phase_lifted_path_homology,89,,,0.4951873244790837,0.4951873244790837,1.0,0.425,0.4964665389563315,0.5035434655666261,12.0,0.35247295222977226,0.0,0.0
focus_brainfm_6fae3d835159__180s,focus_brainfm_6fae3d835159,focus,discovery,180.0,path_rhythm_phase,phase_lifted_path_homology,89,,,0.537763924054881,0.537763924054881,1.0,0.47500000000000003,0.5410051682784334,0.5651725662214083,20.0,0.4969539862046466,0.0,0.0
focus_brainfm_6fae3d835159__300s,focus_brainfm_6fae3d835159,focus,discovery,300.0,path_acoustic_phase,phase_lifted_path_homology,149,,,0.5225075220737686,0.5225075220737686,1.0,0.47500000000000003,0.5245237498342479,0.5367216129394655,12.0,0.2825716202362487,0.0,0.0
focus_brainfm_6fae3d835159__300s,focus_brainfm_6fae3d835159,focus,discovery,300.0,path_rhythm_phase,phase_lifted_path_homology,149,,,0.5903049346651805,0.5903049346651805,1.0,0.5249999999999999,0.5978901509524919,0.6246753451861428,20.0,0.3565807638937516,0.0,0.0
focus_brainfm_712ae586af70__180s,focus_brainfm_712ae586af70,focus,discovery,180.0,path_acoustic_phase,phase_lifted_path_homology,89,,,0.42963896299974186,0.42963896299974186,1.0,0.375,0.43547553534378647,0.4560773805956498,20.0,0.2197500753229097,0.0,0.0
focus_brainfm_712ae586af70__180s,focus_brainfm_712ae586af70,focus,discovery,180.0,path_rhythm_phase,phase_lifted_path_homology,89,,,0.3545825894486704,0.3545825894486704,1.0,0.325,0.36021521455973493,0.37357890118958337,24.0,0.11567466499215684,0.0,0.0
focus_brainfm_712ae586af70__300s,focus_brainfm_712ae586af70,focus,discovery,300.0,path_acoustic_phase,phase_lifted_path_homology,149,,,0.4394408740041642,0.4394408740041642,1.0,0.375,0.448331601652715,0.4681393206840256,20.0,0.16764352092950308,0.0,0.0
focus_brainfm_712ae586af70__300s,focus_brainfm_712ae586af70,focus,discovery,300.0,path_rhythm_phase,phase_lifted_path_homology,149,,,0.36484228195094703,0.36484228195094703,1.0,0.325,0.37632361330496844,0.4162694631868003,32.0,0.17646810451880024,0.0,0.0
focus_brainfm_72b942d36956__180s,focus_brainfm_72b942d36956,focus,discovery,180.0,path_acoustic_phase,phase_lifted_path_homology,89,,,0.5345210421813013,0.5345210421813013,1.0,0.47500000000000003,0.5434582012442339,0.576180972951295,12.0,0.5924193526568013,0.0,0.0
focus_brainfm_72b942d36956__180s,focus_brainfm_72b942d36956,focus,discovery,180.0,path_rhythm_phase,phase_lifted_path_homology,89,,,0.3180800953592911,0.3180800953592911,1.0,0.275,0.35607293319707006,0.443929682995522,30.0,0.356514255377373,0.0,0.0
focus_brainfm_72b942d36956__300s,focus_brainfm_72b942d36956,focus,discovery,300.0,path_acoustic_phase,phase_lifted_path_homology,149,,,0.49507168868181123,0.49507168868181123,1.0,0.425,0.4968545703418827,0.540730177175394,22.0,0.5015774573113698,0.0,0.0
focus_brainfm_72b942d36956__300s,focus_brainfm_72b942d36956,focus,discovery,300.0,path_rhythm_phase,phase_lifted_path_homology,149,,,0.4752525914818709,0.4752525914818709,1.0,0.425,0.4991838587615975,0.5506269685070615,30.0,0.37085271818034826,0.0,0.0
focus_brainfm_738a7a24b13c__180s,focus_brainfm_738a7a24b13c,focus,discovery,180.0,path_acoustic_phase,phase_lifted_path_homology,89,,,0.47564693425324267,0.47564693425324267,1.0,0.425,0.4778449412876255,0.49128759887030915,12.0,0.39185377883356065,0.0,0.0
focus_brainfm_738a7a24b13c__180s,focus_brainfm_738a7a24b13c,focus,discovery,180.0,path_rhythm_phase,phase_lifted_path_homology,89,,,0.47007772699604916,0.47007772699604916,1.0,0.425,0.4730614127332321,0.5134937976458996,16.0,0.4051744249192569,0.0,0.0
focus_brainfm_738a7a24b13c__300s,focus_brainfm_738a7a24b13c,focus,discovery,300.0,path_acoustic_phase,phase_lifted_path_homology,149,,,0.47341952733172793,0.47341952733172793,1.0,0.425,0.48046520616987065,0.497433271551595,12.0,0.49891901354893065,0.0,0.0
focus_brainfm_738a7a24b13c__300s,focus_brainfm_738a7a24b13c,focus,discovery,300.0,path_rhythm_phase,phase_lifted_path_homology,149,,,0.44392260348256646,0.44392260348256646,1.0,0.375,0.4627094222052136,0.5288684554359138,16.0,0.6237383258088505,0.0,0.0
focus_brainfm_743f4c14822b__180s,focus_brainfm_743f4c14822b,focus,discovery,180.0,path_acoustic_phase,phase_lifted_path_homology,89,,,0.5179738356412968,0.5179738356412968,1.0,0.47500000000000003,0.5199694298550838,0.535355893341253,12.0,0.32285496514914125,0.0,0.0
focus_brainfm_743f4c14822b__180s,focus_brainfm_743f4c14822b,focus,discovery,180.0,path_rhythm_phase,phase_lifted_path_homology,89,,,0.5038889275026521,0.5038889275026521,1.0,0.47500000000000003,0.513712100456552,0.544115505440982,16.0,0.42887293384571823,0.0,0.0
focus_brainfm_743f4c14822b__300s,focus_brainfm_743f4c14822b,focus,discovery,300.0,path_acoustic_phase,phase_lifted_path_homology,149,,,0.5240232747671846,0.5240232747671846,1.0,0.47500000000000003,0.5260717502521598,0.5433424278369813,22.0,0.4560112433808132,0.0,0.0
focus_brainfm_743f4c14822b__300s,focus_brainfm_743f4c14822b,focus,discovery,300.0,path_rhythm_phase,phase_lifted_path_homology,149,,,0.4967876068362423,0.4967876068362423,1.0,0.425,0.5043133295555879,0.5274292798272205,16.0,0.4023881908057225,0.0,0.0
focus_brainfm_74a3c33305de__180s,focus_brainfm_74a3c33305de,focus,discovery,180.0,path_acoustic_phase,phase_lifted_path_homology,89,,,0.44323927744146496,0.44323927744146496,1.0,0.375,0.44818652305078543,0.469264407340043,42.0,0.3402959442753959,0.0,0.0
focus_brainfm_74a3c33305de__180s,focus_brainfm_74a3c33305de,focus,discovery,180.0,path_rhythm_phase,phase_lifted_path_homology,89,,,0.4470696455746446,0.4470696455746446,1.0,0.375,0.465202743868039,0.5179851788988942,16.0,0.37903351843557165,0.0,0.0
focus_brainfm_74a3c33305de__300s,focus_brainfm_74a3c33305de,focus,discovery,300.0,path_acoustic_phase,phase_lifted_path_homology,149,,,0.44155170557683765,0.44155170557683765,1.0,0.375,0.44168485296393184,0.4517837241645435,42.0,0.2998067041111039,0.0,0.0
focus_brainfm_74a3c33305de__300s,focus_brainfm_74a3c33305de,focus,discovery,300.0,path_rhythm_phase,phase_lifted_path_homology,149,,,0.5336302382701475,0.5336302382701475,1.0,0.47500000000000003,0.5367959148970752,0.5454921911253842,16.0,0.6051098932198107,0.0,0.0
focus_brainfm_75e24ce0b36d__180s,focus_brainfm_75e24ce0b36d,focus,discovery,180.0,path_acoustic_phase,phase_lifted_path_homology,89,,,0.4479785103926143,0.4479785103926143,1.0,0.375,0.46332925535378033,0.5028491854358995,26.0,0.47843690859608323,0.0,0.0
focus_brainfm_75e24ce0b36d__180s,focus_brainfm_75e24ce0b36d,focus,discovery,180.0,path_rhythm_phase,phase_lifted_path_homology,89,,,0.4533991253771538,0.4533991253771538,1.0,0.425,0.4569529974652902,0.46812640317586846,12.0,0.27047245917804186,0.0,0.0
focus_brainfm_75e24ce0b36d__300s,focus_brainfm_75e24ce0b36d,focus,discovery,300.0,path_acoustic_phase,phase_lifted_path_homology,149,,,0.4642973286312942,0.4642973286312942,1.0,0.425,0.46485987361167225,0.5081830737676046,26.0,0.39881796480863385,0.0,0.0
focus_brainfm_75e24ce0b36d__300s,focus_brainfm_75e24ce0b36d,focus,discovery,300.0,path_rhythm_phase,phase_lifted_path_homology,149,,,0.38455491872761677,0.38455491872761677,1.0,0.325,0.4030791221538786,0.44045722943399945,26.0,0.23011247233301346,0.0,0.0
focus_brainfm_76c5a1328431__180s,focus_brainfm_76c5a1328431,focus,discovery,180.0,path_acoustic_phase,phase_lifted_path_homology,89,,,0.41099287646304805,0.41099287646304805,1.0,0.375,0.4203423914488263,0.4464198336482135,12.0,0.3428673975719756,0.0,0.0
focus_brainfm_76c5a1328431__180s,focus_brainfm_76c5a1328431,focus,discovery,180.0,path_rhythm_phase,phase_lifted_path_homology,89,,,0.46668166631739433,0.46668166631739433,1.0,0.425,0.46743708381695354,0.4722812350731193,16.0,0.2643607101110992,0.0,0.0
focus_brainfm_76c5a1328431__300s,focus_brainfm_76c5a1328431,focus,discovery,300.0,path_acoustic_phase,phase_lifted_path_homology,149,,,0.4147828688966338,0.4147828688966338,1.0,0.375,0.4186557631591511,0.445929482506745,22.0,0.19632319751253569,0.0,0.0
focus_brainfm_76c5a1328431__300s,focus_brainfm_76c5a1328431,focus,discovery,300.0,path_rhythm_phase,phase_lifted_path_homology,149,,,0.4513503062697163,0.4513503062697163,1.0,0.425,0.4580126740203927,0.4720666194066356,32.0,0.2978524139790708,0.0,0.0
focus_brainfm_7865724e7369__180s,focus_brainfm_7865724e7369,focus,discovery,180.0,path_acoustic_phase,phase_lifted_path_homology,89,,,0.4137336913908796,0.4137336913908796,1.0,0.375,0.4208773169027692,0.44852363396342004,14.0,0.3360326739564635,0.0,0.0
focus_brainfm_7865724e7369__180s,focus_brainfm_7865724e7369,focus,discovery,180.0,path_rhythm_phase,phase_lifted_path_homology,89,,,0.43973008357502863,0.43973008357502863,1.0,0.375,0.44510978575807114,0.4632726901232261,14.0,0.18437831784959324,0.0,0.0
focus_brainfm_7865724e7369__300s,focus_brainfm_7865724e7369,focus,discovery,300.0,path_acoustic_phase,phase_lifted_path_homology,149,,,0.36955823351619543,0.36955823351619543,1.0,0.325,0.3915494801420164,0.43356020905404674,26.0,0.2192032472410872,0.0,0.0
focus_brainfm_7865724e7369__300s,focus_brainfm_7865724e7369,focus,discovery,300.0,path_rhythm_phase,phase_lifted_path_homology,149,,,0.43928738301785714,0.43928738301785714,1.0,0.375,0.4414593211194976,0.45291769906054014,30.0,0.09531970386632471,0.0,0.0
focus_brainfm_78a3e061ed13__180s,focus_brainfm_78a3e061ed13,focus,discovery,180.0,path_acoustic_phase,phase_lifted_path_homology,89,,,0.5453338974653904,0.5453338974653904,1.0,0.47500000000000003,0.5471050685333303,0.5513415483855998,12.0,0.49767525833955195,0.0,0.0
focus_brainfm_78a3e061ed13__180s,focus_brainfm_78a3e061ed13,focus,discovery,180.0,path_rhythm_phase,phase_lifted_path_homology,89,,,0.5752496990367423,0.5752496990367423,1.0,0.5249999999999999,0.5757358921484557,0.5817435932944418,12.0,0.47012841726883603,0.0,0.0
focus_brainfm_78a3e061ed13__300s,focus_brainfm_78a3e061ed13,focus,discovery,300.0,path_acoustic_phase,phase_lifted_path_homology,149,,,0.5193298222354116,0.5193298222354116,1.0,0.47500000000000003,0.5293748996227576,0.5517563568674042,12.0,0.5078421967302901,0.0,0.0
focus_brainfm_78a3e061ed13__300s,focus_brainfm_78a3e061ed13,focus,discovery,300.0,path_rhythm_phase,phase_lifted_path_homology,149,,,0.5753824306616665,0.5753824306616665,1.0,0.5249999999999999,0.5780606691280146,0.5859684005728346,20.0,0.6224534923796401,0.0,0.0
focus_brainfm_79ab8d88d813__180s,focus_brainfm_79ab8d88d813,focus,discovery,180.0,path_acoustic_phase,phase_lifted_path_homology,89,,,0.5306295898393593,0.5306295898393593,1.0,0.47500000000000003,0.5399787147723676,0.5605767649112225,14.0,0.8208710622494391,0.0,0.0
focus_brainfm_79ab8d88d813__180s,focus_brainfm_79ab8d88d813,focus,discovery,180.0,path_rhythm_phase,phase_lifted_path_homology,89,,,0.26685799561677104,0.26685799561677104,1.0,0.225,0.27760541026882757,0.35520491852608377,56.0,0.19055035638227713,0.0,0.0
focus_brainfm_79ab8d88d813__300s,focus_brainfm_79ab8d88d813,focus,discovery,300.0,path_acoustic_phase,phase_lifted_path_homology,149,,,0.5485218528123853,0.5485218528123853,1.0,0.47500000000000003,0.5510277476983874,0.5670880713420154,14.0,0.6621929026218079,0.0,0.0
focus_brainfm_79ab8d88d813__300s,focus_brainfm_79ab8d88d813,focus,discovery,300.0,path_rhythm_phase,phase_lifted_path_homology,149,,,0.36432891729412487,0.36432891729412487,1.0,0.325,0.3679156906060299,0.39803955454317874,22.0,0.16371727224850474,0.0,0.0
focus_brainfm_7a8802b554e6__180s,focus_brainfm_7a8802b554e6,focus,discovery,180.0,path_acoustic_phase,phase_lifted_path_homology,89,,,0.42691034323644134,0.42691034323644134,1.0,0.375,0.42732997975360487,0.4345433862839821,12.0,0.3655099550926524,0.0,0.0
focus_brainfm_7a8802b554e6__180s,focus_brainfm_7a8802b554e6,focus,discovery,180.0,path_rhythm_phase,phase_lifted_path_homology,89,,,0.5058753934932565,0.5058753934932565,1.0,0.47500000000000003,0.5121750756311054,0.5260401229510486,12.0,0.6736269267359011,0.0,0.0
focus_brainfm_7a8802b554e6__300s,focus_brainfm_7a8802b554e6,focus,discovery,300.0,path_acoustic_phase,phase_lifted_path_homology,149,,,0.41816989244383596,0.41816989244383596,1.0,0.375,0.4292086034542963,0.4490425677949726,12.0,0.3467736792679561,0.0,0.0
focus_brainfm_7a8802b554e6__300s,focus_brainfm_7a8802b554e6,focus,discovery,300.0,path_rhythm_phase,phase_lifted_path_homology,149,,,0.48366810763100015,0.48366810763100015,1.0,0.425,0.4837188986133957,0.5281348714314295,16.0,0.6755246076528608,0.0,0.0
focus_brainfm_7dc9ae484bba__180s,focus_brainfm_7dc9ae484bba,focus,discovery,180.0,path_acoustic_phase,phase_lifted_path_homology,89,,,0.3949008538524012,0.3949008538524012,1.0,0.325,0.3994443084574604,0.41677243604765346,12.0,0.2953244887710087,0.0,0.0
focus_brainfm_7dc9ae484bba__180s,focus_brainfm_7dc9ae484bba,focus,discovery,180.0,path_rhythm_phase,phase_lifted_path_homology,89,,,0.3199926999455329,0.3199926999455329,1.0,0.275,0.33168469044829113,0.3814315817305957,40.0,0.07541304429909623,0.0,0.0
focus_brainfm_7dc9ae484bba__300s,focus_brainfm_7dc9ae484bba,focus,discovery,300.0,path_acoustic_phase,phase_lifted_path_homology,149,,,0.39061184453651343,0.39061184453651343,1.0,0.325,0.3964869473514963,0.4072979389186901,12.0,0.20176723582539058,0.0,0.0
focus_brainfm_7dc9ae484bba__300s,focus_brainfm_7dc9ae484bba,focus,discovery,300.0,path_rhythm_phase,phase_lifted_path_homology,149,,,0.3384605399394426,0.3384605399394426,1.0,0.275,0.3426129829116255,0.35479244048821185,26.0,0.08052062523753101,0.0,0.0
focus_brainfm_7dedc3ff23a9__180s,focus_brainfm_7dedc3ff23a9,focus,discovery,180.0,path_acoustic_phase,phase_lifted_path_homology,89,,,0.47685156011393626,0.47685156011393626,1.0,0.425,0.48206113184206734,0.49900584234744594,16.0,0.30629462217075654,0.0,0.0
focus_brainfm_7dedc3ff23a9__180s,focus_brainfm_7dedc3ff23a9,focus,discovery,180.0,path_rhythm_phase,phase_lifted_path_homology,89,,,0.4073076357670038,0.4073076357670038,1.0,0.375,0.42589551171491885,0.46266728201808754,12.0,0.27370009475262713,0.0,0.0
focus_brainfm_7dedc3ff23a9__300s,focus_brainfm_7dedc3ff23a9,focus,discovery,300.0,path_acoustic_phase,phase_lifted_path_homology,149,,,0.5118834428558806,0.5118834428558806,1.0,0.47500000000000003,0.5192857292566142,0.5440748538217482,16.0,0.5666459282413675,0.0,0.0
focus_brainfm_7dedc3ff23a9__300s,focus_brainfm_7dedc3ff23a9,focus,discovery,300.0,path_rhythm_phase,phase_lifted_path_homology,149,,,0.456084976143031,0.456084976143031,1.0,0.425,0.46013542452843037,0.4705590303180698,16.0,0.2520599370674419,0.0,0.0
focus_brainfm_801b11dffc87__180s,focus_brainfm_801b11dffc87,focus,discovery,180.0,path_acoustic_phase,phase_lifted_path_homology,89,,,0.4595857751003201,0.4595857751003201,1.0,0.425,0.4675099609728106,0.521303356125126,12.0,0.5568713902768778,0.0,0.0
focus_brainfm_801b11dffc87__180s,focus_brainfm_801b11dffc87,focus,discovery,180.0,path_rhythm_phase,phase_lifted_path_homology,89,,,0.49320088414901436,0.49320088414901436,1.0,0.425,0.49950530041136665,0.5596621954156811,12.0,0.3631370659567221,0.0,0.0
focus_brainfm_801b11dffc87__300s,focus_brainfm_801b11dffc87,focus,discovery,300.0,path_acoustic_phase,phase_lifted_path_homology,143,,,0.5299468252536961,0.5299468252536961,1.0,0.47500000000000003,0.5367766619598267,0.5812163160438799,12.0,0.5434003514954806,0.0,0.0
focus_brainfm_801b11dffc87__300s,focus_brainfm_801b11dffc87,focus,discovery,300.0,path_rhythm_phase,phase_lifted_path_homology,143,,,0.551387794590124,0.551387794590124,1.0,0.5249999999999999,0.5571485891535584,0.5962859797020434,12.0,0.3959265787482426,0.0,0.0
focus_brainfm_80d50779ccb9__180s,focus_brainfm_80d50779ccb9,focus,discovery,180.0,path_acoustic_phase,phase_lifted_path_homology,89,,,0.4202326944776624,0.4202326944776624,1.0,0.375,0.42107728975272307,0.44412427652235936,12.0,0.23421786070773232,0.0,0.0
focus_brainfm_80d50779ccb9__180s,focus_brainfm_80d50779ccb9,focus,discovery,180.0,path_rhythm_phase,phase_lifted_path_homology,89,,,0.396158424335312,0.396158424335312,1.0,0.325,0.39912641774506596,0.41851780461606775,12.0,0.17639881461788254,0.0,0.0
focus_brainfm_80d50779ccb9__300s,focus_brainfm_80d50779ccb9,focus,discovery,300.0,path_acoustic_phase,phase_lifted_path_homology,149,,,0.46386918458323195,0.46386918458323195,1.0,0.425,0.4672318808067472,0.4767582817520364,12.0,0.34712023085298704,0.0,0.0
focus_brainfm_80d50779ccb9__300s,focus_brainfm_80d50779ccb9,focus,discovery,300.0,path_rhythm_phase,phase_lifted_path_homology,149,,,0.4088511835441589,0.4088511835441589,1.0,0.375,0.4128622393033588,0.4335049357821455,14.0,0.23148097044240656,0.0,0.0
focus_brainfm_812a1c5751aa__180s,focus_brainfm_812a1c5751aa,focus,discovery,180.0,path_acoustic_phase,phase_lifted_path_homology,89,,,0.6493785581652902,0.6493785581652902,1.0,0.575,0.653859113372116,0.6696652579158311,12.0,0.933151849768528,0.0,0.0
focus_brainfm_812a1c5751aa__180s,focus_brainfm_812a1c5751aa,focus,discovery,180.0,path_rhythm_phase,phase_lifted_path_homology,89,,,0.5736332302610603,0.5736332302610603,1.0,0.5249999999999999,0.5749266201708184,0.6152318571459797,12.0,0.8552840840637108,0.0,0.0
focus_brainfm_812a1c5751aa__300s,focus_brainfm_812a1c5751aa,focus,discovery,300.0,path_acoustic_phase,phase_lifted_path_homology,149,,,0.593617538247187,0.593617538247187,1.0,0.5249999999999999,0.6010242877375807,0.6263383898203225,12.0,0.7889490190390035,0.0,0.0
focus_brainfm_812a1c5751aa__300s,focus_brainfm_812a1c5751aa,focus,discovery,300.0,path_rhythm_phase,phase_lifted_path_homology,149,,,0.5582440575621851,0.5582440575621851,1.0,0.5249999999999999,0.5600422508658711,0.5687629209552002,12.0,0.6688310389226676,0.0,0.0
focus_brainfm_823b5f5a9bd8__180s,focus_brainfm_823b5f5a9bd8,focus,discovery,180.0,path_acoustic_phase,phase_lifted_path_homology,89,,,0.3615638514740029,0.3615638514740029,1.0,0.325,0.37159489512315924,0.45707145049479636,46.0,0.4642415764801211,0.0,0.0
focus_brainfm_823b5f5a9bd8__180s,focus_brainfm_823b5f5a9bd8,focus,discovery,180.0,path_rhythm_phase,phase_lifted_path_homology,89,,,0.4463674777817054,0.4463674777817054,1.0,0.375,0.45479125823495076,0.484340571599348,12.0,0.3704080373403229,0.0,0.0
focus_brainfm_823b5f5a9bd8__300s,focus_brainfm_823b5f5a9bd8,focus,discovery,300.0,path_acoustic_phase,phase_lifted_path_homology,149,,,0.39494533885932537,0.39494533885932537,1.0,0.325,0.4184219166504004,0.46992134556575116,22.0,0.439337944502343,0.0,0.0
focus_brainfm_823b5f5a9bd8__300s,focus_brainfm_823b5f5a9bd8,focus,discovery,300.0,path_rhythm_phase,phase_lifted_path_homology,149,,,0.4655151965058291,0.4655151965058291,1.0,0.425,0.4695241695344779,0.4809236394410179,12.0,0.2525254289447483,0.0,0.0
focus_brainfm_82506ed4503c__180s,focus_brainfm_82506ed4503c,focus,discovery,180.0,path_acoustic_phase,phase_lifted_path_homology,89,,,0.3781779268140802,0.3781779268140802,1.0,0.325,0.4016105053231285,0.45729730341482583,16.0,0.28433529049361117,0.0,0.0
focus_brainfm_82506ed4503c__180s,focus_brainfm_82506ed4503c,focus,discovery,180.0,path_rhythm_phase,phase_lifted_path_homology,89,,,0.43354088187089346,0.43354088187089346,1.0,0.375,0.43640923737471743,0.45234000294932847,16.0,0.16508682320876245,0.0,0.0
focus_brainfm_82506ed4503c__300s,focus_brainfm_82506ed4503c,focus,discovery,300.0,path_acoustic_phase,phase_lifted_path_homology,149,,,0.46432486410134755,0.46432486410134755,1.0,0.425,0.46865146291760507,0.486312754724921,16.0,0.31670994947822717,0.0,0.0
focus_brainfm_82506ed4503c__300s,focus_brainfm_82506ed4503c,focus,discovery,300.0,path_rhythm_phase,phase_lifted_path_homology,149,,,0.4774970052415619,0.4774970052415619,1.0,0.425,0.48127701666313905,0.49212118494760854,16.0,0.1449323345232284,0.0,0.0
focus_brainfm_82b3c16efb8d__180s,focus_brainfm_82b3c16efb8d,focus,discovery,180.0,path_acoustic_phase,phase_lifted_path_homology,89,,,0.47866695607094734,0.47866695607094734,1.0,0.425,0.4824925265807353,0.5215227938231747,22.0,0.4210553584098544,0.0,0.0
focus_brainfm_82b3c16efb8d__180s,focus_brainfm_82b3c16efb8d,focus,discovery,180.0,path_rhythm_phase,phase_lifted_path_homology,89,,,0.5327464180046568,0.5327464180046568,1.0,0.47500000000000003,0.5328493840290301,0.55701255191442,12.0,0.24918491445966384,0.0,0.0
focus_brainfm_82b3c16efb8d__300s,focus_brainfm_82b3c16efb8d,focus,discovery,300.0,path_acoustic_phase,phase_lifted_path_homology,149,,,0.45551199786893426,0.45551199786893426,1.0,0.425,0.45726452333459844,0.47710156315927743,22.0,0.27077391501839454,0.0,0.0
focus_brainfm_82b3c16efb8d__300s,focus_brainfm_82b3c16efb8d,focus,discovery,300.0,path_rhythm_phase,phase_lifted_path_homology,149,,,0.5190252460231781,0.5190252460231781,1.0,0.47500000000000003,0.524380703386249,0.5591238420877277,12.0,0.5158827420626718,0.0,0.0
focus_brainfm_84124ab632f6__180s,focus_brainfm_84124ab632f6,focus,discovery,180.0,path_acoustic_phase,phase_lifted_path_homology,89,,,0.3264920951032595,0.3264920951032595,1.0,0.275,0.3774930785368298,0.5044237930008548,22.0,0.5256468970127501,0.0,0.0
focus_brainfm_84124ab632f6__180s,focus_brainfm_84124ab632f6,focus,discovery,180.0,path_rhythm_phase,phase_lifted_path_homology,89,,,0.44054397846048804,0.44054397846048804,1.0,0.375,0.4435511595583058,0.46467042144171017,14.0,0.1829801690294054,0.0,0.0
focus_brainfm_84124ab632f6__300s,focus_brainfm_84124ab632f6,focus,discovery,300.0,path_acoustic_phase,phase_lifted_path_homology,149,,,0.3603066983945411,0.3603066983945411,1.0,0.325,0.38384942154417495,0.4934788038717068,22.0,0.30910813036847684,0.0,0.0
focus_brainfm_84124ab632f6__300s,focus_brainfm_84124ab632f6,focus,discovery,300.0,path_rhythm_phase,phase_lifted_path_homology,149,,,0.49391501498146834,0.49391501498146834,1.0,0.425,0.5061382933841501,0.5331863131440482,20.0,0.5903245549542557,0.0,0.0
focus_brainfm_856adfeebbbe__180s,focus_brainfm_856adfeebbbe,focus,discovery,180.0,path_acoustic_phase,phase_lifted_path_homology,89,,,0.3373669188825776,0.3373669188825776,1.0,0.275,0.34097190654068116,0.35039569175419677,14.0,0.15537662118683349,0.0,0.0
focus_brainfm_856adfeebbbe__180s,focus_brainfm_856adfeebbbe,focus,discovery,180.0,path_rhythm_phase,phase_lifted_path_homology,89,,,0.32425300611730634,0.32425300611730634,1.0,0.275,0.3250648342392978,0.3469776365054653,58.0,0.23038614729101492,0.0,0.0
focus_brainfm_856adfeebbbe__300s,focus_brainfm_856adfeebbbe,focus,discovery,300.0,path_acoustic_phase,phase_lifted_path_homology,149,,,0.36173803389435955,0.36173803389435955,1.0,0.325,0.3625964226143567,0.37809180346719873,16.0,0.12759422917714835,0.0,0.0
focus_brainfm_856adfeebbbe__300s,focus_brainfm_856adfeebbbe,focus,discovery,300.0,path_rhythm_phase,phase_lifted_path_homology,149,,,0.37104747780494396,0.37104747780494396,1.0,0.325,0.376573263138675,0.3968463109086242,12.0,0.13814146833275998,0.0,0.0
focus_brainfm_85916607e7d0__180s,focus_brainfm_85916607e7d0,focus,discovery,180.0,path_acoustic_phase,phase_lifted_path_homology,89,,,0.45102753318781924,0.45102753318781924,1.0,0.425,0.4547225131386636,0.48010112846585534,22.0,0.3068712838015142,0.0,0.0
focus_brainfm_85916607e7d0__180s,focus_brainfm_85916607e7d0,focus,discovery,180.0,path_rhythm_phase,phase_lifted_path_homology,89,,,0.5077060247406447,0.5077060247406447,1.0,0.47500000000000003,0.5124443330343407,0.5433480186511624,12.0,0.3683612813499654,0.0,0.0
focus_brainfm_85916607e7d0__300s,focus_brainfm_85916607e7d0,focus,discovery,300.0,path_acoustic_phase,phase_lifted_path_homology,149,,,0.4443365000069125,0.4443365000069125,1.0,0.375,0.4645392423671298,0.4987819153728423,22.0,0.38658192757051046,0.0,0.0
focus_brainfm_85916607e7d0__300s,focus_brainfm_85916607e7d0,focus,discovery,300.0,path_rhythm_phase,phase_lifted_path_homology,149,,,0.49621028165444153,0.49621028165444153,1.0,0.425,0.5057277956006996,0.541278888967426,12.0,0.4102756213468104,0.0,0.0
focus_brainfm_8618697fc2f4__180s,focus_brainfm_8618697fc2f4,focus,discovery,180.0,path_acoustic_phase,phase_lifted_path_homology,89,,,0.47872911519816835,0.47872911519816835,1.0,0.425,0.4788291281504797,0.48718365565714206,12.0,0.3253631096520604,0.0,0.0
focus_brainfm_8618697fc2f4__180s,focus_brainfm_8618697fc2f4,focus,discovery,180.0,path_rhythm_phase,phase_lifted_path_homology,89,,,0.4646334397565828,0.4646334397565828,1.0,0.425,0.4808098436052294,0.5370028235515577,12.0,0.6057194195391293,0.0,0.0
focus_brainfm_8618697fc2f4__300s,focus_brainfm_8618697fc2f4,focus,discovery,300.0,path_acoustic_phase,phase_lifted_path_homology,149,,,0.4916267682944675,0.4916267682944675,1.0,0.425,0.49225007972867857,0.5136797308869306,12.0,0.2634353243556983,0.0,0.0
focus_brainfm_8618697fc2f4__300s,focus_brainfm_8618697fc2f4,focus,discovery,300.0,path_rhythm_phase,phase_lifted_path_homology,149,,,0.46152835427269956,0.46152835427269956,1.0,0.425,0.4616775900061782,0.47807442102785674,12.0,0.3404191329158084,0.0,0.0
focus_brainfm_8c32c5db8a78__180s,focus_brainfm_8c32c5db8a78,focus,discovery,180.0,path_acoustic_phase,phase_lifted_path_homology,89,,,0.40285004887345466,0.40285004887345466,1.0,0.375,0.40499877562263115,0.4219447555237068,16.0,0.16488477797281575,0.0,0.0
focus_brainfm_8c32c5db8a78__180s,focus_brainfm_8c32c5db8a78,focus,discovery,180.0,path_rhythm_phase,phase_lifted_path_homology,89,,,0.4815722565514079,0.4815722565514079,1.0,0.425,0.48510557710270863,0.5178462516712273,12.0,0.43649582512450724,0.0,0.0
focus_brainfm_8c32c5db8a78__300s,focus_brainfm_8c32c5db8a78,focus,discovery,300.0,path_acoustic_phase,phase_lifted_path_homology,149,,,0.4533882897498332,0.4533882897498332,1.0,0.425,0.45735718273567877,0.4745164641395028,18.0,0.27650352002163014,0.0,0.0
focus_brainfm_8c32c5db8a78__300s,focus_brainfm_8c32c5db8a78,focus,discovery,300.0,path_rhythm_phase,phase_lifted_path_homology,149,,,0.43228214464752185,0.43228214464752185,1.0,0.375,0.44948089070407,0.49617546237401494,36.0,0.185819320800919,0.0,0.0
focus_brainfm_8c38160a980c__180s,focus_brainfm_8c38160a980c,focus,discovery,180.0,path_acoustic_phase,phase_lifted_path_homology,89,,,0.41785994821222916,0.41785994821222916,1.0,0.375,0.41949243285795623,0.42861014115457813,16.0,0.3135858817435804,0.0,0.0
focus_brainfm_8c38160a980c__180s,focus_brainfm_8c38160a980c,focus,discovery,180.0,path_rhythm_phase,phase_lifted_path_homology,89,,,0.4476943144356766,0.4476943144356766,1.0,0.375,0.4591321572245396,0.5022773394307146,12.0,0.5017099207566023,0.0,0.0
focus_brainfm_8c38160a980c__300s,focus_brainfm_8c38160a980c,focus,discovery,300.0,path_acoustic_phase,phase_lifted_path_homology,149,,,0.46227681105742996,0.46227681105742996,1.0,0.425,0.4628724001258602,0.4661246412621665,14.0,0.30029150600263954,0.0,0.0
focus_brainfm_8c38160a980c__300s,focus_brainfm_8c38160a980c,focus,discovery,300.0,path_rhythm_phase,phase_lifted_path_homology,149,,,0.5512696288845726,0.5512696288845726,1.0,0.5249999999999999,0.5537236728975714,0.5686876455319306,12.0,0.5491162943158843,0.0,0.0
focus_brainfm_8cb17f22a272__180s,focus_brainfm_8cb17f22a272,focus,discovery,180.0,path_acoustic_phase,phase_lifted_path_homology,89,,,0.3621971048185725,0.3621971048185725,1.0,0.325,0.36905600049236875,0.38757325032295137,20.0,0.09177377772504292,0.0,0.0
focus_brainfm_8cb17f22a272__180s,focus_brainfm_8cb17f22a272,focus,discovery,180.0,path_rhythm_phase,phase_lifted_path_homology,89,,,0.27426380267955713,0.27426380267955713,1.0,0.225,0.30127799623363094,0.3693898686366497,48.0,0.12356658576792157,0.0,0.0
focus_brainfm_8cb17f22a272__300s,focus_brainfm_8cb17f22a272,focus,discovery,300.0,path_acoustic_phase,phase_lifted_path_homology,149,,,0.3371481282643466,0.3371481282643466,1.0,0.275,0.3494661629762006,0.3707582919258137,22.0,0.1107141585003717,0.0,0.0
focus_brainfm_8cb17f22a272__300s,focus_brainfm_8cb17f22a272,focus,discovery,300.0,path_rhythm_phase,phase_lifted_path_homology,149,,,0.37328529789998893,0.37328529789998893,1.0,0.325,0.37600208398484825,0.3893246903274936,34.0,0.08757325185405529,0.0,0.0
focus_brainfm_8d3e7e619696__180s,focus_brainfm_8d3e7e619696,focus,discovery,180.0,path_acoustic_phase,phase_lifted_path_homology,89,,,0.4492755482598194,0.4492755482598194,1.0,0.375,0.45445640343592003,0.4849741009415087,14.0,0.351020860974233,0.0,0.0
focus_brainfm_8d3e7e619696__180s,focus_brainfm_8d3e7e619696,focus,discovery,180.0,path_rhythm_phase,phase_lifted_path_homology,89,,,0.3447914331499702,0.3447914331499702,1.0,0.275,0.3541270845548593,0.3795314772852332,30.0,0.12851795771909869,0.0,0.0
focus_brainfm_8d3e7e619696__300s,focus_brainfm_8d3e7e619696,focus,discovery,300.0,path_acoustic_phase,phase_lifted_path_homology,149,,,0.4621719141390046,0.4621719141390046,1.0,0.425,0.4627457462145132,0.47528267656581097,14.0,0.3041417185781288,0.0,0.0
focus_brainfm_8d3e7e619696__300s,focus_brainfm_8d3e7e619696,focus,discovery,300.0,path_rhythm_phase,phase_lifted_path_homology,149,,,0.3949534576704613,0.3949534576704613,1.0,0.325,0.39834534182889625,0.421967649518235,30.0,0.13277836457484415,0.0,0.0
focus_brainfm_8f019c360b8d__180s,focus_brainfm_8f019c360b8d,focus,discovery,180.0,path_acoustic_phase,phase_lifted_path_homology,89,,,0.3686867869321949,0.3686867869321949,1.0,0.325,0.37940626123594456,0.40271552585592074,12.0,0.36988426168377775,0.0,0.0
focus_brainfm_8f019c360b8d__180s,focus_brainfm_8f019c360b8d,focus,discovery,180.0,path_rhythm_phase,phase_lifted_path_homology,89,,,0.25417856743829875,0.25417856743829875,1.0,0.225,0.27986049886217534,0.3468685114905623,12.0,0.39638182901263064,0.0,0.0
focus_brainfm_8f019c360b8d__300s,focus_brainfm_8f019c360b8d,focus,discovery,300.0,path_acoustic_phase,phase_lifted_path_homology,149,,,0.4068716989724361,0.4068716989724361,1.0,0.375,0.4126801738154813,0.42583375980369326,12.0,0.2904845114227379,0.0,0.0
focus_brainfm_8f019c360b8d__300s,focus_brainfm_8f019c360b8d,focus,discovery,300.0,path_rhythm_phase,phase_lifted_path_homology,149,,,0.36995916085698966,0.36995916085698966,1.0,0.325,0.3927019968197153,0.4371069639488452,12.0,0.2709827767406485,0.0,0.0
focus_brainfm_9059993beceb__180s,focus_brainfm_9059993beceb,focus,discovery,180.0,path_acoustic_phase,phase_lifted_path_homology,89,,,0.436132769676807,0.436132769676807,1.0,0.375,0.4406185453464973,0.4569771237322468,12.0,0.2069159831003996,0.0,0.0
focus_brainfm_9059993beceb__180s,focus_brainfm_9059993beceb,focus,discovery,180.0,path_rhythm_phase,phase_lifted_path_homology,89,,,0.4250147161645447,0.4250147161645447,1.0,0.375,0.4307473631048647,0.44787797178309535,38.0,0.17873066610125177,0.0,0.0
focus_brainfm_9059993beceb__300s,focus_brainfm_9059993beceb,focus,discovery,300.0,path_acoustic_phase,phase_lifted_path_homology,149,,,0.49289744101121413,0.49289744101121413,1.0,0.425,0.4932571848498075,0.49579448199968956,12.0,0.14269314371634478,0.0,0.0
focus_brainfm_9059993beceb__300s,focus_brainfm_9059993beceb,focus,discovery,300.0,path_rhythm_phase,phase_lifted_path_homology,149,,,0.4393532848882018,0.4393532848882018,1.0,0.375,0.44077829991273487,0.4461948267619382,14.0,0.10140076503825801,0.0,0.0
focus_brainfm_90e309c5e31f__180s,focus_brainfm_90e309c5e31f,focus,discovery,180.0,path_acoustic_phase,phase_lifted_path_homology,89,,,0.37321746739924877,0.37321746739924877,1.0,0.325,0.3777198269492451,0.40974538018209516,40.0,0.17986112270777654,0.0,0.0
focus_brainfm_90e309c5e31f__180s,focus_brainfm_90e309c5e31f,focus,discovery,180.0,path_rhythm_phase,phase_lifted_path_homology,89,,,0.35194848465379835,0.35194848465379835,1.0,0.325,0.36685710877376454,0.40251125148706884,54.0,0.10445067221687854,0.0,0.0
focus_brainfm_90e309c5e31f__300s,focus_brainfm_90e309c5e31f,focus,discovery,300.0,path_acoustic_phase,phase_lifted_path_homology,149,,,0.3244843075640674,0.3244843075640674,1.0,0.275,0.3364247037393334,0.39342135110345394,38.0,0.07708430631917706,0.0,0.0
focus_brainfm_90e309c5e31f__300s,focus_brainfm_90e309c5e31f,focus,discovery,300.0,path_rhythm_phase,phase_lifted_path_homology,149,,,0.287633015883041,0.287633015883041,1.0,0.225,0.3089709400220094,0.35068275028819157,54.0,0.08538632823452164,0.0,0.0
focus_brainfm_91092ec8ab07__180s,focus_brainfm_91092ec8ab07,focus,discovery,180.0,path_acoustic_phase,phase_lifted_path_homology,89,,,0.5008493848476573,0.5008493848476573,1.0,0.47500000000000003,0.5044186233377258,0.5149876068524121,12.0,0.60693515765547,0.0,0.0
focus_brainfm_91092ec8ab07__180s,focus_brainfm_91092ec8ab07,focus,discovery,180.0,path_rhythm_phase,phase_lifted_path_homology,89,,,0.46533223441235066,0.46533223441235066,1.0,0.425,0.4695229358746266,0.4998556623017381,12.0,0.321033517333688,0.0,0.0
focus_brainfm_91092ec8ab07__300s,focus_brainfm_91092ec8ab07,focus,discovery,300.0,path_acoustic_phase,phase_lifted_path_homology,149,,,0.5182545105406867,0.5182545105406867,1.0,0.47500000000000003,0.5262819093369826,0.5411417735123217,12.0,0.5063177484898023,0.0,0.0
focus_brainfm_91092ec8ab07__300s,focus_brainfm_91092ec8ab07,focus,discovery,300.0,path_rhythm_phase,phase_lifted_path_homology,149,,,0.548813389010408,0.548813389010408,1.0,0.47500000000000003,0.5506186480972595,0.5636360423087895,12.0,0.5132011658111337,0.0,0.0
focus_brainfm_91625e8d78c9__180s,focus_brainfm_91625e8d78c9,focus,discovery,180.0,path_acoustic_phase,phase_lifted_path_homology,89,,,0.4329622271305561,0.4329622271305561,1.0,0.375,0.43347588680798727,0.441866521751985,28.0,0.30202270224010985,0.0,0.0
focus_brainfm_91625e8d78c9__180s,focus_brainfm_91625e8d78c9,focus,discovery,180.0,path_rhythm_phase,phase_lifted_path_homology,89,,,0.34990306011072136,0.34990306011072136,1.0,0.275,0.3695189538532237,0.4450949880521701,32.0,0.34398224429826063,0.0,0.0
focus_brainfm_91625e8d78c9__300s,focus_brainfm_91625e8d78c9,focus,discovery,300.0,path_acoustic_phase,phase_lifted_path_homology,149,,,0.41836223994658744,0.41836223994658744,1.0,0.375,0.418375092358513,0.43282617722712163,28.0,0.24484598370919075,0.0,0.0
focus_brainfm_91625e8d78c9__300s,focus_brainfm_91625e8d78c9,focus,discovery,300.0,path_rhythm_phase,phase_lifted_path_homology,149,,,0.39994387320222163,0.39994387320222163,1.0,0.325,0.41400437702656995,0.4445688978195374,32.0,0.28701181644652496,0.0,0.0
focus_brainfm_91afdf8ae24f__180s,focus_brainfm_91afdf8ae24f,focus,discovery,180.0,path_acoustic_phase,phase_lifted_path_homology,89,,,0.3943504157418701,0.3943504157418701,1.0,0.325,0.3976134683538055,0.4118528277671298,22.0,0.2623005225620909,0.0,0.0
focus_brainfm_91afdf8ae24f__180s,focus_brainfm_91afdf8ae24f,focus,discovery,180.0,path_rhythm_phase,phase_lifted_path_homology,89,,,0.38797309806344654,0.38797309806344654,1.0,0.325,0.3901212855261029,0.4058476723538915,32.0,0.16006490686732566,0.0,0.0
focus_brainfm_91afdf8ae24f__300s,focus_brainfm_91afdf8ae24f,focus,discovery,300.0,path_acoustic_phase,phase_lifted_path_homology,149,,,0.44917713590982977,0.44917713590982977,1.0,0.375,0.44994722556374417,0.4599748407557848,22.0,0.25686391815064846,0.0,0.0
focus_brainfm_91afdf8ae24f__300s,focus_brainfm_91afdf8ae24f,focus,discovery,300.0,path_rhythm_phase,phase_lifted_path_homology,149,,,0.40426683678078534,0.40426683678078534,1.0,0.375,0.41051669660646295,0.4337211860055979,16.0,0.14029798555821427,0.0,0.0
focus_brainfm_925ffe6e1264__180s,focus_brainfm_925ffe6e1264,focus,discovery,180.0,path_acoustic_phase,phase_lifted_path_homology,89,,,0.4248388005326044,0.4248388005326044,1.0,0.375,0.4284419076502753,0.44326580394245335,22.0,0.2902917835905581,0.0,0.0
focus_brainfm_925ffe6e1264__180s,focus_brainfm_925ffe6e1264,focus,discovery,180.0,path_rhythm_phase,phase_lifted_path_homology,89,,,0.3711890884171151,0.3711890884171151,1.0,0.325,0.3814541452952593,0.4139661571092043,12.0,0.2043134266712474,0.0,0.0
focus_brainfm_925ffe6e1264__300s,focus_brainfm_925ffe6e1264,focus,discovery,300.0,path_acoustic_phase,phase_lifted_path_homology,149,,,0.46084043435333566,0.46084043435333566,1.0,0.425,0.46351257220409,0.4729359248215746,22.0,0.2876932878849707,0.0,0.0
focus_brainfm_925ffe6e1264__300s,focus_brainfm_925ffe6e1264,focus,discovery,300.0,path_rhythm_phase,phase_lifted_path_homology,149,,,0.37852510847212595,0.37852510847212595,1.0,0.325,0.3800134032597098,0.3921432596165774,30.0,0.19599823619793177,0.0,0.0
focus_brainfm_93196de7204f__180s,focus_brainfm_93196de7204f,focus,discovery,180.0,path_acoustic_phase,phase_lifted_path_homology,89,,,0.45337265174134783,0.45337265174134783,1.0,0.425,0.4539660548918628,0.45817235827554725,22.0,0.41243759521685086,0.0,0.0
focus_brainfm_93196de7204f__180s,focus_brainfm_93196de7204f,focus,discovery,180.0,path_rhythm_phase,phase_lifted_path_homology,89,,,0.4777556110115436,0.4777556110115436,1.0,0.425,0.47854567555235805,0.4834950709606421,12.0,0.5287962857674386,0.0,0.0
focus_brainfm_93196de7204f__300s,focus_brainfm_93196de7204f,focus,discovery,300.0,path_acoustic_phase,phase_lifted_path_homology,149,,,0.4572390034151897,0.4572390034151897,1.0,0.425,0.4586775990626715,0.4717431639527634,12.0,0.2944936509873224,0.0,0.0
focus_brainfm_93196de7204f__300s,focus_brainfm_93196de7204f,focus,discovery,300.0,path_rhythm_phase,phase_lifted_path_homology,149,,,0.48755074520497566,0.48755074520497566,1.0,0.425,0.4893203420705984,0.49623807033081374,12.0,0.46875830245301975,0.0,0.0
focus_brainfm_9428d07e79c8__180s,focus_brainfm_9428d07e79c8,focus,discovery,180.0,path_acoustic_phase,phase_lifted_path_homology,89,,,0.46987696627764003,0.46987696627764003,1.0,0.425,0.4723561864006262,0.4834132904805349,24.0,0.22934729756245031,0.0,0.0
focus_brainfm_9428d07e79c8__180s,focus_brainfm_9428d07e79c8,focus,discovery,180.0,path_rhythm_phase,phase_lifted_path_homology,89,,,0.40377716833728217,0.40377716833728217,1.0,0.375,0.41852745929843854,0.45412574211111223,24.0,0.13769975245331179,0.0,0.0
focus_brainfm_9428d07e79c8__300s,focus_brainfm_9428d07e79c8,focus,discovery,300.0,path_acoustic_phase,phase_lifted_path_homology,149,,,0.5105441457271215,0.5105441457271215,1.0,0.47500000000000003,0.5139771271475507,0.5292298768037437,24.0,0.15873002161262362,0.0,0.0
focus_brainfm_9428d07e79c8__300s,focus_brainfm_9428d07e79c8,focus,discovery,300.0,path_rhythm_phase,phase_lifted_path_homology,149,,,0.420441538691647,0.420441538691647,1.0,0.375,0.4237341526526912,0.45148931447052604,16.0,0.14490769635810508,0.0,0.0
focus_brainfm_97f80cfc97a6__180s,focus_brainfm_97f80cfc97a6,focus,discovery,180.0,path_acoustic_phase,phase_lifted_path_homology,89,,,0.3960117930872003,0.3960117930872003,1.0,0.325,0.3962507154469409,0.40810506833519783,12.0,0.2508229283663381,0.0,0.0
focus_brainfm_97f80cfc97a6__180s,focus_brainfm_97f80cfc97a6,focus,discovery,180.0,path_rhythm_phase,phase_lifted_path_homology,89,,,0.38554755729536294,0.38554755729536294,1.0,0.325,0.38738934029377514,0.39764074365362495,12.0,0.1656006404336865,0.0,0.0
focus_brainfm_97f80cfc97a6__300s,focus_brainfm_97f80cfc97a6,focus,discovery,300.0,path_acoustic_phase,phase_lifted_path_homology,149,,,0.43090358076417407,0.43090358076417407,1.0,0.375,0.43340264846227716,0.44176885966966944,12.0,0.34634465767598144,0.0,0.0
focus_brainfm_97f80cfc97a6__300s,focus_brainfm_97f80cfc97a6,focus,discovery,300.0,path_rhythm_phase,phase_lifted_path_homology,149,,,0.32229860844115865,0.32229860844115865,1.0,0.275,0.33977808224322925,0.412169128997236,40.0,0.2243189990043437,0.0,0.0
focus_brainfm_9a0e5e030f7e__180s,focus_brainfm_9a0e5e030f7e,focus,discovery,180.0,path_acoustic_phase,phase_lifted_path_homology,89,,,0.39368091637230146,0.39368091637230146,1.0,0.325,0.40802043223657253,0.44061137692141034,12.0,0.2180919611144081,0.0,0.0
focus_brainfm_9a0e5e030f7e__180s,focus_brainfm_9a0e5e030f7e,focus,discovery,180.0,path_rhythm_phase,phase_lifted_path_homology,89,,,0.3751951081994875,0.3751951081994875,1.0,0.325,0.3779520792859823,0.4164115273033994,30.0,0.17635764972702495,0.0,0.0
focus_brainfm_9a0e5e030f7e__300s,focus_brainfm_9a0e5e030f7e,focus,discovery,300.0,path_acoustic_phase,phase_lifted_path_homology,149,,,0.4308026938557255,0.4308026938557255,1.0,0.375,0.43132521070596574,0.44157044440928467,12.0,0.17212380432066166,0.0,0.0
focus_brainfm_9a0e5e030f7e__300s,focus_brainfm_9a0e5e030f7e,focus,discovery,300.0,path_rhythm_phase,phase_lifted_path_homology,149,,,0.40943094058993096,0.40943094058993096,1.0,0.375,0.4098437046677053,0.4401216839728846,60.0,0.16049882146354755,0.0,0.0
focus_brainfm_9e5b47d37dc0__180s,focus_brainfm_9e5b47d37dc0,focus,discovery,180.0,path_acoustic_phase,phase_lifted_path_homology,89,,,0.42178647433900457,0.42178647433900457,1.0,0.375,0.42460192976212574,0.4331468475371148,12.0,0.17386242443045163,0.0,0.0
focus_brainfm_9e5b47d37dc0__180s,focus_brainfm_9e5b47d37dc0,focus,discovery,180.0,path_rhythm_phase,phase_lifted_path_homology,89,,,0.408343740066635,0.408343740066635,1.0,0.375,0.40903924872926567,0.4163056790894741,12.0,0.14599350718286697,0.0,0.0
focus_brainfm_9e5b47d37dc0__300s,focus_brainfm_9e5b47d37dc0,focus,discovery,300.0,path_acoustic_phase,phase_lifted_path_homology,149,,,0.4149652610026193,0.4149652610026193,1.0,0.375,0.41706386875870405,0.4259992813410028,12.0,0.1830863220268184,0.0,0.0
focus_brainfm_9e5b47d37dc0__300s,focus_brainfm_9e5b47d37dc0,focus,discovery,300.0,path_rhythm_phase,phase_lifted_path_homology,149,,,0.32682690659942526,0.32682690659942526,1.0,0.275,0.34086070587222556,0.38158346493964523,64.0,0.12868418314290864,0.0,0.0
focus_brainfm_9e6c3b6f2a69__180s,focus_brainfm_9e6c3b6f2a69,focus,discovery,180.0,path_acoustic_phase,phase_lifted_path_homology,89,,,0.42613117706660697,0.42613117706660697,1.0,0.375,0.43583556010040136,0.47667269189641476,12.0,0.3005443074880696,0.0,0.0
focus_brainfm_9e6c3b6f2a69__180s,focus_brainfm_9e6c3b6f2a69,focus,discovery,180.0,path_rhythm_phase,phase_lifted_path_homology,89,,,0.39552527100379703,0.39552527100379703,1.0,0.325,0.4030835393176354,0.4292774521966674,12.0,0.19866038603059244,0.0,0.0
focus_brainfm_9e6c3b6f2a69__300s,focus_brainfm_9e6c3b6f2a69,focus,discovery,300.0,path_acoustic_phase,phase_lifted_path_homology,149,,,0.4685838315330799,0.4685838315330799,1.0,0.425,0.4764093764401015,0.5124503051978814,12.0,0.34290623604916437,0.0,0.0
focus_brainfm_9e6c3b6f2a69__300s,focus_brainfm_9e6c3b6f2a69,focus,discovery,300.0,path_rhythm_phase,phase_lifted_path_homology,149,,,0.39985790556127615,0.39985790556127615,1.0,0.325,0.40162380914050644,0.4246203766033199,12.0,0.21749729770090365,0.0,0.0
focus_brainfm_a159e3bd768a__180s,focus_brainfm_a159e3bd768a,focus,discovery,180.0,path_acoustic_phase,phase_lifted_path_homology,89,,,0.37218897980675597,0.37218897980675597,1.0,0.325,0.37531918536857567,0.3928267776962268,26.0,0.12826304775302555,0.0,0.0
focus_brainfm_a159e3bd768a__180s,focus_brainfm_a159e3bd768a,focus,discovery,180.0,path_rhythm_phase,phase_lifted_path_homology,89,,,0.3016370611556919,0.3016370611556919,1.0,0.275,0.3140478085753617,0.3487250104048774,40.0,0.09024529707095885,0.0,0.0
focus_brainfm_a159e3bd768a__300s,focus_brainfm_a159e3bd768a,focus,discovery,300.0,path_acoustic_phase,phase_lifted_path_homology,149,,,0.3739769374821507,0.3739769374821507,1.0,0.325,0.37847705403102516,0.38870814038232915,26.0,0.06685353990244125,0.0,0.0
focus_brainfm_a159e3bd768a__300s,focus_brainfm_a159e3bd768a,focus,discovery,300.0,path_rhythm_phase,phase_lifted_path_homology,149,,,0.3603374410761321,0.3603374410761321,1.0,0.325,0.3703457195276606,0.39226526751342955,50.0,0.12676993500434452,0.0,0.0
focus_brainfm_a239854f0577__180s,focus_brainfm_a239854f0577,focus,discovery,180.0,path_acoustic_phase,phase_lifted_path_homology,89,,,0.4394241755669691,0.4394241755669691,1.0,0.375,0.4419867370071984,0.449494672465559,30.0,0.3824791422943761,0.0,0.0
focus_brainfm_a239854f0577__180s,focus_brainfm_a239854f0577,focus,discovery,180.0,path_rhythm_phase,phase_lifted_path_homology,89,,,0.4205956348050512,0.4205956348050512,1.0,0.375,0.42712771677874073,0.4499003318596169,30.0,0.32482959874728845,0.0,0.0
focus_brainfm_a239854f0577__300s,focus_brainfm_a239854f0577,focus,discovery,300.0,path_acoustic_phase,phase_lifted_path_homology,149,,,0.4741212379601194,0.4741212379601194,1.0,0.425,0.4760832552613248,0.48486550637515274,30.0,0.4338589360815066,0.0,0.0
focus_brainfm_a239854f0577__300s,focus_brainfm_a239854f0577,focus,discovery,300.0,path_rhythm_phase,phase_lifted_path_homology,149,,,0.4570203701237769,0.4570203701237769,1.0,0.425,0.4584055079780977,0.4640393920754733,30.0,0.2452303512870302,0.0,0.0
focus_brainfm_a269a152d50c__180s,focus_brainfm_a269a152d50c,focus,discovery,180.0,path_acoustic_phase,phase_lifted_path_homology,89,,,0.42961428832268933,0.42961428832268933,1.0,0.375,0.4345336135235112,0.4578038088630721,12.0,0.25130823614531483,0.0,0.0
focus_brainfm_a269a152d50c__180s,focus_brainfm_a269a152d50c,focus,discovery,180.0,path_rhythm_phase,phase_lifted_path_homology,89,,,0.4927321580039998,0.4927321580039998,1.0,0.425,0.49494710370736433,0.5182760615288006,12.0,0.497798051268559,0.0,0.0
focus_brainfm_a269a152d50c__300s,focus_brainfm_a269a152d50c,focus,discovery,300.0,path_acoustic_phase,phase_lifted_path_homology,149,,,0.4445603227324457,0.4445603227324457,1.0,0.375,0.4492378478400328,0.4661891656981508,12.0,0.37318197984932644,0.0,0.0
focus_brainfm_a269a152d50c__300s,focus_brainfm_a269a152d50c,focus,discovery,300.0,path_rhythm_phase,phase_lifted_path_homology,149,,,0.5351897363057202,0.5351897363057202,1.0,0.47500000000000003,0.5379904231974214,0.5559354536685958,12.0,0.5650211208406533,0.0,0.0
focus_brainfm_a4fb3c5ac83c__180s,focus_brainfm_a4fb3c5ac83c,focus,discovery,180.0,path_acoustic_phase,phase_lifted_path_homology,89,,,0.3623196256215909,0.3623196256215909,1.0,0.325,0.36844833421814505,0.3984833203706262,12.0,0.10285283042514282,0.0,0.0
focus_brainfm_a4fb3c5ac83c__180s,focus_brainfm_a4fb3c5ac83c,focus,discovery,180.0,path_rhythm_phase,phase_lifted_path_homology,89,,,0.36374824088124297,0.36374824088124297,1.0,0.325,0.3663562669037582,0.37769671900231266,18.0,0.12837785302834348,0.0,0.0
focus_brainfm_a4fb3c5ac83c__300s,focus_brainfm_a4fb3c5ac83c,focus,discovery,300.0,path_acoustic_phase,phase_lifted_path_homology,149,,,0.39964006008150194,0.39964006008150194,1.0,0.325,0.39972028368494145,0.41052583795300346,12.0,0.12501103087125065,0.0,0.0
focus_brainfm_a4fb3c5ac83c__300s,focus_brainfm_a4fb3c5ac83c,focus,discovery,300.0,path_rhythm_phase,phase_lifted_path_homology,149,,,0.35586647345786265,0.35586647345786265,1.0,0.325,0.36317002668009996,0.38090499566742436,18.0,0.1004073731964712,0.0,0.0
focus_brainfm_a6264cc08a3c__180s,focus_brainfm_a6264cc08a3c,focus,discovery,180.0,path_acoustic_phase,phase_lifted_path_homology,89,,,0.4038017078788649,0.4038017078788649,1.0,0.375,0.40971506475678926,0.4323366713411417,20.0,0.23837216364686775,0.0,0.0
focus_brainfm_a6264cc08a3c__180s,focus_brainfm_a6264cc08a3c,focus,discovery,180.0,path_rhythm_phase,phase_lifted_path_homology,89,,,0.4680390701875493,0.4680390701875493,1.0,0.425,0.48707450213958214,0.5408681590253224,16.0,0.47158466175946445,0.0,0.0
focus_brainfm_a6264cc08a3c__300s,focus_brainfm_a6264cc08a3c,focus,discovery,300.0,path_acoustic_phase,phase_lifted_path_homology,149,,,0.4353797786962268,0.4353797786962268,1.0,0.375,0.4429943737521912,0.47145052913416463,12.0,0.2645301294316943,0.0,0.0
focus_brainfm_a6264cc08a3c__300s,focus_brainfm_a6264cc08a3c,focus,discovery,300.0,path_rhythm_phase,phase_lifted_path_homology,149,,,0.4929963645003228,0.4929963645003228,1.0,0.425,0.503445918534637,0.5293281431065942,16.0,0.47896836424635725,0.0,0.0
focus_brainfm_af9bdf90c4f8__180s,focus_brainfm_af9bdf90c4f8,focus,discovery,180.0,path_acoustic_phase,phase_lifted_path_homology,89,,,0.4915777909808133,0.4915777909808133,1.0,0.425,0.5017137662890646,0.5438027819114136,22.0,0.6162424161408204,0.0,0.0
focus_brainfm_af9bdf90c4f8__180s,focus_brainfm_af9bdf90c4f8,focus,discovery,180.0,path_rhythm_phase,phase_lifted_path_homology,89,,,0.4570369988252301,0.4570369988252301,1.0,0.425,0.4773975587136934,0.5164612568234652,20.0,0.7350425434646755,0.0,0.0
focus_brainfm_af9bdf90c4f8__300s,focus_brainfm_af9bdf90c4f8,focus,discovery,300.0,path_acoustic_phase,phase_lifted_path_homology,149,,,0.4059390570009846,0.4059390570009846,1.0,0.375,0.42476514730544535,0.49685620006745396,22.0,0.40630200766504565,0.0,0.0
focus_brainfm_af9bdf90c4f8__300s,focus_brainfm_af9bdf90c4f8,focus,discovery,300.0,path_rhythm_phase,phase_lifted_path_homology,149,,,0.49454844494449507,0.49454844494449507,1.0,0.425,0.5000679080401763,0.5218982102116579,20.0,0.6937143810783483,0.0,0.0
focus_brainfm_b0257898edc1__180s,focus_brainfm_b0257898edc1,focus,discovery,180.0,path_acoustic_phase,phase_lifted_path_homology,89,,,0.4359755209318642,0.4359755209318642,1.0,0.375,0.4389337184292391,0.4475932172247221,30.0,0.29411605497505877,0.0,0.0
focus_brainfm_b0257898edc1__180s,focus_brainfm_b0257898edc1,focus,discovery,180.0,path_rhythm_phase,phase_lifted_path_homology,89,,,0.4137012297196275,0.4137012297196275,1.0,0.375,0.41826378841249784,0.4428437983734635,14.0,0.21250881064902405,0.0,0.0
focus_brainfm_b0257898edc1__300s,focus_brainfm_b0257898edc1,focus,discovery,300.0,path_acoustic_phase,phase_lifted_path_homology,149,,,0.43344969280839424,0.43344969280839424,1.0,0.375,0.439788673710174,0.45514169952255723,30.0,0.21632553408145072,0.0,0.0
focus_brainfm_b0257898edc1__300s,focus_brainfm_b0257898edc1,focus,discovery,300.0,path_rhythm_phase,phase_lifted_path_homology,149,,,0.3939130089505667,0.3939130089505667,1.0,0.325,0.3943972615203925,0.41122145439450164,16.0,0.2931175559929168,0.0,0.0
focus_brainfm_b234412fc7cf__180s,focus_brainfm_b234412fc7cf,focus,discovery,180.0,path_acoustic_phase,phase_lifted_path_homology,89,,,0.49920736862429976,0.49920736862429976,1.0,0.425,0.5027701364687949,0.5320397546390839,26.0,0.5531293441496441,0.0,0.0
focus_brainfm_b234412fc7cf__180s,focus_brainfm_b234412fc7cf,focus,discovery,180.0,path_rhythm_phase,phase_lifted_path_homology,89,,,0.47370597925726293,0.47370597925726293,1.0,0.425,0.48200217066016965,0.5066426265860621,16.0,0.34556524210288353,0.0,0.0
focus_brainfm_b234412fc7cf__300s,focus_brainfm_b234412fc7cf,focus,discovery,300.0,path_acoustic_phase,phase_lifted_path_homology,149,,,0.49330654633182325,0.49330654633182325,1.0,0.425,0.5008281464075529,0.5344894698761607,26.0,0.35616566311838005,0.0,0.0
focus_brainfm_b234412fc7cf__300s,focus_brainfm_b234412fc7cf,focus,discovery,300.0,path_rhythm_phase,phase_lifted_path_homology,149,,,0.5165108192523151,0.5165108192523151,1.0,0.47500000000000003,0.5170225016706759,0.52391255310489,16.0,0.25790137064232,0.0,0.0
pop_jamendo_0010258__180s,pop_jamendo_0010258,pop,discovery,180.0,path_acoustic_phase,phase_lifted_path_homology,89,,,0.5079866467222338,0.5079866467222338,1.0,0.47500000000000003,0.5239944275658543,0.5539707261147538,16.0,0.337392849921629,0.0,0.0
pop_jamendo_0010258__180s,pop_jamendo_0010258,pop,discovery,180.0,path_rhythm_phase,phase_lifted_path_homology,89,,,0.4748774378604006,0.4748774378604006,1.0,0.425,0.47555551240740757,0.5035724369284397,12.0,0.29643800205933013,0.0,0.0
pop_jamendo_0010258__300s,pop_jamendo_0010258,pop,discovery,300.0,path_acoustic_phase,phase_lifted_path_homology,149,,,0.3177014780266128,0.3177014780266128,1.0,0.275,0.32061949740052476,0.36772151799906555,58.0,0.01460898140341671,0.0,0.0
pop_jamendo_0010258__300s,pop_jamendo_0010258,pop,discovery,300.0,path_rhythm_phase,phase_lifted_path_homology,149,,,0.913983643946517,0.913983643946517,1.0,0.875,0.9179893146132314,0.9280230208423044,12.0,0.0,0.0,0.0
pop_jamendo_0010326__180s,pop_jamendo_0010326,pop,discovery,180.0,path_acoustic_phase,phase_lifted_path_homology,89,,,0.38012325659626756,0.38012325659626756,1.0,0.325,0.3826645268311002,0.3975837140930047,12.0,0.10368698925829767,0.0,0.0
pop_jamendo_0010326__180s,pop_jamendo_0010326,pop,discovery,180.0,path_rhythm_phase,phase_lifted_path_homology,89,,,0.3718965212242939,0.3718965212242939,1.0,0.325,0.37535632395156815,0.3962491538632724,18.0,0.15907925798169908,0.0,0.0
pop_jamendo_0010326__300s,pop_jamendo_0010326,pop,discovery,300.0,path_acoustic_phase,phase_lifted_path_homology,149,,,0.41708458759563743,0.41708458759563743,1.0,0.375,0.4179458198607855,0.4275605390585672,12.0,0.10777071501481772,0.0,0.0
pop_jamendo_0010326__300s,pop_jamendo_0010326,pop,discovery,300.0,path_rhythm_phase,phase_lifted_path_homology,149,,,0.3721797372873587,0.3721797372873587,1.0,0.325,0.3840479249634811,0.40585852838076125,16.0,0.05961131045865309,0.0,0.0
pop_jamendo_0100232__180s,pop_jamendo_0100232,pop,discovery,180.0,path_acoustic_phase,phase_lifted_path_homology,89,,,0.41546398860996503,0.41546398860996503,1.0,0.375,0.42236545254689256,0.44027455866938614,12.0,0.2644048104293457,0.0,0.0
pop_jamendo_0100232__180s,pop_jamendo_0100232,pop,discovery,180.0,path_rhythm_phase,phase_lifted_path_homology,89,,,0.4175314272958553,0.4175314272958553,1.0,0.375,0.4183478446268068,0.4460746292572419,12.0,0.26524472770299745,0.0,0.0
pop_jamendo_0100232__300s,pop_jamendo_0100232,pop,discovery,300.0,path_acoustic_phase,phase_lifted_path_homology,149,,,0.4333544384223275,0.4333544384223275,1.0,0.375,0.43432274628941814,0.47051576309655196,12.0,0.302119180783885,0.0,0.0
pop_jamendo_0100232__300s,pop_jamendo_0100232,pop,discovery,300.0,path_rhythm_phase,phase_lifted_path_homology,149,,,0.42105195167981163,0.42105195167981163,1.0,0.375,0.424667692586414,0.45817973341625234,12.0,0.3076401550943856,0.0,0.0
pop_jamendo_0100647__180s,pop_jamendo_0100647,pop,discovery,180.0,path_acoustic_phase,phase_lifted_path_homology,89,,,0.431748362409454,0.431748362409454,1.0,0.375,0.43303143572719727,0.4505241618024172,12.0,0.4006298707968907,0.0,0.0
pop_jamendo_0100647__180s,pop_jamendo_0100647,pop,discovery,180.0,path_rhythm_phase,phase_lifted_path_homology,89,,,0.337649330491748,0.337649330491748,1.0,0.275,0.3387581015870695,0.3675423067420001,12.0,0.19757355098557006,0.0,0.0
pop_jamendo_0100647__300s,pop_jamendo_0100647,pop,discovery,300.0,path_acoustic_phase,phase_lifted_path_homology,106,,,0.42838251053534526,0.42838251053534526,1.0,0.375,0.4288452137253083,0.4420340534862195,12.0,0.33434905944348325,0.0,0.0
pop_jamendo_0100647__300s,pop_jamendo_0100647,pop,discovery,300.0,path_rhythm_phase,phase_lifted_path_homology,106,,,0.32408409840651936,0.32408409840651936,1.0,0.275,0.3405517925712638,0.393456025119993,16.0,0.16491738633349695,0.0,0.0
pop_jamendo_0101559__180s,pop_jamendo_0101559,pop,discovery,180.0,path_acoustic_phase,phase_lifted_path_homology,89,,,0.4139775280804709,0.4139775280804709,1.0,0.375,0.41420631929932683,0.442086634588204,12.0,0.3203610891312447,0.0,0.0
pop_jamendo_0101559__180s,pop_jamendo_0101559,pop,discovery,180.0,path_rhythm_phase,phase_lifted_path_homology,89,,,0.35638909509735944,0.35638909509735944,1.0,0.325,0.37314847851511,0.4098653571864202,14.0,0.220520637493824,0.0,0.0
pop_jamendo_0101559__300s,pop_jamendo_0101559,pop,discovery,300.0,path_acoustic_phase,phase_lifted_path_homology,149,,,0.46019543124153567,0.46019543124153567,1.0,0.425,0.4638386330781532,0.48402353543676324,12.0,0.2606875925770461,0.0,0.0
pop_jamendo_0101559__300s,pop_jamendo_0101559,pop,discovery,300.0,path_rhythm_phase,phase_lifted_path_homology,149,,,0.4127287845792534,0.4127287845792534,1.0,0.375,0.41305435120719153,0.4244202547065313,12.0,0.15113787148941382,0.0,0.0
pop_jamendo_0102099__180s,pop_jamendo_0102099,pop,discovery,180.0,path_acoustic_phase,phase_lifted_path_homology,89,,,0.3738405536674554,0.3738405536674554,1.0,0.325,0.3868364822766708,0.41103304133472357,12.0,0.2045763019589002,0.0,0.0
pop_jamendo_0102099__180s,pop_jamendo_0102099,pop,discovery,180.0,path_rhythm_phase,phase_lifted_path_homology,89,,,0.3711166280958479,0.3711166280958479,1.0,0.325,0.3778668159556541,0.40369668704527045,58.0,0.19486425291016962,0.0,0.0
pop_jamendo_0102099__300s,pop_jamendo_0102099,pop,discovery,300.0,path_acoustic_phase,phase_lifted_path_homology,89,,,0.3738405536674554,0.3738405536674554,1.0,0.325,0.3868364822766708,0.41103304133472357,12.0,0.2045763019589002,0.0,0.0
pop_jamendo_0102099__300s,pop_jamendo_0102099,pop,discovery,300.0,path_rhythm_phase,phase_lifted_path_homology,89,,,0.3711166280958479,0.3711166280958479,1.0,0.325,0.3778668159556541,0.40369668704527045,58.0,0.19486425291016962,0.0,0.0
pop_jamendo_0103502__180s,pop_jamendo_0103502,pop,discovery,180.0,path_acoustic_phase,phase_lifted_path_homology,89,,,0.39688514616340304,0.39688514616340304,1.0,0.325,0.3997013381305831,0.4093203455739,12.0,0.24603508146833342,0.0,0.0
pop_jamendo_0103502__180s,pop_jamendo_0103502,pop,discovery,180.0,path_rhythm_phase,phase_lifted_path_homology,89,,,0.34421005052150916,0.34421005052150916,1.0,0.275,0.3681344412109606,0.4132364097596568,32.0,0.3247122192790203,0.0,0.0
pop_jamendo_0103502__300s,pop_jamendo_0103502,pop,discovery,300.0,path_acoustic_phase,phase_lifted_path_homology,130,,,0.4236056737058257,0.4236056737058257,1.0,0.375,0.4251298854834472,0.443553039185468,12.0,0.2220172216363665,0.0,0.0
pop_jamendo_0103502__300s,pop_jamendo_0103502,pop,discovery,300.0,path_rhythm_phase,phase_lifted_path_homology,130,,,0.39619852486024754,0.39619852486024754,1.0,0.325,0.4070869878124266,0.46492866374642655,16.0,0.27390913137696427,0.0,0.0
pop_jamendo_0103598__180s,pop_jamendo_0103598,pop,discovery,180.0,path_acoustic_phase,phase_lifted_path_homology,89,,,0.4290322286221058,0.4290322286221058,1.0,0.375,0.4295065506217637,0.45509640491686626,12.0,0.28361121662745403,0.0,0.0
pop_jamendo_0103598__180s,pop_jamendo_0103598,pop,discovery,180.0,path_rhythm_phase,phase_lifted_path_homology,89,,,0.36880192372242887,0.36880192372242887,1.0,0.325,0.3765026540192656,0.3916806660670915,12.0,0.11152063047114313,0.0,0.0
pop_jamendo_0103598__300s,pop_jamendo_0103598,pop,discovery,300.0,path_acoustic_phase,phase_lifted_path_homology,132,,,0.4142043517898931,0.4142043517898931,1.0,0.375,0.41423084317487724,0.44063333562681156,12.0,0.2376111713985921,0.0,0.0
pop_jamendo_0103598__300s,pop_jamendo_0103598,pop,discovery,300.0,path_rhythm_phase,phase_lifted_path_homology,132,,,0.3556825048876278,0.3556825048876278,1.0,0.325,0.3572841212239705,0.3721670261814352,16.0,0.15241727822653472,0.0,0.0
pop_jamendo_0104259__180s,pop_jamendo_0104259,pop,discovery,180.0,path_acoustic_phase,phase_lifted_path_homology,89,,,0.382522270453314,0.382522270453314,1.0,0.325,0.38370459935344103,0.4052586298668314,16.0,0.1673965275726368,0.0,0.0
pop_jamendo_0104259__180s,pop_jamendo_0104259,pop,discovery,180.0,path_rhythm_phase,phase_lifted_path_homology,89,,,0.2825146551962998,0.2825146551962998,1.0,0.225,0.29558354158375694,0.37230871765789253,30.0,0.277715153967249,0.0,0.0
pop_jamendo_0104259__300s,pop_jamendo_0104259,pop,discovery,300.0,path_acoustic_phase,phase_lifted_path_homology,149,,,0.46218343813619017,0.46218343813619017,1.0,0.425,0.468871967186695,0.48184801992891413,16.0,0.23851522427006766,0.0,0.0
pop_jamendo_0104259__300s,pop_jamendo_0104259,pop,discovery,300.0,path_rhythm_phase,phase_lifted_path_homology,149,,,0.36621539300842454,0.36621539300842454,1.0,0.325,0.36931332395052563,0.417103907335026,30.0,0.19830424685750248,0.0,0.0
pop_jamendo_0106390__180s,pop_jamendo_0106390,pop,discovery,180.0,path_acoustic_phase,phase_lifted_path_homology,89,,,0.4295534839237026,0.4295534839237026,1.0,0.375,0.43829300730369447,0.4662324782716314,12.0,0.38770810001917866,0.0,0.0
pop_jamendo_0106390__180s,pop_jamendo_0106390,pop,discovery,180.0,path_rhythm_phase,phase_lifted_path_homology,89,,,0.3656988893350464,0.3656988893350464,1.0,0.325,0.38396574372498293,0.4476380619077984,22.0,0.21632261022068655,0.0,0.0
pop_jamendo_0106390__300s,pop_jamendo_0106390,pop,discovery,300.0,path_acoustic_phase,phase_lifted_path_homology,122,,,0.47715026787289744,0.47715026787289744,1.0,0.425,0.4799543484577171,0.49753095102359896,12.0,0.36449962546512826,0.0,0.0
pop_jamendo_0106390__300s,pop_jamendo_0106390,pop,discovery,300.0,path_rhythm_phase,phase_lifted_path_homology,122,,,0.4574309751562124,0.4574309751562124,1.0,0.425,0.45858677619813837,0.46268703870826783,22.0,0.20792719214344046,0.0,0.0
pop_jamendo_0106545__180s,pop_jamendo_0106545,pop,discovery,180.0,path_acoustic_phase,phase_lifted_path_homology,85,,,0.4402616059610276,0.4402616059610276,1.0,0.375,0.44792803815568893,0.4707687030599054,32.0,0.2644523662345989,0.0,0.0
pop_jamendo_0106545__180s,pop_jamendo_0106545,pop,discovery,180.0,path_rhythm_phase,phase_lifted_path_homology,85,,,0.4174738372399419,0.4174738372399419,1.0,0.375,0.4203966575482476,0.43958178497145095,12.0,0.09170954322215208,0.0,0.0
pop_jamendo_0106545__300s,pop_jamendo_0106545,pop,discovery,300.0,path_acoustic_phase,phase_lifted_path_homology,85,,,0.4402616059610276,0.4402616059610276,1.0,0.375,0.44792803815568893,0.4707687030599054,32.0,0.2644523662345989,0.0,0.0
pop_jamendo_0106545__300s,pop_jamendo_0106545,pop,discovery,300.0,path_rhythm_phase,phase_lifted_path_homology,85,,,0.4174738372399419,0.4174738372399419,1.0,0.375,0.4203966575482476,0.43958178497145095,12.0,0.09170954322215208,0.0,0.0
pop_jamendo_0106559__180s,pop_jamendo_0106559,pop,discovery,180.0,path_acoustic_phase,phase_lifted_path_homology,51,,,0.35401613194914733,0.35401613194914733,1.0,0.325,0.35839106103125157,0.4238305372999731,24.0,0.06977072521819028,0.0,0.0
pop_jamendo_0106559__180s,pop_jamendo_0106559,pop,discovery,180.0,path_rhythm_phase,phase_lifted_path_homology,51,,,0.3663842148452015,0.3663842148452015,1.0,0.325,0.3777846188943135,0.40957625815495774,24.0,0.20676288850431612,0.0,0.0
pop_jamendo_0106559__300s,pop_jamendo_0106559,pop,discovery,300.0,path_acoustic_phase,phase_lifted_path_homology,51,,,0.35401613194914733,0.35401613194914733,1.0,0.325,0.35839106103125157,0.4238305372999731,24.0,0.06977072521819028,0.0,0.0
pop_jamendo_0106559__300s,pop_jamendo_0106559,pop,discovery,300.0,path_rhythm_phase,phase_lifted_path_homology,51,,,0.3663842148452015,0.3663842148452015,1.0,0.325,0.3777846188943135,0.40957625815495774,24.0,0.20676288850431612,0.0,0.0
pop_jamendo_0106709__180s,pop_jamendo_0106709,pop,discovery,180.0,path_acoustic_phase,phase_lifted_path_homology,89,,,0.42243402518292156,0.42243402518292156,1.0,0.375,0.4232873844267106,0.4446982380241728,12.0,0.4385437217923016,0.0,0.0
pop_jamendo_0106709__180s,pop_jamendo_0106709,pop,discovery,180.0,path_rhythm_phase,phase_lifted_path_homology,89,,,0.4239726823565279,0.4239726823565279,1.0,0.375,0.430729218159696,0.45628703085206174,30.0,0.3655934295340241,0.0,0.0
pop_jamendo_0106709__300s,pop_jamendo_0106709,pop,discovery,300.0,path_acoustic_phase,phase_lifted_path_homology,105,,,0.4569566428968914,0.4569566428968914,1.0,0.425,0.4573051773645289,0.4700526117934589,12.0,0.4587961378880583,0.0,0.0
pop_jamendo_0106709__300s,pop_jamendo_0106709,pop,discovery,300.0,path_rhythm_phase,phase_lifted_path_homology,105,,,0.34936732513169627,0.34936732513169627,1.0,0.275,0.3725282321115765,0.4299529183664952,30.0,0.27636325273910634,0.0,0.0
pop_jamendo_0106778__180s,pop_jamendo_0106778,pop,discovery,180.0,path_acoustic_phase,phase_lifted_path_homology,89,,,0.46103268053269136,0.46103268053269136,1.0,0.425,0.46250676829789605,0.47755788346608513,12.0,0.2901800394001811,0.0,0.0
pop_jamendo_0106778__180s,pop_jamendo_0106778,pop,discovery,180.0,path_rhythm_phase,phase_lifted_path_homology,89,,,0.3841209408363425,0.3841209408363425,1.0,0.325,0.40036537006169093,0.4538091967411777,30.0,0.3987507528088262,0.0,0.0
pop_jamendo_0106778__300s,pop_jamendo_0106778,pop,discovery,300.0,path_acoustic_phase,phase_lifted_path_homology,149,,,0.4378969784537919,0.4378969784537919,1.0,0.375,0.44019263767655636,0.45032255995885767,12.0,0.2809428437772984,0.0,0.0
pop_jamendo_0106778__300s,pop_jamendo_0106778,pop,discovery,300.0,path_rhythm_phase,phase_lifted_path_homology,149,,,0.446312928788437,0.446312928788437,1.0,0.375,0.4498533730835655,0.4731133373772487,30.0,0.41609863374997746,0.0,0.0
pop_jamendo_0106878__180s,pop_jamendo_0106878,pop,discovery,180.0,path_acoustic_phase,phase_lifted_path_homology,89,,,0.46218736088895457,0.46218736088895457,1.0,0.425,0.4641179211100016,0.47013995241550055,14.0,0.20373738889841597,0.0,0.0
pop_jamendo_0106878__180s,pop_jamendo_0106878,pop,discovery,180.0,path_rhythm_phase,phase_lifted_path_homology,89,,,0.39912905929163517,0.39912905929163517,1.0,0.325,0.4030591030656836,0.4158468073217163,14.0,0.22406563171352012,0.0,0.0
pop_jamendo_0106878__300s,pop_jamendo_0106878,pop,discovery,300.0,path_acoustic_phase,phase_lifted_path_homology,107,,,0.43181509572868493,0.43181509572868493,1.0,0.375,0.43537061968941204,0.4479326504392929,12.0,0.14334184956663143,0.0,0.0
pop_jamendo_0106878__300s,pop_jamendo_0106878,pop,discovery,300.0,path_rhythm_phase,phase_lifted_path_homology,107,,,0.36689396972321375,0.36689396972321375,1.0,0.325,0.37080674873687736,0.4006679987096386,12.0,0.10963354153262517,0.0,0.0
pop_jamendo_1000080__180s,pop_jamendo_1000080,pop,discovery,180.0,path_acoustic_phase,phase_lifted_path_homology,89,,,0.41384289257433526,0.41384289257433526,1.0,0.375,0.4237503077125083,0.4442460705057915,12.0,0.15464848943479192,0.0,0.0
pop_jamendo_1000080__180s,pop_jamendo_1000080,pop,discovery,180.0,path_rhythm_phase,phase_lifted_path_homology,89,,,0.41343158534947655,0.41343158534947655,1.0,0.375,0.4310044268539257,0.4736899889203672,20.0,0.3215028221956361,0.0,0.0
pop_jamendo_1000080__300s,pop_jamendo_1000080,pop,discovery,300.0,path_acoustic_phase,phase_lifted_path_homology,106,,,0.45847519038945206,0.45847519038945206,1.0,0.425,0.4594609294849791,0.4615013450442964,12.0,0.15597188517981997,0.0,0.0
pop_jamendo_1000080__300s,pop_jamendo_1000080,pop,discovery,300.0,path_rhythm_phase,phase_lifted_path_homology,106,,,0.3595988635840875,0.3595988635840875,1.0,0.325,0.3772158101601569,0.4234895745721115,20.0,0.20342293999514915,0.0,0.0
pop_jamendo_1001445__180s,pop_jamendo_1001445,pop,discovery,180.0,path_acoustic_phase,phase_lifted_path_homology,89,,,0.42776509229609555,0.42776509229609555,1.0,0.375,0.43370628171925063,0.4474001606515872,12.0,0.2996603192642775,0.0,0.0
pop_jamendo_1001445__180s,pop_jamendo_1001445,pop,discovery,180.0,path_rhythm_phase,phase_lifted_path_homology,89,,,0.4005034693131719,0.4005034693131719,1.0,0.375,0.40457098449922324,0.4414004699397897,24.0,0.3244758876174205,0.0,0.0
pop_jamendo_1001445__300s,pop_jamendo_1001445,pop,discovery,300.0,path_acoustic_phase,phase_lifted_path_homology,131,,,0.48503472260992037,0.48503472260992037,1.0,0.425,0.48578911361677585,0.4875956118857332,12.0,0.2839293237514937,0.0,0.0
pop_jamendo_1001445__300s,pop_jamendo_1001445,pop,discovery,300.0,path_rhythm_phase,phase_lifted_path_homology,131,,,0.469642797365494,0.469642797365494,1.0,0.425,0.47339824674245035,0.4917431652385507,16.0,0.21632906347554304,0.0,0.0
pop_jamendo_1006219__180s,pop_jamendo_1006219,pop,discovery,180.0,path_acoustic_phase,phase_lifted_path_homology,77,,,0.3610187640723418,0.3610187640723418,1.0,0.325,0.3646021314280626,0.41145545729225114,14.0,0.12106212158508645,0.0,0.0
pop_jamendo_1006219__180s,pop_jamendo_1006219,pop,discovery,180.0,path_rhythm_phase,phase_lifted_path_homology,77,,,0.29760732007025903,0.29760732007025903,1.0,0.225,0.298209087645976,0.3476155298004657,18.0,0.16404409331667358,0.0,0.0
pop_jamendo_1006219__300s,pop_jamendo_1006219,pop,discovery,300.0,path_acoustic_phase,phase_lifted_path_homology,77,,,0.3610187640723418,0.3610187640723418,1.0,0.325,0.3646021314280626,0.41145545729225114,14.0,0.12106212158508645,0.0,0.0
pop_jamendo_1006219__300s,pop_jamendo_1006219,pop,discovery,300.0,path_rhythm_phase,phase_lifted_path_homology,77,,,0.29760732007025903,0.29760732007025903,1.0,0.225,0.298209087645976,0.3476155298004657,18.0,0.16404409331667358,0.0,0.0
pop_jamendo_1008215__180s,pop_jamendo_1008215,pop,discovery,180.0,path_acoustic_phase,phase_lifted_path_homology,89,,,0.3441775646749517,0.3441775646749517,1.0,0.275,0.3593456643835513,0.3991633203618865,16.0,0.2011982618900321,0.0,0.0
pop_jamendo_1008215__180s,pop_jamendo_1008215,pop,discovery,180.0,path_rhythm_phase,phase_lifted_path_homology,89,,,0.38405264296322666,0.38405264296322666,1.0,0.325,0.3865050334841601,0.3991770726931394,20.0,0.1676110750167943,0.0,0.0
pop_jamendo_1008215__300s,pop_jamendo_1008215,pop,discovery,300.0,path_acoustic_phase,phase_lifted_path_homology,143,,,0.41957896917073073,0.41957896917073073,1.0,0.375,0.42255440953555967,0.4358607962207402,12.0,0.11884306728250793,0.0,0.0
pop_jamendo_1008215__300s,pop_jamendo_1008215,pop,discovery,300.0,path_rhythm_phase,phase_lifted_path_homology,143,,,0.40659701999156855,0.40659701999156855,1.0,0.375,0.4112161862999497,0.4200516980286293,12.0,0.18207030487552212,0.0,0.0
pop_jamendo_1010363__180s,pop_jamendo_1010363,pop,discovery,180.0,path_acoustic_phase,phase_lifted_path_homology,89,,,0.27507573488037146,0.27507573488037146,1.0,0.225,0.3025553293583531,0.3501053151324965,18.0,0.20906091138931027,0.0,0.0
pop_jamendo_1010363__180s,pop_jamendo_1010363,pop,discovery,180.0,path_rhythm_phase,phase_lifted_path_homology,89,,,0.462912276184506,0.462912276184506,1.0,0.425,0.46312731627410586,0.47130091491797343,12.0,0.45719854115457903,0.0,0.0
pop_jamendo_1010363__300s,pop_jamendo_1010363,pop,discovery,300.0,path_acoustic_phase,phase_lifted_path_homology,98,,,0.33137236529602093,0.33137236529602093,1.0,0.275,0.339757767589399,0.36069703359255634,14.0,0.08296095474626652,0.0,0.0
pop_jamendo_1010363__300s,pop_jamendo_1010363,pop,discovery,300.0,path_rhythm_phase,phase_lifted_path_homology,98,,,0.46760953545227035,0.46760953545227035,1.0,0.425,0.47201676559525785,0.4922907087127904,12.0,0.3148841231064987,0.0,0.0
pop_jamendo_1010540__180s,pop_jamendo_1010540,pop,discovery,180.0,path_acoustic_phase,phase_lifted_path_homology,89,,,0.4629901709191765,0.4629901709191765,1.0,0.425,0.4794279205080081,0.5122587293702501,12.0,0.5447878569988596,0.0,0.0
pop_jamendo_1010540__180s,pop_jamendo_1010540,pop,discovery,180.0,path_rhythm_phase,phase_lifted_path_homology,89,,,0.40175460742992947,0.40175460742992947,1.0,0.375,0.40814396025054056,0.42109084706936967,12.0,0.2811281614492207,0.0,0.0
pop_jamendo_1010540__300s,pop_jamendo_1010540,pop,discovery,300.0,path_acoustic_phase,phase_lifted_path_homology,149,,,0.5050240699817347,0.5050240699817347,1.0,0.47500000000000003,0.5133931269145491,0.532017623999628,12.0,0.43697901028455466,0.0,0.0
pop_jamendo_1010540__300s,pop_jamendo_1010540,pop,discovery,300.0,path_rhythm_phase,phase_lifted_path_homology,149,,,0.3586671795476335,0.3586671795476335,1.0,0.325,0.3655150864414629,0.38934414486075664,24.0,0.20417608570022072,0.0,0.0
pop_jamendo_1012188__180s,pop_jamendo_1012188,pop,discovery,180.0,path_acoustic_phase,phase_lifted_path_homology,77,,,0.524236639807042,0.524236639807042,1.0,0.47500000000000003,0.5253189014939214,0.536545994731975,12.0,0.5789151348383423,0.0,0.0
pop_jamendo_1012188__180s,pop_jamendo_1012188,pop,discovery,180.0,path_rhythm_phase,phase_lifted_path_homology,77,,,0.40069168278817757,0.40069168278817757,1.0,0.375,0.4058799046803426,0.4216209895924465,14.0,0.3068073063581592,0.0,0.0
pop_jamendo_1012188__300s,pop_jamendo_1012188,pop,discovery,300.0,path_acoustic_phase,phase_lifted_path_homology,77,,,0.524236639807042,0.524236639807042,1.0,0.47500000000000003,0.5253189014939214,0.536545994731975,12.0,0.5789151348383423,0.0,0.0
pop_jamendo_1012188__300s,pop_jamendo_1012188,pop,discovery,300.0,path_rhythm_phase,phase_lifted_path_homology,77,,,0.40069168278817757,0.40069168278817757,1.0,0.375,0.4058799046803426,0.4216209895924465,14.0,0.3068073063581592,0.0,0.0
pop_jamendo_1012513__180s,pop_jamendo_1012513,pop,discovery,180.0,path_acoustic_phase,phase_lifted_path_homology,89,,,0.25513035498405173,0.25513035498405173,1.0,0.225,0.2715462161041801,0.33056009736905706,28.0,0.1492956953994723,0.0,0.0
pop_jamendo_1012513__180s,pop_jamendo_1012513,pop,discovery,180.0,path_rhythm_phase,phase_lifted_path_homology,89,,,0.22794743745863993,0.22794743745863993,1.0,0.175,0.24240778696486837,0.3395017619192564,40.0,0.2234532583750416,0.0,0.0
pop_jamendo_1012513__300s,pop_jamendo_1012513,pop,discovery,300.0,path_acoustic_phase,phase_lifted_path_homology,102,,,0.32732801222011026,0.32732801222011026,1.0,0.275,0.32917458736426974,0.36949966764491243,46.0,0.17243631728823883,0.0,0.0
pop_jamendo_1012513__300s,pop_jamendo_1012513,pop,discovery,300.0,path_rhythm_phase,phase_lifted_path_homology,102,,,0.2484510633099455,0.2484510633099455,1.0,0.175,0.2925132318947985,0.39882795099170737,46.0,0.2628407288298028,0.0,0.0
pop_jamendo_1012931__180s,pop_jamendo_1012931,pop,discovery,180.0,path_acoustic_phase,phase_lifted_path_homology,89,,,0.3621383826156001,0.3621383826156001,1.0,0.325,0.36664000606141883,0.3954910369571867,14.0,0.11834108859056203,0.0,0.0
pop_jamendo_1012931__180s,pop_jamendo_1012931,pop,discovery,180.0,path_rhythm_phase,phase_lifted_path_homology,89,,,0.3577616478206672,0.3577616478206672,1.0,0.325,0.36367990848693205,0.3926831811082668,42.0,0.1709289911205507,0.0,0.0
pop_jamendo_1012931__300s,pop_jamendo_1012931,pop,discovery,300.0,path_acoustic_phase,phase_lifted_path_homology,112,,,0.3188094197515591,0.3188094197515591,1.0,0.275,0.33164140323228425,0.38510809681264774,26.0,0.13869263277596033,0.0,0.0
pop_jamendo_1012931__300s,pop_jamendo_1012931,pop,discovery,300.0,path_rhythm_phase,phase_lifted_path_homology,112,,,0.3389484021598227,0.3389484021598227,1.0,0.275,0.3431591775037766,0.3837809230210432,62.0,0.12373177448393624,0.0,0.0
pop_jamendo_1015416__180s,pop_jamendo_1015416,pop,discovery,180.0,path_acoustic_phase,phase_lifted_path_homology,85,,,0.3466726229330348,0.3466726229330348,1.0,0.275,0.3523531642173069,0.3731465551140672,18.0,0.0706680999626188,0.0,0.0
pop_jamendo_1015416__180s,pop_jamendo_1015416,pop,discovery,180.0,path_rhythm_phase,phase_lifted_path_homology,85,,,0.3687584195616875,0.3687584195616875,1.0,0.325,0.36960541608545194,0.38279367398292746,12.0,0.13868441668231996,0.0,0.0
pop_jamendo_1015416__300s,pop_jamendo_1015416,pop,discovery,300.0,path_acoustic_phase,phase_lifted_path_homology,85,,,0.3466726229330348,0.3466726229330348,1.0,0.275,0.3523531642173069,0.3731465551140672,18.0,0.0706680999626188,0.0,0.0
pop_jamendo_1015416__300s,pop_jamendo_1015416,pop,discovery,300.0,path_rhythm_phase,phase_lifted_path_homology,85,,,0.3687584195616875,0.3687584195616875,1.0,0.325,0.36960541608545194,0.38279367398292746,12.0,0.13868441668231996,0.0,0.0
pop_jamendo_1017186__180s,pop_jamendo_1017186,pop,discovery,180.0,path_acoustic_phase,phase_lifted_path_homology,89,,,0.3482253758897774,0.3482253758897774,1.0,0.275,0.35970657844715453,0.3955265027379953,12.0,0.13484280951377947,0.0,0.0
pop_jamendo_1017186__180s,pop_jamendo_1017186,pop,discovery,180.0,path_rhythm_phase,phase_lifted_path_homology,89,,,0.40537908336207107,0.40537908336207107,1.0,0.375,0.41245117209624993,0.4582363529477018,30.0,0.4412453824120026,0.0,0.0
pop_jamendo_1017186__300s,pop_jamendo_1017186,pop,discovery,300.0,path_acoustic_phase,phase_lifted_path_homology,149,,,0.3964065893034287,0.3964065893034287,1.0,0.325,0.40365720632758895,0.4227179439191075,12.0,0.10496805008823196,0.0,0.0
pop_jamendo_1017186__300s,pop_jamendo_1017186,pop,discovery,300.0,path_rhythm_phase,phase_lifted_path_homology,149,,,0.47095223947290504,0.47095223947290504,1.0,0.425,0.4833040922933368,0.529043852538626,48.0,0.5337597239746329,0.0,0.0
pop_jamendo_1020560__180s,pop_jamendo_1020560,pop,discovery,180.0,path_acoustic_phase,phase_lifted_path_homology,89,,,0.47445872658299193,0.47445872658299193,1.0,0.425,0.4764896850832711,0.5214799071793836,56.0,0.6171863444197773,0.0,0.0
pop_jamendo_1020560__180s,pop_jamendo_1020560,pop,discovery,180.0,path_rhythm_phase,phase_lifted_path_homology,89,,,0.3591949875621179,0.3591949875621179,1.0,0.325,0.36513472715625367,0.3935654875314989,48.0,0.23876235353979625,0.0,0.0
pop_jamendo_1020560__300s,pop_jamendo_1020560,pop,discovery,300.0,path_acoustic_phase,phase_lifted_path_homology,137,,,0.46972179937147207,0.46972179937147207,1.0,0.425,0.4731843946509772,0.4899751029454386,56.0,0.28224655536762944,0.0,0.0
pop_jamendo_1020560__300s,pop_jamendo_1020560,pop,discovery,300.0,path_rhythm_phase,phase_lifted_path_homology,137,,,0.41348566341832244,0.41348566341832244,1.0,0.375,0.4151010587119252,0.42518333168790395,56.0,0.16336250322888057,0.0,0.0
pop_jamendo_1021641__180s,pop_jamendo_1021641,pop,discovery,180.0,path_acoustic_phase,phase_lifted_path_homology,89,,,0.4042262124461613,0.4042262124461613,1.0,0.375,0.40625441775303334,0.41755415245053323,46.0,0.1500400987749233,0.0,0.0
pop_jamendo_1021641__180s,pop_jamendo_1021641,pop,discovery,180.0,path_rhythm_phase,phase_lifted_path_homology,89,,,0.38796888747291003,0.38796888747291003,1.0,0.325,0.39723336864939846,0.4288777974058875,50.0,0.3054911805684899,0.0,0.0
pop_jamendo_1021641__300s,pop_jamendo_1021641,pop,discovery,300.0,path_acoustic_phase,phase_lifted_path_homology,94,,,0.39477963967839197,0.39477963967839197,1.0,0.325,0.4038087476048109,0.43422613716883635,48.0,0.15031194479097332,0.0,0.0
pop_jamendo_1021641__300s,pop_jamendo_1021641,pop,discovery,300.0,path_rhythm_phase,phase_lifted_path_homology,94,,,0.41135322787314954,0.41135322787314954,1.0,0.375,0.41962103792546784,0.44453100240512816,20.0,0.27786325647599774,0.0,0.0
pop_jamendo_1022034__180s,pop_jamendo_1022034,pop,discovery,180.0,path_acoustic_phase,phase_lifted_path_homology,89,,,0.3973690937600249,0.3973690937600249,1.0,0.325,0.39834554288853435,0.4090470413978257,12.0,0.1808544958191376,0.0,0.0
pop_jamendo_1022034__180s,pop_jamendo_1022034,pop,discovery,180.0,path_rhythm_phase,phase_lifted_path_homology,89,,,0.4573063928230648,0.4573063928230648,1.0,0.425,0.4587303368829976,0.475607922906202,12.0,0.48597337350765346,0.0,0.0
pop_jamendo_1022034__300s,pop_jamendo_1022034,pop,discovery,300.0,path_acoustic_phase,phase_lifted_path_homology,149,,,0.30945354985946105,0.30945354985946105,1.0,0.275,0.3218836915640492,0.3979795017563071,58.0,0.1252826625998238,0.0,0.0
pop_jamendo_1022034__300s,pop_jamendo_1022034,pop,discovery,300.0,path_rhythm_phase,phase_lifted_path_homology,149,,,0.4202796623597957,0.4202796623597957,1.0,0.375,0.4274534039991512,0.456566501143586,12.0,0.3681407519236195,0.0,0.0
pop_jamendo_1025847__180s,pop_jamendo_1025847,pop,discovery,180.0,path_acoustic_phase,phase_lifted_path_homology,89,,,0.3717436075427085,0.3717436075427085,1.0,0.325,0.3729520380238666,0.3904629795162249,14.0,0.07929610677588972,0.0,0.0
pop_jamendo_1025847__180s,pop_jamendo_1025847,pop,discovery,180.0,path_rhythm_phase,phase_lifted_path_homology,89,,,0.285038956656357,0.285038956656357,1.0,0.225,0.28768016907400606,0.3386035543635177,16.0,0.12724326594492097,0.0,0.0
pop_jamendo_1025847__300s,pop_jamendo_1025847,pop,discovery,300.0,path_acoustic_phase,phase_lifted_path_homology,90,,,0.32600639894242306,0.32600639894242306,1.0,0.275,0.33421401352938707,0.37519390991535023,12.0,0.1577988782091615,0.0,0.0
pop_jamendo_1025847__300s,pop_jamendo_1025847,pop,discovery,300.0,path_rhythm_phase,phase_lifted_path_homology,90,,,0.3094967727268699,0.3094967727268699,1.0,0.275,0.3209886445833572,0.3891422738011044,60.0,0.24152617105486685,0.0,0.0
pop_jamendo_1026446__180s,pop_jamendo_1026446,pop,discovery,180.0,path_acoustic_phase,phase_lifted_path_homology,89,,,0.4341929898305947,0.4341929898305947,1.0,0.375,0.44198605375370126,0.46145696893869004,14.0,0.23187946203664334,0.0,0.0
pop_jamendo_1026446__180s,pop_jamendo_1026446,pop,discovery,180.0,path_rhythm_phase,phase_lifted_path_homology,89,,,0.3253912286275019,0.3253912286275019,1.0,0.275,0.34356888517543205,0.40870577436042316,30.0,0.12617029557962334,0.0,0.0
pop_jamendo_1026446__300s,pop_jamendo_1026446,pop,discovery,300.0,path_acoustic_phase,phase_lifted_path_homology,149,,,0.49247609954853405,0.49247609954853405,1.0,0.425,0.4959108482625634,0.5049028681345756,14.0,0.24659798980790226,0.0,0.0
pop_jamendo_1026446__300s,pop_jamendo_1026446,pop,discovery,300.0,path_rhythm_phase,phase_lifted_path_homology,149,,,0.36092624916879346,0.36092624916879346,1.0,0.325,0.37721922295353716,0.4424420458718114,48.0,0.17970165007019379,0.0,0.0
pop_jamendo_1026687__180s,pop_jamendo_1026687,pop,discovery,180.0,path_acoustic_phase,phase_lifted_path_homology,89,,,0.3774616669484686,0.3774616669484686,1.0,0.325,0.38210632809509754,0.393937649604442,12.0,0.12365177618963297,0.0,0.0
pop_jamendo_1026687__180s,pop_jamendo_1026687,pop,discovery,180.0,path_rhythm_phase,phase_lifted_path_homology,89,,,0.37494141252227947,0.37494141252227947,1.0,0.325,0.3796174636383414,0.38957433767884275,16.0,0.0569788514837728,0.0,0.0
pop_jamendo_1026687__300s,pop_jamendo_1026687,pop,discovery,300.0,path_acoustic_phase,phase_lifted_path_homology,149,,,0.4258940278492231,0.4258940278492231,1.0,0.375,0.4269567489436927,0.43519020872024344,12.0,0.14369100677558988,0.0,0.0
pop_jamendo_1026687__300s,pop_jamendo_1026687,pop,discovery,300.0,path_rhythm_phase,phase_lifted_path_homology,149,,,0.4440413962407269,0.4440413962407269,1.0,0.375,0.4446633716534606,0.45942855542491673,18.0,0.24864870427335828,0.0,0.0
pop_jamendo_1027118__180s,pop_jamendo_1027118,pop,discovery,180.0,path_acoustic_phase,phase_lifted_path_homology,73,,,0.40984308213377346,0.40984308213377346,1.0,0.375,0.41732902635385527,0.4392123036891081,12.0,0.29329125652820487,0.0,0.0
pop_jamendo_1027118__180s,pop_jamendo_1027118,pop,discovery,180.0,path_rhythm_phase,phase_lifted_path_homology,73,,,0.3752660022745393,0.3752660022745393,1.0,0.325,0.37653451540425537,0.3978360304475024,42.0,0.2238408168272692,0.0,0.0
pop_jamendo_1027118__300s,pop_jamendo_1027118,pop,discovery,300.0,path_acoustic_phase,phase_lifted_path_homology,73,,,0.40984308213377346,0.40984308213377346,1.0,0.375,0.41732902635385527,0.4392123036891081,12.0,0.29329125652820487,0.0,0.0
pop_jamendo_1027118__300s,pop_jamendo_1027118,pop,discovery,300.0,path_rhythm_phase,phase_lifted_path_homology,73,,,0.3752660022745393,0.3752660022745393,1.0,0.325,0.37653451540425537,0.3978360304475024,42.0,0.2238408168272692,0.0,0.0
pop_jamendo_1027308__180s,pop_jamendo_1027308,pop,discovery,180.0,path_acoustic_phase,phase_lifted_path_homology,89,,,0.31757776003196275,0.31757776003196275,1.0,0.275,0.31876403443961954,0.387361311836729,48.0,0.22428012052294766,0.0,0.0
pop_jamendo_1027308__180s,pop_jamendo_1027308,pop,discovery,180.0,path_rhythm_phase,phase_lifted_path_homology,89,,,0.37619706268946923,0.37619706268946923,1.0,0.325,0.3844849503877564,0.42227589875935817,14.0,0.18995051021829057,0.0,0.0
pop_jamendo_1027308__300s,pop_jamendo_1027308,pop,discovery,300.0,path_acoustic_phase,phase_lifted_path_homology,146,,,0.33923115643457713,0.33923115643457713,1.0,0.275,0.34309335051143874,0.378779432582546,48.0,0.1082244269568513,0.0,0.0
pop_jamendo_1027308__300s,pop_jamendo_1027308,pop,discovery,300.0,path_rhythm_phase,phase_lifted_path_homology,146,,,0.39666248531608694,0.39666248531608694,1.0,0.325,0.39742937722130384,0.41302480420785503,12.0,0.20211595909992663,0.0,0.0
pop_jamendo_1027605__180s,pop_jamendo_1027605,pop,discovery,180.0,path_acoustic_phase,phase_lifted_path_homology,89,,,0.312716127618397,0.312716127618397,1.0,0.275,0.3315622991652878,0.3896749957661587,14.0,0.13925611492402346,0.0,0.0
pop_jamendo_1027605__180s,pop_jamendo_1027605,pop,discovery,180.0,path_rhythm_phase,phase_lifted_path_homology,89,,,0.2880165449154416,0.2880165449154416,1.0,0.225,0.3007873159498809,0.3498339583444032,14.0,0.07920843087747398,0.0,0.0
pop_jamendo_1027605__300s,pop_jamendo_1027605,pop,discovery,300.0,path_acoustic_phase,phase_lifted_path_homology,92,,,0.2891435346031455,0.2891435346031455,1.0,0.225,0.3232457705297239,0.3982191712651808,14.0,0.15495950070947317,0.0,0.0
pop_jamendo_1027605__300s,pop_jamendo_1027605,pop,discovery,300.0,path_rhythm_phase,phase_lifted_path_homology,92,,,0.30636941809394175,0.30636941809394175,1.0,0.275,0.3248720347693197,0.37870104836616836,14.0,0.1309531230014378,0.0,0.0
pop_jamendo_1027700__180s,pop_jamendo_1027700,pop,discovery,180.0,path_acoustic_phase,phase_lifted_path_homology,69,,,0.3659299164833445,0.3659299164833445,1.0,0.325,0.3793882578497615,0.41112033948339194,20.0,0.1599131705848642,0.0,0.0
pop_jamendo_1027700__180s,pop_jamendo_1027700,pop,discovery,180.0,path_rhythm_phase,phase_lifted_path_homology,69,,,0.3423196827827,0.3423196827827,1.0,0.275,0.3513217050761497,0.37996331949861073,20.0,0.07690535956100342,0.0,0.0
pop_jamendo_1027700__300s,pop_jamendo_1027700,pop,discovery,300.0,path_acoustic_phase,phase_lifted_path_homology,69,,,0.3659299164833445,0.3659299164833445,1.0,0.325,0.3793882578497615,0.41112033948339194,20.0,0.1599131705848642,0.0,0.0
pop_jamendo_1027700__300s,pop_jamendo_1027700,pop,discovery,300.0,path_rhythm_phase,phase_lifted_path_homology,69,,,0.3423196827827,0.3423196827827,1.0,0.275,0.3513217050761497,0.37996331949861073,20.0,0.07690535956100342,0.0,0.0
pop_jamendo_1027915__180s,pop_jamendo_1027915,pop,discovery,180.0,path_acoustic_phase,phase_lifted_path_homology,89,,,0.2612131440925165,0.2612131440925165,1.0,0.225,0.2726643083202567,0.3623211418697605,42.0,0.16601775067227043,0.0,0.0
pop_jamendo_1027915__180s,pop_jamendo_1027915,pop,discovery,180.0,path_rhythm_phase,phase_lifted_path_homology,89,,,0.41531178379715633,0.41531178379715633,1.0,0.375,0.4183285016336627,0.4460143573692832,16.0,0.2299859924330323,0.0,0.0
pop_jamendo_1027915__300s,pop_jamendo_1027915,pop,discovery,300.0,path_acoustic_phase,phase_lifted_path_homology,109,,,0.315892675685868,0.315892675685868,1.0,0.275,0.32686343198255474,0.38362194755221957,44.0,0.08632978994195972,0.0,0.0
pop_jamendo_1027915__300s,pop_jamendo_1027915,pop,discovery,300.0,path_rhythm_phase,phase_lifted_path_homology,109,,,0.37676424359677413,0.37676424359677413,1.0,0.325,0.3911615405917414,0.4186012268615531,16.0,0.09592347678372015,0.0,0.0
pop_jamendo_1028442__180s,pop_jamendo_1028442,pop,discovery,180.0,path_acoustic_phase,phase_lifted_path_homology,89,,,0.3418076613125567,0.3418076613125567,1.0,0.275,0.35848264477677566,0.39331323178699035,14.0,0.1685274667897656,0.0,0.0
pop_jamendo_1028442__180s,pop_jamendo_1028442,pop,discovery,180.0,path_rhythm_phase,phase_lifted_path_homology,89,,,0.29643240009919003,0.29643240009919003,1.0,0.225,0.30032195605827866,0.3777703222125674,16.0,0.15663636283956595,0.0,0.0
pop_jamendo_1028442__300s,pop_jamendo_1028442,pop,discovery,300.0,path_acoustic_phase,phase_lifted_path_homology,118,,,0.44040750663146794,0.44040750663146794,1.0,0.375,0.4430343746693107,0.45293058831395444,14.0,0.16393762150425328,0.0,0.0
pop_jamendo_1028442__300s,pop_jamendo_1028442,pop,discovery,300.0,path_rhythm_phase,phase_lifted_path_homology,118,,,0.27496222355015426,0.27496222355015426,1.0,0.225,0.2892348449933513,0.3659546198357249,16.0,0.08345670469443212,0.0,0.0
pop_jamendo_1028889__180s,pop_jamendo_1028889,pop,discovery,180.0,path_acoustic_phase,phase_lifted_path_homology,89,,,0.40026155394236546,0.40026155394236546,1.0,0.375,0.40063488186602525,0.40236263176591375,16.0,0.16442443953575303,0.0,0.0
pop_jamendo_1028889__180s,pop_jamendo_1028889,pop,discovery,180.0,path_rhythm_phase,phase_lifted_path_homology,89,,,0.3032337104925788,0.3032337104925788,1.0,0.275,0.3174076389363484,0.3483932953668132,34.0,0.07745505891878923,0.0,0.0
pop_jamendo_1028889__300s,pop_jamendo_1028889,pop,discovery,300.0,path_acoustic_phase,phase_lifted_path_homology,149,,,0.39459737270856854,0.39459737270856854,1.0,0.325,0.39845091112472725,0.420099987594932,16.0,0.11507777836545341,0.0,0.0
pop_jamendo_1028889__300s,pop_jamendo_1028889,pop,discovery,300.0,path_rhythm_phase,phase_lifted_path_homology,149,,,0.31028792470285516,0.31028792470285516,1.0,0.275,0.3123820779767848,0.36168646568244783,22.0,0.044804910464601444,0.0,0.0
pop_jamendo_1029442__180s,pop_jamendo_1029442,pop,discovery,180.0,path_acoustic_phase,phase_lifted_path_homology,89,,,0.45714731464031116,0.45714731464031116,1.0,0.425,0.45952988184994636,0.48277695056670417,12.0,0.3023913979733077,0.0,0.0
pop_jamendo_1029442__180s,pop_jamendo_1029442,pop,discovery,180.0,path_rhythm_phase,phase_lifted_path_homology,89,,,0.3852289398181075,0.3852289398181075,1.0,0.325,0.3911764650673333,0.41813347597597167,14.0,0.26473570743872243,0.0,0.0
pop_jamendo_1029442__300s,pop_jamendo_1029442,pop,discovery,300.0,path_acoustic_phase,phase_lifted_path_homology,149,,,0.5110829512621576,0.5110829512621576,1.0,0.47500000000000003,0.5111955999527764,0.5218690476403592,12.0,0.3232146987868908,0.0,0.0
pop_jamendo_1029442__300s,pop_jamendo_1029442,pop,discovery,300.0,path_rhythm_phase,phase_lifted_path_homology,149,,,0.4735145471868231,0.4735145471868231,1.0,0.425,0.47794235685241004,0.4969316911365477,16.0,0.3651959425979804,0.0,0.0
pop_jamendo_1030183__180s,pop_jamendo_1030183,pop,discovery,180.0,path_acoustic_phase,phase_lifted_path_homology,89,,,0.40326558842212595,0.40326558842212595,1.0,0.375,0.4046727221328185,0.4087839436476803,12.0,0.29469232152634417,0.0,0.0
pop_jamendo_1030183__180s,pop_jamendo_1030183,pop,discovery,180.0,path_rhythm_phase,phase_lifted_path_homology,89,,,0.30339347341476225,0.30339347341476225,1.0,0.275,0.3133012326041337,0.35604202837864163,30.0,0.17949395760824993,0.0,0.0
pop_jamendo_1030183__300s,pop_jamendo_1030183,pop,discovery,300.0,path_acoustic_phase,phase_lifted_path_homology,149,,,0.464478855425134,0.464478855425134,1.0,0.425,0.46621312380830854,0.4815510946525228,14.0,0.31670087308641626,0.0,0.0
pop_jamendo_1030183__300s,pop_jamendo_1030183,pop,discovery,300.0,path_rhythm_phase,phase_lifted_path_homology,149,,,0.3791872780052395,0.3791872780052395,1.0,0.325,0.3843540352482661,0.3993242883943436,14.0,0.22657367471865886,0.0,0.0
pop_jamendo_1030186__180s,pop_jamendo_1030186,pop,discovery,180.0,path_acoustic_phase,phase_lifted_path_homology,89,,,0.42459293279254046,0.42459293279254046,1.0,0.375,0.4353396954095694,0.4611377828996516,14.0,0.36698992264811237,0.0,0.0
pop_jamendo_1030186__180s,pop_jamendo_1030186,pop,discovery,180.0,path_rhythm_phase,phase_lifted_path_homology,89,,,0.4523249423605821,0.4523249423605821,1.0,0.425,0.45800643511292116,0.4773364655890946,12.0,0.4143976934882637,0.0,0.0
pop_jamendo_1030186__300s,pop_jamendo_1030186,pop,discovery,300.0,path_acoustic_phase,phase_lifted_path_homology,139,,,0.4941110264522345,0.4941110264522345,1.0,0.425,0.4954046631358731,0.5014634190223587,14.0,0.25788461368497684,0.0,0.0
pop_jamendo_1030186__300s,pop_jamendo_1030186,pop,discovery,300.0,path_rhythm_phase,phase_lifted_path_homology,139,,,0.48405455719968604,0.48405455719968604,1.0,0.425,0.4847974814134408,0.5049091300022537,16.0,0.2394296550123297,0.0,0.0
pop_jamendo_1030189__180s,pop_jamendo_1030189,pop,discovery,180.0,path_acoustic_phase,phase_lifted_path_homology,89,,,0.4208896537804394,0.4208896537804394,1.0,0.375,0.42094006291223834,0.42754129897232823,12.0,0.1469016119747364,0.0,0.0
pop_jamendo_1030189__180s,pop_jamendo_1030189,pop,discovery,180.0,path_rhythm_phase,phase_lifted_path_homology,89,,,0.49309299876777896,0.49309299876777896,1.0,0.425,0.4934748163940528,0.5062483073373383,12.0,0.5510292818477847,0.0,0.0
pop_jamendo_1030189__300s,pop_jamendo_1030189,pop,discovery,300.0,path_acoustic_phase,phase_lifted_path_homology,135,,,0.47541774427323735,0.47541774427323735,1.0,0.425,0.4819061396836072,0.5007904005414963,12.0,0.30425826543640777,0.0,0.0
pop_jamendo_1030189__300s,pop_jamendo_1030189,pop,discovery,300.0,path_rhythm_phase,phase_lifted_path_homology,135,,,0.5566095509895352,0.5566095509895352,1.0,0.5249999999999999,0.5567433529216349,0.561976151041634,12.0,0.3543121044823101,0.0,0.0
pop_jamendo_1030305__180s,pop_jamendo_1030305,pop,discovery,180.0,path_acoustic_phase,phase_lifted_path_homology,72,,,0.4069796728386361,0.4069796728386361,1.0,0.375,0.4133776980456557,0.438535488165063,14.0,0.13818983650741112,0.0,0.0
pop_jamendo_1030305__180s,pop_jamendo_1030305,pop,discovery,180.0,path_rhythm_phase,phase_lifted_path_homology,72,,,0.38040130506207054,0.38040130506207054,1.0,0.325,0.3967945036203563,0.4297650672562428,12.0,0.21663340405736375,0.0,0.0
pop_jamendo_1030305__300s,pop_jamendo_1030305,pop,discovery,300.0,path_acoustic_phase,phase_lifted_path_homology,72,,,0.4069796728386361,0.4069796728386361,1.0,0.375,0.4133776980456557,0.438535488165063,14.0,0.13818983650741112,0.0,0.0
pop_jamendo_1030305__300s,pop_jamendo_1030305,pop,discovery,300.0,path_rhythm_phase,phase_lifted_path_homology,72,,,0.38040130506207054,0.38040130506207054,1.0,0.325,0.3967945036203563,0.4297650672562428,12.0,0.21663340405736375,0.0,0.0
pop_jamendo_1030382__180s,pop_jamendo_1030382,pop,discovery,180.0,path_acoustic_phase,phase_lifted_path_homology,74,,,0.36184582955850214,0.36184582955850214,1.0,0.325,0.37013649484779076,0.39935147263951776,12.0,0.16226440471277725,0.0,0.0
pop_jamendo_1030382__180s,pop_jamendo_1030382,pop,discovery,180.0,path_rhythm_phase,phase_lifted_path_homology,74,,,0.32495343522559555,0.32495343522559555,1.0,0.275,0.3441650164922018,0.3909777916264452,42.0,0.21774573883809145,0.0,0.0
pop_jamendo_1030382__300s,pop_jamendo_1030382,pop,discovery,300.0,path_acoustic_phase,phase_lifted_path_homology,74,,,0.36184582955850214,0.36184582955850214,1.0,0.325,0.37013649484779076,0.39935147263951776,12.0,0.16226440471277725,0.0,0.0
pop_jamendo_1030382__300s,pop_jamendo_1030382,pop,discovery,300.0,path_rhythm_phase,phase_lifted_path_homology,74,,,0.32495343522559555,0.32495343522559555,1.0,0.275,0.3441650164922018,0.3909777916264452,42.0,0.21774573883809145,0.0,0.0
pop_jamendo_1030446__180s,pop_jamendo_1030446,pop,discovery,180.0,path_acoustic_phase,phase_lifted_path_homology,45,,,0.19363996045036558,0.19363996045036558,1.0,0.125,0.20475783241823997,0.3155899982723981,30.0,0.19745932702587554,0.0,0.0
pop_jamendo_1030446__180s,pop_jamendo_1030446,pop,discovery,180.0,path_rhythm_phase,phase_lifted_path_homology,45,,,0.35722997455793987,0.35722997455793987,1.0,0.325,0.3580609652090795,0.3751444933190646,12.0,0.1572684694518094,0.0,0.0
pop_jamendo_1030446__300s,pop_jamendo_1030446,pop,discovery,300.0,path_acoustic_phase,phase_lifted_path_homology,45,,,0.19363996045036558,0.19363996045036558,1.0,0.125,0.20475783241823997,0.3155899982723981,30.0,0.19745932702587554,0.0,0.0
pop_jamendo_1030446__300s,pop_jamendo_1030446,pop,discovery,300.0,path_rhythm_phase,phase_lifted_path_homology,45,,,0.35722997455793987,0.35722997455793987,1.0,0.325,0.3580609652090795,0.3751444933190646,12.0,0.1572684694518094,0.0,0.0
pop_jamendo_1030617__180s,pop_jamendo_1030617,pop,discovery,180.0,path_acoustic_phase,phase_lifted_path_homology,89,,,0.4180223847638107,0.4180223847638107,1.0,0.375,0.41854894554076033,0.45448111812878267,38.0,0.2617755449477469,0.0,0.0
pop_jamendo_1030617__180s,pop_jamendo_1030617,pop,discovery,180.0,path_rhythm_phase,phase_lifted_path_homology,89,,,0.3711479174417882,0.3711479174417882,1.0,0.325,0.3826891244012014,0.4265108459830313,42.0,0.35359545656529434,0.0,0.0
pop_jamendo_1030617__300s,pop_jamendo_1030617,pop,discovery,300.0,path_acoustic_phase,phase_lifted_path_homology,141,,,0.3991976796740917,0.3991976796740917,1.0,0.325,0.4157798138938967,0.45115323609277497,38.0,0.16555449012587276,0.0,0.0
pop_jamendo_1030617__300s,pop_jamendo_1030617,pop,discovery,300.0,path_rhythm_phase,phase_lifted_path_homology,141,,,0.366879968492847,0.366879968492847,1.0,0.325,0.3783892366496096,0.40962655180142926,48.0,0.16443084260459717,0.0,0.0
pop_jamendo_1031288__180s,pop_jamendo_1031288,pop,discovery,180.0,path_acoustic_phase,phase_lifted_path_homology,89,,,0.3749476915382403,0.3749476915382403,1.0,0.325,0.3845137377182595,0.41502893772136096,24.0,0.23262494333088457,0.0,0.0
pop_jamendo_1031288__180s,pop_jamendo_1031288,pop,discovery,180.0,path_rhythm_phase,phase_lifted_path_homology,89,,,0.3423041828709032,0.3423041828709032,1.0,0.275,0.34431272332684104,0.37260270460066175,44.0,0.11172045136230657,0.0,0.0
pop_jamendo_1031288__300s,pop_jamendo_1031288,pop,discovery,300.0,path_acoustic_phase,phase_lifted_path_homology,112,,,0.38068457043242765,0.38068457043242765,1.0,0.325,0.39665176157808196,0.4427839773960458,24.0,0.20545500740168343,0.0,0.0
pop_jamendo_1031288__300s,pop_jamendo_1031288,pop,discovery,300.0,path_rhythm_phase,phase_lifted_path_homology,112,,,0.31286802613529235,0.31286802613529235,1.0,0.275,0.33879127287330757,0.39498502058748614,44.0,0.09610986164705948,0.0,0.0
pop_jamendo_1031786__180s,pop_jamendo_1031786,pop,discovery,180.0,path_acoustic_phase,phase_lifted_path_homology,76,,,0.39020963385670987,0.39020963385670987,1.0,0.325,0.39081495558481094,0.407608192916519,12.0,0.3325579732212711,0.0,0.0
pop_jamendo_1031786__180s,pop_jamendo_1031786,pop,discovery,180.0,path_rhythm_phase,phase_lifted_path_homology,76,,,0.40071455423397273,0.40071455423397273,1.0,0.375,0.401492887173705,0.4075992088900923,30.0,0.294642142898603,0.0,0.0
pop_jamendo_1031786__300s,pop_jamendo_1031786,pop,discovery,300.0,path_acoustic_phase,phase_lifted_path_homology,76,,,0.39020963385670987,0.39020963385670987,1.0,0.325,0.39081495558481094,0.407608192916519,12.0,0.3325579732212711,0.0,0.0
pop_jamendo_1031786__300s,pop_jamendo_1031786,pop,discovery,300.0,path_rhythm_phase,phase_lifted_path_homology,76,,,0.40071455423397273,0.40071455423397273,1.0,0.375,0.401492887173705,0.4075992088900923,30.0,0.294642142898603,0.0,0.0
pop_jamendo_1032022__180s,pop_jamendo_1032022,pop,discovery,180.0,path_acoustic_phase,phase_lifted_path_homology,89,,,0.4118344886222474,0.4118344886222474,1.0,0.375,0.4196311180105692,0.44930583775441174,12.0,0.3107058183591469,0.0,0.0
pop_jamendo_1032022__180s,pop_jamendo_1032022,pop,discovery,180.0,path_rhythm_phase,phase_lifted_path_homology,89,,,0.5086698245273242,0.5086698245273242,1.0,0.47500000000000003,0.5142801472785449,0.5350552584684145,12.0,0.5638804116434822,0.0,0.0
pop_jamendo_1032022__300s,pop_jamendo_1032022,pop,discovery,300.0,path_acoustic_phase,phase_lifted_path_homology,149,,,0.43674893863851905,0.43674893863851905,1.0,0.375,0.4423924150226529,0.4633714990728523,12.0,0.3306545258881044,0.0,0.0
pop_jamendo_1032022__300s,pop_jamendo_1032022,pop,discovery,300.0,path_rhythm_phase,phase_lifted_path_homology,149,,,0.47337144053340213,0.47337144053340213,1.0,0.425,0.47663018706242904,0.49717996669831704,12.0,0.4840394703748332,0.0,0.0
pop_jamendo_1032473__180s,pop_jamendo_1032473,pop,discovery,180.0,path_acoustic_phase,phase_lifted_path_homology,62,,,0.280592207176401,0.280592207176401,1.0,0.225,0.3056471934375871,0.3634858071867426,20.0,0.14356051344324716,0.0,0.0
pop_jamendo_1032473__180s,pop_jamendo_1032473,pop,discovery,180.0,path_rhythm_phase,phase_lifted_path_homology,62,,,0.25876804210666826,0.25876804210666826,1.0,0.225,0.2818436235653935,0.3474771738664395,18.0,0.07384390402041952,0.0,0.0
pop_jamendo_1032473__300s,pop_jamendo_1032473,pop,discovery,300.0,path_acoustic_phase,phase_lifted_path_homology,62,,,0.280592207176401,0.280592207176401,1.0,0.225,0.3056471934375871,0.3634858071867426,20.0,0.14356051344324716,0.0,0.0
pop_jamendo_1032473__300s,pop_jamendo_1032473,pop,discovery,300.0,path_rhythm_phase,phase_lifted_path_homology,62,,,0.25876804210666826,0.25876804210666826,1.0,0.225,0.2818436235653935,0.3474771738664395,18.0,0.07384390402041952,0.0,0.0
pop_jamendo_1032923__180s,pop_jamendo_1032923,pop,discovery,180.0,path_acoustic_phase,phase_lifted_path_homology,89,,,0.4822478071756576,0.4822478071756576,1.0,0.425,0.4836817997902383,0.4998669742872841,12.0,0.5333276019727147,0.0,0.0
pop_jamendo_1032923__180s,pop_jamendo_1032923,pop,discovery,180.0,path_rhythm_phase,phase_lifted_path_homology,89,,,0.39904124655439704,0.39904124655439704,1.0,0.325,0.40262629969606223,0.41896308684913475,14.0,0.19922220385764433,0.0,0.0
pop_jamendo_1032923__300s,pop_jamendo_1032923,pop,discovery,300.0,path_acoustic_phase,phase_lifted_path_homology,149,,,0.4882723473263853,0.4882723473263853,1.0,0.425,0.49474022536697043,0.5083189771907978,12.0,0.4884127900534493,0.0,0.0
pop_jamendo_1032923__300s,pop_jamendo_1032923,pop,discovery,300.0,path_rhythm_phase,phase_lifted_path_homology,149,,,0.3699222130748961,0.3699222130748961,1.0,0.325,0.3794844579883331,0.4035730111607824,12.0,0.13645321927073906,0.0,0.0
pop_jamendo_1033629__180s,pop_jamendo_1033629,pop,discovery,180.0,path_acoustic_phase,phase_lifted_path_homology,76,,,0.370772053133498,0.370772053133498,1.0,0.325,0.37610717779572167,0.41081466934016614,20.0,0.13083320355733674,0.0,0.0
pop_jamendo_1033629__180s,pop_jamendo_1033629,pop,discovery,180.0,path_rhythm_phase,phase_lifted_path_homology,76,,,0.36010166006136135,0.36010166006136135,1.0,0.325,0.3603435126668746,0.3947376569870884,18.0,0.17322666327904557,0.0,0.0
pop_jamendo_1033629__300s,pop_jamendo_1033629,pop,discovery,300.0,path_acoustic_phase,phase_lifted_path_homology,76,,,0.370772053133498,0.370772053133498,1.0,0.325,0.37610717779572167,0.41081466934016614,20.0,0.13083320355733674,0.0,0.0
pop_jamendo_1033629__300s,pop_jamendo_1033629,pop,discovery,300.0,path_rhythm_phase,phase_lifted_path_homology,76,,,0.36010166006136135,0.36010166006136135,1.0,0.325,0.3603435126668746,0.3947376569870884,18.0,0.17322666327904557,0.0,0.0
pop_jamendo_1035210__180s,pop_jamendo_1035210,pop,discovery,180.0,path_acoustic_phase,phase_lifted_path_homology,73,,,0.4710140348171539,0.4710140348171539,1.0,0.425,0.47285560323515735,0.4886982782566866,12.0,0.4377162034563076,0.0,0.0
pop_jamendo_1035210__180s,pop_jamendo_1035210,pop,discovery,180.0,path_rhythm_phase,phase_lifted_path_homology,73,,,0.4567675480502204,0.4567675480502204,1.0,0.425,0.47079081158966235,0.5056622031176498,12.0,0.4906420503870458,0.0,0.0
pop_jamendo_1035210__300s,pop_jamendo_1035210,pop,discovery,300.0,path_acoustic_phase,phase_lifted_path_homology,73,,,0.4710140348171539,0.4710140348171539,1.0,0.425,0.47285560323515735,0.4886982782566866,12.0,0.4377162034563076,0.0,0.0
pop_jamendo_1035210__300s,pop_jamendo_1035210,pop,discovery,300.0,path_rhythm_phase,phase_lifted_path_homology,73,,,0.4567675480502204,0.4567675480502204,1.0,0.425,0.47079081158966235,0.5056622031176498,12.0,0.4906420503870458,0.0,0.0
pop_jamendo_1035354__180s,pop_jamendo_1035354,pop,discovery,180.0,path_acoustic_phase,phase_lifted_path_homology,89,,,0.39688750321362937,0.39688750321362937,1.0,0.325,0.3973789607118416,0.4181785493757351,12.0,0.16131129607933836,0.0,0.0
pop_jamendo_1035354__180s,pop_jamendo_1035354,pop,discovery,180.0,path_rhythm_phase,phase_lifted_path_homology,89,,,0.4140922905864933,0.4140922905864933,1.0,0.375,0.4145382365555073,0.4396065091116173,48.0,0.36016481864006344,0.0,0.0
pop_jamendo_1035354__300s,pop_jamendo_1035354,pop,discovery,300.0,path_acoustic_phase,phase_lifted_path_homology,98,,,0.2527419808039845,0.2527419808039845,1.0,0.225,0.27817284082869453,0.36081788219454153,52.0,0.13279330757173868,0.0,0.0
pop_jamendo_1035354__300s,pop_jamendo_1035354,pop,discovery,300.0,path_rhythm_phase,phase_lifted_path_homology,98,,,0.3866055055959804,0.3866055055959804,1.0,0.325,0.3969595337031312,0.4364370310887576,60.0,0.338707707206525,0.0,0.0
pop_jamendo_1035746__180s,pop_jamendo_1035746,pop,discovery,180.0,path_acoustic_phase,phase_lifted_path_homology,89,,,0.3594571082291648,0.3594571082291648,1.0,0.325,0.36192165139700155,0.3819149475315506,36.0,0.09541203064845205,0.0,0.0
pop_jamendo_1035746__180s,pop_jamendo_1035746,pop,discovery,180.0,path_rhythm_phase,phase_lifted_path_homology,89,,,0.45714068847914124,0.45714068847914124,1.0,0.425,0.4610224358264861,0.4696989898992631,28.0,0.28876442886445675,0.0,0.0
pop_jamendo_1035746__300s,pop_jamendo_1035746,pop,discovery,300.0,path_acoustic_phase,phase_lifted_path_homology,111,,,0.38287608898724196,0.38287608898724196,1.0,0.325,0.3833701540630302,0.3905655646380011,34.0,0.10294789880364918,0.0,0.0
pop_jamendo_1035746__300s,pop_jamendo_1035746,pop,discovery,300.0,path_rhythm_phase,phase_lifted_path_homology,111,,,0.3436420459802487,0.3436420459802487,1.0,0.275,0.3668046057634551,0.42983428548714847,36.0,0.14073163219112217,0.0,0.0
pop_jamendo_1036088__180s,pop_jamendo_1036088,pop,discovery,180.0,path_acoustic_phase,phase_lifted_path_homology,89,,,0.3721833633089981,0.3721833633089981,1.0,0.325,0.38183449071758885,0.4158239043575582,12.0,0.36156620902100234,0.0,0.0
pop_jamendo_1036088__180s,pop_jamendo_1036088,pop,discovery,180.0,path_rhythm_phase,phase_lifted_path_homology,89,,,0.460060601756788,0.460060601756788,1.0,0.425,0.47458327816748,0.49939222332835964,12.0,0.6377939208884764,0.0,0.0
pop_jamendo_1036088__300s,pop_jamendo_1036088,pop,discovery,300.0,path_acoustic_phase,phase_lifted_path_homology,149,,,0.4490301331436609,0.4490301331436609,1.0,0.375,0.4560868041826409,0.47223023942300063,18.0,0.2228596888276,0.0,0.0
pop_jamendo_1036088__300s,pop_jamendo_1036088,pop,discovery,300.0,path_rhythm_phase,phase_lifted_path_homology,149,,,0.5038700731668738,0.5038700731668738,1.0,0.47500000000000003,0.5048715348523567,0.5150166595740984,12.0,0.4920595152069328,0.0,0.0
pop_jamendo_1036509__180s,pop_jamendo_1036509,pop,discovery,180.0,path_acoustic_phase,phase_lifted_path_homology,89,,,0.4771790182799137,0.4771790182799137,1.0,0.425,0.48102968193822504,0.498194087325924,14.0,0.4043513931678191,0.0,0.0
pop_jamendo_1036509__180s,pop_jamendo_1036509,pop,discovery,180.0,path_rhythm_phase,phase_lifted_path_homology,89,,,0.4365900558381682,0.4365900558381682,1.0,0.375,0.4372269094146601,0.4453267101395941,12.0,0.2936241809525839,0.0,0.0
pop_jamendo_1036509__300s,pop_jamendo_1036509,pop,discovery,300.0,path_acoustic_phase,phase_lifted_path_homology,113,,,0.47958138717912824,0.47958138717912824,1.0,0.425,0.48041964133815074,0.4870737637083151,14.0,0.34336347543175716,0.0,0.0
pop_jamendo_1036509__300s,pop_jamendo_1036509,pop,discovery,300.0,path_rhythm_phase,phase_lifted_path_homology,113,,,0.4208401095573748,0.4208401095573748,1.0,0.375,0.4228441017205289,0.4331097435677513,12.0,0.18906960275627083,0.0,0.0
pop_jamendo_1037074__180s,pop_jamendo_1037074,pop,discovery,180.0,path_acoustic_phase,phase_lifted_path_homology,89,,,0.37691754970554203,0.37691754970554203,1.0,0.325,0.3845666278284115,0.4084885434297289,12.0,0.23170743222211487,0.0,0.0
pop_jamendo_1037074__180s,pop_jamendo_1037074,pop,discovery,180.0,path_rhythm_phase,phase_lifted_path_homology,89,,,0.4407756757041776,0.4407756757041776,1.0,0.375,0.44426395371183136,0.45635974639353555,14.0,0.3185507837876931,0.0,0.0
pop_jamendo_1037074__300s,pop_jamendo_1037074,pop,discovery,300.0,path_acoustic_phase,phase_lifted_path_homology,123,,,0.4493571220509301,0.4493571220509301,1.0,0.375,0.4507257918297375,0.4613152977499166,14.0,0.27569928400393184,0.0,0.0
pop_jamendo_1037074__300s,pop_jamendo_1037074,pop,discovery,300.0,path_rhythm_phase,phase_lifted_path_homology,123,,,0.45324015173693105,0.45324015173693105,1.0,0.425,0.4587708927294706,0.47349598439975066,14.0,0.3546408783606567,0.0,0.0
pop_jamendo_1037377__180s,pop_jamendo_1037377,pop,discovery,180.0,path_acoustic_phase,phase_lifted_path_homology,42,,,0.325754523986128,0.325754523986128,1.0,0.275,0.3314273876705623,0.3463911278459297,12.0,0.08109396098266064,0.0,0.0
pop_jamendo_1037377__180s,pop_jamendo_1037377,pop,discovery,180.0,path_rhythm_phase,phase_lifted_path_homology,42,,,0.304424529026045,0.304424529026045,1.0,0.275,0.31308688988595257,0.34391414225064826,12.0,0.1893671645930165,0.0,0.0
pop_jamendo_1037377__300s,pop_jamendo_1037377,pop,discovery,300.0,path_acoustic_phase,phase_lifted_path_homology,42,,,0.325754523986128,0.325754523986128,1.0,0.275,0.3314273876705623,0.3463911278459297,12.0,0.08109396098266064,0.0,0.0
pop_jamendo_1037377__300s,pop_jamendo_1037377,pop,discovery,300.0,path_rhythm_phase,phase_lifted_path_homology,42,,,0.304424529026045,0.304424529026045,1.0,0.275,0.31308688988595257,0.34391414225064826,12.0,0.1893671645930165,0.0,0.0
pop_jamendo_1037676__180s,pop_jamendo_1037676,pop,discovery,180.0,path_acoustic_phase,phase_lifted_path_homology,49,,,0.23554876445338355,0.23554876445338355,1.0,0.175,0.2541994643864013,0.38989210251438194,32.0,0.22952853554906194,0.0,0.0
pop_jamendo_1037676__180s,pop_jamendo_1037676,pop,discovery,180.0,path_rhythm_phase,phase_lifted_path_homology,49,,,0.371112529863537,0.371112529863537,1.0,0.325,0.3717845561514359,0.37835962769176884,32.0,0.13528842263986163,0.0,0.0
pop_jamendo_1037676__300s,pop_jamendo_1037676,pop,discovery,300.0,path_acoustic_phase,phase_lifted_path_homology,49,,,0.23554876445338355,0.23554876445338355,1.0,0.175,0.2541994643864013,0.38989210251438194,32.0,0.22952853554906194,0.0,0.0
pop_jamendo_1037676__300s,pop_jamendo_1037676,pop,discovery,300.0,path_rhythm_phase,phase_lifted_path_homology,49,,,0.371112529863537,0.371112529863537,1.0,0.325,0.3717845561514359,0.37835962769176884,32.0,0.13528842263986163,0.0,0.0
pop_jamendo_1037713__180s,pop_jamendo_1037713,pop,discovery,180.0,path_acoustic_phase,phase_lifted_path_homology,89,,,0.4268148514196147,0.4268148514196147,1.0,0.375,0.43197554777507924,0.45486665169063406,16.0,0.2391000589368839,0.0,0.0
pop_jamendo_1037713__180s,pop_jamendo_1037713,pop,discovery,180.0,path_rhythm_phase,phase_lifted_path_homology,89,,,0.5235520994872319,0.5235520994872319,1.0,0.47500000000000003,0.5339600334230362,0.5532131665783611,12.0,0.43495449263891495,0.0,0.0
pop_jamendo_1037713__300s,pop_jamendo_1037713,pop,discovery,300.0,path_acoustic_phase,phase_lifted_path_homology,142,,,0.42677304041077607,0.42677304041077607,1.0,0.375,0.43364086479708325,0.4485719878737735,14.0,0.14611919928094075,0.0,0.0
pop_jamendo_1037713__300s,pop_jamendo_1037713,pop,discovery,300.0,path_rhythm_phase,phase_lifted_path_homology,142,,,0.4927993868778268,0.4927993868778268,1.0,0.425,0.5130854954502805,0.5484227196852589,18.0,0.43602110490614154,0.0,0.0
pop_jamendo_1037834__180s,pop_jamendo_1037834,pop,discovery,180.0,path_acoustic_phase,phase_lifted_path_homology,29,,,0.3446676209939176,0.3446676209939176,1.0,0.275,0.35851007230505016,0.3911259355120064,14.0,0.13597679969571175,0.0,0.0
pop_jamendo_1037834__180s,pop_jamendo_1037834,pop,discovery,180.0,path_rhythm_phase,phase_lifted_path_homology,29,,,0.3289596699109214,0.3289596699109214,1.0,0.275,0.3407266860570251,0.38370469772604904,18.0,0.08217330581087279,0.0,0.0
pop_jamendo_1037834__300s,pop_jamendo_1037834,pop,discovery,300.0,path_acoustic_phase,phase_lifted_path_homology,29,,,0.3446676209939176,0.3446676209939176,1.0,0.275,0.35851007230505016,0.3911259355120064,14.0,0.13597679969571175,0.0,0.0
pop_jamendo_1037834__300s,pop_jamendo_1037834,pop,discovery,300.0,path_rhythm_phase,phase_lifted_path_homology,29,,,0.3289596699109214,0.3289596699109214,1.0,0.275,0.3407266860570251,0.38370469772604904,18.0,0.08217330581087279,0.0,0.0
pop_jamendo_1038110__180s,pop_jamendo_1038110,pop,discovery,180.0,path_acoustic_phase,phase_lifted_path_homology,89,,,0.4134559792942799,0.4134559792942799,1.0,0.375,0.4139264528381154,0.44324514392413433,16.0,0.14944652034914085,0.0,0.0
pop_jamendo_1038110__180s,pop_jamendo_1038110,pop,discovery,180.0,path_rhythm_phase,phase_lifted_path_homology,89,,,0.41009577343196424,0.41009577343196424,1.0,0.375,0.4160894278998323,0.4443972715279954,12.0,0.18809847319289308,0.0,0.0
pop_jamendo_1038110__300s,pop_jamendo_1038110,pop,discovery,300.0,path_acoustic_phase,phase_lifted_path_homology,149,,,0.48918879238745866,0.48918879238745866,1.0,0.425,0.4896984152607817,0.49107384393330406,12.0,0.13355475988198984,0.0,0.0
pop_jamendo_1038110__300s,pop_jamendo_1038110,pop,discovery,300.0,path_rhythm_phase,phase_lifted_path_homology,149,,,0.47986603136752964,0.47986603136752964,1.0,0.425,0.48059016582294695,0.4928555078100707,12.0,0.16769338109930487,0.0,0.0
pop_jamendo_1038684__180s,pop_jamendo_1038684,pop,discovery,180.0,path_acoustic_phase,phase_lifted_path_homology,34,,,0.3049862118067242,0.3049862118067242,1.0,0.275,0.32149458644576123,0.3594849197028181,20.0,0.011940748214108288,0.0,0.0
pop_jamendo_1038684__180s,pop_jamendo_1038684,pop,discovery,180.0,path_rhythm_phase,phase_lifted_path_homology,34,,,0.323071758546646,0.323071758546646,1.0,0.275,0.3299771130746802,0.38262979347469206,20.0,0.03801048255223227,0.0,0.0
pop_jamendo_1038684__300s,pop_jamendo_1038684,pop,discovery,300.0,path_acoustic_phase,phase_lifted_path_homology,34,,,0.3049862118067242,0.3049862118067242,1.0,0.275,0.32149458644576123,0.3594849197028181,20.0,0.011940748214108288,0.0,0.0
pop_jamendo_1038684__300s,pop_jamendo_1038684,pop,discovery,300.0,path_rhythm_phase,phase_lifted_path_homology,34,,,0.323071758546646,0.323071758546646,1.0,0.275,0.3299771130746802,0.38262979347469206,20.0,0.03801048255223227,0.0,0.0
pop_jamendo_1039110__180s,pop_jamendo_1039110,pop,discovery,180.0,path_acoustic_phase,phase_lifted_path_homology,89,,,0.3674783970018913,0.3674783970018913,1.0,0.325,0.3700643312789323,0.3793337517420841,14.0,0.22608551103759633,0.0,0.0
pop_jamendo_1039110__180s,pop_jamendo_1039110,pop,discovery,180.0,path_rhythm_phase,phase_lifted_path_homology,89,,,0.3963345779101245,0.3963345779101245,1.0,0.325,0.3980808507043891,0.40796619451285104,12.0,0.24862428541792247,0.0,0.0
pop_jamendo_1039110__300s,pop_jamendo_1039110,pop,discovery,300.0,path_acoustic_phase,phase_lifted_path_homology,149,,,0.4374516474297311,0.4374516474297311,1.0,0.375,0.43751005491039735,0.4446335583134287,14.0,0.2569722937088884,0.0,0.0
pop_jamendo_1039110__300s,pop_jamendo_1039110,pop,discovery,300.0,path_rhythm_phase,phase_lifted_path_homology,149,,,0.38845959604764024,0.38845959604764024,1.0,0.325,0.3961458710212747,0.4178912050419343,12.0,0.20203267977550587,0.0,0.0
pop_jamendo_1039170__180s,pop_jamendo_1039170,pop,discovery,180.0,path_acoustic_phase,phase_lifted_path_homology,89,,,0.46985264685788447,0.46985264685788447,1.0,0.425,0.47051716241128017,0.48422800788554254,12.0,0.40149398020090854,0.0,0.0
pop_jamendo_1039170__180s,pop_jamendo_1039170,pop,discovery,180.0,path_rhythm_phase,phase_lifted_path_homology,89,,,0.43437660712193754,0.43437660712193754,1.0,0.375,0.44159335353516965,0.4685627816784632,12.0,0.3131984359717719,0.0,0.0
pop_jamendo_1039170__300s,pop_jamendo_1039170,pop,discovery,300.0,path_acoustic_phase,phase_lifted_path_homology,149,,,0.5469631735111111,0.5469631735111111,1.0,0.47500000000000003,0.5480843505431325,0.5537692280666441,12.0,0.32794213101052294,0.0,0.0
pop_jamendo_1039170__300s,pop_jamendo_1039170,pop,discovery,300.0,path_rhythm_phase,phase_lifted_path_homology,149,,,0.43372491632308,0.43372491632308,1.0,0.375,0.45021649940894226,0.5007991757798613,12.0,0.3906511255708034,0.0,0.0
pop_jamendo_1039379__180s,pop_jamendo_1039379,pop,discovery,180.0,path_acoustic_phase,phase_lifted_path_homology,89,,,0.43984902292211997,0.43984902292211997,1.0,0.375,0.4421344994571093,0.46097329476741966,20.0,0.23453270399873305,0.0,0.0
pop_jamendo_1039379__180s,pop_jamendo_1039379,pop,discovery,180.0,path_rhythm_phase,phase_lifted_path_homology,89,,,0.4326311582832551,0.4326311582832551,1.0,0.375,0.4386469978809804,0.4590885989282267,30.0,0.27825156019849207,0.0,0.0
pop_jamendo_1039379__300s,pop_jamendo_1039379,pop,discovery,300.0,path_acoustic_phase,phase_lifted_path_homology,122,,,0.43470704409438765,0.43470704409438765,1.0,0.375,0.43973208378076206,0.45512092978120816,20.0,0.20008185952035418,0.0,0.0
pop_jamendo_1039379__300s,pop_jamendo_1039379,pop,discovery,300.0,path_rhythm_phase,phase_lifted_path_homology,122,,,0.40804606055321674,0.40804606055321674,1.0,0.375,0.4131415271801383,0.4247134276834726,30.0,0.18325225622107555,0.0,0.0
pop_jamendo_1039702__180s,pop_jamendo_1039702,pop,discovery,180.0,path_acoustic_phase,phase_lifted_path_homology,89,,,0.3886857226120048,0.3886857226120048,1.0,0.325,0.405255662060739,0.4786958088375328,52.0,0.41739127405812726,0.0,0.0
pop_jamendo_1039702__180s,pop_jamendo_1039702,pop,discovery,180.0,path_rhythm_phase,phase_lifted_path_homology,89,,,0.3409219115630784,0.3409219115630784,1.0,0.275,0.36671911402342827,0.41548829440124435,14.0,0.19423427335634513,0.0,0.0
pop_jamendo_1039702__300s,pop_jamendo_1039702,pop,discovery,300.0,path_acoustic_phase,phase_lifted_path_homology,120,,,0.45958441352096724,0.45958441352096724,1.0,0.425,0.47094886968808164,0.4988427815129512,52.0,0.2917307798474762,0.0,0.0
pop_jamendo_1039702__300s,pop_jamendo_1039702,pop,discovery,300.0,path_rhythm_phase,phase_lifted_path_homology,120,,,0.4071492214323727,0.4071492214323727,1.0,0.375,0.41364998057770846,0.43881375148586904,26.0,0.08719897900946882,0.0,0.0
pop_jamendo_1039855__180s,pop_jamendo_1039855,pop,discovery,180.0,path_acoustic_phase,phase_lifted_path_homology,70,,,0.39921481656830893,0.39921481656830893,1.0,0.325,0.3993354894257076,0.41605843583194235,12.0,0.24840075283814578,0.0,0.0
pop_jamendo_1039855__180s,pop_jamendo_1039855,pop,discovery,180.0,path_rhythm_phase,phase_lifted_path_homology,70,,,0.3780214997392769,0.3780214997392769,1.0,0.325,0.3808012429087904,0.3963658150336742,16.0,0.18550796640978184,0.0,0.0
pop_jamendo_1039855__300s,pop_jamendo_1039855,pop,discovery,300.0,path_acoustic_phase,phase_lifted_path_homology,70,,,0.39921481656830893,0.39921481656830893,1.0,0.325,0.3993354894257076,0.41605843583194235,12.0,0.24840075283814578,0.0,0.0
pop_jamendo_1039855__300s,pop_jamendo_1039855,pop,discovery,300.0,path_rhythm_phase,phase_lifted_path_homology,70,,,0.3780214997392769,0.3780214997392769,1.0,0.325,0.3808012429087904,0.3963658150336742,16.0,0.18550796640978184,0.0,0.0
pop_jamendo_1040132__180s,pop_jamendo_1040132,pop,discovery,180.0,path_acoustic_phase,phase_lifted_path_homology,84,,,0.36228861814334884,0.36228861814334884,1.0,0.325,0.3676767532736685,0.38959393580120777,18.0,0.15173138180054724,0.0,0.0
pop_jamendo_1040132__180s,pop_jamendo_1040132,pop,discovery,180.0,path_rhythm_phase,phase_lifted_path_homology,84,,,0.3720726301940628,0.3720726301940628,1.0,0.325,0.375237645779333,0.3923601126102884,18.0,0.18813583285004798,0.0,0.0
pop_jamendo_1040132__300s,pop_jamendo_1040132,pop,discovery,300.0,path_acoustic_phase,phase_lifted_path_homology,84,,,0.36228861814334884,0.36228861814334884,1.0,0.325,0.3676767532736685,0.38959393580120777,18.0,0.15173138180054724,0.0,0.0
pop_jamendo_1040132__300s,pop_jamendo_1040132,pop,discovery,300.0,path_rhythm_phase,phase_lifted_path_homology,84,,,0.3720726301940628,0.3720726301940628,1.0,0.325,0.375237645779333,0.3923601126102884,18.0,0.18813583285004798,0.0,0.0
pop_jamendo_1041027__180s,pop_jamendo_1041027,pop,discovery,180.0,path_acoustic_phase,phase_lifted_path_homology,89,,,0.4487159069726225,0.4487159069726225,1.0,0.375,0.45361219864679303,0.4732975807677237,14.0,0.42408450173219947,0.0,0.0
pop_jamendo_1041027__180s,pop_jamendo_1041027,pop,discovery,180.0,path_rhythm_phase,phase_lifted_path_homology,89,,,0.41372649128680167,0.41372649128680167,1.0,0.375,0.4146079688261431,0.42166604346415104,14.0,0.3011840452322583,0.0,0.0
pop_jamendo_1041027__300s,pop_jamendo_1041027,pop,discovery,300.0,path_acoustic_phase,phase_lifted_path_homology,123,,,0.4676578395715168,0.4676578395715168,1.0,0.425,0.4726850094718836,0.487338938553217,14.0,0.4093737069842023,0.0,0.0
pop_jamendo_1041027__300s,pop_jamendo_1041027,pop,discovery,300.0,path_rhythm_phase,phase_lifted_path_homology,123,,,0.39163583275733077,0.39163583275733077,1.0,0.325,0.40992202924579285,0.4415929379212413,14.0,0.25710006666758534,0.0,0.0
pop_jamendo_1041960__180s,pop_jamendo_1041960,pop,discovery,180.0,path_acoustic_phase,phase_lifted_path_homology,89,,,0.41626738533472146,0.41626738533472146,1.0,0.375,0.4210543199106989,0.4352374862595953,12.0,0.3684700075921765,0.0,0.0
pop_jamendo_1041960__180s,pop_jamendo_1041960,pop,discovery,180.0,path_rhythm_phase,phase_lifted_path_homology,89,,,0.4399366908687455,0.4399366908687455,1.0,0.375,0.4439889187206314,0.45671678905535096,12.0,0.3846503141827957,0.0,0.0
pop_jamendo_1041960__300s,pop_jamendo_1041960,pop,discovery,300.0,path_acoustic_phase,phase_lifted_path_homology,145,,,0.4597076235812545,0.4597076235812545,1.0,0.425,0.45991596495464443,0.4708246333589807,14.0,0.3119418562777243,0.0,0.0
pop_jamendo_1041960__300s,pop_jamendo_1041960,pop,discovery,300.0,path_rhythm_phase,phase_lifted_path_homology,145,,,0.45118632275283815,0.45118632275283815,1.0,0.425,0.4556948190687387,0.47443167018943694,12.0,0.38248205193978757,0.0,0.0
pop_jamendo_1043251__180s,pop_jamendo_1043251,pop,discovery,180.0,path_acoustic_phase,phase_lifted_path_homology,89,,,0.43482857912588074,0.43482857912588074,1.0,0.375,0.43682606270691815,0.4616964243135138,12.0,0.22363883685683583,0.0,0.0
pop_jamendo_1043251__180s,pop_jamendo_1043251,pop,discovery,180.0,path_rhythm_phase,phase_lifted_path_homology,89,,,0.3889807396186428,0.3889807396186428,1.0,0.325,0.3934923921606096,0.41387666838516907,30.0,0.2500941721681589,0.0,0.0
pop_jamendo_1043251__300s,pop_jamendo_1043251,pop,discovery,300.0,path_acoustic_phase,phase_lifted_path_homology,149,,,0.5078826807037274,0.5078826807037274,1.0,0.47500000000000003,0.5099828091146607,0.5274982810453747,12.0,0.28735895253988275,0.0,0.0
pop_jamendo_1043251__300s,pop_jamendo_1043251,pop,discovery,300.0,path_rhythm_phase,phase_lifted_path_homology,149,,,0.4271135387138643,0.4271135387138643,1.0,0.375,0.42810244687492627,0.43888803715640895,20.0,0.18609739020867555,0.0,0.0
pop_jamendo_1043457__180s,pop_jamendo_1043457,pop,discovery,180.0,path_acoustic_phase,phase_lifted_path_homology,67,,,0.41592269487456396,0.41592269487456396,1.0,0.375,0.4191409848569187,0.4318144941743469,12.0,0.15726243033249676,0.0,0.0
pop_jamendo_1043457__180s,pop_jamendo_1043457,pop,discovery,180.0,path_rhythm_phase,phase_lifted_path_homology,67,,,0.302931254458867,0.302931254458867,1.0,0.275,0.32908831666649996,0.3914914388877991,12.0,0.16444970072458165,0.0,0.0
pop_jamendo_1043457__300s,pop_jamendo_1043457,pop,discovery,300.0,path_acoustic_phase,phase_lifted_path_homology,67,,,0.41592269487456396,0.41592269487456396,1.0,0.375,0.4191409848569187,0.4318144941743469,12.0,0.15726243033249676,0.0,0.0
pop_jamendo_1043457__300s,pop_jamendo_1043457,pop,discovery,300.0,path_rhythm_phase,phase_lifted_path_homology,67,,,0.302931254458867,0.302931254458867,1.0,0.275,0.32908831666649996,0.3914914388877991,12.0,0.16444970072458165,0.0,0.0
pop_jamendo_1043505__180s,pop_jamendo_1043505,pop,discovery,180.0,path_acoustic_phase,phase_lifted_path_homology,89,,,0.40190808127076,0.40190808127076,1.0,0.375,0.40949493766017747,0.4352641562486421,12.0,0.37414547379038465,0.0,0.0
pop_jamendo_1043505__180s,pop_jamendo_1043505,pop,discovery,180.0,path_rhythm_phase,phase_lifted_path_homology,89,,,0.39623610419235594,0.39623610419235594,1.0,0.325,0.39720544981458633,0.4064881044780975,12.0,0.17838486412453514,0.0,0.0
pop_jamendo_1043505__300s,pop_jamendo_1043505,pop,discovery,300.0,path_acoustic_phase,phase_lifted_path_homology,149,,,0.4435474690025029,0.4435474690025029,1.0,0.375,0.44445261644487466,0.4526882097950877,12.0,0.37510465193503895,0.0,0.0
pop_jamendo_1043505__300s,pop_jamendo_1043505,pop,discovery,300.0,path_rhythm_phase,phase_lifted_path_homology,149,,,0.39523825180055017,0.39523825180055017,1.0,0.325,0.39750775507348557,0.412070718980549,12.0,0.10685922247219759,0.0,0.0
pop_jamendo_1044028__180s,pop_jamendo_1044028,pop,discovery,180.0,path_acoustic_phase,phase_lifted_path_homology,89,,,0.3997290963156052,0.3997290963156052,1.0,0.325,0.4074360215041419,0.4305092054713732,16.0,0.2665341797335097,0.0,0.0
pop_jamendo_1044028__180s,pop_jamendo_1044028,pop,discovery,180.0,path_rhythm_phase,phase_lifted_path_homology,89,,,0.3817681174063341,0.3817681174063341,1.0,0.325,0.3944531510785906,0.4198543510063817,12.0,0.16711086923303164,0.0,0.0
pop_jamendo_1044028__300s,pop_jamendo_1044028,pop,discovery,300.0,path_acoustic_phase,phase_lifted_path_homology,149,,,0.3728392648387136,0.3728392648387136,1.0,0.325,0.37776758351749923,0.4023684794530363,16.0,0.17560707523045838,0.0,0.0
pop_jamendo_1044028__300s,pop_jamendo_1044028,pop,discovery,300.0,path_rhythm_phase,phase_lifted_path_homology,149,,,0.38118592554756925,0.38118592554756925,1.0,0.325,0.38787939030624785,0.40599636654798105,14.0,0.10427490231747738,0.0,0.0
pop_jamendo_1044192__180s,pop_jamendo_1044192,pop,discovery,180.0,path_acoustic_phase,phase_lifted_path_homology,83,,,0.4831005633223982,0.4831005633223982,1.0,0.425,0.49543153115592903,0.5253747408107987,16.0,0.2467438293055192,0.0,0.0
pop_jamendo_1044192__180s,pop_jamendo_1044192,pop,discovery,180.0,path_rhythm_phase,phase_lifted_path_homology,83,,,0.4471643235901741,0.4471643235901741,1.0,0.375,0.45146400946930515,0.47374381279737415,14.0,0.2657952535825818,0.0,0.0
pop_jamendo_1044192__300s,pop_jamendo_1044192,pop,discovery,300.0,path_acoustic_phase,phase_lifted_path_homology,83,,,0.4831005633223982,0.4831005633223982,1.0,0.425,0.49543153115592903,0.5253747408107987,16.0,0.2467438293055192,0.0,0.0
pop_jamendo_1044192__300s,pop_jamendo_1044192,pop,discovery,300.0,path_rhythm_phase,phase_lifted_path_homology,83,,,0.4471643235901741,0.4471643235901741,1.0,0.375,0.45146400946930515,0.47374381279737415,14.0,0.2657952535825818,0.0,0.0
pop_jamendo_1044568__180s,pop_jamendo_1044568,pop,discovery,180.0,path_acoustic_phase,phase_lifted_path_homology,39,,,0.3729150920727959,0.3729150920727959,1.0,0.325,0.37964923884336776,0.4150880043832246,22.0,0.0996630357634467,0.0,0.0
pop_jamendo_1044568__180s,pop_jamendo_1044568,pop,discovery,180.0,path_rhythm_phase,phase_lifted_path_homology,39,,,0.28248782643353515,0.28248782643353515,1.0,0.225,0.31320235232402555,0.3824752685257086,12.0,0.13586462674296107,0.0,0.0
pop_jamendo_1044568__300s,pop_jamendo_1044568,pop,discovery,300.0,path_acoustic_phase,phase_lifted_path_homology,39,,,0.3729150920727959,0.3729150920727959,1.0,0.325,0.37964923884336776,0.4150880043832246,22.0,0.0996630357634467,0.0,0.0
pop_jamendo_1044568__300s,pop_jamendo_1044568,pop,discovery,300.0,path_rhythm_phase,phase_lifted_path_homology,39,,,0.28248782643353515,0.28248782643353515,1.0,0.225,0.31320235232402555,0.3824752685257086,12.0,0.13586462674296107,0.0,0.0
pop_jamendo_1044822__180s,pop_jamendo_1044822,pop,discovery,180.0,path_acoustic_phase,phase_lifted_path_homology,89,,,0.40983032937736863,0.40983032937736863,1.0,0.375,0.4099840486129428,0.41097526928613365,16.0,0.24207342002053434,0.0,0.0
pop_jamendo_1044822__180s,pop_jamendo_1044822,pop,discovery,180.0,path_rhythm_phase,phase_lifted_path_homology,89,,,0.32401797662006643,0.32401797662006643,1.0,0.275,0.3308413546219803,0.4066437725761516,16.0,0.15739102980020442,0.0,0.0
pop_jamendo_1044822__300s,pop_jamendo_1044822,pop,discovery,300.0,path_acoustic_phase,phase_lifted_path_homology,105,,,0.37987306470010956,0.37987306470010956,1.0,0.325,0.3900910703946327,0.4112435826170242,32.0,0.21744845738668783,0.0,0.0
pop_jamendo_1044822__300s,pop_jamendo_1044822,pop,discovery,300.0,path_rhythm_phase,phase_lifted_path_homology,105,,,0.3185113949971819,0.3185113949971819,1.0,0.275,0.32373228166778767,0.3602180383018207,14.0,0.09375898228883339,0.0,0.0
pop_jamendo_1044827__180s,pop_jamendo_1044827,pop,discovery,180.0,path_acoustic_phase,phase_lifted_path_homology,89,,,0.3794583438822132,0.3794583438822132,1.0,0.325,0.38896063533894865,0.4106145538642696,14.0,0.19007771107539462,0.0,0.0
pop_jamendo_1044827__180s,pop_jamendo_1044827,pop,discovery,180.0,path_rhythm_phase,phase_lifted_path_homology,89,,,0.2658300885799122,0.2658300885799122,1.0,0.225,0.2934637186184921,0.39001423620233533,52.0,0.26383741504784763,0.0,0.0
pop_jamendo_1044827__300s,pop_jamendo_1044827,pop,discovery,300.0,path_acoustic_phase,phase_lifted_path_homology,129,,,0.4097752527293417,0.4097752527293417,1.0,0.375,0.4263019416305346,0.4636465428628614,14.0,0.29668017605604224,0.0,0.0
pop_jamendo_1044827__300s,pop_jamendo_1044827,pop,discovery,300.0,path_rhythm_phase,phase_lifted_path_homology,129,,,0.4339076144154961,0.4339076144154961,1.0,0.375,0.43619402097875787,0.449298837484025,14.0,0.1921764323428743,0.0,0.0
pop_jamendo_1045184__180s,pop_jamendo_1045184,pop,discovery,180.0,path_acoustic_phase,phase_lifted_path_homology,89,,,0.3376248959723953,0.3376248959723953,1.0,0.275,0.3504737426866881,0.3790494428838218,16.0,0.1446826383463553,0.0,0.0
pop_jamendo_1045184__180s,pop_jamendo_1045184,pop,discovery,180.0,path_rhythm_phase,phase_lifted_path_homology,89,,,0.36525361973353215,0.36525361973353215,1.0,0.325,0.3717475210809082,0.3874611236620686,34.0,0.1770360944186884,0.0,0.0
pop_jamendo_1045184__300s,pop_jamendo_1045184,pop,discovery,300.0,path_acoustic_phase,phase_lifted_path_homology,149,,,0.4420205161082345,0.4420205161082345,1.0,0.375,0.44450759116475164,0.4510141226155799,12.0,0.15257368584899766,0.0,0.0
pop_jamendo_1045184__300s,pop_jamendo_1045184,pop,discovery,300.0,path_rhythm_phase,phase_lifted_path_homology,149,,,0.39173349855689554,0.39173349855689554,1.0,0.325,0.3940578545186757,0.4059951790258909,34.0,0.09667225876156516,0.0,0.0
pop_jamendo_1045248__180s,pop_jamendo_1045248,pop,discovery,180.0,path_acoustic_phase,phase_lifted_path_homology,89,,,0.4448621383344659,0.4448621383344659,1.0,0.375,0.44698532711050804,0.4579630249902209,18.0,0.3615482561961605,0.0,0.0
pop_jamendo_1045248__180s,pop_jamendo_1045248,pop,discovery,180.0,path_rhythm_phase,phase_lifted_path_homology,89,,,0.4326432112851953,0.4326432112851953,1.0,0.375,0.4355607223930668,0.46689812879713005,16.0,0.42776542077062907,0.0,0.0
pop_jamendo_1045248__300s,pop_jamendo_1045248,pop,discovery,300.0,path_acoustic_phase,phase_lifted_path_homology,91,,,0.3819969546140064,0.3819969546140064,1.0,0.325,0.4008762435589439,0.4367339518645002,18.0,0.4246595326182515,0.0,0.0
pop_jamendo_1045248__300s,pop_jamendo_1045248,pop,discovery,300.0,path_rhythm_phase,phase_lifted_path_homology,91,,,0.4169204290745661,0.4169204290745661,1.0,0.375,0.42748502652181913,0.4570990785858197,32.0,0.25969211947597204,0.0,0.0
pop_jamendo_1045665__180s,pop_jamendo_1045665,pop,discovery,180.0,path_acoustic_phase,phase_lifted_path_homology,89,,,0.38587657372743084,0.38587657372743084,1.0,0.325,0.3864167001662514,0.4117325479546701,14.0,0.23967931660788855,0.0,0.0
pop_jamendo_1045665__180s,pop_jamendo_1045665,pop,discovery,180.0,path_rhythm_phase,phase_lifted_path_homology,89,,,0.25741944771786457,0.25741944771786457,1.0,0.225,0.2870282823855811,0.3486060271597453,36.0,0.16481232724589923,0.0,0.0
pop_jamendo_1045665__300s,pop_jamendo_1045665,pop,discovery,300.0,path_acoustic_phase,phase_lifted_path_homology,94,,,0.3788644300008317,0.3788644300008317,1.0,0.325,0.3823900722875575,0.3953921884203038,14.0,0.15279202687631865,0.0,0.0
pop_jamendo_1045665__300s,pop_jamendo_1045665,pop,discovery,300.0,path_rhythm_phase,phase_lifted_path_homology,94,,,0.37436310303695897,0.37436310303695897,1.0,0.325,0.37783215850780905,0.4099174642304813,30.0,0.16632227145052458,0.0,0.0
pop_jamendo_1045733__180s,pop_jamendo_1045733,pop,discovery,180.0,path_acoustic_phase,phase_lifted_path_homology,59,,,0.34218986904638915,0.34218986904638915,1.0,0.275,0.35067482637163483,0.3971223686533459,36.0,0.10023616299148941,0.0,0.0
pop_jamendo_1045733__180s,pop_jamendo_1045733,pop,discovery,180.0,path_rhythm_phase,phase_lifted_path_homology,59,,,0.46011632140944997,0.46011632140944997,1.0,0.425,0.4752948319894164,0.532607759015652,12.0,0.29009305491565296,0.0,0.0
pop_jamendo_1045733__300s,pop_jamendo_1045733,pop,discovery,300.0,path_acoustic_phase,phase_lifted_path_homology,59,,,0.34218986904638915,0.34218986904638915,1.0,0.275,0.35067482637163483,0.3971223686533459,36.0,0.10023616299148941,0.0,0.0
pop_jamendo_1045733__300s,pop_jamendo_1045733,pop,discovery,300.0,path_rhythm_phase,phase_lifted_path_homology,59,,,0.46011632140944997,0.46011632140944997,1.0,0.425,0.4752948319894164,0.532607759015652,12.0,0.29009305491565296,0.0,0.0
pop_jamendo_1045904__180s,pop_jamendo_1045904,pop,discovery,180.0,path_acoustic_phase,phase_lifted_path_homology,89,,,0.47861802268863435,0.47861802268863435,1.0,0.425,0.47966823364685673,0.48405234531661523,16.0,0.42653746111403545,0.0,0.0
pop_jamendo_1045904__180s,pop_jamendo_1045904,pop,discovery,180.0,path_rhythm_phase,phase_lifted_path_homology,89,,,0.40195962713352035,0.40195962713352035,1.0,0.375,0.4071559845044854,0.4259878327702024,14.0,0.19562666763287284,0.0,0.0
pop_jamendo_1045904__300s,pop_jamendo_1045904,pop,discovery,300.0,path_acoustic_phase,phase_lifted_path_homology,105,,,0.4751224276246673,0.4751224276246673,1.0,0.425,0.4764230195716536,0.48650493915447957,16.0,0.25519515417820715,0.0,0.0
pop_jamendo_1045904__300s,pop_jamendo_1045904,pop,discovery,300.0,path_rhythm_phase,phase_lifted_path_homology,105,,,0.4342238311235139,0.4342238311235139,1.0,0.375,0.4392774908677667,0.4559079667859427,14.0,0.21989188511432045,0.0,0.0
pop_jamendo_1046473__180s,pop_jamendo_1046473,pop,discovery,180.0,path_acoustic_phase,phase_lifted_path_homology,89,,,0.4173416786133339,0.4173416786133339,1.0,0.375,0.4205341215952931,0.46627804262401024,54.0,0.4197856784632762,0.0,0.0
pop_jamendo_1046473__180s,pop_jamendo_1046473,pop,discovery,180.0,path_rhythm_phase,phase_lifted_path_homology,89,,,0.40237818336179876,0.40237818336179876,1.0,0.375,0.4150949994189441,0.44558189933015185,54.0,0.33897678525953867,0.0,0.0
pop_jamendo_1046473__300s,pop_jamendo_1046473,pop,discovery,300.0,path_acoustic_phase,phase_lifted_path_homology,114,,,0.3175199048711352,0.3175199048711352,1.0,0.275,0.3414256890539118,0.41409849393006976,54.0,0.2087995628764493,0.0,0.0
pop_jamendo_1046473__300s,pop_jamendo_1046473,pop,discovery,300.0,path_rhythm_phase,phase_lifted_path_homology,114,,,0.3960539101315778,0.3960539101315778,1.0,0.325,0.4031909090946868,0.4390192997778295,54.0,0.2860059798617419,0.0,0.0
pop_jamendo_1047481__180s,pop_jamendo_1047481,pop,discovery,180.0,path_acoustic_phase,phase_lifted_path_homology,89,,,0.401211734081862,0.401211734081862,1.0,0.375,0.4077505930053156,0.4482213830012279,24.0,0.333745088460802,0.0,0.0
pop_jamendo_1047481__180s,pop_jamendo_1047481,pop,discovery,180.0,path_rhythm_phase,phase_lifted_path_homology,89,,,0.48345819848526017,0.48345819848526017,1.0,0.425,0.49662222883214746,0.5278442998204371,30.0,0.4654802461600338,0.0,0.0
pop_jamendo_1047481__300s,pop_jamendo_1047481,pop,discovery,300.0,path_acoustic_phase,phase_lifted_path_homology,108,,,0.4672418407952831,0.4672418407952831,1.0,0.425,0.4701146042389156,0.48457636798653025,12.0,0.3103345642398576,0.0,0.0
pop_jamendo_1047481__300s,pop_jamendo_1047481,pop,discovery,300.0,path_rhythm_phase,phase_lifted_path_homology,108,,,0.5144658708644186,0.5144658708644186,1.0,0.47500000000000003,0.514958919225912,0.5243788214785856,12.0,0.6483163412822428,0.0,0.0
pop_jamendo_1048087__180s,pop_jamendo_1048087,pop,discovery,180.0,path_acoustic_phase,phase_lifted_path_homology,89,,,0.388563529701661,0.388563529701661,1.0,0.325,0.39056324156729216,0.3988768381084156,12.0,0.28443139404165296,0.0,0.0
pop_jamendo_1048087__180s,pop_jamendo_1048087,pop,discovery,180.0,path_rhythm_phase,phase_lifted_path_homology,89,,,0.4525706951932945,0.4525706951932945,1.0,0.425,0.45463504410520644,0.46579178198223165,12.0,0.3742808323932184,0.0,0.0
pop_jamendo_1048087__300s,pop_jamendo_1048087,pop,discovery,300.0,path_acoustic_phase,phase_lifted_path_homology,91,,,0.3774367069563702,0.3774367069563702,1.0,0.325,0.3798077887044893,0.3864679181458466,12.0,0.21694021263284302,0.0,0.0
pop_jamendo_1048087__300s,pop_jamendo_1048087,pop,discovery,300.0,path_rhythm_phase,phase_lifted_path_homology,91,,,0.4559224121022437,0.4559224121022437,1.0,0.425,0.45852276543193143,0.46895347812846094,12.0,0.3874045982286294,0.0,0.0
pop_jamendo_1049715__180s,pop_jamendo_1049715,pop,discovery,180.0,path_acoustic_phase,phase_lifted_path_homology,72,,,0.3552659084881447,0.3552659084881447,1.0,0.325,0.36581530734784373,0.4041633576888986,12.0,0.14230856902930822,0.0,0.0
pop_jamendo_1049715__180s,pop_jamendo_1049715,pop,discovery,180.0,path_rhythm_phase,phase_lifted_path_homology,72,,,0.3902488294894554,0.3902488294894554,1.0,0.325,0.40390044686999615,0.43542041662929415,30.0,0.2606160744936781,0.0,0.0
pop_jamendo_1049715__300s,pop_jamendo_1049715,pop,discovery,300.0,path_acoustic_phase,phase_lifted_path_homology,72,,,0.3552659084881447,0.3552659084881447,1.0,0.325,0.36581530734784373,0.4041633576888986,12.0,0.14230856902930822,0.0,0.0
pop_jamendo_1049715__300s,pop_jamendo_1049715,pop,discovery,300.0,path_rhythm_phase,phase_lifted_path_homology,72,,,0.3902488294894554,0.3902488294894554,1.0,0.325,0.40390044686999615,0.43542041662929415,30.0,0.2606160744936781,0.0,0.0
pop_jamendo_1050676__180s,pop_jamendo_1050676,pop,discovery,180.0,path_acoustic_phase,phase_lifted_path_homology,89,,,0.3364493572568877,0.3364493572568877,1.0,0.275,0.34229980064410204,0.3554922489720522,38.0,0.07134827039758385,0.0,0.0
pop_jamendo_1050676__180s,pop_jamendo_1050676,pop,discovery,180.0,path_rhythm_phase,phase_lifted_path_homology,89,,,0.3363861597004104,0.3363861597004104,1.0,0.275,0.3416975973171129,0.3775207846043282,40.0,0.09273139208990644,0.0,0.0
pop_jamendo_1050676__300s,pop_jamendo_1050676,pop,discovery,300.0,path_acoustic_phase,phase_lifted_path_homology,112,,,0.3244528486370932,0.3244528486370932,1.0,0.275,0.3285754003108164,0.36191411586918454,32.0,0.08084424776374188,0.0,0.0
pop_jamendo_1050676__300s,pop_jamendo_1050676,pop,discovery,300.0,path_rhythm_phase,phase_lifted_path_homology,112,,,0.3751855921366832,0.3751855921366832,1.0,0.325,0.38021066621139904,0.4026411847063142,20.0,0.09477809422824768,0.0,0.0
pop_jamendo_1050774__180s,pop_jamendo_1050774,pop,discovery,180.0,path_acoustic_phase,phase_lifted_path_homology,53,,,0.36852025096911856,0.36852025096911856,1.0,0.325,0.3729434594406307,0.3853014239685721,12.0,0.31485483037175477,0.0,0.0
pop_jamendo_1050774__180s,pop_jamendo_1050774,pop,discovery,180.0,path_rhythm_phase,phase_lifted_path_homology,53,,,0.3729245214322685,0.3729245214322685,1.0,0.325,0.3766732075464264,0.3911644494109264,14.0,0.15143042590697853,0.0,0.0
pop_jamendo_1050774__300s,pop_jamendo_1050774,pop,discovery,300.0,path_acoustic_phase,phase_lifted_path_homology,53,,,0.36852025096911856,0.36852025096911856,1.0,0.325,0.3729434594406307,0.3853014239685721,12.0,0.31485483037175477,0.0,0.0
pop_jamendo_1050774__300s,pop_jamendo_1050774,pop,discovery,300.0,path_rhythm_phase,phase_lifted_path_homology,53,,,0.3729245214322685,0.3729245214322685,1.0,0.325,0.3766732075464264,0.3911644494109264,14.0,0.15143042590697853,0.0,0.0
pop_jamendo_1050966__180s,pop_jamendo_1050966,pop,discovery,180.0,path_acoustic_phase,phase_lifted_path_homology,89,,,0.3929142670122228,0.3929142670122228,1.0,0.325,0.3931491456347147,0.40670197556063825,12.0,0.1422912658490818,0.0,0.0
pop_jamendo_1050966__180s,pop_jamendo_1050966,pop,discovery,180.0,path_rhythm_phase,phase_lifted_path_homology,89,,,0.3849293379229053,0.3849293379229053,1.0,0.325,0.39217398995074015,0.4145497042313217,16.0,0.11679939546029838,0.0,0.0
pop_jamendo_1050966__300s,pop_jamendo_1050966,pop,discovery,300.0,path_acoustic_phase,phase_lifted_path_homology,117,,,0.4195811257112292,0.4195811257112292,1.0,0.375,0.4203899581780733,0.43764712655302823,12.0,0.19075334496024665,0.0,0.0
pop_jamendo_1050966__300s,pop_jamendo_1050966,pop,discovery,300.0,path_rhythm_phase,phase_lifted_path_homology,117,,,0.44047013665191276,0.44047013665191276,1.0,0.375,0.4513841098381831,0.5054341178838521,16.0,0.23116604510637118,0.0,0.0
pop_jamendo_1052369__180s,pop_jamendo_1052369,pop,discovery,180.0,path_acoustic_phase,phase_lifted_path_homology,58,,,0.4370165108975535,0.4370165108975535,1.0,0.375,0.44299508347682515,0.4598285878096686,12.0,0.20371562932000575,0.0,0.0
pop_jamendo_1052369__180s,pop_jamendo_1052369,pop,discovery,180.0,path_rhythm_phase,phase_lifted_path_homology,58,,,0.24902971143988833,0.24902971143988833,1.0,0.175,0.2572144782525624,0.3448426782120768,24.0,0.1663387393717155,0.0,0.0
pop_jamendo_1052369__300s,pop_jamendo_1052369,pop,discovery,300.0,path_acoustic_phase,phase_lifted_path_homology,58,,,0.4370165108975535,0.4370165108975535,1.0,0.375,0.44299508347682515,0.4598285878096686,12.0,0.20371562932000575,0.0,0.0
pop_jamendo_1052369__300s,pop_jamendo_1052369,pop,discovery,300.0,path_rhythm_phase,phase_lifted_path_homology,58,,,0.24902971143988833,0.24902971143988833,1.0,0.175,0.2572144782525624,0.3448426782120768,24.0,0.1663387393717155,0.0,0.0
pop_jamendo_1052983__180s,pop_jamendo_1052983,pop,discovery,180.0,path_acoustic_phase,phase_lifted_path_homology,83,,,0.3751825886248008,0.3751825886248008,1.0,0.325,0.3804883849699473,0.4224110369457616,12.0,0.1300324014933173,0.0,0.0
pop_jamendo_1052983__180s,pop_jamendo_1052983,pop,discovery,180.0,path_rhythm_phase,phase_lifted_path_homology,83,,,0.36013057662786013,0.36013057662786013,1.0,0.325,0.3683201486315098,0.40216956782897606,32.0,0.15820028206413406,0.0,0.0
pop_jamendo_1052983__300s,pop_jamendo_1052983,pop,discovery,300.0,path_acoustic_phase,phase_lifted_path_homology,83,,,0.3751825886248008,0.3751825886248008,1.0,0.325,0.3804883849699473,0.4224110369457616,12.0,0.1300324014933173,0.0,0.0
pop_jamendo_1052983__300s,pop_jamendo_1052983,pop,discovery,300.0,path_rhythm_phase,phase_lifted_path_homology,83,,,0.36013057662786013,0.36013057662786013,1.0,0.325,0.3683201486315098,0.40216956782897606,32.0,0.15820028206413406,0.0,0.0
pop_jamendo_1053079__180s,pop_jamendo_1053079,pop,discovery,180.0,path_acoustic_phase,phase_lifted_path_homology,88,,,0.39223270037155195,0.39223270037155195,1.0,0.325,0.41092494698382503,0.46461693545963567,14.0,0.17503207609452764,0.0,0.0
pop_jamendo_1053079__180s,pop_jamendo_1053079,pop,discovery,180.0,path_rhythm_phase,phase_lifted_path_homology,88,,,0.4046226475961989,0.4046226475961989,1.0,0.375,0.41037816390463805,0.4260421735779489,12.0,0.15107166244014358,0.0,0.0
pop_jamendo_1053079__300s,pop_jamendo_1053079,pop,discovery,300.0,path_acoustic_phase,phase_lifted_path_homology,88,,,0.39223270037155195,0.39223270037155195,1.0,0.325,0.41092494698382503,0.46461693545963567,14.0,0.17503207609452764,0.0,0.0
pop_jamendo_1053079__300s,pop_jamendo_1053079,pop,discovery,300.0,path_rhythm_phase,phase_lifted_path_homology,88,,,0.4046226475961989,0.4046226475961989,1.0,0.375,0.41037816390463805,0.4260421735779489,12.0,0.15107166244014358,0.0,0.0
pop_jamendo_1053449__180s,pop_jamendo_1053449,pop,discovery,180.0,path_acoustic_phase,phase_lifted_path_homology,87,,,0.37398175224291974,0.37398175224291974,1.0,0.325,0.3774879768496421,0.4293541783459766,54.0,0.29273964777024397,0.0,0.0
pop_jamendo_1053449__180s,pop_jamendo_1053449,pop,discovery,180.0,path_rhythm_phase,phase_lifted_path_homology,87,,,0.3233579425293933,0.3233579425293933,1.0,0.275,0.34378795932831396,0.41259985545263134,52.0,0.25048131886895497,0.0,0.0
pop_jamendo_1053449__300s,pop_jamendo_1053449,pop,discovery,300.0,path_acoustic_phase,phase_lifted_path_homology,87,,,0.37398175224291974,0.37398175224291974,1.0,0.325,0.3774879768496421,0.4293541783459766,54.0,0.29273964777024397,0.0,0.0
pop_jamendo_1053449__300s,pop_jamendo_1053449,pop,discovery,300.0,path_rhythm_phase,phase_lifted_path_homology,87,,,0.3233579425293933,0.3233579425293933,1.0,0.275,0.34378795932831396,0.41259985545263134,52.0,0.25048131886895497,0.0,0.0
pop_jamendo_1054373__180s,pop_jamendo_1054373,pop,discovery,180.0,path_acoustic_phase,phase_lifted_path_homology,89,,,0.4025296204170492,0.4025296204170492,1.0,0.375,0.40792586063763436,0.42931333181737913,12.0,0.2061193012937601,0.0,0.0
pop_jamendo_1054373__180s,pop_jamendo_1054373,pop,discovery,180.0,path_rhythm_phase,phase_lifted_path_homology,89,,,0.42354245286898157,0.42354245286898157,1.0,0.375,0.4276417649246187,0.44564650650186416,20.0,0.33611831315323193,0.0,0.0
pop_jamendo_1054373__300s,pop_jamendo_1054373,pop,discovery,300.0,path_acoustic_phase,phase_lifted_path_homology,105,,,0.4023331542882086,0.4023331542882086,1.0,0.375,0.4080042402277513,0.4211603872948187,12.0,0.17223739380755154,0.0,0.0
pop_jamendo_1054373__300s,pop_jamendo_1054373,pop,discovery,300.0,path_rhythm_phase,phase_lifted_path_homology,105,,,0.42467630152385566,0.42467630152385566,1.0,0.375,0.43113923038120416,0.45379149942946934,20.0,0.23963095374538113,0.0,0.0
pop_jamendo_1055999__180s,pop_jamendo_1055999,pop,discovery,180.0,path_acoustic_phase,phase_lifted_path_homology,89,,,0.3651736433733739,0.3651736433733739,1.0,0.325,0.3705405364871816,0.4148910796650511,20.0,0.22882477265029832,0.0,0.0
pop_jamendo_1055999__180s,pop_jamendo_1055999,pop,discovery,180.0,path_rhythm_phase,phase_lifted_path_homology,89,,,0.4120521998641458,0.4120521998641458,1.0,0.375,0.422418809187362,0.4531308413707022,20.0,0.2790207970222527,0.0,0.0
pop_jamendo_1055999__300s,pop_jamendo_1055999,pop,discovery,300.0,path_acoustic_phase,phase_lifted_path_homology,148,,,0.4282100089264504,0.4282100089264504,1.0,0.375,0.4354867523681118,0.458628543311173,18.0,0.16358307461467703,0.0,0.0
pop_jamendo_1055999__300s,pop_jamendo_1055999,pop,discovery,300.0,path_rhythm_phase,phase_lifted_path_homology,148,,,0.43738380825327033,0.43738380825327033,1.0,0.375,0.44067930942118755,0.45770053339697964,20.0,0.22789653285746458,0.0,0.0
pop_jamendo_1056002__180s,pop_jamendo_1056002,pop,discovery,180.0,path_acoustic_phase,phase_lifted_path_homology,30,,,0.3241918570522797,0.3241918570522797,1.0,0.275,0.3265136088588453,0.3612727943517857,14.0,0.12729506146837677,0.0,0.0
pop_jamendo_1056002__180s,pop_jamendo_1056002,pop,discovery,180.0,path_rhythm_phase,phase_lifted_path_homology,30,,,0.34100514198733833,0.34100514198733833,1.0,0.275,0.35606270204260543,0.3911029152394511,14.0,0.1466177971107665,0.0,0.0
pop_jamendo_1056002__300s,pop_jamendo_1056002,pop,discovery,300.0,path_acoustic_phase,phase_lifted_path_homology,30,,,0.3241918570522797,0.3241918570522797,1.0,0.275,0.3265136088588453,0.3612727943517857,14.0,0.12729506146837677,0.0,0.0
pop_jamendo_1056002__300s,pop_jamendo_1056002,pop,discovery,300.0,path_rhythm_phase,phase_lifted_path_homology,30,,,0.34100514198733833,0.34100514198733833,1.0,0.275,0.35606270204260543,0.3911029152394511,14.0,0.1466177971107665,0.0,0.0
pop_jamendo_1056647__180s,pop_jamendo_1056647,pop,discovery,180.0,path_acoustic_phase,phase_lifted_path_homology,89,,,0.3929873929369005,0.3929873929369005,1.0,0.325,0.3993915464206968,0.4148982429052317,12.0,0.1588630561226163,0.0,0.0
pop_jamendo_1056647__180s,pop_jamendo_1056647,pop,discovery,180.0,path_rhythm_phase,phase_lifted_path_homology,89,,,0.38045545646046386,0.38045545646046386,1.0,0.325,0.38115720744735654,0.39409875796870786,14.0,0.1150381629549756,0.0,0.0
pop_jamendo_1056647__300s,pop_jamendo_1056647,pop,discovery,300.0,path_acoustic_phase,phase_lifted_path_homology,134,,,0.46487028380419776,0.46487028380419776,1.0,0.425,0.4659279741987601,0.4711535265342364,12.0,0.245525187987226,0.0,0.0
pop_jamendo_1056647__300s,pop_jamendo_1056647,pop,discovery,300.0,path_rhythm_phase,phase_lifted_path_homology,134,,,0.524229141697908,0.524229141697908,1.0,0.47500000000000003,0.5266951875468677,0.5342447777061117,14.0,0.40253757220369224,0.0,0.0
pop_jamendo_1056793__180s,pop_jamendo_1056793,pop,discovery,180.0,path_acoustic_phase,phase_lifted_path_homology,78,,,0.3884258145807997,0.3884258145807997,1.0,0.325,0.39369673483695594,0.4183084924035725,32.0,0.1588398844272152,0.0,0.0
pop_jamendo_1056793__180s,pop_jamendo_1056793,pop,discovery,180.0,path_rhythm_phase,phase_lifted_path_homology,78,,,0.39439176615458993,0.39439176615458993,1.0,0.325,0.39546677057342894,0.400255890581636,30.0,0.0808703041674852,0.0,0.0
pop_jamendo_1056793__300s,pop_jamendo_1056793,pop,discovery,300.0,path_acoustic_phase,phase_lifted_path_homology,78,,,0.3884258145807997,0.3884258145807997,1.0,0.325,0.39369673483695594,0.4183084924035725,32.0,0.1588398844272152,0.0,0.0
pop_jamendo_1056793__300s,pop_jamendo_1056793,pop,discovery,300.0,path_rhythm_phase,phase_lifted_path_homology,78,,,0.39439176615458993,0.39439176615458993,1.0,0.325,0.39546677057342894,0.400255890581636,30.0,0.0808703041674852,0.0,0.0
pop_jamendo_1057012__180s,pop_jamendo_1057012,pop,discovery,180.0,path_acoustic_phase,phase_lifted_path_homology,89,,,0.39485997231707815,0.39485997231707815,1.0,0.325,0.4048951602182139,0.4438460373615207,16.0,0.21381892044080297,0.0,0.0
pop_jamendo_1057012__180s,pop_jamendo_1057012,pop,discovery,180.0,path_rhythm_phase,phase_lifted_path_homology,89,,,0.41889731475590825,0.41889731475590825,1.0,0.375,0.42131172935146444,0.432507474846715,12.0,0.26549320766434603,0.0,0.0
pop_jamendo_1057012__300s,pop_jamendo_1057012,pop,discovery,300.0,path_acoustic_phase,phase_lifted_path_homology,149,,,0.46528705847325746,0.46528705847325746,1.0,0.425,0.46541897293718826,0.47572496091822564,16.0,0.23456871730108875,0.0,0.0
pop_jamendo_1057012__300s,pop_jamendo_1057012,pop,discovery,300.0,path_rhythm_phase,phase_lifted_path_homology,149,,,0.4726262576393802,0.4726262576393802,1.0,0.425,0.4732610627892304,0.4865051305667109,12.0,0.296920018250712,0.0,0.0
pop_jamendo_1057040__180s,pop_jamendo_1057040,pop,discovery,180.0,path_acoustic_phase,phase_lifted_path_homology,89,,,0.40186579352653357,0.40186579352653357,1.0,0.375,0.4088429908927512,0.4314339562697045,14.0,0.25255078811785836,0.0,0.0
pop_jamendo_1057040__180s,pop_jamendo_1057040,pop,discovery,180.0,path_rhythm_phase,phase_lifted_path_homology,89,,,0.3965522047030907,0.3965522047030907,1.0,0.325,0.39868974396547535,0.40700462079726796,14.0,0.1716543307410685,0.0,0.0
pop_jamendo_1057040__300s,pop_jamendo_1057040,pop,discovery,300.0,path_acoustic_phase,phase_lifted_path_homology,92,,,0.41961751840276196,0.41961751840276196,1.0,0.375,0.425480439516463,0.443577176301089,14.0,0.34109149291203,0.0,0.0
pop_jamendo_1057040__300s,pop_jamendo_1057040,pop,discovery,300.0,path_rhythm_phase,phase_lifted_path_homology,92,,,0.40156009401765913,0.40156009401765913,1.0,0.375,0.40278796608994344,0.42350868122890634,14.0,0.2587196174325278,0.0,0.0
pop_jamendo_1057478__180s,pop_jamendo_1057478,pop,discovery,180.0,path_acoustic_phase,phase_lifted_path_homology,39,,,0.3329320148765505,0.3329320148765505,1.0,0.275,0.35576759564631266,0.4530994388056348,20.0,0.3354254365445908,0.0,0.0
pop_jamendo_1057478__180s,pop_jamendo_1057478,pop,discovery,180.0,path_rhythm_phase,phase_lifted_path_homology,39,,,0.36472081102557724,0.36472081102557724,1.0,0.325,0.3819779929468546,0.4327637701760448,14.0,0.2202862931924341,0.0,0.0
pop_jamendo_1057478__300s,pop_jamendo_1057478,pop,discovery,300.0,path_acoustic_phase,phase_lifted_path_homology,39,,,0.3329320148765505,0.3329320148765505,1.0,0.275,0.35576759564631266,0.4530994388056348,20.0,0.3354254365445908,0.0,0.0
pop_jamendo_1057478__300s,pop_jamendo_1057478,pop,discovery,300.0,path_rhythm_phase,phase_lifted_path_homology,39,,,0.36472081102557724,0.36472081102557724,1.0,0.325,0.3819779929468546,0.4327637701760448,14.0,0.2202862931924341,0.0,0.0
pop_jamendo_1057704__180s,pop_jamendo_1057704,pop,discovery,180.0,path_acoustic_phase,phase_lifted_path_homology,89,,,0.3065693110910494,0.3065693110910494,1.0,0.275,0.3140680493891637,0.3869097148619869,56.0,0.1360502193078077,0.0,0.0
pop_jamendo_1057704__180s,pop_jamendo_1057704,pop,discovery,180.0,path_rhythm_phase,phase_lifted_path_homology,89,,,0.35861445725534913,0.35861445725534913,1.0,0.325,0.3681121127433893,0.4129533921394161,56.0,0.33135100560718955,0.0,0.0
pop_jamendo_1057704__300s,pop_jamendo_1057704,pop,discovery,300.0,path_acoustic_phase,phase_lifted_path_homology,91,,,0.3134509573607313,0.3134509573607313,1.0,0.275,0.31399155816198565,0.3846536445512116,56.0,0.11233721118081785,0.0,0.0
pop_jamendo_1057704__300s,pop_jamendo_1057704,pop,discovery,300.0,path_rhythm_phase,phase_lifted_path_homology,91,,,0.4076730733163461,0.4076730733163461,1.0,0.375,0.4102137316108091,0.4332762398909182,56.0,0.3475512626515638,0.0,0.0
pop_jamendo_1057713__180s,pop_jamendo_1057713,pop,discovery,180.0,path_acoustic_phase,phase_lifted_path_homology,86,,,0.3676988759726038,0.3676988759726038,1.0,0.325,0.3772329366855962,0.4002782229167503,16.0,0.15905247581594062,0.0,0.0
pop_jamendo_1057713__180s,pop_jamendo_1057713,pop,discovery,180.0,path_rhythm_phase,phase_lifted_path_homology,86,,,0.3634726664989921,0.3634726664989921,1.0,0.325,0.37206471372563793,0.395589283444046,16.0,0.16582382199231982,0.0,0.0
pop_jamendo_1057713__300s,pop_jamendo_1057713,pop,discovery,300.0,path_acoustic_phase,phase_lifted_path_homology,86,,,0.3676988759726038,0.3676988759726038,1.0,0.325,0.3772329366855962,0.4002782229167503,16.0,0.15905247581594062,0.0,0.0
pop_jamendo_1057713__300s,pop_jamendo_1057713,pop,discovery,300.0,path_rhythm_phase,phase_lifted_path_homology,86,,,0.3634726664989921,0.3634726664989921,1.0,0.325,0.37206471372563793,0.395589283444046,16.0,0.16582382199231982,0.0,0.0
pop_jamendo_1057762__180s,pop_jamendo_1057762,pop,discovery,180.0,path_acoustic_phase,phase_lifted_path_homology,89,,,0.344749302915071,0.344749302915071,1.0,0.275,0.36276536219456934,0.4182994796267067,12.0,0.2887292176021,0.0,0.0
pop_jamendo_1057762__180s,pop_jamendo_1057762,pop,discovery,180.0,path_rhythm_phase,phase_lifted_path_homology,89,,,0.40644451208122917,0.40644451208122917,1.0,0.375,0.41075564242508716,0.4259274707693041,14.0,0.28690687492132994,0.0,0.0
pop_jamendo_1057762__300s,pop_jamendo_1057762,pop,discovery,300.0,path_acoustic_phase,phase_lifted_path_homology,149,,,0.46576523242927226,0.46576523242927226,1.0,0.425,0.4663409925635721,0.4737946668072235,14.0,0.3498609272854898,0.0,0.0
pop_jamendo_1057762__300s,pop_jamendo_1057762,pop,discovery,300.0,path_rhythm_phase,phase_lifted_path_homology,149,,,0.42375278662861915,0.42375278662861915,1.0,0.375,0.42647069194497433,0.4358450627125084,14.0,0.2710739276385967,0.0,0.0
pop_jamendo_1057782__180s,pop_jamendo_1057782,pop,discovery,180.0,path_acoustic_phase,phase_lifted_path_homology,88,,,0.3816603327633649,0.3816603327633649,1.0,0.325,0.39440695918476326,0.4267058688476511,16.0,0.29957144241691935,0.0,0.0
pop_jamendo_1057782__180s,pop_jamendo_1057782,pop,discovery,180.0,path_rhythm_phase,phase_lifted_path_homology,88,,,0.399064218730094,0.399064218730094,1.0,0.325,0.41095288498023397,0.4444388870586182,12.0,0.32890999695156664,0.0,0.0
pop_jamendo_1057782__300s,pop_jamendo_1057782,pop,discovery,300.0,path_acoustic_phase,phase_lifted_path_homology,88,,,0.3816603327633649,0.3816603327633649,1.0,0.325,0.39440695918476326,0.4267058688476511,16.0,0.29957144241691935,0.0,0.0
pop_jamendo_1057782__300s,pop_jamendo_1057782,pop,discovery,300.0,path_rhythm_phase,phase_lifted_path_homology,88,,,0.399064218730094,0.399064218730094,1.0,0.325,0.41095288498023397,0.4444388870586182,12.0,0.32890999695156664,0.0,0.0
pop_jamendo_1057836__180s,pop_jamendo_1057836,pop,discovery,180.0,path_acoustic_phase,phase_lifted_path_homology,89,,,0.43012601598893135,0.43012601598893135,1.0,0.375,0.43560954444789224,0.45237450640305893,12.0,0.22040694811141304,0.0,0.0
pop_jamendo_1057836__180s,pop_jamendo_1057836,pop,discovery,180.0,path_rhythm_phase,phase_lifted_path_homology,89,,,0.42839446574691464,0.42839446574691464,1.0,0.375,0.4318262106739845,0.4577178687110856,16.0,0.1860906850092905,0.0,0.0
pop_jamendo_1057836__300s,pop_jamendo_1057836,pop,discovery,300.0,path_acoustic_phase,phase_lifted_path_homology,149,,,0.4382158128497439,0.4382158128497439,1.0,0.375,0.44151052189859485,0.4476004878857531,12.0,0.25563231271541476,0.0,0.0
pop_jamendo_1057836__300s,pop_jamendo_1057836,pop,discovery,300.0,path_rhythm_phase,phase_lifted_path_homology,149,,,0.4129701679462939,0.4129701679462939,1.0,0.375,0.4151356266119911,0.43441524710171425,18.0,0.09328356150446693,0.0,0.0
pop_jamendo_1058267__180s,pop_jamendo_1058267,pop,discovery,180.0,path_acoustic_phase,phase_lifted_path_homology,89,,,0.38682843307594567,0.38682843307594567,1.0,0.325,0.3884501536468814,0.39286739841237805,12.0,0.22167752456423062,0.0,0.0
pop_jamendo_1058267__180s,pop_jamendo_1058267,pop,discovery,180.0,path_rhythm_phase,phase_lifted_path_homology,89,,,0.35646113505637794,0.35646113505637794,1.0,0.325,0.3632438450280884,0.3837192311353243,14.0,0.2724523693389047,0.0,0.0
pop_jamendo_1058267__300s,pop_jamendo_1058267,pop,discovery,300.0,path_acoustic_phase,phase_lifted_path_homology,117,,,0.3867570851933222,0.3867570851933222,1.0,0.325,0.38973345379379715,0.4024858320974189,12.0,0.25083761171020313,0.0,0.0
pop_jamendo_1058267__300s,pop_jamendo_1058267,pop,discovery,300.0,path_rhythm_phase,phase_lifted_path_homology,117,,,0.37483737037549464,0.37483737037549464,1.0,0.325,0.37591450499347273,0.38912921356613045,12.0,0.22236201695234303,0.0,0.0
pop_jamendo_1059054__180s,pop_jamendo_1059054,pop,discovery,180.0,path_acoustic_phase,phase_lifted_path_homology,89,,,0.3964094724927278,0.3964094724927278,1.0,0.325,0.41326087845714615,0.4565654265190759,48.0,0.38785687653876955,0.0,0.0
pop_jamendo_1059054__180s,pop_jamendo_1059054,pop,discovery,180.0,path_rhythm_phase,phase_lifted_path_homology,89,,,0.3305218962936844,0.3305218962936844,1.0,0.275,0.36268413677946304,0.4326202194834298,36.0,0.31536941869360313,0.0,0.0
pop_jamendo_1059054__300s,pop_jamendo_1059054,pop,discovery,300.0,path_acoustic_phase,phase_lifted_path_homology,96,,,0.46754462987063333,0.46754462987063333,1.0,0.425,0.4797762685151326,0.5116014709967504,12.0,0.3180058468892617,0.0,0.0
pop_jamendo_1059054__300s,pop_jamendo_1059054,pop,discovery,300.0,path_rhythm_phase,phase_lifted_path_homology,96,,,0.4726506288400671,0.4726506288400671,1.0,0.425,0.4751598039259188,0.5033520763143299,36.0,0.3724006056762359,0.0,0.0
pop_jamendo_1059391__180s,pop_jamendo_1059391,pop,discovery,180.0,path_acoustic_phase,phase_lifted_path_homology,89,,,0.5888915695890383,0.5888915695890383,1.0,0.5249999999999999,0.5932279412573552,0.6112381298499052,12.0,0.7959729073535509,0.0,0.0
pop_jamendo_1059391__180s,pop_jamendo_1059391,pop,discovery,180.0,path_rhythm_phase,phase_lifted_path_homology,89,,,0.5420936573444993,0.5420936573444993,1.0,0.47500000000000003,0.5480301934753273,0.5695502746158343,22.0,0.28041532575138783,0.0,0.0
pop_jamendo_1059391__300s,pop_jamendo_1059391,pop,discovery,300.0,path_acoustic_phase,phase_lifted_path_homology,149,,,0.5975748601154128,0.5975748601154128,1.0,0.5249999999999999,0.5979741349236574,0.6176753392047316,12.0,0.41082878305343323,0.0,0.0
pop_jamendo_1059391__300s,pop_jamendo_1059391,pop,discovery,300.0,path_rhythm_phase,phase_lifted_path_homology,149,,,0.6357857264782898,0.6357857264782898,1.0,0.575,0.6402164179072528,0.6616055106164508,30.0,0.247911567891397,0.0,0.0
pop_jamendo_1059990__180s,pop_jamendo_1059990,pop,discovery,180.0,path_acoustic_phase,phase_lifted_path_homology,55,,,0.4312645639613936,0.4312645639613936,1.0,0.375,0.43293687265376113,0.4391976425961375,36.0,0.33698793672808236,0.0,0.0
pop_jamendo_1059990__180s,pop_jamendo_1059990,pop,discovery,180.0,path_rhythm_phase,phase_lifted_path_homology,55,,,0.26941417203902,0.26941417203902,1.0,0.225,0.29081971397588846,0.3501002955129005,36.0,0.19448446549914467,0.0,0.0
pop_jamendo_1059990__300s,pop_jamendo_1059990,pop,discovery,300.0,path_acoustic_phase,phase_lifted_path_homology,55,,,0.4312645639613936,0.4312645639613936,1.0,0.375,0.43293687265376113,0.4391976425961375,36.0,0.33698793672808236,0.0,0.0
pop_jamendo_1059990__300s,pop_jamendo_1059990,pop,discovery,300.0,path_rhythm_phase,phase_lifted_path_homology,55,,,0.26941417203902,0.26941417203902,1.0,0.225,0.29081971397588846,0.3501002955129005,36.0,0.19448446549914467,0.0,0.0
pop_jamendo_1061334__180s,pop_jamendo_1061334,pop,discovery,180.0,path_acoustic_phase,phase_lifted_path_homology,89,,,0.56583071590451,0.56583071590451,1.0,0.5249999999999999,0.5669088078636838,0.5689663196081094,18.0,0.34037237113187935,0.0,0.0
pop_jamendo_1061334__180s,pop_jamendo_1061334,pop,discovery,180.0,path_rhythm_phase,phase_lifted_path_homology,89,,,0.5040124572841453,0.5040124572841453,1.0,0.47500000000000003,0.5058040122963054,0.5114397041678448,14.0,0.31719554529958494,0.0,0.0
pop_jamendo_1061334__300s,pop_jamendo_1061334,pop,discovery,300.0,path_acoustic_phase,phase_lifted_path_homology,90,,,0.547624422457852,0.547624422457852,1.0,0.47500000000000003,0.5515581852601358,0.562991502127893,18.0,0.3623038010754416,0.0,0.0
pop_jamendo_1061334__300s,pop_jamendo_1061334,pop,discovery,300.0,path_rhythm_phase,phase_lifted_path_homology,90,,,0.5126976404293607,0.5126976404293607,1.0,0.47500000000000003,0.5139060750906511,0.5221300592293077,14.0,0.2611505376794683,0.0,0.0
pop_jamendo_1061549__180s,pop_jamendo_1061549,pop,discovery,180.0,path_acoustic_phase,phase_lifted_path_homology,39,,,0.3345099117275628,0.3345099117275628,1.0,0.275,0.33717978168601276,0.3473563861344336,18.0,0.030026787369389796,0.0,0.0
pop_jamendo_1061549__180s,pop_jamendo_1061549,pop,discovery,180.0,path_rhythm_phase,phase_lifted_path_homology,39,,,0.334643374186079,0.334643374186079,1.0,0.275,0.33956298091435977,0.36511884977227616,12.0,0.15666761809354313,0.0,0.0
pop_jamendo_1061549__300s,pop_jamendo_1061549,pop,discovery,300.0,path_acoustic_phase,phase_lifted_path_homology,39,,,0.3345099117275628,0.3345099117275628,1.0,0.275,0.33717978168601276,0.3473563861344336,18.0,0.030026787369389796,0.0,0.0
pop_jamendo_1061549__300s,pop_jamendo_1061549,pop,discovery,300.0,path_rhythm_phase,phase_lifted_path_homology,39,,,0.334643374186079,0.334643374186079,1.0,0.275,0.33956298091435977,0.36511884977227616,12.0,0.15666761809354313,0.0,0.0
pop_jamendo_1062120__180s,pop_jamendo_1062120,pop,discovery,180.0,path_acoustic_phase,phase_lifted_path_homology,89,,,0.38454029281049457,0.38454029281049457,1.0,0.325,0.38546028130981547,0.4099478774224825,20.0,0.1324668704498908,0.0,0.0
pop_jamendo_1062120__180s,pop_jamendo_1062120,pop,discovery,180.0,path_rhythm_phase,phase_lifted_path_homology,89,,,0.44972615884289685,0.44972615884289685,1.0,0.375,0.45544496989689864,0.47419419934134505,58.0,0.4045160307228878,0.0,0.0
pop_jamendo_1062120__300s,pop_jamendo_1062120,pop,discovery,300.0,path_acoustic_phase,phase_lifted_path_homology,125,,,0.44387918409709515,0.44387918409709515,1.0,0.375,0.4516524416476849,0.4733637389051602,12.0,0.2852778375525211,0.0,0.0
pop_jamendo_1062120__300s,pop_jamendo_1062120,pop,discovery,300.0,path_rhythm_phase,phase_lifted_path_homology,125,,,0.5117061066023357,0.5117061066023357,1.0,0.47500000000000003,0.5163566584205195,0.5268570946050123,24.0,0.3381327022577987,0.0,0.0
pop_jamendo_1063351__180s,pop_jamendo_1063351,pop,discovery,180.0,path_acoustic_phase,phase_lifted_path_homology,25,,,0.2987281158055918,0.2987281158055918,1.0,0.225,0.3037045426634079,0.38249338224202223,14.0,0.004169822114588717,0.0,0.0
pop_jamendo_1063351__180s,pop_jamendo_1063351,pop,discovery,180.0,path_rhythm_phase,phase_lifted_path_homology,25,,,0.3079769285525808,0.3079769285525808,1.0,0.275,0.32029177839452017,0.3735841120055314,14.0,0.014239543677041833,0.0,0.0
pop_jamendo_1063351__300s,pop_jamendo_1063351,pop,discovery,300.0,path_acoustic_phase,phase_lifted_path_homology,25,,,0.2987281158055918,0.2987281158055918,1.0,0.225,0.3037045426634079,0.38249338224202223,14.0,0.004169822114588717,0.0,0.0
pop_jamendo_1063351__300s,pop_jamendo_1063351,pop,discovery,300.0,path_rhythm_phase,phase_lifted_path_homology,25,,,0.3079769285525808,0.3079769285525808,1.0,0.275,0.32029177839452017,0.3735841120055314,14.0,0.014239543677041833,0.0,0.0
pop_jamendo_1063539__180s,pop_jamendo_1063539,pop,discovery,180.0,path_acoustic_phase,phase_lifted_path_homology,89,,,0.400153189116811,0.400153189116811,1.0,0.375,0.4044861859963223,0.414970335383876,12.0,0.2692562792860569,0.0,0.0
pop_jamendo_1063539__180s,pop_jamendo_1063539,pop,discovery,180.0,path_rhythm_phase,phase_lifted_path_homology,89,,,0.3539940237718464,0.3539940237718464,1.0,0.325,0.3597518519120278,0.3795695479598186,24.0,0.13472821378108257,0.0,0.0
pop_jamendo_1063539__300s,pop_jamendo_1063539,pop,discovery,300.0,path_acoustic_phase,phase_lifted_path_homology,108,,,0.40124238427828274,0.40124238427828274,1.0,0.375,0.4030056740786702,0.4079888871695878,14.0,0.17462349676127475,0.0,0.0
pop_jamendo_1063539__300s,pop_jamendo_1063539,pop,discovery,300.0,path_rhythm_phase,phase_lifted_path_homology,108,,,0.3138336519278628,0.3138336519278628,1.0,0.275,0.3154201381982268,0.33411158644836864,28.0,0.099912260814083,0.0,0.0
pop_jamendo_1063844__180s,pop_jamendo_1063844,pop,discovery,180.0,path_acoustic_phase,phase_lifted_path_homology,89,,,0.36035511603746806,0.36035511603746806,1.0,0.325,0.36489921042590806,0.45075895943829725,52.0,0.39399985893509337,0.0,0.0
pop_jamendo_1063844__180s,pop_jamendo_1063844,pop,discovery,180.0,path_rhythm_phase,phase_lifted_path_homology,89,,,0.3294514358029475,0.3294514358029475,1.0,0.275,0.34920935900171096,0.4122837397512964,58.0,0.2591804377012936,0.0,0.0
pop_jamendo_1063844__300s,pop_jamendo_1063844,pop,discovery,300.0,path_acoustic_phase,phase_lifted_path_homology,92,,,0.3532611418787976,0.3532611418787976,1.0,0.325,0.36677863915273656,0.4387108345689019,52.0,0.3395214552854411,0.0,0.0
pop_jamendo_1063844__300s,pop_jamendo_1063844,pop,discovery,300.0,path_rhythm_phase,phase_lifted_path_homology,92,,,0.3028821657374909,0.3028821657374909,1.0,0.275,0.316567376048889,0.4073044052051429,58.0,0.2256842059779801,0.0,0.0
pop_jamendo_1063861__180s,pop_jamendo_1063861,pop,discovery,180.0,path_acoustic_phase,phase_lifted_path_homology,78,,,0.37663479803804323,0.37663479803804323,1.0,0.325,0.3804890398561109,0.3991362546661845,28.0,0.11236576465575854,0.0,0.0
pop_jamendo_1063861__180s,pop_jamendo_1063861,pop,discovery,180.0,path_rhythm_phase,phase_lifted_path_homology,78,,,0.4639106671567897,0.4639106671567897,1.0,0.425,0.4761459092832648,0.5099657744577563,12.0,0.2871238794832611,0.0,0.0
pop_jamendo_1063861__300s,pop_jamendo_1063861,pop,discovery,300.0,path_acoustic_phase,phase_lifted_path_homology,78,,,0.37663479803804323,0.37663479803804323,1.0,0.325,0.3804890398561109,0.3991362546661845,28.0,0.11236576465575854,0.0,0.0
pop_jamendo_1063861__300s,pop_jamendo_1063861,pop,discovery,300.0,path_rhythm_phase,phase_lifted_path_homology,78,,,0.4639106671567897,0.4639106671567897,1.0,0.425,0.4761459092832648,0.5099657744577563,12.0,0.2871238794832611,0.0,0.0
pop_jamendo_1064416__180s,pop_jamendo_1064416,pop,discovery,180.0,path_acoustic_phase,phase_lifted_path_homology,89,,,0.4798631506339479,0.4798631506339479,1.0,0.425,0.4855084369205256,0.5081235948792195,32.0,0.6497702084715913,0.0,0.0
pop_jamendo_1064416__180s,pop_jamendo_1064416,pop,discovery,180.0,path_rhythm_phase,phase_lifted_path_homology,89,,,0.42257022132622546,0.42257022132622546,1.0,0.375,0.4287938827765125,0.4697970520947825,32.0,0.4123483225534227,0.0,0.0
pop_jamendo_1064416__300s,pop_jamendo_1064416,pop,discovery,300.0,path_acoustic_phase,phase_lifted_path_homology,102,,,0.49695764972453255,0.49695764972453255,1.0,0.425,0.49805380509887853,0.5184163474065339,32.0,0.5080172594443924,0.0,0.0
pop_jamendo_1064416__300s,pop_jamendo_1064416,pop,discovery,300.0,path_rhythm_phase,phase_lifted_path_homology,102,,,0.4311591267864488,0.4311591267864488,1.0,0.375,0.43152913183817526,0.4471912869061337,32.0,0.3055758834089335,0.0,0.0
pop_jamendo_1064870__180s,pop_jamendo_1064870,pop,discovery,180.0,path_acoustic_phase,phase_lifted_path_homology,89,,,0.3858583698525098,0.3858583698525098,1.0,0.325,0.38642075656796826,0.39704334897521926,18.0,0.12767124698028276,0.0,0.0
pop_jamendo_1064870__180s,pop_jamendo_1064870,pop,discovery,180.0,path_rhythm_phase,phase_lifted_path_homology,89,,,0.2607771820346244,0.2607771820346244,1.0,0.225,0.2774963355048085,0.32607058118947313,54.0,0.06279900633850422,0.0,0.0
pop_jamendo_1064870__300s,pop_jamendo_1064870,pop,discovery,300.0,path_acoustic_phase,phase_lifted_path_homology,130,,,0.37180883794812203,0.37180883794812203,1.0,0.325,0.37527117712317803,0.3820326076987544,64.0,0.12192194656444655,0.0,0.0
pop_jamendo_1064870__300s,pop_jamendo_1064870,pop,discovery,300.0,path_rhythm_phase,phase_lifted_path_homology,130,,,0.3368048673533636,0.3368048673533636,1.0,0.275,0.3394436176705453,0.3534710499246945,14.0,0.042930832696386756,0.0,0.0
pop_jamendo_1065251__180s,pop_jamendo_1065251,pop,discovery,180.0,path_acoustic_phase,phase_lifted_path_homology,84,,,0.2700075330837851,0.2700075330837851,1.0,0.225,0.30851212599620653,0.4291909886253853,40.0,0.38831177609015843,0.0,0.0
pop_jamendo_1065251__180s,pop_jamendo_1065251,pop,discovery,180.0,path_rhythm_phase,phase_lifted_path_homology,84,,,0.23713361294965535,0.23713361294965535,1.0,0.175,0.3010150299796838,0.4770626966465212,40.0,0.49762970497292924,0.0,0.0
pop_jamendo_1065251__300s,pop_jamendo_1065251,pop,discovery,300.0,path_acoustic_phase,phase_lifted_path_homology,84,,,0.2700075330837851,0.2700075330837851,1.0,0.225,0.30851212599620653,0.4291909886253853,40.0,0.38831177609015843,0.0,0.0
pop_jamendo_1065251__300s,pop_jamendo_1065251,pop,discovery,300.0,path_rhythm_phase,phase_lifted_path_homology,84,,,0.23713361294965535,0.23713361294965535,1.0,0.175,0.3010150299796838,0.4770626966465212,40.0,0.49762970497292924,0.0,0.0
pop_jamendo_1065316__180s,pop_jamendo_1065316,pop,discovery,180.0,path_acoustic_phase,phase_lifted_path_homology,89,,,0.41129156217354507,0.41129156217354507,1.0,0.375,0.41770818639239465,0.4489623367672532,52.0,0.40389077278067587,0.0,0.0
pop_jamendo_1065316__180s,pop_jamendo_1065316,pop,discovery,180.0,path_rhythm_phase,phase_lifted_path_homology,89,,,0.37390011304928433,0.37390011304928433,1.0,0.325,0.3790699888113226,0.40347547719326554,20.0,0.3393942309552218,0.0,0.0
pop_jamendo_1065316__300s,pop_jamendo_1065316,pop,discovery,300.0,path_acoustic_phase,phase_lifted_path_homology,102,,,0.3099435060260426,0.3099435060260426,1.0,0.275,0.32133585669737436,0.4084152596428477,62.0,0.22282087802263062,0.0,0.0
pop_jamendo_1065316__300s,pop_jamendo_1065316,pop,discovery,300.0,path_rhythm_phase,phase_lifted_path_homology,102,,,0.4169460026375892,0.4169460026375892,1.0,0.375,0.4190407018288643,0.4400585661937957,20.0,0.28935855239298136,0.0,0.0
pop_jamendo_1066412__180s,pop_jamendo_1066412,pop,discovery,180.0,path_acoustic_phase,phase_lifted_path_homology,89,,,0.35748719057153194,0.35748719057153194,1.0,0.325,0.37633318994153653,0.4178258601693104,20.0,0.16671507348302295,0.0,0.0
pop_jamendo_1066412__180s,pop_jamendo_1066412,pop,discovery,180.0,path_rhythm_phase,phase_lifted_path_homology,89,,,0.3829554866607033,0.3829554866607033,1.0,0.325,0.38923331735667815,0.424173173320274,36.0,0.17027646131978846,0.0,0.0
pop_jamendo_1066412__300s,pop_jamendo_1066412,pop,discovery,300.0,path_acoustic_phase,phase_lifted_path_homology,149,,,0.41268692768006854,0.41268692768006854,1.0,0.375,0.4185003393224646,0.4374399136443932,20.0,0.15888870060456983,0.0,0.0
pop_jamendo_1066412__300s,pop_jamendo_1066412,pop,discovery,300.0,path_rhythm_phase,phase_lifted_path_homology,149,,,0.38752095991571517,0.38752095991571517,1.0,0.325,0.40577257030319724,0.4435735055653707,36.0,0.20657738127075653,0.0,0.0
pop_jamendo_1066573__180s,pop_jamendo_1066573,pop,discovery,180.0,path_acoustic_phase,phase_lifted_path_homology,80,,,0.3291449269847413,0.3291449269847413,1.0,0.275,0.34242294674089024,0.3897865414671387,52.0,0.1672358065158135,0.0,0.0
pop_jamendo_1066573__180s,pop_jamendo_1066573,pop,discovery,180.0,path_rhythm_phase,phase_lifted_path_homology,80,,,0.30650530893406347,0.30650530893406347,1.0,0.275,0.32057474847374823,0.37716471125288176,44.0,0.13989533030651113,0.0,0.0
pop_jamendo_1066573__300s,pop_jamendo_1066573,pop,discovery,300.0,path_acoustic_phase,phase_lifted_path_homology,80,,,0.3291449269847413,0.3291449269847413,1.0,0.275,0.34242294674089024,0.3897865414671387,52.0,0.1672358065158135,0.0,0.0
pop_jamendo_1066573__300s,pop_jamendo_1066573,pop,discovery,300.0,path_rhythm_phase,phase_lifted_path_homology,80,,,0.30650530893406347,0.30650530893406347,1.0,0.275,0.32057474847374823,0.37716471125288176,44.0,0.13989533030651113,0.0,0.0
pop_jamendo_1066619__180s,pop_jamendo_1066619,pop,discovery,180.0,path_acoustic_phase,phase_lifted_path_homology,89,,,0.3218498528325616,0.3218498528325616,1.0,0.275,0.3324942167437763,0.3681226296471074,12.0,0.14828497966852683,0.0,0.0
pop_jamendo_1066619__180s,pop_jamendo_1066619,pop,discovery,180.0,path_rhythm_phase,phase_lifted_path_homology,89,,,0.26136162821135506,0.26136162821135506,1.0,0.225,0.27004080756131604,0.36044338819860483,48.0,0.13817597816439864,0.0,0.0
pop_jamendo_1066619__300s,pop_jamendo_1066619,pop,discovery,300.0,path_acoustic_phase,phase_lifted_path_homology,149,,,0.4356210363117486,0.4356210363117486,1.0,0.375,0.44286906995249387,0.488228915759096,12.0,0.2603283970336745,0.0,0.0
pop_jamendo_1066619__300s,pop_jamendo_1066619,pop,discovery,300.0,path_rhythm_phase,phase_lifted_path_homology,149,,,0.4742641663565008,0.4742641663565008,1.0,0.425,0.47503599128096374,0.48506442339141076,14.0,0.11863409861865593,0.0,0.0
pop_jamendo_1066855__180s,pop_jamendo_1066855,pop,discovery,180.0,path_acoustic_phase,phase_lifted_path_homology,52,,,0.33199182389251763,0.33199182389251763,1.0,0.275,0.3388194772771442,0.3816777911160587,16.0,0.04817552772313982,0.0,0.0
pop_jamendo_1066855__180s,pop_jamendo_1066855,pop,discovery,180.0,path_rhythm_phase,phase_lifted_path_homology,52,,,0.20371920906543267,0.20371920906543267,1.0,0.175,0.23868166139873775,0.3286319829108568,28.0,0.07031523284828145,0.0,0.0
pop_jamendo_1066855__300s,pop_jamendo_1066855,pop,discovery,300.0,path_acoustic_phase,phase_lifted_path_homology,52,,,0.33199182389251763,0.33199182389251763,1.0,0.275,0.3388194772771442,0.3816777911160587,16.0,0.04817552772313982,0.0,0.0
pop_jamendo_1066855__300s,pop_jamendo_1066855,pop,discovery,300.0,path_rhythm_phase,phase_lifted_path_homology,52,,,0.20371920906543267,0.20371920906543267,1.0,0.175,0.23868166139873775,0.3286319829108568,28.0,0.07031523284828145,0.0,0.0
pop_jamendo_1069009__180s,pop_jamendo_1069009,pop,discovery,180.0,path_acoustic_phase,phase_lifted_path_homology,89,,,0.45327263189660283,0.45327263189660283,1.0,0.425,0.45515044970644,0.47538130546727375,12.0,0.230562539573955,0.0,0.0
pop_jamendo_1069009__180s,pop_jamendo_1069009,pop,discovery,180.0,path_rhythm_phase,phase_lifted_path_homology,89,,,0.4147372894279779,0.4147372894279779,1.0,0.375,0.42097464611001456,0.433057405907704,14.0,0.17356186654937722,0.0,0.0
pop_jamendo_1069009__300s,pop_jamendo_1069009,pop,discovery,300.0,path_acoustic_phase,phase_lifted_path_homology,108,,,0.4240687827523322,0.4240687827523322,1.0,0.375,0.42625041197388713,0.43817666205705846,18.0,0.15242539564041568,0.0,0.0
pop_jamendo_1069009__300s,pop_jamendo_1069009,pop,discovery,300.0,path_rhythm_phase,phase_lifted_path_homology,108,,,0.38008209371642476,0.38008209371642476,1.0,0.325,0.4023736313365776,0.44486701351512714,14.0,0.11764432314609852,0.0,0.0
pop_jamendo_1069015__180s,pop_jamendo_1069015,pop,discovery,180.0,path_acoustic_phase,phase_lifted_path_homology,56,,,0.33794041339917913,0.33794041339917913,1.0,0.275,0.3512016148417796,0.38971269944434384,12.0,0.17568209337701401,0.0,0.0
pop_jamendo_1069015__180s,pop_jamendo_1069015,pop,discovery,180.0,path_rhythm_phase,phase_lifted_path_homology,56,,,0.21202547477355346,0.21202547477355346,1.0,0.175,0.23695369707487995,0.3128487193421863,30.0,0.10546684425224573,0.0,0.0
pop_jamendo_1069015__300s,pop_jamendo_1069015,pop,discovery,300.0,path_acoustic_phase,phase_lifted_path_homology,56,,,0.33794041339917913,0.33794041339917913,1.0,0.275,0.3512016148417796,0.38971269944434384,12.0,0.17568209337701401,0.0,0.0
pop_jamendo_1069015__300s,pop_jamendo_1069015,pop,discovery,300.0,path_rhythm_phase,phase_lifted_path_homology,56,,,0.21202547477355346,0.21202547477355346,1.0,0.175,0.23695369707487995,0.3128487193421863,30.0,0.10546684425224573,0.0,0.0
pop_jamendo_1069436__180s,pop_jamendo_1069436,pop,discovery,180.0,path_acoustic_phase,phase_lifted_path_homology,89,,,0.45042819770307024,0.45042819770307024,1.0,0.425,0.4626316337233471,0.48358746613366144,14.0,0.43670188735159554,0.0,0.0
pop_jamendo_1069436__180s,pop_jamendo_1069436,pop,discovery,180.0,path_rhythm_phase,phase_lifted_path_homology,89,,,0.4595446924642079,0.4595446924642079,1.0,0.425,0.4633349303926639,0.47399730275456253,12.0,0.41439905641787755,0.0,0.0
pop_jamendo_1069436__300s,pop_jamendo_1069436,pop,discovery,300.0,path_acoustic_phase,phase_lifted_path_homology,113,,,0.4896421910856968,0.4896421910856968,1.0,0.425,0.48968727025634806,0.5002230467716954,12.0,0.41446344203699315,0.0,0.0
pop_jamendo_1069436__300s,pop_jamendo_1069436,pop,discovery,300.0,path_rhythm_phase,phase_lifted_path_homology,113,,,0.427958985001471,0.427958985001471,1.0,0.375,0.44598831199847133,0.48162304546962464,12.0,0.3906883418130893,0.0,0.0
pop_jamendo_1069556__180s,pop_jamendo_1069556,pop,discovery,180.0,path_acoustic_phase,phase_lifted_path_homology,67,,,0.4818061857668923,0.4818061857668923,1.0,0.425,0.48483911337052227,0.4989913566355008,12.0,0.2837826691090838,0.0,0.0
pop_jamendo_1069556__180s,pop_jamendo_1069556,pop,discovery,180.0,path_rhythm_phase,phase_lifted_path_homology,67,,,0.4036663572388911,0.4036663572388911,1.0,0.375,0.407836521776574,0.4298924729202263,12.0,0.2651856577780962,0.0,0.0
pop_jamendo_1069556__300s,pop_jamendo_1069556,pop,discovery,300.0,path_acoustic_phase,phase_lifted_path_homology,67,,,0.4818061857668923,0.4818061857668923,1.0,0.425,0.48483911337052227,0.4989913566355008,12.0,0.2837826691090838,0.0,0.0
pop_jamendo_1069556__300s,pop_jamendo_1069556,pop,discovery,300.0,path_rhythm_phase,phase_lifted_path_homology,67,,,0.4036663572388911,0.4036663572388911,1.0,0.375,0.407836521776574,0.4298924729202263,12.0,0.2651856577780962,0.0,0.0
pop_jamendo_1070229__180s,pop_jamendo_1070229,pop,discovery,180.0,path_acoustic_phase,phase_lifted_path_homology,78,,,0.39711680897970153,0.39711680897970153,1.0,0.325,0.40006612771962885,0.41509491633891377,14.0,0.30207526364446147,0.0,0.0
pop_jamendo_1070229__180s,pop_jamendo_1070229,pop,discovery,180.0,path_rhythm_phase,phase_lifted_path_homology,78,,,0.3331212604245718,0.3331212604245718,1.0,0.275,0.34983528855375456,0.3898869783346563,52.0,0.25870175270092743,0.0,0.0
pop_jamendo_1070229__300s,pop_jamendo_1070229,pop,discovery,300.0,path_acoustic_phase,phase_lifted_path_homology,78,,,0.39711680897970153,0.39711680897970153,1.0,0.325,0.40006612771962885,0.41509491633891377,14.0,0.30207526364446147,0.0,0.0
pop_jamendo_1070229__300s,pop_jamendo_1070229,pop,discovery,300.0,path_rhythm_phase,phase_lifted_path_homology,78,,,0.3331212604245718,0.3331212604245718,1.0,0.275,0.34983528855375456,0.3898869783346563,52.0,0.25870175270092743,0.0,0.0
pop_jamendo_1070577__180s,pop_jamendo_1070577,pop,discovery,180.0,path_acoustic_phase,phase_lifted_path_homology,89,,,0.429745083799284,0.429745083799284,1.0,0.375,0.4298823926313047,0.4341368176446036,16.0,0.30784820434679083,0.0,0.0
pop_jamendo_1070577__180s,pop_jamendo_1070577,pop,discovery,180.0,path_rhythm_phase,phase_lifted_path_homology,89,,,0.4228407485032135,0.4228407485032135,1.0,0.375,0.42520055256921785,0.4515224314947541,20.0,0.3421863662668674,0.0,0.0
pop_jamendo_1070577__300s,pop_jamendo_1070577,pop,discovery,300.0,path_acoustic_phase,phase_lifted_path_homology,125,,,0.42735220222210984,0.42735220222210984,1.0,0.375,0.43351832154296555,0.4567762831969329,12.0,0.3220356418366971,0.0,0.0
pop_jamendo_1070577__300s,pop_jamendo_1070577,pop,discovery,300.0,path_rhythm_phase,phase_lifted_path_homology,125,,,0.3430265606126294,0.3430265606126294,1.0,0.275,0.35682215676401385,0.394383621572528,62.0,0.1705740196376323,0.0,0.0
pop_jamendo_1071770__180s,pop_jamendo_1071770,pop,discovery,180.0,path_acoustic_phase,phase_lifted_path_homology,64,,,0.31042626232045534,0.31042626232045534,1.0,0.275,0.3107209862775803,0.334530205592245,30.0,0.06998579129744531,0.0,0.0
pop_jamendo_1071770__180s,pop_jamendo_1071770,pop,discovery,180.0,path_rhythm_phase,phase_lifted_path_homology,64,,,0.408270449133294,0.408270449133294,1.0,0.375,0.4118867832350187,0.43549315972976954,12.0,0.4420427034258301,0.0,0.0
pop_jamendo_1071770__300s,pop_jamendo_1071770,pop,discovery,300.0,path_acoustic_phase,phase_lifted_path_homology,64,,,0.31042626232045534,0.31042626232045534,1.0,0.275,0.3107209862775803,0.334530205592245,30.0,0.06998579129744531,0.0,0.0
pop_jamendo_1071770__300s,pop_jamendo_1071770,pop,discovery,300.0,path_rhythm_phase,phase_lifted_path_homology,64,,,0.408270449133294,0.408270449133294,1.0,0.375,0.4118867832350187,0.43549315972976954,12.0,0.4420427034258301,0.0,0.0
pop_jamendo_1072505__180s,pop_jamendo_1072505,pop,discovery,180.0,path_acoustic_phase,phase_lifted_path_homology,89,,,0.4367737208970027,0.4367737208970027,1.0,0.375,0.44209866979365336,0.4676821217696458,18.0,0.4310949023789301,0.0,0.0
pop_jamendo_1072505__180s,pop_jamendo_1072505,pop,discovery,180.0,path_rhythm_phase,phase_lifted_path_homology,89,,,0.4544932812644646,0.4544932812644646,1.0,0.425,0.46639698870613605,0.5041268532456784,12.0,0.5447608638788604,0.0,0.0
pop_jamendo_1072505__300s,pop_jamendo_1072505,pop,discovery,300.0,path_acoustic_phase,phase_lifted_path_homology,148,,,0.4731339124009258,0.4731339124009258,1.0,0.425,0.47482846466091627,0.499700022306544,18.0,0.3633617632586662,0.0,0.0
pop_jamendo_1072505__300s,pop_jamendo_1072505,pop,discovery,300.0,path_rhythm_phase,phase_lifted_path_homology,148,,,0.45348650148714875,0.45348650148714875,1.0,0.425,0.45794519356217134,0.48933274501533597,12.0,0.27698734401207414,0.0,0.0
pop_jamendo_1072866__180s,pop_jamendo_1072866,pop,discovery,180.0,path_acoustic_phase,phase_lifted_path_homology,89,,,0.27880702333210794,0.27880702333210794,1.0,0.225,0.2917793313828828,0.3738894016957485,42.0,0.17132439279582057,0.0,0.0
pop_jamendo_1072866__180s,pop_jamendo_1072866,pop,discovery,180.0,path_rhythm_phase,phase_lifted_path_homology,89,,,0.36201453919172305,0.36201453919172305,1.0,0.325,0.3690955815730845,0.39501623336853203,48.0,0.20067333125076825,0.0,0.0
pop_jamendo_1072866__300s,pop_jamendo_1072866,pop,discovery,300.0,path_acoustic_phase,phase_lifted_path_homology,149,,,0.4158816894098012,0.4158816894098012,1.0,0.375,0.41934990465414623,0.44912039737560905,42.0,0.30309974530787787,0.0,0.0
pop_jamendo_1072866__300s,pop_jamendo_1072866,pop,discovery,300.0,path_rhythm_phase,phase_lifted_path_homology,149,,,0.41826131440134895,0.41826131440134895,1.0,0.375,0.41882127068223773,0.4411274686450019,42.0,0.23709482901806633,0.0,0.0
pop_jamendo_1074434__180s,pop_jamendo_1074434,pop,discovery,180.0,path_acoustic_phase,phase_lifted_path_homology,89,,,0.41027259350128004,0.41027259350128004,1.0,0.375,0.4116773522260238,0.42918190675393425,24.0,0.17312081510194677,0.0,0.0
pop_jamendo_1074434__180s,pop_jamendo_1074434,pop,discovery,180.0,path_rhythm_phase,phase_lifted_path_homology,89,,,0.3575208550524685,0.3575208550524685,1.0,0.325,0.3600126291277369,0.37384598762192073,12.0,0.13781264573574004,0.0,0.0
pop_jamendo_1074434__300s,pop_jamendo_1074434,pop,discovery,300.0,path_acoustic_phase,phase_lifted_path_homology,149,,,0.4102374485429568,0.4102374485429568,1.0,0.375,0.41308926960086717,0.44039477615566236,26.0,0.184640723049184,0.0,0.0
pop_jamendo_1074434__300s,pop_jamendo_1074434,pop,discovery,300.0,path_rhythm_phase,phase_lifted_path_homology,149,,,0.38650359271976514,0.38650359271976514,1.0,0.325,0.3882790158129941,0.4033444775242578,26.0,0.1311162441498155,0.0,0.0
pop_jamendo_1074604__180s,pop_jamendo_1074604,pop,discovery,180.0,path_acoustic_phase,phase_lifted_path_homology,72,,,0.4796448657882006,0.4796448657882006,1.0,0.425,0.48014106061104234,0.5094241538827576,16.0,0.5225631455990708,0.0,0.0
pop_jamendo_1074604__180s,pop_jamendo_1074604,pop,discovery,180.0,path_rhythm_phase,phase_lifted_path_homology,72,,,0.3513904218828622,0.3513904218828622,1.0,0.325,0.36105142626302966,0.3797819582527859,16.0,0.12400859751615656,0.0,0.0
pop_jamendo_1074604__300s,pop_jamendo_1074604,pop,discovery,300.0,path_acoustic_phase,phase_lifted_path_homology,72,,,0.4796448657882006,0.4796448657882006,1.0,0.425,0.48014106061104234,0.5094241538827576,16.0,0.5225631455990708,0.0,0.0
pop_jamendo_1074604__300s,pop_jamendo_1074604,pop,discovery,300.0,path_rhythm_phase,phase_lifted_path_homology,72,,,0.3513904218828622,0.3513904218828622,1.0,0.325,0.36105142626302966,0.3797819582527859,16.0,0.12400859751615656,0.0,0.0
pop_jamendo_1074677__180s,pop_jamendo_1074677,pop,discovery,180.0,path_acoustic_phase,phase_lifted_path_homology,89,,,0.362934414006725,0.362934414006725,1.0,0.325,0.3769327198019297,0.4204105532403098,32.0,0.2810850512246449,0.0,0.0
pop_jamendo_1074677__180s,pop_jamendo_1074677,pop,discovery,180.0,path_rhythm_phase,phase_lifted_path_homology,89,,,0.3223558113688575,0.3223558113688575,1.0,0.275,0.33387763353549765,0.3595489202552537,30.0,0.14719086931379588,0.0,0.0
pop_jamendo_1074677__300s,pop_jamendo_1074677,pop,discovery,300.0,path_acoustic_phase,phase_lifted_path_homology,125,,,0.37087296806702225,0.37087296806702225,1.0,0.325,0.38073293325557384,0.4207360530094905,16.0,0.1391841286001172,0.0,0.0
pop_jamendo_1074677__300s,pop_jamendo_1074677,pop,discovery,300.0,path_rhythm_phase,phase_lifted_path_homology,125,,,0.3658379401974819,0.3658379401974819,1.0,0.325,0.3676643180173978,0.4044265891181662,12.0,0.09235754665018914,0.0,0.0
pop_jamendo_1074773__180s,pop_jamendo_1074773,pop,discovery,180.0,path_acoustic_phase,phase_lifted_path_homology,68,,,0.284146558808069,0.284146558808069,1.0,0.225,0.3087940497160786,0.3826123837573121,28.0,0.14063763760120418,0.0,0.0
pop_jamendo_1074773__180s,pop_jamendo_1074773,pop,discovery,180.0,path_rhythm_phase,phase_lifted_path_homology,68,,,0.299341256773073,0.299341256773073,1.0,0.225,0.3182546503894551,0.3686975961753421,40.0,0.10885943965273537,0.0,0.0
pop_jamendo_1074773__300s,pop_jamendo_1074773,pop,discovery,300.0,path_acoustic_phase,phase_lifted_path_homology,68,,,0.284146558808069,0.284146558808069,1.0,0.225,0.3087940497160786,0.3826123837573121,28.0,0.14063763760120418,0.0,0.0
pop_jamendo_1074773__300s,pop_jamendo_1074773,pop,discovery,300.0,path_rhythm_phase,phase_lifted_path_homology,68,,,0.299341256773073,0.299341256773073,1.0,0.225,0.3182546503894551,0.3686975961753421,40.0,0.10885943965273537,0.0,0.0
pop_jamendo_1074965__180s,pop_jamendo_1074965,pop,discovery,180.0,path_acoustic_phase,phase_lifted_path_homology,89,,,0.4272848645030979,0.4272848645030979,1.0,0.375,0.42938558026294393,0.4600315490780509,20.0,0.23033122192275068,0.0,0.0
pop_jamendo_1074965__180s,pop_jamendo_1074965,pop,discovery,180.0,path_rhythm_phase,phase_lifted_path_homology,89,,,0.3786346451801767,0.3786346451801767,1.0,0.325,0.3899030684267338,0.41934115784304865,14.0,0.25197004017743696,0.0,0.0
pop_jamendo_1074965__300s,pop_jamendo_1074965,pop,discovery,300.0,path_acoustic_phase,phase_lifted_path_homology,149,,,0.3555755758378186,0.3555755758378186,1.0,0.325,0.36405084631638396,0.4004496634605006,34.0,0.04680045656397147,0.0,0.0
pop_jamendo_1074965__300s,pop_jamendo_1074965,pop,discovery,300.0,path_rhythm_phase,phase_lifted_path_homology,149,,,0.41664499819546397,0.41664499819546397,1.0,0.375,0.41745607473648344,0.4357298532451685,64.0,0.25047225421091146,0.0,0.0
pop_jamendo_1075275__180s,pop_jamendo_1075275,pop,discovery,180.0,path_acoustic_phase,phase_lifted_path_homology,89,,,0.3343264057941029,0.3343264057941029,1.0,0.275,0.3468609221353746,0.39657811781066776,38.0,0.23800580294414375,0.0,0.0
pop_jamendo_1075275__180s,pop_jamendo_1075275,pop,discovery,180.0,path_rhythm_phase,phase_lifted_path_homology,89,,,0.44204203677991016,0.44204203677991016,1.0,0.375,0.44503456116811113,0.45514587945583135,18.0,0.22707789118597987,0.0,0.0
pop_jamendo_1075275__300s,pop_jamendo_1075275,pop,discovery,300.0,path_acoustic_phase,phase_lifted_path_homology,91,,,0.3028505914466299,0.3028505914466299,1.0,0.275,0.3128394680354041,0.38296775285381673,58.0,0.16183396558813523,0.0,0.0
pop_jamendo_1075275__300s,pop_jamendo_1075275,pop,discovery,300.0,path_rhythm_phase,phase_lifted_path_homology,91,,,0.4296149961188209,0.4296149961188209,1.0,0.375,0.43186245598816797,0.44605058205027054,18.0,0.18022755682971714,0.0,0.0
pop_jamendo_1075712__180s,pop_jamendo_1075712,pop,discovery,180.0,path_acoustic_phase,phase_lifted_path_homology,89,,,0.4917112040507871,0.4917112040507871,1.0,0.425,0.4922210792544547,0.49537924822577334,16.0,0.35351602170325047,0.0,0.0
pop_jamendo_1075712__180s,pop_jamendo_1075712,pop,discovery,180.0,path_rhythm_phase,phase_lifted_path_homology,89,,,0.4374315386894225,0.4374315386894225,1.0,0.375,0.4487376905381431,0.4714017242115269,16.0,0.2801688742765286,0.0,0.0
pop_jamendo_1075712__300s,pop_jamendo_1075712,pop,discovery,300.0,path_acoustic_phase,phase_lifted_path_homology,140,,,0.49962950410743,0.49962950410743,1.0,0.425,0.5027351414150004,0.5110527788253285,16.0,0.26490974327849215,0.0,0.0
pop_jamendo_1075712__300s,pop_jamendo_1075712,pop,discovery,300.0,path_rhythm_phase,phase_lifted_path_homology,140,,,0.46168471423243507,0.46168471423243507,1.0,0.425,0.4621809491255384,0.47251127688301264,16.0,0.2317642806123672,0.0,0.0
pop_jamendo_1077716__180s,pop_jamendo_1077716,pop,discovery,180.0,path_acoustic_phase,phase_lifted_path_homology,89,,,0.3776755567650077,0.3776755567650077,1.0,0.325,0.3827396785876486,0.3989413128607326,14.0,0.07354505962000513,0.0,0.0
pop_jamendo_1077716__180s,pop_jamendo_1077716,pop,discovery,180.0,path_rhythm_phase,phase_lifted_path_homology,89,,,0.35085266716646946,0.35085266716646946,1.0,0.325,0.35722372079728976,0.38783299042290015,30.0,0.09087652612894082,0.0,0.0
pop_jamendo_1077716__300s,pop_jamendo_1077716,pop,discovery,300.0,path_acoustic_phase,phase_lifted_path_homology,146,,,0.37598488301617816,0.37598488301617816,1.0,0.325,0.38607715836278,0.4041986994286008,14.0,0.11563412788944971,0.0,0.0
pop_jamendo_1077716__300s,pop_jamendo_1077716,pop,discovery,300.0,path_rhythm_phase,phase_lifted_path_homology,146,,,0.3698685203277227,0.3698685203277227,1.0,0.325,0.37326762265398405,0.38480212991718915,12.0,0.11766162112958112,0.0,0.0
pop_jamendo_1078166__180s,pop_jamendo_1078166,pop,discovery,180.0,path_acoustic_phase,phase_lifted_path_homology,89,,,0.5574566403304351,0.5574566403304351,1.0,0.5249999999999999,0.557852689871494,0.5625871395870973,12.0,0.9710557081918013,0.0,0.0
pop_jamendo_1078166__180s,pop_jamendo_1078166,pop,discovery,180.0,path_rhythm_phase,phase_lifted_path_homology,89,,,0.4368188573041629,0.4368188573041629,1.0,0.375,0.44735880219757385,0.4781464008043796,12.0,1.1324124945002803,0.0,0.0
pop_jamendo_1078166__300s,pop_jamendo_1078166,pop,discovery,300.0,path_acoustic_phase,phase_lifted_path_homology,97,,,0.5517921051444503,0.5517921051444503,1.0,0.5249999999999999,0.5554665184512407,0.5635559964505191,12.0,0.9354287348784381,0.0,0.0
pop_jamendo_1078166__300s,pop_jamendo_1078166,pop,discovery,300.0,path_rhythm_phase,phase_lifted_path_homology,97,,,0.6263453344182015,0.6263453344182015,1.0,0.575,0.6294747572026451,0.6409407228193342,12.0,1.2727641251214026,0.0,0.0
pop_jamendo_1078317__180s,pop_jamendo_1078317,pop,discovery,180.0,path_acoustic_phase,phase_lifted_path_homology,89,,,0.38654105759389695,0.38654105759389695,1.0,0.325,0.38751935772582474,0.3975171155924742,12.0,0.22415677013333712,0.0,0.0
pop_jamendo_1078317__180s,pop_jamendo_1078317,pop,discovery,180.0,path_rhythm_phase,phase_lifted_path_homology,89,,,0.32876997447089246,0.32876997447089246,1.0,0.275,0.33377909799766875,0.370094563931731,50.0,0.13703990757076712,0.0,0.0
pop_jamendo_1078317__300s,pop_jamendo_1078317,pop,discovery,300.0,path_acoustic_phase,phase_lifted_path_homology,149,,,0.39317163208674644,0.39317163208674644,1.0,0.325,0.3958726849935845,0.4054032500355304,12.0,0.17381540679401342,0.0,0.0
pop_jamendo_1078317__300s,pop_jamendo_1078317,pop,discovery,300.0,path_rhythm_phase,phase_lifted_path_homology,149,,,0.3278476048965554,0.3278476048965554,1.0,0.275,0.33809437858863645,0.37582791806604293,60.0,0.1508550354828877,0.0,0.0
pop_jamendo_1078389__180s,pop_jamendo_1078389,pop,discovery,180.0,path_acoustic_phase,phase_lifted_path_homology,89,,,0.40539272686050687,0.40539272686050687,1.0,0.375,0.4143262413870171,0.43717448352591015,14.0,0.3138042522844926,0.0,0.0
pop_jamendo_1078389__180s,pop_jamendo_1078389,pop,discovery,180.0,path_rhythm_phase,phase_lifted_path_homology,89,,,0.3577495096448701,0.3577495096448701,1.0,0.325,0.3686558538895742,0.3973168718185361,18.0,0.1589907272408304,0.0,0.0
pop_jamendo_1078389__300s,pop_jamendo_1078389,pop,discovery,300.0,path_acoustic_phase,phase_lifted_path_homology,112,,,0.44671641338386575,0.44671641338386575,1.0,0.375,0.4469183996703188,0.460211207853743,14.0,0.2326831847579457,0.0,0.0
pop_jamendo_1078389__300s,pop_jamendo_1078389,pop,discovery,300.0,path_rhythm_phase,phase_lifted_path_homology,112,,,0.3486233626325688,0.3486233626325688,1.0,0.275,0.3561072388785395,0.39958476783759905,30.0,0.09475418275374137,0.0,0.0
pop_jamendo_1078428__180s,pop_jamendo_1078428,pop,discovery,180.0,path_acoustic_phase,phase_lifted_path_homology,89,,,0.4313844347493345,0.4313844347493345,1.0,0.375,0.4378744929045442,0.45871429042979867,14.0,0.26192457593458673,0.0,0.0
pop_jamendo_1078428__180s,pop_jamendo_1078428,pop,discovery,180.0,path_rhythm_phase,phase_lifted_path_homology,89,,,0.3442948923125711,0.3442948923125711,1.0,0.275,0.35388970287762145,0.3827025624761096,14.0,0.08854704750376352,0.0,0.0
pop_jamendo_1078428__300s,pop_jamendo_1078428,pop,discovery,300.0,path_acoustic_phase,phase_lifted_path_homology,149,,,0.4901627825549698,0.4901627825549698,1.0,0.425,0.49101527761798125,0.5111984372129263,14.0,0.2571038237595249,0.0,0.0
pop_jamendo_1078428__300s,pop_jamendo_1078428,pop,discovery,300.0,path_rhythm_phase,phase_lifted_path_homology,149,,,0.36700205745865705,0.36700205745865705,1.0,0.325,0.3833476193323952,0.423016515473974,48.0,0.11804565436657499,0.0,0.0
pop_mtg_0006727__180s,pop_mtg_0006727,pop,discovery,180.0,path_acoustic_phase,phase_lifted_path_homology,79,,,0.31915813972413726,0.31915813972413726,1.0,0.275,0.3275851079656807,0.3743521681184891,12.0,0.19344576324873752,0.0,0.0
pop_mtg_0006727__180s,pop_mtg_0006727,pop,discovery,180.0,path_rhythm_phase,phase_lifted_path_homology,79,,,0.383727717229513,0.383727717229513,1.0,0.325,0.39347997446547134,0.4146905512741181,16.0,0.226741144652435,0.0,0.0
pop_mtg_0006727__300s,pop_mtg_0006727,pop,discovery,300.0,path_acoustic_phase,phase_lifted_path_homology,79,,,0.31915813972413726,0.31915813972413726,1.0,0.275,0.3275851079656807,0.3743521681184891,12.0,0.19344576324873752,0.0,0.0
pop_mtg_0006727__300s,pop_mtg_0006727,pop,discovery,300.0,path_rhythm_phase,phase_lifted_path_homology,79,,,0.383727717229513,0.383727717229513,1.0,0.325,0.39347997446547134,0.4146905512741181,16.0,0.226741144652435,0.0,0.0
pop_mtg_0024117__180s,pop_mtg_0024117,pop,discovery,180.0,path_acoustic_phase,phase_lifted_path_homology,89,,,0.3371100589995503,0.3371100589995503,1.0,0.275,0.35525046138140515,0.39278689288846064,12.0,0.21792278221287154,0.0,0.0
pop_mtg_0024117__180s,pop_mtg_0024117,pop,discovery,180.0,path_rhythm_phase,phase_lifted_path_homology,89,,,0.4333138668738237,0.4333138668738237,1.0,0.375,0.4437925468617717,0.4858681561905633,16.0,0.30656084578998,0.0,0.0
pop_mtg_0024117__300s,pop_mtg_0024117,pop,discovery,300.0,path_acoustic_phase,phase_lifted_path_homology,149,,,0.37924520949689505,0.37924520949689505,1.0,0.325,0.38490756023094597,0.40446525430326513,16.0,0.2262443084372785,0.0,0.0
pop_mtg_0024117__300s,pop_mtg_0024117,pop,discovery,300.0,path_rhythm_phase,phase_lifted_path_homology,149,,,0.45995877259546375,0.45995877259546375,1.0,0.425,0.4599956172416449,0.488627348142948,16.0,0.25613076676028756,0.0,0.0
pop_mtg_0025559__180s,pop_mtg_0025559,pop,discovery,180.0,path_acoustic_phase,phase_lifted_path_homology,89,,,0.37862597408004606,0.37862597408004606,1.0,0.325,0.3834102856589778,0.4018027331119336,14.0,0.17446980749819652,0.0,0.0
pop_mtg_0025559__180s,pop_mtg_0025559,pop,discovery,180.0,path_rhythm_phase,phase_lifted_path_homology,89,,,0.31029033847687404,0.31029033847687404,1.0,0.275,0.3231664133298057,0.3540414221170817,36.0,0.12149616552004239,0.0,0.0
pop_mtg_0025559__300s,pop_mtg_0025559,pop,discovery,300.0,path_acoustic_phase,phase_lifted_path_homology,121,,,0.41868201284476847,0.41868201284476847,1.0,0.375,0.4203584173618504,0.43460243000279103,12.0,0.13274715132544002,0.0,0.0
pop_mtg_0025559__300s,pop_mtg_0025559,pop,discovery,300.0,path_rhythm_phase,phase_lifted_path_homology,121,,,0.37871537336365174,0.37871537336365174,1.0,0.325,0.383879679017717,0.4030248067640673,48.0,0.19184957906147126,0.0,0.0
pop_mtg_0025561__180s,pop_mtg_0025561,pop,discovery,180.0,path_acoustic_phase,phase_lifted_path_homology,30,,,0.3883662643878737,0.3883662643878737,1.0,0.325,0.3917325098018406,0.40587601305541793,12.0,0.20391145754741324,0.0,0.0
pop_mtg_0025561__180s,pop_mtg_0025561,pop,discovery,180.0,path_rhythm_phase,phase_lifted_path_homology,30,,,0.3861935822634661,0.3861935822634661,1.0,0.325,0.4035047036338337,0.45240716002504694,12.0,0.17652192149700596,0.0,0.0
pop_mtg_0025561__300s,pop_mtg_0025561,pop,discovery,300.0,path_acoustic_phase,phase_lifted_path_homology,30,,,0.3883662643878737,0.3883662643878737,1.0,0.325,0.3917325098018406,0.40587601305541793,12.0,0.20391145754741324,0.0,0.0
pop_mtg_0025561__300s,pop_mtg_0025561,pop,discovery,300.0,path_rhythm_phase,phase_lifted_path_homology,30,,,0.3861935822634661,0.3861935822634661,1.0,0.325,0.4035047036338337,0.45240716002504694,12.0,0.17652192149700596,0.0,0.0
pop_mtg_0044675__180s,pop_mtg_0044675,pop,discovery,180.0,path_acoustic_phase,phase_lifted_path_homology,89,,,0.45019236398958906,0.45019236398958906,1.0,0.425,0.4504944027755152,0.4611138909139991,12.0,0.3057731757799942,0.0,0.0
pop_mtg_0044675__180s,pop_mtg_0044675,pop,discovery,180.0,path_rhythm_phase,phase_lifted_path_homology,89,,,0.4583537416450782,0.4583537416450782,1.0,0.425,0.4626158902219927,0.47969500492124656,12.0,0.41694226143366186,0.0,0.0
pop_mtg_0044675__300s,pop_mtg_0044675,pop,discovery,300.0,path_acoustic_phase,phase_lifted_path_homology,108,,,0.4789992049363318,0.4789992049363318,1.0,0.425,0.4805980861550047,0.4880687411528097,12.0,0.2477640449077647,0.0,0.0
pop_mtg_0044675__300s,pop_mtg_0044675,pop,discovery,300.0,path_rhythm_phase,phase_lifted_path_homology,108,,,0.4917544523471082,0.4917544523471082,1.0,0.425,0.49258579306036804,0.49914490982991916,12.0,0.30659970477530885,0.0,0.0
pop_mtg_0049144__180s,pop_mtg_0049144,pop,discovery,180.0,path_acoustic_phase,phase_lifted_path_homology,89,,,0.3366689109439293,0.3366689109439293,1.0,0.275,0.3438564161571296,0.40642473829927,48.0,0.17614951895290276,0.0,0.0
pop_mtg_0049144__180s,pop_mtg_0049144,pop,discovery,180.0,path_rhythm_phase,phase_lifted_path_homology,89,,,0.47690016908718696,0.47690016908718696,1.0,0.425,0.4795693019808177,0.48935519771794994,14.0,0.3088694191046326,0.0,0.0
pop_mtg_0049144__300s,pop_mtg_0049144,pop,discovery,300.0,path_acoustic_phase,phase_lifted_path_homology,149,,,0.3802364228953801,0.3802364228953801,1.0,0.325,0.39265194234749956,0.43317843666003997,54.0,0.18464182013825792,0.0,0.0
pop_mtg_0049144__300s,pop_mtg_0049144,pop,discovery,300.0,path_rhythm_phase,phase_lifted_path_homology,149,,,0.4542236419851703,0.4542236419851703,1.0,0.425,0.45845148293231613,0.47428773359209314,14.0,0.24125834698705184,0.0,0.0
pop_mtg_0109747__180s,pop_mtg_0109747,pop,discovery,180.0,path_acoustic_phase,phase_lifted_path_homology,89,,,0.38838052937906964,0.38838052937906964,1.0,0.325,0.4017520108553656,0.431205808495746,12.0,0.18725976902174712,0.0,0.0
pop_mtg_0109747__180s,pop_mtg_0109747,pop,discovery,180.0,path_rhythm_phase,phase_lifted_path_homology,89,,,0.4185283412439936,0.4185283412439936,1.0,0.375,0.42895693857644246,0.46207303347328993,16.0,0.21099059728478575,0.0,0.0
pop_mtg_0109747__300s,pop_mtg_0109747,pop,discovery,300.0,path_acoustic_phase,phase_lifted_path_homology,110,,,0.39504122163779076,0.39504122163779076,1.0,0.325,0.4112457969967531,0.4563858087960426,12.0,0.17039087919868956,0.0,0.0
pop_mtg_0109747__300s,pop_mtg_0109747,pop,discovery,300.0,path_rhythm_phase,phase_lifted_path_homology,110,,,0.5376961924214115,0.5376961924214115,1.0,0.47500000000000003,0.5406627861391166,0.568436742530691,12.0,0.45565565385194684,0.0,0.0
pop_mtg_0109748__180s,pop_mtg_0109748,pop,discovery,180.0,path_acoustic_phase,phase_lifted_path_homology,66,,,0.3403934515431191,0.3403934515431191,1.0,0.275,0.3520741554578558,0.390729808298892,12.0,0.09674037521067891,0.0,0.0
pop_mtg_0109748__180s,pop_mtg_0109748,pop,discovery,180.0,path_rhythm_phase,phase_lifted_path_homology,66,,,0.28444633778111045,0.28444633778111045,1.0,0.225,0.2951214022334207,0.3606611256313106,18.0,0.07707992086912718,0.0,0.0
pop_mtg_0109748__300s,pop_mtg_0109748,pop,discovery,300.0,path_acoustic_phase,phase_lifted_path_homology,66,,,0.3403934515431191,0.3403934515431191,1.0,0.275,0.3520741554578558,0.390729808298892,12.0,0.09674037521067891,0.0,0.0
pop_mtg_0109748__300s,pop_mtg_0109748,pop,discovery,300.0,path_rhythm_phase,phase_lifted_path_homology,66,,,0.28444633778111045,0.28444633778111045,1.0,0.225,0.2951214022334207,0.3606611256313106,18.0,0.07707992086912718,0.0,0.0
pop_mtg_0132279__180s,pop_mtg_0132279,pop,discovery,180.0,path_acoustic_phase,phase_lifted_path_homology,66,,,0.4640920342333623,0.4640920342333623,1.0,0.425,0.46694348216152815,0.4736718154413278,12.0,0.2676291990532933,0.0,0.0
pop_mtg_0132279__180s,pop_mtg_0132279,pop,discovery,180.0,path_rhythm_phase,phase_lifted_path_homology,66,,,0.5727104074914697,0.5727104074914697,1.0,0.5249999999999999,0.578329771370581,0.608881165643517,16.0,0.2291104916124983,0.0,0.0
pop_mtg_0132279__300s,pop_mtg_0132279,pop,discovery,300.0,path_acoustic_phase,phase_lifted_path_homology,66,,,0.4640920342333623,0.4640920342333623,1.0,0.425,0.46694348216152815,0.4736718154413278,12.0,0.2676291990532933,0.0,0.0
pop_mtg_0132279__300s,pop_mtg_0132279,pop,discovery,300.0,path_rhythm_phase,phase_lifted_path_homology,66,,,0.5727104074914697,0.5727104074914697,1.0,0.5249999999999999,0.578329771370581,0.608881165643517,16.0,0.2291104916124983,0.0,0.0
pop_mtg_0192225__180s,pop_mtg_0192225,pop,discovery,180.0,path_acoustic_phase,phase_lifted_path_homology,89,,,0.4667218268129758,0.4667218268129758,1.0,0.425,0.4672336147808025,0.47257543622992043,14.0,0.3435320258611638,0.0,0.0
pop_mtg_0192225__180s,pop_mtg_0192225,pop,discovery,180.0,path_rhythm_phase,phase_lifted_path_homology,89,,,0.4093079009143552,0.4093079009143552,1.0,0.375,0.41477144149574147,0.4435998109120185,44.0,0.16678799621334628,0.0,0.0
pop_mtg_0192225__300s,pop_mtg_0192225,pop,discovery,300.0,path_acoustic_phase,phase_lifted_path_homology,103,,,0.47191308869102955,0.47191308869102955,1.0,0.425,0.47418197589246186,0.48226179717805734,14.0,0.30201391069498995,0.0,0.0
pop_mtg_0192225__300s,pop_mtg_0192225,pop,discovery,300.0,path_rhythm_phase,phase_lifted_path_homology,103,,,0.47498613440686,0.47498613440686,1.0,0.425,0.492690385911414,0.5244627453744662,12.0,0.3217687859274888,0.0,0.0
pop_mtg_0256864__180s,pop_mtg_0256864,pop,discovery,180.0,path_acoustic_phase,phase_lifted_path_homology,77,,,0.3583942689099891,0.3583942689099891,1.0,0.325,0.36644873770887687,0.38736511850569194,42.0,0.12000164596004714,0.0,0.0
pop_mtg_0256864__180s,pop_mtg_0256864,pop,discovery,180.0,path_rhythm_phase,phase_lifted_path_homology,77,,,0.3111020400175934,0.3111020400175934,1.0,0.275,0.33236999501681214,0.38283356253962614,42.0,0.16162957320196703,0.0,0.0
pop_mtg_0256864__300s,pop_mtg_0256864,pop,discovery,300.0,path_acoustic_phase,phase_lifted_path_homology,77,,,0.3583942689099891,0.3583942689099891,1.0,0.325,0.36644873770887687,0.38736511850569194,42.0,0.12000164596004714,0.0,0.0
pop_mtg_0256864__300s,pop_mtg_0256864,pop,discovery,300.0,path_rhythm_phase,phase_lifted_path_homology,77,,,0.3111020400175934,0.3111020400175934,1.0,0.275,0.33236999501681214,0.38283356253962614,42.0,0.16162957320196703,0.0,0.0
pop_mtg_0257021__180s,pop_mtg_0257021,pop,discovery,180.0,path_acoustic_phase,phase_lifted_path_homology,89,,,0.2899328616798867,0.2899328616798867,1.0,0.225,0.2901216447322584,0.3498399906737086,46.0,0.09020748165893999,0.0,0.0
pop_mtg_0257021__180s,pop_mtg_0257021,pop,discovery,180.0,path_rhythm_phase,phase_lifted_path_homology,89,,,0.3673147810985,0.3673147810985,1.0,0.325,0.36940067459572384,0.3982998532525068,40.0,0.18426152348538016,0.0,0.0
pop_mtg_0257021__300s,pop_mtg_0257021,pop,discovery,300.0,path_acoustic_phase,phase_lifted_path_homology,149,,,0.40357052070431554,0.40357052070431554,1.0,0.375,0.4092813707124873,0.42009363434179275,14.0,0.09923898632755024,0.0,0.0
pop_mtg_0257021__300s,pop_mtg_0257021,pop,discovery,300.0,path_rhythm_phase,phase_lifted_path_homology,149,,,0.42707909629271007,0.42707909629271007,1.0,0.375,0.4322320335469235,0.4469998520581706,12.0,0.13411290032844148,0.0,0.0
pop_mtg_0268340__180s,pop_mtg_0268340,pop,discovery,180.0,path_acoustic_phase,phase_lifted_path_homology,89,,,0.48541384681640226,0.48541384681640226,1.0,0.425,0.48751333595315827,0.49245685142280754,12.0,0.7985295357753024,0.0,0.0
pop_mtg_0268340__180s,pop_mtg_0268340,pop,discovery,180.0,path_rhythm_phase,phase_lifted_path_homology,89,,,0.44044287423087036,0.44044287423087036,1.0,0.375,0.44430185502923436,0.4593026262324294,16.0,0.45407264078353715,0.0,0.0
pop_mtg_0268340__300s,pop_mtg_0268340,pop,discovery,300.0,path_acoustic_phase,phase_lifted_path_homology,105,,,0.4595319194843778,0.4595319194843778,1.0,0.425,0.4607509417064072,0.4775727660354005,12.0,0.7961542552313151,0.0,0.0
pop_mtg_0268340__300s,pop_mtg_0268340,pop,discovery,300.0,path_rhythm_phase,phase_lifted_path_homology,105,,,0.45459913129753304,0.45459913129753304,1.0,0.425,0.4585526561298195,0.48082759395988767,12.0,0.5595343464547111,0.0,0.0
pop_mtg_0268695__180s,pop_mtg_0268695,pop,discovery,180.0,path_acoustic_phase,phase_lifted_path_homology,33,,,0.3539152084461026,0.3539152084461026,1.0,0.325,0.3557619470380361,0.37292983820665954,12.0,0.13049418205616736,0.0,0.0
pop_mtg_0268695__180s,pop_mtg_0268695,pop,discovery,180.0,path_rhythm_phase,phase_lifted_path_homology,33,,,0.3261245346731364,0.3261245346731364,1.0,0.275,0.33741605455121365,0.3682385245958695,12.0,0.10473299147621096,0.0,0.0
pop_mtg_0268695__300s,pop_mtg_0268695,pop,discovery,300.0,path_acoustic_phase,phase_lifted_path_homology,33,,,0.3539152084461026,0.3539152084461026,1.0,0.325,0.3557619470380361,0.37292983820665954,12.0,0.13049418205616736,0.0,0.0
pop_mtg_0268695__300s,pop_mtg_0268695,pop,discovery,300.0,path_rhythm_phase,phase_lifted_path_homology,33,,,0.3261245346731364,0.3261245346731364,1.0,0.275,0.33741605455121365,0.3682385245958695,12.0,0.10473299147621096,0.0,0.0
pop_mtg_0307387__180s,pop_mtg_0307387,pop,discovery,180.0,path_acoustic_phase,phase_lifted_path_homology,89,,,0.41343735072546667,0.41343735072546667,1.0,0.375,0.423011010879531,0.4551300360161414,16.0,0.1629138611838583,0.0,0.0
pop_mtg_0307387__180s,pop_mtg_0307387,pop,discovery,180.0,path_rhythm_phase,phase_lifted_path_homology,89,,,0.42630751237127856,0.42630751237127856,1.0,0.375,0.4279031738554502,0.4315080919420089,16.0,0.21333506545762204,0.0,0.0
pop_mtg_0307387__300s,pop_mtg_0307387,pop,discovery,300.0,path_acoustic_phase,phase_lifted_path_homology,119,,,0.43664720732547874,0.43664720732547874,1.0,0.375,0.43671063802134413,0.467840192060828,16.0,0.19546667965629239,0.0,0.0
pop_mtg_0307387__300s,pop_mtg_0307387,pop,discovery,300.0,path_rhythm_phase,phase_lifted_path_homology,119,,,0.45423283471414516,0.45423283471414516,1.0,0.425,0.4592982154356939,0.4747709492247685,16.0,0.21736438654926882,0.0,0.0
pop_mtg_0307394__180s,pop_mtg_0307394,pop,discovery,180.0,path_acoustic_phase,phase_lifted_path_homology,89,,,0.38760056479608923,0.38760056479608923,1.0,0.325,0.38795073898434457,0.4014318746213541,12.0,0.23354084837857259,0.0,0.0
pop_mtg_0307394__180s,pop_mtg_0307394,pop,discovery,180.0,path_rhythm_phase,phase_lifted_path_homology,89,,,0.3920813479544815,0.3920813479544815,1.0,0.325,0.3926390220859989,0.40214021707276154,14.0,0.17185881296427974,0.0,0.0
pop_mtg_0307394__300s,pop_mtg_0307394,pop,discovery,300.0,path_acoustic_phase,phase_lifted_path_homology,148,,,0.4116205478120197,0.4116205478120197,1.0,0.375,0.41962531867962755,0.43607455121673283,14.0,0.16663484025480135,0.0,0.0
pop_mtg_0307394__300s,pop_mtg_0307394,pop,discovery,300.0,path_rhythm_phase,phase_lifted_path_homology,148,,,0.4557985928805942,0.4557985928805942,1.0,0.425,0.45615036191930736,0.4672754283209967,14.0,0.189719909244496,0.0,0.0
pop_mtg_0309887__180s,pop_mtg_0309887,pop,discovery,180.0,path_acoustic_phase,phase_lifted_path_homology,70,,,0.3950949714000783,0.3950949714000783,1.0,0.325,0.4015995611376927,0.41748613321914624,18.0,0.13848303838814746,0.0,0.0
pop_mtg_0309887__180s,pop_mtg_0309887,pop,discovery,180.0,path_rhythm_phase,phase_lifted_path_homology,70,,,0.3367991097452928,0.3367991097452928,1.0,0.275,0.3495608398936805,0.3956163809032495,16.0,0.1812888223978013,0.0,0.0
pop_mtg_0309887__300s,pop_mtg_0309887,pop,discovery,300.0,path_acoustic_phase,phase_lifted_path_homology,70,,,0.3950949714000783,0.3950949714000783,1.0,0.325,0.4015995611376927,0.41748613321914624,18.0,0.13848303838814746,0.0,0.0
pop_mtg_0309887__300s,pop_mtg_0309887,pop,discovery,300.0,path_rhythm_phase,phase_lifted_path_homology,70,,,0.3367991097452928,0.3367991097452928,1.0,0.275,0.3495608398936805,0.3956163809032495,16.0,0.1812888223978013,0.0,0.0
pop_mtg_0312405__180s,pop_mtg_0312405,pop,discovery,180.0,path_acoustic_phase,phase_lifted_path_homology,89,,,0.3697965329484996,0.3697965329484996,1.0,0.325,0.3776178107679114,0.4020698344435749,50.0,0.24523552539551718,0.0,0.0
pop_mtg_0312405__180s,pop_mtg_0312405,pop,discovery,180.0,path_rhythm_phase,phase_lifted_path_homology,89,,,0.41175166521413736,0.41175166521413736,1.0,0.375,0.4136739445341832,0.42051206897827914,12.0,0.33785236451956857,0.0,0.0
pop_mtg_0312405__300s,pop_mtg_0312405,pop,discovery,300.0,path_acoustic_phase,phase_lifted_path_homology,116,,,0.3784713198611877,0.3784713198611877,1.0,0.325,0.3801501322068453,0.40727086356272846,50.0,0.11359944976407166,0.0,0.0
pop_mtg_0312405__300s,pop_mtg_0312405,pop,discovery,300.0,path_rhythm_phase,phase_lifted_path_homology,116,,,0.393311341753922,0.393311341753922,1.0,0.325,0.3949095927613632,0.41194718320015067,12.0,0.19956497863357303,0.0,0.0
pop_mtg_0330383__180s,pop_mtg_0330383,pop,discovery,180.0,path_acoustic_phase,phase_lifted_path_homology,89,,,0.42013466432128194,0.42013466432128194,1.0,0.375,0.42589272931108535,0.43783194645272233,12.0,0.19590002102966975,0.0,0.0
pop_mtg_0330383__180s,pop_mtg_0330383,pop,discovery,180.0,path_rhythm_phase,phase_lifted_path_homology,89,,,0.24371348330239492,0.24371348330239492,1.0,0.175,0.2481059934852778,0.367987452026106,44.0,0.2777231493465012,0.0,0.0
pop_mtg_0330383__300s,pop_mtg_0330383,pop,discovery,300.0,path_acoustic_phase,phase_lifted_path_homology,101,,,0.43415962012311016,0.43415962012311016,1.0,0.375,0.4370817065288635,0.4495529644853451,12.0,0.1513307247612269,0.0,0.0
pop_mtg_0330383__300s,pop_mtg_0330383,pop,discovery,300.0,path_rhythm_phase,phase_lifted_path_homology,101,,,0.37796525176544793,0.37796525176544793,1.0,0.325,0.382863623445468,0.39449156606322183,12.0,0.15015327106061505,0.0,0.0
pop_mtg_0331507__180s,pop_mtg_0331507,pop,discovery,180.0,path_acoustic_phase,phase_lifted_path_homology,89,,,0.43283641325964006,0.43283641325964006,1.0,0.375,0.4525405333661086,0.5459281627911002,38.0,0.6960750869908163,0.0,0.0
pop_mtg_0331507__180s,pop_mtg_0331507,pop,discovery,180.0,path_rhythm_phase,phase_lifted_path_homology,89,,,0.29699380796193203,0.29699380796193203,1.0,0.225,0.3161994722426086,0.38972333459034475,38.0,0.23035273162825842,0.0,0.0
pop_mtg_0331507__300s,pop_mtg_0331507,pop,discovery,300.0,path_acoustic_phase,phase_lifted_path_homology,134,,,0.4738128443345207,0.4738128443345207,1.0,0.425,0.48578414270341463,0.515816932147854,38.0,0.5911940724931951,0.0,0.0
pop_mtg_0331507__300s,pop_mtg_0331507,pop,discovery,300.0,path_rhythm_phase,phase_lifted_path_homology,134,,,0.40452923802211127,0.40452923802211127,1.0,0.375,0.40689985879210977,0.42124492422490567,32.0,0.19707679771108078,0.0,0.0
pop_mtg_0352687__180s,pop_mtg_0352687,pop,discovery,180.0,path_acoustic_phase,phase_lifted_path_homology,77,,,0.33984222459141583,0.33984222459141583,1.0,0.275,0.34435741934398867,0.38031268420765096,34.0,0.05841227753003109,0.0,0.0
pop_mtg_0352687__180s,pop_mtg_0352687,pop,discovery,180.0,path_rhythm_phase,phase_lifted_path_homology,77,,,0.3654311956022569,0.3654311956022569,1.0,0.325,0.3718769238462953,0.40258740805830956,18.0,0.20931988975616245,0.0,0.0
pop_mtg_0352687__300s,pop_mtg_0352687,pop,discovery,300.0,path_acoustic_phase,phase_lifted_path_homology,77,,,0.33984222459141583,0.33984222459141583,1.0,0.275,0.34435741934398867,0.38031268420765096,34.0,0.05841227753003109,0.0,0.0
pop_mtg_0352687__300s,pop_mtg_0352687,pop,discovery,300.0,path_rhythm_phase,phase_lifted_path_homology,77,,,0.3654311956022569,0.3654311956022569,1.0,0.325,0.3718769238462953,0.40258740805830956,18.0,0.20931988975616245,0.0,0.0
pop_mtg_0352688__180s,pop_mtg_0352688,pop,discovery,180.0,path_acoustic_phase,phase_lifted_path_homology,89,,,0.3556930650716471,0.3556930650716471,1.0,0.325,0.3578028395370507,0.3855430720939443,12.0,0.1116168222456545,0.0,0.0
pop_mtg_0352688__180s,pop_mtg_0352688,pop,discovery,180.0,path_rhythm_phase,phase_lifted_path_homology,89,,,0.3139680124974171,0.3139680124974171,1.0,0.275,0.3337586295219345,0.40793088858314697,16.0,0.20439428239283153,0.0,0.0
pop_mtg_0352688__300s,pop_mtg_0352688,pop,discovery,300.0,path_acoustic_phase,phase_lifted_path_homology,89,,,0.3717906192894033,0.3717906192894033,1.0,0.325,0.3719634436060597,0.38113883614315336,34.0,0.08813816261974794,0.0,0.0
pop_mtg_0352688__300s,pop_mtg_0352688,pop,discovery,300.0,path_rhythm_phase,phase_lifted_path_homology,89,,,0.3021473451920251,0.3021473451920251,1.0,0.275,0.3243031758830824,0.3964390695896774,16.0,0.17790407235680883,0.0,0.0
pop_mtg_0366009__180s,pop_mtg_0366009,pop,discovery,180.0,path_acoustic_phase,phase_lifted_path_homology,89,,,0.37032239159482216,0.37032239159482216,1.0,0.325,0.37633131464280306,0.41617107081416743,12.0,0.4012564044834581,0.0,0.0
pop_mtg_0366009__180s,pop_mtg_0366009,pop,discovery,180.0,path_rhythm_phase,phase_lifted_path_homology,89,,,0.38397507080154397,0.38397507080154397,1.0,0.325,0.40010384703163754,0.4368167570944992,12.0,0.4575971730566426,0.0,0.0
pop_mtg_0366009__300s,pop_mtg_0366009,pop,discovery,300.0,path_acoustic_phase,phase_lifted_path_homology,111,,,0.4103718053159369,0.4103718053159369,1.0,0.375,0.4190060215809367,0.43918768943271874,18.0,0.2601643644341174,0.0,0.0
pop_mtg_0366009__300s,pop_mtg_0366009,pop,discovery,300.0,path_rhythm_phase,phase_lifted_path_homology,111,,,0.3503532539418087,0.3503532539418087,1.0,0.325,0.3644046143990479,0.39849555696098343,18.0,0.15526759259519785,0.0,0.0
pop_mtg_0401659__180s,pop_mtg_0401659,pop,discovery,180.0,path_acoustic_phase,phase_lifted_path_homology,73,,,0.33813612876079246,0.33813612876079246,1.0,0.275,0.36693829733576394,0.43378903131143415,12.0,0.12780847461303801,0.0,0.0
pop_mtg_0401659__180s,pop_mtg_0401659,pop,discovery,180.0,path_rhythm_phase,phase_lifted_path_homology,73,,,0.38518470958358114,0.38518470958358114,1.0,0.325,0.400392069158221,0.4331199881364935,30.0,0.24321340967872107,0.0,0.0
pop_mtg_0401659__300s,pop_mtg_0401659,pop,discovery,300.0,path_acoustic_phase,phase_lifted_path_homology,73,,,0.33813612876079246,0.33813612876079246,1.0,0.275,0.36693829733576394,0.43378903131143415,12.0,0.12780847461303801,0.0,0.0
pop_mtg_0401659__300s,pop_mtg_0401659,pop,discovery,300.0,path_rhythm_phase,phase_lifted_path_homology,73,,,0.38518470958358114,0.38518470958358114,1.0,0.325,0.400392069158221,0.4331199881364935,30.0,0.24321340967872107,0.0,0.0
pop_mtg_0455146__180s,pop_mtg_0455146,pop,discovery,180.0,path_acoustic_phase,phase_lifted_path_homology,89,,,0.3759638992144448,0.3759638992144448,1.0,0.325,0.38297108036375965,0.4047121919873096,12.0,0.1285745705598318,0.0,0.0
pop_mtg_0455146__180s,pop_mtg_0455146,pop,discovery,180.0,path_rhythm_phase,phase_lifted_path_homology,89,,,0.3960331293736445,0.3960331293736445,1.0,0.325,0.4022637588030054,0.4273096161099123,12.0,0.2519943018393652,0.0,0.0
pop_mtg_0455146__300s,pop_mtg_0455146,pop,discovery,300.0,path_acoustic_phase,phase_lifted_path_homology,149,,,0.418909935285791,0.418909935285791,1.0,0.375,0.420411688246457,0.43135902319910374,12.0,0.17922994567118344,0.0,0.0
pop_mtg_0455146__300s,pop_mtg_0455146,pop,discovery,300.0,path_rhythm_phase,phase_lifted_path_homology,149,,,0.40341074863223,0.40341074863223,1.0,0.375,0.4067981870168481,0.41903376768575423,12.0,0.17602051777354255,0.0,0.0
pop_mtg_0474527__180s,pop_mtg_0474527,pop,discovery,180.0,path_acoustic_phase,phase_lifted_path_homology,89,,,0.5823437950083051,0.5823437950083051,1.0,0.5249999999999999,0.5865410402526439,0.603970613135321,12.0,0.6125838941165124,0.0,0.0
pop_mtg_0474527__180s,pop_mtg_0474527,pop,discovery,180.0,path_rhythm_phase,phase_lifted_path_homology,89,,,0.4951029363443325,0.4951029363443325,1.0,0.425,0.5081184381731962,0.5353010457277234,12.0,0.5497185186788853,0.0,0.0
pop_mtg_0474527__300s,pop_mtg_0474527,pop,discovery,300.0,path_acoustic_phase,phase_lifted_path_homology,125,,,0.5998424703364563,0.5998424703364563,1.0,0.5249999999999999,0.6066733412053928,0.6200854225692306,12.0,0.5759227344880252,0.0,0.0
pop_mtg_0474527__300s,pop_mtg_0474527,pop,discovery,300.0,path_rhythm_phase,phase_lifted_path_homology,125,,,0.4939446254903362,0.4939446254903362,1.0,0.425,0.4948262950859752,0.5054380180912023,12.0,0.28263651442636983,0.0,0.0
pop_mtg_0482275__180s,pop_mtg_0482275,pop,discovery,180.0,path_acoustic_phase,phase_lifted_path_homology,68,,,0.4268350892922905,0.4268350892922905,1.0,0.375,0.43356670338616293,0.45997055085959576,14.0,0.26773939438264016,0.0,0.0
pop_mtg_0482275__180s,pop_mtg_0482275,pop,discovery,180.0,path_rhythm_phase,phase_lifted_path_homology,68,,,0.5632685420172004,0.5632685420172004,1.0,0.5249999999999999,0.5868422095671396,0.6282268552862446,14.0,0.632658204520405,0.0,0.0
pop_mtg_0482275__300s,pop_mtg_0482275,pop,discovery,300.0,path_acoustic_phase,phase_lifted_path_homology,68,,,0.4268350892922905,0.4268350892922905,1.0,0.375,0.43356670338616293,0.45997055085959576,14.0,0.26773939438264016,0.0,0.0
pop_mtg_0482275__300s,pop_mtg_0482275,pop,discovery,300.0,path_rhythm_phase,phase_lifted_path_homology,68,,,0.5632685420172004,0.5632685420172004,1.0,0.5249999999999999,0.5868422095671396,0.6282268552862446,14.0,0.632658204520405,0.0,0.0
pop_mtg_0514986__180s,pop_mtg_0514986,pop,discovery,180.0,path_acoustic_phase,phase_lifted_path_homology,89,,,0.4494222197935323,0.4494222197935323,1.0,0.375,0.4583440530688597,0.4892170854738728,30.0,0.4516546501264447,0.0,0.0
pop_mtg_0514986__180s,pop_mtg_0514986,pop,discovery,180.0,path_rhythm_phase,phase_lifted_path_homology,89,,,0.4395939775041758,0.4395939775041758,1.0,0.375,0.44043322349319114,0.453153349357065,12.0,0.17890304128839074,0.0,0.0
pop_mtg_0514986__300s,pop_mtg_0514986,pop,discovery,300.0,path_acoustic_phase,phase_lifted_path_homology,104,,,0.4107709118607408,0.4107709118607408,1.0,0.375,0.4284677259157285,0.47133859491234764,30.0,0.2821079839417119,0.0,0.0
pop_mtg_0514986__300s,pop_mtg_0514986,pop,discovery,300.0,path_rhythm_phase,phase_lifted_path_homology,104,,,0.4062879399303406,0.4062879399303406,1.0,0.375,0.4256853473538956,0.46721592662773936,12.0,0.2792491371021202,0.0,0.0
pop_mtg_0696448__180s,pop_mtg_0696448,pop,discovery,180.0,path_acoustic_phase,phase_lifted_path_homology,89,,,0.44395382632577307,0.44395382632577307,1.0,0.375,0.44492890793069245,0.4596362238038922,14.0,0.3943854601924912,0.0,0.0
pop_mtg_0696448__180s,pop_mtg_0696448,pop,discovery,180.0,path_rhythm_phase,phase_lifted_path_homology,89,,,0.2942026025254985,0.2942026025254985,1.0,0.225,0.3103380281572561,0.3838220273843062,54.0,0.4579745759325281,0.0,0.0
pop_mtg_0696448__300s,pop_mtg_0696448,pop,discovery,300.0,path_acoustic_phase,phase_lifted_path_homology,135,,,0.5010656281767772,0.5010656281767772,1.0,0.47500000000000003,0.5017514517983482,0.5041268313800645,14.0,0.40681489171807395,0.0,0.0
pop_mtg_0696448__300s,pop_mtg_0696448,pop,discovery,300.0,path_rhythm_phase,phase_lifted_path_homology,135,,,0.45444259192808806,0.45444259192808806,1.0,0.425,0.45761079815332895,0.4720516433128021,12.0,0.27963927624951324,0.0,0.0
pop_mtg_0698107__180s,pop_mtg_0698107,pop,discovery,180.0,path_acoustic_phase,phase_lifted_path_homology,89,,,0.37451566847692136,0.37451566847692136,1.0,0.325,0.37703303998433046,0.38841845501237965,58.0,0.12369150251588534,0.0,0.0
pop_mtg_0698107__180s,pop_mtg_0698107,pop,discovery,180.0,path_rhythm_phase,phase_lifted_path_homology,89,,,0.33091923999683787,0.33091923999683787,1.0,0.275,0.34536215775592716,0.3845388262574801,58.0,0.2469731770421879,0.0,0.0
pop_mtg_0698107__300s,pop_mtg_0698107,pop,discovery,300.0,path_acoustic_phase,phase_lifted_path_homology,109,,,0.28131049450512846,0.28131049450512846,1.0,0.225,0.3155510106488111,0.38200895537667856,60.0,0.17054530388722,0.0,0.0
pop_mtg_0698107__300s,pop_mtg_0698107,pop,discovery,300.0,path_rhythm_phase,phase_lifted_path_homology,109,,,0.35776832684213683,0.35776832684213683,1.0,0.325,0.3755273931754986,0.41199005717647075,60.0,0.2549549171472286,0.0,0.0
pop_mtg_0698108__180s,pop_mtg_0698108,pop,discovery,180.0,path_acoustic_phase,phase_lifted_path_homology,86,,,0.4249568406158684,0.4249568406158684,1.0,0.375,0.4273358928337877,0.4480978057386946,14.0,0.2826907040147404,0.0,0.0
pop_mtg_0698108__180s,pop_mtg_0698108,pop,discovery,180.0,path_rhythm_phase,phase_lifted_path_homology,86,,,0.460488607590074,0.460488607590074,1.0,0.425,0.46336896267089067,0.4783513235536092,14.0,0.2606193389405784,0.0,0.0
pop_mtg_0698108__300s,pop_mtg_0698108,pop,discovery,300.0,path_acoustic_phase,phase_lifted_path_homology,86,,,0.4249568406158684,0.4249568406158684,1.0,0.375,0.4273358928337877,0.4480978057386946,14.0,0.2826907040147404,0.0,0.0
pop_mtg_0698108__300s,pop_mtg_0698108,pop,discovery,300.0,path_rhythm_phase,phase_lifted_path_homology,86,,,0.460488607590074,0.460488607590074,1.0,0.425,0.46336896267089067,0.4783513235536092,14.0,0.2606193389405784,0.0,0.0
pop_mtg_0933552__180s,pop_mtg_0933552,pop,discovery,180.0,path_acoustic_phase,phase_lifted_path_homology,89,,,0.5059058759287495,0.5059058759287495,1.0,0.47500000000000003,0.5088481681379519,0.519619968544904,12.0,0.5330561957430798,0.0,0.0
pop_mtg_0933552__180s,pop_mtg_0933552,pop,discovery,180.0,path_rhythm_phase,phase_lifted_path_homology,89,,,0.21153401161629865,0.21153401161629865,1.0,0.175,0.21486475724323564,0.35638138551405835,48.0,0.09484906912361091,0.0,0.0
pop_mtg_0933552__300s,pop_mtg_0933552,pop,discovery,300.0,path_acoustic_phase,phase_lifted_path_homology,149,,,0.5202894657419141,0.5202894657419141,1.0,0.47500000000000003,0.5226520812629918,0.5293419576060031,12.0,0.4094323771879341,0.0,0.0
pop_mtg_0933552__300s,pop_mtg_0933552,pop,discovery,300.0,path_rhythm_phase,phase_lifted_path_homology,149,,,0.37190053973859005,0.37190053973859005,1.0,0.325,0.3853087070930064,0.41019537297366426,40.0,0.10141552178937019,0.0,0.0
pop_mtg_0945198__180s,pop_mtg_0945198,pop,discovery,180.0,path_acoustic_phase,phase_lifted_path_homology,89,,,0.46791619144238367,0.46791619144238367,1.0,0.425,0.4736744825377961,0.489970744815929,14.0,0.36001967533262624,0.0,0.0
pop_mtg_0945198__180s,pop_mtg_0945198,pop,discovery,180.0,path_rhythm_phase,phase_lifted_path_homology,89,,,0.42010338878200515,0.42010338878200515,1.0,0.375,0.42300906318519904,0.4380698875686364,14.0,0.3140665532248039,0.0,0.0
pop_mtg_0945198__300s,pop_mtg_0945198,pop,discovery,300.0,path_acoustic_phase,phase_lifted_path_homology,144,,,0.4677199647297295,0.4677199647297295,1.0,0.425,0.4720235630284467,0.4920957234843059,14.0,0.33275851080068986,0.0,0.0
pop_mtg_0945198__300s,pop_mtg_0945198,pop,discovery,300.0,path_rhythm_phase,phase_lifted_path_homology,144,,,0.4410041679388592,0.4410041679388592,1.0,0.375,0.4465343765630374,0.4743291995148418,14.0,0.2691274024530822,0.0,0.0
pop_mtg_0945202__180s,pop_mtg_0945202,pop,discovery,180.0,path_acoustic_phase,phase_lifted_path_homology,72,,,0.5366943484034778,0.5366943484034778,1.0,0.47500000000000003,0.5437481392607486,0.5650559226152078,30.0,0.45255015182803177,0.0,0.0
pop_mtg_0945202__180s,pop_mtg_0945202,pop,discovery,180.0,path_rhythm_phase,phase_lifted_path_homology,72,,,0.5035084817076488,0.5035084817076488,1.0,0.47500000000000003,0.5106728587884766,0.5580970815855605,30.0,0.27403920879073224,0.0,0.0
pop_mtg_0945202__300s,pop_mtg_0945202,pop,discovery,300.0,path_acoustic_phase,phase_lifted_path_homology,72,,,0.5366943484034778,0.5366943484034778,1.0,0.47500000000000003,0.5437481392607486,0.5650559226152078,30.0,0.45255015182803177,0.0,0.0
pop_mtg_0945202__300s,pop_mtg_0945202,pop,discovery,300.0,path_rhythm_phase,phase_lifted_path_homology,72,,,0.5035084817076488,0.5035084817076488,1.0,0.47500000000000003,0.5106728587884766,0.5580970815855605,30.0,0.27403920879073224,0.0,0.0
pop_mtg_0956246__180s,pop_mtg_0956246,pop,discovery,180.0,path_acoustic_phase,phase_lifted_path_homology,62,,,0.3873843005772961,0.3873843005772961,1.0,0.325,0.38875507739372045,0.4233657345450601,22.0,0.25952213381412315,0.0,0.0
pop_mtg_0956246__180s,pop_mtg_0956246,pop,discovery,180.0,path_rhythm_phase,phase_lifted_path_homology,62,,,0.34219177655548405,0.34219177655548405,1.0,0.275,0.35611337577597385,0.39453181064375203,16.0,0.0915624001212374,0.0,0.0
pop_mtg_0956246__300s,pop_mtg_0956246,pop,discovery,300.0,path_acoustic_phase,phase_lifted_path_homology,62,,,0.3873843005772961,0.3873843005772961,1.0,0.325,0.38875507739372045,0.4233657345450601,22.0,0.25952213381412315,0.0,0.0
pop_mtg_0956246__300s,pop_mtg_0956246,pop,discovery,300.0,path_rhythm_phase,phase_lifted_path_homology,62,,,0.34219177655548405,0.34219177655548405,1.0,0.275,0.35611337577597385,0.39453181064375203,16.0,0.0915624001212374,0.0,0.0
pop_mtg_0956247__180s,pop_mtg_0956247,pop,discovery,180.0,path_acoustic_phase,phase_lifted_path_homology,33,,,0.3940893297562529,0.3940893297562529,1.0,0.325,0.4112855344652047,0.44697684432882107,14.0,0.34004009242269406,0.0,0.0
pop_mtg_0956247__180s,pop_mtg_0956247,pop,discovery,180.0,path_rhythm_phase,phase_lifted_path_homology,33,,,0.36487349078258297,0.36487349078258297,1.0,0.325,0.37837615594086954,0.4111825770235836,12.0,0.2555807616283148,0.0,0.0
pop_mtg_0956247__300s,pop_mtg_0956247,pop,discovery,300.0,path_acoustic_phase,phase_lifted_path_homology,33,,,0.3940893297562529,0.3940893297562529,1.0,0.325,0.4112855344652047,0.44697684432882107,14.0,0.34004009242269406,0.0,0.0
pop_mtg_0956247__300s,pop_mtg_0956247,pop,discovery,300.0,path_rhythm_phase,phase_lifted_path_homology,33,,,0.36487349078258297,0.36487349078258297,1.0,0.325,0.37837615594086954,0.4111825770235836,12.0,0.2555807616283148,0.0,0.0
pop_mtg_1006216__180s,pop_mtg_1006216,pop,discovery,180.0,path_acoustic_phase,phase_lifted_path_homology,89,,,0.6156915200588633,0.6156915200588633,1.0,0.575,0.6211842352259814,0.6357206688993968,12.0,0.3716221786198064,0.0,0.0
pop_mtg_1006216__180s,pop_mtg_1006216,pop,discovery,180.0,path_rhythm_phase,phase_lifted_path_homology,89,,,0.6532720924060705,0.6532720924060705,1.0,0.625,0.6567470248014404,0.6783774762180405,14.0,0.2853070535493034,0.0,0.0
pop_mtg_1006216__300s,pop_mtg_1006216,pop,discovery,300.0,path_acoustic_phase,phase_lifted_path_homology,145,,,0.7115422127698424,0.7115422127698424,1.0,0.675,0.7128141987144511,0.7222162063944793,12.0,0.2904803695844392,0.0,0.0
pop_mtg_1006216__300s,pop_mtg_1006216,pop,discovery,300.0,path_rhythm_phase,phase_lifted_path_homology,145,,,0.7081143690632075,0.7081143690632075,1.0,0.675,0.7138064400269235,0.730622866278522,12.0,0.20915643307701193,0.0,0.0
pop_mtg_1060601__180s,pop_mtg_1060601,pop,discovery,180.0,path_acoustic_phase,phase_lifted_path_homology,84,,,0.36537464993802315,0.36537464993802315,1.0,0.325,0.3734583385494914,0.39058564764796494,12.0,0.1648929605107643,0.0,0.0
pop_mtg_1060601__180s,pop_mtg_1060601,pop,discovery,180.0,path_rhythm_phase,phase_lifted_path_homology,84,,,0.3206483522106665,0.3206483522106665,1.0,0.275,0.34096411493943163,0.3854023256278112,16.0,0.18543529480725174,0.0,0.0
pop_mtg_1060601__300s,pop_mtg_1060601,pop,discovery,300.0,path_acoustic_phase,phase_lifted_path_homology,84,,,0.36537464993802315,0.36537464993802315,1.0,0.325,0.3734583385494914,0.39058564764796494,12.0,0.1648929605107643,0.0,0.0
pop_mtg_1060601__300s,pop_mtg_1060601,pop,discovery,300.0,path_rhythm_phase,phase_lifted_path_homology,84,,,0.3206483522106665,0.3206483522106665,1.0,0.275,0.34096411493943163,0.3854023256278112,16.0,0.18543529480725174,0.0,0.0
pop_mtg_1060603__180s,pop_mtg_1060603,pop,discovery,180.0,path_acoustic_phase,phase_lifted_path_homology,89,,,0.4197862346904564,0.4197862346904564,1.0,0.375,0.42402308995845023,0.43181141888207525,12.0,0.22665901718098014,0.0,0.0
pop_mtg_1060603__180s,pop_mtg_1060603,pop,discovery,180.0,path_rhythm_phase,phase_lifted_path_homology,89,,,0.3804726309741836,0.3804726309741836,1.0,0.325,0.38135471095111584,0.39495502261015036,12.0,0.2574112189389721,0.0,0.0
pop_mtg_1060603__300s,pop_mtg_1060603,pop,discovery,300.0,path_acoustic_phase,phase_lifted_path_homology,92,,,0.3898947568682421,0.3898947568682421,1.0,0.325,0.39739480230291535,0.41091589815106944,12.0,0.19901990839098715,0.0,0.0
pop_mtg_1060603__300s,pop_mtg_1060603,pop,discovery,300.0,path_rhythm_phase,phase_lifted_path_homology,92,,,0.3553611136296451,0.3553611136296451,1.0,0.325,0.3798061030201382,0.4373453370946719,16.0,0.2912489073022688,0.0,0.0
pop_mtg_1063515__180s,pop_mtg_1063515,pop,discovery,180.0,path_acoustic_phase,phase_lifted_path_homology,89,,,0.5321540885832469,0.5321540885832469,1.0,0.47500000000000003,0.532534407432621,0.5490110238935827,12.0,0.9140786033483008,0.0,0.0
pop_mtg_1063515__180s,pop_mtg_1063515,pop,discovery,180.0,path_rhythm_phase,phase_lifted_path_homology,89,,,0.4360693731765869,0.4360693731765869,1.0,0.375,0.4387152393481533,0.45264004826795023,12.0,0.31075812720109564,0.0,0.0
pop_mtg_1063515__300s,pop_mtg_1063515,pop,discovery,300.0,path_acoustic_phase,phase_lifted_path_homology,137,,,0.5599979772230066,0.5599979772230066,1.0,0.5249999999999999,0.5607523552578473,0.5687060600745656,14.0,0.8206724682168192,0.0,0.0
pop_mtg_1063515__300s,pop_mtg_1063515,pop,discovery,300.0,path_rhythm_phase,phase_lifted_path_homology,137,,,0.4101098660348632,0.4101098660348632,1.0,0.375,0.4108590229948749,0.42395863638930464,14.0,0.16418151140041848,0.0,0.0
pop_mtg_1077531__180s,pop_mtg_1077531,pop,discovery,180.0,path_acoustic_phase,phase_lifted_path_homology,89,,,0.40693441345288844,0.40693441345288844,1.0,0.375,0.41757655703798663,0.4474082014521194,14.0,0.37247812781915335,0.0,0.0
pop_mtg_1077531__180s,pop_mtg_1077531,pop,discovery,180.0,path_rhythm_phase,phase_lifted_path_homology,89,,,0.3795115483419843,0.3795115483419843,1.0,0.325,0.404612566663747,0.45029851026538587,12.0,0.3734002046345005,0.0,0.0
pop_mtg_1077531__300s,pop_mtg_1077531,pop,discovery,300.0,path_acoustic_phase,phase_lifted_path_homology,116,,,0.4540024918623902,0.4540024918623902,1.0,0.425,0.454261900456108,0.46015463135902657,14.0,0.17786902227163615,0.0,0.0
pop_mtg_1077531__300s,pop_mtg_1077531,pop,discovery,300.0,path_rhythm_phase,phase_lifted_path_homology,116,,,0.3357113601094243,0.3357113601094243,1.0,0.275,0.3408288516755908,0.41917391107025215,14.0,0.23798984279906366,0.0,0.0
pop_mtg_1082410__180s,pop_mtg_1082410,pop,discovery,180.0,path_acoustic_phase,phase_lifted_path_homology,89,,,0.5192595357717289,0.5192595357717289,1.0,0.47500000000000003,0.5229365624717419,0.5342372910319154,12.0,0.4859143784068838,0.0,0.0
pop_mtg_1082410__180s,pop_mtg_1082410,pop,discovery,180.0,path_rhythm_phase,phase_lifted_path_homology,89,,,0.3692304147394664,0.3692304147394664,1.0,0.325,0.37841661022987916,0.41204398959072946,16.0,0.22353189580874744,0.0,0.0
pop_mtg_1082410__300s,pop_mtg_1082410,pop,discovery,300.0,path_acoustic_phase,phase_lifted_path_homology,149,,,0.5460986950062036,0.5460986950062036,1.0,0.47500000000000003,0.5475261153785851,0.5599821632230745,12.0,0.48051128927547204,0.0,0.0
pop_mtg_1082410__300s,pop_mtg_1082410,pop,discovery,300.0,path_rhythm_phase,phase_lifted_path_homology,149,,,0.5540867875784494,0.5540867875784494,1.0,0.5249999999999999,0.5617092435278853,0.5839389432257198,16.0,0.3666757833148776,0.0,0.0
pop_mtg_1085694__180s,pop_mtg_1085694,pop,discovery,180.0,path_acoustic_phase,phase_lifted_path_homology,89,,,0.47679818068721286,0.47679818068721286,1.0,0.425,0.4818879937482482,0.5111701099301,22.0,0.6441864432552454,0.0,0.0
pop_mtg_1085694__180s,pop_mtg_1085694,pop,discovery,180.0,path_rhythm_phase,phase_lifted_path_homology,89,,,0.4220639485138777,0.4220639485138777,1.0,0.375,0.43975487296504223,0.47486421170875065,12.0,0.377872472186086,0.0,0.0
pop_mtg_1085694__300s,pop_mtg_1085694,pop,discovery,300.0,path_acoustic_phase,phase_lifted_path_homology,131,,,0.513779822469287,0.513779822469287,1.0,0.47500000000000003,0.5156874452837197,0.530468420421027,22.0,0.4341553032459693,0.0,0.0
pop_mtg_1085694__300s,pop_mtg_1085694,pop,discovery,300.0,path_rhythm_phase,phase_lifted_path_homology,131,,,0.5127757949339992,0.5127757949339992,1.0,0.47500000000000003,0.5157093564314784,0.5242962797371694,12.0,0.2836391283640539,0.0,0.0
pop_mtg_1088382__180s,pop_mtg_1088382,pop,discovery,180.0,path_acoustic_phase,phase_lifted_path_homology,89,,,0.36851765869694353,0.36851765869694353,1.0,0.325,0.3718809681999321,0.3941452254801101,18.0,0.1366755397598245,0.0,0.0
pop_mtg_1088382__180s,pop_mtg_1088382,pop,discovery,180.0,path_rhythm_phase,phase_lifted_path_homology,89,,,0.3891764919148813,0.3891764919148813,1.0,0.325,0.39021647496590256,0.39748862831101217,26.0,0.17032596317072257,0.0,0.0
pop_mtg_1088382__300s,pop_mtg_1088382,pop,discovery,300.0,path_acoustic_phase,phase_lifted_path_homology,107,,,0.37330743490818513,0.37330743490818513,1.0,0.325,0.37952459719343773,0.4061367271633747,26.0,0.08161211795484935,0.0,0.0
pop_mtg_1088382__300s,pop_mtg_1088382,pop,discovery,300.0,path_rhythm_phase,phase_lifted_path_homology,107,,,0.3586791194187853,0.3586791194187853,1.0,0.325,0.359908733377436,0.3803243194832357,24.0,0.09919495757573904,0.0,0.0
pop_mtg_1096364__180s,pop_mtg_1096364,pop,discovery,180.0,path_acoustic_phase,phase_lifted_path_homology,88,,,0.4459323346379952,0.4459323346379952,1.0,0.375,0.44807467872755535,0.4579117941151995,16.0,0.18491267958127722,0.0,0.0
pop_mtg_1096364__180s,pop_mtg_1096364,pop,discovery,180.0,path_rhythm_phase,phase_lifted_path_homology,88,,,0.3533435974837553,0.3533435974837553,1.0,0.325,0.35999242122093245,0.38007181094697823,20.0,0.07134451629150806,0.0,0.0
pop_mtg_1096364__300s,pop_mtg_1096364,pop,discovery,300.0,path_acoustic_phase,phase_lifted_path_homology,88,,,0.4459323346379952,0.4459323346379952,1.0,0.375,0.44807467872755535,0.4579117941151995,16.0,0.18491267958127722,0.0,0.0
pop_mtg_1096364__300s,pop_mtg_1096364,pop,discovery,300.0,path_rhythm_phase,phase_lifted_path_homology,88,,,0.3533435974837553,0.3533435974837553,1.0,0.325,0.35999242122093245,0.38007181094697823,20.0,0.07134451629150806,0.0,0.0
pop_mtg_1131043__180s,pop_mtg_1131043,pop,discovery,180.0,path_acoustic_phase,phase_lifted_path_homology,38,,,0.2977546743984728,0.2977546743984728,1.0,0.225,0.3105659150532484,0.3631895344895402,24.0,0.15378253868332736,0.0,0.0
pop_mtg_1131043__180s,pop_mtg_1131043,pop,discovery,180.0,path_rhythm_phase,phase_lifted_path_homology,38,,,0.5297529376052728,0.5297529376052728,1.0,0.47500000000000003,0.537348536664211,0.5548343499214625,12.0,0.2753288180145538,0.0,0.0
pop_mtg_1131043__300s,pop_mtg_1131043,pop,discovery,300.0,path_acoustic_phase,phase_lifted_path_homology,38,,,0.2977546743984728,0.2977546743984728,1.0,0.225,0.3105659150532484,0.3631895344895402,24.0,0.15378253868332736,0.0,0.0
pop_mtg_1131043__300s,pop_mtg_1131043,pop,discovery,300.0,path_rhythm_phase,phase_lifted_path_homology,38,,,0.5297529376052728,0.5297529376052728,1.0,0.47500000000000003,0.537348536664211,0.5548343499214625,12.0,0.2753288180145538,0.0,0.0
pop_mtg_1159259__180s,pop_mtg_1159259,pop,discovery,180.0,path_acoustic_phase,phase_lifted_path_homology,89,,,0.4582921618175317,0.4582921618175317,1.0,0.425,0.4602932253693824,0.47120761877393247,12.0,0.6490880550381775,0.0,0.0
pop_mtg_1159259__180s,pop_mtg_1159259,pop,discovery,180.0,path_rhythm_phase,phase_lifted_path_homology,89,,,0.3773965065371366,0.3773965065371366,1.0,0.325,0.3884696706063198,0.40985174406097274,12.0,0.4219587829109035,0.0,0.0
pop_mtg_1159259__300s,pop_mtg_1159259,pop,discovery,300.0,path_acoustic_phase,phase_lifted_path_homology,149,,,0.5420622792943757,0.5420622792943757,1.0,0.47500000000000003,0.5479287046750319,0.5613851879149611,12.0,0.7006757893757859,0.0,0.0
pop_mtg_1159259__300s,pop_mtg_1159259,pop,discovery,300.0,path_rhythm_phase,phase_lifted_path_homology,149,,,0.5109400021379709,0.5109400021379709,1.0,0.47500000000000003,0.5226917483810851,0.5486056011144284,12.0,0.5524545001372202,0.0,0.0
pop_mtg_1162037__180s,pop_mtg_1162037,pop,discovery,180.0,path_acoustic_phase,phase_lifted_path_homology,89,,,0.37268149752638935,0.37268149752638935,1.0,0.325,0.37386123331560406,0.3881265762277563,48.0,0.13094844184553955,0.0,0.0
pop_mtg_1162037__180s,pop_mtg_1162037,pop,discovery,180.0,path_rhythm_phase,phase_lifted_path_homology,89,,,0.38690595208237405,0.38690595208237405,1.0,0.325,0.3912383980515707,0.4204931990915209,36.0,0.3144321411208888,0.0,0.0
pop_mtg_1162037__300s,pop_mtg_1162037,pop,discovery,300.0,path_acoustic_phase,phase_lifted_path_homology,149,,,0.36367977319228584,0.36367977319228584,1.0,0.325,0.3709629095212863,0.39068540262244555,12.0,0.09373376953935053,0.0,0.0
pop_mtg_1162037__300s,pop_mtg_1162037,pop,discovery,300.0,path_rhythm_phase,phase_lifted_path_homology,149,,,0.39836861535936696,0.39836861535936696,1.0,0.325,0.40552580657598924,0.4188949040373175,48.0,0.2323923348054382,0.0,0.0
pop_mtg_1163205__180s,pop_mtg_1163205,pop,discovery,180.0,path_acoustic_phase,phase_lifted_path_homology,89,,,0.3078602784625103,0.3078602784625103,1.0,0.275,0.35474959890958313,0.4333027892580715,34.0,0.20946715432991736,0.0,0.0
pop_mtg_1163205__180s,pop_mtg_1163205,pop,discovery,180.0,path_rhythm_phase,phase_lifted_path_homology,89,,,0.435720893513209,0.435720893513209,1.0,0.375,0.445331520870766,0.47517185499327136,12.0,0.1297525151011556,0.0,0.0
pop_mtg_1163205__300s,pop_mtg_1163205,pop,discovery,300.0,path_acoustic_phase,phase_lifted_path_homology,89,,,0.3078602784625103,0.3078602784625103,1.0,0.275,0.35474959890958313,0.4333027892580715,34.0,0.20946715432991736,0.0,0.0
pop_mtg_1163205__300s,pop_mtg_1163205,pop,discovery,300.0,path_rhythm_phase,phase_lifted_path_homology,89,,,0.435720893513209,0.435720893513209,1.0,0.375,0.445331520870766,0.47517185499327136,12.0,0.1297525151011556,0.0,0.0
pop_mtg_1165447__180s,pop_mtg_1165447,pop,discovery,180.0,path_acoustic_phase,phase_lifted_path_homology,89,,,0.30462314926567935,0.30462314926567935,1.0,0.275,0.3228074455061189,0.38999306530403177,22.0,0.2025369462361133,0.0,0.0
pop_mtg_1165447__180s,pop_mtg_1165447,pop,discovery,180.0,path_rhythm_phase,phase_lifted_path_homology,89,,,0.3302807141991271,0.3302807141991271,1.0,0.275,0.34143552699653007,0.41375452805473106,18.0,0.3289360701456938,0.0,0.0
pop_mtg_1165447__300s,pop_mtg_1165447,pop,discovery,300.0,path_acoustic_phase,phase_lifted_path_homology,127,,,0.3924699805278788,0.3924699805278788,1.0,0.325,0.4002263207076709,0.44604459583551503,22.0,0.2240316859662732,0.0,0.0
pop_mtg_1165447__300s,pop_mtg_1165447,pop,discovery,300.0,path_rhythm_phase,phase_lifted_path_homology,127,,,0.4335095485893729,0.4335095485893729,1.0,0.375,0.44184935524552504,0.489198465162021,18.0,0.3024886790164989,0.0,0.0
pop_mtg_1217299__180s,pop_mtg_1217299,pop,discovery,180.0,path_acoustic_phase,phase_lifted_path_homology,85,,,0.40493475974004906,0.40493475974004906,1.0,0.375,0.40759042449513805,0.4258361347875663,12.0,0.27015676553670676,0.0,0.0
pop_mtg_1217299__180s,pop_mtg_1217299,pop,discovery,180.0,path_rhythm_phase,phase_lifted_path_homology,85,,,0.3422744571357991,0.3422744571357991,1.0,0.275,0.3513189634892482,0.378623103204389,12.0,0.18851855286741104,0.0,0.0
pop_mtg_1217299__300s,pop_mtg_1217299,pop,discovery,300.0,path_acoustic_phase,phase_lifted_path_homology,85,,,0.40493475974004906,0.40493475974004906,1.0,0.375,0.40759042449513805,0.4258361347875663,12.0,0.27015676553670676,0.0,0.0
pop_mtg_1217299__300s,pop_mtg_1217299,pop,discovery,300.0,path_rhythm_phase,phase_lifted_path_homology,85,,,0.3422744571357991,0.3422744571357991,1.0,0.275,0.3513189634892482,0.378623103204389,12.0,0.18851855286741104,0.0,0.0
pop_mtg_1228625__180s,pop_mtg_1228625,pop,discovery,180.0,path_acoustic_phase,phase_lifted_path_homology,65,,,0.46871249804853415,0.46871249804853415,1.0,0.425,0.468954408783347,0.4780625700376418,12.0,0.4706717892075366,0.0,0.0
pop_mtg_1228625__180s,pop_mtg_1228625,pop,discovery,180.0,path_rhythm_phase,phase_lifted_path_homology,65,,,0.3944487868548051,0.3944487868548051,1.0,0.325,0.3967055389531531,0.4261136040697098,12.0,0.18540260069219527,0.0,0.0
pop_mtg_1228625__300s,pop_mtg_1228625,pop,discovery,300.0,path_acoustic_phase,phase_lifted_path_homology,65,,,0.46871249804853415,0.46871249804853415,1.0,0.425,0.468954408783347,0.4780625700376418,12.0,0.4706717892075366,0.0,0.0
pop_mtg_1228625__300s,pop_mtg_1228625,pop,discovery,300.0,path_rhythm_phase,phase_lifted_path_homology,65,,,0.3944487868548051,0.3944487868548051,1.0,0.325,0.3967055389531531,0.4261136040697098,12.0,0.18540260069219527,0.0,0.0
pop_mtg_1241779__180s,pop_mtg_1241779,pop,discovery,180.0,path_acoustic_phase,phase_lifted_path_homology,89,,,0.3812966341466572,0.3812966341466572,1.0,0.325,0.3858157556750236,0.40889191857302104,12.0,0.20404416480602006,0.0,0.0
pop_mtg_1241779__180s,pop_mtg_1241779,pop,discovery,180.0,path_rhythm_phase,phase_lifted_path_homology,89,,,0.3507193879599745,0.3507193879599745,1.0,0.325,0.3572689462869311,0.39689509054457267,54.0,0.3250110597701876,0.0,0.0
pop_mtg_1241779__300s,pop_mtg_1241779,pop,discovery,300.0,path_acoustic_phase,phase_lifted_path_homology,129,,,0.3541147188111394,0.3541147188111394,1.0,0.325,0.3619827116798011,0.44796409543753285,60.0,0.24533291592414097,0.0,0.0
pop_mtg_1241779__300s,pop_mtg_1241779,pop,discovery,300.0,path_rhythm_phase,phase_lifted_path_homology,129,,,0.47634242719539005,0.47634242719539005,1.0,0.425,0.4783703931846345,0.5306394066471262,60.0,0.341857815560989,0.0,0.0
pop_mtg_1241780__180s,pop_mtg_1241780,pop,discovery,180.0,path_acoustic_phase,phase_lifted_path_homology,89,,,0.3275570045414947,0.3275570045414947,1.0,0.275,0.33936948968442165,0.3665421623476013,56.0,0.13664323997393324,0.0,0.0
pop_mtg_1241780__180s,pop_mtg_1241780,pop,discovery,180.0,path_rhythm_phase,phase_lifted_path_homology,89,,,0.31921516242956743,0.31921516242956743,1.0,0.275,0.33214836279598003,0.38843961025223633,20.0,0.2614765168489632,0.0,0.0
pop_mtg_1241780__300s,pop_mtg_1241780,pop,discovery,300.0,path_acoustic_phase,phase_lifted_path_homology,100,,,0.370238994817851,0.370238994817851,1.0,0.325,0.39048730365755024,0.4417133547080532,62.0,0.3128057289600662,0.0,0.0
pop_mtg_1241780__300s,pop_mtg_1241780,pop,discovery,300.0,path_rhythm_phase,phase_lifted_path_homology,100,,,0.40294869422899937,0.40294869422899937,1.0,0.375,0.42292318347589886,0.4744162260384188,60.0,0.3767961822888959,0.0,0.0
pop_mtg_1265930__180s,pop_mtg_1265930,pop,discovery,180.0,path_acoustic_phase,phase_lifted_path_homology,30,,,0.25944055421841766,0.25944055421841766,1.0,0.225,0.2725816691299097,0.3363947427594192,14.0,0.08338341350615086,0.0,0.0
pop_mtg_1265930__180s,pop_mtg_1265930,pop,discovery,180.0,path_rhythm_phase,phase_lifted_path_homology,30,,,0.34498824549941864,0.34498824549941864,1.0,0.275,0.36343852284511413,0.47003567001655266,12.0,0.19474292715768593,0.0,0.0
pop_mtg_1265930__300s,pop_mtg_1265930,pop,discovery,300.0,path_acoustic_phase,phase_lifted_path_homology,30,,,0.25944055421841766,0.25944055421841766,1.0,0.225,0.2725816691299097,0.3363947427594192,14.0,0.08338341350615086,0.0,0.0
pop_mtg_1265930__300s,pop_mtg_1265930,pop,discovery,300.0,path_rhythm_phase,phase_lifted_path_homology,30,,,0.34498824549941864,0.34498824549941864,1.0,0.275,0.36343852284511413,0.47003567001655266,12.0,0.19474292715768593,0.0,0.0
pop_mtg_1265931__180s,pop_mtg_1265931,pop,discovery,180.0,path_acoustic_phase,phase_lifted_path_homology,33,,,0.3880060725461723,0.3880060725461723,1.0,0.325,0.40533338599407875,0.44321976773224286,12.0,0.18973169556719216,0.0,0.0
pop_mtg_1265931__180s,pop_mtg_1265931,pop,discovery,180.0,path_rhythm_phase,phase_lifted_path_homology,33,,,0.35190991674255856,0.35190991674255856,1.0,0.325,0.35238390442948,0.3934568374399066,14.0,0.08549550661615324,0.0,0.0
pop_mtg_1265931__300s,pop_mtg_1265931,pop,discovery,300.0,path_acoustic_phase,phase_lifted_path_homology,33,,,0.3880060725461723,0.3880060725461723,1.0,0.325,0.40533338599407875,0.44321976773224286,12.0,0.18973169556719216,0.0,0.0
pop_mtg_1265931__300s,pop_mtg_1265931,pop,discovery,300.0,path_rhythm_phase,phase_lifted_path_homology,33,,,0.35190991674255856,0.35190991674255856,1.0,0.325,0.35238390442948,0.3934568374399066,14.0,0.08549550661615324,0.0,0.0
pop_mtg_1266500__180s,pop_mtg_1266500,pop,discovery,180.0,path_acoustic_phase,phase_lifted_path_homology,35,,,0.34917513294798797,0.34917513294798797,1.0,0.275,0.3634885736352109,0.3905454901497587,12.0,0.05676774190974543,0.0,0.0
pop_mtg_1266500__180s,pop_mtg_1266500,pop,discovery,180.0,path_rhythm_phase,phase_lifted_path_homology,35,,,0.5659333688379996,0.5659333688379996,1.0,0.5249999999999999,0.579578360086128,0.6291820125480502,16.0,0.07045989020594079,0.0,0.0
pop_mtg_1266500__300s,pop_mtg_1266500,pop,discovery,300.0,path_acoustic_phase,phase_lifted_path_homology,35,,,0.34917513294798797,0.34917513294798797,1.0,0.275,0.3634885736352109,0.3905454901497587,12.0,0.05676774190974543,0.0,0.0
pop_mtg_1266500__300s,pop_mtg_1266500,pop,discovery,300.0,path_rhythm_phase,phase_lifted_path_homology,35,,,0.5659333688379996,0.5659333688379996,1.0,0.5249999999999999,0.579578360086128,0.6291820125480502,16.0,0.07045989020594079,0.0,0.0
pop_mtg_1294200__180s,pop_mtg_1294200,pop,discovery,180.0,path_acoustic_phase,phase_lifted_path_homology,89,,,0.4134283454030861,0.4134283454030861,1.0,0.375,0.42200964764821813,0.44443812020240664,12.0,0.39241942514775097,0.0,0.0
pop_mtg_1294200__180s,pop_mtg_1294200,pop,discovery,180.0,path_rhythm_phase,phase_lifted_path_homology,89,,,0.3464206946244312,0.3464206946244312,1.0,0.275,0.35663468980233526,0.378442994554955,14.0,0.15243821690814263,0.0,0.0
pop_mtg_1294200__300s,pop_mtg_1294200,pop,discovery,300.0,path_acoustic_phase,phase_lifted_path_homology,93,,,0.4098628443554574,0.4098628443554574,1.0,0.375,0.42017497358373257,0.44427638107163764,12.0,0.31429517442403165,0.0,0.0
pop_mtg_1294200__300s,pop_mtg_1294200,pop,discovery,300.0,path_rhythm_phase,phase_lifted_path_homology,93,,,0.3385385130072625,0.3385385130072625,1.0,0.275,0.3398706042637867,0.36840648667248427,22.0,0.191893136931097,0.0,0.0
pop_mtg_1294201__180s,pop_mtg_1294201,pop,discovery,180.0,path_acoustic_phase,phase_lifted_path_homology,89,,,0.24166592243652665,0.24166592243652665,1.0,0.175,0.2611554226274079,0.39126047228658817,52.0,0.13852694398389753,0.0,0.0
pop_mtg_1294201__180s,pop_mtg_1294201,pop,discovery,180.0,path_rhythm_phase,phase_lifted_path_homology,89,,,0.17626374736116807,0.17626374736116807,1.0,0.125,0.2339695758706915,0.3525401596537577,56.0,0.05737480863599009,0.0,0.0
pop_mtg_1294201__300s,pop_mtg_1294201,pop,discovery,300.0,path_acoustic_phase,phase_lifted_path_homology,89,,,0.2394116391869018,0.2394116391869018,1.0,0.175,0.258885396669723,0.3889382075462939,52.0,0.09834034441077866,0.0,0.0
pop_mtg_1294201__300s,pop_mtg_1294201,pop,discovery,300.0,path_rhythm_phase,phase_lifted_path_homology,89,,,0.2752714361785021,0.2752714361785021,1.0,0.225,0.28719854570230197,0.35081125134592717,40.0,0.05062566813705238,0.0,0.0
pop_mtg_1299815__180s,pop_mtg_1299815,pop,discovery,180.0,path_acoustic_phase,phase_lifted_path_homology,74,,,0.4635679491134314,0.4635679491134314,1.0,0.425,0.4635810923262592,0.4656107489705978,18.0,0.2314662535321106,0.0,0.0
pop_mtg_1299815__180s,pop_mtg_1299815,pop,discovery,180.0,path_rhythm_phase,phase_lifted_path_homology,74,,,0.3522083434100014,0.3522083434100014,1.0,0.325,0.36756004245386276,0.3978803777504845,12.0,0.19274118094143655,0.0,0.0
pop_mtg_1299815__300s,pop_mtg_1299815,pop,discovery,300.0,path_acoustic_phase,phase_lifted_path_homology,74,,,0.4635679491134314,0.4635679491134314,1.0,0.425,0.4635810923262592,0.4656107489705978,18.0,0.2314662535321106,0.0,0.0
pop_mtg_1299815__300s,pop_mtg_1299815,pop,discovery,300.0,path_rhythm_phase,phase_lifted_path_homology,74,,,0.3522083434100014,0.3522083434100014,1.0,0.325,0.36756004245386276,0.3978803777504845,12.0,0.19274118094143655,0.0,0.0
pop_mtg_1301092__180s,pop_mtg_1301092,pop,discovery,180.0,path_acoustic_phase,phase_lifted_path_homology,89,,,0.4642059338299273,0.4642059338299273,1.0,0.425,0.46584742090247677,0.4725928550469172,12.0,0.4376391926337547,0.0,0.0
pop_mtg_1301092__180s,pop_mtg_1301092,pop,discovery,180.0,path_rhythm_phase,phase_lifted_path_homology,89,,,0.46404256034869135,0.46404256034869135,1.0,0.425,0.46565496064433703,0.4803380343397882,16.0,0.3363491287111825,0.0,0.0
pop_mtg_1301092__300s,pop_mtg_1301092,pop,discovery,300.0,path_acoustic_phase,phase_lifted_path_homology,149,,,0.5199151899652577,0.5199151899652577,1.0,0.47500000000000003,0.5256782349191451,0.5372535152424444,16.0,0.5161043459987391,0.0,0.0
pop_mtg_1301092__300s,pop_mtg_1301092,pop,discovery,300.0,path_rhythm_phase,phase_lifted_path_homology,149,,,0.4294032167620977,0.4294032167620977,1.0,0.375,0.43853912529367656,0.483031448117409,16.0,0.3246097034179889,0.0,0.0
pop_mtg_1327180__180s,pop_mtg_1327180,pop,discovery,180.0,path_acoustic_phase,phase_lifted_path_homology,89,,,0.4278635679360346,0.4278635679360346,1.0,0.375,0.4401897587984093,0.46255465782002986,12.0,0.19663603217887937,0.0,0.0
pop_mtg_1327180__180s,pop_mtg_1327180,pop,discovery,180.0,path_rhythm_phase,phase_lifted_path_homology,89,,,0.4312749615838865,0.4312749615838865,1.0,0.375,0.4401581793961735,0.46512055392129903,12.0,0.2169048969749965,0.0,0.0
pop_mtg_1327180__300s,pop_mtg_1327180,pop,discovery,300.0,path_acoustic_phase,phase_lifted_path_homology,104,,,0.45806733447484504,0.45806733447484504,1.0,0.425,0.4601585916144143,0.47242495598498996,12.0,0.2067722191642174,0.0,0.0
pop_mtg_1327180__300s,pop_mtg_1327180,pop,discovery,300.0,path_rhythm_phase,phase_lifted_path_homology,104,,,0.5236380517472806,0.5236380517472806,1.0,0.47500000000000003,0.5261018818467449,0.5349970796248804,12.0,0.31086452583908275,0.0,0.0
pop_mtg_1353322__180s,pop_mtg_1353322,pop,discovery,180.0,path_acoustic_phase,phase_lifted_path_homology,89,,,0.24345153372291675,0.24345153372291675,1.0,0.175,0.25427500541759873,0.3191350693987233,32.0,0.21514272649962773,0.0,0.0
pop_mtg_1353322__180s,pop_mtg_1353322,pop,discovery,180.0,path_rhythm_phase,phase_lifted_path_homology,89,,,0.24032369970549602,0.24032369970549602,1.0,0.175,0.25195995083089884,0.34060703850147717,42.0,0.13499936102648025,0.0,0.0
pop_mtg_1353322__300s,pop_mtg_1353322,pop,discovery,300.0,path_acoustic_phase,phase_lifted_path_homology,138,,,0.39411006261499465,0.39411006261499465,1.0,0.325,0.4130618304151913,0.44597583213699443,62.0,0.4763088838670092,0.0,0.0
pop_mtg_1353322__300s,pop_mtg_1353322,pop,discovery,300.0,path_rhythm_phase,phase_lifted_path_homology,138,,,0.361196344582031,0.361196344582031,1.0,0.325,0.38622405851431474,0.43436717340989256,62.0,0.28514493376944583,0.0,0.0
pop_mtg_1405916__180s,pop_mtg_1405916,pop,discovery,180.0,path_acoustic_phase,phase_lifted_path_homology,58,,,0.44921390977882697,0.44921390977882697,1.0,0.375,0.4583729153992224,0.5276811054579038,34.0,0.7146114485429761,0.0,0.0
pop_mtg_1405916__180s,pop_mtg_1405916,pop,discovery,180.0,path_rhythm_phase,phase_lifted_path_homology,58,,,0.40784000537521126,0.40784000537521126,1.0,0.375,0.407852066227002,0.42491620466809876,12.0,0.12328639429480837,0.0,0.0
pop_mtg_1405916__300s,pop_mtg_1405916,pop,discovery,300.0,path_acoustic_phase,phase_lifted_path_homology,58,,,0.44921390977882697,0.44921390977882697,1.0,0.375,0.4583729153992224,0.5276811054579038,34.0,0.7146114485429761,0.0,0.0
pop_mtg_1405916__300s,pop_mtg_1405916,pop,discovery,300.0,path_rhythm_phase,phase_lifted_path_homology,58,,,0.40784000537521126,0.40784000537521126,1.0,0.375,0.407852066227002,0.42491620466809876,12.0,0.12328639429480837,0.0,0.0
pop_mtg_1410157__180s,pop_mtg_1410157,pop,discovery,180.0,path_acoustic_phase,phase_lifted_path_homology,89,,,0.4194071911166292,0.4194071911166292,1.0,0.375,0.4227715275953806,0.43348588092692936,12.0,0.16068691642557598,0.0,0.0
pop_mtg_1410157__180s,pop_mtg_1410157,pop,discovery,180.0,path_rhythm_phase,phase_lifted_path_homology,89,,,0.48554334122695614,0.48554334122695614,1.0,0.425,0.4883246138779828,0.5185856209436096,12.0,0.5012960675110438,0.0,0.0
pop_mtg_1410157__300s,pop_mtg_1410157,pop,discovery,300.0,path_acoustic_phase,phase_lifted_path_homology,149,,,0.4445202286045721,0.4445202286045721,1.0,0.375,0.4461554654840675,0.4539205331678035,12.0,0.20349287288450113,0.0,0.0
pop_mtg_1410157__300s,pop_mtg_1410157,pop,discovery,300.0,path_rhythm_phase,phase_lifted_path_homology,149,,,0.5244824720938808,0.5244824720938808,1.0,0.47500000000000003,0.5246259522231019,0.5386758946694201,12.0,0.4017844191184282,0.0,0.0
pop_mtg_1416335__180s,pop_mtg_1416335,pop,discovery,180.0,path_acoustic_phase,phase_lifted_path_homology,80,,,0.4946828094951882,0.4946828094951882,1.0,0.425,0.5089496612583158,0.5344535731370919,18.0,0.37450607422599913,0.0,0.0
pop_mtg_1416335__180s,pop_mtg_1416335,pop,discovery,180.0,path_rhythm_phase,phase_lifted_path_homology,80,,,0.4037577563814394,0.4037577563814394,1.0,0.375,0.4214960447276117,0.45599427146660415,12.0,0.23967045224703276,0.0,0.0
pop_mtg_1416335__300s,pop_mtg_1416335,pop,discovery,300.0,path_acoustic_phase,phase_lifted_path_homology,80,,,0.4946828094951882,0.4946828094951882,1.0,0.425,0.5089496612583158,0.5344535731370919,18.0,0.37450607422599913,0.0,0.0
pop_mtg_1416335__300s,pop_mtg_1416335,pop,discovery,300.0,path_rhythm_phase,phase_lifted_path_homology,80,,,0.4037577563814394,0.4037577563814394,1.0,0.375,0.4214960447276117,0.45599427146660415,12.0,0.23967045224703276,0.0,0.0
focus_brainfm_c9a413ed1575__180s,focus_brainfm_c9a413ed1575,focus,holdout,180.0,path_acoustic_phase,phase_lifted_path_homology,89,,,0.39375245613739734,0.39375245613739734,1.0,0.325,0.3969264900756783,0.42472688793502567,54.0,0.18339064682528794,0.0,0.0
focus_brainfm_c9a413ed1575__180s,focus_brainfm_c9a413ed1575,focus,holdout,180.0,path_rhythm_phase,phase_lifted_path_homology,89,,,0.39925312050815365,0.39925312050815365,1.0,0.325,0.4116955045731694,0.46276431503458304,18.0,0.33974022706279616,0.0,0.0
focus_brainfm_c9a413ed1575__300s,focus_brainfm_c9a413ed1575,focus,holdout,300.0,path_acoustic_phase,phase_lifted_path_homology,149,,,0.37971921718623947,0.37971921718623947,1.0,0.325,0.3807351330536502,0.4098262700759813,54.0,0.17678596781305278,0.0,0.0
focus_brainfm_c9a413ed1575__300s,focus_brainfm_c9a413ed1575,focus,holdout,300.0,path_rhythm_phase,phase_lifted_path_homology,149,,,0.3889912438057017,0.3889912438057017,1.0,0.325,0.40888603103695453,0.46414900061203085,18.0,0.293235331847693,0.0,0.0
focus_brainfm_d121438efa42__180s,focus_brainfm_d121438efa42,focus,holdout,180.0,path_acoustic_phase,phase_lifted_path_homology,89,,,0.5220622676570229,0.5220622676570229,1.0,0.47500000000000003,0.5258976541576339,0.5412142731747541,12.0,0.6381659313010655,0.0,0.0
focus_brainfm_d121438efa42__180s,focus_brainfm_d121438efa42,focus,holdout,180.0,path_rhythm_phase,phase_lifted_path_homology,89,,,0.38159975370321547,0.38159975370321547,1.0,0.325,0.396434563959875,0.4371682954603798,16.0,0.3652721443538728,0.0,0.0
focus_brainfm_d121438efa42__300s,focus_brainfm_d121438efa42,focus,holdout,300.0,path_acoustic_phase,phase_lifted_path_homology,149,,,0.5141189781139452,0.5141189781139452,1.0,0.47500000000000003,0.5194829709590079,0.5319451623103992,12.0,0.49266000791672515,0.0,0.0
focus_brainfm_d121438efa42__300s,focus_brainfm_d121438efa42,focus,holdout,300.0,path_rhythm_phase,phase_lifted_path_homology,149,,,0.4015290985941718,0.4015290985941718,1.0,0.375,0.4024878909707508,0.4229565616625159,16.0,0.2773381381298704,0.0,0.0
focus_brainfm_d2ceb7855747__180s,focus_brainfm_d2ceb7855747,focus,holdout,180.0,path_acoustic_phase,phase_lifted_path_homology,89,,,0.3124855162165346,0.3124855162165346,1.0,0.275,0.3252388032851905,0.413986129654314,22.0,0.22481611074861907,0.0,0.0
focus_brainfm_d2ceb7855747__180s,focus_brainfm_d2ceb7855747,focus,holdout,180.0,path_rhythm_phase,phase_lifted_path_homology,89,,,0.3698361659125608,0.3698361659125608,1.0,0.325,0.3746294956290782,0.4060255919555839,30.0,0.2690296786063058,0.0,0.0
focus_brainfm_d2ceb7855747__300s,focus_brainfm_d2ceb7855747,focus,holdout,300.0,path_acoustic_phase,phase_lifted_path_homology,149,,,0.3635980757359098,0.3635980757359098,1.0,0.325,0.3679741989411228,0.4395071368149088,22.0,0.28968305530315364,0.0,0.0
focus_brainfm_d2ceb7855747__300s,focus_brainfm_d2ceb7855747,focus,holdout,300.0,path_rhythm_phase,phase_lifted_path_homology,149,,,0.3587413468233585,0.3587413468233585,1.0,0.325,0.3741676060141025,0.4240283640211009,30.0,0.28207143781144706,0.0,0.0
focus_brainfm_dd9159b26aeb__180s,focus_brainfm_dd9159b26aeb,focus,holdout,180.0,path_acoustic_phase,phase_lifted_path_homology,89,,,0.3150220114096302,0.3150220114096302,1.0,0.275,0.3628727811444872,0.4829642063618014,22.0,0.5320331118348834,0.0,0.0
focus_brainfm_dd9159b26aeb__180s,focus_brainfm_dd9159b26aeb,focus,holdout,180.0,path_rhythm_phase,phase_lifted_path_homology,89,,,0.3858228510014013,0.3858228510014013,1.0,0.325,0.3974719958430415,0.4319240860961242,20.0,0.3075545814094226,0.0,0.0
focus_brainfm_dd9159b26aeb__300s,focus_brainfm_dd9159b26aeb,focus,holdout,300.0,path_acoustic_phase,phase_lifted_path_homology,149,,,0.32363578188425596,0.32363578188425596,1.0,0.275,0.3693979527645902,0.47981988928444813,22.0,0.5431235325859691,0.0,0.0
focus_brainfm_dd9159b26aeb__300s,focus_brainfm_dd9159b26aeb,focus,holdout,300.0,path_rhythm_phase,phase_lifted_path_homology,149,,,0.3130124849244093,0.3130124849244093,1.0,0.275,0.32100217090896016,0.3793381899481118,60.0,0.14411786502229473,0.0,0.0
focus_brainfm_e17bcbfcd7d3__180s,focus_brainfm_e17bcbfcd7d3,focus,holdout,180.0,path_acoustic_phase,phase_lifted_path_homology,89,,,0.3248845024818522,0.3248845024818522,1.0,0.275,0.33046298261737844,0.381609197589967,30.0,0.2229155826199396,0.0,0.0
focus_brainfm_e17bcbfcd7d3__180s,focus_brainfm_e17bcbfcd7d3,focus,holdout,180.0,path_rhythm_phase,phase_lifted_path_homology,89,,,0.3391183574186761,0.3391183574186761,1.0,0.275,0.34264264374145625,0.36596974191522275,32.0,0.11056992167371416,0.0,0.0
focus_brainfm_e17bcbfcd7d3__300s,focus_brainfm_e17bcbfcd7d3,focus,holdout,300.0,path_acoustic_phase,phase_lifted_path_homology,135,,,0.34347254551406675,0.34347254551406675,1.0,0.275,0.35244838013159785,0.3898368623032004,30.0,0.1551034933860187,0.0,0.0
focus_brainfm_e17bcbfcd7d3__300s,focus_brainfm_e17bcbfcd7d3,focus,holdout,300.0,path_rhythm_phase,phase_lifted_path_homology,135,,,0.3451081269985063,0.3451081269985063,1.0,0.275,0.34911480858419763,0.35871735761096213,60.0,0.11514465194881596,0.0,0.0
focus_brainfm_e2315765a0f5__180s,focus_brainfm_e2315765a0f5,focus,holdout,180.0,path_acoustic_phase,phase_lifted_path_homology,89,,,0.45299230633834725,0.45299230633834725,1.0,0.425,0.45555827790112624,0.4647091480827749,12.0,0.28176575372265655,0.0,0.0
focus_brainfm_e2315765a0f5__180s,focus_brainfm_e2315765a0f5,focus,holdout,180.0,path_rhythm_phase,phase_lifted_path_homology,89,,,0.4202147953746814,0.4202147953746814,1.0,0.375,0.4224257529237479,0.45243913734575975,20.0,0.31616135572920534,0.0,0.0
focus_brainfm_e2315765a0f5__300s,focus_brainfm_e2315765a0f5,focus,holdout,300.0,path_acoustic_phase,phase_lifted_path_homology,149,,,0.48164107369333325,0.48164107369333325,1.0,0.425,0.48171638187007715,0.48385137120068705,12.0,0.2768452502243869,0.0,0.0
focus_brainfm_e2315765a0f5__300s,focus_brainfm_e2315765a0f5,focus,holdout,300.0,path_rhythm_phase,phase_lifted_path_homology,149,,,0.503602368912315,0.503602368912315,1.0,0.47500000000000003,0.5058364744230358,0.5181656613139037,20.0,0.3616072187753314,0.0,0.0
focus_brainfm_e2e2d42488d6__180s,focus_brainfm_e2e2d42488d6,focus,holdout,180.0,path_acoustic_phase,phase_lifted_path_homology,89,,,0.45366128734398464,0.45366128734398464,1.0,0.425,0.458865270790336,0.47805908281854714,16.0,0.38876355017823716,0.0,0.0
focus_brainfm_e2e2d42488d6__180s,focus_brainfm_e2e2d42488d6,focus,holdout,180.0,path_rhythm_phase,phase_lifted_path_homology,89,,,0.4589794032611053,0.4589794032611053,1.0,0.425,0.4593356231659479,0.4632840960985058,16.0,0.39320736422935454,0.0,0.0
focus_brainfm_e2e2d42488d6__300s,focus_brainfm_e2e2d42488d6,focus,holdout,300.0,path_acoustic_phase,phase_lifted_path_homology,149,,,0.4912787354069367,0.4912787354069367,1.0,0.425,0.49377336514739845,0.5068769469994141,16.0,0.4274592367260154,0.0,0.0
focus_brainfm_e2e2d42488d6__300s,focus_brainfm_e2e2d42488d6,focus,holdout,300.0,path_rhythm_phase,phase_lifted_path_homology,149,,,0.4583957222032891,0.4583957222032891,1.0,0.425,0.4636721937989531,0.4727418710991042,16.0,0.39844164698140594,0.0,0.0
focus_brainfm_e42f63213747__180s,focus_brainfm_e42f63213747,focus,holdout,180.0,path_acoustic_phase,phase_lifted_path_homology,89,,,0.44970572004752746,0.44970572004752746,1.0,0.375,0.4501257014915172,0.4509678046832259,12.0,0.3109143049522203,0.0,0.0
focus_brainfm_e42f63213747__180s,focus_brainfm_e42f63213747,focus,holdout,180.0,path_rhythm_phase,phase_lifted_path_homology,89,,,0.3747614318446657,0.3747614318446657,1.0,0.325,0.38538825904103785,0.4113101068585749,12.0,0.23067945817232327,0.0,0.0
focus_brainfm_e42f63213747__300s,focus_brainfm_e42f63213747,focus,holdout,300.0,path_acoustic_phase,phase_lifted_path_homology,149,,,0.43505412009628175,0.43505412009628175,1.0,0.375,0.4368688781747937,0.4419592213164403,12.0,0.24228013330049514,0.0,0.0
focus_brainfm_e42f63213747__300s,focus_brainfm_e42f63213747,focus,holdout,300.0,path_rhythm_phase,phase_lifted_path_homology,149,,,0.41756299614643,0.41756299614643,1.0,0.375,0.4205094120041483,0.433277240832139,12.0,0.2826756807374944,0.0,0.0
focus_brainfm_e4622f3ea744__180s,focus_brainfm_e4622f3ea744,focus,holdout,180.0,path_acoustic_phase,phase_lifted_path_homology,89,,,0.4280498463952124,0.4280498463952124,1.0,0.375,0.42927474564625023,0.47117829709962233,18.0,0.32672034484270784,0.0,0.0
focus_brainfm_e4622f3ea744__180s,focus_brainfm_e4622f3ea744,focus,holdout,180.0,path_rhythm_phase,phase_lifted_path_homology,89,,,0.4171162318381815,0.4171162318381815,1.0,0.375,0.419223081674447,0.4610327480333609,18.0,0.30537223648345024,0.0,0.0
focus_brainfm_e4622f3ea744__300s,focus_brainfm_e4622f3ea744,focus,holdout,300.0,path_acoustic_phase,phase_lifted_path_homology,149,,,0.44843401272955763,0.44843401272955763,1.0,0.375,0.45002984958889536,0.4573759747791351,20.0,0.20355691144972154,0.0,0.0
focus_brainfm_e4622f3ea744__300s,focus_brainfm_e4622f3ea744,focus,holdout,300.0,path_rhythm_phase,phase_lifted_path_homology,149,,,0.42552103137253755,0.42552103137253755,1.0,0.375,0.4313672919916626,0.4491832785035188,14.0,0.3286779021487545,0.0,0.0
focus_brainfm_e5b8cfe7e619__180s,focus_brainfm_e5b8cfe7e619,focus,holdout,180.0,path_acoustic_phase,phase_lifted_path_homology,89,,,0.5031759848026519,0.5031759848026519,1.0,0.47500000000000003,0.503972363687297,0.5151296259869318,12.0,0.6419836070690804,0.0,0.0
focus_brainfm_e5b8cfe7e619__180s,focus_brainfm_e5b8cfe7e619,focus,holdout,180.0,path_rhythm_phase,phase_lifted_path_homology,89,,,0.5431786357196071,0.5431786357196071,1.0,0.47500000000000003,0.5556867648243918,0.5819021698247936,12.0,0.7351282740527227,0.0,0.0
focus_brainfm_e5b8cfe7e619__300s,focus_brainfm_e5b8cfe7e619,focus,holdout,300.0,path_acoustic_phase,phase_lifted_path_homology,149,,,0.4861665051029059,0.4861665051029059,1.0,0.425,0.49487473017532035,0.5242519627780151,12.0,0.4007233746168246,0.0,0.0
focus_brainfm_e5b8cfe7e619__300s,focus_brainfm_e5b8cfe7e619,focus,holdout,300.0,path_rhythm_phase,phase_lifted_path_homology,149,,,0.4868479908820806,0.4868479908820806,1.0,0.425,0.5080436817809941,0.5559265662788706,12.0,0.6426846577431533,0.0,0.0
focus_brainfm_e79955c7017e__180s,focus_brainfm_e79955c7017e,focus,holdout,180.0,path_acoustic_phase,phase_lifted_path_homology,89,,,0.31215373483349,0.31215373483349,1.0,0.275,0.31887503662831634,0.35764583389583565,40.0,0.07071255313114633,0.0,0.0
focus_brainfm_e79955c7017e__180s,focus_brainfm_e79955c7017e,focus,holdout,180.0,path_rhythm_phase,phase_lifted_path_homology,89,,,0.35352998211721876,0.35352998211721876,1.0,0.325,0.3549932543757721,0.36843766499811575,12.0,0.12196947013823078,0.0,0.0
focus_brainfm_e79955c7017e__300s,focus_brainfm_e79955c7017e,focus,holdout,300.0,path_acoustic_phase,phase_lifted_path_homology,149,,,0.35502110613394605,0.35502110613394605,1.0,0.325,0.3643439535478551,0.3873917680083871,42.0,0.07738417054924662,0.0,0.0
focus_brainfm_e79955c7017e__300s,focus_brainfm_e79955c7017e,focus,holdout,300.0,path_rhythm_phase,phase_lifted_path_homology,149,,,0.3299367203637001,0.3299367203637001,1.0,0.275,0.3300612446175069,0.3434660969018613,48.0,0.05343836071196595,0.0,0.0
focus_brainfm_ed710a3678ac__180s,focus_brainfm_ed710a3678ac,focus,holdout,180.0,path_acoustic_phase,phase_lifted_path_homology,89,,,0.42476223971121396,0.42476223971121396,1.0,0.375,0.42957377135316105,0.4484308827657417,12.0,0.27336499269136616,0.0,0.0
focus_brainfm_ed710a3678ac__180s,focus_brainfm_ed710a3678ac,focus,holdout,180.0,path_rhythm_phase,phase_lifted_path_homology,89,,,0.409368705387194,0.409368705387194,1.0,0.375,0.41659042925533196,0.4394278433979135,16.0,0.14641180406024468,0.0,0.0
focus_brainfm_ed710a3678ac__300s,focus_brainfm_ed710a3678ac,focus,holdout,300.0,path_acoustic_phase,phase_lifted_path_homology,149,,,0.4417657366665746,0.4417657366665746,1.0,0.375,0.4443667496474029,0.4512751561559812,12.0,0.3514738723396684,0.0,0.0
focus_brainfm_ed710a3678ac__300s,focus_brainfm_ed710a3678ac,focus,holdout,300.0,path_rhythm_phase,phase_lifted_path_homology,149,,,0.3958961673298119,0.3958961673298119,1.0,0.325,0.3984967502114348,0.4089992425016739,14.0,0.17996283337963392,0.0,0.0
focus_brainfm_edc78bc915f0__180s,focus_brainfm_edc78bc915f0,focus,holdout,180.0,path_acoustic_phase,phase_lifted_path_homology,89,,,0.43439271882175257,0.43439271882175257,1.0,0.375,0.4392308634497853,0.4617418889567127,22.0,0.41582898457927087,0.0,0.0
focus_brainfm_edc78bc915f0__180s,focus_brainfm_edc78bc915f0,focus,holdout,180.0,path_rhythm_phase,phase_lifted_path_homology,89,,,0.47289473447763253,0.47289473447763253,1.0,0.425,0.4749854641660532,0.5007449451774423,12.0,0.5665546331693427,0.0,0.0
focus_brainfm_edc78bc915f0__300s,focus_brainfm_edc78bc915f0,focus,holdout,300.0,path_acoustic_phase,phase_lifted_path_homology,149,,,0.40432954006975325,0.40432954006975325,1.0,0.375,0.4057044503250598,0.4362941056990565,22.0,0.31546872997127995,0.0,0.0
focus_brainfm_edc78bc915f0__300s,focus_brainfm_edc78bc915f0,focus,holdout,300.0,path_rhythm_phase,phase_lifted_path_homology,149,,,0.47699940452666834,0.47699940452666834,1.0,0.425,0.48304443049762913,0.4987029816404473,12.0,0.46257006669377043,0.0,0.0
focus_brainfm_edf150593e60__180s,focus_brainfm_edf150593e60,focus,holdout,180.0,path_acoustic_phase,phase_lifted_path_homology,89,,,0.4879315321003296,0.4879315321003296,1.0,0.425,0.48953034371991544,0.5023272135928979,32.0,0.3738470217016786,0.0,0.0
focus_brainfm_edf150593e60__180s,focus_brainfm_edf150593e60,focus,holdout,180.0,path_rhythm_phase,phase_lifted_path_homology,89,,,0.40083258686898127,0.40083258686898127,1.0,0.375,0.4250142207281886,0.4748465941541898,16.0,0.4389530457490163,0.0,0.0
focus_brainfm_edf150593e60__300s,focus_brainfm_edf150593e60,focus,holdout,300.0,path_acoustic_phase,phase_lifted_path_homology,149,,,0.46998206477469484,0.46998206477469484,1.0,0.425,0.4748775766806577,0.49363332912033103,22.0,0.4708099343798724,0.0,0.0
focus_brainfm_edf150593e60__300s,focus_brainfm_edf150593e60,focus,holdout,300.0,path_rhythm_phase,phase_lifted_path_homology,149,,,0.4729766207723571,0.4729766207723571,1.0,0.425,0.47716077002529766,0.49353810473763265,12.0,0.3391889536432282,0.0,0.0
focus_brainfm_eefa20a954f9__180s,focus_brainfm_eefa20a954f9,focus,holdout,180.0,path_acoustic_phase,phase_lifted_path_homology,89,,,0.4486427792096058,0.4486427792096058,1.0,0.375,0.45319473720368936,0.4687496969331222,22.0,0.2801519649791482,0.0,0.0
focus_brainfm_eefa20a954f9__180s,focus_brainfm_eefa20a954f9,focus,holdout,180.0,path_rhythm_phase,phase_lifted_path_homology,89,,,0.5136656223290779,0.5136656223290779,1.0,0.47500000000000003,0.5141862769900027,0.5241884457604057,16.0,0.2749575579871034,0.0,0.0
focus_brainfm_eefa20a954f9__300s,focus_brainfm_eefa20a954f9,focus,holdout,300.0,path_acoustic_phase,phase_lifted_path_homology,149,,,0.4445593521135935,0.4445593521135935,1.0,0.375,0.45875232245871805,0.4856232536886818,22.0,0.2530497167006165,0.0,0.0
focus_brainfm_eefa20a954f9__300s,focus_brainfm_eefa20a954f9,focus,holdout,300.0,path_rhythm_phase,phase_lifted_path_homology,149,,,0.5081563572548636,0.5081563572548636,1.0,0.47500000000000003,0.5180325966998738,0.5414593031442929,16.0,0.21269021370625707,0.0,0.0
focus_brainfm_ef1aa760ed56__180s,focus_brainfm_ef1aa760ed56,focus,holdout,180.0,path_acoustic_phase,phase_lifted_path_homology,89,,,0.4460815897172817,0.4460815897172817,1.0,0.375,0.4462193467674672,0.4702890802089708,12.0,0.3629596459594693,0.0,0.0
focus_brainfm_ef1aa760ed56__180s,focus_brainfm_ef1aa760ed56,focus,holdout,180.0,path_rhythm_phase,phase_lifted_path_homology,89,,,0.44383757483104436,0.44383757483104436,1.0,0.375,0.4473563719983193,0.4669024456576696,20.0,0.4044536725260699,0.0,0.0
focus_brainfm_ef1aa760ed56__300s,focus_brainfm_ef1aa760ed56,focus,holdout,300.0,path_acoustic_phase,phase_lifted_path_homology,149,,,0.488474298984721,0.488474298984721,1.0,0.425,0.49239081210746644,0.506040507445328,12.0,0.3810154246056716,0.0,0.0
focus_brainfm_ef1aa760ed56__300s,focus_brainfm_ef1aa760ed56,focus,holdout,300.0,path_rhythm_phase,phase_lifted_path_homology,149,,,0.4485792862867904,0.4485792862867904,1.0,0.375,0.4608497754524472,0.48485141008384786,20.0,0.45924333998996025,0.0,0.0
focus_brainfm_ef2cc6f49bb4__180s,focus_brainfm_ef2cc6f49bb4,focus,holdout,180.0,path_acoustic_phase,phase_lifted_path_homology,89,,,0.49363172818217343,0.49363172818217343,1.0,0.425,0.4986664744619105,0.5090650236283668,12.0,0.5615328957926392,0.0,0.0
focus_brainfm_ef2cc6f49bb4__180s,focus_brainfm_ef2cc6f49bb4,focus,holdout,180.0,path_rhythm_phase,phase_lifted_path_homology,89,,,0.31496546396282626,0.31496546396282626,1.0,0.275,0.3277227721162713,0.36628130267479014,42.0,0.14255825658892363,0.0,0.0
focus_brainfm_ef2cc6f49bb4__300s,focus_brainfm_ef2cc6f49bb4,focus,holdout,300.0,path_acoustic_phase,phase_lifted_path_homology,149,,,0.4844644811642596,0.4844644811642596,1.0,0.425,0.4883573479872687,0.49844291216837017,12.0,0.4167439264671158,0.0,0.0
focus_brainfm_ef2cc6f49bb4__300s,focus_brainfm_ef2cc6f49bb4,focus,holdout,300.0,path_rhythm_phase,phase_lifted_path_homology,149,,,0.4191830190468521,0.4191830190468521,1.0,0.375,0.4240775535840046,0.43611704368501064,12.0,0.1369457514531809,0.0,0.0
focus_brainfm_efa65e700d4c__180s,focus_brainfm_efa65e700d4c,focus,holdout,180.0,path_acoustic_phase,phase_lifted_path_homology,89,,,0.5177237208551735,0.5177237208551735,1.0,0.47500000000000003,0.5226535350141285,0.5422534404753284,12.0,0.4813018427140424,0.0,0.0
focus_brainfm_efa65e700d4c__180s,focus_brainfm_efa65e700d4c,focus,holdout,180.0,path_rhythm_phase,phase_lifted_path_homology,89,,,0.41703472089361393,0.41703472089361393,1.0,0.375,0.42371618174364467,0.44083724948664765,12.0,0.24601546943272457,0.0,0.0
focus_brainfm_efa65e700d4c__300s,focus_brainfm_efa65e700d4c,focus,holdout,300.0,path_acoustic_phase,phase_lifted_path_homology,149,,,0.49636810842727713,0.49636810842727713,1.0,0.425,0.504344585245927,0.5307204327919973,12.0,0.3846210072789028,0.0,0.0
focus_brainfm_efa65e700d4c__300s,focus_brainfm_efa65e700d4c,focus,holdout,300.0,path_rhythm_phase,phase_lifted_path_homology,149,,,0.3834851851323287,0.3834851851323287,1.0,0.325,0.3957193947069535,0.43198967388283643,12.0,0.2680420450545763,0.0,0.0
focus_brainfm_f09e5ba697d3__180s,focus_brainfm_f09e5ba697d3,focus,holdout,180.0,path_acoustic_phase,phase_lifted_path_homology,89,,,0.49775235830844483,0.49775235830844483,1.0,0.425,0.5002455228512245,0.5384589855745349,22.0,0.589626402832881,0.0,0.0
focus_brainfm_f09e5ba697d3__180s,focus_brainfm_f09e5ba697d3,focus,holdout,180.0,path_rhythm_phase,phase_lifted_path_homology,89,,,0.42644459789210615,0.42644459789210615,1.0,0.375,0.44040914197463193,0.4710601954516276,12.0,0.41491788068875335,0.0,0.0
focus_brainfm_f09e5ba697d3__300s,focus_brainfm_f09e5ba697d3,focus,holdout,300.0,path_acoustic_phase,phase_lifted_path_homology,149,,,0.49427938463347676,0.49427938463347676,1.0,0.425,0.5023385127664509,0.5416108809390568,22.0,0.48139024297441546,0.0,0.0
focus_brainfm_f09e5ba697d3__300s,focus_brainfm_f09e5ba697d3,focus,holdout,300.0,path_rhythm_phase,phase_lifted_path_homology,149,,,0.4325368659224889,0.4325368659224889,1.0,0.375,0.4394728631851572,0.47072727681955273,12.0,0.45850671351426897,0.0,0.0
focus_brainfm_f1cfdfa4965a__180s,focus_brainfm_f1cfdfa4965a,focus,holdout,180.0,path_acoustic_phase,phase_lifted_path_homology,89,,,0.36341454132021445,0.36341454132021445,1.0,0.325,0.374326719428548,0.39703302769805454,32.0,0.13102827625334346,0.0,0.0
focus_brainfm_f1cfdfa4965a__180s,focus_brainfm_f1cfdfa4965a,focus,holdout,180.0,path_rhythm_phase,phase_lifted_path_homology,89,,,0.40097048154040166,0.40097048154040166,1.0,0.375,0.41232847329122024,0.4518749675495773,30.0,0.3930645742035217,0.0,0.0
focus_brainfm_f1cfdfa4965a__300s,focus_brainfm_f1cfdfa4965a,focus,holdout,300.0,path_acoustic_phase,phase_lifted_path_homology,149,,,0.37459666126467406,0.37459666126467406,1.0,0.325,0.37815424075211906,0.3941902365171412,34.0,0.12893724813508323,0.0,0.0
focus_brainfm_f1cfdfa4965a__300s,focus_brainfm_f1cfdfa4965a,focus,holdout,300.0,path_rhythm_phase,phase_lifted_path_homology,149,,,0.42219944789342007,0.42219944789342007,1.0,0.375,0.4236550006863644,0.43907774483354073,30.0,0.28539041372239393,0.0,0.0
focus_brainfm_f1d6920ba131__180s,focus_brainfm_f1d6920ba131,focus,holdout,180.0,path_acoustic_phase,phase_lifted_path_homology,89,,,0.380649890934671,0.380649890934671,1.0,0.325,0.38162218415210036,0.3903703457334713,12.0,0.11368894732582446,0.0,0.0
focus_brainfm_f1d6920ba131__180s,focus_brainfm_f1d6920ba131,focus,holdout,180.0,path_rhythm_phase,phase_lifted_path_homology,89,,,0.3277971759886002,0.3277971759886002,1.0,0.275,0.3387438998146539,0.3716307557331513,12.0,0.11150651552119728,0.0,0.0
focus_brainfm_f1d6920ba131__300s,focus_brainfm_f1d6920ba131,focus,holdout,300.0,path_acoustic_phase,phase_lifted_path_homology,149,,,0.3681835259579509,0.3681835259579509,1.0,0.325,0.3704551524359773,0.38345549924499384,12.0,0.1436280530754559,0.0,0.0
focus_brainfm_f1d6920ba131__300s,focus_brainfm_f1d6920ba131,focus,holdout,300.0,path_rhythm_phase,phase_lifted_path_homology,149,,,0.36065311815330886,0.36065311815330886,1.0,0.325,0.36174849631819816,0.38030165049791,14.0,0.06578945693825045,0.0,0.0
focus_brainfm_f358825ece50__180s,focus_brainfm_f358825ece50,focus,holdout,180.0,path_acoustic_phase,phase_lifted_path_homology,89,,,0.5309003107389975,0.5309003107389975,1.0,0.47500000000000003,0.541677358914656,0.595735168948155,12.0,0.7791336885814963,0.0,0.0
focus_brainfm_f358825ece50__180s,focus_brainfm_f358825ece50,focus,holdout,180.0,path_rhythm_phase,phase_lifted_path_homology,89,,,0.4560466350645695,0.4560466350645695,1.0,0.425,0.46635720025307925,0.5071722511619897,12.0,0.6289183696450228,0.0,0.0
focus_brainfm_f358825ece50__300s,focus_brainfm_f358825ece50,focus,holdout,300.0,path_acoustic_phase,phase_lifted_path_homology,149,,,0.47627450626387874,0.47627450626387874,1.0,0.425,0.5009583304784269,0.5601963216084818,12.0,0.43125781970299826,0.0,0.0
focus_brainfm_f358825ece50__300s,focus_brainfm_f358825ece50,focus,holdout,300.0,path_rhythm_phase,phase_lifted_path_homology,149,,,0.4481207778696805,0.4481207778696805,1.0,0.375,0.468934258646163,0.5092938623854835,12.0,0.5818432419617748,0.0,0.0
focus_brainfm_f455fa741f11__180s,focus_brainfm_f455fa741f11,focus,holdout,180.0,path_acoustic_phase,phase_lifted_path_homology,89,,,0.4469720032675821,0.4469720032675821,1.0,0.375,0.44706726017770976,0.45868153617414426,18.0,0.40075645626010625,0.0,0.0
focus_brainfm_f455fa741f11__180s,focus_brainfm_f455fa741f11,focus,holdout,180.0,path_rhythm_phase,phase_lifted_path_homology,89,,,0.4566241980752797,0.4566241980752797,1.0,0.425,0.4566603111844397,0.4829035544181945,24.0,0.3340102355164827,0.0,0.0
focus_brainfm_f455fa741f11__300s,focus_brainfm_f455fa741f11,focus,holdout,300.0,path_acoustic_phase,phase_lifted_path_homology,149,,,0.5771683221943967,0.5771683221943967,1.0,0.5249999999999999,0.5772144289501944,0.5878808637371993,24.0,0.7388417182469862,0.0,0.0
focus_brainfm_f455fa741f11__300s,focus_brainfm_f455fa741f11,focus,holdout,300.0,path_rhythm_phase,phase_lifted_path_homology,149,,,0.474448643781141,0.474448643781141,1.0,0.425,0.4753204921403486,0.49283919034753726,24.0,0.24301794661514253,0.0,0.0
focus_brainfm_f45e96fabd7d__180s,focus_brainfm_f45e96fabd7d,focus,holdout,180.0,path_acoustic_phase,phase_lifted_path_homology,89,,,0.42165535190733944,0.42165535190733944,1.0,0.375,0.43293166507018427,0.4548665182688973,12.0,0.3464548634829878,0.0,0.0
focus_brainfm_f45e96fabd7d__180s,focus_brainfm_f45e96fabd7d,focus,holdout,180.0,path_rhythm_phase,phase_lifted_path_homology,89,,,0.3823799683559414,0.3823799683559414,1.0,0.325,0.3900984334195347,0.4155032953884683,12.0,0.25594176138236024,0.0,0.0
focus_brainfm_f45e96fabd7d__300s,focus_brainfm_f45e96fabd7d,focus,holdout,300.0,path_acoustic_phase,phase_lifted_path_homology,149,,,0.44573962779404774,0.44573962779404774,1.0,0.375,0.45480624284668375,0.4743708692284649,12.0,0.38304578031578984,0.0,0.0
focus_brainfm_f45e96fabd7d__300s,focus_brainfm_f45e96fabd7d,focus,holdout,300.0,path_rhythm_phase,phase_lifted_path_homology,149,,,0.39712247916674254,0.39712247916674254,1.0,0.325,0.41015072579680445,0.4342097798965492,12.0,0.19615192173742058,0.0,0.0
focus_brainfm_f8843fa890e1__180s,focus_brainfm_f8843fa890e1,focus,holdout,180.0,path_acoustic_phase,phase_lifted_path_homology,89,,,0.41074558302235703,0.41074558302235703,1.0,0.375,0.41773213174174856,0.45687674882344725,20.0,0.26732106289585933,0.0,0.0
focus_brainfm_f8843fa890e1__180s,focus_brainfm_f8843fa890e1,focus,holdout,180.0,path_rhythm_phase,phase_lifted_path_homology,89,,,0.4865804385163139,0.4865804385163139,1.0,0.425,0.48985873077263037,0.4968291742585201,30.0,0.28525958599333,0.0,0.0
focus_brainfm_f8843fa890e1__300s,focus_brainfm_f8843fa890e1,focus,holdout,300.0,path_acoustic_phase,phase_lifted_path_homology,149,,,0.4771618686552274,0.4771618686552274,1.0,0.425,0.47932137011696474,0.48985894539247415,20.0,0.3564801896473646,0.0,0.0
focus_brainfm_f8843fa890e1__300s,focus_brainfm_f8843fa890e1,focus,holdout,300.0,path_rhythm_phase,phase_lifted_path_homology,149,,,0.5185501109166157,0.5185501109166157,1.0,0.47500000000000003,0.523071099971571,0.545180210699619,20.0,0.30949692710954924,0.0,0.0
focus_brainfm_f90c99700c79__180s,focus_brainfm_f90c99700c79,focus,holdout,180.0,path_acoustic_phase,phase_lifted_path_homology,89,,,0.3788836556977034,0.3788836556977034,1.0,0.325,0.4134004669987672,0.4972457006917795,22.0,0.360798409651917,0.0,0.0
focus_brainfm_f90c99700c79__180s,focus_brainfm_f90c99700c79,focus,holdout,180.0,path_rhythm_phase,phase_lifted_path_homology,89,,,0.4419690054044435,0.4419690054044435,1.0,0.375,0.4421883229826132,0.44922159628892255,30.0,0.1363515011011558,0.0,0.0
focus_brainfm_f90c99700c79__300s,focus_brainfm_f90c99700c79,focus,holdout,300.0,path_acoustic_phase,phase_lifted_path_homology,149,,,0.47399519418563824,0.47399519418563824,1.0,0.425,0.47576305688405574,0.48436910007714346,12.0,0.3976913299207404,0.0,0.0
focus_brainfm_f90c99700c79__300s,focus_brainfm_f90c99700c79,focus,holdout,300.0,path_rhythm_phase,phase_lifted_path_homology,149,,,0.4115228074241382,0.4115228074241382,1.0,0.375,0.41311442167821233,0.4212024237202463,30.0,0.17907415465173004,0.0,0.0
focus_brainfm_f997ff2d86b4__180s,focus_brainfm_f997ff2d86b4,focus,holdout,180.0,path_acoustic_phase,phase_lifted_path_homology,89,,,0.4891513885108395,0.4891513885108395,1.0,0.425,0.4903597998678607,0.5055703011068068,12.0,0.41087695712792305,0.0,0.0
focus_brainfm_f997ff2d86b4__180s,focus_brainfm_f997ff2d86b4,focus,holdout,180.0,path_rhythm_phase,phase_lifted_path_homology,89,,,0.38615765857809764,0.38615765857809764,1.0,0.325,0.40344430369015594,0.4358189413505509,24.0,0.3106517321921858,0.0,0.0
focus_brainfm_f997ff2d86b4__300s,focus_brainfm_f997ff2d86b4,focus,holdout,300.0,path_acoustic_phase,phase_lifted_path_homology,149,,,0.5123106782837545,0.5123106782837545,1.0,0.47500000000000003,0.516673925287882,0.5269643960125675,12.0,0.3769179385265069,0.0,0.0
focus_brainfm_f997ff2d86b4__300s,focus_brainfm_f997ff2d86b4,focus,holdout,300.0,path_rhythm_phase,phase_lifted_path_homology,149,,,0.4178783144502562,0.4178783144502562,1.0,0.375,0.42112684271113016,0.45140770027259397,12.0,0.2669283161565891,0.0,0.0
focus_brainfm_fb03207b8968__180s,focus_brainfm_fb03207b8968,focus,holdout,180.0,path_acoustic_phase,phase_lifted_path_homology,89,,,0.35525053221666847,0.35525053221666847,1.0,0.325,0.36493936257675386,0.3995260551452398,12.0,0.21326067311092656,0.0,0.0
focus_brainfm_fb03207b8968__180s,focus_brainfm_fb03207b8968,focus,holdout,180.0,path_rhythm_phase,phase_lifted_path_homology,89,,,0.437485718591975,0.437485718591975,1.0,0.375,0.43760565019417863,0.44055093142309926,14.0,0.17733138843955443,0.0,0.0
focus_brainfm_fb03207b8968__300s,focus_brainfm_fb03207b8968,focus,holdout,300.0,path_acoustic_phase,phase_lifted_path_homology,149,,,0.3962207550658967,0.3962207550658967,1.0,0.325,0.4043252133883482,0.4238928862207864,12.0,0.24725450863720577,0.0,0.0
focus_brainfm_fb03207b8968__300s,focus_brainfm_fb03207b8968,focus,holdout,300.0,path_rhythm_phase,phase_lifted_path_homology,149,,,0.42590340241248603,0.42590340241248603,1.0,0.375,0.4281874656962979,0.443662561276291,16.0,0.2515270645792007,0.0,0.0
focus_brainfm_fc779fcabd94__180s,focus_brainfm_fc779fcabd94,focus,holdout,180.0,path_acoustic_phase,phase_lifted_path_homology,89,,,0.4137569801882587,0.4137569801882587,1.0,0.375,0.41994515997726356,0.45426644828955426,16.0,0.35090208643241905,0.0,0.0
focus_brainfm_fc779fcabd94__180s,focus_brainfm_fc779fcabd94,focus,holdout,180.0,path_rhythm_phase,phase_lifted_path_homology,89,,,0.48540280999803537,0.48540280999803537,1.0,0.425,0.4859768105330799,0.5095650783353481,12.0,0.5590170503157548,0.0,0.0
focus_brainfm_fc779fcabd94__300s,focus_brainfm_fc779fcabd94,focus,holdout,300.0,path_acoustic_phase,phase_lifted_path_homology,149,,,0.43548921917338895,0.43548921917338895,1.0,0.375,0.4444229978548748,0.46673212562639566,12.0,0.39358799837096914,0.0,0.0
focus_brainfm_fc779fcabd94__300s,focus_brainfm_fc779fcabd94,focus,holdout,300.0,path_rhythm_phase,phase_lifted_path_homology,149,,,0.4673837931557391,0.4673837931557391,1.0,0.425,0.47110405804451755,0.49690188784337525,16.0,0.5224270058534978,0.0,0.0
focus_brainfm_ffa39db1f393__180s,focus_brainfm_ffa39db1f393,focus,holdout,180.0,path_acoustic_phase,phase_lifted_path_homology,89,,,0.41652847234183304,0.41652847234183304,1.0,0.375,0.42321825074871633,0.4401980023675372,12.0,0.2604829092646368,0.0,0.0
focus_brainfm_ffa39db1f393__180s,focus_brainfm_ffa39db1f393,focus,holdout,180.0,path_rhythm_phase,phase_lifted_path_homology,89,,,0.38380515646677105,0.38380515646677105,1.0,0.325,0.39195171528404893,0.4084360099341781,16.0,0.15381348191571553,0.0,0.0
focus_brainfm_ffa39db1f393__300s,focus_brainfm_ffa39db1f393,focus,holdout,300.0,path_acoustic_phase,phase_lifted_path_homology,149,,,0.41778881810542745,0.41778881810542745,1.0,0.375,0.4183571557322293,0.4286544332305888,12.0,0.2675244452614407,0.0,0.0
focus_brainfm_ffa39db1f393__300s,focus_brainfm_ffa39db1f393,focus,holdout,300.0,path_rhythm_phase,phase_lifted_path_homology,149,,,0.3789491059855405,0.3789491059855405,1.0,0.325,0.3804414507641552,0.4100145054760749,16.0,0.14049394498088374,0.0,0.0
classical_musicnet_2313__180s,classical_musicnet_2313,classical,validation,180.0,path_acoustic_phase,phase_lifted_path_homology,89,,,0.3303996247150298,0.3303996247150298,1.0,0.275,0.33271009604293156,0.3645554762290339,30.0,0.0738611166866685,0.0,0.0
classical_musicnet_2313__180s,classical_musicnet_2313,classical,validation,180.0,path_rhythm_phase,phase_lifted_path_homology,89,,,0.23530172330860896,0.23530172330860896,1.0,0.175,0.24832835365638703,0.3166481233836815,40.0,0.09284153547220897,0.0,0.0
classical_musicnet_2313__300s,classical_musicnet_2313,classical,validation,300.0,path_acoustic_phase,phase_lifted_path_homology,149,,,0.3128676844736431,0.3128676844736431,1.0,0.275,0.31831627887538266,0.3555338358673068,32.0,0.05926258848735477,0.0,0.0
classical_musicnet_2313__300s,classical_musicnet_2313,classical,validation,300.0,path_rhythm_phase,phase_lifted_path_homology,149,,,0.3841307261344607,0.3841307261344607,1.0,0.325,0.38628396362726747,0.4010971225168441,12.0,0.11613561917050008,0.0,0.0
classical_musicnet_2314__180s,classical_musicnet_2314,classical,validation,180.0,path_acoustic_phase,phase_lifted_path_homology,89,,,0.3557244975622006,0.3557244975622006,1.0,0.325,0.35813391710230574,0.3800651184088443,24.0,0.10827984490876963,0.0,0.0
classical_musicnet_2314__180s,classical_musicnet_2314,classical,validation,180.0,path_rhythm_phase,phase_lifted_path_homology,89,,,0.3970634635937647,0.3970634635937647,1.0,0.325,0.3994741859677684,0.41938809824903917,30.0,0.1055838256183863,0.0,0.0
classical_musicnet_2314__300s,classical_musicnet_2314,classical,validation,300.0,path_acoustic_phase,phase_lifted_path_homology,149,,,0.374422161623645,0.374422161623645,1.0,0.325,0.3772061367026033,0.3952157391628403,14.0,0.12613574747544432,0.0,0.0
classical_musicnet_2314__300s,classical_musicnet_2314,classical,validation,300.0,path_rhythm_phase,phase_lifted_path_homology,149,,,0.3315533228068893,0.3315533228068893,1.0,0.275,0.34431194985593316,0.3878015881085278,50.0,0.08895835609113112,0.0,0.0
classical_musicnet_2315__180s,classical_musicnet_2315,classical,validation,180.0,path_acoustic_phase,phase_lifted_path_homology,89,,,0.29151713853902733,0.29151713853902733,1.0,0.225,0.31814445587743406,0.37596910102501185,40.0,0.1729276444329848,0.0,0.0
classical_musicnet_2315__180s,classical_musicnet_2315,classical,validation,180.0,path_rhythm_phase,phase_lifted_path_homology,89,,,0.3664166483012815,0.3664166483012815,1.0,0.325,0.3719003683407938,0.40811680532360656,22.0,0.13800550959593094,0.0,0.0
classical_musicnet_2315__300s,classical_musicnet_2315,classical,validation,300.0,path_acoustic_phase,phase_lifted_path_homology,149,,,0.37748356739521344,0.37748356739521344,1.0,0.325,0.3797340203983189,0.3989914358182199,38.0,0.10066439324373633,0.0,0.0
classical_musicnet_2315__300s,classical_musicnet_2315,classical,validation,300.0,path_rhythm_phase,phase_lifted_path_homology,149,,,0.40307264288090067,0.40307264288090067,1.0,0.375,0.40592762029925183,0.4193834685892854,12.0,0.1111001934861564,0.0,0.0
classical_musicnet_2325__180s,classical_musicnet_2325,classical,validation,180.0,path_acoustic_phase,phase_lifted_path_homology,89,,,0.3584920407674634,0.3584920407674634,1.0,0.325,0.3595612482948517,0.3733144603701743,12.0,0.12952873919352426,0.0,0.0
classical_musicnet_2325__180s,classical_musicnet_2325,classical,validation,180.0,path_rhythm_phase,phase_lifted_path_homology,89,,,0.3593308902100913,0.3593308902100913,1.0,0.325,0.36544214169781425,0.3905165084905475,14.0,0.16407516309537384,0.0,0.0
classical_musicnet_2325__300s,classical_musicnet_2325,classical,validation,300.0,path_acoustic_phase,phase_lifted_path_homology,149,,,0.3818980562840197,0.3818980562840197,1.0,0.325,0.3849268486034356,0.3948140685541374,12.0,0.17666288363517246,0.0,0.0
classical_musicnet_2325__300s,classical_musicnet_2325,classical,validation,300.0,path_rhythm_phase,phase_lifted_path_homology,149,,,0.3853577505262697,0.3853577505262697,1.0,0.325,0.3855628398264333,0.39285808137959516,14.0,0.13840814261304635,0.0,0.0
classical_musicnet_2335__180s,classical_musicnet_2335,classical,validation,180.0,path_acoustic_phase,phase_lifted_path_homology,89,,,0.3146124322925749,0.3146124322925749,1.0,0.275,0.33068256673727525,0.3750249467325233,52.0,0.13268293968341127,0.0,0.0
classical_musicnet_2335__180s,classical_musicnet_2335,classical,validation,180.0,path_rhythm_phase,phase_lifted_path_homology,89,,,0.22448904301190115,0.22448904301190115,1.0,0.175,0.2569999727517023,0.3346285918627321,30.0,0.12775400056469222,0.0,0.0
classical_musicnet_2335__300s,classical_musicnet_2335,classical,validation,300.0,path_acoustic_phase,phase_lifted_path_homology,149,,,0.33157634846582024,0.33157634846582024,1.0,0.275,0.3386362421324854,0.3583827544735417,12.0,0.10592256987371207,0.0,0.0
classical_musicnet_2335__300s,classical_musicnet_2335,classical,validation,300.0,path_rhythm_phase,phase_lifted_path_homology,149,,,0.26177804403878835,0.26177804403878835,1.0,0.225,0.287506205746541,0.3406577004546245,30.0,0.11128594213921694,0.0,0.0
classical_musicnet_2336__180s,classical_musicnet_2336,classical,validation,180.0,path_acoustic_phase,phase_lifted_path_homology,89,,,0.3371858216278161,0.3371858216278161,1.0,0.275,0.3407869757471658,0.3621154473537982,44.0,0.12697442124773506,0.0,0.0
classical_musicnet_2336__180s,classical_musicnet_2336,classical,validation,180.0,path_rhythm_phase,phase_lifted_path_homology,89,,,0.3571082805323037,0.3571082805323037,1.0,0.325,0.3645925101303047,0.3777669895428679,54.0,0.13706925279404025,0.0,0.0
classical_musicnet_2336__300s,classical_musicnet_2336,classical,validation,300.0,path_acoustic_phase,phase_lifted_path_homology,98,,,0.3054982065776147,0.3054982065776147,1.0,0.275,0.30964196372964126,0.352291448117372,62.0,0.125071813054074,0.0,0.0
classical_musicnet_2336__300s,classical_musicnet_2336,classical,validation,300.0,path_rhythm_phase,phase_lifted_path_homology,98,,,0.3417382875011609,0.3417382875011609,1.0,0.275,0.3445374300317965,0.36460949006783183,54.0,0.13510256246425523,0.0,0.0
classical_musicnet_2341__180s,classical_musicnet_2341,classical,validation,180.0,path_acoustic_phase,phase_lifted_path_homology,89,,,0.3591637622309607,0.3591637622309607,1.0,0.325,0.3593873047568016,0.364450221817934,16.0,0.14788993280941676,0.0,0.0
classical_musicnet_2341__180s,classical_musicnet_2341,classical,validation,180.0,path_rhythm_phase,phase_lifted_path_homology,89,,,0.29505478711112293,0.29505478711112293,1.0,0.225,0.31079771786711374,0.36227700467988916,48.0,0.13242711043151667,0.0,0.0
classical_musicnet_2341__300s,classical_musicnet_2341,classical,validation,300.0,path_acoustic_phase,phase_lifted_path_homology,149,,,0.3583663506039198,0.3583663506039198,1.0,0.325,0.36015772968633064,0.3741479459587065,12.0,0.07030215362658465,0.0,0.0
classical_musicnet_2341__300s,classical_musicnet_2341,classical,validation,300.0,path_rhythm_phase,phase_lifted_path_homology,149,,,0.350026971248356,0.350026971248356,1.0,0.325,0.3550329652405749,0.37342056566003,20.0,0.08176458881819193,0.0,0.0
classical_musicnet_2345__180s,classical_musicnet_2345,classical,validation,180.0,path_acoustic_phase,phase_lifted_path_homology,89,,,0.32450286537456297,0.32450286537456297,1.0,0.275,0.3259442180745348,0.3420383567282756,54.0,0.10664748378803424,0.0,0.0
classical_musicnet_2345__180s,classical_musicnet_2345,classical,validation,180.0,path_rhythm_phase,phase_lifted_path_homology,89,,,0.3736193603874975,0.3736193603874975,1.0,0.325,0.37503129054197215,0.3870249925956171,20.0,0.1281359383972358,0.0,0.0
classical_musicnet_2345__300s,classical_musicnet_2345,classical,validation,300.0,path_acoustic_phase,phase_lifted_path_homology,149,,,0.3359984419737186,0.3359984419737186,1.0,0.275,0.33663262675976025,0.357903662884356,52.0,0.09241098998272901,0.0,0.0
classical_musicnet_2345__300s,classical_musicnet_2345,classical,validation,300.0,path_rhythm_phase,phase_lifted_path_homology,149,,,0.3407999087371891,0.3407999087371891,1.0,0.275,0.3452530191740818,0.36560555218450497,34.0,0.10151907001262472,0.0,0.0
classical_musicnet_2350__180s,classical_musicnet_2350,classical,validation,180.0,path_acoustic_phase,phase_lifted_path_homology,89,,,0.3497377795630416,0.3497377795630416,1.0,0.275,0.3536809834375445,0.36302230089899884,40.0,0.08705543642691693,0.0,0.0
classical_musicnet_2350__180s,classical_musicnet_2350,classical,validation,180.0,path_rhythm_phase,phase_lifted_path_homology,89,,,0.2973548740013477,0.2973548740013477,1.0,0.225,0.30920444010647646,0.35186987320559515,16.0,0.12776459566744003,0.0,0.0
classical_musicnet_2350__300s,classical_musicnet_2350,classical,validation,300.0,path_acoustic_phase,phase_lifted_path_homology,137,,,0.34853682764466015,0.34853682764466015,1.0,0.275,0.35145596651045696,0.36757004246755764,12.0,0.046293841410117276,0.0,0.0
classical_musicnet_2350__300s,classical_musicnet_2350,classical,validation,300.0,path_rhythm_phase,phase_lifted_path_homology,137,,,0.3550075077802482,0.3550075077802482,1.0,0.325,0.36296151762172324,0.37731424886526904,32.0,0.06937930341082632,0.0,0.0
classical_musicnet_2359__180s,classical_musicnet_2359,classical,validation,180.0,path_acoustic_phase,phase_lifted_path_homology,89,,,0.35872472624731916,0.35872472624731916,1.0,0.325,0.36229702993350954,0.3746395346822499,12.0,0.16485314632066905,0.0,0.0
classical_musicnet_2359__180s,classical_musicnet_2359,classical,validation,180.0,path_rhythm_phase,phase_lifted_path_homology,89,,,0.3850668142757049,0.3850668142757049,1.0,0.325,0.38680738317342317,0.40050503942698445,12.0,0.2604073452272715,0.0,0.0
classical_musicnet_2359__300s,classical_musicnet_2359,classical,validation,300.0,path_acoustic_phase,phase_lifted_path_homology,149,,,0.34866892483038797,0.34866892483038797,1.0,0.275,0.3529539470767868,0.3659762189657209,60.0,0.1003330120737147,0.0,0.0
classical_musicnet_2359__300s,classical_musicnet_2359,classical,validation,300.0,path_rhythm_phase,phase_lifted_path_homology,149,,,0.35068686594285825,0.35068686594285825,1.0,0.325,0.35470056794910454,0.3833467555520346,32.0,0.15163967657826216,0.0,0.0
classical_musicnet_2364__180s,classical_musicnet_2364,classical,validation,180.0,path_acoustic_phase,phase_lifted_path_homology,89,,,0.3525006879633112,0.3525006879633112,1.0,0.325,0.35581214184536153,0.3774111256691419,12.0,0.17358641189310386,0.0,0.0
classical_musicnet_2364__180s,classical_musicnet_2364,classical,validation,180.0,path_rhythm_phase,phase_lifted_path_homology,89,,,0.37238964997423896,0.37238964997423896,1.0,0.325,0.38114603511445583,0.4039445676717282,14.0,0.1937003638971211,0.0,0.0
classical_musicnet_2364__300s,classical_musicnet_2364,classical,validation,300.0,path_acoustic_phase,phase_lifted_path_homology,147,,,0.3459993648149471,0.3459993648149471,1.0,0.275,0.3470072782213757,0.3593470025996817,12.0,0.10132324517928892,0.0,0.0
classical_musicnet_2364__300s,classical_musicnet_2364,classical,validation,300.0,path_rhythm_phase,phase_lifted_path_homology,147,,,0.35175307536347233,0.35175307536347233,1.0,0.325,0.35430927082274455,0.37763182607542367,28.0,0.09644118570684479,0.0,0.0
classical_musicnet_2371__180s,classical_musicnet_2371,classical,validation,180.0,path_acoustic_phase,phase_lifted_path_homology,89,,,0.3249251021870526,0.3249251021870526,1.0,0.275,0.32801376888949685,0.36531835363174214,56.0,0.12264025578047022,0.0,0.0
classical_musicnet_2371__180s,classical_musicnet_2371,classical,validation,180.0,path_rhythm_phase,phase_lifted_path_homology,89,,,0.33249817711862106,0.33249817711862106,1.0,0.275,0.34624320589663826,0.3760746393226356,56.0,0.0972276784797621,0.0,0.0
classical_musicnet_2371__300s,classical_musicnet_2371,classical,validation,300.0,path_acoustic_phase,phase_lifted_path_homology,102,,,0.3503943808420195,0.3503943808420195,1.0,0.325,0.3520554273755957,0.3800906935700743,62.0,0.074885917293251,0.0,0.0
classical_musicnet_2371__300s,classical_musicnet_2371,classical,validation,300.0,path_rhythm_phase,phase_lifted_path_homology,102,,,0.36379514490284925,0.36379514490284925,1.0,0.325,0.3645931298594743,0.382464401041295,12.0,0.08368791577578372,0.0,0.0
classical_musicnet_2372__180s,classical_musicnet_2372,classical,validation,180.0,path_acoustic_phase,phase_lifted_path_homology,89,,,0.3607926904885812,0.3607926904885812,1.0,0.325,0.3653953498623416,0.3844103566311899,28.0,0.14225944470224006,0.0,0.0
classical_musicnet_2372__180s,classical_musicnet_2372,classical,validation,180.0,path_rhythm_phase,phase_lifted_path_homology,89,,,0.4029657961116403,0.4029657961116403,1.0,0.375,0.40456421816031135,0.426870925723164,12.0,0.35218229367814935,0.0,0.0
classical_musicnet_2372__300s,classical_musicnet_2372,classical,validation,300.0,path_acoustic_phase,phase_lifted_path_homology,113,,,0.34226636309398134,0.34226636309398134,1.0,0.275,0.34865604693871444,0.37451259295099965,28.0,0.09434246271995383,0.0,0.0
classical_musicnet_2372__300s,classical_musicnet_2372,classical,validation,300.0,path_rhythm_phase,phase_lifted_path_homology,113,,,0.36580319838087944,0.36580319838087944,1.0,0.325,0.36847400011051157,0.38426046476693737,16.0,0.19758686415233928,0.0,0.0
classical_musicnet_2374__180s,classical_musicnet_2374,classical,validation,180.0,path_acoustic_phase,phase_lifted_path_homology,89,,,0.34984285181038,0.34984285181038,1.0,0.275,0.35324279250319035,0.37439840543206976,54.0,0.1592951547136785,0.0,0.0
classical_musicnet_2374__180s,classical_musicnet_2374,classical,validation,180.0,path_rhythm_phase,phase_lifted_path_homology,89,,,0.3481441661070762,0.3481441661070762,1.0,0.275,0.3514840497673555,0.36580487931934735,50.0,0.10748648507276815,0.0,0.0
classical_musicnet_2374__300s,classical_musicnet_2374,classical,validation,300.0,path_acoustic_phase,phase_lifted_path_homology,107,,,0.28411981941789594,0.28411981941789594,1.0,0.225,0.3118906878829633,0.3800390962665869,60.0,0.11560582491791593,0.0,0.0
classical_musicnet_2374__300s,classical_musicnet_2374,classical,validation,300.0,path_rhythm_phase,phase_lifted_path_homology,107,,,0.33644300141115185,0.33644300141115185,1.0,0.275,0.3535278722237709,0.3882352628855039,60.0,0.1321433915215281,0.0,0.0
classical_musicnet_2381__180s,classical_musicnet_2381,classical,validation,180.0,path_acoustic_phase,phase_lifted_path_homology,89,,,0.34590174813558,0.34590174813558,1.0,0.275,0.3516050258132126,0.3748425367570493,14.0,0.19362569805441576,0.0,0.0
classical_musicnet_2381__180s,classical_musicnet_2381,classical,validation,180.0,path_rhythm_phase,phase_lifted_path_homology,89,,,0.3882467156386902,0.3882467156386902,1.0,0.325,0.39777101026827194,0.4358682866913321,16.0,0.25199114655986077,0.0,0.0
classical_musicnet_2381__300s,classical_musicnet_2381,classical,validation,300.0,path_acoustic_phase,phase_lifted_path_homology,149,,,0.360358007288746,0.360358007288746,1.0,0.325,0.36305073615746253,0.39847523229869225,16.0,0.21342182900463014,0.0,0.0
classical_musicnet_2381__300s,classical_musicnet_2381,classical,validation,300.0,path_rhythm_phase,phase_lifted_path_homology,149,,,0.41945131894593374,0.41945131894593374,1.0,0.375,0.42343992251292734,0.43930110835842934,12.0,0.3054640549479488,0.0,0.0
classical_musicnet_2382__180s,classical_musicnet_2382,classical,validation,180.0,path_acoustic_phase,phase_lifted_path_homology,58,,,0.4041756894047349,0.4041756894047349,1.0,0.375,0.4057491554726743,0.41839233827897115,16.0,0.059156859324187794,0.0,0.0
classical_musicnet_2382__180s,classical_musicnet_2382,classical,validation,180.0,path_rhythm_phase,phase_lifted_path_homology,58,,,0.32581831133641487,0.32581831133641487,1.0,0.275,0.3316904317398848,0.3607524938702283,26.0,0.0835008551125429,0.0,0.0
classical_musicnet_2382__300s,classical_musicnet_2382,classical,validation,300.0,path_acoustic_phase,phase_lifted_path_homology,58,,,0.4041756894047349,0.4041756894047349,1.0,0.375,0.4057491554726743,0.41839233827897115,16.0,0.059156859324187794,0.0,0.0
classical_musicnet_2382__300s,classical_musicnet_2382,classical,validation,300.0,path_rhythm_phase,phase_lifted_path_homology,58,,,0.32581831133641487,0.32581831133641487,1.0,0.275,0.3316904317398848,0.3607524938702283,26.0,0.0835008551125429,0.0,0.0
classical_musicnet_2383__180s,classical_musicnet_2383,classical,validation,180.0,path_acoustic_phase,phase_lifted_path_homology,89,,,0.34798532446181846,0.34798532446181846,1.0,0.275,0.3522226190226887,0.37565172361966576,14.0,0.12394303361028869,0.0,0.0
classical_musicnet_2383__180s,classical_musicnet_2383,classical,validation,180.0,path_rhythm_phase,phase_lifted_path_homology,89,,,0.40300150089521325,0.40300150089521325,1.0,0.375,0.4041427053884435,0.40669110549578597,26.0,0.21658158345064082,0.0,0.0
classical_musicnet_2383__300s,classical_musicnet_2383,classical,validation,300.0,path_acoustic_phase,phase_lifted_path_homology,149,,,0.3644964082019115,0.3644964082019115,1.0,0.325,0.36821239784962045,0.3845094574200462,12.0,0.061372926702470965,0.0,0.0
classical_musicnet_2383__300s,classical_musicnet_2383,classical,validation,300.0,path_rhythm_phase,phase_lifted_path_homology,149,,,0.3486842938107386,0.3486842938107386,1.0,0.275,0.3565382975267498,0.3730646299678117,26.0,0.07835031711362572,0.0,0.0
classical_musicnet_2389__180s,classical_musicnet_2389,classical,validation,180.0,path_acoustic_phase,phase_lifted_path_homology,89,,,0.25721761857933145,0.25721761857933145,1.0,0.225,0.2785117380894473,0.3353585898110061,58.0,0.08570367325561556,0.0,0.0
classical_musicnet_2389__180s,classical_musicnet_2389,classical,validation,180.0,path_rhythm_phase,phase_lifted_path_homology,89,,,0.28685132537630603,0.28685132537630603,1.0,0.225,0.29491659269516873,0.34038977267470805,56.0,0.06188495897513002,0.0,0.0
classical_musicnet_2389__300s,classical_musicnet_2389,classical,validation,300.0,path_acoustic_phase,phase_lifted_path_homology,149,,,0.3241532549287018,0.3241532549287018,1.0,0.275,0.33216303483767473,0.37922165026135596,18.0,0.0881711103815801,0.0,0.0
classical_musicnet_2389__300s,classical_musicnet_2389,classical,validation,300.0,path_rhythm_phase,phase_lifted_path_homology,149,,,0.35501456793927216,0.35501456793927216,1.0,0.325,0.3558651805835481,0.37129957938429,38.0,0.06028041285044883,0.0,0.0
classical_musicnet_2390__180s,classical_musicnet_2390,classical,validation,180.0,path_acoustic_phase,phase_lifted_path_homology,89,,,0.3420004484604785,0.3420004484604785,1.0,0.275,0.3501835948700676,0.3664262073690125,18.0,0.10180669290078947,0.0,0.0
classical_musicnet_2390__180s,classical_musicnet_2390,classical,validation,180.0,path_rhythm_phase,phase_lifted_path_homology,89,,,0.3840894834900664,0.3840894834900664,1.0,0.325,0.3885845231673281,0.39998988457944273,46.0,0.09191145246298449,0.0,0.0
classical_musicnet_2390__300s,classical_musicnet_2390,classical,validation,300.0,path_acoustic_phase,phase_lifted_path_homology,149,,,0.35164899300868213,0.35164899300868213,1.0,0.325,0.352976987224202,0.367141265398422,18.0,0.08680819235125758,0.0,0.0
classical_musicnet_2390__300s,classical_musicnet_2390,classical,validation,300.0,path_rhythm_phase,phase_lifted_path_homology,149,,,0.32224972700622406,0.32224972700622406,1.0,0.275,0.3307329353325413,0.3622269449480688,16.0,0.12071106360330064,0.0,0.0
classical_musicnet_2393__180s,classical_musicnet_2393,classical,validation,180.0,path_acoustic_phase,phase_lifted_path_homology,89,,,0.21749559157882584,0.21749559157882584,1.0,0.175,0.245691041274162,0.32204956872531515,42.0,0.10809115792694679,0.0,0.0
classical_musicnet_2393__180s,classical_musicnet_2393,classical,validation,180.0,path_rhythm_phase,phase_lifted_path_homology,89,,,0.3584108246105464,0.3584108246105464,1.0,0.325,0.375085254910667,0.40329300365797915,20.0,0.1960965053962378,0.0,0.0
classical_musicnet_2393__300s,classical_musicnet_2393,classical,validation,300.0,path_acoustic_phase,phase_lifted_path_homology,149,,,0.2340800944119169,0.2340800944119169,1.0,0.175,0.25867394516763026,0.33196984528716167,42.0,0.09278350160460058,0.0,0.0
classical_musicnet_2393__300s,classical_musicnet_2393,classical,validation,300.0,path_rhythm_phase,phase_lifted_path_homology,149,,,0.35869454166984244,0.35869454166984244,1.0,0.325,0.36768529818392476,0.38579878050164335,14.0,0.07229192707228993,0.0,0.0
classical_musicnet_2398__180s,classical_musicnet_2398,classical,validation,180.0,path_acoustic_phase,phase_lifted_path_homology,89,,,0.2990826649730112,0.2990826649730112,1.0,0.225,0.3227668148915372,0.3837053014503177,58.0,0.1422528953774187,0.0,0.0
classical_musicnet_2398__180s,classical_musicnet_2398,classical,validation,180.0,path_rhythm_phase,phase_lifted_path_homology,89,,,0.3457252620152084,0.3457252620152084,1.0,0.275,0.37016061450962323,0.42484496057529353,12.0,0.19429317755495235,0.0,0.0
classical_musicnet_2398__300s,classical_musicnet_2398,classical,validation,300.0,path_acoustic_phase,phase_lifted_path_homology,149,,,0.42708758767825117,0.42708758767825117,1.0,0.375,0.42877815456066726,0.44841477826366577,60.0,0.11421019360844653,0.0,0.0
classical_musicnet_2398__300s,classical_musicnet_2398,classical,validation,300.0,path_rhythm_phase,phase_lifted_path_homology,149,,,0.43594191900892265,0.43594191900892265,1.0,0.375,0.4366311995405078,0.45606176140788585,14.0,0.12456634838343184,0.0,0.0
classical_musicnet_2404__180s,classical_musicnet_2404,classical,validation,180.0,path_acoustic_phase,phase_lifted_path_homology,89,,,0.31718422107772026,0.31718422107772026,1.0,0.275,0.34039489046235905,0.3814559545150227,42.0,0.1934686766144269,0.0,0.0
classical_musicnet_2404__180s,classical_musicnet_2404,classical,validation,180.0,path_rhythm_phase,phase_lifted_path_homology,89,,,0.3314212748218985,0.3314212748218985,1.0,0.275,0.33317543188624704,0.36453798601129866,44.0,0.11049876193891683,0.0,0.0
classical_musicnet_2404__300s,classical_musicnet_2404,classical,validation,300.0,path_acoustic_phase,phase_lifted_path_homology,149,,,0.3299106171562649,0.3299106171562649,1.0,0.275,0.34683680687746793,0.38029696502283805,42.0,0.12980170782034084,0.0,0.0
classical_musicnet_2404__300s,classical_musicnet_2404,classical,validation,300.0,path_rhythm_phase,phase_lifted_path_homology,149,,,0.37773041638315447,0.37773041638315447,1.0,0.325,0.3784238461893884,0.39104210375139026,44.0,0.09766956235668833,0.0,0.0
classical_musicnet_2406__180s,classical_musicnet_2406,classical,validation,180.0,path_acoustic_phase,phase_lifted_path_homology,89,,,0.2891420672035445,0.2891420672035445,1.0,0.225,0.3107953086921071,0.3716864797349297,50.0,0.11456084098396269,0.0,0.0
classical_musicnet_2406__180s,classical_musicnet_2406,classical,validation,180.0,path_rhythm_phase,phase_lifted_path_homology,89,,,0.3892488009305679,0.3892488009305679,1.0,0.325,0.3940185002393038,0.4058510600533444,12.0,0.17350117616729177,0.0,0.0
classical_musicnet_2406__300s,classical_musicnet_2406,classical,validation,300.0,path_acoustic_phase,phase_lifted_path_homology,149,,,0.3831040531212177,0.3831040531212177,1.0,0.325,0.38399106411324324,0.39313172968224636,12.0,0.09622420340420912,0.0,0.0
classical_musicnet_2406__300s,classical_musicnet_2406,classical,validation,300.0,path_rhythm_phase,phase_lifted_path_homology,149,,,0.37746490613033273,0.37746490613033273,1.0,0.325,0.38989851866719066,0.4183029476784592,12.0,0.12546263978582073,0.0,0.0
classical_musicnet_2411__180s,classical_musicnet_2411,classical,validation,180.0,path_acoustic_phase,phase_lifted_path_homology,64,,,0.3493667127959566,0.3493667127959566,1.0,0.275,0.35448831807516173,0.3789478355262097,20.0,0.23123938667964383,0.0,0.0
classical_musicnet_2411__180s,classical_musicnet_2411,classical,validation,180.0,path_rhythm_phase,phase_lifted_path_homology,64,,,0.34839631335560445,0.34839631335560445,1.0,0.275,0.35769411590322603,0.37968083067221176,22.0,0.20009135793757804,0.0,0.0
classical_musicnet_2411__300s,classical_musicnet_2411,classical,validation,300.0,path_acoustic_phase,phase_lifted_path_homology,64,,,0.3493667127959566,0.3493667127959566,1.0,0.275,0.35448831807516173,0.3789478355262097,20.0,0.23123938667964383,0.0,0.0
classical_musicnet_2411__300s,classical_musicnet_2411,classical,validation,300.0,path_rhythm_phase,phase_lifted_path_homology,64,,,0.34839631335560445,0.34839631335560445,1.0,0.275,0.35769411590322603,0.37968083067221176,22.0,0.20009135793757804,0.0,0.0
classical_musicnet_2423__180s,classical_musicnet_2423,classical,validation,180.0,path_acoustic_phase,phase_lifted_path_homology,89,,,0.3340589987048103,0.3340589987048103,1.0,0.275,0.35087470872968507,0.38710810572214766,12.0,0.08963596648142369,0.0,0.0
classical_musicnet_2423__180s,classical_musicnet_2423,classical,validation,180.0,path_rhythm_phase,phase_lifted_path_homology,89,,,0.4121567784661852,0.4121567784661852,1.0,0.375,0.4121676441109611,0.41420601946457203,58.0,0.18334288755244166,0.0,0.0
classical_musicnet_2423__300s,classical_musicnet_2423,classical,validation,300.0,path_acoustic_phase,phase_lifted_path_homology,148,,,0.3640228796661372,0.3640228796661372,1.0,0.325,0.3746661751114681,0.39311450001611964,14.0,0.10819730413844164,0.0,0.0
classical_musicnet_2423__300s,classical_musicnet_2423,classical,validation,300.0,path_rhythm_phase,phase_lifted_path_homology,148,,,0.3661026798607299,0.3661026798607299,1.0,0.325,0.3713591375109486,0.3841836645165239,24.0,0.07396444658510326,0.0,0.0
classical_musicnet_2432__180s,classical_musicnet_2432,classical,validation,180.0,path_acoustic_phase,phase_lifted_path_homology,89,,,0.44910301110897916,0.44910301110897916,1.0,0.375,0.45357029402485666,0.4769022695047578,26.0,0.263745387870695,0.0,0.0
classical_musicnet_2432__180s,classical_musicnet_2432,classical,validation,180.0,path_rhythm_phase,phase_lifted_path_homology,89,,,0.3287078030195537,0.3287078030195537,1.0,0.275,0.353062645100036,0.4236272532590503,26.0,0.23511644367872342,0.0,0.0
classical_musicnet_2432__300s,classical_musicnet_2432,classical,validation,300.0,path_acoustic_phase,phase_lifted_path_homology,96,,,0.43974545374263346,0.43974545374263346,1.0,0.375,0.4525293476630805,0.474374288401827,26.0,0.22327971352455966,0.0,0.0
classical_musicnet_2432__300s,classical_musicnet_2432,classical,validation,300.0,path_rhythm_phase,phase_lifted_path_homology,96,,,0.3708279974233333,0.3708279974233333,1.0,0.325,0.38538737461243205,0.4432555087917048,26.0,0.3822431655562628,0.0,0.0
classical_musicnet_2433__180s,classical_musicnet_2433,classical,validation,180.0,path_acoustic_phase,phase_lifted_path_homology,89,,,0.37081350329999335,0.37081350329999335,1.0,0.325,0.37570950192722613,0.4065403775597553,12.0,0.24777450469790296,0.0,0.0
classical_musicnet_2433__180s,classical_musicnet_2433,classical,validation,180.0,path_rhythm_phase,phase_lifted_path_homology,89,,,0.27959593813140843,0.27959593813140843,1.0,0.225,0.2993513114378545,0.35592060623628924,12.0,0.08475442389867083,0.0,0.0
classical_musicnet_2433__300s,classical_musicnet_2433,classical,validation,300.0,path_acoustic_phase,phase_lifted_path_homology,149,,,0.3698362355221283,0.3698362355221283,1.0,0.325,0.3823049717481749,0.4107483395415225,14.0,0.1962768689075436,0.0,0.0
classical_musicnet_2433__300s,classical_musicnet_2433,classical,validation,300.0,path_rhythm_phase,phase_lifted_path_homology,149,,,0.3310110298289345,0.3310110298289345,1.0,0.275,0.33880019210815304,0.3752558820772472,58.0,0.0837428213312108,0.0,0.0
classical_musicnet_2442__180s,classical_musicnet_2442,classical,validation,180.0,path_acoustic_phase,phase_lifted_path_homology,87,,,0.3384595864130667,0.3384595864130667,1.0,0.275,0.3519064196034025,0.38156858334315435,16.0,0.11870098338066026,0.0,0.0
classical_musicnet_2442__180s,classical_musicnet_2442,classical,validation,180.0,path_rhythm_phase,phase_lifted_path_homology,87,,,0.3691523002797958,0.3691523002797958,1.0,0.325,0.3789936115370236,0.4140963063330148,16.0,0.19790565105278501,0.0,0.0
classical_musicnet_2442__300s,classical_musicnet_2442,classical,validation,300.0,path_acoustic_phase,phase_lifted_path_homology,87,,,0.3384595864130667,0.3384595864130667,1.0,0.275,0.3519064196034025,0.38156858334315435,16.0,0.11870098338066026,0.0,0.0
classical_musicnet_2442__300s,classical_musicnet_2442,classical,validation,300.0,path_rhythm_phase,phase_lifted_path_homology,87,,,0.3691523002797958,0.3691523002797958,1.0,0.325,0.3789936115370236,0.4140963063330148,16.0,0.19790565105278501,0.0,0.0
classical_musicnet_2444__180s,classical_musicnet_2444,classical,validation,180.0,path_acoustic_phase,phase_lifted_path_homology,89,,,0.3529620067235661,0.3529620067235661,1.0,0.325,0.35334094914287095,0.3786867355042449,12.0,0.21512819963523655,0.0,0.0
classical_musicnet_2444__180s,classical_musicnet_2444,classical,validation,180.0,path_rhythm_phase,phase_lifted_path_homology,89,,,0.3233580687411539,0.3233580687411539,1.0,0.275,0.33651502844429076,0.36461850252820294,48.0,0.11990307138485878,0.0,0.0
classical_musicnet_2444__300s,classical_musicnet_2444,classical,validation,300.0,path_acoustic_phase,phase_lifted_path_homology,149,,,0.37691462596769404,0.37691462596769404,1.0,0.325,0.37764612805512343,0.4040777192400597,12.0,0.14159215852490292,0.0,0.0
classical_musicnet_2444__300s,classical_musicnet_2444,classical,validation,300.0,path_rhythm_phase,phase_lifted_path_homology,149,,,0.4119257716286276,0.4119257716286276,1.0,0.375,0.41441323485980397,0.42728892259671114,12.0,0.18299717525253767,0.0,0.0
classical_musicnet_2462__180s,classical_musicnet_2462,classical,validation,180.0,path_acoustic_phase,phase_lifted_path_homology,89,,,0.3265396113260938,0.3265396113260938,1.0,0.275,0.3354788084988156,0.3668432308509959,34.0,0.08760405752164635,0.0,0.0
classical_musicnet_2462__180s,classical_musicnet_2462,classical,validation,180.0,path_rhythm_phase,phase_lifted_path_homology,89,,,0.366751709574575,0.366751709574575,1.0,0.325,0.369435653592214,0.37995792997825745,14.0,0.0459980172363208,0.0,0.0
classical_musicnet_2462__300s,classical_musicnet_2462,classical,validation,300.0,path_acoustic_phase,phase_lifted_path_homology,149,,,0.367833990213192,0.367833990213192,1.0,0.325,0.3707084054342952,0.3815351758843048,12.0,0.11659242545931758,0.0,0.0
classical_musicnet_2462__300s,classical_musicnet_2462,classical,validation,300.0,path_rhythm_phase,phase_lifted_path_homology,149,,,0.3612258935922301,0.3612258935922301,1.0,0.325,0.36419857875941486,0.382753726618442,12.0,0.07339632461377832,0.0,0.0
classical_musicnet_2463__180s,classical_musicnet_2463,classical,validation,180.0,path_acoustic_phase,phase_lifted_path_homology,89,,,0.2737241620850642,0.2737241620850642,1.0,0.225,0.28704575754199313,0.33804898554711,56.0,0.07741445247152012,0.0,0.0
classical_musicnet_2463__180s,classical_musicnet_2463,classical,validation,180.0,path_rhythm_phase,phase_lifted_path_homology,89,,,0.296384259504718,0.296384259504718,1.0,0.225,0.31597545100672203,0.3639832536775467,40.0,0.09635512391048429,0.0,0.0
classical_musicnet_2463__300s,classical_musicnet_2463,classical,validation,300.0,path_acoustic_phase,phase_lifted_path_homology,149,,,0.34902044828355294,0.34902044828355294,1.0,0.275,0.3493098463613272,0.36039234175189333,12.0,0.11791434401608747,0.0,0.0
classical_musicnet_2463__300s,classical_musicnet_2463,classical,validation,300.0,path_rhythm_phase,phase_lifted_path_homology,149,,,0.3649056324728682,0.3649056324728682,1.0,0.325,0.3670577825954147,0.381981274197374,14.0,0.08522516640238331,0.0,0.0
classical_musicnet_2466__180s,classical_musicnet_2466,classical,validation,180.0,path_acoustic_phase,phase_lifted_path_homology,89,,,0.3869313514211041,0.3869313514211041,1.0,0.325,0.3903360178199231,0.40228181545549807,12.0,0.16713077046709968,0.0,0.0
classical_musicnet_2466__180s,classical_musicnet_2466,classical,validation,180.0,path_rhythm_phase,phase_lifted_path_homology,89,,,0.37147525741093607,0.37147525741093607,1.0,0.325,0.3750376981283797,0.3841429371983623,36.0,0.09780625220992945,0.0,0.0
classical_musicnet_2466__300s,classical_musicnet_2466,classical,validation,300.0,path_acoustic_phase,phase_lifted_path_homology,149,,,0.3789680418881074,0.3789680418881074,1.0,0.325,0.37979529083645536,0.38664105271671817,12.0,0.12729355971589174,0.0,0.0
classical_musicnet_2466__300s,classical_musicnet_2466,classical,validation,300.0,path_rhythm_phase,phase_lifted_path_homology,149,,,0.35865112635830576,0.35865112635830576,1.0,0.325,0.36298270187223625,0.3956186755628163,14.0,0.12400757991073852,0.0,0.0
classical_musicnet_2472__180s,classical_musicnet_2472,classical,validation,180.0,path_acoustic_phase,phase_lifted_path_homology,89,,,0.4279759415125766,0.4279759415125766,1.0,0.375,0.42968450957874316,0.44609599456544985,38.0,0.1786440552114419,0.0,0.0
classical_musicnet_2472__180s,classical_musicnet_2472,classical,validation,180.0,path_rhythm_phase,phase_lifted_path_homology,89,,,0.3413422268657788,0.3413422268657788,1.0,0.275,0.3535467666184423,0.3841490958710454,38.0,0.08508550767399581,0.0,0.0
classical_musicnet_2472__300s,classical_musicnet_2472,classical,validation,300.0,path_acoustic_phase,phase_lifted_path_homology,107,,,0.38770998433016557,0.38770998433016557,1.0,0.325,0.38804313304239724,0.39058078252190537,28.0,0.12240938017273328,0.0,0.0
classical_musicnet_2472__300s,classical_musicnet_2472,classical,validation,300.0,path_rhythm_phase,phase_lifted_path_homology,107,,,0.37025097486821795,0.37025097486821795,1.0,0.325,0.37425330721372124,0.3856809085942043,28.0,0.10430330167161328,0.0,0.0
classical_musicnet_2476__180s,classical_musicnet_2476,classical,validation,180.0,path_acoustic_phase,phase_lifted_path_homology,89,,,0.4004420297633152,0.4004420297633152,1.0,0.375,0.40319255026110323,0.4140965962505326,18.0,0.1508855783134857,0.0,0.0
classical_musicnet_2476__180s,classical_musicnet_2476,classical,validation,180.0,path_rhythm_phase,phase_lifted_path_homology,89,,,0.400618189787498,0.400618189787498,1.0,0.375,0.40448324089468446,0.4220847963721044,16.0,0.1726314804754645,0.0,0.0
classical_musicnet_2476__300s,classical_musicnet_2476,classical,validation,300.0,path_acoustic_phase,phase_lifted_path_homology,149,,,0.3848845284906587,0.3848845284906587,1.0,0.325,0.39005987341686754,0.4101640850222008,18.0,0.22969657468117588,0.0,0.0
classical_musicnet_2476__300s,classical_musicnet_2476,classical,validation,300.0,path_rhythm_phase,phase_lifted_path_homology,149,,,0.37200095409687667,0.37200095409687667,1.0,0.325,0.37921593310998153,0.40114488700144263,16.0,0.19030621126244363,0.0,0.0
classical_musicnet_2477__180s,classical_musicnet_2477,classical,validation,180.0,path_acoustic_phase,phase_lifted_path_homology,89,,,0.34026779526410006,0.34026779526410006,1.0,0.275,0.34461316122911545,0.3696675628737219,22.0,0.1645787571854629,0.0,0.0
classical_musicnet_2477__180s,classical_musicnet_2477,classical,validation,180.0,path_rhythm_phase,phase_lifted_path_homology,89,,,0.3504193180716499,0.3504193180716499,1.0,0.325,0.3556023795340518,0.39573984652943744,38.0,0.18162061703077237,0.0,0.0
classical_musicnet_2477__300s,classical_musicnet_2477,classical,validation,300.0,path_acoustic_phase,phase_lifted_path_homology,109,,,0.323166114338284,0.323166114338284,1.0,0.275,0.3356079844152742,0.37326380457708375,22.0,0.13064496800535874,0.0,0.0
classical_musicnet_2477__300s,classical_musicnet_2477,classical,validation,300.0,path_rhythm_phase,phase_lifted_path_homology,109,,,0.37190519493658414,0.37190519493658414,1.0,0.325,0.39002979459188525,0.42913115936668,22.0,0.19838445376932445,0.0,0.0
classical_musicnet_2478__180s,classical_musicnet_2478,classical,validation,180.0,path_acoustic_phase,phase_lifted_path_homology,89,,,0.3102136535129878,0.3102136535129878,1.0,0.275,0.32212853177807776,0.3585158005134341,12.0,0.09659150604482614,0.0,0.0
classical_musicnet_2478__180s,classical_musicnet_2478,classical,validation,180.0,path_rhythm_phase,phase_lifted_path_homology,89,,,0.30354392797856455,0.30354392797856455,1.0,0.275,0.31410633817192757,0.36413402670936407,22.0,0.058362356626725065,0.0,0.0
classical_musicnet_2478__300s,classical_musicnet_2478,classical,validation,300.0,path_acoustic_phase,phase_lifted_path_homology,149,,,0.3596096105900183,0.3596096105900183,1.0,0.325,0.36436150105540027,0.3764990069567716,22.0,0.06374643039511807,0.0,0.0
classical_musicnet_2478__300s,classical_musicnet_2478,classical,validation,300.0,path_rhythm_phase,phase_lifted_path_homology,149,,,0.3370795354673352,0.3370795354673352,1.0,0.275,0.34000841523422987,0.3679813923278988,50.0,0.1006242350297335,0.0,0.0
classical_musicnet_2481__180s,classical_musicnet_2481,classical,validation,180.0,path_acoustic_phase,phase_lifted_path_homology,89,,,0.29748072152643024,0.29748072152643024,1.0,0.225,0.31567326123772155,0.36920412616145043,32.0,0.10332653112477752,0.0,0.0
classical_musicnet_2481__180s,classical_musicnet_2481,classical,validation,180.0,path_rhythm_phase,phase_lifted_path_homology,89,,,0.3289988282207109,0.3289988282207109,1.0,0.275,0.3367583194187266,0.3766329687731254,22.0,0.09852848091839839,0.0,0.0
classical_musicnet_2481__300s,classical_musicnet_2481,classical,validation,300.0,path_acoustic_phase,phase_lifted_path_homology,149,,,0.32861998726022573,0.32861998726022573,1.0,0.275,0.332053166971188,0.3717791984056696,58.0,0.12118674577850452,0.0,0.0
classical_musicnet_2481__300s,classical_musicnet_2481,classical,validation,300.0,path_rhythm_phase,phase_lifted_path_homology,149,,,0.362839646068512,0.362839646068512,1.0,0.325,0.366269265713129,0.38009330407207237,44.0,0.07479322325538407,0.0,0.0
classical_musicnet_2482__180s,classical_musicnet_2482,classical,validation,180.0,path_acoustic_phase,phase_lifted_path_homology,89,,,0.4201554005250651,0.4201554005250651,1.0,0.375,0.4284305002808052,0.454429394933673,22.0,0.274817177710456,0.0,0.0
classical_musicnet_2482__180s,classical_musicnet_2482,classical,validation,180.0,path_rhythm_phase,phase_lifted_path_homology,89,,,0.392464679476359,0.392464679476359,1.0,0.325,0.39518184056551775,0.40690310056770757,20.0,0.1285507371206982,0.0,0.0
classical_musicnet_2482__300s,classical_musicnet_2482,classical,validation,300.0,path_acoustic_phase,phase_lifted_path_homology,149,,,0.4776097615411533,0.4776097615411533,1.0,0.425,0.48056356660478705,0.4861459209992755,16.0,0.2178652678316777,0.0,0.0
classical_musicnet_2482__300s,classical_musicnet_2482,classical,validation,300.0,path_rhythm_phase,phase_lifted_path_homology,149,,,0.4210753471131674,0.4210753471131674,1.0,0.375,0.4367090794960092,0.4739391005459359,16.0,0.18700764332876152,0.0,0.0
classical_musicnet_2483__180s,classical_musicnet_2483,classical,validation,180.0,path_acoustic_phase,phase_lifted_path_homology,89,,,0.362088662058501,0.362088662058501,1.0,0.325,0.36250252718029397,0.36501442729854156,58.0,0.12674584224827123,0.0,0.0
classical_musicnet_2483__180s,classical_musicnet_2483,classical,validation,180.0,path_rhythm_phase,phase_lifted_path_homology,89,,,0.2811391884226179,0.2811391884226179,1.0,0.225,0.29705666648415385,0.356237943576087,36.0,0.11827397529489181,0.0,0.0
classical_musicnet_2483__300s,classical_musicnet_2483,classical,validation,300.0,path_acoustic_phase,phase_lifted_path_homology,149,,,0.3477801239268158,0.3477801239268158,1.0,0.275,0.34976071144010773,0.36359873412548643,58.0,0.12234238848202095,0.0,0.0
classical_musicnet_2483__300s,classical_musicnet_2483,classical,validation,300.0,path_rhythm_phase,phase_lifted_path_homology,149,,,0.303807450889357,0.303807450889357,1.0,0.275,0.3050425852982931,0.3604540792882783,38.0,0.1366715443390687,0.0,0.0
classical_musicnet_2486__180s,classical_musicnet_2486,classical,validation,180.0,path_acoustic_phase,phase_lifted_path_homology,89,,,0.2809444758075848,0.2809444758075848,1.0,0.225,0.293326036472708,0.3606368201085411,18.0,0.10416887542804765,0.0,0.0
classical_musicnet_2486__180s,classical_musicnet_2486,classical,validation,180.0,path_rhythm_phase,phase_lifted_path_homology,89,,,0.3508016461131288,0.3508016461131288,1.0,0.325,0.35491698259257887,0.3928791423079152,40.0,0.13272648847474144,0.0,0.0
classical_musicnet_2486__300s,classical_musicnet_2486,classical,validation,300.0,path_acoustic_phase,phase_lifted_path_homology,149,,,0.3370215930577024,0.3370215930577024,1.0,0.275,0.34951165682994445,0.37327254847064756,18.0,0.0884390764103915,0.0,0.0
classical_musicnet_2486__300s,classical_musicnet_2486,classical,validation,300.0,path_rhythm_phase,phase_lifted_path_homology,149,,,0.3517574911549191,0.3517574911549191,1.0,0.325,0.3593560922151024,0.3860280359509652,24.0,0.09116573557846941,0.0,0.0
classical_musicnet_2491__180s,classical_musicnet_2491,classical,validation,180.0,path_acoustic_phase,phase_lifted_path_homology,89,,,0.3871288027350332,0.3871288027350332,1.0,0.325,0.3893584227421498,0.39932799331123814,12.0,0.06689423507318515,0.0,0.0
classical_musicnet_2491__180s,classical_musicnet_2491,classical,validation,180.0,path_rhythm_phase,phase_lifted_path_homology,89,,,0.2507697383751736,0.2507697383751736,1.0,0.225,0.28718824831913015,0.34865368901034716,50.0,0.2537158882041338,0.0,0.0
classical_musicnet_2491__300s,classical_musicnet_2491,classical,validation,300.0,path_acoustic_phase,phase_lifted_path_homology,149,,,0.4403425317357394,0.4403425317357394,1.0,0.375,0.4409729683475054,0.4448019186400327,64.0,0.11647831917713058,0.0,0.0
classical_musicnet_2491__300s,classical_musicnet_2491,classical,validation,300.0,path_rhythm_phase,phase_lifted_path_homology,149,,,0.3791249006103004,0.3791249006103004,1.0,0.325,0.38329760900529225,0.40058071828455893,64.0,0.1198715449978498,0.0,0.0
classical_musicnet_2492__180s,classical_musicnet_2492,classical,validation,180.0,path_acoustic_phase,phase_lifted_path_homology,89,,,0.404959354423287,0.404959354423287,1.0,0.375,0.40736113152574505,0.4265215687487331,18.0,0.21331966959701543,0.0,0.0
classical_musicnet_2492__180s,classical_musicnet_2492,classical,validation,180.0,path_rhythm_phase,phase_lifted_path_homology,89,,,0.3825067408915514,0.3825067408915514,1.0,0.325,0.3920711163709481,0.40984523394456424,18.0,0.13913419385589254,0.0,0.0
classical_musicnet_2492__300s,classical_musicnet_2492,classical,validation,300.0,path_acoustic_phase,phase_lifted_path_homology,149,,,0.40683119174170207,0.40683119174170207,1.0,0.375,0.40913462329147277,0.42241271016236953,12.0,0.18583622297530344,0.0,0.0
classical_musicnet_2492__300s,classical_musicnet_2492,classical,validation,300.0,path_rhythm_phase,phase_lifted_path_homology,149,,,0.36290733939323794,0.36290733939323794,1.0,0.325,0.3660495700738938,0.37233190478557016,30.0,0.09498077009762307,0.0,0.0
classical_musicnet_2494__180s,classical_musicnet_2494,classical,validation,180.0,path_acoustic_phase,phase_lifted_path_homology,89,,,0.2829026976700577,0.2829026976700577,1.0,0.225,0.30848259814360535,0.35650223638391454,52.0,0.09629480419364378,0.0,0.0
classical_musicnet_2494__180s,classical_musicnet_2494,classical,validation,180.0,path_rhythm_phase,phase_lifted_path_homology,89,,,0.3276138947781622,0.3276138947781622,1.0,0.275,0.3328914330379499,0.3666386417741947,12.0,0.16393321688149154,0.0,0.0
classical_musicnet_2494__300s,classical_musicnet_2494,classical,validation,300.0,path_acoustic_phase,phase_lifted_path_homology,148,,,0.3585699982979419,0.3585699982979419,1.0,0.325,0.36083121152747627,0.3699630621089282,62.0,0.10424885754648794,0.0,0.0
classical_musicnet_2494__300s,classical_musicnet_2494,classical,validation,300.0,path_rhythm_phase,phase_lifted_path_homology,148,,,0.40028549362864096,0.40028549362864096,1.0,0.375,0.40194067990876303,0.4150364943394749,64.0,0.18142177987925834,0.0,0.0
classical_musicnet_2497__180s,classical_musicnet_2497,classical,validation,180.0,path_acoustic_phase,phase_lifted_path_homology,89,,,0.26667739506769356,0.26667739506769356,1.0,0.225,0.2852757587261497,0.33366575690850353,46.0,0.04559416901061075,0.0,0.0
classical_musicnet_2497__180s,classical_musicnet_2497,classical,validation,180.0,path_rhythm_phase,phase_lifted_path_homology,89,,,0.36927150251344476,0.36927150251344476,1.0,0.325,0.3711960998814533,0.3845295989078141,24.0,0.08245324919949293,0.0,0.0
classical_musicnet_2497__300s,classical_musicnet_2497,classical,validation,300.0,path_acoustic_phase,phase_lifted_path_homology,146,,,0.3297286941405613,0.3297286941405613,1.0,0.275,0.34541764033761513,0.37894024174989155,48.0,0.10915667414393893,0.0,0.0
classical_musicnet_2497__300s,classical_musicnet_2497,classical,validation,300.0,path_rhythm_phase,phase_lifted_path_homology,146,,,0.39309073488176816,0.39309073488176816,1.0,0.325,0.39773463343413307,0.41680734429737626,12.0,0.10688818442528714,0.0,0.0
classical_musicnet_2505__180s,classical_musicnet_2505,classical,validation,180.0,path_acoustic_phase,phase_lifted_path_homology,89,,,0.33770502900712124,0.33770502900712124,1.0,0.275,0.3426430854213443,0.3581653615521652,14.0,0.05559114147566069,0.0,0.0
classical_musicnet_2505__180s,classical_musicnet_2505,classical,validation,180.0,path_rhythm_phase,phase_lifted_path_homology,89,,,0.29373486148802586,0.29373486148802586,1.0,0.225,0.31350872457736684,0.3642080572435989,56.0,0.1595743177129374,0.0,0.0
classical_musicnet_2505__300s,classical_musicnet_2505,classical,validation,300.0,path_acoustic_phase,phase_lifted_path_homology,149,,,0.3132724901742728,0.3132724901742728,1.0,0.275,0.32762541997635536,0.3668262567279907,40.0,0.09532808341284005,0.0,0.0
classical_musicnet_2505__300s,classical_musicnet_2505,classical,validation,300.0,path_rhythm_phase,phase_lifted_path_homology,149,,,0.3469346192162739,0.3469346192162739,1.0,0.275,0.36044437116553896,0.39323223924376655,56.0,0.14006293085821087,0.0,0.0
classical_musicnet_2507__180s,classical_musicnet_2507,classical,validation,180.0,path_acoustic_phase,phase_lifted_path_homology,89,,,0.33650442960571775,0.33650442960571775,1.0,0.275,0.3434939850762666,0.3689457795242726,18.0,0.14523432552344717,0.0,0.0
classical_musicnet_2507__180s,classical_musicnet_2507,classical,validation,180.0,path_rhythm_phase,phase_lifted_path_homology,89,,,0.3406675945167788,0.3406675945167788,1.0,0.275,0.34927275773871186,0.37981972235606176,26.0,0.1297470811467505,0.0,0.0
classical_musicnet_2507__300s,classical_musicnet_2507,classical,validation,300.0,path_acoustic_phase,phase_lifted_path_homology,108,,,0.35754844258560675,0.35754844258560675,1.0,0.325,0.35864313901653183,0.37595828058599606,14.0,0.0817675645174285,0.0,0.0
classical_musicnet_2507__300s,classical_musicnet_2507,classical,validation,300.0,path_rhythm_phase,phase_lifted_path_homology,108,,,0.38173725886342447,0.38173725886342447,1.0,0.325,0.3834902165800037,0.39511499967613034,18.0,0.1428534258104429,0.0,0.0
classical_musicnet_2509__180s,classical_musicnet_2509,classical,validation,180.0,path_acoustic_phase,phase_lifted_path_homology,89,,,0.3042995335341571,0.3042995335341571,1.0,0.275,0.3088900581607589,0.337412201578066,40.0,0.0906818050236502,0.0,0.0
classical_musicnet_2509__180s,classical_musicnet_2509,classical,validation,180.0,path_rhythm_phase,phase_lifted_path_homology,89,,,0.31673247967297513,0.31673247967297513,1.0,0.275,0.3272989180632601,0.3510295512209858,58.0,0.15656701434363063,0.0,0.0
classical_musicnet_2509__300s,classical_musicnet_2509,classical,validation,300.0,path_acoustic_phase,phase_lifted_path_homology,149,,,0.3208338196743562,0.3208338196743562,1.0,0.275,0.32961942097054875,0.3487732609710687,14.0,0.04235866616400674,0.0,0.0
classical_musicnet_2509__300s,classical_musicnet_2509,classical,validation,300.0,path_rhythm_phase,phase_lifted_path_homology,149,,,0.3687123592701664,0.3687123592701664,1.0,0.325,0.37274238692153017,0.3880056220114658,12.0,0.0713370060737275,0.0,0.0
classical_musicnet_2514__180s,classical_musicnet_2514,classical,validation,180.0,path_acoustic_phase,phase_lifted_path_homology,89,,,0.34011495517512347,0.34011495517512347,1.0,0.275,0.3459793822415973,0.3940179430040313,46.0,0.12874784202312828,0.0,0.0
classical_musicnet_2514__180s,classical_musicnet_2514,classical,validation,180.0,path_rhythm_phase,phase_lifted_path_homology,89,,,0.3563572693246822,0.3563572693246822,1.0,0.325,0.3675594251979522,0.4020477419624838,52.0,0.11799826973546157,0.0,0.0
classical_musicnet_2514__300s,classical_musicnet_2514,classical,validation,300.0,path_acoustic_phase,phase_lifted_path_homology,149,,,0.39013045543512737,0.39013045543512737,1.0,0.325,0.39636297602220805,0.4142948705524851,60.0,0.16473706744428407,0.0,0.0
classical_musicnet_2514__300s,classical_musicnet_2514,classical,validation,300.0,path_rhythm_phase,phase_lifted_path_homology,149,,,0.3273565422837335,0.3273565422837335,1.0,0.275,0.34054755999986086,0.36876221982081986,44.0,0.08192052404286176,0.0,0.0
classical_musicnet_2516__180s,classical_musicnet_2516,classical,validation,180.0,path_acoustic_phase,phase_lifted_path_homology,89,,,0.3594713333599995,0.3594713333599995,1.0,0.325,0.3733162216834673,0.4026840495432095,24.0,0.14828354209504946,0.0,0.0
classical_musicnet_2516__180s,classical_musicnet_2516,classical,validation,180.0,path_rhythm_phase,phase_lifted_path_homology,89,,,0.4009014927468662,0.4009014927468662,1.0,0.375,0.40900809865786725,0.42936629435212814,14.0,0.10931459614456274,0.0,0.0
classical_musicnet_2516__300s,classical_musicnet_2516,classical,validation,300.0,path_acoustic_phase,phase_lifted_path_homology,149,,,0.3942672106493836,0.3942672106493836,1.0,0.325,0.3963029657988646,0.40771210438994626,12.0,0.16407976420930415,0.0,0.0
classical_musicnet_2516__300s,classical_musicnet_2516,classical,validation,300.0,path_rhythm_phase,phase_lifted_path_homology,149,,,0.4115740198119789,0.4115740198119789,1.0,0.375,0.4127245775574265,0.42341857195635063,14.0,0.2244937560055218,0.0,0.0
classical_musicnet_2521__180s,classical_musicnet_2521,classical,validation,180.0,path_acoustic_phase,phase_lifted_path_homology,89,,,0.3427187807506737,0.3427187807506737,1.0,0.275,0.34589594577936383,0.36460059030163766,22.0,0.0677994950533447,0.0,0.0
classical_musicnet_2521__180s,classical_musicnet_2521,classical,validation,180.0,path_rhythm_phase,phase_lifted_path_homology,89,,,0.35834955981137706,0.35834955981137706,1.0,0.325,0.36022124912623815,0.3730678784876617,16.0,0.09101263390665082,0.0,0.0
classical_musicnet_2521__300s,classical_musicnet_2521,classical,validation,300.0,path_acoustic_phase,phase_lifted_path_homology,149,,,0.3472369097562364,0.3472369097562364,1.0,0.275,0.35307126301854197,0.37754095763609635,12.0,0.08626249043609313,0.0,0.0
classical_musicnet_2521__300s,classical_musicnet_2521,classical,validation,300.0,path_rhythm_phase,phase_lifted_path_homology,149,,,0.35523251418005664,0.35523251418005664,1.0,0.325,0.3602897295747627,0.37245483167056603,58.0,0.11668483847857658,0.0,0.0
classical_musicnet_2527__180s,classical_musicnet_2527,classical,validation,180.0,path_acoustic_phase,phase_lifted_path_homology,89,,,0.3099433664741217,0.3099433664741217,1.0,0.275,0.3189630760607407,0.35998132676026895,36.0,0.06583643598528299,0.0,0.0
classical_musicnet_2527__180s,classical_musicnet_2527,classical,validation,180.0,path_rhythm_phase,phase_lifted_path_homology,89,,,0.36523358604483486,0.36523358604483486,1.0,0.325,0.366323440583789,0.38681031935620797,42.0,0.10742174111359981,0.0,0.0
classical_musicnet_2527__300s,classical_musicnet_2527,classical,validation,300.0,path_acoustic_phase,phase_lifted_path_homology,149,,,0.33776035035001084,0.33776035035001084,1.0,0.275,0.3471161328284972,0.3653516833150971,18.0,0.08685663933763221,0.0,0.0
classical_musicnet_2527__300s,classical_musicnet_2527,classical,validation,300.0,path_rhythm_phase,phase_lifted_path_homology,149,,,0.35642505479499725,0.35642505479499725,1.0,0.325,0.3619190500141092,0.3729665307078988,62.0,0.07152960211472847,0.0,0.0
classical_musicnet_2528__180s,classical_musicnet_2528,classical,validation,180.0,path_acoustic_phase,phase_lifted_path_homology,89,,,0.3565252485423356,0.3565252485423356,1.0,0.325,0.36299364158760966,0.39059852435149106,32.0,0.10739486375407892,0.0,0.0
classical_musicnet_2528__180s,classical_musicnet_2528,classical,validation,180.0,path_rhythm_phase,phase_lifted_path_homology,89,,,0.3176497509316773,0.3176497509316773,1.0,0.275,0.3303962823905162,0.3569934041661514,52.0,0.09724399612969492,0.0,0.0
classical_musicnet_2528__300s,classical_musicnet_2528,classical,validation,300.0,path_acoustic_phase,phase_lifted_path_homology,149,,,0.3480404649634452,0.3480404649634452,1.0,0.275,0.35018348529145016,0.36791610435035443,36.0,0.10194472010816247,0.0,0.0
classical_musicnet_2528__300s,classical_musicnet_2528,classical,validation,300.0,path_rhythm_phase,phase_lifted_path_homology,149,,,0.30990826453542325,0.30990826453542325,1.0,0.275,0.32369366217166606,0.35726801775227907,64.0,0.08532840523784735,0.0,0.0
classical_musicnet_2529__180s,classical_musicnet_2529,classical,validation,180.0,path_acoustic_phase,phase_lifted_path_homology,89,,,0.3317448044654541,0.3317448044654541,1.0,0.275,0.3438695982339324,0.3679579479234716,26.0,0.10345617278903463,0.0,0.0
classical_musicnet_2529__180s,classical_musicnet_2529,classical,validation,180.0,path_rhythm_phase,phase_lifted_path_homology,89,,,0.3375786547094619,0.3375786547094619,1.0,0.275,0.3388599116589153,0.3499904175951149,56.0,0.10581016066190574,0.0,0.0
classical_musicnet_2529__300s,classical_musicnet_2529,classical,validation,300.0,path_acoustic_phase,phase_lifted_path_homology,137,,,0.35546948503744896,0.35546948503744896,1.0,0.325,0.35561436859470513,0.3585672925613827,64.0,0.09267803448475576,0.0,0.0
classical_musicnet_2529__300s,classical_musicnet_2529,classical,validation,300.0,path_rhythm_phase,phase_lifted_path_homology,137,,,0.36428604651601,0.36428604651601,1.0,0.325,0.3692991232371659,0.3805350124398567,40.0,0.11422788625391456,0.0,0.0
classical_musicnet_2530__180s,classical_musicnet_2530,classical,validation,180.0,path_acoustic_phase,phase_lifted_path_homology,89,,,0.3172083574998913,0.3172083574998913,1.0,0.275,0.3266158645812139,0.36429630810936137,54.0,0.08542652126533046,0.0,0.0
classical_musicnet_2530__180s,classical_musicnet_2530,classical,validation,180.0,path_rhythm_phase,phase_lifted_path_homology,89,,,0.3353376549574009,0.3353376549574009,1.0,0.275,0.3557930822725483,0.39271612825917646,50.0,0.15239599256236946,0.0,0.0
classical_musicnet_2530__300s,classical_musicnet_2530,classical,validation,300.0,path_acoustic_phase,phase_lifted_path_homology,149,,,0.2939421347057757,0.2939421347057757,1.0,0.225,0.3083437217441925,0.36089182910158163,56.0,0.10116532404423295,0.0,0.0
classical_musicnet_2530__300s,classical_musicnet_2530,classical,validation,300.0,path_rhythm_phase,phase_lifted_path_homology,149,,,0.3538896100003979,0.3538896100003979,1.0,0.325,0.35949091554021123,0.38728308552327073,50.0,0.14437046099766637,0.0,0.0
classical_musicnet_2532__180s,classical_musicnet_2532,classical,validation,180.0,path_acoustic_phase,phase_lifted_path_homology,89,,,0.3293963208970234,0.3293963208970234,1.0,0.275,0.32984988468451415,0.3737773161572262,58.0,0.14050472478416465,0.0,0.0
classical_musicnet_2532__180s,classical_musicnet_2532,classical,validation,180.0,path_rhythm_phase,phase_lifted_path_homology,89,,,0.34002716247594944,0.34002716247594944,1.0,0.275,0.35249138170735517,0.3938513141862301,56.0,0.15295219561195617,0.0,0.0
classical_musicnet_2532__300s,classical_musicnet_2532,classical,validation,300.0,path_acoustic_phase,phase_lifted_path_homology,149,,,0.32274438985468573,0.32274438985468573,1.0,0.275,0.3292983770845477,0.3751945480877949,54.0,0.12360374886486802,0.0,0.0
classical_musicnet_2532__300s,classical_musicnet_2532,classical,validation,300.0,path_rhythm_phase,phase_lifted_path_homology,149,,,0.3646540795635215,0.3646540795635215,1.0,0.325,0.36739414710059876,0.380899120201532,54.0,0.1073640293422593,0.0,0.0
classical_musicnet_2533__180s,classical_musicnet_2533,classical,validation,180.0,path_acoustic_phase,phase_lifted_path_homology,89,,,0.46428401522834234,0.46428401522834234,1.0,0.425,0.4656037804699616,0.4774720481079284,12.0,0.4543291290567195,0.0,0.0
classical_musicnet_2533__180s,classical_musicnet_2533,classical,validation,180.0,path_rhythm_phase,phase_lifted_path_homology,89,,,0.32919571469039827,0.32919571469039827,1.0,0.275,0.339321815075653,0.3826882383816885,32.0,0.08861096483014719,0.0,0.0
classical_musicnet_2533__300s,classical_musicnet_2533,classical,validation,300.0,path_acoustic_phase,phase_lifted_path_homology,149,,,0.5233446449352317,0.5233446449352317,1.0,0.47500000000000003,0.523971343037998,0.5298858834753003,12.0,0.3013104024559522,0.0,0.0
classical_musicnet_2533__300s,classical_musicnet_2533,classical,validation,300.0,path_rhythm_phase,phase_lifted_path_homology,149,,,0.3927884531327108,0.3927884531327108,1.0,0.325,0.39673264725683277,0.415705563274784,60.0,0.09148508886869933,0.0,0.0
classical_musicnet_2538__180s,classical_musicnet_2538,classical,validation,180.0,path_acoustic_phase,phase_lifted_path_homology,89,,,0.3643307186872432,0.3643307186872432,1.0,0.325,0.3672384046784378,0.3736740404793885,14.0,0.1976298194681081,0.0,0.0
classical_musicnet_2538__180s,classical_musicnet_2538,classical,validation,180.0,path_rhythm_phase,phase_lifted_path_homology,89,,,0.35940588902299686,0.35940588902299686,1.0,0.325,0.3686728060274646,0.39361116878845753,12.0,0.2362453359014529,0.0,0.0
classical_musicnet_2538__300s,classical_musicnet_2538,classical,validation,300.0,path_acoustic_phase,phase_lifted_path_homology,105,,,0.28298319003323186,0.28298319003323186,1.0,0.225,0.2996163668429501,0.35968190037263775,64.0,0.18684519623674745,0.0,0.0
classical_musicnet_2538__300s,classical_musicnet_2538,classical,validation,300.0,path_rhythm_phase,phase_lifted_path_homology,105,,,0.38326758880367384,0.38326758880367384,1.0,0.325,0.3893002963291682,0.40704315661563495,12.0,0.24481202201467744,0.0,0.0
classical_musicnet_2555__180s,classical_musicnet_2555,classical,validation,180.0,path_acoustic_phase,phase_lifted_path_homology,89,,,0.3633015266335065,0.3633015266335065,1.0,0.325,0.3660413243500231,0.3895224994797833,56.0,0.13910932946458376,0.0,0.0
classical_musicnet_2555__180s,classical_musicnet_2555,classical,validation,180.0,path_rhythm_phase,phase_lifted_path_homology,89,,,0.3568832754128703,0.3568832754128703,1.0,0.325,0.3611570313163831,0.3855117430321382,14.0,0.1183915194012688,0.0,0.0
classical_musicnet_2555__300s,classical_musicnet_2555,classical,validation,300.0,path_acoustic_phase,phase_lifted_path_homology,111,,,0.3461831441603407,0.3461831441603407,1.0,0.275,0.3594267725545025,0.390377835002691,56.0,0.14144906804746737,0.0,0.0
classical_musicnet_2555__300s,classical_musicnet_2555,classical,validation,300.0,path_rhythm_phase,phase_lifted_path_homology,111,,,0.3641129615445048,0.3641129615445048,1.0,0.325,0.36839877274828603,0.3875241421766151,22.0,0.14244379600806112,0.0,0.0
classical_musicnet_2557__180s,classical_musicnet_2557,classical,validation,180.0,path_acoustic_phase,phase_lifted_path_homology,89,,,0.43009696032463446,0.43009696032463446,1.0,0.375,0.4301575751183983,0.43541984980847676,36.0,0.14489379884986975,0.0,0.0
classical_musicnet_2557__180s,classical_musicnet_2557,classical,validation,180.0,path_rhythm_phase,phase_lifted_path_homology,89,,,0.3260123182357438,0.3260123182357438,1.0,0.275,0.33025637791793905,0.3509444342536425,38.0,0.11580960248652183,0.0,0.0
classical_musicnet_2557__300s,classical_musicnet_2557,classical,validation,300.0,path_acoustic_phase,phase_lifted_path_homology,149,,,0.42290054313996367,0.42290054313996367,1.0,0.375,0.4255837499833162,0.44102307534477186,42.0,0.2591921241427291,0.0,0.0
classical_musicnet_2557__300s,classical_musicnet_2557,classical,validation,300.0,path_rhythm_phase,phase_lifted_path_homology,149,,,0.37964591710512846,0.37964591710512846,1.0,0.325,0.3846202463990837,0.4048507015386376,40.0,0.1787831019270032,0.0,0.0
classical_musicnet_2582__180s,classical_musicnet_2582,classical,validation,180.0,path_acoustic_phase,phase_lifted_path_homology,89,,,0.3557515195226069,0.3557515195226069,1.0,0.325,0.36094309876656827,0.3817256026341835,32.0,0.08585930661782548,0.0,0.0
classical_musicnet_2582__180s,classical_musicnet_2582,classical,validation,180.0,path_rhythm_phase,phase_lifted_path_homology,89,,,0.3474107468308886,0.3474107468308886,1.0,0.275,0.35075069728905894,0.3626276780764708,56.0,0.14962186388340326,0.0,0.0
classical_musicnet_2582__300s,classical_musicnet_2582,classical,validation,300.0,path_acoustic_phase,phase_lifted_path_homology,149,,,0.3467575652794551,0.3467575652794551,1.0,0.275,0.3493264436036986,0.3683818584087623,62.0,0.12825407470400796,0.0,0.0
classical_musicnet_2582__300s,classical_musicnet_2582,classical,validation,300.0,path_rhythm_phase,phase_lifted_path_homology,149,,,0.3295264459309717,0.3295264459309717,1.0,0.275,0.34174091679305085,0.3726304745186903,22.0,0.12920632089950823,0.0,0.0
classical_musicnet_2586__180s,classical_musicnet_2586,classical,validation,180.0,path_acoustic_phase,phase_lifted_path_homology,89,,,0.3019828018662959,0.3019828018662959,1.0,0.275,0.3170931411461071,0.35247262967163756,22.0,0.1394681031741698,0.0,0.0
classical_musicnet_2586__180s,classical_musicnet_2586,classical,validation,180.0,path_rhythm_phase,phase_lifted_path_homology,89,,,0.30655684894600405,0.30655684894600405,1.0,0.275,0.32630632046223784,0.3708056843297894,18.0,0.15668796860949152,0.0,0.0
classical_musicnet_2586__300s,classical_musicnet_2586,classical,validation,300.0,path_acoustic_phase,phase_lifted_path_homology,149,,,0.3708005472157097,0.3708005472157097,1.0,0.325,0.37800484782304716,0.3931615664058432,32.0,0.10508816044583957,0.0,0.0
classical_musicnet_2586__300s,classical_musicnet_2586,classical,validation,300.0,path_rhythm_phase,phase_lifted_path_homology,149,,,0.37295781925561355,0.37295781925561355,1.0,0.325,0.3755132086822726,0.3975358411631919,20.0,0.10908241836925825,0.0,0.0
classical_musicnet_2590__180s,classical_musicnet_2590,classical,validation,180.0,path_acoustic_phase,phase_lifted_path_homology,89,,,0.43885224359148917,0.43885224359148917,1.0,0.375,0.4487095823205335,0.47643064176514316,16.0,0.3316177929516294,0.0,0.0
classical_musicnet_2590__180s,classical_musicnet_2590,classical,validation,180.0,path_rhythm_phase,phase_lifted_path_homology,89,,,0.4070454898778209,0.4070454898778209,1.0,0.375,0.4088665894190716,0.430399761372043,16.0,0.1354635043110799,0.0,0.0
classical_musicnet_2590__300s,classical_musicnet_2590,classical,validation,300.0,path_acoustic_phase,phase_lifted_path_homology,149,,,0.3906991199428166,0.3906991199428166,1.0,0.325,0.39832682461127344,0.41326161128380295,18.0,0.13973524779134783,0.0,0.0
classical_musicnet_2590__300s,classical_musicnet_2590,classical,validation,300.0,path_rhythm_phase,phase_lifted_path_homology,149,,,0.34732499281845125,0.34732499281845125,1.0,0.275,0.3611755948260894,0.39062983490188546,18.0,0.1485187010055944,0.0,0.0
classical_musicnet_2603__180s,classical_musicnet_2603,classical,validation,180.0,path_acoustic_phase,phase_lifted_path_homology,89,,,0.3430705976453057,0.3430705976453057,1.0,0.275,0.34310842115049367,0.3592711662787336,40.0,0.141674140382835,0.0,0.0
classical_musicnet_2603__180s,classical_musicnet_2603,classical,validation,180.0,path_rhythm_phase,phase_lifted_path_homology,89,,,0.31514433597811636,0.31514433597811636,1.0,0.275,0.31915466821541305,0.33940241259661796,48.0,0.10621196850466608,0.0,0.0
classical_musicnet_2603__300s,classical_musicnet_2603,classical,validation,300.0,path_acoustic_phase,phase_lifted_path_homology,149,,,0.4015436276282429,0.4015436276282429,1.0,0.375,0.4166065803152722,0.45116623395260386,60.0,0.21570307201682581,0.0,0.0
classical_musicnet_2603__300s,classical_musicnet_2603,classical,validation,300.0,path_rhythm_phase,phase_lifted_path_homology,149,,,0.43246567259507573,0.43246567259507573,1.0,0.375,0.4326997492010638,0.4361946646911539,60.0,0.17638633239266577,0.0,0.0
classical_musicnet_2608__180s,classical_musicnet_2608,classical,validation,180.0,path_acoustic_phase,phase_lifted_path_homology,89,,,0.29420303235800405,0.29420303235800405,1.0,0.225,0.3049624579526321,0.34748846038763387,44.0,0.1081028822930743,0.0,0.0
classical_musicnet_2608__180s,classical_musicnet_2608,classical,validation,180.0,path_rhythm_phase,phase_lifted_path_homology,89,,,0.3920355818824614,0.3920355818824614,1.0,0.325,0.3947949268847426,0.40318391630381095,28.0,0.1237388756509179,0.0,0.0
classical_musicnet_2608__300s,classical_musicnet_2608,classical,validation,300.0,path_acoustic_phase,phase_lifted_path_homology,149,,,0.38204090195556334,0.38204090195556334,1.0,0.325,0.385596730615716,0.3953723519072943,24.0,0.07885575704695325,0.0,0.0
classical_musicnet_2608__300s,classical_musicnet_2608,classical,validation,300.0,path_rhythm_phase,phase_lifted_path_homology,149,,,0.40634034478786124,0.40634034478786124,1.0,0.375,0.4067517873582538,0.4092572275981994,28.0,0.1285111059004258,0.0,0.0
classical_musicnet_2619__180s,classical_musicnet_2619,classical,validation,180.0,path_acoustic_phase,phase_lifted_path_homology,89,,,0.3123679327888337,0.3123679327888337,1.0,0.275,0.3278895130605503,0.3998059100673019,26.0,0.1595111206246438,0.0,0.0
classical_musicnet_2619__180s,classical_musicnet_2619,classical,validation,180.0,path_rhythm_phase,phase_lifted_path_homology,89,,,0.349640769771001,0.349640769771001,1.0,0.275,0.35254097639246673,0.3841772887284957,52.0,0.15894225365802406,0.0,0.0
classical_musicnet_2619__300s,classical_musicnet_2619,classical,validation,300.0,path_acoustic_phase,phase_lifted_path_homology,118,,,0.37882714874282875,0.37882714874282875,1.0,0.325,0.38416294625449926,0.4013879481525917,32.0,0.1878625336026445,0.0,0.0
classical_musicnet_2619__300s,classical_musicnet_2619,classical,validation,300.0,path_rhythm_phase,phase_lifted_path_homology,118,,,0.39877987783998353,0.39877987783998353,1.0,0.325,0.4018039814390868,0.4191521502439426,34.0,0.22001565018719405,0.0,0.0
classical_musicnet_2622__180s,classical_musicnet_2622,classical,validation,180.0,path_acoustic_phase,phase_lifted_path_homology,89,,,0.35090915037807563,0.35090915037807563,1.0,0.325,0.35211174541567847,0.36253671688675476,58.0,0.14926658387145775,0.0,0.0
classical_musicnet_2622__180s,classical_musicnet_2622,classical,validation,180.0,path_rhythm_phase,phase_lifted_path_homology,89,,,0.3726010287243175,0.3726010287243175,1.0,0.325,0.37663777875381765,0.38770214337335757,12.0,0.09907153406712688,0.0,0.0
classical_musicnet_2622__300s,classical_musicnet_2622,classical,validation,300.0,path_acoustic_phase,phase_lifted_path_homology,149,,,0.34477022741392727,0.34477022741392727,1.0,0.275,0.3567847095121611,0.38045795838501945,14.0,0.08377592488775965,0.0,0.0
classical_musicnet_2622__300s,classical_musicnet_2622,classical,validation,300.0,path_rhythm_phase,phase_lifted_path_homology,149,,,0.37777129789801406,0.37777129789801406,1.0,0.325,0.3820504572691731,0.3977919468129893,64.0,0.14617064823615356,0.0,0.0
classical_musicnet_2628__180s,classical_musicnet_2628,classical,validation,180.0,path_acoustic_phase,phase_lifted_path_homology,61,,,0.31158832102126177,0.31158832102126177,1.0,0.275,0.3242067161060983,0.36985113239578843,16.0,0.16280406548057313,0.0,0.0
classical_musicnet_2628__180s,classical_musicnet_2628,classical,validation,180.0,path_rhythm_phase,phase_lifted_path_homology,61,,,0.3389330585668458,0.3389330585668458,1.0,0.275,0.358218760482502,0.397469099671208,12.0,0.12214561864579232,0.0,0.0
classical_musicnet_2628__300s,classical_musicnet_2628,classical,validation,300.0,path_acoustic_phase,phase_lifted_path_homology,61,,,0.31158832102126177,0.31158832102126177,1.0,0.275,0.3242067161060983,0.36985113239578843,16.0,0.16280406548057313,0.0,0.0
classical_musicnet_2628__300s,classical_musicnet_2628,classical,validation,300.0,path_rhythm_phase,phase_lifted_path_homology,61,,,0.3389330585668458,0.3389330585668458,1.0,0.275,0.358218760482502,0.397469099671208,12.0,0.12214561864579232,0.0,0.0
classical_musicnet_2629__180s,classical_musicnet_2629,classical,validation,180.0,path_acoustic_phase,phase_lifted_path_homology,89,,,0.39471299262111764,0.39471299262111764,1.0,0.325,0.39496851477107264,0.4061639737411534,12.0,0.11260045351010728,0.0,0.0
classical_musicnet_2629__180s,classical_musicnet_2629,classical,validation,180.0,path_rhythm_phase,phase_lifted_path_homology,89,,,0.34726762925305604,0.34726762925305604,1.0,0.275,0.3507496765063596,0.3736027718866626,22.0,0.08721426252404685,0.0,0.0
classical_musicnet_2629__300s,classical_musicnet_2629,classical,validation,300.0,path_acoustic_phase,phase_lifted_path_homology,149,,,0.38670705728920024,0.38670705728920024,1.0,0.325,0.3927899449927358,0.4086580668258877,12.0,0.2048848733185895,0.0,0.0
classical_musicnet_2629__300s,classical_musicnet_2629,classical,validation,300.0,path_rhythm_phase,phase_lifted_path_homology,149,,,0.3857290918275935,0.3857290918275935,1.0,0.325,0.38892674378955605,0.4017881738884714,12.0,0.11194508226535582,0.0,0.0
classical_musicnet_2633__180s,classical_musicnet_2633,classical,validation,180.0,path_acoustic_phase,phase_lifted_path_homology,89,,,0.3711270052202109,0.3711270052202109,1.0,0.325,0.37453791048251495,0.38884761390339806,14.0,0.19375700749689617,0.0,0.0
classical_musicnet_2633__180s,classical_musicnet_2633,classical,validation,180.0,path_rhythm_phase,phase_lifted_path_homology,89,,,0.34774790347040535,0.34774790347040535,1.0,0.275,0.3586070045496481,0.3836775880832293,34.0,0.0761610221798843,0.0,0.0
classical_musicnet_2633__300s,classical_musicnet_2633,classical,validation,300.0,path_acoustic_phase,phase_lifted_path_homology,113,,,0.39796706098887075,0.39796706098887075,1.0,0.325,0.4009834926390949,0.41359419607802156,12.0,0.16025128741438266,0.0,0.0
classical_musicnet_2633__300s,classical_musicnet_2633,classical,validation,300.0,path_rhythm_phase,phase_lifted_path_homology,113,,,0.34386043212845496,0.34386043212845496,1.0,0.275,0.3459298901567377,0.36306405647605833,40.0,0.049085078235304946,0.0,0.0
classical_musicnet_2677__180s,classical_musicnet_2677,classical,validation,180.0,path_acoustic_phase,phase_lifted_path_homology,89,,,0.3002583127021548,0.3002583127021548,1.0,0.275,0.3056339878293227,0.3809747634421626,56.0,0.16877720714784084,0.0,0.0
classical_musicnet_2677__180s,classical_musicnet_2677,classical,validation,180.0,path_rhythm_phase,phase_lifted_path_homology,89,,,0.3162900552039698,0.3162900552039698,1.0,0.275,0.32218413776156946,0.3514179169011344,42.0,0.08221658386148079,0.0,0.0
classical_musicnet_2677__300s,classical_musicnet_2677,classical,validation,300.0,path_acoustic_phase,phase_lifted_path_homology,149,,,0.333074344381454,0.333074344381454,1.0,0.275,0.33678697612218544,0.36096846780585395,50.0,0.10712065523863146,0.0,0.0
classical_musicnet_2677__300s,classical_musicnet_2677,classical,validation,300.0,path_rhythm_phase,phase_lifted_path_homology,149,,,0.34491530731094255,0.34491530731094255,1.0,0.275,0.34759238079094135,0.36556653305428705,46.0,0.09428425526104722,0.0,0.0
classical_musicnet_2678__180s,classical_musicnet_2678,classical,validation,180.0,path_acoustic_phase,phase_lifted_path_homology,89,,,0.3273226974447524,0.3273226974447524,1.0,0.275,0.3343509939589554,0.3734106342305701,30.0,0.18497112698651108,0.0,0.0
classical_musicnet_2678__180s,classical_musicnet_2678,classical,validation,180.0,path_rhythm_phase,phase_lifted_path_homology,89,,,0.34523935468171274,0.34523935468171274,1.0,0.275,0.35289088874939223,0.3841423390056156,38.0,0.09773645319419089,0.0,0.0
classical_musicnet_2678__300s,classical_musicnet_2678,classical,validation,300.0,path_acoustic_phase,phase_lifted_path_homology,149,,,0.36177007963066354,0.36177007963066354,1.0,0.325,0.36250253604618893,0.3775142291816733,30.0,0.13942963069409942,0.0,0.0
classical_musicnet_2678__300s,classical_musicnet_2678,classical,validation,300.0,path_rhythm_phase,phase_lifted_path_homology,149,,,0.32175254089507976,0.32175254089507976,1.0,0.275,0.32661252530796403,0.3695635604951522,20.0,0.07467894507032513,0.0,0.0
classical_musopen_8c1a75b7bf5d__180s,classical_musopen_8c1a75b7bf5d,classical,validation,180.0,path_acoustic_phase,phase_lifted_path_homology,89,,,0.31077058942099467,0.31077058942099467,1.0,0.275,0.3265581378474228,0.35738290523587474,52.0,0.09605410330479436,0.0,0.0
classical_musopen_8c1a75b7bf5d__180s,classical_musopen_8c1a75b7bf5d,classical,validation,180.0,path_rhythm_phase,phase_lifted_path_homology,89,,,0.3361271942064845,0.3361271942064845,1.0,0.275,0.3413024457555927,0.37052481457495406,40.0,0.0837074886464273,0.0,0.0
classical_musopen_8c1a75b7bf5d__300s,classical_musopen_8c1a75b7bf5d,classical,validation,300.0,path_acoustic_phase,phase_lifted_path_homology,149,,,0.3107218619477502,0.3107218619477502,1.0,0.275,0.312799420705806,0.33694904127867537,18.0,0.09685919955751254,0.0,0.0
classical_musopen_8c1a75b7bf5d__300s,classical_musopen_8c1a75b7bf5d,classical,validation,300.0,path_rhythm_phase,phase_lifted_path_homology,149,,,0.36797228249007274,0.36797228249007274,1.0,0.325,0.3694963762854378,0.3809906283372897,30.0,0.08614390395491234,0.0,0.0
classical_musopen_8f00b775156a__180s,classical_musopen_8f00b775156a,classical,validation,180.0,path_acoustic_phase,phase_lifted_path_homology,89,,,0.34048564125883224,0.34048564125883224,1.0,0.275,0.3475074213100211,0.36893470986288923,26.0,0.08642111216402482,0.0,0.0
classical_musopen_8f00b775156a__180s,classical_musopen_8f00b775156a,classical,validation,180.0,path_rhythm_phase,phase_lifted_path_homology,89,,,0.426560893460127,0.426560893460127,1.0,0.375,0.4318753842247121,0.4514920063063354,12.0,0.2144981158619632,0.0,0.0
classical_musopen_8f00b775156a__300s,classical_musopen_8f00b775156a,classical,validation,300.0,path_acoustic_phase,phase_lifted_path_homology,149,,,0.37732793955453187,0.37732793955453187,1.0,0.325,0.382824990849822,0.3973419005402337,12.0,0.07145763651658199,0.0,0.0
classical_musopen_8f00b775156a__300s,classical_musopen_8f00b775156a,classical,validation,300.0,path_rhythm_phase,phase_lifted_path_homology,149,,,0.44642526191730053,0.44642526191730053,1.0,0.375,0.45321544632553556,0.46738052909784966,16.0,0.19786154330097794,0.0,0.0
classical_musopen_909c6ffb1fa0__180s,classical_musopen_909c6ffb1fa0,classical,validation,180.0,path_acoustic_phase,phase_lifted_path_homology,89,,,0.3169542087775022,0.3169542087775022,1.0,0.275,0.3308236716695737,0.3628791458911671,14.0,0.1035602593474334,0.0,0.0
classical_musopen_909c6ffb1fa0__180s,classical_musopen_909c6ffb1fa0,classical,validation,180.0,path_rhythm_phase,phase_lifted_path_homology,89,,,0.38510038818311315,0.38510038818311315,1.0,0.325,0.38546636082269736,0.3935826747582354,12.0,0.1921719136717437,0.0,0.0
classical_musopen_909c6ffb1fa0__300s,classical_musopen_909c6ffb1fa0,classical,validation,300.0,path_acoustic_phase,phase_lifted_path_homology,126,,,0.3670506111428525,0.3670506111428525,1.0,0.325,0.36975818226436563,0.37618395998589077,14.0,0.0848797561297856,0.0,0.0
classical_musopen_909c6ffb1fa0__300s,classical_musopen_909c6ffb1fa0,classical,validation,300.0,path_rhythm_phase,phase_lifted_path_homology,126,,,0.4034030322199099,0.4034030322199099,1.0,0.375,0.40601956852414606,0.4130216048578819,12.0,0.13933910044926967,0.0,0.0
classical_musopen_bb045bab8875__180s,classical_musopen_bb045bab8875,classical,validation,180.0,path_acoustic_phase,phase_lifted_path_homology,45,,,0.3612178510483909,0.3612178510483909,1.0,0.325,0.36398105879707593,0.38759987443002714,12.0,0.11105843471953514,0.0,0.0
classical_musopen_bb045bab8875__180s,classical_musopen_bb045bab8875,classical,validation,180.0,path_rhythm_phase,phase_lifted_path_homology,45,,,0.1766727245042007,0.1766727245042007,1.0,0.125,0.21477730662637035,0.3008257170367609,24.0,0.08854605049759501,0.0,0.0
classical_musopen_bb045bab8875__300s,classical_musopen_bb045bab8875,classical,validation,300.0,path_acoustic_phase,phase_lifted_path_homology,45,,,0.3612178510483909,0.3612178510483909,1.0,0.325,0.36398105879707593,0.38759987443002714,12.0,0.11105843471953514,0.0,0.0
classical_musopen_bb045bab8875__300s,classical_musopen_bb045bab8875,classical,validation,300.0,path_rhythm_phase,phase_lifted_path_homology,45,,,0.1766727245042007,0.1766727245042007,1.0,0.125,0.21477730662637035,0.3008257170367609,24.0,0.08854605049759501,0.0,0.0
classical_musopen_c6602c75c700__180s,classical_musopen_c6602c75c700,classical,validation,180.0,path_acoustic_phase,phase_lifted_path_homology,89,,,0.40940975896155535,0.40940975896155535,1.0,0.375,0.41037864871112034,0.41647655536635714,16.0,0.17895399995266148,0.0,0.0
classical_musopen_c6602c75c700__180s,classical_musopen_c6602c75c700,classical,validation,180.0,path_rhythm_phase,phase_lifted_path_homology,89,,,0.37226787621998936,0.37226787621998936,1.0,0.325,0.3745326156152451,0.3875151929773573,20.0,0.12726999843426978,0.0,0.0
classical_musopen_c6602c75c700__300s,classical_musopen_c6602c75c700,classical,validation,300.0,path_acoustic_phase,phase_lifted_path_homology,113,,,0.3211641845743341,0.3211641845743341,1.0,0.275,0.3333256850952562,0.3769222840030791,12.0,0.17369620899766613,0.0,0.0
classical_musopen_c6602c75c700__300s,classical_musopen_c6602c75c700,classical,validation,300.0,path_rhythm_phase,phase_lifted_path_homology,113,,,0.3579249656810601,0.3579249656810601,1.0,0.325,0.359281113640449,0.38186463641031043,42.0,0.13304286010216093,0.0,0.0
classical_musopen_cd013009d6d8__180s,classical_musopen_cd013009d6d8,classical,validation,180.0,path_acoustic_phase,phase_lifted_path_homology,89,,,0.3298611523251332,0.3298611523251332,1.0,0.275,0.33993895581339395,0.3643661502135728,12.0,0.09572880411858287,0.0,0.0
classical_musopen_cd013009d6d8__180s,classical_musopen_cd013009d6d8,classical,validation,180.0,path_rhythm_phase,phase_lifted_path_homology,89,,,0.3728278359334419,0.3728278359334419,1.0,0.325,0.3787750929690367,0.39195063564332017,12.0,0.035784419770544806,0.0,0.0
classical_musopen_cd013009d6d8__300s,classical_musopen_cd013009d6d8,classical,validation,300.0,path_acoustic_phase,phase_lifted_path_homology,140,,,0.35555478142177016,0.35555478142177016,1.0,0.325,0.3572907454952854,0.36890832157390735,12.0,0.11065450428104806,0.0,0.0
classical_musopen_cd013009d6d8__300s,classical_musopen_cd013009d6d8,classical,validation,300.0,path_rhythm_phase,phase_lifted_path_homology,140,,,0.33260455000849604,0.33260455000849604,1.0,0.275,0.34170042391120303,0.37827819807221724,14.0,0.10055898944050012,0.0,0.0
classical_musopen_dbfd3cb8056d__180s,classical_musopen_dbfd3cb8056d,classical,validation,180.0,path_acoustic_phase,phase_lifted_path_homology,89,,,0.3147730675432629,0.3147730675432629,1.0,0.275,0.3359574903847557,0.3779181926046489,28.0,0.19841931851790418,0.0,0.0
classical_musopen_dbfd3cb8056d__180s,classical_musopen_dbfd3cb8056d,classical,validation,180.0,path_rhythm_phase,phase_lifted_path_homology,89,,,0.3266536681389013,0.3266536681389013,1.0,0.275,0.33939074344828535,0.3933802518228322,28.0,0.12487923399927103,0.0,0.0
classical_musopen_dbfd3cb8056d__300s,classical_musopen_dbfd3cb8056d,classical,validation,300.0,path_acoustic_phase,phase_lifted_path_homology,145,,,0.2890530253341276,0.2890530253341276,1.0,0.225,0.3107427888688721,0.3677678175873527,28.0,0.09607713158694553,0.0,0.0
classical_musopen_dbfd3cb8056d__300s,classical_musopen_dbfd3cb8056d,classical,validation,300.0,path_rhythm_phase,phase_lifted_path_homology,145,,,0.36464527842113514,0.36464527842113514,1.0,0.325,0.36678429038000737,0.38618806027693414,40.0,0.14663728119794883,0.0,0.0
classical_musopen_e0aa0ba751f5__180s,classical_musopen_e0aa0ba751f5,classical,validation,180.0,path_acoustic_phase,phase_lifted_path_homology,89,,,0.3204921776056496,0.3204921776056496,1.0,0.275,0.3255502769236691,0.35196070682174213,18.0,0.09120687181321507,0.0,0.0
classical_musopen_e0aa0ba751f5__180s,classical_musopen_e0aa0ba751f5,classical,validation,180.0,path_rhythm_phase,phase_lifted_path_homology,89,,,0.3280486924790995,0.3280486924790995,1.0,0.275,0.3344229499443745,0.35434375721150774,24.0,0.08580750298570505,0.0,0.0
classical_musopen_e0aa0ba751f5__300s,classical_musopen_e0aa0ba751f5,classical,validation,300.0,path_acoustic_phase,phase_lifted_path_homology,149,,,0.2924989069782313,0.2924989069782313,1.0,0.225,0.2997455959534889,0.3536579306853907,56.0,0.05892130052003419,0.0,0.0
classical_musopen_e0aa0ba751f5__300s,classical_musopen_e0aa0ba751f5,classical,validation,300.0,path_rhythm_phase,phase_lifted_path_homology,149,,,0.36576840337781025,0.36576840337781025,1.0,0.325,0.3673536886036267,0.38264413595987135,40.0,0.07959664453002313,0.0,0.0
focus_brainfm_94ee4a14dff5__180s,focus_brainfm_94ee4a14dff5,focus,validation,180.0,path_acoustic_phase,phase_lifted_path_homology,89,,,0.36208003414514656,0.36208003414514656,1.0,0.325,0.3685946160337677,0.39774143344470264,12.0,0.22889258080634245,0.0,0.0
focus_brainfm_94ee4a14dff5__180s,focus_brainfm_94ee4a14dff5,focus,validation,180.0,path_rhythm_phase,phase_lifted_path_homology,89,,,0.3486660647056269,0.3486660647056269,1.0,0.275,0.34896507638515867,0.37424492822564687,54.0,0.1088088993830214,0.0,0.0
focus_brainfm_94ee4a14dff5__300s,focus_brainfm_94ee4a14dff5,focus,validation,300.0,path_acoustic_phase,phase_lifted_path_homology,149,,,0.3822419042275241,0.3822419042275241,1.0,0.325,0.3890478329059751,0.41142410499505805,12.0,0.242297666752761,0.0,0.0
focus_brainfm_94ee4a14dff5__300s,focus_brainfm_94ee4a14dff5,focus,validation,300.0,path_rhythm_phase,phase_lifted_path_homology,149,,,0.34841315226090236,0.34841315226090236,1.0,0.275,0.35929217553855175,0.383170778999913,60.0,0.10027540912732635,0.0,0.0
focus_brainfm_95066ea39fca__180s,focus_brainfm_95066ea39fca,focus,validation,180.0,path_acoustic_phase,phase_lifted_path_homology,89,,,0.5067311462565004,0.5067311462565004,1.0,0.47500000000000003,0.5070013088355847,0.5145140626367084,12.0,0.6380785435893098,0.0,0.0
focus_brainfm_95066ea39fca__180s,focus_brainfm_95066ea39fca,focus,validation,180.0,path_rhythm_phase,phase_lifted_path_homology,89,,,0.4105908517911708,0.4105908517911708,1.0,0.375,0.4295950383648115,0.47243377212633614,12.0,0.34166498485513563,0.0,0.0
focus_brainfm_95066ea39fca__300s,focus_brainfm_95066ea39fca,focus,validation,300.0,path_acoustic_phase,phase_lifted_path_homology,149,,,0.5333209949287611,0.5333209949287611,1.0,0.47500000000000003,0.5376971418927825,0.5466055730502138,12.0,0.4916195318386305,0.0,0.0
focus_brainfm_95066ea39fca__300s,focus_brainfm_95066ea39fca,focus,validation,300.0,path_rhythm_phase,phase_lifted_path_homology,149,,,0.4846251332394689,0.4846251332394689,1.0,0.425,0.48497976103667295,0.49246035157044227,30.0,0.4148469648653583,0.0,0.0
focus_brainfm_973ad41803f9__180s,focus_brainfm_973ad41803f9,focus,validation,180.0,path_acoustic_phase,phase_lifted_path_homology,89,,,0.3245627151576725,0.3245627151576725,1.0,0.275,0.33987188646858146,0.37290431332141877,32.0,0.12480702327477244,0.0,0.0
focus_brainfm_973ad41803f9__180s,focus_brainfm_973ad41803f9,focus,validation,180.0,path_rhythm_phase,phase_lifted_path_homology,89,,,0.34445608962306734,0.34445608962306734,1.0,0.275,0.3455445112214759,0.35610614112673517,32.0,0.11596581283599594,0.0,0.0
focus_brainfm_973ad41803f9__300s,focus_brainfm_973ad41803f9,focus,validation,300.0,path_acoustic_phase,phase_lifted_path_homology,149,,,0.355136375673307,0.355136375673307,1.0,0.325,0.35775957673243725,0.3821301340492424,60.0,0.13549785975124218,0.0,0.0
focus_brainfm_973ad41803f9__300s,focus_brainfm_973ad41803f9,focus,validation,300.0,path_rhythm_phase,phase_lifted_path_homology,149,,,0.3907134059889301,0.3907134059889301,1.0,0.325,0.39309816353330396,0.414748478964114,62.0,0.17097240778782297,0.0,0.0
focus_brainfm_98ba6e79b06f__180s,focus_brainfm_98ba6e79b06f,focus,validation,180.0,path_acoustic_phase,phase_lifted_path_homology,89,,,0.46214358082859197,0.46214358082859197,1.0,0.425,0.46958689623691324,0.48800067186070023,12.0,0.5122260370330949,0.0,0.0
focus_brainfm_98ba6e79b06f__180s,focus_brainfm_98ba6e79b06f,focus,validation,180.0,path_rhythm_phase,phase_lifted_path_homology,89,,,0.4052155453912995,0.4052155453912995,1.0,0.375,0.41154252278790754,0.42900895188176785,16.0,0.12377015053556262,0.0,0.0
focus_brainfm_98ba6e79b06f__300s,focus_brainfm_98ba6e79b06f,focus,validation,300.0,path_acoustic_phase,phase_lifted_path_homology,149,,,0.48046326603090606,0.48046326603090606,1.0,0.425,0.48381536208427595,0.49208060921416985,12.0,0.4420831063619154,0.0,0.0
focus_brainfm_98ba6e79b06f__300s,focus_brainfm_98ba6e79b06f,focus,validation,300.0,path_rhythm_phase,phase_lifted_path_homology,149,,,0.4268204497043606,0.4268204497043606,1.0,0.375,0.43377371172530216,0.4486158075614623,16.0,0.1792674545097157,0.0,0.0
focus_brainfm_995ca8b57065__180s,focus_brainfm_995ca8b57065,focus,validation,180.0,path_acoustic_phase,phase_lifted_path_homology,89,,,0.4525847038098477,0.4525847038098477,1.0,0.425,0.45370144912934507,0.47371408938526205,12.0,0.56545951600746,0.0,0.0
focus_brainfm_995ca8b57065__180s,focus_brainfm_995ca8b57065,focus,validation,180.0,path_rhythm_phase,phase_lifted_path_homology,89,,,0.21442365784603895,0.21442365784603895,1.0,0.175,0.22767407951315954,0.31469311873198763,48.0,0.22153359912530712,0.0,0.0
focus_brainfm_995ca8b57065__300s,focus_brainfm_995ca8b57065,focus,validation,300.0,path_acoustic_phase,phase_lifted_path_homology,149,,,0.4615063682308951,0.4615063682308951,1.0,0.425,0.46990688311003176,0.49603781409118225,12.0,0.6200680026801665,0.0,0.0
focus_brainfm_995ca8b57065__300s,focus_brainfm_995ca8b57065,focus,validation,300.0,path_rhythm_phase,phase_lifted_path_homology,149,,,0.2891930801594743,0.2891930801594743,1.0,0.225,0.3091294604432331,0.37454696652258673,48.0,0.3205200909109446,0.0,0.0
focus_brainfm_99c3f58babcb__180s,focus_brainfm_99c3f58babcb,focus,validation,180.0,path_acoustic_phase,phase_lifted_path_homology,89,,,0.4923063115326176,0.4923063115326176,1.0,0.425,0.49942833788118457,0.5173839297161714,16.0,0.3753421900681926,0.0,0.0
focus_brainfm_99c3f58babcb__180s,focus_brainfm_99c3f58babcb,focus,validation,180.0,path_rhythm_phase,phase_lifted_path_homology,89,,,0.441652177851443,0.441652177851443,1.0,0.375,0.44485248190126253,0.46853942531775333,16.0,0.22644484957911304,0.0,0.0
focus_brainfm_99c3f58babcb__300s,focus_brainfm_99c3f58babcb,focus,validation,300.0,path_acoustic_phase,phase_lifted_path_homology,149,,,0.4743922395532554,0.4743922395532554,1.0,0.425,0.48143098256620154,0.4982075472378951,16.0,0.3520243324159026,0.0,0.0
focus_brainfm_99c3f58babcb__300s,focus_brainfm_99c3f58babcb,focus,validation,300.0,path_rhythm_phase,phase_lifted_path_homology,149,,,0.37221508594136604,0.37221508594136604,1.0,0.325,0.3914611891239664,0.43063425404217864,16.0,0.22367226309794197,0.0,0.0
focus_brainfm_9a3971f0275f__180s,focus_brainfm_9a3971f0275f,focus,validation,180.0,path_acoustic_phase,phase_lifted_path_homology,89,,,0.3511620677629058,0.3511620677629058,1.0,0.325,0.36384067700526423,0.39700690089411655,16.0,0.15440582977030282,0.0,0.0
focus_brainfm_9a3971f0275f__180s,focus_brainfm_9a3971f0275f,focus,validation,180.0,path_rhythm_phase,phase_lifted_path_homology,89,,,0.36010524485428,0.36010524485428,1.0,0.325,0.3661774852015167,0.3896158918937547,14.0,0.12248779277748456,0.0,0.0
focus_brainfm_9a3971f0275f__300s,focus_brainfm_9a3971f0275f,focus,validation,300.0,path_acoustic_phase,phase_lifted_path_homology,149,,,0.39371268923529296,0.39371268923529296,1.0,0.325,0.40315593962735347,0.42292368301955835,12.0,0.24976459451890132,0.0,0.0
focus_brainfm_9a3971f0275f__300s,focus_brainfm_9a3971f0275f,focus,validation,300.0,path_rhythm_phase,phase_lifted_path_homology,149,,,0.37564318945259184,0.37564318945259184,1.0,0.325,0.37823275041790105,0.3946762972326719,14.0,0.11952776781088192,0.0,0.0
focus_brainfm_9b219f8c886b__180s,focus_brainfm_9b219f8c886b,focus,validation,180.0,path_acoustic_phase,phase_lifted_path_homology,69,,,0.45092090375915583,0.45092090375915583,1.0,0.425,0.4586187418829269,0.4782884476468385,12.0,0.3301093997102711,0.0,0.0
focus_brainfm_9b219f8c886b__180s,focus_brainfm_9b219f8c886b,focus,validation,180.0,path_rhythm_phase,phase_lifted_path_homology,69,,,0.41910791948559933,0.41910791948559933,1.0,0.375,0.41925449961222105,0.4428687323187563,12.0,0.20457848046984461,0.0,0.0
focus_brainfm_9b219f8c886b__300s,focus_brainfm_9b219f8c886b,focus,validation,300.0,path_acoustic_phase,phase_lifted_path_homology,69,,,0.45092090375915583,0.45092090375915583,1.0,0.425,0.4586187418829269,0.4782884476468385,12.0,0.3301093997102711,0.0,0.0
focus_brainfm_9b219f8c886b__300s,focus_brainfm_9b219f8c886b,focus,validation,300.0,path_rhythm_phase,phase_lifted_path_homology,69,,,0.41910791948559933,0.41910791948559933,1.0,0.375,0.41925449961222105,0.4428687323187563,12.0,0.20457848046984461,0.0,0.0
focus_brainfm_9db260702c41__180s,focus_brainfm_9db260702c41,focus,validation,180.0,path_acoustic_phase,phase_lifted_path_homology,89,,,0.41628645154812094,0.41628645154812094,1.0,0.375,0.42295579834705804,0.453859070342359,12.0,0.32139719731102256,0.0,0.0
focus_brainfm_9db260702c41__180s,focus_brainfm_9db260702c41,focus,validation,180.0,path_rhythm_phase,phase_lifted_path_homology,89,,,0.4233579589479836,0.4233579589479836,1.0,0.375,0.43423781079734425,0.5031832361500278,12.0,0.533457695363902,0.0,0.0
focus_brainfm_9db260702c41__300s,focus_brainfm_9db260702c41,focus,validation,300.0,path_acoustic_phase,phase_lifted_path_homology,149,,,0.4714623861811309,0.4714623861811309,1.0,0.425,0.47470867515322474,0.49364855203245206,12.0,0.3015316593300986,0.0,0.0
focus_brainfm_9db260702c41__300s,focus_brainfm_9db260702c41,focus,validation,300.0,path_rhythm_phase,phase_lifted_path_homology,149,,,0.4702894387550081,0.4702894387550081,1.0,0.425,0.48139557123174287,0.5304456783240846,12.0,0.4727966505881138,0.0,0.0
focus_brainfm_9e909400a714__180s,focus_brainfm_9e909400a714,focus,validation,180.0,path_acoustic_phase,phase_lifted_path_homology,89,,,0.5046258073170772,0.5046258073170772,1.0,0.47500000000000003,0.5046848617275407,0.5229066311415683,12.0,0.7251278116426724,0.0,0.0
focus_brainfm_9e909400a714__180s,focus_brainfm_9e909400a714,focus,validation,180.0,path_rhythm_phase,phase_lifted_path_homology,89,,,0.4683403849110342,0.4683403849110342,1.0,0.425,0.49110817028540626,0.5381705598909627,12.0,0.4276631605475042,0.0,0.0
focus_brainfm_9e909400a714__300s,focus_brainfm_9e909400a714,focus,validation,300.0,path_acoustic_phase,phase_lifted_path_homology,149,,,0.5119915817587676,0.5119915817587676,1.0,0.47500000000000003,0.515477210954707,0.5337786482435093,12.0,0.68447256116228,0.0,0.0
focus_brainfm_9e909400a714__300s,focus_brainfm_9e909400a714,focus,validation,300.0,path_rhythm_phase,phase_lifted_path_homology,149,,,0.5162103769720235,0.5162103769720235,1.0,0.47500000000000003,0.5319105938695046,0.5611251516351723,12.0,0.46111898297587217,0.0,0.0
focus_brainfm_9ecfdc0fc964__180s,focus_brainfm_9ecfdc0fc964,focus,validation,180.0,path_acoustic_phase,phase_lifted_path_homology,89,,,0.4924084834794669,0.4924084834794669,1.0,0.425,0.5022202286035158,0.522091530435748,12.0,0.40316314274815956,0.0,0.0
focus_brainfm_9ecfdc0fc964__180s,focus_brainfm_9ecfdc0fc964,focus,validation,180.0,path_rhythm_phase,phase_lifted_path_homology,89,,,0.5106928255742264,0.5106928255742264,1.0,0.47500000000000003,0.5173594397635499,0.5374616882375783,12.0,0.33813719697931144,0.0,0.0
focus_brainfm_9ecfdc0fc964__300s,focus_brainfm_9ecfdc0fc964,focus,validation,300.0,path_acoustic_phase,phase_lifted_path_homology,149,,,0.4775367140004293,0.4775367140004293,1.0,0.425,0.4841370291518098,0.5075101911073543,20.0,0.393829824099707,0.0,0.0
focus_brainfm_9ecfdc0fc964__300s,focus_brainfm_9ecfdc0fc964,focus,validation,300.0,path_rhythm_phase,phase_lifted_path_homology,149,,,0.47346154232965065,0.47346154232965065,1.0,0.425,0.4813902553980778,0.5120052844449537,16.0,0.42763894463847374,0.0,0.0
focus_brainfm_a0bee2b6e8c3__180s,focus_brainfm_a0bee2b6e8c3,focus,validation,180.0,path_acoustic_phase,phase_lifted_path_homology,89,,,0.4490647770089798,0.4490647770089798,1.0,0.375,0.45814802815895367,0.49517248618915205,12.0,0.39942874367050596,0.0,0.0
focus_brainfm_a0bee2b6e8c3__180s,focus_brainfm_a0bee2b6e8c3,focus,validation,180.0,path_rhythm_phase,phase_lifted_path_homology,89,,,0.4398579405708666,0.4398579405708666,1.0,0.375,0.44183903401648483,0.4670577163528377,12.0,0.5698675029282643,0.0,0.0
focus_brainfm_a0bee2b6e8c3__300s,focus_brainfm_a0bee2b6e8c3,focus,validation,300.0,path_acoustic_phase,phase_lifted_path_homology,149,,,0.4899876659395855,0.4899876659395855,1.0,0.425,0.4909314854505845,0.4975025450945865,12.0,0.4070709545463177,0.0,0.0
focus_brainfm_a0bee2b6e8c3__300s,focus_brainfm_a0bee2b6e8c3,focus,validation,300.0,path_rhythm_phase,phase_lifted_path_homology,149,,,0.44099395389002116,0.44099395389002116,1.0,0.375,0.44334109315004944,0.44945458119980214,12.0,0.4236256099577669,0.0,0.0
focus_brainfm_a1b8d21c8b1d__180s,focus_brainfm_a1b8d21c8b1d,focus,validation,180.0,path_acoustic_phase,phase_lifted_path_homology,89,,,0.4578271771816753,0.4578271771816753,1.0,0.425,0.46117092976263435,0.48906841061511663,20.0,0.419440049681183,0.0,0.0
focus_brainfm_a1b8d21c8b1d__180s,focus_brainfm_a1b8d21c8b1d,focus,validation,180.0,path_rhythm_phase,phase_lifted_path_homology,89,,,0.4526010004315096,0.4526010004315096,1.0,0.425,0.4643990140020007,0.4929210965033959,12.0,0.44105920392525,0.0,0.0
focus_brainfm_a1b8d21c8b1d__300s,focus_brainfm_a1b8d21c8b1d,focus,validation,300.0,path_acoustic_phase,phase_lifted_path_homology,149,,,0.5198749199406755,0.5198749199406755,1.0,0.47500000000000003,0.5207112936408747,0.5280039118227556,20.0,0.42186261775162104,0.0,0.0
focus_brainfm_a1b8d21c8b1d__300s,focus_brainfm_a1b8d21c8b1d,focus,validation,300.0,path_rhythm_phase,phase_lifted_path_homology,149,,,0.5250911218671493,0.5250911218671493,1.0,0.47500000000000003,0.5334612552854165,0.5595082863468049,12.0,0.5324849835211944,0.0,0.0
focus_brainfm_b15cb11d0f94__180s,focus_brainfm_b15cb11d0f94,focus,validation,180.0,path_acoustic_phase,phase_lifted_path_homology,89,,,0.3852659340615019,0.3852659340615019,1.0,0.325,0.3919509926742928,0.40955618633641877,16.0,0.15587522494598205,0.0,0.0
focus_brainfm_b15cb11d0f94__180s,focus_brainfm_b15cb11d0f94,focus,validation,180.0,path_rhythm_phase,phase_lifted_path_homology,89,,,0.3848556350623692,0.3848556350623692,1.0,0.325,0.390140840124691,0.40529708238327583,16.0,0.24416863421806456,0.0,0.0
focus_brainfm_b15cb11d0f94__300s,focus_brainfm_b15cb11d0f94,focus,validation,300.0,path_acoustic_phase,phase_lifted_path_homology,149,,,0.4062395341279627,0.4062395341279627,1.0,0.375,0.40964704543339453,0.4234208400622596,12.0,0.1389287334441398,0.0,0.0
focus_brainfm_b15cb11d0f94__300s,focus_brainfm_b15cb11d0f94,focus,validation,300.0,path_rhythm_phase,phase_lifted_path_homology,149,,,0.3576659757350944,0.3576659757350944,1.0,0.325,0.36208349295359843,0.37723370485139546,14.0,0.10542399974579353,0.0,0.0
focus_brainfm_b73109af2f3c__180s,focus_brainfm_b73109af2f3c,focus,validation,180.0,path_acoustic_phase,phase_lifted_path_homology,89,,,0.43272855290334256,0.43272855290334256,1.0,0.375,0.4329490094762446,0.44661165823743504,16.0,0.2789954990180814,0.0,0.0
focus_brainfm_b73109af2f3c__180s,focus_brainfm_b73109af2f3c,focus,validation,180.0,path_rhythm_phase,phase_lifted_path_homology,89,,,0.39586508282691185,0.39586508282691185,1.0,0.325,0.39667527256337826,0.40607049692588365,12.0,0.3447744268423145,0.0,0.0
focus_brainfm_b73109af2f3c__300s,focus_brainfm_b73109af2f3c,focus,validation,300.0,path_acoustic_phase,phase_lifted_path_homology,149,,,0.45446348563274797,0.45446348563274797,1.0,0.425,0.4642048281523652,0.4853981349845892,16.0,0.4889072048663078,0.0,0.0
focus_brainfm_b73109af2f3c__300s,focus_brainfm_b73109af2f3c,focus,validation,300.0,path_rhythm_phase,phase_lifted_path_homology,149,,,0.4623183449216215,0.4623183449216215,1.0,0.425,0.47670068707981883,0.5044977313759627,16.0,0.6644438926374886,0.0,0.0
focus_brainfm_b84364d4f92b__180s,focus_brainfm_b84364d4f92b,focus,validation,180.0,path_acoustic_phase,phase_lifted_path_homology,89,,,0.44631745645664284,0.44631745645664284,1.0,0.375,0.44709904341880374,0.4570070927098025,12.0,0.3438453216145064,0.0,0.0
focus_brainfm_b84364d4f92b__180s,focus_brainfm_b84364d4f92b,focus,validation,180.0,path_rhythm_phase,phase_lifted_path_homology,89,,,0.4017920823824359,0.4017920823824359,1.0,0.375,0.4087956117082356,0.4281114097809073,12.0,0.23478776808941237,0.0,0.0
focus_brainfm_b84364d4f92b__300s,focus_brainfm_b84364d4f92b,focus,validation,300.0,path_acoustic_phase,phase_lifted_path_homology,149,,,0.45304795041895224,0.45304795041895224,1.0,0.425,0.45779981843958023,0.4710142716170193,12.0,0.41354966690692485,0.0,0.0
focus_brainfm_b84364d4f92b__300s,focus_brainfm_b84364d4f92b,focus,validation,300.0,path_rhythm_phase,phase_lifted_path_homology,149,,,0.39733611596099916,0.39733611596099916,1.0,0.325,0.4065445129561686,0.42336001633444637,12.0,0.2744339624506231,0.0,0.0
focus_brainfm_baf922538503__180s,focus_brainfm_baf922538503,focus,validation,180.0,path_acoustic_phase,phase_lifted_path_homology,89,,,0.4949489017641243,0.4949489017641243,1.0,0.425,0.4978344120933568,0.5138448160267258,12.0,0.49208250629841166,0.0,0.0
focus_brainfm_baf922538503__180s,focus_brainfm_baf922538503,focus,validation,180.0,path_rhythm_phase,phase_lifted_path_homology,89,,,0.5855502897089541,0.5855502897089541,1.0,0.5249999999999999,0.5882532084597923,0.6052003044485501,12.0,0.8524164372626132,0.0,0.0
focus_brainfm_baf922538503__300s,focus_brainfm_baf922538503,focus,validation,300.0,path_acoustic_phase,phase_lifted_path_homology,149,,,0.5612290919518316,0.5612290919518316,1.0,0.5249999999999999,0.5619326803987896,0.5760919817753872,12.0,0.5717999106647877,0.0,0.0
focus_brainfm_baf922538503__300s,focus_brainfm_baf922538503,focus,validation,300.0,path_rhythm_phase,phase_lifted_path_homology,149,,,0.5762191511822267,0.5762191511822267,1.0,0.5249999999999999,0.5859528666185192,0.6100162255206621,12.0,0.789090237135495,0.0,0.0
focus_brainfm_bb19a444851b__180s,focus_brainfm_bb19a444851b,focus,validation,180.0,path_acoustic_phase,phase_lifted_path_homology,89,,,0.4176808911478906,0.4176808911478906,1.0,0.375,0.4199323220725014,0.44438197682124153,16.0,0.17452949252848404,0.0,0.0
focus_brainfm_bb19a444851b__180s,focus_brainfm_bb19a444851b,focus,validation,180.0,path_rhythm_phase,phase_lifted_path_homology,89,,,0.40214783670323817,0.40214783670323817,1.0,0.375,0.4109413780352224,0.42886756442707985,20.0,0.1954878592677105,0.0,0.0
focus_brainfm_bb19a444851b__300s,focus_brainfm_bb19a444851b,focus,validation,300.0,path_acoustic_phase,phase_lifted_path_homology,149,,,0.40485624148025656,0.40485624148025656,1.0,0.375,0.416582490189449,0.4661497702898108,32.0,0.1860760940817705,0.0,0.0
focus_brainfm_bb19a444851b__300s,focus_brainfm_bb19a444851b,focus,validation,300.0,path_rhythm_phase,phase_lifted_path_homology,149,,,0.3967150961707561,0.3967150961707561,1.0,0.325,0.4106644577781804,0.44320349515546004,12.0,0.25317131852557495,0.0,0.0
focus_brainfm_bd47899bb0a4__180s,focus_brainfm_bd47899bb0a4,focus,validation,180.0,path_acoustic_phase,phase_lifted_path_homology,89,,,0.41004854259336826,0.41004854259336826,1.0,0.375,0.4155708437809482,0.42951608570043387,12.0,0.15853714095729798,0.0,0.0
focus_brainfm_bd47899bb0a4__180s,focus_brainfm_bd47899bb0a4,focus,validation,180.0,path_rhythm_phase,phase_lifted_path_homology,89,,,0.40718414348775334,0.40718414348775334,1.0,0.375,0.4096999400696331,0.45293745206070724,12.0,0.19428031688488323,0.0,0.0
focus_brainfm_bd47899bb0a4__300s,focus_brainfm_bd47899bb0a4,focus,validation,300.0,path_acoustic_phase,phase_lifted_path_homology,149,,,0.40527876452550365,0.40527876452550365,1.0,0.375,0.41179394163928384,0.42974788345558074,12.0,0.17408568775769773,0.0,0.0
focus_brainfm_bd47899bb0a4__300s,focus_brainfm_bd47899bb0a4,focus,validation,300.0,path_rhythm_phase,phase_lifted_path_homology,149,,,0.4338214260326794,0.4338214260326794,1.0,0.375,0.43938805768066325,0.45969053031824597,12.0,0.15461405020943841,0.0,0.0
focus_brainfm_be4946f3f46f__180s,focus_brainfm_be4946f3f46f,focus,validation,180.0,path_acoustic_phase,phase_lifted_path_homology,89,,,0.349805317232049,0.349805317232049,1.0,0.275,0.3571486861800227,0.38555940902415964,16.0,0.12627101274692443,0.0,0.0
focus_brainfm_be4946f3f46f__180s,focus_brainfm_be4946f3f46f,focus,validation,180.0,path_rhythm_phase,phase_lifted_path_homology,89,,,0.4085705406530848,0.4085705406530848,1.0,0.375,0.41264370216652124,0.4247383961991658,16.0,0.17969357065415315,0.0,0.0
focus_brainfm_be4946f3f46f__300s,focus_brainfm_be4946f3f46f,focus,validation,300.0,path_acoustic_phase,phase_lifted_path_homology,149,,,0.43031037629079544,0.43031037629079544,1.0,0.375,0.4342286158500046,0.4526707006385881,12.0,0.16043181711906573,0.0,0.0
focus_brainfm_be4946f3f46f__300s,focus_brainfm_be4946f3f46f,focus,validation,300.0,path_rhythm_phase,phase_lifted_path_homology,149,,,0.4669156475829739,0.4669156475829739,1.0,0.425,0.4692091653362448,0.49138109217287074,16.0,0.29434336343991985,0.0,0.0
focus_brainfm_bf7747cd2267__180s,focus_brainfm_bf7747cd2267,focus,validation,180.0,path_acoustic_phase,phase_lifted_path_homology,89,,,0.49263057521508624,0.49263057521508624,1.0,0.425,0.4978449296514011,0.5209737510129483,22.0,0.5660596237313438,0.0,0.0
focus_brainfm_bf7747cd2267__180s,focus_brainfm_bf7747cd2267,focus,validation,180.0,path_rhythm_phase,phase_lifted_path_homology,89,,,0.4524566816417611,0.4524566816417611,1.0,0.425,0.4542908876498845,0.45911768724374147,30.0,0.35635433465658384,0.0,0.0
focus_brainfm_bf7747cd2267__300s,focus_brainfm_bf7747cd2267,focus,validation,300.0,path_acoustic_phase,phase_lifted_path_homology,149,,,0.5071347616870493,0.5071347616870493,1.0,0.47500000000000003,0.5120316810451316,0.5384316815386825,22.0,0.32518484874954323,0.0,0.0
focus_brainfm_bf7747cd2267__300s,focus_brainfm_bf7747cd2267,focus,validation,300.0,path_rhythm_phase,phase_lifted_path_homology,149,,,0.45374530250732337,0.45374530250732337,1.0,0.425,0.4591225132188107,0.46896649851415856,30.0,0.32034725992731516,0.0,0.0
focus_brainfm_c007d2e13220__180s,focus_brainfm_c007d2e13220,focus,validation,180.0,path_acoustic_phase,phase_lifted_path_homology,89,,,0.5101508165531699,0.5101508165531699,1.0,0.47500000000000003,0.51305487874513,0.5312241449740773,16.0,0.494196698626181,0.0,0.0
focus_brainfm_c007d2e13220__180s,focus_brainfm_c007d2e13220,focus,validation,180.0,path_rhythm_phase,phase_lifted_path_homology,89,,,0.4975770283628448,0.4975770283628448,1.0,0.425,0.4997923498171972,0.5106884820044383,20.0,0.4295214559355469,0.0,0.0
focus_brainfm_c007d2e13220__300s,focus_brainfm_c007d2e13220,focus,validation,300.0,path_acoustic_phase,phase_lifted_path_homology,149,,,0.5014382237732324,0.5014382237732324,1.0,0.47500000000000003,0.5021119440251971,0.5066086889601092,16.0,0.36737788609030464,0.0,0.0
focus_brainfm_c007d2e13220__300s,focus_brainfm_c007d2e13220,focus,validation,300.0,path_rhythm_phase,phase_lifted_path_homology,149,,,0.4760416211422255,0.4760416211422255,1.0,0.425,0.4831389405547726,0.5102060621647345,20.0,0.49005806263491103,0.0,0.0
focus_brainfm_c00b52440ad2__180s,focus_brainfm_c00b52440ad2,focus,validation,180.0,path_acoustic_phase,phase_lifted_path_homology,89,,,0.5056346317865388,0.5056346317865388,1.0,0.47500000000000003,0.5095228279491272,0.5188745338635259,18.0,0.37911492357403165,0.0,0.0
focus_brainfm_c00b52440ad2__180s,focus_brainfm_c00b52440ad2,focus,validation,180.0,path_rhythm_phase,phase_lifted_path_homology,89,,,0.39197428153420744,0.39197428153420744,1.0,0.325,0.40612764373891785,0.44295813628049735,12.0,0.3129270004208349,0.0,0.0
focus_brainfm_c00b52440ad2__300s,focus_brainfm_c00b52440ad2,focus,validation,300.0,path_acoustic_phase,phase_lifted_path_homology,149,,,0.5640814723767795,0.5640814723767795,1.0,0.5249999999999999,0.5659238404044817,0.5748047679448034,18.0,0.49558827951013673,0.0,0.0
focus_brainfm_c00b52440ad2__300s,focus_brainfm_c00b52440ad2,focus,validation,300.0,path_rhythm_phase,phase_lifted_path_homology,149,,,0.44016288331100367,0.44016288331100367,1.0,0.375,0.44657333110227443,0.4767907001618128,12.0,0.3610085292625377,0.0,0.0
focus_brainfm_c0e5edbb0bd5__180s,focus_brainfm_c0e5edbb0bd5,focus,validation,180.0,path_acoustic_phase,phase_lifted_path_homology,89,,,0.45943662249875095,0.45943662249875095,1.0,0.425,0.465737675576683,0.4769887454516069,12.0,0.38581528369990603,0.0,0.0
focus_brainfm_c0e5edbb0bd5__180s,focus_brainfm_c0e5edbb0bd5,focus,validation,180.0,path_rhythm_phase,phase_lifted_path_homology,89,,,0.499545030916509,0.499545030916509,1.0,0.425,0.5079904344336517,0.5350894790801228,14.0,0.41484000213835437,0.0,0.0
focus_brainfm_c0e5edbb0bd5__300s,focus_brainfm_c0e5edbb0bd5,focus,validation,300.0,path_acoustic_phase,phase_lifted_path_homology,149,,,0.45894385302366625,0.45894385302366625,1.0,0.425,0.46092364337643266,0.4675369003189494,12.0,0.2045228546000074,0.0,0.0
focus_brainfm_c0e5edbb0bd5__300s,focus_brainfm_c0e5edbb0bd5,focus,validation,300.0,path_rhythm_phase,phase_lifted_path_homology,149,,,0.48358831498417904,0.48358831498417904,1.0,0.425,0.4856876437126594,0.5006555900260589,14.0,0.2478038219350106,0.0,0.0
focus_brainfm_c1581fa343e7__180s,focus_brainfm_c1581fa343e7,focus,validation,180.0,path_acoustic_phase,phase_lifted_path_homology,89,,,0.39249417114835844,0.39249417114835844,1.0,0.325,0.4073178053262434,0.43548551431163823,14.0,0.23321416223083258,0.0,0.0
focus_brainfm_c1581fa343e7__180s,focus_brainfm_c1581fa343e7,focus,validation,180.0,path_rhythm_phase,phase_lifted_path_homology,89,,,0.5425405067246375,0.5425405067246375,1.0,0.47500000000000003,0.5501861735700735,0.5718157717628922,12.0,0.5485063242986564,0.0,0.0
focus_brainfm_c1581fa343e7__300s,focus_brainfm_c1581fa343e7,focus,validation,300.0,path_acoustic_phase,phase_lifted_path_homology,149,,,0.4654935552373634,0.4654935552373634,1.0,0.425,0.4691728102206808,0.4802216373529073,38.0,0.19673595205562877,0.0,0.0
focus_brainfm_c1581fa343e7__300s,focus_brainfm_c1581fa343e7,focus,validation,300.0,path_rhythm_phase,phase_lifted_path_homology,149,,,0.5477692518977331,0.5477692518977331,1.0,0.47500000000000003,0.5490916696773973,0.5598328652354053,12.0,0.43453012557547555,0.0,0.0
focus_brainfm_c2679c4698a3__180s,focus_brainfm_c2679c4698a3,focus,validation,180.0,path_acoustic_phase,phase_lifted_path_homology,89,,,0.35681559767642623,0.35681559767642623,1.0,0.325,0.3632150674677729,0.3885379687657206,40.0,0.12284900483478767,0.0,0.0
focus_brainfm_c2679c4698a3__180s,focus_brainfm_c2679c4698a3,focus,validation,180.0,path_rhythm_phase,phase_lifted_path_homology,89,,,0.332310562844286,0.332310562844286,1.0,0.275,0.3551477309880372,0.39892302718620903,58.0,0.2132342136388239,0.0,0.0
focus_brainfm_c2679c4698a3__300s,focus_brainfm_c2679c4698a3,focus,validation,300.0,path_acoustic_phase,phase_lifted_path_homology,149,,,0.3879821832157777,0.3879821832157777,1.0,0.325,0.38921726484633806,0.404111097597794,58.0,0.13678798789955815,0.0,0.0
focus_brainfm_c2679c4698a3__300s,focus_brainfm_c2679c4698a3,focus,validation,300.0,path_rhythm_phase,phase_lifted_path_homology,149,,,0.3568518763251445,0.3568518763251445,1.0,0.325,0.36645524716711475,0.40303001643054737,58.0,0.1794684632495629,0.0,0.0
focus_brainfm_c37012ab230f__180s,focus_brainfm_c37012ab230f,focus,validation,180.0,path_acoustic_phase,phase_lifted_path_homology,89,,,0.43688375407971164,0.43688375407971164,1.0,0.375,0.44295768877159436,0.4876292459182739,24.0,0.30349232686704564,0.0,0.0
focus_brainfm_c37012ab230f__180s,focus_brainfm_c37012ab230f,focus,validation,180.0,path_rhythm_phase,phase_lifted_path_homology,89,,,0.43180090375841124,0.43180090375841124,1.0,0.375,0.43490718685573737,0.4521401797173306,12.0,0.230998928276132,0.0,0.0
focus_brainfm_c37012ab230f__300s,focus_brainfm_c37012ab230f,focus,validation,300.0,path_acoustic_phase,phase_lifted_path_homology,149,,,0.4452291386251896,0.4452291386251896,1.0,0.375,0.4473581018807061,0.4793858546364051,24.0,0.24007815454140813,0.0,0.0
focus_brainfm_c37012ab230f__300s,focus_brainfm_c37012ab230f,focus,validation,300.0,path_rhythm_phase,phase_lifted_path_homology,149,,,0.4570636156798435,0.4570636156798435,1.0,0.425,0.45775298162663136,0.4715594115893953,12.0,0.26800620938951136,0.0,0.0
focus_brainfm_c72b6616ef74__180s,focus_brainfm_c72b6616ef74,focus,validation,180.0,path_acoustic_phase,phase_lifted_path_homology,89,,,0.414643974044223,0.414643974044223,1.0,0.375,0.4167168472670139,0.4326027260321928,12.0,0.31667486382725096,0.0,0.0
focus_brainfm_c72b6616ef74__180s,focus_brainfm_c72b6616ef74,focus,validation,180.0,path_rhythm_phase,phase_lifted_path_homology,89,,,0.46513544868849954,0.46513544868849954,1.0,0.425,0.46812077663465346,0.48325240929496555,34.0,0.4249814169236099,0.0,0.0
focus_brainfm_c72b6616ef74__300s,focus_brainfm_c72b6616ef74,focus,validation,300.0,path_acoustic_phase,phase_lifted_path_homology,149,,,0.39522097833924386,0.39522097833924386,1.0,0.325,0.404441958483279,0.4285328070228642,44.0,0.3315854054659759,0.0,0.0
focus_brainfm_c72b6616ef74__300s,focus_brainfm_c72b6616ef74,focus,validation,300.0,path_rhythm_phase,phase_lifted_path_homology,149,,,0.4554537295915611,0.4554537295915611,1.0,0.425,0.4619841898369934,0.4777601510544301,34.0,0.4090291225059566,0.0,0.0
focus_brainfm_c80dd781dd0c__180s,focus_brainfm_c80dd781dd0c,focus,validation,180.0,path_acoustic_phase,phase_lifted_path_homology,89,,,0.4551031232321643,0.4551031232321643,1.0,0.425,0.4627183743970551,0.4792204241305136,42.0,0.3742165164943121,0.0,0.0
focus_brainfm_c80dd781dd0c__180s,focus_brainfm_c80dd781dd0c,focus,validation,180.0,path_rhythm_phase,phase_lifted_path_homology,89,,,0.2701552824127989,0.2701552824127989,1.0,0.225,0.3003069937529176,0.4258897157383545,30.0,0.23101586696629273,0.0,0.0
focus_brainfm_c80dd781dd0c__300s,focus_brainfm_c80dd781dd0c,focus,validation,300.0,path_acoustic_phase,phase_lifted_path_homology,149,,,0.45800221237643784,0.45800221237643784,1.0,0.425,0.4590711476507394,0.4687987439259507,42.0,0.24165473259402404,0.0,0.0
focus_brainfm_c80dd781dd0c__300s,focus_brainfm_c80dd781dd0c,focus,validation,300.0,path_rhythm_phase,phase_lifted_path_homology,149,,,0.38356742822300666,0.38356742822300666,1.0,0.325,0.4015868902652436,0.46016819329131997,30.0,0.2275806622834784,0.0,0.0
focus_brainfm_cd9cf67a796e__180s,focus_brainfm_cd9cf67a796e,focus,validation,180.0,path_acoustic_phase,phase_lifted_path_homology,89,,,0.40032187735705477,0.40032187735705477,1.0,0.375,0.40486053268282707,0.4227350886854864,12.0,0.28785179761269597,0.0,0.0
focus_brainfm_cd9cf67a796e__180s,focus_brainfm_cd9cf67a796e,focus,validation,180.0,path_rhythm_phase,phase_lifted_path_homology,89,,,0.38732467572407864,0.38732467572407864,1.0,0.325,0.3960001168315876,0.4359431928888025,12.0,0.2584774266130909,0.0,0.0
focus_brainfm_cd9cf67a796e__300s,focus_brainfm_cd9cf67a796e,focus,validation,300.0,path_acoustic_phase,phase_lifted_path_homology,149,,,0.41675887907494025,0.41675887907494025,1.0,0.375,0.4175400205433498,0.42551240130101675,12.0,0.2844168591696785,0.0,0.0
focus_brainfm_cd9cf67a796e__300s,focus_brainfm_cd9cf67a796e,focus,validation,300.0,path_rhythm_phase,phase_lifted_path_homology,149,,,0.437912769137559,0.437912769137559,1.0,0.375,0.44193598569756865,0.44922852347614656,12.0,0.2391418304779016,0.0,0.0
focus_brainfm_d0dd2c132d13__180s,focus_brainfm_d0dd2c132d13,focus,validation,180.0,path_acoustic_phase,phase_lifted_path_homology,89,,,0.4194896143866161,0.4194896143866161,1.0,0.375,0.4232824577903513,0.44359665735858456,16.0,0.21150383352965907,0.0,0.0
focus_brainfm_d0dd2c132d13__180s,focus_brainfm_d0dd2c132d13,focus,validation,180.0,path_rhythm_phase,phase_lifted_path_homology,89,,,0.40983254585804774,0.40983254585804774,1.0,0.375,0.41587125491482424,0.43238334349728674,16.0,0.28936938036409643,0.0,0.0
focus_brainfm_d0dd2c132d13__300s,focus_brainfm_d0dd2c132d13,focus,validation,300.0,path_acoustic_phase,phase_lifted_path_homology,149,,,0.43386748856288365,0.43386748856288365,1.0,0.375,0.4418712767178594,0.46705539303739974,16.0,0.3049831759230386,0.0,0.0
focus_brainfm_d0dd2c132d13__300s,focus_brainfm_d0dd2c132d13,focus,validation,300.0,path_rhythm_phase,phase_lifted_path_homology,149,,,0.45845215472526657,0.45845215472526657,1.0,0.425,0.45851420784928787,0.4663378601884462,16.0,0.24456808324035517,0.0,0.0
focus_brainfm_d2c0781ab300__180s,focus_brainfm_d2c0781ab300,focus,validation,180.0,path_acoustic_phase,phase_lifted_path_homology,89,,,0.38591905760276163,0.38591905760276163,1.0,0.325,0.41488109897682696,0.5017382871494025,24.0,0.3560885809312879,0.0,0.0
focus_brainfm_d2c0781ab300__180s,focus_brainfm_d2c0781ab300,focus,validation,180.0,path_rhythm_phase,phase_lifted_path_homology,89,,,0.48725149934920314,0.48725149934920314,1.0,0.425,0.4934451067395521,0.5267298921980501,12.0,0.4978580696626156,0.0,0.0
focus_brainfm_d2c0781ab300__300s,focus_brainfm_d2c0781ab300,focus,validation,300.0,path_acoustic_phase,phase_lifted_path_homology,149,,,0.48261377599201316,0.48261377599201316,1.0,0.425,0.5017550513252735,0.5584179956834905,24.0,0.47500979087605255,0.0,0.0
focus_brainfm_d2c0781ab300__300s,focus_brainfm_d2c0781ab300,focus,validation,300.0,path_rhythm_phase,phase_lifted_path_homology,149,,,0.5098670417573009,0.5098670417573009,1.0,0.47500000000000003,0.517083806606602,0.5406481918761106,12.0,0.5440235316036147,0.0,0.0
focus_brainfm_d4607b3a6af6__180s,focus_brainfm_d4607b3a6af6,focus,validation,180.0,path_acoustic_phase,phase_lifted_path_homology,89,,,0.3596142595434172,0.3596142595434172,1.0,0.325,0.36315039558602397,0.38280314118882625,20.0,0.25185310536300887,0.0,0.0
focus_brainfm_d4607b3a6af6__180s,focus_brainfm_d4607b3a6af6,focus,validation,180.0,path_rhythm_phase,phase_lifted_path_homology,89,,,0.4994023605054928,0.4994023605054928,1.0,0.425,0.5040693459741931,0.5253302642817059,12.0,0.6346318155654158,0.0,0.0
focus_brainfm_d4607b3a6af6__300s,focus_brainfm_d4607b3a6af6,focus,validation,300.0,path_acoustic_phase,phase_lifted_path_homology,149,,,0.4018628224375947,0.4018628224375947,1.0,0.375,0.4071261553879274,0.4219904218163651,14.0,0.22285099387309426,0.0,0.0
focus_brainfm_d4607b3a6af6__300s,focus_brainfm_d4607b3a6af6,focus,validation,300.0,path_rhythm_phase,phase_lifted_path_homology,149,,,0.5127743218849594,0.5127743218849594,1.0,0.47500000000000003,0.5139288563822815,0.5276180410837293,12.0,0.5693230077175409,0.0,0.0
focus_brainfm_d694278932c7__180s,focus_brainfm_d694278932c7,focus,validation,180.0,path_acoustic_phase,phase_lifted_path_homology,89,,,0.36272862791346044,0.36272862791346044,1.0,0.325,0.3766241491655852,0.40962242106679086,16.0,0.16628399066541255,0.0,0.0
focus_brainfm_d694278932c7__180s,focus_brainfm_d694278932c7,focus,validation,180.0,path_rhythm_phase,phase_lifted_path_homology,89,,,0.3873035450534167,0.3873035450534167,1.0,0.325,0.3936721042648745,0.4071083946952512,16.0,0.17879346705819432,0.0,0.0
focus_brainfm_d694278932c7__300s,focus_brainfm_d694278932c7,focus,validation,300.0,path_acoustic_phase,phase_lifted_path_homology,149,,,0.41022641729602555,0.41022641729602555,1.0,0.375,0.41489409180321135,0.4342412708671821,16.0,0.22782964975236042,0.0,0.0
focus_brainfm_d694278932c7__300s,focus_brainfm_d694278932c7,focus,validation,300.0,path_rhythm_phase,phase_lifted_path_homology,149,,,0.3579719732263874,0.3579719732263874,1.0,0.325,0.36941279372978497,0.3925842703799998,60.0,0.12559704083715206,0.0,0.0
focus_brainfm_d8862a7f754f__180s,focus_brainfm_d8862a7f754f,focus,validation,180.0,path_acoustic_phase,phase_lifted_path_homology,89,,,0.46349428349723437,0.46349428349723437,1.0,0.425,0.4674683012719514,0.4887780324549024,12.0,0.34123641590577036,0.0,0.0
focus_brainfm_d8862a7f754f__180s,focus_brainfm_d8862a7f754f,focus,validation,180.0,path_rhythm_phase,phase_lifted_path_homology,89,,,0.41118317891347467,0.41118317891347467,1.0,0.375,0.41940031294015373,0.4382283571575835,12.0,0.32907246067277995,0.0,0.0
focus_brainfm_d8862a7f754f__300s,focus_brainfm_d8862a7f754f,focus,validation,300.0,path_acoustic_phase,phase_lifted_path_homology,149,,,0.4645656145033046,0.4645656145033046,1.0,0.425,0.46551489786657185,0.48290977625060333,12.0,0.2967666709897304,0.0,0.0
focus_brainfm_d8862a7f754f__300s,focus_brainfm_d8862a7f754f,focus,validation,300.0,path_rhythm_phase,phase_lifted_path_homology,149,,,0.4040639617829201,0.4040639617829201,1.0,0.375,0.40724501010071507,0.43299129563439437,12.0,0.2515655333264214,0.0,0.0
focus_brainfm_da27ca6f09b4__180s,focus_brainfm_da27ca6f09b4,focus,validation,180.0,path_acoustic_phase,phase_lifted_path_homology,89,,,0.5162496945452045,0.5162496945452045,1.0,0.47500000000000003,0.5214612730214586,0.5407514465427132,12.0,0.40524116524850506,0.0,0.0
focus_brainfm_da27ca6f09b4__180s,focus_brainfm_da27ca6f09b4,focus,validation,180.0,path_rhythm_phase,phase_lifted_path_homology,89,,,0.41775551240809883,0.41775551240809883,1.0,0.375,0.43763786002910066,0.5012800962861037,16.0,0.3927227425308165,0.0,0.0
focus_brainfm_da27ca6f09b4__300s,focus_brainfm_da27ca6f09b4,focus,validation,300.0,path_acoustic_phase,phase_lifted_path_homology,149,,,0.4911885090108679,0.4911885090108679,1.0,0.425,0.49556972710148833,0.5149201846730702,12.0,0.4805333263763175,0.0,0.0
focus_brainfm_da27ca6f09b4__300s,focus_brainfm_da27ca6f09b4,focus,validation,300.0,path_rhythm_phase,phase_lifted_path_homology,149,,,0.4311178679708938,0.4311178679708938,1.0,0.375,0.4340521643840011,0.47286622861031186,16.0,0.35836326013862074,0.0,0.0
focus_brainfm_debad7e6b74c__180s,focus_brainfm_debad7e6b74c,focus,validation,180.0,path_acoustic_phase,phase_lifted_path_homology,69,,,0.5040880795100139,0.5040880795100139,1.0,0.47500000000000003,0.5046620442184797,0.52305683677156,12.0,0.4036500597262983,0.0,0.0
focus_brainfm_debad7e6b74c__180s,focus_brainfm_debad7e6b74c,focus,validation,180.0,path_rhythm_phase,phase_lifted_path_homology,69,,,0.39138752286572426,0.39138752286572426,1.0,0.325,0.4008926791169,0.429692366972962,12.0,0.16933565814927554,0.0,0.0
focus_brainfm_debad7e6b74c__300s,focus_brainfm_debad7e6b74c,focus,validation,300.0,path_acoustic_phase,phase_lifted_path_homology,69,,,0.5040880795100139,0.5040880795100139,1.0,0.47500000000000003,0.5046620442184797,0.52305683677156,12.0,0.4036500597262983,0.0,0.0
focus_brainfm_debad7e6b74c__300s,focus_brainfm_debad7e6b74c,focus,validation,300.0,path_rhythm_phase,phase_lifted_path_homology,69,,,0.39138752286572426,0.39138752286572426,1.0,0.325,0.4008926791169,0.429692366972962,12.0,0.16933565814927554,0.0,0.0
focus_brainfm_e0c112ca444b__180s,focus_brainfm_e0c112ca444b,focus,validation,180.0,path_acoustic_phase,phase_lifted_path_homology,89,,,0.4570389320725265,0.4570389320725265,1.0,0.425,0.4590316569777702,0.4639069466250143,12.0,0.375501435384451,0.0,0.0
focus_brainfm_e0c112ca444b__180s,focus_brainfm_e0c112ca444b,focus,validation,180.0,path_rhythm_phase,phase_lifted_path_homology,89,,,0.3576945067776742,0.3576945067776742,1.0,0.325,0.36863638379263297,0.3917151347997648,20.0,0.13919519405062908,0.0,0.0
focus_brainfm_e0c112ca444b__300s,focus_brainfm_e0c112ca444b,focus,validation,300.0,path_acoustic_phase,phase_lifted_path_homology,149,,,0.4420397472470105,0.4420397472470105,1.0,0.375,0.4454240684274531,0.45435047300750814,12.0,0.311052216617299,0.0,0.0
focus_brainfm_e0c112ca444b__300s,focus_brainfm_e0c112ca444b,focus,validation,300.0,path_rhythm_phase,phase_lifted_path_homology,149,,,0.3150546223806908,0.3150546223806908,1.0,0.275,0.3312010802529265,0.3659257108358211,22.0,0.08687356642273403,0.0,0.0
focus_brainfm_e128fe522b25__180s,focus_brainfm_e128fe522b25,focus,validation,180.0,path_acoustic_phase,phase_lifted_path_homology,89,,,0.54479421194042,0.54479421194042,1.0,0.47500000000000003,0.545189718434051,0.5587710691253333,12.0,0.6771094575987258,0.0,0.0
focus_brainfm_e128fe522b25__180s,focus_brainfm_e128fe522b25,focus,validation,180.0,path_rhythm_phase,phase_lifted_path_homology,89,,,0.4271286551308731,0.4271286551308731,1.0,0.375,0.4273852962934257,0.4381215500479306,12.0,0.23848300796453148,0.0,0.0
focus_brainfm_e128fe522b25__300s,focus_brainfm_e128fe522b25,focus,validation,300.0,path_acoustic_phase,phase_lifted_path_homology,149,,,0.5775990988167274,0.5775990988167274,1.0,0.5249999999999999,0.5829936730370302,0.5979949408522048,22.0,0.604129386594507,0.0,0.0
focus_brainfm_e128fe522b25__300s,focus_brainfm_e128fe522b25,focus,validation,300.0,path_rhythm_phase,phase_lifted_path_homology,149,,,0.4782570129832219,0.4782570129832219,1.0,0.425,0.4790443893872006,0.5064769900693382,14.0,0.33269754000484963,0.0,0.0
focus_brainfm_e16c44661991__180s,focus_brainfm_e16c44661991,focus,validation,180.0,path_acoustic_phase,phase_lifted_path_homology,89,,,0.4414155755015381,0.4414155755015381,1.0,0.375,0.4484552045277199,0.46842382942576033,12.0,0.5033012689522716,0.0,0.0
focus_brainfm_e16c44661991__180s,focus_brainfm_e16c44661991,focus,validation,180.0,path_rhythm_phase,phase_lifted_path_homology,89,,,0.41183237289516955,0.41183237289516955,1.0,0.375,0.41584758570520775,0.45112959133316505,16.0,0.3212476252210569,0.0,0.0
focus_brainfm_e16c44661991__300s,focus_brainfm_e16c44661991,focus,validation,300.0,path_acoustic_phase,phase_lifted_path_homology,149,,,0.4657220634278545,0.4657220634278545,1.0,0.425,0.47447306759814667,0.4923705455848902,12.0,0.4725676884106792,0.0,0.0
focus_brainfm_e16c44661991__300s,focus_brainfm_e16c44661991,focus,validation,300.0,path_rhythm_phase,phase_lifted_path_homology,149,,,0.4139300365816364,0.4139300365816364,1.0,0.375,0.4278670867231278,0.4585697362468379,16.0,0.2941124176109847,0.0,0.0
pop_jamendo_0101484__180s,pop_jamendo_0101484,pop,validation,180.0,path_acoustic_phase,phase_lifted_path_homology,89,,,0.46350412515366735,0.46350412515366735,1.0,0.425,0.4679942234109068,0.4783304552110053,12.0,0.5031697388968762,0.0,0.0
pop_jamendo_0101484__180s,pop_jamendo_0101484,pop,validation,180.0,path_rhythm_phase,phase_lifted_path_homology,89,,,0.5358679733470496,0.5358679733470496,1.0,0.47500000000000003,0.5410572876326784,0.5500260835839356,12.0,0.7428624173414076,0.0,0.0
pop_jamendo_0101484__300s,pop_jamendo_0101484,pop,validation,300.0,path_acoustic_phase,phase_lifted_path_homology,149,,,0.4889350232422937,0.4889350232422937,1.0,0.425,0.4890047296532025,0.49272305730209703,12.0,0.37091439679217175,0.0,0.0
pop_jamendo_0101484__300s,pop_jamendo_0101484,pop,validation,300.0,path_rhythm_phase,phase_lifted_path_homology,149,,,0.49550944519284346,0.49550944519284346,1.0,0.425,0.5027328276637071,0.5317969908322291,12.0,0.4493743733695015,0.0,0.0
pop_jamendo_0103886__180s,pop_jamendo_0103886,pop,validation,180.0,path_acoustic_phase,phase_lifted_path_homology,89,,,0.4444528044304987,0.4444528044304987,1.0,0.375,0.4501311969450602,0.4630837984543625,12.0,0.26127499728120074,0.0,0.0
pop_jamendo_0103886__180s,pop_jamendo_0103886,pop,validation,180.0,path_rhythm_phase,phase_lifted_path_homology,89,,,0.46850027339026273,0.46850027339026273,1.0,0.425,0.4718110546942963,0.5024653759878396,16.0,0.2961910770451046,0.0,0.0
pop_jamendo_0103886__300s,pop_jamendo_0103886,pop,validation,300.0,path_acoustic_phase,phase_lifted_path_homology,106,,,0.42890256461312903,0.42890256461312903,1.0,0.375,0.43802756855511266,0.4565262374527123,12.0,0.31708918140035136,0.0,0.0
pop_jamendo_0103886__300s,pop_jamendo_0103886,pop,validation,300.0,path_rhythm_phase,phase_lifted_path_homology,106,,,0.43825375070069267,0.43825375070069267,1.0,0.375,0.4480896599064069,0.47940991589143817,14.0,0.18299179871008153,0.0,0.0
pop_jamendo_1021390__180s,pop_jamendo_1021390,pop,validation,180.0,path_acoustic_phase,phase_lifted_path_homology,89,,,0.47364649583912993,0.47364649583912993,1.0,0.425,0.4790168761313701,0.5019482905931074,12.0,0.519509164005978,0.0,0.0
pop_jamendo_1021390__180s,pop_jamendo_1021390,pop,validation,180.0,path_rhythm_phase,phase_lifted_path_homology,89,,,0.4129360462850718,0.4129360462850718,1.0,0.375,0.42151877765303997,0.4389066816479359,28.0,0.45722868109615067,0.0,0.0
pop_jamendo_1021390__300s,pop_jamendo_1021390,pop,validation,300.0,path_acoustic_phase,phase_lifted_path_homology,132,,,0.5039800643444846,0.5039800643444846,1.0,0.47500000000000003,0.5044100168368797,0.5059969799536845,12.0,0.33125118923591823,0.0,0.0
pop_jamendo_1021390__300s,pop_jamendo_1021390,pop,validation,300.0,path_rhythm_phase,phase_lifted_path_homology,132,,,0.3347691624976725,0.3347691624976725,1.0,0.275,0.35134569412851013,0.4070268350100464,36.0,0.14190735438950042,0.0,0.0
pop_jamendo_1030029__180s,pop_jamendo_1030029,pop,validation,180.0,path_acoustic_phase,phase_lifted_path_homology,89,,,0.42043083044665736,0.42043083044665736,1.0,0.375,0.421597745536373,0.42505042262121334,12.0,0.2635586213183738,0.0,0.0
pop_jamendo_1030029__180s,pop_jamendo_1030029,pop,validation,180.0,path_rhythm_phase,phase_lifted_path_homology,89,,,0.40236834504162083,0.40236834504162083,1.0,0.375,0.4073584289396913,0.42168896775430365,12.0,0.3066547039554357,0.0,0.0
pop_jamendo_1030029__300s,pop_jamendo_1030029,pop,validation,300.0,path_acoustic_phase,phase_lifted_path_homology,120,,,0.47408023719765124,0.47408023719765124,1.0,0.425,0.4743096975338136,0.47835334478990604,14.0,0.40791867910410107,0.0,0.0
pop_jamendo_1030029__300s,pop_jamendo_1030029,pop,validation,300.0,path_rhythm_phase,phase_lifted_path_homology,120,,,0.46381157440044257,0.46381157440044257,1.0,0.425,0.46486325263910877,0.47373678528954466,12.0,0.26814524743687773,0.0,0.0
pop_jamendo_1036438__180s,pop_jamendo_1036438,pop,validation,180.0,path_acoustic_phase,phase_lifted_path_homology,89,,,0.35996257701047263,0.35996257701047263,1.0,0.325,0.3726258967223395,0.4038229988231668,12.0,0.20777113364915634,0.0,0.0
pop_jamendo_1036438__180s,pop_jamendo_1036438,pop,validation,180.0,path_rhythm_phase,phase_lifted_path_homology,89,,,0.4165383382477928,0.4165383382477928,1.0,0.375,0.42145938906097086,0.43345201505843933,12.0,0.20514969929939308,0.0,0.0
pop_jamendo_1036438__300s,pop_jamendo_1036438,pop,validation,300.0,path_acoustic_phase,phase_lifted_path_homology,121,,,0.3720458083759634,0.3720458083759634,1.0,0.325,0.38169986211954116,0.4156207192623897,12.0,0.17081066232450648,0.0,0.0
pop_jamendo_1036438__300s,pop_jamendo_1036438,pop,validation,300.0,path_rhythm_phase,phase_lifted_path_homology,121,,,0.35567246964128146,0.35567246964128146,1.0,0.325,0.37037855013192966,0.40647868420644495,12.0,0.13872076726292315,0.0,0.0
pop_jamendo_1041139__180s,pop_jamendo_1041139,pop,validation,180.0,path_acoustic_phase,phase_lifted_path_homology,89,,,0.3792274422327727,0.3792274422327727,1.0,0.325,0.3804399535177207,0.4595352318680359,54.0,0.49065315540639265,0.0,0.0
pop_jamendo_1041139__180s,pop_jamendo_1041139,pop,validation,180.0,path_rhythm_phase,phase_lifted_path_homology,89,,,0.34289890860953187,0.34289890860953187,1.0,0.275,0.3691255547419011,0.42292016816670297,56.0,0.2416078202644375,0.0,0.0
pop_jamendo_1041139__300s,pop_jamendo_1041139,pop,validation,300.0,path_acoustic_phase,phase_lifted_path_homology,95,,,0.36869683765053923,0.36869683765053923,1.0,0.325,0.37218862847955203,0.4411011164093708,54.0,0.35231749079274566,0.0,0.0
pop_jamendo_1041139__300s,pop_jamendo_1041139,pop,validation,300.0,path_rhythm_phase,phase_lifted_path_homology,95,,,0.31540028969518674,0.31540028969518674,1.0,0.275,0.3417187846374087,0.42277438355146035,54.0,0.19497611730802622,0.0,0.0
pop_jamendo_1041563__180s,pop_jamendo_1041563,pop,validation,180.0,path_acoustic_phase,phase_lifted_path_homology,49,,,0.39659849498285615,0.39659849498285615,1.0,0.325,0.41718873118723987,0.4865033885434817,22.0,0.41334574209029495,0.0,0.0
pop_jamendo_1041563__180s,pop_jamendo_1041563,pop,validation,180.0,path_rhythm_phase,phase_lifted_path_homology,49,,,0.23117481667373557,0.23117481667373557,1.0,0.175,0.2415273411583051,0.35414024735426897,32.0,0.14255935872724002,0.0,0.0
pop_jamendo_1041563__300s,pop_jamendo_1041563,pop,validation,300.0,path_acoustic_phase,phase_lifted_path_homology,49,,,0.39659849498285615,0.39659849498285615,1.0,0.325,0.41718873118723987,0.4865033885434817,22.0,0.41334574209029495,0.0,0.0
pop_jamendo_1041563__300s,pop_jamendo_1041563,pop,validation,300.0,path_rhythm_phase,phase_lifted_path_homology,49,,,0.23117481667373557,0.23117481667373557,1.0,0.175,0.2415273411583051,0.35414024735426897,32.0,0.14255935872724002,0.0,0.0
pop_jamendo_1054342__180s,pop_jamendo_1054342,pop,validation,180.0,path_acoustic_phase,phase_lifted_path_homology,89,,,0.46300512205389277,0.46300512205389277,1.0,0.425,0.4680916875600314,0.48105793308414574,50.0,0.3887591840397091,0.0,0.0
pop_jamendo_1054342__180s,pop_jamendo_1054342,pop,validation,180.0,path_rhythm_phase,phase_lifted_path_homology,89,,,0.3256245138239717,0.3256245138239717,1.0,0.275,0.33612517327498187,0.37538565306423677,50.0,0.07345649731778292,0.0,0.0
pop_jamendo_1054342__300s,pop_jamendo_1054342,pop,validation,300.0,path_acoustic_phase,phase_lifted_path_homology,121,,,0.44108318154730214,0.44108318154730214,1.0,0.375,0.44448450317217775,0.4535697833635759,50.0,0.2608534354052947,0.0,0.0
pop_jamendo_1054342__300s,pop_jamendo_1054342,pop,validation,300.0,path_rhythm_phase,phase_lifted_path_homology,121,,,0.4004804029059845,0.4004804029059845,1.0,0.375,0.40980807593723656,0.43052597918703467,12.0,0.12190041403909158,0.0,0.0
pop_jamendo_1056068__180s,pop_jamendo_1056068,pop,validation,180.0,path_acoustic_phase,phase_lifted_path_homology,89,,,0.34727368206678055,0.34727368206678055,1.0,0.275,0.3660880176002158,0.40425651753377423,24.0,0.1800816070292901,0.0,0.0
pop_jamendo_1056068__180s,pop_jamendo_1056068,pop,validation,180.0,path_rhythm_phase,phase_lifted_path_homology,89,,,0.37855075139126276,0.37855075139126276,1.0,0.325,0.37904993106254775,0.4008109618627272,30.0,0.19315736761721825,0.0,0.0
pop_jamendo_1056068__300s,pop_jamendo_1056068,pop,validation,300.0,path_acoustic_phase,phase_lifted_path_homology,100,,,0.36752455725776056,0.36752455725776056,1.0,0.325,0.3704012076089146,0.3998696984981825,24.0,0.13286685771828144,0.0,0.0
pop_jamendo_1056068__300s,pop_jamendo_1056068,pop,validation,300.0,path_rhythm_phase,phase_lifted_path_homology,100,,,0.38881213154635424,0.38881213154635424,1.0,0.325,0.3905708779628821,0.4028319510230831,12.0,0.1671415455382037,0.0,0.0
pop_jamendo_1061380__180s,pop_jamendo_1061380,pop,validation,180.0,path_acoustic_phase,phase_lifted_path_homology,89,,,0.266575219719467,0.266575219719467,1.0,0.225,0.29969177433034555,0.3691723857979108,58.0,0.2833197246911381,0.0,0.0
pop_jamendo_1061380__180s,pop_jamendo_1061380,pop,validation,180.0,path_rhythm_phase,phase_lifted_path_homology,89,,,0.34662234863249636,0.34662234863249636,1.0,0.275,0.34978875444318125,0.3643289406170438,52.0,0.16404556028972372,0.0,0.0
pop_jamendo_1061380__300s,pop_jamendo_1061380,pop,validation,300.0,path_acoustic_phase,phase_lifted_path_homology,90,,,0.3473063683505429,0.3473063683505429,1.0,0.275,0.34823959305389035,0.4031061052981899,60.0,0.3604449564996366,0.0,0.0
pop_jamendo_1061380__300s,pop_jamendo_1061380,pop,validation,300.0,path_rhythm_phase,phase_lifted_path_homology,90,,,0.2527436401828541,0.2527436401828541,1.0,0.225,0.26383788353324605,0.3801341486385994,40.0,0.15016849722124626,0.0,0.0
pop_jamendo_1061441__180s,pop_jamendo_1061441,pop,validation,180.0,path_acoustic_phase,phase_lifted_path_homology,89,,,0.37685097518143984,0.37685097518143984,1.0,0.325,0.3855687986272245,0.40710396325143844,12.0,0.3295823594050711,0.0,0.0
pop_jamendo_1061441__180s,pop_jamendo_1061441,pop,validation,180.0,path_rhythm_phase,phase_lifted_path_homology,89,,,0.404376111384179,0.404376111384179,1.0,0.375,0.4141084165259641,0.43152545852995455,12.0,0.24285829990635155,0.0,0.0
pop_jamendo_1061441__300s,pop_jamendo_1061441,pop,validation,300.0,path_acoustic_phase,phase_lifted_path_homology,90,,,0.353770623708728,0.353770623708728,1.0,0.325,0.3647053110325369,0.40491106834994944,12.0,0.22688595779862153,0.0,0.0
pop_jamendo_1061441__300s,pop_jamendo_1061441,pop,validation,300.0,path_rhythm_phase,phase_lifted_path_homology,90,,,0.28837976571658025,0.28837976571658025,1.0,0.225,0.30862522919780455,0.38261172719693276,38.0,0.18670178115690694,0.0,0.0
pop_jamendo_1062831__180s,pop_jamendo_1062831,pop,validation,180.0,path_acoustic_phase,phase_lifted_path_homology,89,,,0.426883630200991,0.426883630200991,1.0,0.375,0.42815721567608944,0.4354819186639088,18.0,0.3176008637474427,0.0,0.0
pop_jamendo_1062831__180s,pop_jamendo_1062831,pop,validation,180.0,path_rhythm_phase,phase_lifted_path_homology,89,,,0.2732501207665603,0.2732501207665603,1.0,0.225,0.2968348436404912,0.42986661791236247,48.0,0.5040029910128389,0.0,0.0
pop_jamendo_1062831__300s,pop_jamendo_1062831,pop,validation,300.0,path_acoustic_phase,phase_lifted_path_homology,144,,,0.4919571126469151,0.4919571126469151,1.0,0.425,0.494953149464718,0.5010163044052295,18.0,0.26274637018152425,0.0,0.0
pop_jamendo_1062831__300s,pop_jamendo_1062831,pop,validation,300.0,path_rhythm_phase,phase_lifted_path_homology,144,,,0.457423444934531,0.457423444934531,1.0,0.425,0.45901779094386785,0.4761094841467007,12.0,0.28033642427580774,0.0,0.0
pop_jamendo_1063334__180s,pop_jamendo_1063334,pop,validation,180.0,path_acoustic_phase,phase_lifted_path_homology,89,,,0.3710017189655391,0.3710017189655391,1.0,0.325,0.38263524993097886,0.40385047419474124,12.0,0.16889687284274912,0.0,0.0
pop_jamendo_1063334__180s,pop_jamendo_1063334,pop,validation,180.0,path_rhythm_phase,phase_lifted_path_homology,89,,,0.4057700897194108,0.4057700897194108,1.0,0.375,0.4091518737825054,0.41832730959392594,12.0,0.3079972991455764,0.0,0.0
pop_jamendo_1063334__300s,pop_jamendo_1063334,pop,validation,300.0,path_acoustic_phase,phase_lifted_path_homology,123,,,0.3931089773994692,0.3931089773994692,1.0,0.325,0.39412309241910587,0.4076586067204932,12.0,0.20432781284805268,0.0,0.0
pop_jamendo_1063334__300s,pop_jamendo_1063334,pop,validation,300.0,path_rhythm_phase,phase_lifted_path_homology,123,,,0.3958854243741605,0.3958854243741605,1.0,0.325,0.4018735413828036,0.42269068146399724,12.0,0.19857963457812344,0.0,0.0
pop_jamendo_1067889__180s,pop_jamendo_1067889,pop,validation,180.0,path_acoustic_phase,phase_lifted_path_homology,89,,,0.4490925219514078,0.4490925219514078,1.0,0.375,0.44970312496891085,0.4574623117305974,12.0,0.40645689629937953,0.0,0.0
pop_jamendo_1067889__180s,pop_jamendo_1067889,pop,validation,180.0,path_rhythm_phase,phase_lifted_path_homology,89,,,0.4485516810167957,0.4485516810167957,1.0,0.375,0.45212990256669255,0.46253949838024605,12.0,0.3623015221143051,0.0,0.0
pop_jamendo_1067889__300s,pop_jamendo_1067889,pop,validation,300.0,path_acoustic_phase,phase_lifted_path_homology,149,,,0.4197366277744809,0.4197366277744809,1.0,0.375,0.4198191888306284,0.4352518164163925,12.0,0.26750205403951144,0.0,0.0
pop_jamendo_1067889__300s,pop_jamendo_1067889,pop,validation,300.0,path_rhythm_phase,phase_lifted_path_homology,149,,,0.4037535502627554,0.4037535502627554,1.0,0.375,0.40993698459650296,0.43079058224867456,12.0,0.2580861570871542,0.0,0.0
pop_jamendo_1067897__180s,pop_jamendo_1067897,pop,validation,180.0,path_acoustic_phase,phase_lifted_path_homology,89,,,0.3605943875017057,0.3605943875017057,1.0,0.325,0.3633801391323632,0.3844860425148564,16.0,0.08238531453510989,0.0,0.0
pop_jamendo_1067897__180s,pop_jamendo_1067897,pop,validation,180.0,path_rhythm_phase,phase_lifted_path_homology,89,,,0.39158115318127623,0.39158115318127623,1.0,0.325,0.3922734189362813,0.41240066570408107,12.0,0.13004909017861543,0.0,0.0
pop_jamendo_1067897__300s,pop_jamendo_1067897,pop,validation,300.0,path_acoustic_phase,phase_lifted_path_homology,149,,,0.3738443102001048,0.3738443102001048,1.0,0.325,0.37897100269768524,0.39658303324096117,12.0,0.1558217585404138,0.0,0.0
pop_jamendo_1067897__300s,pop_jamendo_1067897,pop,validation,300.0,path_rhythm_phase,phase_lifted_path_homology,149,,,0.35661607189562416,0.35661607189562416,1.0,0.325,0.3603578846531199,0.38940897276939923,54.0,0.15391985919842632,0.0,0.0
pop_mtg_0035167__180s,pop_mtg_0035167,pop,validation,180.0,path_acoustic_phase,phase_lifted_path_homology,89,,,0.41464213012296663,0.41464213012296663,1.0,0.375,0.4176231455446568,0.453254945317942,12.0,0.38578440830456606,0.0,0.0
pop_mtg_0035167__180s,pop_mtg_0035167,pop,validation,180.0,path_rhythm_phase,phase_lifted_path_homology,89,,,0.39897086008740107,0.39897086008740107,1.0,0.325,0.4002359376588325,0.4292199231870859,14.0,0.3648799533474265,0.0,0.0
pop_mtg_0035167__300s,pop_mtg_0035167,pop,validation,300.0,path_acoustic_phase,phase_lifted_path_homology,149,,,0.4349098366836717,0.4349098366836717,1.0,0.375,0.44276318963303996,0.463626638160997,12.0,0.28084589219154843,0.0,0.0
pop_mtg_0035167__300s,pop_mtg_0035167,pop,validation,300.0,path_rhythm_phase,phase_lifted_path_homology,149,,,0.4187938042524565,0.4187938042524565,1.0,0.375,0.4254077910796944,0.44920592371157225,14.0,0.34704632070551633,0.0,0.0
pop_mtg_0038013__180s,pop_mtg_0038013,pop,validation,180.0,path_acoustic_phase,phase_lifted_path_homology,65,,,0.38799649251038176,0.38799649251038176,1.0,0.325,0.3939579537398992,0.40599086469595264,12.0,0.09767179016090632,0.0,0.0
pop_mtg_0038013__180s,pop_mtg_0038013,pop,validation,180.0,path_rhythm_phase,phase_lifted_path_homology,65,,,0.3375131374593803,0.3375131374593803,1.0,0.275,0.34935766950637587,0.42146392623841294,16.0,0.1973941484989583,0.0,0.0
pop_mtg_0038013__300s,pop_mtg_0038013,pop,validation,300.0,path_acoustic_phase,phase_lifted_path_homology,65,,,0.38799649251038176,0.38799649251038176,1.0,0.325,0.3939579537398992,0.40599086469595264,12.0,0.09767179016090632,0.0,0.0
pop_mtg_0038013__300s,pop_mtg_0038013,pop,validation,300.0,path_rhythm_phase,phase_lifted_path_homology,65,,,0.3375131374593803,0.3375131374593803,1.0,0.275,0.34935766950637587,0.42146392623841294,16.0,0.1973941484989583,0.0,0.0
pop_mtg_0078134__180s,pop_mtg_0078134,pop,validation,180.0,path_acoustic_phase,phase_lifted_path_homology,89,,,0.35917697602758,0.35917697602758,1.0,0.325,0.3620123395759207,0.38197170370087014,12.0,0.25422863015973474,0.0,0.0
pop_mtg_0078134__180s,pop_mtg_0078134,pop,validation,180.0,path_rhythm_phase,phase_lifted_path_homology,89,,,0.3680973718790316,0.3680973718790316,1.0,0.325,0.373744403551457,0.3929041193042981,30.0,0.2675534035564284,0.0,0.0
pop_mtg_0078134__300s,pop_mtg_0078134,pop,validation,300.0,path_acoustic_phase,phase_lifted_path_homology,132,,,0.23470313820094096,0.23470313820094096,1.0,0.175,0.2519446888893564,0.36361364833612847,62.0,0.3547614907279236,0.0,0.0
pop_mtg_0078134__300s,pop_mtg_0078134,pop,validation,300.0,path_rhythm_phase,phase_lifted_path_homology,132,,,0.29778972514292407,0.29778972514292407,1.0,0.225,0.2992528281618527,0.4064812880411885,60.0,0.2736118500634541,0.0,0.0
pop_mtg_0078136__180s,pop_mtg_0078136,pop,validation,180.0,path_acoustic_phase,phase_lifted_path_homology,81,,,0.3419074699703993,0.3419074699703993,1.0,0.275,0.3557044995004053,0.4003628003446205,24.0,0.10948084115470369,0.0,0.0
pop_mtg_0078136__180s,pop_mtg_0078136,pop,validation,180.0,path_rhythm_phase,phase_lifted_path_homology,81,,,0.25963434081695763,0.25963434081695763,1.0,0.225,0.26776585310256934,0.369972624243603,50.0,0.05839552865185327,0.0,0.0
pop_mtg_0078136__300s,pop_mtg_0078136,pop,validation,300.0,path_acoustic_phase,phase_lifted_path_homology,81,,,0.3419074699703993,0.3419074699703993,1.0,0.275,0.3557044995004053,0.4003628003446205,24.0,0.10948084115470369,0.0,0.0
pop_mtg_0078136__300s,pop_mtg_0078136,pop,validation,300.0,path_rhythm_phase,phase_lifted_path_homology,81,,,0.25963434081695763,0.25963434081695763,1.0,0.225,0.26776585310256934,0.369972624243603,50.0,0.05839552865185327,0.0,0.0
pop_mtg_0079517__180s,pop_mtg_0079517,pop,validation,180.0,path_acoustic_phase,phase_lifted_path_homology,89,,,0.40265126513657107,0.40265126513657107,1.0,0.375,0.4033799602039883,0.4369818523988755,46.0,0.2678056555768862,0.0,0.0
pop_mtg_0079517__180s,pop_mtg_0079517,pop,validation,180.0,path_rhythm_phase,phase_lifted_path_homology,89,,,0.4001700776299654,0.4001700776299654,1.0,0.375,0.4157136698389162,0.4680604169391264,48.0,0.371577588195672,0.0,0.0
pop_mtg_0079517__300s,pop_mtg_0079517,pop,validation,300.0,path_acoustic_phase,phase_lifted_path_homology,108,,,0.36964567775805646,0.36964567775805646,1.0,0.325,0.37926594369369504,0.42190850028427357,46.0,0.2028650277097337,0.0,0.0
pop_mtg_0079517__300s,pop_mtg_0079517,pop,validation,300.0,path_rhythm_phase,phase_lifted_path_homology,108,,,0.44709510082152276,0.44709510082152276,1.0,0.375,0.44911456089821783,0.46232032952633145,48.0,0.2812202093073485,0.0,0.0
pop_mtg_0103888__180s,pop_mtg_0103888,pop,validation,180.0,path_acoustic_phase,phase_lifted_path_homology,89,,,0.31674501790209025,0.31674501790209025,1.0,0.275,0.34695231600458476,0.4153596647872604,48.0,0.2240461884721776,0.0,0.0
pop_mtg_0103888__180s,pop_mtg_0103888,pop,validation,180.0,path_rhythm_phase,phase_lifted_path_homology,89,,,0.3253467176579869,0.3253467176579869,1.0,0.275,0.3527456301177127,0.41714587399057934,48.0,0.24795162710376328,0.0,0.0
pop_mtg_0103888__300s,pop_mtg_0103888,pop,validation,300.0,path_acoustic_phase,phase_lifted_path_homology,128,,,0.38460267831898237,0.38460267831898237,1.0,0.325,0.3921971524486877,0.4116934325581095,36.0,0.2596839010010381,0.0,0.0
pop_mtg_0103888__300s,pop_mtg_0103888,pop,validation,300.0,path_rhythm_phase,phase_lifted_path_homology,128,,,0.33157234738437336,0.33157234738437336,1.0,0.275,0.3374827477742637,0.365914168966049,36.0,0.06909790964637308,0.0,0.0
pop_mtg_0131613__180s,pop_mtg_0131613,pop,validation,180.0,path_acoustic_phase,phase_lifted_path_homology,89,,,0.42675546469981157,0.42675546469981157,1.0,0.375,0.4330852267550138,0.45058529853614254,30.0,0.11105903363583591,0.0,0.0
pop_mtg_0131613__180s,pop_mtg_0131613,pop,validation,180.0,path_rhythm_phase,phase_lifted_path_homology,89,,,0.55420507811171,0.55420507811171,1.0,0.5249999999999999,0.5554100760978038,0.5581298607011614,22.0,0.10872272732712951,0.0,0.0
pop_mtg_0131613__300s,pop_mtg_0131613,pop,validation,300.0,path_acoustic_phase,phase_lifted_path_homology,149,,,0.46001020453866304,0.46001020453866304,1.0,0.425,0.4614435350238238,0.47315595269990496,14.0,0.10116932493648956,0.0,0.0
pop_mtg_0131613__300s,pop_mtg_0131613,pop,validation,300.0,path_rhythm_phase,phase_lifted_path_homology,149,,,0.6056114702014382,0.6056114702014382,1.0,0.575,0.6278851200838542,0.6762399098869217,30.0,0.06675026263692929,0.0,0.0
pop_mtg_0131615__180s,pop_mtg_0131615,pop,validation,180.0,path_acoustic_phase,phase_lifted_path_homology,89,,,0.3466541940382084,0.3466541940382084,1.0,0.275,0.3579363151454205,0.3898684663459488,46.0,0.12460532164411897,0.0,0.0
pop_mtg_0131615__180s,pop_mtg_0131615,pop,validation,180.0,path_rhythm_phase,phase_lifted_path_homology,89,,,0.3612527049511131,0.3612527049511131,1.0,0.325,0.36340605480874694,0.40551506214832295,42.0,0.30507042973879384,0.0,0.0
pop_mtg_0131615__300s,pop_mtg_0131615,pop,validation,300.0,path_acoustic_phase,phase_lifted_path_homology,118,,,0.3485798383847344,0.3485798383847344,1.0,0.275,0.3513837896227729,0.37940744547783606,46.0,0.13297377564899837,0.0,0.0
pop_mtg_0131615__300s,pop_mtg_0131615,pop,validation,300.0,path_rhythm_phase,phase_lifted_path_homology,118,,,0.3699097415093329,0.3699097415093329,1.0,0.325,0.37955927524943756,0.40632812852463046,30.0,0.20761297204802043,0.0,0.0
pop_mtg_0195296__180s,pop_mtg_0195296,pop,validation,180.0,path_acoustic_phase,phase_lifted_path_homology,89,,,0.4055622156999021,0.4055622156999021,1.0,0.375,0.40931033071431117,0.42697485666417245,12.0,0.14479635300481974,0.0,0.0
pop_mtg_0195296__180s,pop_mtg_0195296,pop,validation,180.0,path_rhythm_phase,phase_lifted_path_homology,89,,,0.38021818074479286,0.38021818074479286,1.0,0.325,0.3826211992288304,0.39632801543422785,12.0,0.30257682364832095,0.0,0.0
pop_mtg_0195296__300s,pop_mtg_0195296,pop,validation,300.0,path_acoustic_phase,phase_lifted_path_homology,149,,,0.393279887099635,0.393279887099635,1.0,0.325,0.3963881037844276,0.40183801710133876,12.0,0.20383313482039211,0.0,0.0
pop_mtg_0195296__300s,pop_mtg_0195296,pop,validation,300.0,path_rhythm_phase,phase_lifted_path_homology,149,,,0.3991971556093951,0.3991971556093951,1.0,0.325,0.4039098743815043,0.41554821860600305,16.0,0.15279962528114144,0.0,0.0
pop_mtg_0195302__180s,pop_mtg_0195302,pop,validation,180.0,path_acoustic_phase,phase_lifted_path_homology,55,,,0.5094679101044344,0.5094679101044344,1.0,0.47500000000000003,0.5175468722918812,0.5394762473217061,12.0,0.2875689152048082,0.0,0.0
pop_mtg_0195302__180s,pop_mtg_0195302,pop,validation,180.0,path_rhythm_phase,phase_lifted_path_homology,55,,,0.4674621120877872,0.4674621120877872,1.0,0.425,0.49269963756737256,0.5623300759653745,12.0,0.4951137054501916,0.0,0.0
pop_mtg_0195302__300s,pop_mtg_0195302,pop,validation,300.0,path_acoustic_phase,phase_lifted_path_homology,55,,,0.5094679101044344,0.5094679101044344,1.0,0.47500000000000003,0.5175468722918812,0.5394762473217061,12.0,0.2875689152048082,0.0,0.0
pop_mtg_0195302__300s,pop_mtg_0195302,pop,validation,300.0,path_rhythm_phase,phase_lifted_path_homology,55,,,0.4674621120877872,0.4674621120877872,1.0,0.425,0.49269963756737256,0.5623300759653745,12.0,0.4951137054501916,0.0,0.0
pop_mtg_0354881__180s,pop_mtg_0354881,pop,validation,180.0,path_acoustic_phase,phase_lifted_path_homology,89,,,0.49099659496943593,0.49099659496943593,1.0,0.425,0.4940049134734597,0.5128654323545486,12.0,0.30092352959654,0.0,0.0
pop_mtg_0354881__180s,pop_mtg_0354881,pop,validation,180.0,path_rhythm_phase,phase_lifted_path_homology,89,,,0.497245449421904,0.497245449421904,1.0,0.425,0.5082265639042939,0.5438318213534157,14.0,0.232391154897858,0.0,0.0
pop_mtg_0354881__300s,pop_mtg_0354881,pop,validation,300.0,path_acoustic_phase,phase_lifted_path_homology,149,,,0.5057987633405155,0.5057987633405155,1.0,0.47500000000000003,0.5136960180956804,0.5464893084702273,12.0,0.31983935736582825,0.0,0.0
pop_mtg_0354881__300s,pop_mtg_0354881,pop,validation,300.0,path_rhythm_phase,phase_lifted_path_homology,149,,,0.5454282669911508,0.5454282669911508,1.0,0.47500000000000003,0.5591724396203164,0.5902223032977718,16.0,0.3089241275481462,0.0,0.0
pop_mtg_0354913__180s,pop_mtg_0354913,pop,validation,180.0,path_acoustic_phase,phase_lifted_path_homology,89,,,0.37915090025513604,0.37915090025513604,1.0,0.325,0.38119156609855764,0.39502973750795994,12.0,0.44836441479793987,0.0,0.0
pop_mtg_0354913__180s,pop_mtg_0354913,pop,validation,180.0,path_rhythm_phase,phase_lifted_path_homology,89,,,0.4005119232120634,0.4005119232120634,1.0,0.375,0.4090337248707404,0.4330920763519653,14.0,0.38248257448534506,0.0,0.0
pop_mtg_0354913__300s,pop_mtg_0354913,pop,validation,300.0,path_acoustic_phase,phase_lifted_path_homology,112,,,0.3723545887673181,0.3723545887673181,1.0,0.325,0.38275856431905586,0.4252059701100646,18.0,0.35159889828943625,0.0,0.0
pop_mtg_0354913__300s,pop_mtg_0354913,pop,validation,300.0,path_rhythm_phase,phase_lifted_path_homology,112,,,0.41667438282085867,0.41667438282085867,1.0,0.375,0.41797475170453563,0.4364938853599527,14.0,0.40616015071424594,0.0,0.0
pop_mtg_0394439__180s,pop_mtg_0394439,pop,validation,180.0,path_acoustic_phase,phase_lifted_path_homology,89,,,0.3464353668793312,0.3464353668793312,1.0,0.275,0.35363097131376015,0.3875421529038516,14.0,0.19230947152671085,0.0,0.0
pop_mtg_0394439__180s,pop_mtg_0394439,pop,validation,180.0,path_rhythm_phase,phase_lifted_path_homology,89,,,0.4089544623090225,0.4089544623090225,1.0,0.375,0.41063337970153496,0.41897492201132497,48.0,0.2578834274358921,0.0,0.0
pop_mtg_0394439__300s,pop_mtg_0394439,pop,validation,300.0,path_acoustic_phase,phase_lifted_path_homology,149,,,0.3931700979896852,0.3931700979896852,1.0,0.325,0.3933888270433996,0.3991974972611079,14.0,0.12209351965364279,0.0,0.0
pop_mtg_0394439__300s,pop_mtg_0394439,pop,validation,300.0,path_rhythm_phase,phase_lifted_path_homology,149,,,0.3398115094873108,0.3398115094873108,1.0,0.275,0.3515551748858408,0.38763213003216657,48.0,0.1477649088561347,0.0,0.0
pop_mtg_0394440__180s,pop_mtg_0394440,pop,validation,180.0,path_acoustic_phase,phase_lifted_path_homology,89,,,0.4490147054120606,0.4490147054120606,1.0,0.375,0.4554338151142904,0.487702993419355,12.0,0.5650538222060523,0.0,0.0
pop_mtg_0394440__180s,pop_mtg_0394440,pop,validation,180.0,path_rhythm_phase,phase_lifted_path_homology,89,,,0.4556628440916955,0.4556628440916955,1.0,0.425,0.45597415989904067,0.4859097139823638,12.0,0.46154877016019247,0.0,0.0
pop_mtg_0394440__300s,pop_mtg_0394440,pop,validation,300.0,path_acoustic_phase,phase_lifted_path_homology,149,,,0.43336674819449006,0.43336674819449006,1.0,0.375,0.4417588447548566,0.4661320951875679,12.0,0.3753221830864826,0.0,0.0
pop_mtg_0394440__300s,pop_mtg_0394440,pop,validation,300.0,path_rhythm_phase,phase_lifted_path_homology,149,,,0.5004275031364318,0.5004275031364318,1.0,0.47500000000000003,0.50632034078229,0.522376358295089,12.0,0.4618736928983529,0.0,0.0
pop_mtg_0457268__180s,pop_mtg_0457268,pop,validation,180.0,path_acoustic_phase,phase_lifted_path_homology,52,,,0.456094530692739,0.456094530692739,1.0,0.425,0.45671632365851333,0.47490526333833566,12.0,0.30873145752293585,0.0,0.0
pop_mtg_0457268__180s,pop_mtg_0457268,pop,validation,180.0,path_rhythm_phase,phase_lifted_path_homology,52,,,0.4141937019240266,0.4141937019240266,1.0,0.375,0.4159182837973879,0.47069979924188504,12.0,0.30578869159183864,0.0,0.0
pop_mtg_0457268__300s,pop_mtg_0457268,pop,validation,300.0,path_acoustic_phase,phase_lifted_path_homology,52,,,0.456094530692739,0.456094530692739,1.0,0.425,0.45671632365851333,0.47490526333833566,12.0,0.30873145752293585,0.0,0.0
pop_mtg_0457268__300s,pop_mtg_0457268,pop,validation,300.0,path_rhythm_phase,phase_lifted_path_homology,52,,,0.4141937019240266,0.4141937019240266,1.0,0.375,0.4159182837973879,0.47069979924188504,12.0,0.30578869159183864,0.0,0.0
pop_mtg_0457270__180s,pop_mtg_0457270,pop,validation,180.0,path_acoustic_phase,phase_lifted_path_homology,64,,,0.5093519143246332,0.5093519143246332,1.0,0.47500000000000003,0.5145575382731291,0.5261711816065189,12.0,0.4135389821246038,0.0,0.0
pop_mtg_0457270__180s,pop_mtg_0457270,pop,validation,180.0,path_rhythm_phase,phase_lifted_path_homology,64,,,0.4264052270821396,0.4264052270821396,1.0,0.375,0.4316563630590227,0.46499943123496207,12.0,0.17855748524412074,0.0,0.0
pop_mtg_0457270__300s,pop_mtg_0457270,pop,validation,300.0,path_acoustic_phase,phase_lifted_path_homology,64,,,0.5093519143246332,0.5093519143246332,1.0,0.47500000000000003,0.5145575382731291,0.5261711816065189,12.0,0.4135389821246038,0.0,0.0
pop_mtg_0457270__300s,pop_mtg_0457270,pop,validation,300.0,path_rhythm_phase,phase_lifted_path_homology,64,,,0.4264052270821396,0.4264052270821396,1.0,0.375,0.4316563630590227,0.46499943123496207,12.0,0.17855748524412074,0.0,0.0
pop_mtg_0459436__180s,pop_mtg_0459436,pop,validation,180.0,path_acoustic_phase,phase_lifted_path_homology,89,,,0.4380483773708077,0.4380483773708077,1.0,0.375,0.43839280753134946,0.46723271038260444,14.0,0.36670914462043824,0.0,0.0
pop_mtg_0459436__180s,pop_mtg_0459436,pop,validation,180.0,path_rhythm_phase,phase_lifted_path_homology,89,,,0.3025982826865844,0.3025982826865844,1.0,0.275,0.3305100646922111,0.40454350153229185,48.0,0.3159222585258371,0.0,0.0
pop_mtg_0459436__300s,pop_mtg_0459436,pop,validation,300.0,path_acoustic_phase,phase_lifted_path_homology,130,,,0.4579169424289785,0.4579169424289785,1.0,0.425,0.4616007728210133,0.47823825221131117,14.0,0.27215316367792586,0.0,0.0
pop_mtg_0459436__300s,pop_mtg_0459436,pop,validation,300.0,path_rhythm_phase,phase_lifted_path_homology,130,,,0.4497976997974876,0.4497976997974876,1.0,0.375,0.452665396868065,0.4643244343056168,14.0,0.2201470141310875,0.0,0.0
pop_mtg_0857085__180s,pop_mtg_0857085,pop,validation,180.0,path_acoustic_phase,phase_lifted_path_homology,89,,,0.4396630236166656,0.4396630236166656,1.0,0.375,0.44214090560036223,0.46634136391524317,12.0,0.4128558126071509,0.0,0.0
pop_mtg_0857085__180s,pop_mtg_0857085,pop,validation,180.0,path_rhythm_phase,phase_lifted_path_homology,89,,,0.3973089943374342,0.3973089943374342,1.0,0.325,0.40631007194362545,0.42687193388615735,16.0,0.24562401734737338,0.0,0.0
pop_mtg_0857085__300s,pop_mtg_0857085,pop,validation,300.0,path_acoustic_phase,phase_lifted_path_homology,137,,,0.42057689168214946,0.42057689168214946,1.0,0.375,0.42488942400082264,0.4484906175592953,12.0,0.273380998628031,0.0,0.0
pop_mtg_0857085__300s,pop_mtg_0857085,pop,validation,300.0,path_rhythm_phase,phase_lifted_path_homology,137,,,0.4339091477033851,0.4339091477033851,1.0,0.375,0.4369278733921095,0.4531658830086071,14.0,0.18059591289088517,0.0,0.0
pop_mtg_0857159__180s,pop_mtg_0857159,pop,validation,180.0,path_acoustic_phase,phase_lifted_path_homology,89,,,0.3679508764798609,0.3679508764798609,1.0,0.325,0.37314709667438367,0.38244443277155366,14.0,0.13707413521124678,0.0,0.0
pop_mtg_0857159__180s,pop_mtg_0857159,pop,validation,180.0,path_rhythm_phase,phase_lifted_path_homology,89,,,0.4023098045806296,0.4023098045806296,1.0,0.375,0.40397176637309684,0.42156399865254746,32.0,0.249111714905633,0.0,0.0
pop_mtg_0857159__300s,pop_mtg_0857159,pop,validation,300.0,path_acoustic_phase,phase_lifted_path_homology,137,,,0.36352327671282025,0.36352327671282025,1.0,0.325,0.36867210436279907,0.3812015173960213,14.0,0.11510511665966239,0.0,0.0
pop_mtg_0857159__300s,pop_mtg_0857159,pop,validation,300.0,path_rhythm_phase,phase_lifted_path_homology,137,,,0.3952531315093338,0.3952531315093338,1.0,0.325,0.4075609775101419,0.4402844961675377,32.0,0.14188495208738405,0.0,0.0
pop_mtg_0916195__180s,pop_mtg_0916195,pop,validation,180.0,path_acoustic_phase,phase_lifted_path_homology,89,,,0.4706329132260836,0.4706329132260836,1.0,0.425,0.4794692593815347,0.5084389118363903,12.0,0.42424772633804353,0.0,0.0
pop_mtg_0916195__180s,pop_mtg_0916195,pop,validation,180.0,path_rhythm_phase,phase_lifted_path_homology,89,,,0.44455068837403944,0.44455068837403944,1.0,0.375,0.456748241717824,0.5050765548390087,20.0,0.3420267126118841,0.0,0.0
pop_mtg_0916195__300s,pop_mtg_0916195,pop,validation,300.0,path_acoustic_phase,phase_lifted_path_homology,131,,,0.48062227863221246,0.48062227863221246,1.0,0.425,0.4870766717004115,0.504728026240764,12.0,0.33416196354412486,0.0,0.0
pop_mtg_0916195__300s,pop_mtg_0916195,pop,validation,300.0,path_rhythm_phase,phase_lifted_path_homology,131,,,0.4800866585371595,0.4800866585371595,1.0,0.425,0.4805065146155089,0.4975460094864999,12.0,0.24121144309937503,0.0,0.0
pop_mtg_0918872__180s,pop_mtg_0918872,pop,validation,180.0,path_acoustic_phase,phase_lifted_path_homology,89,,,0.4474460186604694,0.4474460186604694,1.0,0.375,0.447447504987454,0.4651841342767671,16.0,0.46410496823114067,0.0,0.0
pop_mtg_0918872__180s,pop_mtg_0918872,pop,validation,180.0,path_rhythm_phase,phase_lifted_path_homology,89,,,0.4449957760422577,0.4449957760422577,1.0,0.375,0.4475666872938282,0.46708739459162923,12.0,0.4742405123856157,0.0,0.0
pop_mtg_0918872__300s,pop_mtg_0918872,pop,validation,300.0,path_acoustic_phase,phase_lifted_path_homology,141,,,0.4443666699571051,0.4443666699571051,1.0,0.375,0.44918951135137763,0.48717076587650476,16.0,0.31187290748064966,0.0,0.0
pop_mtg_0918872__300s,pop_mtg_0918872,pop,validation,300.0,path_rhythm_phase,phase_lifted_path_homology,141,,,0.4647828946724529,0.4647828946724529,1.0,0.425,0.4782772860978074,0.5013512552009595,12.0,0.5007786177125488,0.0,0.0
pop_mtg_0922845__180s,pop_mtg_0922845,pop,validation,180.0,path_acoustic_phase,phase_lifted_path_homology,89,,,0.44196101056507103,0.44196101056507103,1.0,0.375,0.4466934954269821,0.46393136935184676,14.0,0.21990803872219122,0.0,0.0
pop_mtg_0922845__180s,pop_mtg_0922845,pop,validation,180.0,path_rhythm_phase,phase_lifted_path_homology,89,,,0.42418636142859734,0.42418636142859734,1.0,0.375,0.45132058516944384,0.5018708607102152,16.0,0.39731511977161726,0.0,0.0
pop_mtg_0922845__300s,pop_mtg_0922845,pop,validation,300.0,path_acoustic_phase,phase_lifted_path_homology,149,,,0.44941197430645274,0.44941197430645274,1.0,0.375,0.45958939347714384,0.4819694524317233,14.0,0.20857623229428257,0.0,0.0
pop_mtg_0922845__300s,pop_mtg_0922845,pop,validation,300.0,path_rhythm_phase,phase_lifted_path_homology,149,,,0.5005389089472965,0.5005389089472965,1.0,0.47500000000000003,0.5050252950005136,0.5269579078529779,16.0,0.14809424145936312,0.0,0.0
pop_mtg_0922900__180s,pop_mtg_0922900,pop,validation,180.0,path_acoustic_phase,phase_lifted_path_homology,89,,,0.3866152091568792,0.3866152091568792,1.0,0.325,0.4040492193620171,0.4381950568639607,12.0,0.4201708861376259,0.0,0.0
pop_mtg_0922900__180s,pop_mtg_0922900,pop,validation,180.0,path_rhythm_phase,phase_lifted_path_homology,89,,,0.45995874185602614,0.45995874185602614,1.0,0.425,0.46630895345468953,0.4805015714623677,12.0,0.4568557340226129,0.0,0.0
pop_mtg_0922900__300s,pop_mtg_0922900,pop,validation,300.0,path_acoustic_phase,phase_lifted_path_homology,149,,,0.4530508691335981,0.4530508691335981,1.0,0.425,0.4565229600783456,0.47340327521994024,12.0,0.417179566296476,0.0,0.0
pop_mtg_0922900__300s,pop_mtg_0922900,pop,validation,300.0,path_rhythm_phase,phase_lifted_path_homology,149,,,0.4737702294568284,0.4737702294568284,1.0,0.425,0.4743312124033947,0.48155051753203465,12.0,0.3217288527470641,0.0,0.0
pop_mtg_0977745__180s,pop_mtg_0977745,pop,validation,180.0,path_acoustic_phase,phase_lifted_path_homology,89,,,0.3498108313702974,0.3498108313702974,1.0,0.275,0.35247474066596807,0.40954875412984726,32.0,0.12119830258991726,0.0,0.0
pop_mtg_0977745__180s,pop_mtg_0977745,pop,validation,180.0,path_rhythm_phase,phase_lifted_path_homology,89,,,0.3511406701020607,0.3511406701020607,1.0,0.325,0.3517573038351163,0.3690349348302524,26.0,0.13092956955989954,0.0,0.0
pop_mtg_0977745__300s,pop_mtg_0977745,pop,validation,300.0,path_acoustic_phase,phase_lifted_path_homology,128,,,0.3030459871940455,0.3030459871940455,1.0,0.275,0.3192831435981901,0.38136138321607405,40.0,0.16844231940091614,0.0,0.0
pop_mtg_0977745__300s,pop_mtg_0977745,pop,validation,300.0,path_rhythm_phase,phase_lifted_path_homology,128,,,0.3052256412054755,0.3052256412054755,1.0,0.275,0.3220379095260433,0.3823057000385488,60.0,0.17992503843477958,0.0,0.0
pop_mtg_1021388__180s,pop_mtg_1021388,pop,validation,180.0,path_acoustic_phase,phase_lifted_path_homology,89,,,0.4333589426152957,0.4333589426152957,1.0,0.375,0.43657652794520274,0.455241265892915,12.0,0.18138006114189242,0.0,0.0
pop_mtg_1021388__180s,pop_mtg_1021388,pop,validation,180.0,path_rhythm_phase,phase_lifted_path_homology,89,,,0.3343803824421799,0.3343803824421799,1.0,0.275,0.3495549962257816,0.3807301452347005,14.0,0.13587423082841354,0.0,0.0
pop_mtg_1021388__300s,pop_mtg_1021388,pop,validation,300.0,path_acoustic_phase,phase_lifted_path_homology,149,,,0.4521451627147514,0.4521451627147514,1.0,0.425,0.45513402221943877,0.4674254377732383,12.0,0.3055477762085004,0.0,0.0
pop_mtg_1021388__300s,pop_mtg_1021388,pop,validation,300.0,path_rhythm_phase,phase_lifted_path_homology,149,,,0.3481004066406535,0.3481004066406535,1.0,0.275,0.3626040502139456,0.3989256813584026,16.0,0.2158465651073258,0.0,0.0
pop_mtg_1041560__180s,pop_mtg_1041560,pop,validation,180.0,path_acoustic_phase,phase_lifted_path_homology,69,,,0.3077545301029528,0.3077545301029528,1.0,0.275,0.32562292543860716,0.36695066481608524,12.0,0.09731918868692424,0.0,0.0
pop_mtg_1041560__180s,pop_mtg_1041560,pop,validation,180.0,path_rhythm_phase,phase_lifted_path_homology,69,,,0.3379828114271513,0.3379828114271513,1.0,0.275,0.3518557473307292,0.3909553879563865,18.0,0.11710953443871652,0.0,0.0
pop_mtg_1041560__300s,pop_mtg_1041560,pop,validation,300.0,path_acoustic_phase,phase_lifted_path_homology,69,,,0.3077545301029528,0.3077545301029528,1.0,0.275,0.32562292543860716,0.36695066481608524,12.0,0.09731918868692424,0.0,0.0
pop_mtg_1041560__300s,pop_mtg_1041560,pop,validation,300.0,path_rhythm_phase,phase_lifted_path_homology,69,,,0.3379828114271513,0.3379828114271513,1.0,0.275,0.3518557473307292,0.3909553879563865,18.0,0.11710953443871652,0.0,0.0
pop_mtg_1041561__180s,pop_mtg_1041561,pop,validation,180.0,path_acoustic_phase,phase_lifted_path_homology,68,,,0.3287089217287729,0.3287089217287729,1.0,0.275,0.3394437660663513,0.3779490987554756,34.0,0.1489307332572204,0.0,0.0
pop_mtg_1041561__180s,pop_mtg_1041561,pop,validation,180.0,path_rhythm_phase,phase_lifted_path_homology,68,,,0.337011663851777,0.337011663851777,1.0,0.275,0.3551667350991262,0.38920438871215146,12.0,0.06946679288370616,0.0,0.0
pop_mtg_1041561__300s,pop_mtg_1041561,pop,validation,300.0,path_acoustic_phase,phase_lifted_path_homology,68,,,0.3287089217287729,0.3287089217287729,1.0,0.275,0.3394437660663513,0.3779490987554756,34.0,0.1489307332572204,0.0,0.0
pop_mtg_1041561__300s,pop_mtg_1041561,pop,validation,300.0,path_rhythm_phase,phase_lifted_path_homology,68,,,0.337011663851777,0.337011663851777,1.0,0.275,0.3551667350991262,0.38920438871215146,12.0,0.06946679288370616,0.0,0.0
pop_mtg_1063454__180s,pop_mtg_1063454,pop,validation,180.0,path_acoustic_phase,phase_lifted_path_homology,59,,,0.4978000683920939,0.4978000683920939,1.0,0.425,0.49856367285141456,0.5028091228525875,24.0,0.4375047836295022,0.0,0.0
pop_mtg_1063454__180s,pop_mtg_1063454,pop,validation,180.0,path_rhythm_phase,phase_lifted_path_homology,59,,,0.47095279005958846,0.47095279005958846,1.0,0.425,0.47189482087198015,0.47467324518046844,24.0,0.3649560303537829,0.0,0.0
pop_mtg_1063454__300s,pop_mtg_1063454,pop,validation,300.0,path_acoustic_phase,phase_lifted_path_homology,59,,,0.4978000683920939,0.4978000683920939,1.0,0.425,0.49856367285141456,0.5028091228525875,24.0,0.4375047836295022,0.0,0.0
pop_mtg_1063454__300s,pop_mtg_1063454,pop,validation,300.0,path_rhythm_phase,phase_lifted_path_homology,59,,,0.47095279005958846,0.47095279005958846,1.0,0.425,0.47189482087198015,0.47467324518046844,24.0,0.3649560303537829,0.0,0.0
pop_mtg_1063458__180s,pop_mtg_1063458,pop,validation,180.0,path_acoustic_phase,phase_lifted_path_homology,78,,,0.4297521805500913,0.4297521805500913,1.0,0.375,0.4323644429262608,0.4481439429771523,12.0,0.14173910908091847,0.0,0.0
pop_mtg_1063458__180s,pop_mtg_1063458,pop,validation,180.0,path_rhythm_phase,phase_lifted_path_homology,78,,,0.37894862742349616,0.37894862742349616,1.0,0.325,0.3850280229209924,0.40445971617105275,12.0,0.15681834066377598,0.0,0.0
pop_mtg_1063458__300s,pop_mtg_1063458,pop,validation,300.0,path_acoustic_phase,phase_lifted_path_homology,78,,,0.4297521805500913,0.4297521805500913,1.0,0.375,0.4323644429262608,0.4481439429771523,12.0,0.14173910908091847,0.0,0.0
pop_mtg_1063458__300s,pop_mtg_1063458,pop,validation,300.0,path_rhythm_phase,phase_lifted_path_homology,78,,,0.37894862742349616,0.37894862742349616,1.0,0.325,0.3850280229209924,0.40445971617105275,12.0,0.15681834066377598,0.0,0.0
pop_mtg_1078606__180s,pop_mtg_1078606,pop,validation,180.0,path_acoustic_phase,phase_lifted_path_homology,88,,,0.34900033125850055,0.34900033125850055,1.0,0.275,0.3496831940838262,0.36867592954800243,30.0,0.1570166186652715,0.0,0.0
pop_mtg_1078606__180s,pop_mtg_1078606,pop,validation,180.0,path_rhythm_phase,phase_lifted_path_homology,88,,,0.2821013779287647,0.2821013779287647,1.0,0.225,0.2848416143109268,0.3497504462305841,58.0,0.128123261214929,0.0,0.0
pop_mtg_1078606__300s,pop_mtg_1078606,pop,validation,300.0,path_acoustic_phase,phase_lifted_path_homology,88,,,0.34900033125850055,0.34900033125850055,1.0,0.275,0.3496831940838262,0.36867592954800243,30.0,0.1570166186652715,0.0,0.0
pop_mtg_1078606__300s,pop_mtg_1078606,pop,validation,300.0,path_rhythm_phase,phase_lifted_path_homology,88,,,0.2821013779287647,0.2821013779287647,1.0,0.225,0.2848416143109268,0.3497504462305841,58.0,0.128123261214929,0.0,0.0
pop_mtg_1131866__180s,pop_mtg_1131866,pop,validation,180.0,path_acoustic_phase,phase_lifted_path_homology,89,,,0.49908318131570034,0.49908318131570034,1.0,0.425,0.5035394911519314,0.5350091901893131,12.0,0.6685292807623145,0.0,0.0
pop_mtg_1131866__180s,pop_mtg_1131866,pop,validation,180.0,path_rhythm_phase,phase_lifted_path_homology,89,,,0.4039755349172299,0.4039755349172299,1.0,0.375,0.40696422463702864,0.43355374078021075,12.0,0.3198421858455831,0.0,0.0
pop_mtg_1131866__300s,pop_mtg_1131866,pop,validation,300.0,path_acoustic_phase,phase_lifted_path_homology,138,,,0.4583314006197705,0.4583314006197705,1.0,0.425,0.47070156374535566,0.4937945864019094,12.0,0.2988979221933237,0.0,0.0
pop_mtg_1131866__300s,pop_mtg_1131866,pop,validation,300.0,path_rhythm_phase,phase_lifted_path_homology,138,,,0.5486433354460076,0.5486433354460076,1.0,0.47500000000000003,0.5568596277431866,0.5823564617782886,14.0,0.6362492117547507,0.0,0.0
pop_mtg_1131885__180s,pop_mtg_1131885,pop,validation,180.0,path_acoustic_phase,phase_lifted_path_homology,89,,,0.4520507638096192,0.4520507638096192,1.0,0.425,0.458004817765625,0.47615336277510706,12.0,0.4919701018773066,0.0,0.0
pop_mtg_1131885__180s,pop_mtg_1131885,pop,validation,180.0,path_rhythm_phase,phase_lifted_path_homology,89,,,0.4750533149717661,0.4750533149717661,1.0,0.425,0.4789676751694092,0.4861413612893392,14.0,0.46328463131678754,0.0,0.0
pop_mtg_1131885__300s,pop_mtg_1131885,pop,validation,300.0,path_acoustic_phase,phase_lifted_path_homology,149,,,0.5136711483675993,0.5136711483675993,1.0,0.47500000000000003,0.5193050608158549,0.5448291588066237,12.0,0.44121996616753645,0.0,0.0
pop_mtg_1131885__300s,pop_mtg_1131885,pop,validation,300.0,path_rhythm_phase,phase_lifted_path_homology,149,,,0.5190507355530387,0.5190507355530387,1.0,0.47500000000000003,0.5197053084884193,0.5284543593444332,14.0,0.5263531864191499,0.0,0.0
pop_mtg_1176206__180s,pop_mtg_1176206,pop,validation,180.0,path_acoustic_phase,phase_lifted_path_homology,89,,,0.332667948557209,0.332667948557209,1.0,0.275,0.3345919220255373,0.3612835199350712,14.0,0.06831898129377012,0.0,0.0
pop_mtg_1176206__180s,pop_mtg_1176206,pop,validation,180.0,path_rhythm_phase,phase_lifted_path_homology,89,,,0.27797316715484577,0.27797316715484577,1.0,0.225,0.30293520968149634,0.37605706205810424,16.0,0.20464421150932255,0.0,0.0
pop_mtg_1176206__300s,pop_mtg_1176206,pop,validation,300.0,path_acoustic_phase,phase_lifted_path_homology,106,,,0.35677245066484026,0.35677245066484026,1.0,0.325,0.37184054560006474,0.414843420704271,12.0,0.16353271051482676,0.0,0.0
pop_mtg_1176206__300s,pop_mtg_1176206,pop,validation,300.0,path_rhythm_phase,phase_lifted_path_homology,106,,,0.3581500801566064,0.3581500801566064,1.0,0.325,0.3787573388272,0.46046745841120695,62.0,0.33299754285867567,0.0,0.0
pop_mtg_1176230__180s,pop_mtg_1176230,pop,validation,180.0,path_acoustic_phase,phase_lifted_path_homology,89,,,0.35388709454672124,0.35388709454672124,1.0,0.325,0.35992642148732956,0.3992966849934494,12.0,0.23269590401352225,0.0,0.0
pop_mtg_1176230__180s,pop_mtg_1176230,pop,validation,180.0,path_rhythm_phase,phase_lifted_path_homology,89,,,0.358920446061693,0.358920446061693,1.0,0.325,0.366084265288982,0.39208286811643256,30.0,0.10488865126230629,0.0,0.0
pop_mtg_1176230__300s,pop_mtg_1176230,pop,validation,300.0,path_acoustic_phase,phase_lifted_path_homology,142,,,0.41088517818842496,0.41088517818842496,1.0,0.375,0.4151436856989884,0.43716608508423,12.0,0.20258350691646965,0.0,0.0
pop_mtg_1176230__300s,pop_mtg_1176230,pop,validation,300.0,path_rhythm_phase,phase_lifted_path_homology,142,,,0.4183272122328095,0.4183272122328095,1.0,0.375,0.42036652535618957,0.42699139226969257,12.0,0.17610570739885978,0.0,0.0
pop_mtg_1180612__180s,pop_mtg_1180612,pop,validation,180.0,path_acoustic_phase,phase_lifted_path_homology,89,,,0.4902494472147451,0.4902494472147451,1.0,0.425,0.4971350654445927,0.5253363338391498,14.0,0.5177673558205954,0.0,0.0
pop_mtg_1180612__180s,pop_mtg_1180612,pop,validation,180.0,path_rhythm_phase,phase_lifted_path_homology,89,,,0.38535462409577265,0.38535462409577265,1.0,0.325,0.38781407119706385,0.40634640860915255,12.0,0.2627030705224742,0.0,0.0
pop_mtg_1180612__300s,pop_mtg_1180612,pop,validation,300.0,path_acoustic_phase,phase_lifted_path_homology,149,,,0.5043603008865927,0.5043603008865927,1.0,0.47500000000000003,0.5063087431088216,0.5249466068851563,14.0,0.548967183776637,0.0,0.0
pop_mtg_1180612__300s,pop_mtg_1180612,pop,validation,300.0,path_rhythm_phase,phase_lifted_path_homology,149,,,0.36707728534590023,0.36707728534590023,1.0,0.325,0.3793745563665615,0.40107987053461275,14.0,0.18456179347364365,0.0,0.0
pop_mtg_1180622__180s,pop_mtg_1180622,pop,validation,180.0,path_acoustic_phase,phase_lifted_path_homology,89,,,0.5368539585453824,0.5368539585453824,1.0,0.47500000000000003,0.5416031468935509,0.5812263365440827,58.0,0.7836276965830089,0.0,0.0
pop_mtg_1180622__180s,pop_mtg_1180622,pop,validation,180.0,path_rhythm_phase,phase_lifted_path_homology,89,,,0.31136616751494217,0.31136616751494217,1.0,0.275,0.3251906803793889,0.35498035699662395,32.0,0.2060890826379549,0.0,0.0
pop_mtg_1180622__300s,pop_mtg_1180622,pop,validation,300.0,path_acoustic_phase,phase_lifted_path_homology,126,,,0.43075525524564084,0.43075525524564084,1.0,0.375,0.4577073745007683,0.5556578548121968,58.0,0.7323980627288795,0.0,0.0
pop_mtg_1180622__300s,pop_mtg_1180622,pop,validation,300.0,path_rhythm_phase,phase_lifted_path_homology,126,,,0.3426044238649418,0.3426044238649418,1.0,0.275,0.3429781473784039,0.40034648121641814,58.0,0.28166800845721485,0.0,0.0
pop_mtg_1210714__180s,pop_mtg_1210714,pop,validation,180.0,path_acoustic_phase,phase_lifted_path_homology,73,,,0.1764201873194481,0.1764201873194481,1.0,0.125,0.2311239248323941,0.34296509961453797,48.0,0.23003911422648937,0.0,0.0
pop_mtg_1210714__180s,pop_mtg_1210714,pop,validation,180.0,path_rhythm_phase,phase_lifted_path_homology,73,,,0.1905505165328543,0.1905505165328543,1.0,0.125,0.21363386749192848,0.33164548844700875,32.0,0.18245847678184213,0.0,0.0
pop_mtg_1210714__300s,pop_mtg_1210714,pop,validation,300.0,path_acoustic_phase,phase_lifted_path_homology,73,,,0.1764201873194481,0.1764201873194481,1.0,0.125,0.2311239248323941,0.34296509961453797,48.0,0.23003911422648937,0.0,0.0
pop_mtg_1210714__300s,pop_mtg_1210714,pop,validation,300.0,path_rhythm_phase,phase_lifted_path_homology,73,,,0.1905505165328543,0.1905505165328543,1.0,0.125,0.21363386749192848,0.33164548844700875,32.0,0.18245847678184213,0.0,0.0
pop_mtg_1277817__180s,pop_mtg_1277817,pop,validation,180.0,path_acoustic_phase,phase_lifted_path_homology,44,,,0.3211861640289457,0.3211861640289457,1.0,0.275,0.35257053762127094,0.46321087135661904,24.0,0.13979659066704986,0.0,0.0
pop_mtg_1277817__180s,pop_mtg_1277817,pop,validation,180.0,path_rhythm_phase,phase_lifted_path_homology,44,,,0.4499583494485307,0.4499583494485307,1.0,0.375,0.461800599978452,0.5572747065512372,16.0,0.28681753362993145,0.0,0.0
pop_mtg_1277817__300s,pop_mtg_1277817,pop,validation,300.0,path_acoustic_phase,phase_lifted_path_homology,44,,,0.3211861640289457,0.3211861640289457,1.0,0.275,0.35257053762127094,0.46321087135661904,24.0,0.13979659066704986,0.0,0.0
pop_mtg_1277817__300s,pop_mtg_1277817,pop,validation,300.0,path_rhythm_phase,phase_lifted_path_homology,44,,,0.4499583494485307,0.4499583494485307,1.0,0.375,0.461800599978452,0.5572747065512372,16.0,0.28681753362993145,0.0,0.0
pop_mtg_1280241__180s,pop_mtg_1280241,pop,validation,180.0,path_acoustic_phase,phase_lifted_path_homology,84,,,0.31766287231950613,0.31766287231950613,1.0,0.275,0.33472246258866334,0.392323221522368,50.0,0.12766173463362407,0.0,0.0
pop_mtg_1280241__180s,pop_mtg_1280241,pop,validation,180.0,path_rhythm_phase,phase_lifted_path_homology,84,,,0.385126669155439,0.385126669155439,1.0,0.325,0.3945105055427264,0.42209529736225887,30.0,0.36494296538232474,0.0,0.0
pop_mtg_1280241__300s,pop_mtg_1280241,pop,validation,300.0,path_acoustic_phase,phase_lifted_path_homology,84,,,0.31766287231950613,0.31766287231950613,1.0,0.275,0.33472246258866334,0.392323221522368,50.0,0.12766173463362407,0.0,0.0
pop_mtg_1280241__300s,pop_mtg_1280241,pop,validation,300.0,path_rhythm_phase,phase_lifted_path_homology,84,,,0.385126669155439,0.385126669155439,1.0,0.325,0.3945105055427264,0.42209529736225887,30.0,0.36494296538232474,0.0,0.0
pop_mtg_1281920__180s,pop_mtg_1281920,pop,validation,180.0,path_acoustic_phase,phase_lifted_path_homology,89,,,0.4705495560460998,0.4705495560460998,1.0,0.425,0.4769316117924425,0.49904748297514034,12.0,0.5787119994369204,0.0,0.0
pop_mtg_1281920__180s,pop_mtg_1281920,pop,validation,180.0,path_rhythm_phase,phase_lifted_path_homology,89,,,0.4410935823636034,0.4410935823636034,1.0,0.375,0.4440633267619738,0.4542422645013768,12.0,0.41264003107090796,0.0,0.0
pop_mtg_1281920__300s,pop_mtg_1281920,pop,validation,300.0,path_acoustic_phase,phase_lifted_path_homology,138,,,0.46887797800888686,0.46887797800888686,1.0,0.425,0.4723949858453815,0.4841450870058069,12.0,0.3580811652670328,0.0,0.0
pop_mtg_1281920__300s,pop_mtg_1281920,pop,validation,300.0,path_rhythm_phase,phase_lifted_path_homology,138,,,0.4142033784621285,0.4142033784621285,1.0,0.375,0.41572828431155817,0.43930217979515307,12.0,0.3144066181378258,0.0,0.0
pop_mtg_1294827__180s,pop_mtg_1294827,pop,validation,180.0,path_acoustic_phase,phase_lifted_path_homology,70,,,0.3696068008862303,0.3696068008862303,1.0,0.325,0.38104052080752243,0.42441655667915823,12.0,0.23708930621542512,0.0,0.0
pop_mtg_1294827__180s,pop_mtg_1294827,pop,validation,180.0,path_rhythm_phase,phase_lifted_path_homology,70,,,0.28144196014547435,0.28144196014547435,1.0,0.225,0.3008995165205467,0.3596285261644933,12.0,0.10118450979370075,0.0,0.0
pop_mtg_1294827__300s,pop_mtg_1294827,pop,validation,300.0,path_acoustic_phase,phase_lifted_path_homology,70,,,0.3696068008862303,0.3696068008862303,1.0,0.325,0.38104052080752243,0.42441655667915823,12.0,0.23708930621542512,0.0,0.0
pop_mtg_1294827__300s,pop_mtg_1294827,pop,validation,300.0,path_rhythm_phase,phase_lifted_path_homology,70,,,0.28144196014547435,0.28144196014547435,1.0,0.225,0.3008995165205467,0.3596285261644933,12.0,0.10118450979370075,0.0,0.0
pop_mtg_1304006__180s,pop_mtg_1304006,pop,validation,180.0,path_acoustic_phase,phase_lifted_path_homology,30,,,0.2481074393013965,0.2481074393013965,1.0,0.175,0.28857449388643974,0.4421467174232469,14.0,0.2140874833819495,0.0,0.0
pop_mtg_1304006__180s,pop_mtg_1304006,pop,validation,180.0,path_rhythm_phase,phase_lifted_path_homology,30,,,0.22886364571531373,0.22886364571531373,1.0,0.175,0.243075459456931,0.2797257841099197,20.0,0.1142787656489409,0.0,0.0
pop_mtg_1304006__300s,pop_mtg_1304006,pop,validation,300.0,path_acoustic_phase,phase_lifted_path_homology,30,,,0.2481074393013965,0.2481074393013965,1.0,0.175,0.28857449388643974,0.4421467174232469,14.0,0.2140874833819495,0.0,0.0
pop_mtg_1304006__300s,pop_mtg_1304006,pop,validation,300.0,path_rhythm_phase,phase_lifted_path_homology,30,,,0.22886364571531373,0.22886364571531373,1.0,0.175,0.243075459456931,0.2797257841099197,20.0,0.1142787656489409,0.0,0.0
pop_mtg_1354762__180s,pop_mtg_1354762,pop,validation,180.0,path_acoustic_phase,phase_lifted_path_homology,89,,,0.39010829429556276,0.39010829429556276,1.0,0.325,0.3916352349186026,0.4174722527288411,12.0,0.2129199302821685,0.0,0.0
pop_mtg_1354762__180s,pop_mtg_1354762,pop,validation,180.0,path_rhythm_phase,phase_lifted_path_homology,89,,,0.4170134169281831,0.4170134169281831,1.0,0.375,0.4194914018416034,0.4284910596090085,14.0,0.14297235233144834,0.0,0.0
pop_mtg_1354762__300s,pop_mtg_1354762,pop,validation,300.0,path_acoustic_phase,phase_lifted_path_homology,109,,,0.39914358275140577,0.39914358275140577,1.0,0.325,0.40303028738345403,0.42075894379693474,14.0,0.17122108003949266,0.0,0.0
pop_mtg_1354762__300s,pop_mtg_1354762,pop,validation,300.0,path_rhythm_phase,phase_lifted_path_homology,109,,,0.3468265789147935,0.3468265789147935,1.0,0.275,0.35640932012765497,0.38139573818765654,24.0,0.10201501651179568,0.0,0.0
pop_mtg_1354763__180s,pop_mtg_1354763,pop,validation,180.0,path_acoustic_phase,phase_lifted_path_homology,75,,,0.41241707548744744,0.41241707548744744,1.0,0.375,0.4129244004253393,0.43781402158351773,14.0,0.18510934574126692,0.0,0.0
pop_mtg_1354763__180s,pop_mtg_1354763,pop,validation,180.0,path_rhythm_phase,phase_lifted_path_homology,75,,,0.2935065503012306,0.2935065503012306,1.0,0.225,0.3223861924921403,0.3849432896699306,36.0,0.18320030696685952,0.0,0.0
pop_mtg_1354763__300s,pop_mtg_1354763,pop,validation,300.0,path_acoustic_phase,phase_lifted_path_homology,75,,,0.41241707548744744,0.41241707548744744,1.0,0.375,0.4129244004253393,0.43781402158351773,14.0,0.18510934574126692,0.0,0.0
pop_mtg_1354763__300s,pop_mtg_1354763,pop,validation,300.0,path_rhythm_phase,phase_lifted_path_homology,75,,,0.2935065503012306,0.2935065503012306,1.0,0.225,0.3223861924921403,0.3849432896699306,36.0,0.18320030696685952,0.0,0.0
pop_mtg_1361451__180s,pop_mtg_1361451,pop,validation,180.0,path_acoustic_phase,phase_lifted_path_homology,55,,,0.38781733697218596,0.38781733697218596,1.0,0.325,0.39171472027723864,0.41966294900728535,16.0,0.18710716735033728,0.0,0.0
pop_mtg_1361451__180s,pop_mtg_1361451,pop,validation,180.0,path_rhythm_phase,phase_lifted_path_homology,55,,,0.4673402983488458,0.4673402983488458,1.0,0.425,0.5019325680624125,0.5711547365906452,16.0,0.784748424508811,0.0,0.0
pop_mtg_1361451__300s,pop_mtg_1361451,pop,validation,300.0,path_acoustic_phase,phase_lifted_path_homology,55,,,0.38781733697218596,0.38781733697218596,1.0,0.325,0.39171472027723864,0.41966294900728535,16.0,0.18710716735033728,0.0,0.0
pop_mtg_1361451__300s,pop_mtg_1361451,pop,validation,300.0,path_rhythm_phase,phase_lifted_path_homology,55,,,0.4673402983488458,0.4673402983488458,1.0,0.425,0.5019325680624125,0.5711547365906452,16.0,0.784748424508811,0.0,0.0
pop_mtg_1361452__180s,pop_mtg_1361452,pop,validation,180.0,path_acoustic_phase,phase_lifted_path_homology,42,,,0.4163387296159841,0.4163387296159841,1.0,0.375,0.42245217487313147,0.4459111516993663,12.0,0.19678337134872215,0.0,0.0
pop_mtg_1361452__180s,pop_mtg_1361452,pop,validation,180.0,path_rhythm_phase,phase_lifted_path_homology,42,,,0.41855028151906987,0.41855028151906987,1.0,0.375,0.424799526094111,0.4557565867239097,16.0,0.1423816781496381,0.0,0.0
pop_mtg_1361452__300s,pop_mtg_1361452,pop,validation,300.0,path_acoustic_phase,phase_lifted_path_homology,42,,,0.4163387296159841,0.4163387296159841,1.0,0.375,0.42245217487313147,0.4459111516993663,12.0,0.19678337134872215,0.0,0.0
pop_mtg_1361452__300s,pop_mtg_1361452,pop,validation,300.0,path_rhythm_phase,phase_lifted_path_homology,42,,,0.41855028151906987,0.41855028151906987,1.0,0.375,0.424799526094111,0.4557565867239097,16.0,0.1423816781496381,0.0,0.0
pop_mtg_1373254__180s,pop_mtg_1373254,pop,validation,180.0,path_acoustic_phase,phase_lifted_path_homology,38,,,0.4597053019047662,0.4597053019047662,1.0,0.425,0.4613461062136094,0.47188844214378417,14.0,0.15236357348735885,0.0,0.0
pop_mtg_1373254__180s,pop_mtg_1373254,pop,validation,180.0,path_rhythm_phase,phase_lifted_path_homology,38,,,0.47446361452249725,0.47446361452249725,1.0,0.425,0.4895648301593799,0.5250874235557786,14.0,0.28271057436707414,0.0,0.0
pop_mtg_1373254__300s,pop_mtg_1373254,pop,validation,300.0,path_acoustic_phase,phase_lifted_path_homology,38,,,0.4597053019047662,0.4597053019047662,1.0,0.425,0.4613461062136094,0.47188844214378417,14.0,0.15236357348735885,0.0,0.0
pop_mtg_1373254__300s,pop_mtg_1373254,pop,validation,300.0,path_rhythm_phase,phase_lifted_path_homology,38,,,0.47446361452249725,0.47446361452249725,1.0,0.425,0.4895648301593799,0.5250874235557786,14.0,0.28271057436707414,0.0,0.0
pop_mtg_1373265__180s,pop_mtg_1373265,pop,validation,180.0,path_acoustic_phase,phase_lifted_path_homology,89,,,0.3952565117687939,0.3952565117687939,1.0,0.325,0.4003135549951714,0.429683386517931,12.0,0.1908725893851897,0.0,0.0
pop_mtg_1373265__180s,pop_mtg_1373265,pop,validation,180.0,path_rhythm_phase,phase_lifted_path_homology,89,,,0.34766287827573233,0.34766287827573233,1.0,0.275,0.35566668499271803,0.38125845165476785,32.0,0.15304273110452282,0.0,0.0
pop_mtg_1373265__300s,pop_mtg_1373265,pop,validation,300.0,path_acoustic_phase,phase_lifted_path_homology,93,,,0.40965793259272054,0.40965793259272054,1.0,0.375,0.4168527194449034,0.4378266877297954,12.0,0.19114126000576515,0.0,0.0
pop_mtg_1373265__300s,pop_mtg_1373265,pop,validation,300.0,path_rhythm_phase,phase_lifted_path_homology,93,,,0.3143362763697494,0.3143362763697494,1.0,0.275,0.3166482834744002,0.37759630156510654,60.0,0.13667853799040475,0.0,0.0
pop_mtg_1381914__180s,pop_mtg_1381914,pop,validation,180.0,path_acoustic_phase,phase_lifted_path_homology,89,,,0.41927878240015165,0.41927878240015165,1.0,0.375,0.4200224982918944,0.4298226096213691,12.0,0.1772885930007091,0.0,0.0
pop_mtg_1381914__180s,pop_mtg_1381914,pop,validation,180.0,path_rhythm_phase,phase_lifted_path_homology,89,,,0.44221622578592784,0.44221622578592784,1.0,0.375,0.4463810032164394,0.4584861291813,12.0,0.3125352008986446,0.0,0.0
pop_mtg_1381914__300s,pop_mtg_1381914,pop,validation,300.0,path_acoustic_phase,phase_lifted_path_homology,138,,,0.4803267178574702,0.4803267178574702,1.0,0.425,0.48109877447179406,0.49250992592883197,12.0,0.27374372710645467,0.0,0.0
pop_mtg_1381914__300s,pop_mtg_1381914,pop,validation,300.0,path_rhythm_phase,phase_lifted_path_homology,138,,,0.4569819804976582,0.4569819804976582,1.0,0.425,0.466293817767518,0.48556924018749753,12.0,0.33003726384273824,0.0,0.0
pop_mtg_1381977__180s,pop_mtg_1381977,pop,validation,180.0,path_acoustic_phase,phase_lifted_path_homology,89,,,0.531245718956873,0.531245718956873,1.0,0.47500000000000003,0.544585526695992,0.5703535114425603,16.0,0.627304549595739,0.0,0.0
pop_mtg_1381977__180s,pop_mtg_1381977,pop,validation,180.0,path_rhythm_phase,phase_lifted_path_homology,89,,,0.38108085656521085,0.38108085656521085,1.0,0.325,0.3831255161421452,0.4066209541595311,24.0,0.18858384451201804,0.0,0.0
pop_mtg_1381977__300s,pop_mtg_1381977,pop,validation,300.0,path_acoustic_phase,phase_lifted_path_homology,149,,,0.5625852188774539,0.5625852188774539,1.0,0.5249999999999999,0.5631402484889089,0.5704190688262342,16.0,0.5599084412784753,0.0,0.0
pop_mtg_1381977__300s,pop_mtg_1381977,pop,validation,300.0,path_rhythm_phase,phase_lifted_path_homology,149,,,0.40876738229860243,0.40876738229860243,1.0,0.375,0.412466486970506,0.4201115543760192,16.0,0.16510058137580486,0.0,0.0
pop_mtg_1382940__180s,pop_mtg_1382940,pop,validation,180.0,path_acoustic_phase,phase_lifted_path_homology,48,,,0.3258741996263705,0.3258741996263705,1.0,0.275,0.3286945508070154,0.37131853317404206,16.0,0.31737555606110224,0.0,0.0
pop_mtg_1382940__180s,pop_mtg_1382940,pop,validation,180.0,path_rhythm_phase,phase_lifted_path_homology,48,,,0.31110281473212803,0.31110281473212803,1.0,0.275,0.3286263341114634,0.3696521613413419,16.0,0.22864873083602988,0.0,0.0
pop_mtg_1382940__300s,pop_mtg_1382940,pop,validation,300.0,path_acoustic_phase,phase_lifted_path_homology,48,,,0.3258741996263705,0.3258741996263705,1.0,0.275,0.3286945508070154,0.37131853317404206,16.0,0.31737555606110224,0.0,0.0
pop_mtg_1382940__300s,pop_mtg_1382940,pop,validation,300.0,path_rhythm_phase,phase_lifted_path_homology,48,,,0.31110281473212803,0.31110281473212803,1.0,0.275,0.3286263341114634,0.3696521613413419,16.0,0.22864873083602988,0.0,0.0
pop_mtg_1383416__180s,pop_mtg_1383416,pop,validation,180.0,path_acoustic_phase,phase_lifted_path_homology,48,,,0.34699138055312206,0.34699138055312206,1.0,0.275,0.3508585681194806,0.3786676853515846,16.0,0.29253731160030205,0.0,0.0
pop_mtg_1383416__180s,pop_mtg_1383416,pop,validation,180.0,path_rhythm_phase,phase_lifted_path_homology,48,,,0.33229649184209425,0.33229649184209425,1.0,0.275,0.350234209426876,0.40778330316841643,12.0,0.13959913183421602,0.0,0.0
pop_mtg_1383416__300s,pop_mtg_1383416,pop,validation,300.0,path_acoustic_phase,phase_lifted_path_homology,48,,,0.34699138055312206,0.34699138055312206,1.0,0.275,0.3508585681194806,0.3786676853515846,16.0,0.29253731160030205,0.0,0.0
pop_mtg_1383416__300s,pop_mtg_1383416,pop,validation,300.0,path_rhythm_phase,phase_lifted_path_homology,48,,,0.33229649184209425,0.33229649184209425,1.0,0.275,0.350234209426876,0.40778330316841643,12.0,0.13959913183421602,0.0,0.0
pop_mtg_1391338__180s,pop_mtg_1391338,pop,validation,180.0,path_acoustic_phase,phase_lifted_path_homology,27,,,0.2886700400458584,0.2886700400458584,1.0,0.225,0.29605017568892755,0.32845318255220946,18.0,0.046486663927165495,0.0,0.0
pop_mtg_1391338__180s,pop_mtg_1391338,pop,validation,180.0,path_rhythm_phase,phase_lifted_path_homology,27,,,0.382862010921939,0.382862010921939,1.0,0.325,0.4068768492145689,0.45893775774567636,16.0,0.3283196654818451,0.0,0.0
pop_mtg_1391338__300s,pop_mtg_1391338,pop,validation,300.0,path_acoustic_phase,phase_lifted_path_homology,27,,,0.2886700400458584,0.2886700400458584,1.0,0.225,0.29605017568892755,0.32845318255220946,18.0,0.046486663927165495,0.0,0.0
pop_mtg_1391338__300s,pop_mtg_1391338,pop,validation,300.0,path_rhythm_phase,phase_lifted_path_homology,27,,,0.382862010921939,0.382862010921939,1.0,0.325,0.4068768492145689,0.45893775774567636,16.0,0.3283196654818451,0.0,0.0
pop_mtg_1408963__180s,pop_mtg_1408963,pop,validation,180.0,path_acoustic_phase,phase_lifted_path_homology,89,,,0.44237474573957214,0.44237474573957214,1.0,0.375,0.4463921457057468,0.52333430843676,24.0,0.7011879662337837,0.0,0.0
pop_mtg_1408963__180s,pop_mtg_1408963,pop,validation,180.0,path_rhythm_phase,phase_lifted_path_homology,89,,,0.5022442979943547,0.5022442979943547,1.0,0.47500000000000003,0.5103371293075771,0.5271392467638935,48.0,0.5864807990013644,0.0,0.0
pop_mtg_1408963__300s,pop_mtg_1408963,pop,validation,300.0,path_acoustic_phase,phase_lifted_path_homology,128,,,0.4192990935544144,0.4192990935544144,1.0,0.375,0.4462125792899573,0.5044851210081102,24.0,0.470663055841678,0.0,0.0
pop_mtg_1408963__300s,pop_mtg_1408963,pop,validation,300.0,path_rhythm_phase,phase_lifted_path_homology,128,,,0.45914045495648026,0.45914045495648026,1.0,0.425,0.4703498936437093,0.4935454116414544,24.0,0.38336878414926745,0.0,0.0
pop_mtg_1409401__180s,pop_mtg_1409401,pop,validation,180.0,path_acoustic_phase,phase_lifted_path_homology,89,,,0.2546371409024187,0.2546371409024187,1.0,0.225,0.26131795598411084,0.3538960900005857,36.0,0.169018094447146,0.0,0.0
pop_mtg_1409401__180s,pop_mtg_1409401,pop,validation,180.0,path_rhythm_phase,phase_lifted_path_homology,89,,,0.29045120405576125,0.29045120405576125,1.0,0.225,0.2974884508391204,0.38610518154039236,34.0,0.21397996492308047,0.0,0.0
pop_mtg_1409401__300s,pop_mtg_1409401,pop,validation,300.0,path_acoustic_phase,phase_lifted_path_homology,125,,,0.4792933599054476,0.4792933599054476,1.0,0.425,0.47966309674843965,0.4814198131413459,12.0,0.2568656492993683,0.0,0.0
pop_mtg_1409401__300s,pop_mtg_1409401,pop,validation,300.0,path_rhythm_phase,phase_lifted_path_homology,125,,,0.45776220179763893,0.45776220179763893,1.0,0.425,0.46166984349623147,0.48799863921637066,12.0,0.20454576070506825,0.0,0.0
pop_mtg_1409402__180s,pop_mtg_1409402,pop,validation,180.0,path_acoustic_phase,phase_lifted_path_homology,89,,,0.2851146079520523,0.2851146079520523,1.0,0.225,0.30478182699557926,0.3568416271878341,54.0,0.08507462427875412,0.0,0.0
pop_mtg_1409402__180s,pop_mtg_1409402,pop,validation,180.0,path_rhythm_phase,phase_lifted_path_homology,89,,,0.34262781282778376,0.34262781282778376,1.0,0.275,0.3439558768334229,0.3877687079997507,38.0,0.15905461491983863,0.0,0.0
pop_mtg_1409402__300s,pop_mtg_1409402,pop,validation,300.0,path_acoustic_phase,phase_lifted_path_homology,130,,,0.41070461508063055,0.41070461508063055,1.0,0.375,0.4117521923234352,0.42321784018933145,12.0,0.15300738271730197,0.0,0.0
pop_mtg_1409402__300s,pop_mtg_1409402,pop,validation,300.0,path_rhythm_phase,phase_lifted_path_homology,130,,,0.4009359726108161,0.4009359726108161,1.0,0.375,0.40541279586844237,0.41662043460241244,14.0,0.0888774832320518,0.0,0.0
pop_mtg_1409438__180s,pop_mtg_1409438,pop,validation,180.0,path_acoustic_phase,phase_lifted_path_homology,56,,,0.29178762681581727,0.29178762681581727,1.0,0.225,0.29683268447808964,0.34654571240926396,12.0,0.05900749296893559,0.0,0.0
pop_mtg_1409438__180s,pop_mtg_1409438,pop,validation,180.0,path_rhythm_phase,phase_lifted_path_homology,56,,,0.35967839482009184,0.35967839482009184,1.0,0.325,0.3636630514967576,0.3975307224547217,16.0,0.15017335281207145,0.0,0.0
pop_mtg_1409438__300s,pop_mtg_1409438,pop,validation,300.0,path_acoustic_phase,phase_lifted_path_homology,56,,,0.29178762681581727,0.29178762681581727,1.0,0.225,0.29683268447808964,0.34654571240926396,12.0,0.05900749296893559,0.0,0.0
pop_mtg_1409438__300s,pop_mtg_1409438,pop,validation,300.0,path_rhythm_phase,phase_lifted_path_homology,56,,,0.35967839482009184,0.35967839482009184,1.0,0.325,0.3636630514967576,0.3975307224547217,16.0,0.15017335281207145,0.0,0.0
