track_id,group,relative_path,sha256,duration_seconds,sample_rate,channels,artist_key,album_key,composer_key,instrumental,restricted
classical_musicnet_1727,classical,classical_music/classical_musicnet_1727.wav,eecf99ae6b4db4789b298ea451035620cc2258e062e2c9d389c719d17d41fdd8,447,,,,musicnet_schubert_op114,schubert,true,false
classical_musicnet_1728,classical,classical_music/classical_musicnet_1728.wav,373becca8cba9df8a62331bb143c99fd3e199b84f2e779ea3d67c08b444866b3,251,,,,musicnet_schubert_op114,schubert,true,false
classical_musicnet_1729,classical,classical_music/classical_musicnet_1729.wav,e0aa5b321f0436e46be2a53607979070b7100f1f919d915c56f4dbfe36c86eeb,444,,,,musicnet_schubert_op114,schubert,true,false
classical_musicnet_1730,classical,classical_music/classical_musicnet_1730.wav,15d8a9b95c9eb299d49ab9b3f31661f44ad0893d4e55df778387cb205c83af3b,368,,,,musicnet_schubert_op114,schubert,true,false
classical_musicnet_1739,classical,classical_music/classical_musicnet_1739.wav,79a44a1a96f485ce92c990880f8e2856e73c3dcee02801d462e37731e27b40f6,490,,,,musicnet_schubert_op99,schubert,true,false
classical_musicnet_1742,classical,classical_music/classical_musicnet_1742.wav,95032b6edd3e80ef96ea66aab1f275badaa664f9d455f6fa35e4bced79fe162f,924,,,,musicnet_schubert_op163,schubert,true,false
classical_musicnet_1763,classical,classical_music/classical_musicnet_1763.wav,006514e95d94b049863869b37ea99ee6c9a1b75a5643ba839a70704fd596de33,600,,,,musicnet_schubert_op142,schubert,true,false
classical_musicnet_1764,classical,classical_music/classical_musicnet_1764.wav,ce822e0fa273224b903dbf9dc94363c991ece78d00117c2652e5b66dea7f4c27,438,,,,musicnet_schubert_op142,schubert,true,false
classical_musicnet_1765,classical,classical_music/classical_musicnet_1765.wav,1a896063cce35fcdc3ac2187b48a776972286e215abcaf3242b9c02257665225,676,,,,musicnet_schubert_op142,schubert,true,false
classical_musicnet_1766,classical,classical_music/classical_musicnet_1766.wav,936022a05ddb5222273ab7b366a2ac238b152bb9174d62c240644654d54aceed,427,,,,musicnet_schubert_op142,schubert,true,false
classical_musicnet_1805,classical,classical_music/classical_musicnet_1805.wav,8bb5796a780773cc6101524e015858cb38d91855390a52e7c7e606385f55be79,356,,,,musicnet_mozart_k387,mozart,true,false
classical_musicnet_1807,classical,classical_music/classical_musicnet_1807.wav,7be4df7dfe00f2c36ba8bf94058643d08157b557389ce52422ea85dd1a356812,444,,,,musicnet_mozart_k387,mozart,true,false
classical_musicnet_1811,classical,classical_music/classical_musicnet_1811.wav,061386d7ea62c5b83d91a392e0e5ebc9cb34e9d3485e431aed5086d4baf3ba15,489,,,,musicnet_mozart_k581,mozart,true,false
classical_musicnet_1812,classical,classical_music/classical_musicnet_1812.wav,335a9b97b6445e017c1a81ea9e66a6c805caa605a92c6f925caa6e4a50d7fc02,466,,,,musicnet_mozart_k581,mozart,true,false
classical_musicnet_1813,classical,classical_music/classical_musicnet_1813.wav,b0d5d8baad12dd9b634481f42aa2052fb9c4aba4483febc730223cc5e822c683,591,,,,musicnet_mozart_k581,mozart,true,false
classical_musicnet_1817,classical,classical_music/classical_musicnet_1817.wav,7a9452c4966108c8bf601cadb1e4ea03389b392276a0f28c3101560a5074df9f,250,,,,musicnet_mozart_k375,mozart,true,false
classical_musicnet_1818,classical,classical_music/classical_musicnet_1818.wav,5cd428f6b1023ad1725f34e134e0460fff2359377bd44595c016695b737a8db3,407,,,,musicnet_mozart_k375,mozart,true,false
classical_musicnet_1819,classical,classical_music/classical_musicnet_1819.wav,15f460aede5f09a96126ae2948033a88594a5c33abd18fa999b76c932974e0d8,177,,,,musicnet_mozart_k375,mozart,true,false
classical_musicnet_1828,classical,classical_music/classical_musicnet_1828.wav,f051ed22b2f0ecd226f52ee13d586c088e2440f9c68469ab3713292df1183d10,265,,,,musicnet_mozart_k542,mozart,true,false
classical_musicnet_1829,classical,classical_music/classical_musicnet_1829.wav,f0704a8ec83d0792277f298697402739009ad380856e8879f3d68eb5558cc81c,421,,,,musicnet_mozart_k542,mozart,true,false
classical_musicnet_1835,classical,classical_music/classical_musicnet_1835.wav,a279e6ec2eb200f88a86c6d7d66b70a4f93a62099ba3519cb674b66746f32ea9,236,,,,musicnet_mozart_k590,mozart,true,false
classical_musicnet_1859,classical,classical_music/classical_musicnet_1859.wav,83ddb43f31e4230a7a8f0ba4b864d5b9d03ab637be532c2af9bafc8a3f742eb5,392,,,,musicnet_mozart_k464,mozart,true,false
classical_musicnet_1872,classical,classical_music/classical_musicnet_1872.wav,93a44dd5200707121c592a33d0565f25936e84765fd8312b1db58f829bcd9f33,509,,,,musicnet_mozart_k502,mozart,true,false
classical_musicnet_1873,classical,classical_music/classical_musicnet_1873.wav,ea5e75a4420bcadf7273fe5c7afcbb3e81257c48ce265441f53b25c396c6b009,366,,,,musicnet_mozart_k502,mozart,true,false
classical_musicnet_1876,classical,classical_music/classical_musicnet_1876.wav,12b6274207f59f2e0fe69f3ed9738db2cde5ffcd8feb2982b10441e0e42591a5,356,,,,musicnet_mozart_k496,mozart,true,false
classical_musicnet_1893,classical,classical_music/classical_musicnet_1893.wav,6fe4449530ee529c35cee4d314dba39d2ae07078ff55fd8ee68cd161144e2278,325,,,,musicnet_mozart_k564,mozart,true,false
classical_musicnet_2075,classical,classical_music/classical_musicnet_2075.wav,8507f02fffc86fbe8c2eeb93484dbcf855c8bdc882699a9e1c0731d7a509b10f,329,,,,musicnet_cambini_john1,cambini,true,false
classical_musicnet_2076,classical,classical_music/classical_musicnet_2076.wav,d11c78f284056344f88e4a8a65ce10bd0398536992a22e33d71ba4be78d0cf7b,247,,,,musicnet_cambini_john1,cambini,true,false
classical_musicnet_2077,classical,classical_music/classical_musicnet_2077.wav,4670c84d30864332c65da030732d196b4549a54aa97271f37837d64841e5e608,250,,,,musicnet_cambini_john1,cambini,true,false
classical_musicnet_2078,classical,classical_music/classical_musicnet_2078.wav,7612d1a8410e0072c625553de51655eec1b6c513c905335303bdcaaba927ebd1,355,,,,musicnet_cambini_john2,cambini,true,false
classical_musicnet_2079,classical,classical_music/classical_musicnet_2079.wav,ccebed115bd0f4e6dd588311989849991c56938fa60f9174c1f0a18eccd0fe08,278,,,,musicnet_cambini_john2,cambini,true,false
classical_musicnet_2080,classical,classical_music/classical_musicnet_2080.wav,1794d69f6039cb4371e5729fc0a2ffbcd4fc62cb4a01cc3353ee1e23fe5f2095,233,,,,musicnet_cambini_john2,cambini,true,false
classical_musicnet_2081,classical,classical_music/classical_musicnet_2081.wav,9e8da7bd4cc9ce00f9ed0f104a3342ec2c26708e02dc8695a9795e0e8a21c8fa,299,,,,musicnet_cambini_john3,cambini,true,false
classical_musicnet_2082,classical,classical_music/classical_musicnet_2082.wav,c59cdb94ca095a731561a26f27959b05df9bedc38a0d8c93de2d79a53b391f74,341,,,,musicnet_cambini_john3,cambini,true,false
classical_musicnet_2083,classical,classical_music/classical_musicnet_2083.wav,b3edfbcfd40000b08982bcc694c84c823e4ba06c93725e6a371688236652fa41,245,,,,musicnet_cambini_john3,cambini,true,false
classical_musicnet_2112,classical,classical_music/classical_musicnet_2112.wav,9735b456d142799c485e72d78a46004fe882d37d89a5807c7b1dabaac6a57702,897,,,,musicnet_brahms_op38,brahms,true,false
classical_musicnet_2113,classical,classical_music/classical_musicnet_2113.wav,bd9c7067ab3727bae030a1077a8113e52018b6bd1aa11ea95ccf6c0817f682c3,352,,,,musicnet_brahms_op38,brahms,true,false
classical_musicnet_2114,classical,classical_music/classical_musicnet_2114.wav,e3dcb6b86449e2f77a0cba6e4ab3661fef03a76851781b00f020ce718e889fb5,403,,,,musicnet_brahms_op38,brahms,true,false
classical_musicnet_2116,classical,classical_music/classical_musicnet_2116.wav,140a7d4bde1324f181ad180c870409d0197e666488236173792355471a315140,410,,,,musicnet_brahms_op120no1,brahms,true,false
classical_musicnet_2117,classical,classical_music/classical_musicnet_2117.wav,cff8d6e7693362c28344003a0c0da33f849c62b91f2f21861741d8980d3c70cc,266,,,,musicnet_brahms_op120no1,brahms,true,false
classical_musicnet_2118,classical,classical_music/classical_musicnet_2118.wav,d5d1feeb92b510b6c06328ecab9e089704e55d2a47ae18c07b327819419a98d1,232,,,,musicnet_brahms_op120no1,brahms,true,false
classical_musicnet_2119,classical,classical_music/classical_musicnet_2119.wav,13774732be2e889c7ddd1f0a4486e54e82819974092c8ce89b585772a7338fbc,294,,,,musicnet_brahms_op120no1,brahms,true,false
classical_musicnet_2127,classical,classical_music/classical_musicnet_2127.wav,85443fad0f41bd638a389dbd313e8d20241a2680b7db666252a71714da632b09,518,,,,musicnet_brahms_op11,brahms,true,false
classical_musicnet_2131,classical,classical_music/classical_musicnet_2131.wav,c787e2d55990bbd951e7c0eed407a2b6dcdc0ce99c88a4e2c70803126a0333ce,274,,,,musicnet_brahms_op11,brahms,true,false
classical_musicnet_2138,classical,classical_music/classical_musicnet_2138.wav,8fe19cced2dd0469a6532e41b694da53935d4aba87b3382e990091f1ceb831f5,429,,,,musicnet_brahms_op51no1,brahms,true,false
classical_musicnet_2140,classical,classical_music/classical_musicnet_2140.wav,8860ed76b20018f3b400ae4f35da0fa45e6242b7211f74665540765fdf828701,381,,,,musicnet_brahms_op51no1,brahms,true,false
classical_musicnet_2147,classical,classical_music/classical_musicnet_2147.wav,bd26d91b56b96bbb98c58df3750178121d028ee91e9f55cab3ada85eae5f2a85,501,,,,musicnet_brahms_op36,brahms,true,false
classical_musicnet_2148,classical,classical_music/classical_musicnet_2148.wav,aa2171b27353080af3f848f10bad078e8a26759873091723ff1fb9c9872afa1b,822,,,,musicnet_brahms_op25,brahms,true,false
classical_musicnet_2149,classical,classical_music/classical_musicnet_2149.wav,0d9fa276281be933db75e38afc6d62bdb2e4e39ef22824add4695d9139258beb,476,,,,musicnet_brahms_op25,brahms,true,false
classical_musicnet_2150,classical,classical_music/classical_musicnet_2150.wav,759b57337ccb0333d5f1e0e7ac09be751bd89462c5f0804b521e5dcaf030b67f,599,,,,musicnet_brahms_op25,brahms,true,false
classical_musicnet_2151,classical,classical_music/classical_musicnet_2151.wav,8c93b7cab9c3630ae5a28decae630fce23438864122aa4468425520ccddd458e,533,,,,musicnet_brahms_op25,brahms,true,false
classical_musicnet_2154,classical,classical_music/classical_musicnet_2154.wav,625b9074dbef48d4689cb8fbc77fdc23b3ce617b583b76ed3e8e2f5a6f9e0fd5,894,,,,musicnet_brahms_op18,brahms,true,false
classical_musicnet_2155,classical,classical_music/classical_musicnet_2155.wav,246fd774f4137b296a96e46be7a6eedb75aef26f07c02666458852356bf66a20,606,,,,musicnet_brahms_op18,brahms,true,false
classical_musicnet_2156,classical,classical_music/classical_musicnet_2156.wav,b3db9438775d8075e78af8402ebb6c1b11ca044cb3c14974cd86f9e1cbaa8133,192,,,,musicnet_brahms_op18,brahms,true,false
classical_musicnet_2157,classical,classical_music/classical_musicnet_2157.wav,9abc63ee9538cffd180d291c11c3cd7c7bdffb231ea0ede29d58b9fe07c867e9,661,,,,musicnet_brahms_op18,brahms,true,false
classical_musicnet_2158,classical,classical_music/classical_musicnet_2158.wav,e7214455eb4253713f9631ae899a264244bb95525f9d6a289add2fbd74766d31,482,,,,musicnet_brahms_op40,brahms,true,false
classical_musicnet_2159,classical,classical_music/classical_musicnet_2159.wav,d0f5860200171c5e98e0ff41527a7a2559a8b32a53f16d13b7493b3f2ae5bdef,466,,,,musicnet_brahms_op40,brahms,true,false
classical_musicnet_2160,classical,classical_music/classical_musicnet_2160.wav,1637c584f57c62938781a9a834c9ba88f28780d2df49bb8be281178e8f141dda,446,,,,musicnet_brahms_op40,brahms,true,false
classical_musicnet_2161,classical,classical_music/classical_musicnet_2161.wav,7754f74b1ba9018d73cc3730021f4dbdbc4732f02d48149aa88ac65cf0f63aeb,397,,,,musicnet_brahms_op40,brahms,true,false
classical_musicnet_2166,classical,classical_music/classical_musicnet_2166.wav,f345c9697bb6b660cca03aae07a24cc01b883eaf04e17658a8290431762870c2,639,,,,musicnet_faure_op45,faure,true,false
classical_musicnet_2167,classical,classical_music/classical_musicnet_2167.wav,481dde24084eb7c0489c5207b86b843ef3ed13eceb1b6ef3583be96598a69f51,193,,,,musicnet_faure_op45,faure,true,false
classical_musicnet_2168,classical,classical_music/classical_musicnet_2168.wav,77dfb5c0fc1839fbc307b5d3c52864a8208e9223c44d4c92c29c3acb58b9a27e,612,,,,musicnet_faure_op45,faure,true,false
classical_musicnet_2169,classical,classical_music/classical_musicnet_2169.wav,93415a2c5209abefd69b9e4750c275c2947e12f02d284fa55d725f89b7f54c84,519,,,,musicnet_faure_op45,faure,true,false
classical_musicnet_2177,classical,classical_music/classical_musicnet_2177.wav,3179e83e7bd4be56479d70637aa8932db60708fbb87dfd511475ad863aa4a78b,490,,,,musicnet_ravel_35,ravel,true,false
classical_musicnet_2178,classical,classical_music/classical_musicnet_2178.wav,040a5175a03064c8ca15a25b6da21e5703728b66fdb8469f27b8db0f16769ff7,355,,,,musicnet_ravel_35,ravel,true,false
classical_musicnet_2179,classical,classical_music/classical_musicnet_2179.wav,e59ba9e9376ca9487bd4101bb1f78b328d48c851e8ddf4302dcfb7c44f855821,505,,,,musicnet_ravel_35,ravel,true,false
classical_musicnet_2180,classical,classical_music/classical_musicnet_2180.wav,62e0b2a38d5b2eb1deac06c39104dfb867753ecce55d7e1a7f07c955dc283310,293,,,,musicnet_ravel_35,ravel,true,false
classical_musicnet_2186,classical,classical_music/classical_musicnet_2186.wav,0ba554083b62d4f475fe99a59a588ece8f34f2410f831247e79953af1267d03a,214,,,,musicnet_bach_bwv1006,bach,true,false
classical_musicnet_2191,classical,classical_music/classical_musicnet_2191.wav,34a3c1df0e377007a21b639a59090fbdf8b694b003afc2a6cbc704868a3f19ca,102,,,,musicnet_bach_bwv1006,bach,true,false
classical_musicnet_2194,classical,classical_music/classical_musicnet_2194.wav,138171e364ef1b182f1ff1cef855ae2b9b5550ad103beff3140d95a31b449f3f,100,,,,musicnet_bach_bwv858,bach,true,false
classical_musicnet_2195,classical,classical_music/classical_musicnet_2195.wav,4a1ea30909b248ebcabaac1717c63f3dd2f790ed8b7307f84a11bcf1813201f3,155,,,,musicnet_bach_bwv848,bach,true,false
classical_musicnet_2196,classical,classical_music/classical_musicnet_2196.wav,2e9215e5449d2fe4cfe90c623a324636080a6b84ef956b5264a36f0b53bfef38,75,,,,musicnet_bach_bwv848,bach,true,false
classical_musicnet_2198,classical,classical_music/classical_musicnet_2198.wav,26a1b1d5f66c9c2de8180997ac4a7d4d6e5dc8e78b90b7c51974efb85ddf5bd5,197,,,,musicnet_bach_bwv867,bach,true,false
classical_musicnet_2200,classical,classical_music/classical_musicnet_2200.wav,ef0d47ce96265058d4650eadb9ed3a8ffe5642e331bfde3559a54d948b82ea0f,113,,,,musicnet_bach_bwv861,bach,true,false
classical_musicnet_2201,classical,classical_music/classical_musicnet_2201.wav,a7319dd95dd61962c909998eae220da417c171c5d8846fb73d5f79e2abdc3023,134,,,,musicnet_bach_bwv861,bach,true,false
classical_musicnet_2202,classical,classical_music/classical_musicnet_2202.wav,162548f3269809e79dd2f3dcc720273abfb6352abe4c2e7f3ad2d404c9d3ae99,181,,,,musicnet_bach_bwv1013,bach,true,false
classical_musicnet_2203,classical,classical_music/classical_musicnet_2203.wav,18580f790e41042ac397e4e7a9bf7137517877e0c85326c7c47af3a5693900c7,156,,,,musicnet_bach_bwv1013,bach,true,false
classical_musicnet_2204,classical,classical_music/classical_musicnet_2204.wav,d9c3c8f6f5f176570e0b1f54c6b75436dc87c2128f308c39a76f19fe50dadf56,132,,,,musicnet_bach_bwv1013,bach,true,false
classical_musicnet_2207,classical,classical_music/classical_musicnet_2207.wav,fd2311b0d28ae11c5f307824754f72e6d65f03b1be40e76be7187c8f45d9c6fb,89,,,,musicnet_bach_bwv855,bach,true,false
classical_musicnet_2208,classical,classical_music/classical_musicnet_2208.wav,96d0ea1acf901a8bcf1752e1d65e8d4c0165c128e14af14b834113fda5d7fa65,120,,,,musicnet_bach_bwv855,bach,true,false
classical_musicnet_2209,classical,classical_music/classical_musicnet_2209.wav,5e6c980cb57665f5d1430bd89fcf58749fab17c26d0d0ea0af94c1a19cef6ac1,160,,,,musicnet_bach_bwv849,bach,true,false
classical_musicnet_2210,classical,classical_music/classical_musicnet_2210.wav,ba0a43dbff29bd82451f6306fe0eb821b584919e170bc661eb1eaf9b6fda8280,178,,,,musicnet_bach_bwv849,bach,true,false
classical_musicnet_2211,classical,classical_music/classical_musicnet_2211.wav,b9894163b9d7c685fafdb1cdf64cda499649af524d23038ed3f1a1af4f8dfa39,237,,,,musicnet_bach_bwv857,bach,true,false
classical_musicnet_2212,classical,classical_music/classical_musicnet_2212.wav,a5466fd2f9ac7a808f303d476c9a0879b864bfd00efc5363a648ede17e0b0586,173,,,,musicnet_bach_bwv857,bach,true,false
classical_musicnet_2213,classical,classical_music/classical_musicnet_2213.wav,ad484fc5577b86eb1b80a1986f7d3f1bdb44a28203f93c49352f2793dd1734c2,115,,,,musicnet_bach_bwv847,bach,true,false
classical_musicnet_2214,classical,classical_music/classical_musicnet_2214.wav,27827a5abb6ad7e7249f03c1b7db575d57c838b1465c0bf7927c7a4e63804366,107,,,,musicnet_bach_bwv847,bach,true,false
classical_musicnet_2215,classical,classical_music/classical_musicnet_2215.wav,51a7c82438cc8ba1f7935c751b9189376612a783ded0929df6e2860e77d98112,116,,,,musicnet_bach_bwv846,bach,true,false
classical_musicnet_2217,classical,classical_music/classical_musicnet_2217.wav,ec2742f05aff15808c0e12b15daa1e0fb0e03b0716b5c461c4c956b73877f108,186,,,,musicnet_bach_bwv1009,bach,true,false
classical_musicnet_2218,classical,classical_music/classical_musicnet_2218.wav,1a244f9f65d1aee79d17fc917609c962ce682d5e64c0959060bc805cb27a5835,199,,,,musicnet_bach_bwv1009,bach,true,false
classical_musicnet_2219,classical,classical_music/classical_musicnet_2219.wav,a4525d8a827e8699183e0727519c7d8a34b03bbfebdaf4f708d3073034712e8e,260,,,,musicnet_bach_bwv1009,bach,true,false
classical_musicnet_2220,classical,classical_music/classical_musicnet_2220.wav,6c6190e3df60d70b95db2f6c15b56312c6527f154261c40a25e7a74f133f3979,302,,,,musicnet_bach_bwv1009,bach,true,false
classical_musicnet_2221,classical,classical_music/classical_musicnet_2221.wav,bab6ec138bf5bfb2ec7861d13cda63a0438888d3d6062f2f067cca17aafd4e64,241,,,,musicnet_bach_bwv1009,bach,true,false
classical_musicnet_2222,classical,classical_music/classical_musicnet_2222.wav,27638047e3104481f76ec62c1d569980fb5509d0886e836697d4a539424e253f,202,,,,musicnet_bach_bwv1009,bach,true,false
classical_musicnet_2224,classical,classical_music/classical_musicnet_2224.wav,f44f80af27870073a8c7061b45c0cea047e599182aaabbe432c2c1289631e01d,108,,,,musicnet_bach_bwv852,bach,true,false
classical_musicnet_2225,classical,classical_music/classical_musicnet_2225.wav,087919226e64d3dd5f5f8fb99ae5ecf6b7cc44970b4f03b3d583ab74c9188fa0,213,,,,musicnet_bach_bwv852,bach,true,false
classical_musicnet_2227,classical,classical_music/classical_musicnet_2227.wav,43ceae7f19667f845e053bfeafbf985a5edbd8ee591a7522de29ff1c5599473d,129,,,,musicnet_bach_bwv851,bach,true,false
classical_musicnet_2228,classical,classical_music/classical_musicnet_2228.wav,1c17e1362673ac4c9aeebe93e16f0f1b00c0cf8d9c00bf4a059e2f995c06902d,98,,,,musicnet_bach_bwv851,bach,true,false
classical_musicnet_2229,classical,classical_music/classical_musicnet_2229.wav,6eaf0035ff975d2429d4e87fba099168b9c379a83c6d9762f2957477f1aabb15,244,,,,musicnet_bach_bwv865,bach,true,false
classical_musicnet_2230,classical,classical_music/classical_musicnet_2230.wav,23c7bddf456779c1deef351264ee239e9ba0067567aa391bd8d419217de4ac66,84,,,,musicnet_bach_bwv865,bach,true,false
classical_musicnet_2231,classical,classical_music/classical_musicnet_2231.wav,3d697c631fd1312e35d723241047013e3e241783e29e314cab63832e2875a704,115,,,,musicnet_bach_bwv866,bach,true,false
classical_musicnet_2232,classical,classical_music/classical_musicnet_2232.wav,3361345b338ced29daa9985910f4722a3df119df4214aec3ce34e3810361c9d1,78,,,,musicnet_bach_bwv866,bach,true,false
classical_musicnet_2234,classical,classical_music/classical_musicnet_2234.wav,356eb7b74a9cdb43e429ba0b0b38f6e6eb79ecb8955d70aea2bcf34c0d5a9197,64,,,,musicnet_bach_bwv856,bach,true,false
classical_musicnet_2237,classical,classical_music/classical_musicnet_2237.wav,0b0d2df7c3dee264a8dce741183aad1df45afe272b4126f1fe7358baa72e3e5e,109,,,,musicnet_bach_bwv868,bach,true,false
classical_musicnet_2238,classical,classical_music/classical_musicnet_2238.wav,7fa12a73f6bf2bd49823558b476b22f1c69cbc5217a11c20e68deabcc99a2b7b,60,,,,musicnet_bach_bwv868,bach,true,false
classical_musicnet_2239,classical,classical_music/classical_musicnet_2239.wav,0278c64b7efc34b76ede28fe38cf69bb1329549fd18ee43f855aa36eba364d83,120,,,,musicnet_bach_bwv862,bach,true,false
classical_musicnet_2240,classical,classical_music/classical_musicnet_2240.wav,1f17264d4c198e2f27bcdef3e4c4e799378a89ebc78e9e5423fefbf0cebd70a4,92,,,,musicnet_bach_bwv862,bach,true,false
classical_musicnet_2241,classical,classical_music/classical_musicnet_2241.wav,d9bf2fa92acfa365bfa560cbe59249f845ea6eccc7d89beee607ca4dbab09726,242,,,,musicnet_bach_bwv1001,bach,true,false
classical_musicnet_2242,classical,classical_music/classical_musicnet_2242.wav,f4e29d5050bc8dc4b723b2bacfb26c85e811d16a625d7a1beeddddd740fe6c3a,312,,,,musicnet_bach_bwv1001,bach,true,false
classical_musicnet_2243,classical,classical_music/classical_musicnet_2243.wav,80c15229f50e7afe3e72e0214ff03f22322d2820422e36dc56e6bd692f64585a,193,,,,musicnet_bach_bwv1001,bach,true,false
classical_musicnet_2244,classical,classical_music/classical_musicnet_2244.wav,2f09670ad12f9d95db7ae9d7a9ae9195758ea3d614623043ca2962448f7cac8c,214,,,,musicnet_bach_bwv1001,bach,true,false
classical_musicnet_2247,classical,classical_music/classical_musicnet_2247.wav,b92bde617a9590e7010f9f949326e8da6152b033074bedac8a3c3a48cd28b093,81,,,,musicnet_bach_bwv854,bach,true,false
classical_musicnet_2248,classical,classical_music/classical_musicnet_2248.wav,269457cfb4574d7c16c9ae7e5d0f495f1e8abaa685bbb67996b1e8940a714c4d,104,,,,musicnet_bach_bwv854,bach,true,false
classical_musicnet_2282,classical,classical_music/classical_musicnet_2282.wav,b5c8d08be2d918ea8c938fd9f473780bdbd9bdfa1a7dcc949ea4672bfa5badeb,313,,,,musicnet_bach_bwv1014,bach,true,false
classical_musicnet_2283,classical,classical_music/classical_musicnet_2283.wav,594ed7751fc54e0a75e7b1c5bd1ee032b3ba90c8058c305832651b93cd2b7391,192,,,,musicnet_bach_bwv1014,bach,true,false
classical_musicnet_2284,classical,classical_music/classical_musicnet_2284.wav,570ba3fd3feabe9f4417e2ca1222f3b82fc7771a972a8f6df89e73d9d3e69363,227,,,,musicnet_bach_bwv1014,bach,true,false
classical_musicnet_2285,classical,classical_music/classical_musicnet_2285.wav,de5ce99fb38a9127d5699147e727d2fb03884a9acf6a809050b2726548ca07a8,225,,,,musicnet_bach_bwv1014,bach,true,false
classical_musicnet_2288,classical,classical_music/classical_musicnet_2288.wav,c0f51360eb4660aad0a533d29cd265d7a00515ec21cb76ee28bcd58c38282954,191,,,,musicnet_bach_bwv1002,bach,true,false
classical_musicnet_2289,classical,classical_music/classical_musicnet_2289.wav,43f02ba157f6b563931ef4eff1a88dd8e8d1e6999c2e1c94bed8cb831e94dfd1,203,,,,musicnet_bach_bwv1002,bach,true,false
classical_musicnet_2292,classical,classical_music/classical_musicnet_2292.wav,1f5bd58d4a21692c3058aaad2e0163c7d82fe6a20f6fd6090471a3e381ad7498,91,,,,musicnet_bach_bwv864,bach,true,false
classical_musicnet_2293,classical,classical_music/classical_musicnet_2293.wav,0b644bee2aa9a1a7a74c42f217134f34d61390bc0a0165d390b2531e9cfb7c6d,310,,,,musicnet_bach_bwv1010,bach,true,false
classical_musicnet_2294,classical,classical_music/classical_musicnet_2294.wav,daf9d2abfb7e0b3719c530c0e0b8b76f9d82ec88c8c4d2234015702b850994ef,228,,,,musicnet_bach_bwv1010,bach,true,false
classical_musicnet_2295,classical,classical_music/classical_musicnet_2295.wav,d769a6a2fa533f0e09fa70d6dfe130596d715bca9f83530612b0c01389369137,259,,,,musicnet_bach_bwv1010,bach,true,false
classical_musicnet_2296,classical,classical_music/classical_musicnet_2296.wav,b95c5629745f06d6353743f7f81aba9f25f70f6ae2c7bcf736ab74867b2342bb,291,,,,musicnet_bach_bwv1010,bach,true,false
classical_musicnet_2297,classical,classical_music/classical_musicnet_2297.wav,b531b3fb503dee5fbf736cabe78f16b8420fe7508c78a8427bbcc7932a15afcf,334,,,,musicnet_bach_bwv1010,bach,true,false
classical_musicnet_2298,classical,classical_music/classical_musicnet_2298.wav,f681f82fd4a5e4365d450a3def9affc2d46c2ebbe10b58e6f72f85426ad8b3aa,153,,,,musicnet_bach_bwv1010,bach,true,false
classical_musicnet_2300,classical,classical_music/classical_musicnet_2300.wav,4797b25eeb1fc71f4bdb984fcdd306338c0c70557dd9ae4bdc46e1ed71eeafbe,238,,,,musicnet_bach_bwv853,bach,true,false
classical_musicnet_2302,classical,classical_music/classical_musicnet_2302.wav,5b1a065a945002ee13b0f7694dc2625ff4d86644e3f6fd7f4cc53346442c4a8f,108,,,,musicnet_bach_bwv850,bach,true,false
classical_musicnet_2303,classical,classical_music/classical_musicnet_2303.wav,6c233b3641a84a1755c683a6205e720805a609beec0d70c9b5e33c5c823fda10,92,,,,musicnet_bach_bwv850,bach,true,false
classical_musicnet_2304,classical,classical_music/classical_musicnet_2304.wav,359b444080e067e8840e3b9b7abe1102e6e6af16835c29cc05440fc770b3dd7a,196,,,,musicnet_bach_bwv859,bach,true,false
classical_musicnet_2305,classical,classical_music/classical_musicnet_2305.wav,395bf9b55fd5312dc4ce52a7fea15557058ed61f555108245beb8e8782e73650,65,,,,musicnet_bach_bwv859,bach,true,false
classical_musicnet_2307,classical,classical_music/classical_musicnet_2307.wav,70f9c2adac76cd132672d4eb02f94c2408ce11898850a5760f02fbb2fccfc622,137,,,,musicnet_bach_bwv863,bach,true,false
classical_musicnet_2308,classical,classical_music/classical_musicnet_2308.wav,7a2286c50d1e8d11c4bbd74c8c3ffb2d1c8a617ab87822bfefe526eac64bcf3a,121,,,,musicnet_bach_bwv863,bach,true,false
classical_musicnet_2310,classical,classical_music/classical_musicnet_2310.wav,b3c2dddf16afbce395b7cc66c047161bc6b3c07456f3fd8c90c1ee4aaa48e05e,55,,,,musicnet_bach_bwv860,bach,true,false
classical_musicnet_2313,classical,classical_music/classical_musicnet_2313.wav,0793cf01cc880c01e62781be0d0959230c59a866c0089d5180bc30b595792974,593,,,,musicnet_beethoven_op132,beethoven,true,false
classical_musicnet_2314,classical,classical_music/classical_musicnet_2314.wav,ec1dc248a711018d1557e05f9b116ed4e6d6bc135f8cfadfe0eef81897850152,568,,,,musicnet_beethoven_op132,beethoven,true,false
classical_musicnet_2315,classical,classical_music/classical_musicnet_2315.wav,0957fd2458b9a951ebacbcce171b9fdcb35c7e7a96d5d12c2940c9d0a14b8e2b,1069,,,,musicnet_beethoven_op132,beethoven,true,false
classical_musicnet_2325,classical,classical_music/classical_musicnet_2325.wav,7d62b2aea588144e10a562042ed544431c77ad1f9f4ec9244906210125d75cfa,551,,,,musicnet_beethoven_op57,beethoven,true,false
classical_musicnet_2335,classical,classical_music/classical_musicnet_2335.wav,be11e7786bd41750e2ed6a0d4b5b53c5be60aa5830fc06d7a6e524d8a83e63f1,422,,,,musicnet_beethoven_op30no3,beethoven,true,false
classical_musicnet_2336,classical,classical_music/classical_musicnet_2336.wav,3d08aad064c94f28452d1cf0ebd8ac4d4731ad976d573565cc1457cd0a8f64f1,197,,,,musicnet_beethoven_op30no3,beethoven,true,false
classical_musicnet_2341,classical,classical_music/classical_musicnet_2341.wav,5a33db39ee8aebffc1e63aa0fbefff421490c1e2da0a26806bbad151eb520762,460,,,,musicnet_beethoven_op30no3,beethoven,true,false
classical_musicnet_2345,classical,classical_music/classical_musicnet_2345.wav,312bda13386af6249fb56bed5d2166d9c31b209656996a12d4be72cf6237875e,443,,,,musicnet_beethoven_op27no2,beethoven,true,false
classical_musicnet_2350,classical,classical_music/classical_musicnet_2350.wav,9d2d46514102984eef13187eca734ca77c1fd34acefd824faf432b5e989e14f1,276,,,,musicnet_beethoven_op27no2,beethoven,true,false
classical_musicnet_2359,classical,classical_music/classical_musicnet_2359.wav,c1cede47dbc3672adba4d59a16b542017bca743856b5382162c8e4807b855245,304,,,,musicnet_beethoven_op28,beethoven,true,false
classical_musicnet_2364,classical,classical_music/classical_musicnet_2364.wav,a0104f05daa007677136b6070bd280276c75f2caaba68e2d6d74452e1beec206,296,,,,musicnet_beethoven_op28,beethoven,true,false
classical_musicnet_2371,classical,classical_music/classical_musicnet_2371.wav,eb8276d5aabeb78b5dea0c46fcbc8b51e174f646af8ac74b5bdcf65fd56a2861,205,,,,musicnet_beethoven_op14no1,beethoven,true,false
classical_musicnet_2372,classical,classical_music/classical_musicnet_2372.wav,1582b9868649bd5500ff9f8d1b5e4ce8d36a8a55406a471b301b5677cf98fd8f,228,,,,musicnet_beethoven_op14no1,beethoven,true,false
classical_musicnet_2374,classical,classical_music/classical_musicnet_2374.wav,2009fd96cf22a9f2eaadb7635447377e45034deafb0b94f42d586248631421e9,216,,,,musicnet_beethoven_op49no1,beethoven,true,false
classical_musicnet_2381,classical,classical_music/classical_musicnet_2381.wav,56684c2af791ddf6809e90d08740293133142b3a7a2f555d9f081fc12dfe497f,560,,,,musicnet_beethoven_op130,beethoven,true,false
classical_musicnet_2382,classical,classical_music/classical_musicnet_2382.wav,b8bbe4b8f9f0c2946b4693d347886dca426c6cbcf70463061513506c690865b2,117,,,,musicnet_beethoven_op130,beethoven,true,false
classical_musicnet_2383,classical,classical_music/classical_musicnet_2383.wav,5696b38514a864ea8cc0d24346e8d27e446577dc66eb40a0ca6049964fbeba21,383,,,,musicnet_beethoven_op130,beethoven,true,false
classical_musicnet_2389,classical,classical_music/classical_musicnet_2389.wav,dcd2c73cc699de9db62de03a0c4e3f55a44b76b34b93092dfdc7e892fcee283c,449,,,,musicnet_beethoven_op31no2,beethoven,true,false
classical_musicnet_2390,classical,classical_music/classical_musicnet_2390.wav,5912e7ba0e2d5480f4dde6a93169016a08fa2c93b33cf4c84d7343683566764b,392,,,,musicnet_beethoven_op31no2,beethoven,true,false
classical_musicnet_2393,classical,classical_music/classical_musicnet_2393.wav,12d90b62dab437132d2f68182b750c405467528a25c78d1942a244e02db52799,383,,,,musicnet_beethoven_op31no2,beethoven,true,false
classical_musicnet_2398,classical,classical_music/classical_musicnet_2398.wav,3f9df5bb96a9ff7c0b4c4673811c7a3a865aa6b20dc7603ee0b2f231af06b663,910,,,,musicnet_beethoven_op47,beethoven,true,false
classical_musicnet_2404,classical,classical_music/classical_musicnet_2404.wav,e735ea173b62ae2f674ade3e4232451b37c8ff42dc0138901c7e8a549b6552fd,399,,,,musicnet_beethoven_op110,beethoven,true,false
classical_musicnet_2406,classical,classical_music/classical_musicnet_2406.wav,be9b651b2920290f37218ccafec8aeee239de052a1fa963dbbc6781b18703182,612,,,,musicnet_beethoven_op110,beethoven,true,false
classical_musicnet_2411,classical,classical_music/classical_musicnet_2411.wav,2faf2e05938ae40e2538ed9f4584023c56d158a96b6d51d92f5177b30d604a40,129,,,,musicnet_beethoven_op27no1,beethoven,true,false
classical_musicnet_2423,classical,classical_music/classical_musicnet_2423.wav,7e71beba1fea7820e3f0a178ed5ae9b8131cab319a7f6912b02caa90bfa60268,297,,,,musicnet_beethoven_op2no1,beethoven,true,false
classical_musicnet_2432,classical,classical_music/classical_musicnet_2432.wav,1cebbe91fc817999cd6f5b3b2e63ba247ba63b331ea747f91859177e7410cf7f,193,,,,musicnet_beethoven_op135,beethoven,true,false
classical_musicnet_2433,classical,classical_music/classical_musicnet_2433.wav,a8d5cec136caf615d6a67f8314d544c59938ef8435544fbfa3f6c51b95db8db8,461,,,,musicnet_beethoven_op135,beethoven,true,false
classical_musicnet_2442,classical,classical_music/classical_musicnet_2442.wav,5dc347b3115929d3571d8101869e440a5a1c057b5890da69b9f96d2e9caa7744,175,,,,musicnet_beethoven_op106,beethoven,true,false
classical_musicnet_2444,classical,classical_music/classical_musicnet_2444.wav,322387046e8fd7f79d1960dc68228cf0ac6cc63e73179e27b08c5815e71e4c87,770,,,,musicnet_beethoven_op106,beethoven,true,false
classical_musicnet_2462,classical,classical_music/classical_musicnet_2462.wav,047fc59bbc72daa48fa75a1a0a066886b795ce13781e7b9ab68d2b934e007cd3,489,,,,musicnet_beethoven_op23,beethoven,true,false
classical_musicnet_2463,classical,classical_music/classical_musicnet_2463.wav,c769b709f8356a3de193e5186344768e17289e3504faaed9aadfd97bc6d45564,309,,,,musicnet_beethoven_op23,beethoven,true,false
classical_musicnet_2466,classical,classical_music/classical_musicnet_2466.wav,4f1f953e6f9ef21d17eafd07b7a9e9fda9acc170e4fa5ee10d759a7a4e251755,305,,,,musicnet_beethoven_op23,beethoven,true,false
classical_musicnet_2472,classical,classical_music/classical_musicnet_2472.wav,03c1dc32b33269d9c8c03f7caa6520bd4c425a5ba32232fa2673b8aa8de0852e,215,,,,musicnet_beethoven_op2no3,beethoven,true,false
classical_musicnet_2476,classical,classical_music/classical_musicnet_2476.wav,538b0000eb04c7eb5f1501cae1d1f2150e90d03a1a024b3f2f31ff4c832450c6,474,,,,musicnet_beethoven_op2no3,beethoven,true,false
classical_musicnet_2477,classical,classical_music/classical_musicnet_2477.wav,adf4de31ab78727c9784d7860bd707ff42cc7773cee5ac98528cd3923be1e22f,220,,,,musicnet_beethoven_op2no3,beethoven,true,false
classical_musicnet_2478,classical,classical_music/classical_musicnet_2478.wav,5936ce37d6e42affc38a78b8533733830dc1fa435e532fb399b415d48791b730,319,,,,musicnet_beethoven_op2no3,beethoven,true,false
classical_musicnet_2481,classical,classical_music/classical_musicnet_2481.wav,21ed9700f6ef79f06f443058fcd2f0a640556d3480c003d2e0e0610011f32047,354,,,,musicnet_beethoven_op18no5,beethoven,true,false
classical_musicnet_2482,classical,classical_music/classical_musicnet_2482.wav,05d39e68f997094df1e608c8a209a92da99738ccd74cd2c0ba0e5ade42f21b87,568,,,,musicnet_beethoven_op18no5,beethoven,true,false
classical_musicnet_2483,classical,classical_music/classical_musicnet_2483.wav,a19c62af9323f9bb4bb7f37c0bd76278b76225a9464ebe707d2557a7c16bbf40,367,,,,musicnet_beethoven_op18no5,beethoven,true,false
classical_musicnet_2486,classical,classical_music/classical_musicnet_2486.wav,a6f8f7ab761733b3ffbe127d439618a826f2fe5285ea929dd130ae6297c59a07,448,,,,musicnet_beethoven_op7,beethoven,true,false
classical_musicnet_2491,classical,classical_music/classical_musicnet_2491.wav,16b0bac621e40a78a18d3acb5f6deebbc59d07ca1b37c0e288838cec6dce4507,331,,,,musicnet_beethoven_op7,beethoven,true,false
classical_musicnet_2492,classical,classical_music/classical_musicnet_2492.wav,54e949eb4e7e76645bd40dc1a59321cd235b12b3908a3804728f356c6de2805e,480,,,,musicnet_beethoven_op7,beethoven,true,false
classical_musicnet_2494,classical,classical_music/classical_musicnet_2494.wav,763b3f87b6f83b393a95e9b0f6e9309d78a1f2da1be73670853b0a77af897f1a,297,,,,musicnet_beethoven_op95,beethoven,true,false
classical_musicnet_2497,classical,classical_music/classical_musicnet_2497.wav,58d70a60e755858c8e3c03482199c5bdd292a4aa6bd344f7b1ec0c1ae14c8267,294,,,,musicnet_beethoven_op95,beethoven,true,false
classical_musicnet_2505,classical,classical_music/classical_musicnet_2505.wav,742a4ce1733dd7ea44ec235df26a73fb3574497a9a9a2e24b5dd79724e6c166a,489,,,,musicnet_beethoven_op103,beethoven,true,false
classical_musicnet_2507,classical,classical_music/classical_musicnet_2507.wav,0fd4e42ec3f36e9dfcabf97c8839de690f8eade5e1260908de43feec320d987d,217,,,,musicnet_beethoven_op103,beethoven,true,false
classical_musicnet_2509,classical,classical_music/classical_musicnet_2509.wav,a6eaceceb2e547d68d10356de3dd18e40308f858a6e7c5700679a5191890ec6a,484,,,,musicnet_beethoven_op2no2,beethoven,true,false
classical_musicnet_2514,classical,classical_music/classical_musicnet_2514.wav,d65d0f78f569d1c418c09b02d6ae3288ae71cfea139f59db6e37b4f01c70b82d,405,,,,musicnet_beethoven_op2no2,beethoven,true,false
classical_musicnet_2516,classical,classical_music/classical_musicnet_2516.wav,2928e0580f785ed7ddfb65471769c1dce2c667d4f09b0020b5cb1ea6c0b17eb2,387,,,,musicnet_beethoven_op2no2,beethoven,true,false
classical_musicnet_2521,classical,classical_music/classical_musicnet_2521.wav,c21b165e9a42fc3c11e8f4d797cc81ea9b736d756b35e362b3ebf87fac7947fd,751,,,,musicnet_beethoven_op69,beethoven,true,false
classical_musicnet_2527,classical,classical_music/classical_musicnet_2527.wav,6d67c1f8bca6082a03726bf8c1cec291b86ac3b1cbaf36aa4341a5f83e3a09b0,386,,,,musicnet_beethoven_op10no1,beethoven,true,false
classical_musicnet_2528,classical,classical_music/classical_musicnet_2528.wav,c7915a56a65c8d8f690773c31984527ae61bcbd2ffbabeefc150510924fa955c,463,,,,musicnet_beethoven_op10no1,beethoven,true,false
classical_musicnet_2529,classical,classical_music/classical_musicnet_2529.wav,b561dcbe7c27dcee3abcf3b8bd980079a260f0c596057e9801809f7d505c7cd1,275,,,,musicnet_beethoven_op10no1,beethoven,true,false
classical_musicnet_2530,classical,classical_music/classical_musicnet_2530.wav,d11a6bb46a29a25519c8969aa12ab268b9f36800f1d6d2266e4721a3f7451daf,562,,,,musicnet_beethoven_op111,beethoven,true,false
classical_musicnet_2532,classical,classical_music/classical_musicnet_2532.wav,dfff75b4c5bd7b8fe08f4ee0b397222a5ab26c3b84cd6a771cadde89c9752182,548,,,,musicnet_beethoven_op111,beethoven,true,false
classical_musicnet_2533,classical,classical_music/classical_musicnet_2533.wav,1d81f8132c7f71fa03cf57afb566029080640c817e5a84ed8ecccf7d7a9c7d5d,1067,,,,musicnet_beethoven_op111,beethoven,true,false
classical_musicnet_2538,classical,classical_music/classical_musicnet_2538.wav,ecbc13dc3e0086a4b3143ed759b01901d4d25d3dd63666bbbcb915c79db20440,212,,,,musicnet_beethoven_op49no2,beethoven,true,false
classical_musicnet_2555,classical,classical_music/classical_musicnet_2555.wav,d580331fdc81496631d816225852beb3ba3eb8c5b83d766da7b2530ac7724c38,223,,,,musicnet_beethoven_op109,beethoven,true,false
classical_musicnet_2557,classical,classical_music/classical_musicnet_2557.wav,34fda2bab30d6eaeed595b654e12f946c42f7a1affe291473059aef384a91685,762,,,,musicnet_beethoven_op109,beethoven,true,false
classical_musicnet_2582,classical,classical_music/classical_musicnet_2582.wav,25e01eca84bdb16bc2a311c3b9a26b751c9903fe53aba7b886f4e73b29bb5dc5,398,,,,musicnet_beethoven_op54,beethoven,true,false
classical_musicnet_2586,classical,classical_music/classical_musicnet_2586.wav,a0d27d575a63f9cfed64290599c4a8c56ff194e13f41501838c1cdc3b8682301,429,,,,musicnet_beethoven_op102no1,beethoven,true,false
classical_musicnet_2590,classical,classical_music/classical_musicnet_2590.wav,2834c1a111e289579c87de433fe46e435de4212a754685e88598d2bd6c4a4c59,390,,,,musicnet_beethoven_op26,beethoven,true,false
classical_musicnet_2603,classical,classical_music/classical_musicnet_2603.wav,6f7e2c6ef9257d771d723b679380e855acee0c9dd4f8ade77ab2bc5850f5aae0,418,,,,musicnet_beethoven_op81no1,beethoven,true,false
classical_musicnet_2608,classical,classical_music/classical_musicnet_2608.wav,9e0c35afbe5fc9a1e364b40016f86d9a49b4efa9310c395c743464c3ec65e80c,390,,,,musicnet_beethoven_op31no1,beethoven,true,false
classical_musicnet_2619,classical,classical_music/classical_musicnet_2619.wav,23da93112f2e6fab8c0470dae105004f1a5d2558ff54bee800735f93c86a4862,238,,,,musicnet_beethoven_op10no2,beethoven,true,false
classical_musicnet_2622,classical,classical_music/classical_musicnet_2622.wav,a33101aa181062c8b1c0c3c5f1363a2256896a0e8c16dcce32f83dffd852c6ef,507,,,,musicnet_beethoven_op59no1,beethoven,true,false
classical_musicnet_2628,classical,classical_music/classical_musicnet_2628.wav,28f2d0f8a0807b1a2ed4f3cd0b3f5072ff482f843d8b7c3d7236d380cea20caa,124,,,,musicnet_beethoven_op96,beethoven,true,false
classical_musicnet_2629,classical,classical_music/classical_musicnet_2629.wav,e06b2e5647e45a19f03330f0e9f9aa00aa9d00ea2da2298a55f0e0067d28140f,517,,,,musicnet_beethoven_op96,beethoven,true,false
classical_musicnet_2633,classical,classical_music/classical_musicnet_2633.wav,f2f3e84631cbd79bad78eb6dbc1e8396e47f3a5c59fad59ac1163c6ea1b6b55f,227,,,,musicnet_beethoven_op14no2,beethoven,true,false
classical_musicnet_2659,classical,classical_music/classical_musicnet_2659.wav,c09966583e9c066e92bdfd3b68234d14f4f71038661371a836c0924e84343a53,108,,,,musicnet_bach_bwv1002,bach,true,false
classical_musicnet_2677,classical,classical_music/classical_musicnet_2677.wav,9ee4db60e11e4e5d4f7e1b728022d82de664eff3df411a1fecb9ce7c70e63e84,445,,,,musicnet_beethoven_op14no1,beethoven,true,false
classical_musicnet_2678,classical,classical_music/classical_musicnet_2678.wav,f7606468df2be17097044c690189084c049ebb93b36fef2df509335e5542f3f8,472,,,,musicnet_beethoven_op14no2,beethoven,true,false
classical_musopen_00d18099ad17,classical,classical_music/classical_musopen_00d18099ad17.m4a,b39dc723f459c0ea29ef35c01bd4cc61483bb7c977709fdbb3962effe16777dc,374.529,,,,mendelssohn_quartet_in_f_minor_op_80,mendelssohn,true,false
classical_musopen_05c904fe5b10,classical,classical_music/classical_musopen_05c904fe5b10.mp3,d4ff9c557b51f3455e4e6c4e2ca02a1ac6d28c4ffc419ece66e50693005c5bbd,290.899592,44100,2,,schubert_sonata_d_664,schubert,true,false
classical_musopen_0b7876dd110e,classical,classical_music/classical_musopen_0b7876dd110e.m4a,0413d3e1fe75a7e855961c916aabb87fff632a1cbfd110dfd1139f584fe93c0c,460.536,,,,mozart_quartet_d_minor_k421,mozart,true,false
classical_musopen_0ddcc98bc949,classical,classical_music/classical_musopen_0ddcc98bc949.m4a,c7f8a0353a3c77db1acd36be61b3ac1f8b33f962186062691aac6e3f8f24e395,103.600,,,,goldberg_variations_bwv_988,bach,true,false
classical_musopen_12241f03c895,classical,classical_music/classical_musopen_12241f03c895.m4a,50712e587adb1199490908d19a476c9b61a45e4e195c79f5a9bb6ef7ff3e7db3,97.933,,,,goldberg_variations_bwv_988,bach,true,false
classical_musopen_124b2ee448a3,classical,classical_music/classical_musopen_124b2ee448a3.m4a,39077335198fdce42d89f6a2340fcb72805fdcabbaf3ec74fefbadc49143101d,471.458,,,,dvorak_american_in_f_major,dvorak,true,false
classical_musopen_12be103565ed,classical,classical_music/classical_musopen_12be103565ed.m4a,efbddeea533b4972d96597f9db831f3885731e6e7c35ea3f43306987ce20092c,339.973,,,,goldberg_variations_bwv_988,bach,true,false
classical_musopen_1551871968d3,classical,classical_music/classical_musopen_1551871968d3.m4a,d9c1cb18997c7a590173f50febb2111f6cd2ec934d9d6dc5961f92c6c5e190b7,106.560,,,,goldberg_variations_bwv_988,bach,true,false
classical_musopen_19bfd66ce0b8,classical,classical_music/classical_musopen_19bfd66ce0b8.m4a,c091cd08fb8fc4541b5680458411754db5c45bf061eff5bd338fee2b08324bc5,88.693,,,,goldberg_variations_bwv_988,bach,true,false
classical_musopen_1da5c488f898,classical,classical_music/classical_musopen_1da5c488f898.m4a,cd046539c5f0a227610c0dc409d5bf2a5b074aedffa8a8a29a6113ca86491690,397.954,,,,mozart_quartet_d_minor_k421,mozart,true,false
classical_musopen_208080de49cd,classical,classical_music/classical_musopen_208080de49cd.m4a,954c4c743f7179a25bdd420c0a6a74dd8ac86553113540a4e7cf5aa1e46d2f63,461.713,,,,mendelssohn_quartet_in_f_minor_op_80,mendelssohn,true,false
classical_musopen_215977f7d168,classical,classical_music/classical_musopen_215977f7d168.m4a,5b96a2ddd2daf0468c45c6a04568f8600c09c76937b5f35a21393cf031424153,710.573,,,,schubert_sonata_d_958,schubert,true,false
classical_musopen_22818b508e94,classical,classical_music/classical_musopen_22818b508e94.m4a,0342003af2d63cc79aba757fe2c523d209f961c7eff359b561a73ce0794a5276,165.227,,,,goldberg_variations_bwv_988,bach,true,false
classical_musopen_2431e0d1cb75,classical,classical_music/classical_musopen_2431e0d1cb75.m4a,996113302352bd05aee14d7a104dc20b14aa3f965098b518b0eb8bf778c15b96,71.840,,,,goldberg_variations_bwv_988,bach,true,false
classical_musopen_25c64baa9139,classical,classical_music/classical_musopen_25c64baa9139.m4a,14ddadae9517cfaa92226e65fa64d3f36cba98dd9b31c10d95230a4a4db80c5d,315.211,,,,mozart_quartet_d_minor_k421,mozart,true,false
classical_musopen_267eb0cfe9bf,classical,classical_music/classical_musopen_267eb0cfe9bf.m4a,354e9a76174b6cf0f93545aba151ff1e17b6355c710f2cca5816afd320325ace,887.343,,,,borodin_string_quartet_no_1,borodin,true,false
classical_musopen_26a41c433b68,classical,classical_music/classical_musopen_26a41c433b68.m4a,452d5baa6613240c5ac81263ddeca255887113d8fe0786a24cced636ae750963,121.760,,,,goldberg_variations_bwv_988,bach,true,false
classical_musopen_26b6da893e99,classical,classical_music/classical_musopen_26b6da893e99.m4a,b2c61f830f313311102f48d5143b1c7b2e12616f81f966245f5f53e943062f19,486.495,,,,mendelssohn_quartet_in_f_minor_op_80,mendelssohn,true,false
classical_musopen_281136d63fb7,classical,classical_music/classical_musopen_281136d63fb7.m4a,8cddf51670a8ce680bfc629d881a82996c096ad9c5fc959da5993a451cf269d5,655.520,,,,schubert_sonata_d_958,schubert,true,false
classical_musopen_2873bce09ec4,classical,classical_music/classical_musopen_2873bce09ec4.m4a,595d51bba9f670ea94282148c504b86b99a94968504e5cc2df14ab5064e07909,714.880,,,,schubert_sonata_d_959,schubert,true,false
classical_musopen_28b2abb46028,classical,classical_music/classical_musopen_28b2abb46028.m4a,eb1f67c121d7975af14f7465b3e4af7561a92e154f8957d7a8105c1e527280ec,499.560,,,,schubert_sonata_d_568,schubert,true,false
classical_musopen_2bb770b12fae,classical,classical_music/classical_musopen_2bb770b12fae.m4a,25defeb62433ce21309c8064107631546b63f75397bffbd1ec9c26a8f8138f2d,298.909,,,,mendelssohn_quartet_in_f_minor_op_80,mendelssohn,true,false
classical_musopen_2ca1fc27dc8e,classical,classical_music/classical_musopen_2ca1fc27dc8e.m4a,fc8d027fa9464de6c298c8edc40b804a8f9d9572764a21e1351b26a2c73a72ff,405.455,,,,suk_meditation,suk,true,false
classical_musopen_33730045e3a6,classical,classical_music/classical_musopen_33730045e3a6.mp3,8db9260e116f68f5088c974deabbe9f5e0e358149cc9079d55ed518af7421e65,347.924898,44100,2,,schubert_sonata_d_664,schubert,true,false
classical_musopen_373729be509d,classical,classical_music/classical_musopen_373729be509d.m4a,d6f6c499c93a59f07dd336f16e4ecf28d85444c6b629b711b2ddbd793a3454bf,556.053,,,,schubert_sonata_d_850,schubert,true,false
classical_musopen_39eaf7f62acd,classical,classical_music/classical_musopen_39eaf7f62acd.m4a,659a6c751cffb1dfc3f46fcbf8b3ba26da79fcd045e3d055e6db4d09f051f3e8,292.427,,,,goldberg_variations_bwv_988,bach,true,false
classical_musopen_3d194a9bdaa5,classical,classical_music/classical_musopen_3d194a9bdaa5.m4a,937184208e5c0b2f137818df8453f8e9e01af62928ff0af4a61741cb6f8b9456,102.693,,,,goldberg_variations_bwv_988,bach,true,false
classical_musopen_3f120e57880d,classical,classical_music/classical_musopen_3f120e57880d.m4a,428ea15eb6969a9785a66fccd7b80fef09ccdfd7c5e194074cf8bbba961aceda,533.618,,,,borodin_string_quartet_no_1,borodin,true,false
classical_musopen_40a2fd43125a,classical,classical_music/classical_musopen_40a2fd43125a.m4a,98fe3d85d65d6ce8fa82d19b063703cf6eec2be58ff5236c8af382485af39372,545.960,,,,schubert_sonata_d_959,schubert,true,false
classical_musopen_414d9c796be3,classical,classical_music/classical_musopen_414d9c796be3.m4a,6653ec27674a3222bc1eb01e6a7c30acdaf2099b514c35fa96dc7ced16581e53,513.152,,,,mozart_quartet_in_c_major_k_465,mozart,true,false
classical_musopen_4832911d08b7,classical,classical_music/classical_musopen_4832911d08b7.m4a,02aebade2c3a05e83f31ab75e3d42a326608eaab7b58544e7fdead07c7000b70,118.773,,,,goldberg_variations_bwv_988,bach,true,false
classical_musopen_4ebac9c72c1e,classical,classical_music/classical_musopen_4ebac9c72c1e.m4a,356e3e88a72524f8a71c56c2931ae42db11368b624afd8de75f4bab5a7a95f69,62.160,,,,goldberg_variations_bwv_988,bach,true,false
classical_musopen_5118ccc9f4d0,classical,classical_music/classical_musopen_5118ccc9f4d0.m4a,743daa04de36f487f43d62a28f35ff44d23dd0abb94c343a3f62a0b61b6e87da,465.768,,,,dvorak_quartet_in_f_major_op_51,dvorak,true,false
classical_musopen_53427878778a,classical,classical_music/classical_musopen_53427878778a.m4a,ac94a522b509b72195bcf5c6e2ebdbcffc73f12b7f6643ecede0a71a0cf27d8a,696.333,,,,schubert_sonata_d_845,schubert,true,false
classical_musopen_5b78471c4c9d,classical,classical_music/classical_musopen_5b78471c4c9d.m4a,3ded89d2082a53a3c19edfed6e97e9dbad68179d7217f56d31acd2b53d19d482,114.000,,,,goldberg_variations_bwv_988,bach,true,false
classical_musopen_5f1728c240a1,classical,classical_music/classical_musopen_5f1728c240a1.m4a,890a036edf7e7eec39a91aab879eeab69ee0e8518291ad32ba4c358752a23180,338.840,,,,goldberg_variations_bwv_988,bach,true,false
classical_musopen_6288d37e8273,classical,classical_music/classical_musopen_6288d37e8273.m4a,84b7397725906c5d6718c1bb7b826da58d811429991e3e8001bec5d93ca3521d,125.240,,,,goldberg_variations_bwv_988,bach,true,false
classical_musopen_631eca7e6359,classical,classical_music/classical_musopen_631eca7e6359.m4a,14b57005b594aa26c09a80eb09299009de3dbc4126033b8be63e435e4a39828e,307.347,,,,schubert_sonata_d_568,schubert,true,false
classical_musopen_66e009cc7ce8,classical,classical_music/classical_musopen_66e009cc7ce8.m4a,c331a71a6683aba9ad9c0b02329d2c561b0bbdea208fdad10b9087ef386e087e,475.613,,,,schubert_sonata_d_845,schubert,true,false
classical_musopen_67f1921ea1d2,classical,classical_music/classical_musopen_67f1921ea1d2.m4a,cdd171002625c0fde6c533da7b1bdbff56c2f28978025b5186f970cd65e6210b,106.267,,,,goldberg_variations_bwv_988,bach,true,false
classical_musopen_6911e41c184d,classical,classical_music/classical_musopen_6911e41c184d.m4a,08882f1fb48db9eff6075b13d26853fc4300c803540845aa34ae9eeb6b853be0,77.933,,,,goldberg_variations_bwv_988,bach,true,false
classical_musopen_6c30622a4e97,classical,classical_music/classical_musopen_6c30622a4e97.m4a,94d43e56a54982d518780f0a1f7a428973ffd9dab3f8bee96636bc0ae3699c6a,136.600,,,,goldberg_variations_bwv_988,bach,true,false
classical_musopen_715f07ea34cd,classical,classical_music/classical_musopen_715f07ea34cd.m4a,a12d4f46bc23a2159bca405bb7e952fc3d80c375913992e6e0db60ecee2110eb,351.594,,,,dvorak_american_in_f_major,dvorak,true,false
classical_musopen_738d2a0f7b4c,classical,classical_music/classical_musopen_738d2a0f7b4c.m4a,c79d108f5f30233d290673e6fca53eebe7180e215c1ae3dbf481ead9b5add222,93.867,,,,goldberg_variations_bwv_988,bach,true,false
classical_musopen_76480b1bf8fd,classical,classical_music/classical_musopen_76480b1bf8fd.m4a,1bfb662b852d380e8470b6d1b8be104b1da9ba49882e5346b893079c12e24656,541.458,,,,borodin_string_quartet_no_2,borodin,true,false
classical_musopen_7c2a6aff83ae,classical,classical_music/classical_musopen_7c2a6aff83ae.m4a,08ee4961a568eefc7afe99a8beb9b1f666afb28989100af7b87ee43a11718133,417.413,,,,schubert_sonata_d_568,schubert,true,false
classical_musopen_85b8d83993e5,classical,classical_music/classical_musopen_85b8d83993e5.m4a,6d112f0a5994ce6f73444b18a758de2736e0cdde1b1313807a36dcdf5cc7308c,229.760,,,,schubert_sonata_d_784,schubert,true,false
classical_musopen_860ce064b48c,classical,classical_music/classical_musopen_860ce064b48c.m4a,9cad88085714f3a2a40052d9e83717e4407d5c4eaabe2f35a13ea6a3dfedf01b,114.865,,,,borodin_string_quartet_no_1,borodin,true,false
classical_musopen_88dae15b633b,classical,classical_music/classical_musopen_88dae15b633b.m4a,8f3d8504ef772cc309330aab6862412a44c08fac270170b7f74d6a495de4a54d,475.641,,,,dvorak_american_in_f_major,dvorak,true,false
classical_musopen_8b402eee923c,classical,classical_music/classical_musopen_8b402eee923c.m4a,228880be6de223b269cf09045600ac5af5d13f089ccfbf44ff650f2ebd5c779f,461.291,,,,mozart_quartet_in_c_major_k_465,mozart,true,false
classical_musopen_8c1a75b7bf5d,classical,classical_music/classical_musopen_8c1a75b7bf5d.m4a,15d62f3b573a0cf2ffa0ec59aac96ccffc5fc1bd3b5ff69a525ea601e8dc67be,371.675,,,,haydn_quartet_in_d_major_op_64,haydn,true,false
classical_musopen_8f00b775156a,classical,classical_music/classical_musopen_8f00b775156a.m4a,e2b31da8d1b5dfdaf90e698e8eb016824d75f898b247be3b3ec0f2abfffb8a8d,492.527,,,,beethoven_string_quartet_in_b_flat_major_op_18,beethoven,true,false
classical_musopen_909c6ffb1fa0,classical,classical_music/classical_musopen_909c6ffb1fa0.m4a,b4907a07212630743129698f909bc03634afb833bc007fbff96721f43e91a7cc,252.617,,,,beethoven_string_quartet_in_b_flat_major_op_18,beethoven,true,false
classical_musopen_90f0e736fe47,classical,classical_music/classical_musopen_90f0e736fe47.m4a,408dccf63fa8cdb2bceabd760b2a049db729b12117bc737be04cd81e7fc52263,110.160,,,,goldberg_variations_bwv_988,bach,true,false
classical_musopen_97fae7a3dfae,classical,classical_music/classical_musopen_97fae7a3dfae.m4a,c04e873741fdf13623d1be514298defdb71feb2bac988e46bfe8320c63e3abe7,252.940,,,,mozart_quartet_d_minor_k421,mozart,true,false
classical_musopen_9887c7fd8762,classical,classical_music/classical_musopen_9887c7fd8762.m4a,7828d2db8352aa67b6b2bb75cd2f5cb756f3257959d8ec4c10c055b0392bae31,86.640,,,,goldberg_variations_bwv_988,bach,true,false
classical_musopen_9a95a1b73779,classical,classical_music/classical_musopen_9a95a1b73779.m4a,ee04fe9296b6097c3b1131f557cec70fb6a7010bdc155b52d6362df699e0bb3b,434.261,,,,dvorak_quartet_in_f_major_op_51,dvorak,true,false
classical_musopen_9d607b626772,classical,classical_music/classical_musopen_9d607b626772.m4a,27370c68748cdce414902336ec70c931311854adc94b8f7e80f93e2a44ade381,434.415,,,,borodin_string_quartet_no_2,borodin,true,false
classical_musopen_9e03803778c4,classical,classical_music/classical_musopen_9e03803778c4.m4a,ca2e2b0468d2a874ca746c3fc9dc9cf6efb8bbde331de825aac0a1ce956acd2a,629.467,,,,schubert_sonata_d_850,schubert,true,false
classical_musopen_9e92b1162c06,classical,classical_music/classical_musopen_9e92b1162c06.m4a,1a4fcaeaa763a0b5327c16e4282cde74b8d8ac517c1893ad1a272426ce928ea9,362.680,,,,schubert_sonata_d_845,schubert,true,false
classical_musopen_a1e65e9cab92,classical,classical_music/classical_musopen_a1e65e9cab92.m4a,6a5f870a509a1ecf284fb7cf46ad177bdf990ffe93f7c55f1b05c11c8418be8c,647.333,,,,schubert_sonata_d_568,schubert,true,false
classical_musopen_ad4d8a90f9bc,classical,classical_music/classical_musopen_ad4d8a90f9bc.mp3,69393a3da3a14c27996f970b11d1b90fa44d5380acb5ee08268bcab949291353,466.233469,44100,2,,schubert_sonata_d_664,schubert,true,false
classical_musopen_af6a2556f0c9,classical,classical_music/classical_musopen_af6a2556f0c9.m4a,f3df170bcd8f073b808fe343927d19de46cee8d3deca1a09e15f8fb799c7ef1b,174.667,,,,goldberg_variations_bwv_988,bach,true,false
classical_musopen_b5e0f49dce63,classical,classical_music/classical_musopen_b5e0f49dce63.m4a,b52c0feb9f74dca49c75fc167f17ad549d808f10d81f4260aa189b77d4a9d78a,371.440,,,,schubert_sonata_d_784,schubert,true,false
classical_musopen_baea77fb0fba,classical,classical_music/classical_musopen_baea77fb0fba.m4a,bb1e714b11d388a75d25b99ddb7bbf650b6b3223e7aa5866019494774d7eeb64,529.147,,,,schubert_sonata_d_784,schubert,true,false
classical_musopen_bb045bab8875,classical,classical_music/classical_musopen_bb045bab8875.m4a,4be288b689ec7b9848c9999924720ea8ad3bc271de3b7909f9def052f3a6b623,91.499,,,,haydn_quartet_in_d_major_op_64,haydn,true,false
classical_musopen_bb26f6675995,classical,classical_music/classical_musopen_bb26f6675995.m4a,81ec6c6e7b3bb143d80e37fce482ed9ef1813f5dc33b26c5d5735623e4b865ad,351.499,,,,mozart_quartet_in_c_major_k_465,mozart,true,false
classical_musopen_c080ce7f8b19,classical,classical_music/classical_musopen_c080ce7f8b19.m4a,99d5be67dbcf187d691c3ffbccc4a9de5c5aedff63cce35934469f65d7165bee,547.360,,,,borodin_string_quartet_no_2,borodin,true,false
classical_musopen_c6602c75c700,classical,classical_music/classical_musopen_c6602c75c700.m4a,54be936053e37280f6f43626aac4539bfe0559edd09b76c5e0e5cfacdb6ff500,226.621,,,,haydn_quartet_in_d_major_op_64,haydn,true,false
classical_musopen_c678e65ee624,classical,classical_music/classical_musopen_c678e65ee624.m4a,d228ee97eb776077af367e46a4cbf8649c31c96ade354183a86f054def6dfd63,94.760,,,,goldberg_variations_bwv_988,bach,true,false
classical_musopen_c787198261a5,classical,classical_music/classical_musopen_c787198261a5.m4a,67423dd9738765ce2968109eac3402e5da7ca404a8d6ae0b470c4451bc42cada,137.067,,,,goldberg_variations_bwv_988,bach,true,false
classical_musopen_c867a2eeaae9,classical,classical_music/classical_musopen_c867a2eeaae9.m4a,e49849611c94ca02b4b13239f34bb5ea7fd7720885e36016d510ed0a72eb997a,53.707,,,,goldberg_variations_bwv_988,bach,true,false
classical_musopen_cc8d87d2b00c,classical,classical_music/classical_musopen_cc8d87d2b00c.m4a,98f6c2fb8e98bf25a6fa5c84007599fb9b2bf80c2e4f18b4ef0509975992d976,113.400,,,,goldberg_variations_bwv_988,bach,true,false
classical_musopen_cd013009d6d8,classical,classical_music/classical_musopen_cd013009d6d8.m4a,daf961ae0d01a6890052b1a95b34c4682730db293f8c3b67150fb67d73456726,281.119,,,,beethoven_string_quartet_in_b_flat_major_op_18,beethoven,true,false
classical_musopen_d2e3d82ad3e8,classical,classical_music/classical_musopen_d2e3d82ad3e8.m4a,fd4565aeb4943c9a06351870fe58cb2b076063faa0bfec808b3e0f83081280cd,336.939,,,,borodin_string_quartet_no_2,borodin,true,false
classical_musopen_d3fcd3c28c74,classical,classical_music/classical_musopen_d3fcd3c28c74.m4a,d8b1ff05f5a741ba63f64db95f03f355e5d28f1dbac4d8c527aaabcf850ba9ff,410.507,,,,goldberg_variations_bwv_988,bach,true,false
classical_musopen_d70f00840b98,classical,classical_music/classical_musopen_d70f00840b98.m4a,afbf58f95410834bfd287cbdc358ce34b69fca7916b07e02a17cedecda6c5c0c,87.667,,,,goldberg_variations_bwv_988,bach,true,false
classical_musopen_d80a81db9e9a,classical,classical_music/classical_musopen_d80a81db9e9a.m4a,82ac6fd57e875ab7f10acee063661498efbfa1d652fb77ede4bf1f9ba44d572a,784.133,,,,schubert_sonata_d_845,schubert,true,false
classical_musopen_d89f306017d2,classical,classical_music/classical_musopen_d89f306017d2.m4a,ea331b6d3ac20813b78fd97ee03d2eb08683e72edddd873bf559fed145374fea,468.373,,,,schubert_sonata_d_958,schubert,true,false
classical_musopen_d95ec9d17c06,classical,classical_music/classical_musopen_d95ec9d17c06.m4a,aada1be0d9c33b81f30285fb40ad3bb118474ce03a8f1e0e5ac16767d05e9356,153.200,,,,goldberg_variations_bwv_988,bach,true,false
classical_musopen_d9826478969c,classical,classical_music/classical_musopen_d9826478969c.m4a,5297cd290861fca449e84c7128cdc04854c36d9beda0d10145579ee7e81c7005,325.573,,,,schubert_sonata_d_959,schubert,true,false
classical_musopen_dbfd3cb8056d,classical,classical_music/classical_musopen_dbfd3cb8056d.m4a,fccd830fe6a35d4b13149d9903f113287092a42238ede289e39f87213d8e58bb,291.758,,,,haydn_quartet_in_d_major_op_64,haydn,true,false
classical_musopen_dc68b3cf3d10,classical,classical_music/classical_musopen_dc68b3cf3d10.m4a,99c0ca78dac5301d76cc5ab201ed2c1311dd8ebdedc4d5957510d4b63dc06012,286.733,,,,goldberg_variations_bwv_988,bach,true,false
classical_musopen_e09675b49c01,classical,classical_music/classical_musopen_e09675b49c01.m4a,f8f9f94df9280d95d1f92e11f08be3b520a407514a0efbf4005842abca12f6b6,323.814,,,,mozart_quartet_in_c_major_k_465,mozart,true,false
classical_musopen_e0aa0ba751f5,classical,classical_music/classical_musopen_e0aa0ba751f5.m4a,7c13452af06223e0954fcd4db17e12398999ca2e7d01d494518eae0a2e3b456f,421.814,,,,beethoven_string_quartet_in_b_flat_major_op_18,beethoven,true,false
classical_musopen_e0dc320f51e3,classical,classical_music/classical_musopen_e0dc320f51e3.m4a,3be074e68a330573a7fd5a344a8406183c1d390ce7f5964ad2f1ac4b256b3763,95.173,,,,goldberg_variations_bwv_988,bach,true,false
classical_musopen_e542fa316458,classical,classical_music/classical_musopen_e542fa316458.m4a,2dc0e6ee592af6634c76764572c1268fc345ad3ebb50c51f240a2c28ee4f7a7f,690.133,,,,schubert_sonata_d_959,schubert,true,false
classical_musopen_e92198fc7b0d,classical,classical_music/classical_musopen_e92198fc7b0d.m4a,90f1427466da792d34378bd93ad875af0302844368a3aaafba0f070eef72f607,675.000,,,,dvorak_quartet_in_f_major_op_51,dvorak,true,false
classical_musopen_e979457eb8b9,classical,classical_music/classical_musopen_e979457eb8b9.m4a,5a2de98e401c017401ed10e901dea2cd42c4ec73f6d0feeed02c21b5b5092aa3,517.834,,,,borodin_string_quartet_no_1,borodin,true,false
classical_musopen_f0ef963b9b80,classical,classical_music/classical_musopen_f0ef963b9b80.m4a,906eb326cbb85e8382ef94c2369992744613dfd2fc378a50728fb3605bf6abc5,367.128,,,,dvorak_quartet_in_f_major_op_51,dvorak,true,false
classical_musopen_f1de65f9d30b,classical,classical_music/classical_musopen_f1de65f9d30b.m4a,dba45f81d8e9e1b524d78e35b6c9c8f8349cafed8cf0d4bbe4f60fdf51497b27,99.933,,,,goldberg_variations_bwv_988,bach,true,false
classical_musopen_f6b26962c493,classical,classical_music/classical_musopen_f6b26962c493.m4a,9f7040a39a86a4649703991d19f0680b269e0e9d7b533568d7c8db34635fb6a9,726.067,,,,schubert_sonata_d_850,schubert,true,false
classical_musopen_f88042497771,classical,classical_music/classical_musopen_f88042497771.m4a,69463dd1f2b5c79aaa1325aa843c06656edd8ae705a3ef276613ae710c92bcfe,250.027,,,,dvorak_american_in_f_major,dvorak,true,false
classical_musopen_fcb18467286d,classical,classical_music/classical_musopen_fcb18467286d.m4a,3eaefe1e6f6343723dadb51c36622738ce2f9c2fb8a79409e17dddf55c3792b3,578.173,,,,schubert_sonata_d_850,schubert,true,false
classical_musopen_fe9f4f266c55,classical,classical_music/classical_musopen_fe9f4f266c55.m4a,3f91b39ab6518c955a92c07b3338df4487673c6784565b6c4862eaf30b8e9fb0,194.613,,,,schubert_sonata_d_958,schubert,true,false
focus_jamendo_0016398,focus,focus_music/focus_jamendo_0016398.mp3,e2c92f533baf40a1bc944ddd548f678245085cebcf53165174a0ef47f9afe974,239.453061,44100,2,jamendo_artist_000872,jamendo_album_002334,,true,false
focus_jamendo_0214220,focus,focus_music/focus_jamendo_0214220.mp3,59cb0e7a58367a44971c9d474c4fb2f249d5f0c9501b5f5bda0e69d7d6b88bd0,605.179,44100,2,jamendo_artist_004035,jamendo_album_031538,,true,false
focus_jamendo_1027423,focus,focus_music/focus_jamendo_1027423.mp3,c1dbfe110149a0c0e8c3d46b081a5938cafed8c90c67cf63208ada55a5577494,398.367,44100,2,jamendo_artist_432967,jamendo_album_120815,,true,false
focus_jamendo_1027427,focus,focus_music/focus_jamendo_1027427.mp3,f8e16d768fbf261da0340d233ed9ce871a48f119cb734877dd84455acf6f6c87,264.072,44100,2,jamendo_artist_432967,jamendo_album_120815,,true,false
focus_jamendo_1027938,focus,focus_music/focus_jamendo_1027938.mp3,1794f62a27b14e2ac835e6bb76d9d9da8abc6d6c659c70e11a7ad69873e55f94,922.331,44100,2,jamendo_artist_432967,jamendo_album_120869,,true,false
focus_jamendo_1027941,focus,focus_music/focus_jamendo_1027941.mp3,ee1c06019c2362c6904ec834839fc5f755c217d49ef7135b725f71de66960a24,923.376,44100,2,jamendo_artist_432967,jamendo_album_120869,,true,false
focus_jamendo_1056129,focus,focus_music/focus_jamendo_1056129.mp3,9d61f202afeb8e2dc7fbba176e34f1155d587053ffbe79b362742754214f8cc9,328.000,44100,2,jamendo_artist_436517,jamendo_album_124520,,true,false
focus_jamendo_1056135,focus,focus_music/focus_jamendo_1056135.mp3,ce0ddc5bc70f7966dee2cce02ddf781646d6e1c697defc17a1c090c5e30d14ad,152.268,44100,2,jamendo_artist_436517,jamendo_album_124520,,true,false
focus_jamendo_1068406,focus,focus_music/focus_jamendo_1068406.mp3,89514268ac427a0ee0d20b0c9cc9c286bd785e9c70e6c5a2bd03b7d19124057a,219.507,44100,2,jamendo_artist_367264,jamendo_id3_album_d896abaa0aa8,,true,false
focus_jamendo_1077172,focus,focus_music/focus_jamendo_1077172.mp3,ed513779a3362b2e761b19d2ef85a65a5268e0fa8d135538734b82bf1795defe,136.333,44100,2,jamendo_artist_438864,jamendo_album_128310,,true,false
focus_jamendo_1077186,focus,focus_music/focus_jamendo_1077186.mp3,f73bb63cf1a3de5b13482f8fbf28b28be44516012ced1155f42c9b20d3382b4e,394.397,44100,2,jamendo_artist_438864,jamendo_album_128310,,true,false
focus_jamendo_1081641,focus,focus_music/focus_jamendo_1081641.mp3,1f865710148b48c356fc20b1e8be17c1b5ac171220f232acd3a0aca658a1dfcd,646.000,44100,2,jamendo_artist_439190,jamendo_album_128863,,true,false
focus_jamendo_1081643,focus,focus_music/focus_jamendo_1081643.mp3,9282c3910305673c955ab4ab28b926fa2a8affda24df4f859f2fee2a239362dc,232.000,44100,2,jamendo_artist_439190,jamendo_album_128863,,true,false
focus_jamendo_1089784,focus,focus_music/focus_jamendo_1089784.mp3,fb64c9955f412c0ac8b9d4c901b5f293e90bb1c867afa42a6cb7f609f8f3447a,165.000,44100,2,jamendo_artist_434538,jamendo_album_129890,,true,false
focus_jamendo_1092684,focus,focus_music/focus_jamendo_1092684.mp3,f6d60f9619b6f32a9af54448a82337cc3b1d0cffd10594d1b831b49f6458f6ea,630.000,44100,2,jamendo_artist_370882,jamendo_album_130240,,true,false
focus_jamendo_1093823,focus,focus_music/focus_jamendo_1093823.mp3,0803bebf043868fa0507b9942d7a8ef2be22abdaa3cf3da2648bffdd3802aa42,1124.000,44100,2,jamendo_artist_367317,jamendo_album_130382,,true,false
focus_jamendo_1093829,focus,focus_music/focus_jamendo_1093829.mp3,b1c37e1da586b9fb1bf1d24dfbd979f0168784818039014866b8267d2701165e,1110.000,44100,2,jamendo_artist_367317,jamendo_album_130382,,true,false
focus_jamendo_1097142,focus,focus_music/focus_jamendo_1097142.mp3,604b2f3b0b438a9e3450a00388ded03e9ae7f4202b39b4d409e89c7d4b194397,263.000,44100,2,jamendo_artist_438134,jamendo_album_130847,,true,false
focus_jamendo_1101389,focus,focus_music/focus_jamendo_1101389.mp3,1b3e3ef4609cf8422ebb6b8245d3aef289865e9f4ce4e2e99ded130efb5eb87a,1100.000,44100,2,jamendo_artist_370882,jamendo_album_131474,,true,false
focus_jamendo_1101393,focus,focus_music/focus_jamendo_1101393.mp3,cd9774791ad67b9f39630cce5690ed98a5fe49de5133ba363a41aaf5a3431cbb,1130.000,44100,2,jamendo_artist_370882,jamendo_album_131474,,true,false
focus_jamendo_1106739,focus,focus_music/focus_jamendo_1106739.mp3,c83e6c630f913dcca71cb4912cec71113f215488c74249ffca3f63f17b1d5586,162.038,44100,2,jamendo_artist_440150,jamendo_album_132171,,true,false
focus_jamendo_1106747,focus,focus_music/focus_jamendo_1106747.mp3,259d1ebf12dad187a821f929030ef630c2c31f14d33219f1c0758ef8df2a36c8,265.718,44100,2,jamendo_artist_440150,jamendo_album_132171,,true,false
focus_jamendo_1120647,focus,focus_music/focus_jamendo_1120647.mp3,ab90d3b9b5cd0b25885c176f71ff9e1f1cd308969a764a003af372fd1eca705a,175.987,44100,2,jamendo_artist_443505,jamendo_album_133935,,true,false
focus_jamendo_1127596,focus,focus_music/focus_jamendo_1127596.mp3,0a1148458739bb61b649a646025ba4d627d5b757184cce15fbaf5215f9caf821,543.000,44100,2,jamendo_artist_370851,jamendo_album_135027,,true,false
focus_jamendo_1128146,focus,focus_music/focus_jamendo_1128146.mp3,727547ee710cc5b81cd8bc90f2733392e1a9dd69a3bc4538b9b52de801c7ea91,226.000,44100,2,jamendo_artist_368073,jamendo_album_135119,,true,false
focus_jamendo_1128147,focus,focus_music/focus_jamendo_1128147.mp3,f9c38756554ba9e27c110e028a6abd4ee9f66d1507d5eefbc936aa4835179f60,261.000,44100,2,jamendo_artist_368073,jamendo_album_135119,,true,false
focus_jamendo_1128887,focus,focus_music/focus_jamendo_1128887.mp3,fb74ed28bc1a230cfe01089ad4efbbbb1f5486c6e064313ae8bebc37482e2a0a,1111.000,44100,2,jamendo_artist_433123,jamendo_album_135246,,true,false
focus_jamendo_1129320,focus,focus_music/focus_jamendo_1129320.mp3,a02c7707c3e5c2d06f3a1b598b6b3337aa032bedc86ed541283430274756c939,182.000,44100,2,jamendo_artist_365441,jamendo_album_135322,,true,false
focus_jamendo_1129323,focus,focus_music/focus_jamendo_1129323.mp3,0cc52f6b96915ca192b737079a49f6965b927750227096589fb7b2e204bcb33f,120.000,44100,2,jamendo_artist_365441,jamendo_album_135322,,true,false
focus_jamendo_1130216,focus,focus_music/focus_jamendo_1130216.mp3,8c48adc882e6cb6eefbece870e4ffb40b658fcfdf6251726fb9f775eb1d1d65c,462.498,44100,2,jamendo_artist_340472,jamendo_album_135471,,true,false
focus_jamendo_1130360,focus,focus_music/focus_jamendo_1130360.mp3,99c06840944d1257965426df542de1b84d660059ad7613202f9cded8837609aa,472.000,44100,2,jamendo_artist_340472,jamendo_album_135484,,true,false
focus_jamendo_1130372,focus,focus_music/focus_jamendo_1130372.mp3,c83d98f7de95ee56a6cd495143f3a7698f94a13ec1718d5b312700795aef7de0,468.000,44100,2,jamendo_artist_340472,jamendo_album_135484,,true,false
focus_jamendo_1130830,focus,focus_music/focus_jamendo_1130830.mp3,cf819c791e2b7ef57ad6f67c6b6234cf9fe6f37d777d51967d94eee5ad6dc422,626.000,44100,2,jamendo_artist_340472,jamendo_album_135551,,true,false
focus_jamendo_1154294,focus,focus_music/focus_jamendo_1154294.mp3,d61aa9c98f2fbd32caebd061b8768e0a79e67b2351ffe68725f03b80477b66aa,774.139,44100,2,jamendo_artist_453841,jamendo_album_138461,,true,false
focus_jamendo_1154298,focus,focus_music/focus_jamendo_1154298.mp3,4d5bfeed6ee143308a65af3975b9be39e1fc8a3140a1eb29267b0ae3b3d2fb84,976.000,44100,2,jamendo_artist_453841,jamendo_album_138461,,true,false
focus_jamendo_1154856,focus,focus_music/focus_jamendo_1154856.mp3,ab7e30298ee74a5de02c7f0973783fbbf01390ec961d3158d48e40402b12dd47,426.057,44100,2,jamendo_artist_377260,jamendo_id3_album_ba9393563242,,true,false
focus_jamendo_1154857,focus,focus_music/focus_jamendo_1154857.mp3,eaae89d67451b68e654f9b91206e536823af14f56203c8c4f6eb78b9b66b3e63,684.069,44100,2,jamendo_artist_377260,jamendo_id3_album_ba9393563242,,true,false
focus_jamendo_1156277,focus,focus_music/focus_jamendo_1156277.mp3,a8b10a95ee2a98bfdccd00bf7decb8bb69dec4999ff2b1748b0de28b1e93729d,568.000,44100,2,jamendo_artist_365568,jamendo_album_138729,,true,false
focus_jamendo_1156386,focus,focus_music/focus_jamendo_1156386.mp3,743d9bcc84416df2c8880e6e09920afa36ef968b72728e07bb49ca72a4bf3535,353.959,44100,2,jamendo_artist_454420,jamendo_album_138751,,true,false
focus_jamendo_1161853,focus,focus_music/focus_jamendo_1161853.mp3,e24638065720e0396f756cba409073f80660f254d1971217522ea12be5b2d9ab,153.600,44100,2,jamendo_artist_338522,jamendo_album_139570,,true,false
focus_jamendo_1248571,focus,focus_music/focus_jamendo_1248571.mp3,48af0030cea0e2d6f3806ecb1dba028b1596c16b55d34956b0d792aa1009d317,478.929,44100,2,jamendo_artist_428874,jamendo_album_149504,,true,false
focus_jamendo_1250838,focus,focus_music/focus_jamendo_1250838.mp3,cb21bc5a61082124ffebe2ee577b48fc782dc8c0f265d25373d5c5f4b6be1b93,634.000,44100,2,jamendo_artist_004116,jamendo_album_149681,,true,false
focus_jamendo_1272579,focus,focus_music/focus_jamendo_1272579.mp3,4c395a712bbb5e8af86fa89eddee3e422c9e006d8870598c23a7a7e3f1355dc9,650.136,44100,2,jamendo_artist_428874,jamendo_album_151949,,true,false
focus_jamendo_1302666,focus,focus_music/focus_jamendo_1302666.mp3,04bf3a0f392f9db3dbce24d72018ed1a47988d53731b8cd82a0b8d588da5b936,472.000,44100,2,jamendo_artist_365568,jamendo_album_154974,,true,false
focus_jamendo_1357893,focus,focus_music/focus_jamendo_1357893.mp3,ffd9c7fabe61005ef025d3138570d36636094e9d843c1cf3f7e7ae3d1b53a24c,338.704,44100,2,jamendo_artist_491308,jamendo_album_215827,,true,false
focus_jamendo_1442910,focus,focus_music/focus_jamendo_1442910.mp3,90435e46af7ae14a9a0ca6138b12747ebc1afa40bfbcc2fd627e5de897884338,190.000,44100,2,jamendo_artist_463637,jamendo_album_422811,,true,false
focus_jamendo_1450425,focus,focus_music/focus_jamendo_1450425.mp3,23faab8c8fc4f591471cef69bceb7accfc8d7dc7fddfc676d714f162de30f20e,280.738,44100,2,jamendo_artist_500339,jamendo_album_168570,,true,false
focus_jamendo_1496808,focus,focus_music/focus_jamendo_1496808.mp3,63514abd683fa65bc58199c15598f60d52c467b0263b51c20df55d696ecea918,120.895,44100,2,jamendo_artist_504828,jamendo_id3_album_22e6d861c5fa,,true,false
focus_jamendo_1502253,focus,focus_music/focus_jamendo_1502253.mp3,9f116ca504770115e7791cbe821680c89dff3ed1a962c633c837cab7edbc6b49,181.000,44100,2,jamendo_artist_452142,jamendo_album_319100,,true,false
focus_jamendo_1522319,focus,focus_music/focus_jamendo_1522319.mp3,ab1bebef1bea5e0f4808211879dfc3b41b1c0fa0cf326abf710882b9045df751,253.571,44100,2,jamendo_artist_435992,jamendo_album_174881,,true,false
focus_jamendo_1522321,focus,focus_music/focus_jamendo_1522321.mp3,ae9a227689c43c775f91f48e571d2005a0918334c6642c4048bd5260970cf355,296.000,44100,2,jamendo_artist_435992,jamendo_album_174881,,true,false
focus_jamendo_1522332,focus,focus_music/focus_jamendo_1522332.mp3,6fa43ee77686097635fc1c9f20e4f8571dae2e314f5499f637ae4781d7b2379d,268.000,44100,2,jamendo_artist_435992,jamendo_album_174880,,true,false
focus_jamendo_1522335,focus,focus_music/focus_jamendo_1522335.mp3,0e6eb4709efdcf5602521eab39c49c2f5c7827ffcf38314dc6fdebc9b78ded5d,255.000,44100,2,jamendo_artist_435992,jamendo_album_174880,,true,false
focus_jamendo_1542218,focus,focus_music/focus_jamendo_1542218.mp3,236cc698bb098abc093bfe559024579561f3ec0a89b81ee4250084894da2ea56,239.882,44100,2,jamendo_artist_507576,jamendo_album_176359,,true,false
focus_jamendo_1549291,focus,focus_music/focus_jamendo_1549291.mp3,6cc16a06e62da5258714d3975f4ac886f522260cd0c9dbfa8869097948819b40,168.072,44100,2,jamendo_artist_508679,jamendo_album_377944,,true,false
focus_jamendo_1550368,focus,focus_music/focus_jamendo_1550368.mp3,976760d1452a7ef220869913bb99ca55d03898d04a056b6bf1a143e0222b18a1,720.065,44100,2,jamendo_artist_006131,jamendo_album_177130,,true,false
focus_jamendo_1560365,focus,focus_music/focus_jamendo_1560365.mp3,2701c29a4fcd4a252d7568d7977e29719768702323ddb5836b54beb2bbb9fca7,203.807,44100,2,jamendo_artist_486550,jamendo_album_425035,,true,false
focus_jamendo_1569329,focus,focus_music/focus_jamendo_1569329.mp3,c0721b98b4fb8aedfe614c0fab7961cf9b2a736fb0cd94cfe365027722e8acbf,318.000,44100,2,jamendo_artist_347023,jamendo_album_178692,,true,false
focus_jamendo_1569330,focus,focus_music/focus_jamendo_1569330.mp3,eeef4bd13f2a8cc2bcf95a56b75ae97a66158439a12f60668c5e78e53fec39bc,204.000,44100,2,jamendo_artist_347023,jamendo_album_178692,,true,false
focus_jamendo_1571054,focus,focus_music/focus_jamendo_1571054.mp3,c14bee3c6b44f1761226acb73a7c29bec1fa28dd7402a6b1bb74f3c19f4d65c9,240.065,44100,2,jamendo_artist_475967,jamendo_album_178851,,true,false
focus_jamendo_1575999,focus,focus_music/focus_jamendo_1575999.mp3,4029557aff9146cb448ca98894a0c1bd3ebad6c220c5ca56557abc250f736bd6,430.054,44100,2,jamendo_artist_507576,jamendo_album_179320,,true,false
focus_jamendo_1576036,focus,focus_music/focus_jamendo_1576036.mp3,c280bf7dd52bb3e7e7f1f805f5d31a6d3d934c8b26a62f3bf173f73c0a05ffd1,344.059,44100,2,jamendo_artist_507576,jamendo_album_179320,,true,false
focus_jamendo_1597681,focus,focus_music/focus_jamendo_1597681.mp3,7fc15c2bc0cc0a17fcc484fd5b1fa28ec1ad92bedba08ac0f0bfa67b8aa44978,273.398,44100,2,jamendo_artist_005346,jamendo_album_181081,,true,false
focus_jamendo_1597868,focus,focus_music/focus_jamendo_1597868.mp3,ec519a96ae60fbf02c77e5005de022d82ac1758810f9fa6cc05ddb73399f71e2,526.550,44100,2,jamendo_artist_351084,jamendo_album_181098,,true,false
focus_jamendo_1606551,focus,focus_music/focus_jamendo_1606551.mp3,a3955b605c5f01ca39fb6c98b43f8d07487dbce18af18e977d0c0551bfc080c2,307.017,44100,2,jamendo_artist_456883,jamendo_album_181661,,true,false
focus_jamendo_1610713,focus,focus_music/focus_jamendo_1610713.mp3,d25483ee6b8ce611e9e7b0602a9f1c01ed617c86c3f21ba8b564b37e0d732086,434.573,44100,2,jamendo_artist_357163,jamendo_album_182000,,true,false
focus_jamendo_1617037,focus,focus_music/focus_jamendo_1617037.mp3,e0fdab19a7b842b3bf6ec33abe91fc259901f35e46b4a8a21200d603099fb9dd,327.000,44100,2,jamendo_artist_439567,jamendo_album_182462,,true,false
focus_jamendo_1619099,focus,focus_music/focus_jamendo_1619099.mp3,1188d7eaf05892e07d1d94275eb825addb69d2a1c61af239da0b5a1903f72cdd,176.823,44100,2,jamendo_artist_494669,jamendo_id3_album_3ebb1abfb5ef,,true,false
focus_jamendo_1621763,focus,focus_music/focus_jamendo_1621763.mp3,3c5177b7062de86205733d8a9ca04225ec8366157f13a9b7c16c5e01b253e43f,357.433,44100,2,jamendo_artist_456883,jamendo_album_296848,,true,false
focus_jamendo_1630224,focus,focus_music/focus_jamendo_1630224.mp3,d2b937c974ae48c7959f574833f9f12824774d4933cbbd6e7a86b9629ba91aa4,240.065,44100,2,jamendo_artist_516138,jamendo_album_314952,,true,false
focus_jamendo_1632069,focus,focus_music/focus_jamendo_1632069.mp3,248c8540ddd655c03aa3674beefcaa106ec34a812519dae4bec86de98e4a98b2,225.045,44100,2,jamendo_artist_439567,jamendo_album_183564,,true,false
focus_jamendo_1632088,focus,focus_music/focus_jamendo_1632088.mp3,d1e3f3f6216be5f89d5d567788d787473c0cf477f897db4b18daa0c45c6715df,150.230,44100,2,jamendo_artist_439567,jamendo_album_183564,,true,false
focus_jamendo_1633326,focus,focus_music/focus_jamendo_1633326.mp3,ab3408c4a87b39a493c823e0ba0875874c883abb6979d9d5524646053e254d3c,760.059,44100,2,jamendo_artist_441157,jamendo_album_183641,,true,false
focus_jamendo_1646629,focus,focus_music/focus_jamendo_1646629.mp3,be1e336f1bde34fa9b5759d7f18dcd1bead8e30972fbb88aad3d52877f853eaf,590.420,44100,2,jamendo_artist_499666,jamendo_album_390268,,true,false
focus_jamendo_1647617,focus,focus_music/focus_jamendo_1647617.mp3,d3a55fe3497300153d1a86848eb959112babc10b99151e6dfcbd9fc66dac496f,297.509,44100,2,jamendo_artist_471325,jamendo_album_408504,,true,false
focus_jamendo_1650016,focus,focus_music/focus_jamendo_1650016.mp3,f2315db35e3d20181cc84e0a954da1c15333e10241bf657f18eb13c90cd9bd20,317.000,44100,2,jamendo_artist_362847,jamendo_album_319597,,true,false
focus_jamendo_1667339,focus,focus_music/focus_jamendo_1667339.mp3,162fd7c5d09922c3346daf43b669566e96de12182bf27363ddce4088e11e10c9,267.494,44100,2,jamendo_artist_509771,jamendo_album_186054,,true,false
focus_jamendo_1668128,focus,focus_music/focus_jamendo_1668128.mp3,47cc69b7266be8c6eb4b5a5bba66e89f96b2193adbd0bcbad6429627b6c85a94,248.000,44100,2,jamendo_artist_471325,jamendo_album_409120,,true,false
focus_jamendo_1669925,focus,focus_music/focus_jamendo_1669925.mp3,1e08f94c277f97343d272d1eb19439be540122de758e440110412bd009ae0600,344.059,44100,2,jamendo_artist_002189,jamendo_album_251401,,true,false
focus_jamendo_1672165,focus,focus_music/focus_jamendo_1672165.mp3,81f714bcc49f3fb2767fd47e4563ce1129e0f8568e9040d957670ba0d827bef4,511.347,44100,2,jamendo_artist_520295,jamendo_album_186461,,true,false
focus_jamendo_1677808,focus,focus_music/focus_jamendo_1677808.mp3,536e8e53850e8023fcb6fed64be329fa67d5b8a0562e335988bffd09cbbcfc59,187.376,44100,2,jamendo_artist_348835,jamendo_album_187053,,true,false
focus_jamendo_1677809,focus,focus_music/focus_jamendo_1677809.mp3,c102a52f4ef6e0c54c57570791fa7f2f2c2ee222175051bfb19eeac7c397c606,314.462,44100,2,jamendo_artist_348835,jamendo_album_187053,,true,false
focus_jamendo_1683418,focus,focus_music/focus_jamendo_1683418.mp3,f85df983800edaed09da32ee57cf71a6940fda7efd36f85ebab55196b83fbc12,731.000,44100,2,jamendo_artist_498662,jamendo_album_400985,,true,false
focus_jamendo_1684978,focus,focus_music/focus_jamendo_1684978.mp3,50eed866a218df02b9060349b7d26486a8a4bed9fe36254d765fe3d46ee495dd,376.607,44100,2,jamendo_artist_522061,jamendo_album_187675,,true,false
focus_jamendo_1684979,focus,focus_music/focus_jamendo_1684979.mp3,26f7bd6968c636e67f66ed2d722726c3112356dd11676691f2f611fb7ed2f6db,138.606,44100,2,jamendo_artist_522061,jamendo_album_187675,,true,false
focus_jamendo_1685030,focus,focus_music/focus_jamendo_1685030.mp3,fe1c7149e59b72cb0dda90d2436f459ba40af2dc1120b0c2e94d8e5aa37290e2,197.000,44100,2,jamendo_artist_359341,jamendo_album_187683,,true,false
focus_jamendo_1685032,focus,focus_music/focus_jamendo_1685032.mp3,e58c9b780133cc7def30f8f6e8ec7dd5c4ad9605f31e764379f02e844393d129,208.692,44100,2,jamendo_artist_359341,jamendo_album_187683,,true,false
focus_jamendo_1692446,focus,focus_music/focus_jamendo_1692446.mp3,eeae13700926a67a1d11e3a226d17e929ab43e3d93617b564ae6d123db039f8c,619.416,44100,2,jamendo_artist_499666,jamendo_album_394977,,true,false
focus_jamendo_1699096,focus,focus_music/focus_jamendo_1699096.mp3,9850520eae1fcb5a616730cc07739b85d8025ab0e0dc9114eb962931e5a75c6a,244.000,44100,2,jamendo_artist_463637,jamendo_album_439588,,true,false
focus_jamendo_1700327,focus,focus_music/focus_jamendo_1700327.mp3,71af623a3c22891be06919163e0ebeffe1bf9fdf7d12598cae0d9e240059e078,249.078,44100,2,jamendo_artist_523835,jamendo_album_251919,,true,false
focus_jamendo_1704604,focus,focus_music/focus_jamendo_1704604.mp3,449df509005b3379a7226f00d8012bfccd1bff9edcb3e633890960ee01813b01,248.000,44100,2,jamendo_artist_463637,jamendo_album_439648,,true,false
focus_jamendo_1705713,focus,focus_music/focus_jamendo_1705713.mp3,25f5000699331e541cd96dab3211d779b44cc2f3e6a9d26a8fb810507a0c6d86,124.000,44100,2,jamendo_artist_463637,jamendo_album_439700,,true,false
focus_jamendo_1706218,focus,focus_music/focus_jamendo_1706218.mp3,60def81d44b939df8e098c3343147acc5dcd2823ff1e25368aee3167de29d01a,442.358,44100,2,jamendo_artist_523869,jamendo_album_297327,,true,false
focus_jamendo_1709689,focus,focus_music/focus_jamendo_1709689.mp3,1add9e4dcf44c927fe85c0dd31ee99c25dd25592dbec32197c020cee5ef09938,332.000,44100,2,jamendo_artist_500339,jamendo_album_189672,,true,false
focus_jamendo_1713602,focus,focus_music/focus_jamendo_1713602.mp3,6fd0cba79ad01d1863907abdf9be50c30751060c39181a7ca31268f8f9efb4bf,126.250,44100,2,jamendo_artist_352232,jamendo_album_189995,,true,false
focus_jamendo_1721937,focus,focus_music/focus_jamendo_1721937.mp3,9eaf0543cbc4aa9df3e07d511646098f5f9fb3237e46846b0b537b8d3223ccce,320.549,44100,2,jamendo_artist_360311,jamendo_album_190584,,true,false
focus_jamendo_1744930,focus,focus_music/focus_jamendo_1744930.mp3,9af355bed96a4548fbf16b99e5fec8ed8ca36d6ff61a00bde57a7ecc23c1d601,376.059,44100,2,jamendo_artist_354509,jamendo_album_192290,,true,false
focus_jamendo_1755448,focus,focus_music/focus_jamendo_1755448.mp3,0725cfcea8890417237490aca683ea1ba6b22416c4a6f386dd05b17c9e27bf23,289.000,44100,2,jamendo_artist_528887,jamendo_album_242099,,true,false
focus_jamendo_1761112,focus,focus_music/focus_jamendo_1761112.mp3,ef77612ab44823a550d6909e531bac5a1f173232ca2b51c7e06c1ec0b7b32d77,314.000,44100,2,jamendo_artist_487475,jamendo_album_334051,,true,false
focus_jamendo_1780015,focus,focus_music/focus_jamendo_1780015.mp3,d4d7d001721c8583d59972ff077311492525c9390666afb1cc1f37c521a08003,261.068,44100,2,jamendo_artist_488965,jamendo_id3_album_bdb94de53cb6,,true,false
focus_jamendo_1785989,focus,focus_music/focus_jamendo_1785989.mp3,e8a57f87b328d3eb6f239f624b36bec1ad89bc7266aebea996e83fda85d048ec,288.000,44100,2,jamendo_artist_508884,jamendo_album_417046,,true,false
focus_jamendo_1786770,focus,focus_music/focus_jamendo_1786770.mp3,801959485bcc825230d75b496c2b7f25b8991dd073ccf45c9e359f2750cf895b,165.878,44100,2,jamendo_artist_349709,jamendo_album_385680,,true,false
focus_jamendo_1787506,focus,focus_music/focus_jamendo_1787506.mp3,b705c060d4d3c9a5f3186b1a61491c1afdf41281d32aac281909c49b557d7a8c,140.983,44100,2,jamendo_artist_496045,jamendo_album_195862,,true,false
focus_jamendo_1789540,focus,focus_music/focus_jamendo_1789540.mp3,b9cdc6bc798a3deb8eaeae46804548ba3d311abefed677a9ad0fba00dff1b734,166.060,44100,2,jamendo_artist_501081,jamendo_album_195924,,true,false
focus_jamendo_1797025,focus,focus_music/focus_jamendo_1797025.mp3,028f230d55ab4f60d782349bf043e9ff7798efaca48616279892469f16001f5e,246.073,44100,2,jamendo_artist_494669,jamendo_album_406873,,true,false
focus_jamendo_1798108,focus,focus_music/focus_jamendo_1798108.mp3,61fe215fd03773475d0db28d4e48a80ba689c2cb6e7e279dc0d1849dead168eb,645.747,44100,2,jamendo_artist_002838,jamendo_album_196715,,true,false
focus_jamendo_1798830,focus,focus_music/focus_jamendo_1798830.mp3,314616f8907fe8af5ec771be68105729f1936ebb38452a5f275aa2370182d75d,891.063,44100,2,jamendo_artist_498010,jamendo_album_412412,,true,false
focus_jamendo_1809441,focus,focus_music/focus_jamendo_1809441.mp3,212e1ee352657edfefa03ed9c6b6d0fcc6b0a8ba3a36a0304c578d2f9f9dd2cf,367.073,44100,2,jamendo_artist_356451,jamendo_album_197805,,true,false
focus_jamendo_1809751,focus,focus_music/focus_jamendo_1809751.mp3,8de58d241d731adf23ce3731d81bed934793435b13e87715dcc4dd243a56f991,346.000,44100,2,jamendo_artist_435611,jamendo_album_197935,,true,false
focus_jamendo_1810290,focus,focus_music/focus_jamendo_1810290.mp3,4c03e3c7ede2f77175a3c876b11246c6e495dc0cc21ff103e5a8bf415b807195,137.064,44100,2,jamendo_artist_532277,jamendo_album_280572,,true,false
focus_jamendo_1811125,focus,focus_music/focus_jamendo_1811125.mp3,4dfc150ffba5a56cec5034bdf481638ce8d303eef33d2efbffd9baac3d7a74fc,196.075,44100,2,jamendo_artist_364293,jamendo_album_197920,,true,false
focus_jamendo_1816033,focus,focus_music/focus_jamendo_1816033.mp3,be3ec9dd060fefc47ffeab7f789d0d6213324ce7e5973d433195adb54691eb03,192.000,44100,2,jamendo_artist_533093,jamendo_album_285513,,true,false
focus_jamendo_1823875,focus,focus_music/focus_jamendo_1823875.mp3,c07e08cce7c9d940590d59b3512732ea2454a648411be274550502cf079f8980,776.000,44100,2,jamendo_artist_498010,jamendo_album_413617,,true,false
focus_jamendo_1823902,focus,focus_music/focus_jamendo_1823902.mp3,5d90c604364a075cc709b1062b9efafbc0cb8d0d63118d426caff1ecdb1b4287,926.459,44100,2,jamendo_artist_498010,jamendo_album_414229,,true,false
focus_jamendo_1824127,focus,focus_music/focus_jamendo_1824127.mp3,ad6f5fffc37a24cf086b2e7173b1ec281114f90d5c5b68bad039dd405f429bff,392.000,44100,2,jamendo_artist_523869,jamendo_album_354874,,true,false
focus_jamendo_1826551,focus,focus_music/focus_jamendo_1826551.mp3,6de497ef04c9dd83948ab65613e8b30479071c08dd026c21c830a7b8d09cf89f,201.064,44100,2,jamendo_artist_467601,jamendo_id3_album_c069f1ba1f6a,,true,false
focus_jamendo_1826554,focus,focus_music/focus_jamendo_1826554.mp3,c875d40f8dde9c9717e8c15ad1ad6cf19e534c359d94e1bcaae45f48a395b186,371.174,44100,2,jamendo_artist_467601,jamendo_id3_album_c069f1ba1f6a,,true,false
focus_jamendo_1828706,focus,focus_music/focus_jamendo_1828706.mp3,a022d7ec2cea010a5014d9f8081198905aa734f95c3f2581d49dbc12c8f71d24,166.000,44100,2,jamendo_artist_503377,jamendo_album_342018,,true,false
focus_jamendo_1832577,focus,focus_music/focus_jamendo_1832577.mp3,88b5e13d47e0d4bb885288dfb323c023549bd2a7c0b5d5f0850b192cd644b328,306.286,44100,2,jamendo_artist_486442,jamendo_album_429052,,true,false
focus_jamendo_1833203,focus,focus_music/focus_jamendo_1833203.mp3,11578bf2cf8802e3016b948cd09f2fa36a34fed8289122ad49e84c05d60abaf9,452.000,44100,2,jamendo_artist_488965,jamendo_album_410412,,true,false
focus_jamendo_1835124,focus,focus_music/focus_jamendo_1835124.mp3,2abe65a0e02f909624e02fceab56b4f504150a5a63114824a5b1173c4ca8c4a4,196.075,44100,2,jamendo_artist_508884,jamendo_album_429878,,true,false
focus_jamendo_1838283,focus,focus_music/focus_jamendo_1838283.mp3,a4f280fc4b17af7b488696c3fec9513373812ae9371b1cf404e36243a67ccdc7,349.309,44100,2,jamendo_artist_484962,jamendo_album_200186,,true,false
focus_jamendo_1838287,focus,focus_music/focus_jamendo_1838287.mp3,139d86c5fcd7558938d373a04529559a54ef9f2abe22bc3b3e245e7b51a8518e,368.614,44100,2,jamendo_artist_484962,jamendo_album_200186,,true,false
focus_jamendo_1842470,focus,focus_music/focus_jamendo_1842470.mp3,19d92e7a3757c6fd0b2f455f3359aa2a9c261d3ec735abf83ea9a82c312460ed,404.062,44100,2,jamendo_artist_536407,jamendo_album_200486,,true,false
focus_jamendo_1842472,focus,focus_music/focus_jamendo_1842472.mp3,bea88157f97cf02c18e671aac1cca8b3a081ac75b894da218884a8470a61e2db,468.454,44100,2,jamendo_artist_536407,jamendo_album_200486,,true,false
focus_jamendo_1844721,focus,focus_music/focus_jamendo_1844721.mp3,79492b18c55585b0a84c592abc461d86a82af2ba004e774b0375b14a1b0e6f2e,200.000,44100,2,jamendo_artist_467601,jamendo_album_200639,,true,false
focus_jamendo_1847333,focus,focus_music/focus_jamendo_1847333.mp3,a513c583a2e8ea3a23be20d1102fa920d2bbd85c2399fb7af369cd448402b9cc,367.229,44100,2,jamendo_artist_494669,jamendo_album_408437,,true,false
focus_jamendo_1847530,focus,focus_music/focus_jamendo_1847530.mp3,2587ef4d489dc069ebc47029ef31e78c7540d3f1f4370277c36ed0cc7199ab87,357.000,44100,2,jamendo_artist_489561,jamendo_album_418633,,true,false
focus_jamendo_1850576,focus,focus_music/focus_jamendo_1850576.mp3,05ab8338f4b8123ef6bfec8975406b158eadb6c24f3c13f7f780c35aa1962203,120.059,44100,2,jamendo_artist_503399,jamendo_album_419407,,true,false
focus_jamendo_1856292,focus,focus_music/focus_jamendo_1856292.mp3,14a8ce78b43f32d95beefdbdcb27e1f6cec87b0e74d8fe149cfe34c36558cfec,507.000,44100,2,jamendo_artist_515497,jamendo_album_348626,,true,false
focus_jamendo_1858750,focus,focus_music/focus_jamendo_1858750.mp3,d2bc78c15a18ca81a78bf52390624b81471ccd49944ab9ae8c4d7d1527cc3c5b,124.500,44100,2,jamendo_artist_513439,jamendo_album_201603,,true,false
focus_jamendo_1864786,focus,focus_music/focus_jamendo_1864786.mp3,7fe1da7aa899d8b4a565384d729b281f16a5193dee32a6bac7054fe9d9d48155,476.918,44100,2,jamendo_artist_537530,jamendo_album_445803,,true,false
focus_jamendo_1865466,focus,focus_music/focus_jamendo_1865466.mp3,3c390f8c9ad01592a07834a55fbeaee2aa6cb6951fae1ba15309513a7964d761,286.000,44100,2,jamendo_artist_517336,jamendo_album_446095,,true,false
focus_jamendo_1866931,focus,focus_music/focus_jamendo_1866931.mp3,83df60bb71e97f9cd9e2f4d211b691255dad2f1055f680aae9e63093a5115f66,597.891,44100,2,jamendo_artist_528815,jamendo_album_446649,,true,false
focus_jamendo_1867616,focus,focus_music/focus_jamendo_1867616.mp3,96cb2cc434460734a04b9318adf44cba390842637a93dd289d637d1efbe52d34,160.000,44100,2,jamendo_artist_508418,jamendo_album_446928,,true,false
focus_jamendo_1868247,focus,focus_music/focus_jamendo_1868247.mp3,b0c9ea6f755ce563c6cc349084f797acda2cab0d51aa231a6f41359915528f53,144.065,44100,2,jamendo_artist_537742,jamendo_album_447145,,true,false
focus_jamendo_1868257,focus,focus_music/focus_jamendo_1868257.mp3,8652d9d84b750ee788c2ace81b0d94a63583792f4c6950c452a20a4e59984b79,141.401,44100,2,jamendo_artist_538115,jamendo_album_447152,,true,false
focus_jamendo_1868402,focus,focus_music/focus_jamendo_1868402.mp3,26343aab528a1d5f084fdf03b425a48365c6ce9dad4639fc2542f25cd4d5e730,180.062,44100,2,jamendo_artist_502867,jamendo_album_447220,,true,false
focus_jamendo_1869522,focus,focus_music/focus_jamendo_1869522.mp3,86ed8aaa124ffd0030c15e6fe84ccd37f07fba01704c51c1b66acb706bbecd93,219.000,44100,2,jamendo_artist_489561,jamendo_album_447744,,true,false
focus_jamendo_1871445,focus,focus_music/focus_jamendo_1871445.mp3,c73429ef70d56cdb5ddb3e55c2a98406e9be4f6ed72318796d08510ea8f8e6ba,192.052,44100,2,jamendo_artist_496155,jamendo_album_448663,,true,false
focus_jamendo_1871951,focus,focus_music/focus_jamendo_1871951.mp3,82e0c0352cbd81e865bccb0675ee3ab7256f500bfcd0bbcf3e6246d71b81423a,586.000,44100,2,jamendo_artist_518691,jamendo_album_449061,,true,false
focus_jamendo_1874522,focus,focus_music/focus_jamendo_1874522.mp3,eb93f6d0db7b9a844c14423431e82ff4752495d018814a4b64a91593fe37a5c4,168.000,44100,2,jamendo_artist_496155,jamendo_album_450128,,true,false
focus_jamendo_1879434,focus,focus_music/focus_jamendo_1879434.mp3,c6f181b545890a6b778ec880dcafa62279a18ad39f43bd1644e8200cf629baa8,600.059,44100,2,jamendo_artist_508688,jamendo_album_452126,,true,false
focus_jamendo_1879604,focus,focus_music/focus_jamendo_1879604.mp3,77fad09cf44902aac77d73a5ff4dd3fb13e7499bf1e8b5b4494dbaeaad2d8a8f,143.360,44100,2,jamendo_artist_486550,jamendo_album_452227,,true,false
focus_jamendo_1881280,focus,focus_music/focus_jamendo_1881280.mp3,3eb0836638493d0c87a688b8f358d9d10f94bbf8d1da9aae823e5545ec258a76,123.925,44100,2,jamendo_artist_486550,jamendo_album_453029,,true,false
focus_jamendo_1885488,focus,focus_music/focus_jamendo_1885488.mp3,904ec23565313145f2ca42954fb9a280dfecd6394d4684d1877d545fa1ec45af,190.851,44100,2,jamendo_artist_486550,jamendo_album_454915,,true,false
focus_jamendo_1890389,focus,focus_music/focus_jamendo_1890389.mp3,63bfd8e8d61a948d0068c184281bc534de3f04b0545134bec73d3d6b4f42a2c8,1084.000,44100,2,jamendo_artist_487189,jamendo_album_457462,,true,false
focus_jamendo_1890394,focus,focus_music/focus_jamendo_1890394.mp3,4f63836a082851d6bc56d6d8c349ad54348b8563e7be55bfa9db1bf158ca93b0,336.000,44100,2,jamendo_artist_487189,jamendo_album_457462,,true,false
focus_jamendo_1890497,focus,focus_music/focus_jamendo_1890497.mp3,767bccb7ee0249a4efa3dd30eb32f98bcfc856b9bcbfa4ea920dc004341f7cda,331.000,44100,2,jamendo_artist_487189,jamendo_album_457508,,true,false
focus_jamendo_1890501,focus,focus_music/focus_jamendo_1890501.mp3,04b521c0fec68759a88ed187bd37fac22db61761651522c7aa8f6af72b188161,331.000,44100,2,jamendo_artist_487189,jamendo_album_457508,,true,false
focus_jamendo_1891400,focus,focus_music/focus_jamendo_1891400.mp3,138a8e9a8aa5c800bf53790fe7127dcd47201f5177d5a7667de393b623c62f27,212.820,44100,2,jamendo_artist_531308,jamendo_album_457972,,true,false
focus_jamendo_1894575,focus,focus_music/focus_jamendo_1894575.mp3,106e273fcc4c406e4d7667f8ab3ce05d1cd795360c5b95a6f7c5b1769db46a6e,508.000,44100,2,jamendo_artist_528815,jamendo_album_459433,,true,false
focus_jamendo_1894851,focus,focus_music/focus_jamendo_1894851.mp3,e45daf007dae6bee8b0c2257753e5960646eea7b773e27280902b14a38631e1f,299.000,44100,2,jamendo_artist_531308,jamendo_album_459491,,true,false
focus_jamendo_1895201,focus,focus_music/focus_jamendo_1895201.mp3,73c7d918960e62a4d4e3c8abc1d5e9e229e6952a13827915f48bc3fc1f8327a8,222.000,44100,2,jamendo_artist_496155,jamendo_album_459751,,true,false
focus_jamendo_1895276,focus,focus_music/focus_jamendo_1895276.mp3,5afb4caaffc1d8ff2b9cf471dde6b729c2d2c7a774f1d880e4da78e045e44d95,244.000,44100,2,jamendo_artist_523869,jamendo_album_459776,,true,false
focus_jamendo_1897824,focus,focus_music/focus_jamendo_1897824.mp3,a57ea4568320c02af1b5819c0b751bcee093bc82b82af15357f323a590a478aa,280.000,44100,2,jamendo_artist_531308,jamendo_album_460950,,true,false
focus_jamendo_1898926,focus,focus_music/focus_jamendo_1898926.mp3,d50c2b9490df24b90c44d8bd74f133f41feb7316279d92a02b760bda7a234198,272.065,44100,2,jamendo_artist_540821,jamendo_album_461555,,true,false
focus_jamendo_1900437,focus,focus_music/focus_jamendo_1900437.mp3,0e883f69aaa2610f25633cbde3c5ce06ead23d1980b247e8f4d6faebb8d1f979,364.800,44100,2,jamendo_artist_542588,jamendo_album_462114,,true,false
focus_jamendo_1900439,focus,focus_music/focus_jamendo_1900439.mp3,dbe9d8fbbf040638d6d63e193129e6345f06b36287c628a3b53a6069f370ab4b,253.309,44100,2,jamendo_artist_542588,jamendo_album_462114,,true,false
focus_jamendo_1900645,focus,focus_music/focus_jamendo_1900645.mp3,eeb0d0a370ba0df968bb9eca1c766d1a9f8fae03f04189ecbf894ba44d156d2e,198.661,44100,2,jamendo_artist_503399,jamendo_album_462326,,true,false
focus_jamendo_1900646,focus,focus_music/focus_jamendo_1900646.mp3,017c95c46d96fb086238d4d6ddc7770b7f13216804102dae304dafe76a1bea8e,184.686,44100,2,jamendo_artist_503399,jamendo_album_462327,,true,false
focus_jamendo_1900840,focus,focus_music/focus_jamendo_1900840.mp3,dbd8619f183d324721c03384f39c35aa8dfda766a9d70de91cae2f869a88e6aa,208.000,44100,2,jamendo_artist_514780,jamendo_album_462416,,true,false
focus_jamendo_1900848,focus,focus_music/focus_jamendo_1900848.mp3,e656c610275c52e26f70b253ed5217458b6157e2f832657056ef4ee7148e3fbd,220.000,44100,2,jamendo_artist_514780,jamendo_album_462425,,true,false
focus_jamendo_1900849,focus,focus_music/focus_jamendo_1900849.mp3,b1029df03f051c5a466099f380f976f9cb843c9cf59e54d6ce5d7f12161c45bd,221.000,44100,2,jamendo_artist_514780,jamendo_album_462427,,true,false
focus_jamendo_1900865,focus,focus_music/focus_jamendo_1900865.mp3,416e57ec5660fa87b5c899cf72ef5e9bd21b0cf0e674d4acedac85dfd284206c,161.000,44100,2,jamendo_artist_514780,jamendo_album_462435,,true,false
focus_jamendo_1901339,focus,focus_music/focus_jamendo_1901339.mp3,75ae494e1195ffe45c94f75f56ff967ae7f38077592005ac137515dba9d40d0f,316.000,44100,2,jamendo_artist_340121,jamendo_album_462675,,true,false
focus_jamendo_1902125,focus,focus_music/focus_jamendo_1902125.mp3,769dcf74360a3dc2d17a2a1fb41f40005a6889a9586bd5d865644e37d9f0f0ae,240.000,44100,2,jamendo_artist_508884,jamendo_album_462976,,true,false
focus_jamendo_1906117,focus,focus_music/focus_jamendo_1906117.mp3,25fca6e342f5a71ee0ba48fca240c17240784dee6abe2cfaa3f1d6ddfef9411c,228.000,44100,2,jamendo_artist_509200,jamendo_album_464997,,true,false
focus_jamendo_1906544,focus,focus_music/focus_jamendo_1906544.mp3,20c6d24fe67f97de0b0fdd2e8fd7381edc8c6ec09317fdeda5412015d326b30d,396.000,44100,2,jamendo_artist_528815,jamendo_album_465310,,true,false
focus_jamendo_1916203,focus,focus_music/focus_jamendo_1916203.mp3,500da754d876dec5c03024ef55a5e12e1d4f428d69c9b9cba4df44f37dbde0e3,270.000,44100,2,jamendo_artist_452142,jamendo_album_469419,,true,false
focus_jamendo_1920476,focus,focus_music/focus_jamendo_1920476.mp3,45dc9db534813c4c5e2cd01bcc76bdae9408b5d93d2a8de1b103f19871fb8fe1,154.358,44100,2,jamendo_artist_537822,jamendo_album_471713,,true,false
focus_jamendo_1921939,focus,focus_music/focus_jamendo_1921939.mp3,308833681fb488f500af999f5c96b09a201da95f5efdf95656db79d7d202b89f,217.260,44100,2,jamendo_artist_537822,jamendo_album_472458,,true,false
focus_jamendo_1922056,focus,focus_music/focus_jamendo_1922056.mp3,1af2a26ae4390030250f92baae8152e549765f26c80614f796249d3316d2c4cc,210.000,44100,2,jamendo_artist_542748,jamendo_album_472516,,true,false
focus_jamendo_1923890,focus,focus_music/focus_jamendo_1923890.mp3,c10ffff7436891a76e45fb1170c5e6edbfc98eb1c14e9cbdc689dc29de61e7bc,193.071,44100,2,jamendo_artist_536209,jamendo_album_473510,,true,false
focus_jamendo_1924920,focus,focus_music/focus_jamendo_1924920.mp3,7e5ab37e11466158c44772a702e5f92bac5838217760b97afbe868bbc8c94393,264.000,44100,2,jamendo_artist_544488,jamendo_album_473923,,true,false
focus_jamendo_1924921,focus,focus_music/focus_jamendo_1924921.mp3,41905b8adf6f8073617d19f327b12ec9249aa5c163c56f00db49639ecc38165a,204.000,44100,2,jamendo_artist_544488,jamendo_album_473922,,true,false
focus_jamendo_1926373,focus,focus_music/focus_jamendo_1926373.mp3,b9a64c381c3200d6db1343f3dabb6b817fb8839c5cdfcf4ebc85c83e4877ab6e,195.000,44100,2,jamendo_artist_522843,jamendo_album_474752,,true,false
focus_jamendo_1928112,focus,focus_music/focus_jamendo_1928112.mp3,aec5e3df495966c38991940fc3e09f1b9e0b843b9b7121988e96fdec2edcd43f,181.786,44100,2,jamendo_artist_492916,jamendo_album_475390,,true,false
focus_jamendo_1929250,focus,focus_music/focus_jamendo_1929250.mp3,f9aab348d375c7d16e1b335b1c89fd4a6ef523bde5cdaa9492c95570864c1847,653.000,44100,2,jamendo_artist_515497,jamendo_album_475901,,true,false
focus_jamendo_1931218,focus,focus_music/focus_jamendo_1931218.mp3,96a97cbd453f3170f251cde7e4be479bdaec64b0c3fc5006253aa610e84807d7,326.269,44100,2,jamendo_artist_522843,jamendo_album_476638,,true,false
focus_jamendo_1932519,focus,focus_music/focus_jamendo_1932519.mp3,8801ad4350b6ed760f9782d1496552d30bea1599b03b1eed2d5c2d793776d8a2,600.000,44100,2,jamendo_artist_475631,jamendo_album_477233,,true,false
focus_jamendo_1935622,focus,focus_music/focus_jamendo_1935622.mp3,c2a25e65514baafaf0a6e00ec6285580bc2ae5816a0bb39f99ab0a06ceff94c4,600.059,44100,2,jamendo_artist_528815,jamendo_album_478668,,true,false
focus_jamendo_1935873,focus,focus_music/focus_jamendo_1935873.mp3,183354217561378006194560021297f489468107c778f1f76e3fda961bb15bab,194.000,44100,2,jamendo_artist_536209,jamendo_album_478780,,true,false
focus_jamendo_1935877,focus,focus_music/focus_jamendo_1935877.mp3,1a032aebc630410f811ed6b61351067b309cd2dccec0698d6ac44262f4ed568d,264.072,44100,2,jamendo_artist_536209,jamendo_album_478780,,true,false
focus_jamendo_1939376,focus,focus_music/focus_jamendo_1939376.mp3,646b578942e5d568ae4ad8944592337f9b3e9c42b9c342e204fefa2d6c645edc,286.459,44100,2,jamendo_artist_336426,jamendo_album_480074,,true,false
focus_jamendo_1939637,focus,focus_music/focus_jamendo_1939637.mp3,71b714a877fd39ea356ef02747c1f2fd3a852b83c56bcfb07249492034a53f30,125.074,44100,2,jamendo_artist_438910,jamendo_album_480250,,true,false
focus_jamendo_1942807,focus,focus_music/focus_jamendo_1942807.mp3,74da923a1fca759b8e9e0c54b97bc967a3dc0b71786bee8f478fc6c6bdc10655,128.000,44100,2,jamendo_artist_545923,jamendo_album_481535,,true,false
focus_jamendo_1945054,focus,focus_music/focus_jamendo_1945054.mp3,571aeb5003be4a5fc5754b741d21de087009e4de89acf5ae5bd834f2cd4a2dca,595.000,44100,2,jamendo_artist_520561,jamendo_album_482674,,true,false
focus_jamendo_1953401,focus,focus_music/focus_jamendo_1953401.mp3,2022c887fda3cd76e565d74812a0da17559f720a381f9199813ac4560230b2cc,502.000,44100,2,jamendo_artist_522042,jamendo_album_486643,,true,false
focus_jamendo_1956108,focus,focus_music/focus_jamendo_1956108.mp3,752c755eed5e82f318d880125829413ec23fa922727b5cb7f11ebc1edb65b477,599.000,44100,2,jamendo_artist_522042,jamendo_album_487764,,true,false
focus_jamendo_1957365,focus,focus_music/focus_jamendo_1957365.mp3,102d34940f9c5407605b28cd32a34c5cacba0d300da59fedb05e9b0e8884d0a0,234.000,44100,2,jamendo_artist_527634,jamendo_album_488072,,true,false
focus_jamendo_1957922,focus,focus_music/focus_jamendo_1957922.mp3,3ebcf3135bab6b7bc11f0f5aaf447d224657ca353c4d41eba6ab28ede8adaa64,171.000,44100,2,jamendo_artist_545923,jamendo_album_488788,,true,false
focus_jamendo_1959047,focus,focus_music/focus_jamendo_1959047.mp3,0a10110842290038cfe586a9e81551bad7083a59f143d7569649d568917c412c,220.082,44100,2,jamendo_artist_544266,jamendo_album_488698,,true,false
focus_jamendo_1962000,focus,focus_music/focus_jamendo_1962000.mp3,2c008beb0e73a37cda9bf5a5f7b280071b2796798bf7521445caef523b814e6d,268.199,44100,2,jamendo_artist_549378,jamendo_album_490030,,true,false
focus_jamendo_1963475,focus,focus_music/focus_jamendo_1963475.mp3,9ea4c0cf3d448e054feabcafb40a9cd2a1b655d7335e1988e21dee9e38dd60c1,181.000,44100,2,jamendo_artist_536209,jamendo_album_490655,,true,false
focus_jamendo_1964726,focus,focus_music/focus_jamendo_1964726.mp3,cfdf9b5227e43d53d0badd8e36579939d4412f8beb2d9575dd10c6264224af18,303.000,44100,2,jamendo_artist_548641,jamendo_album_491956,,true,false
focus_jamendo_1964742,focus,focus_music/focus_jamendo_1964742.mp3,3a1fe55117c705f11cd2aff06ec616fcdeea1cc1466c665e2c4a074a9f73cc47,348.000,44100,2,jamendo_artist_548641,jamendo_album_491974,,true,false
focus_jamendo_1967104,focus,focus_music/focus_jamendo_1967104.mp3,39e260b2e1bd257d27697882bd69bed69df86a88322beb4cb75a21352e08da0e,364.408,44100,2,jamendo_artist_516768,jamendo_album_492737,,true,false
focus_jamendo_1967111,focus,focus_music/focus_jamendo_1967111.mp3,20625a7574bcf503b4ae81288e942a2385713359815098b45f0ca6f695ce016c,254.000,44100,2,jamendo_artist_516768,jamendo_album_492737,,true,false
focus_jamendo_1968379,focus,focus_music/focus_jamendo_1968379.mp3,e312378eca133b16d5b1ae155a56d52c72baa74e8ca326fbadd97703f7dc642a,305.789,44100,2,jamendo_artist_531308,jamendo_album_493281,,true,false
focus_jamendo_1969508,focus,focus_music/focus_jamendo_1969508.mp3,66393324438b36bc5e0f691ac98aac3a507c1f01579985d252c354723fd717d5,133.000,44100,2,jamendo_artist_522843,jamendo_album_493986,,true,false
focus_jamendo_1976281,focus,focus_music/focus_jamendo_1976281.mp3,d1c51bdbc37ab09a72433b5dee4745a9df70b48b9c206c2bdfd691fa6973061c,576.000,44100,2,jamendo_artist_542794,jamendo_album_497788,,true,false
focus_jamendo_1976293,focus,focus_music/focus_jamendo_1976293.mp3,de9f42b7f037b9e154415c764776f0114bf6a1ad152ad6610e7a307268b84629,601.104,44100,2,jamendo_artist_542794,jamendo_album_497790,,true,false
focus_jamendo_1978485,focus,focus_music/focus_jamendo_1978485.mp3,8f8a185ece1feddee2be9424f788ed2cbb8a2ade3c81a46327e871ddb79b59b9,336.000,44100,2,jamendo_artist_545923,jamendo_album_498925,,true,false
focus_jamendo_1978695,focus,focus_music/focus_jamendo_1978695.mp3,3ebddfc685f7391ac530300d4dc79f4de552c09cd2f00fe32312e611146ccb45,322.769,44100,2,jamendo_artist_551113,jamendo_album_499041,,true,false
focus_jamendo_1978794,focus,focus_music/focus_jamendo_1978794.mp3,b1e029cdb2be8d4df02321c0c792a2046d06d293fff7081cc05fa4ad2fce1bfa,488.000,44100,2,jamendo_artist_345064,jamendo_album_499094,,true,false
focus_jamendo_1979493,focus,focus_music/focus_jamendo_1979493.mp3,c3f561d3a8b6efe0defd666500a7f7c05efa88be949c7154fa07b565e4377589,306.181,44100,2,jamendo_artist_357163,jamendo_album_499395,,true,false
focus_jamendo_1980501,focus,focus_music/focus_jamendo_1980501.mp3,fbc1857c7bd7433381c49fdc7c84d883e6d3a523cf44bae0fe01b0e7fefa4bef,222.000,44100,2,jamendo_artist_545923,jamendo_album_500003,,true,false
focus_jamendo_1981814,focus,focus_music/focus_jamendo_1981814.mp3,63848de377ada5be22ad1e2cb414437a069805fd0d0ca6175fee8a2035f54106,394.606,44100,2,jamendo_artist_551113,jamendo_album_500571,,true,false
focus_jamendo_1983051,focus,focus_music/focus_jamendo_1983051.mp3,0a06eab0b62698f37ef5dfd9e5b50cdc56c4473e4db0fe6c98c61938e4ca1706,221.000,44100,2,jamendo_artist_549225,jamendo_album_501176,,true,false
focus_jamendo_1983056,focus,focus_music/focus_jamendo_1983056.mp3,771b05b81182cf42d0a2e88133d31080c8a908ade847a66ef13fdf487a6c8e45,222.000,44100,2,jamendo_artist_549225,jamendo_album_501176,,true,false
focus_jamendo_1983239,focus,focus_music/focus_jamendo_1983239.mp3,b4a16de2dc5ddd65ec4680371bbad772508315dc4eec8b98ba1638615f3ef884,379.272,44100,2,jamendo_artist_535404,jamendo_album_501304,,true,false
focus_jamendo_1983242,focus,focus_music/focus_jamendo_1983242.mp3,505dba1418bf42c5c7335f7b6aba680e9a81ff796694a4f73c26a18d937c1084,280.242,44100,2,jamendo_artist_535404,jamendo_album_501304,,true,false
focus_jamendo_1985293,focus,focus_music/focus_jamendo_1985293.mp3,c06cce1c19dd9f774eda4bfe4f2d47d9f76337e17a32a42daf71b1acfd3b066e,318.433,44100,2,jamendo_artist_516768,jamendo_album_502190,,true,false
focus_jamendo_1985295,focus,focus_music/focus_jamendo_1985295.mp3,a630b45a127f8aef06c7b6c3da426d0a7005faea6a8f6afa5d096d23168f3664,471.928,44100,2,jamendo_artist_516768,jamendo_album_502190,,true,false
focus_jamendo_1986013,focus,focus_music/focus_jamendo_1986013.mp3,27307c75b33b335cf913a46f2e0506774e4a9cef8c0c07c8a69c3964738390b7,263.000,44100,2,jamendo_artist_551562,jamendo_album_502544,,true,false
focus_jamendo_1987334,focus,focus_music/focus_jamendo_1987334.mp3,0a4507e08f4a4d2f14360e45644854261df9b32f6e283f08c42b24621a268e5c,182.000,44100,2,jamendo_artist_505520,jamendo_album_503140,,true,false
focus_jamendo_1987580,focus,focus_music/focus_jamendo_1987580.mp3,087df65b34a2f523412e0b00727fc810eeead7cf31af1c877b3420a5a3327152,691.592,44100,2,jamendo_artist_543146,jamendo_album_503230,,true,false
focus_jamendo_1989240,focus,focus_music/focus_jamendo_1989240.mp3,e209b38d7aeed037722cfea87a445e6c2fcd27933aa7723af29a89bb9ad158f6,310.047,44100,2,jamendo_artist_002838,jamendo_album_503839,,true,false
focus_jamendo_1989577,focus,focus_music/focus_jamendo_1989577.mp3,5a088d1f1c7e3a5779d74acc5ce88d87a80b41af4cef54ffb15db3421ee8831c,647.000,44100,2,jamendo_artist_004116,jamendo_album_503948,,true,false
focus_jamendo_1993496,focus,focus_music/focus_jamendo_1993496.mp3,fdaacb603afe8331ac3705dcb127b875fe7bf0332aeefd8aa49bc689b260ec6a,148.000,44100,2,jamendo_artist_507576,jamendo_album_506015,,true,false
focus_jamendo_1994905,focus,focus_music/focus_jamendo_1994905.mp3,428db27a3e5e3b384964a996f56dff970a31da1bf917a6ef755fb3db1ccc95ac,470.465,44100,2,jamendo_artist_552678,jamendo_album_506632,,true,false
focus_jamendo_1997549,focus,focus_music/focus_jamendo_1997549.mp3,ba98f4eb6b241b4f46a4c2d15a3744bb6a74caddce6b141674a1508a4757e689,387.474,44100,2,jamendo_artist_529675,jamendo_album_507769,,true,false
focus_jamendo_2002309,focus,focus_music/focus_jamendo_2002309.mp3,95204257ee0f339fbf4736db2217409b895927d8ba0682b7f9199fe1624c6bfe,225.000,44100,2,jamendo_artist_484962,jamendo_album_509709,,true,false
focus_jamendo_2004625,focus,focus_music/focus_jamendo_2004625.mp3,529a23c671549c2f213faac11d86e97dff8b83a75622c0501579852e59179e84,443.611,44100,2,jamendo_artist_554051,jamendo_album_510561,,true,false
focus_jamendo_2005032,focus,focus_music/focus_jamendo_2005032.mp3,330582ee93bb46f380ec7897656bb89c7ed505124490682d5402509330977c0b,521.117,44100,2,jamendo_artist_475727,jamendo_album_511191,,true,false
focus_jamendo_2005033,focus,focus_music/focus_jamendo_2005033.mp3,9f1a74b1a9eccaaf7ccb98d17011bd9bc757c182ec52df95801ffe438c005202,599.000,44100,2,jamendo_artist_475727,jamendo_album_511190,,true,false
focus_jamendo_2009953,focus,focus_music/focus_jamendo_2009953.mp3,9d75dedba3a2c36f42b2868a0b2f9f031897fac0e7179e86f576bfb3db5a0180,149.000,44100,2,jamendo_artist_489561,jamendo_album_512810,,true,false
focus_jamendo_2015074,focus,focus_music/focus_jamendo_2015074.mp3,312b9c2734180cdf49e77f872791440dafccadcdba2af59aa0a99e3e1f1556a5,154.070,44100,2,jamendo_artist_554152,jamendo_album_514559,,true,false
focus_jamendo_2019707,focus,focus_music/focus_jamendo_2019707.mp3,13be25481ccabe731a5d15308bacf85aa599400b915225d10c0b4756cff73bdb,428.069,44100,2,jamendo_artist_488420,jamendo_album_516072,,true,false
focus_jamendo_2022629,focus,focus_music/focus_jamendo_2022629.mp3,d65e25fb5538192e6e10c0eeaa654a78317342ffb39ffb622b259700c3b26ad1,480.052,44100,2,jamendo_artist_484615,jamendo_album_517050,,true,false
focus_jamendo_2023052,focus,focus_music/focus_jamendo_2023052.mp3,a6c68f8904061bdc83daf15032f999377be74f660b233ba1615997445c14e9f4,187.037,44100,2,jamendo_artist_554152,jamendo_album_517118,,true,false
focus_jamendo_2023746,focus,focus_music/focus_jamendo_2023746.mp3,d8716c3bc0aef75f01230d3979c96734515c42933b261d1dbb961f892f1ca5d5,190.563,44100,2,jamendo_artist_554152,jamendo_album_517450,,true,false
focus_jamendo_2026945,focus,focus_music/focus_jamendo_2026945.mp3,726676293bc557430e8e28660eeb4dc0e1aac41bba48228545b08d0eec1f2a8b,582.060,44100,2,jamendo_artist_498010,jamendo_album_518820,,true,false
focus_jamendo_2027198,focus,focus_music/focus_jamendo_2027198.mp3,f7ee00c6730a5296e3dda9722166c287ad9a39e2641b9860a923ec05149fa90f,585.000,44100,2,jamendo_artist_462377,jamendo_album_518976,,true,false
focus_jamendo_2027199,focus,focus_music/focus_jamendo_2027199.mp3,1ff9b9ab161d6c414e248bc9c7ad3bc7b4416def2382c25239593693001ea103,338.000,44100,2,jamendo_artist_462377,jamendo_album_518976,,true,false
focus_jamendo_2029578,focus,focus_music/focus_jamendo_2029578.mp3,11e2882cee202fa34b7f57a8003011f9a3e1e60e99d56530518d5553c965cc5c,163.000,44100,2,jamendo_artist_517336,jamendo_album_520088,,true,false
focus_jamendo_2032139,focus,focus_music/focus_jamendo_2032139.mp3,5c5df796f3da466fd07428211406f0913ce3b1fd1d36973200ef547000afe41c,209.000,44100,2,jamendo_artist_467601,jamendo_album_521054,,true,false
focus_jamendo_2032187,focus,focus_music/focus_jamendo_2032187.mp3,a96d0b55cd5776add8e38f249d40f61c7de109f8a9842fdf143654643068de55,319.000,44100,2,jamendo_artist_546016,jamendo_album_521087,,true,false
focus_jamendo_2032670,focus,focus_music/focus_jamendo_2032670.mp3,cd5797fc32e030823a724cb4e9b86b990697952b20e4176d202b77340305124c,164.000,44100,2,jamendo_artist_554152,jamendo_album_521340,,true,false
focus_jamendo_2034075,focus,focus_music/focus_jamendo_2034075.mp3,af49d41dfdb3803ba0a76fb49a4d0a4f8bffcf77b5e4fe342a1ecda2abb903d1,185.000,44100,2,jamendo_artist_522042,jamendo_album_524183,,true,false
focus_jamendo_2034860,focus,focus_music/focus_jamendo_2034860.mp3,e616e0d66ca8e45abb772ddcab9d3c30cb0ac15cfe4a0059481b82ee6fe6ff34,427.000,44100,2,jamendo_artist_488420,jamendo_album_522365,,true,false
focus_jamendo_2035379,focus,focus_music/focus_jamendo_2035379.mp3,2e1b1bcebefd3bbefd31ce0dd8fa2cbaaf3c8edb6fd0e6f2830e65b4fbcc5edd,185.000,44100,2,jamendo_artist_522042,jamendo_album_522669,,true,false
focus_jamendo_2035939,focus,focus_music/focus_jamendo_2035939.mp3,66aa20fefff7be80f6bbdc2eecea4ab6874b984df1a561ba78a8f295f12e82b2,427.000,44100,2,jamendo_artist_488420,jamendo_album_522945,,true,false
focus_jamendo_2037708,focus,focus_music/focus_jamendo_2037708.mp3,2ecabd13919ff61a493f57bbdd3efcd8ef134ee60d411e2291b9afe03916c6d6,176.000,44100,2,jamendo_artist_560085,jamendo_album_525533,,true,false
focus_jamendo_2039455,focus,focus_music/focus_jamendo_2039455.mp3,97dae4ac73c077ed48cf0e0592ab5a78723e77e9bf5700ed9ba35bd6f1ce6459,288.000,44100,2,jamendo_artist_559588,jamendo_album_524779,,true,false
focus_jamendo_2039456,focus,focus_music/focus_jamendo_2039456.mp3,e43ac799408e2f37c1e8c67dd56d79c118d86889dcc2c562d65551a9023649ed,336.000,44100,2,jamendo_artist_559588,jamendo_album_524781,,true,false
focus_jamendo_2039515,focus,focus_music/focus_jamendo_2039515.mp3,52e93db817fdcd699364a6ada2bc0cb0cdea92b38872951651ef0dba488a9ee4,333.000,44100,2,jamendo_artist_559588,jamendo_album_524803,,true,false
focus_jamendo_2039520,focus,focus_music/focus_jamendo_2039520.mp3,d7d59f213066ad215d0d913f439597571514f38b162ad9968b22c97a88e32ae4,437.000,44100,2,jamendo_artist_559588,jamendo_album_524799,,true,false
focus_jamendo_2041944,focus,focus_music/focus_jamendo_2041944.mp3,5db60dbd06441cf02214f29b82f1188335b4781d7f1cccb410c01e2792ff9fe0,373.000,44100,2,jamendo_artist_551562,jamendo_album_525829,,true,false
focus_jamendo_2041947,focus,focus_music/focus_jamendo_2041947.mp3,934f83336c742bcad1a2df22227baf88007f8c77f7a0d66afe4b1952d21d28a6,267.000,44100,2,jamendo_artist_551562,jamendo_album_525829,,true,false
focus_jamendo_2042978,focus,focus_music/focus_jamendo_2042978.mp3,0d38395274ed45087fdd7539dcf31685eb8f8d443dad116daa608f1e21b77db9,500.000,44100,2,jamendo_artist_488420,jamendo_album_526475,,true,false
focus_jamendo_2043688,focus,focus_music/focus_jamendo_2043688.mp3,52b6777aa6231af05b38cdbe5b49a9bb7ab4969a37bd7c6f2bcb6bb1e787ef00,268.852,44100,2,jamendo_artist_551562,jamendo_album_526884,,true,false
focus_jamendo_2055767,focus,focus_music/focus_jamendo_2055767.mp3,360dce83e21ba9736a3d0ab3254ab4a2de1af916d7272c1b2234f429eac05665,269.688,44100,2,jamendo_artist_489561,jamendo_album_528306,,true,false
focus_jamendo_2057382,focus,focus_music/focus_jamendo_2057382.mp3,9277272afd57e693df88fd875033c5fbda7ca5c5d9de02839cba3ba676c46708,355.265,44100,2,jamendo_artist_546016,jamendo_album_529183,,true,false
focus_jamendo_2057691,focus,focus_music/focus_jamendo_2057691.mp3,67bcae40c8c8a627c877b67cd244a9ea8614ddc26d2aca447578914c2a64962e,291.736,44100,2,jamendo_artist_515330,jamendo_album_529326,,true,false
focus_jamendo_2060537,focus,focus_music/focus_jamendo_2060537.mp3,b926af2f4e97d8514074e999709eb4be241da779a6fb4e2602b2399d17425e5d,235.703,44100,2,jamendo_artist_530744,jamendo_album_530411,,true,false
focus_jamendo_2123290,focus,focus_music/focus_jamendo_2123290.mp3,969da9147c88755db46dc5a09767210687027bb82e484cffd50b9c8eb999ac8c,122.201,44100,2,jamendo_artist_561522,jamendo_album_544782,,true,false
focus_jamendo_2125861,focus,focus_music/focus_jamendo_2125861.mp3,96060524ec460edcad66a20789daca6f1596f4353b276f14df6b4c405c2257bd,600.059,44100,2,jamendo_artist_568113,jamendo_album_545825,,true,false
focus_jamendo_2127098,focus,focus_music/focus_jamendo_2127098.mp3,91ff4e251a0eac6e4aef054c2baa198811daffd261a0adf969b5be5f46665995,600.059,44100,2,jamendo_artist_568113,jamendo_album_546354,,true,false
focus_jamendo_2127108,focus,focus_music/focus_jamendo_2127108.mp3,e34a5834d74551a69856050a24c62468a8264dc7cf8208fe7b7376706097e657,600.059,44100,2,jamendo_artist_568113,jamendo_album_546354,,true,false
focus_jamendo_2127649,focus,focus_music/focus_jamendo_2127649.mp3,3f8fd6ca55d501c8311c53df6a9a90415b25b1ea942afd57ad4165c025dc5c31,600.059,44100,2,jamendo_artist_568113,jamendo_album_546550,,true,false
focus_jamendo_2129421,focus,focus_music/focus_jamendo_2129421.mp3,f716c6549ab412a0a070a122e34ea5647896b956bcacb55cd684d9417462f074,242.599,44100,2,jamendo_artist_546016,jamendo_album_547322,,true,false
focus_jamendo_2149372,focus,focus_music/focus_jamendo_2149372.mp3,ac5d3020244e7d1b8f1b63ba9baa631cdc568844088379e5173b6e67c61d10d9,146.573,44100,2,jamendo_artist_587419,jamendo_album_557715,,true,false
focus_jamendo_2152724,focus,focus_music/focus_jamendo_2152724.mp3,fdaa13acfbe96510dcdbe33d96a8bcc2d7a938e64cf9f0c5957436c6b4169f19,292.833,44100,2,jamendo_artist_545630,jamendo_album_559521,,true,false
focus_jamendo_2160158,focus,focus_music/focus_jamendo_2160158.mp3,2c1a72821e63d3e081735acf2d13fe1f783061d6c53305fb2c4c3ef5d4a13f4e,355.056,44100,2,jamendo_artist_488965,jamendo_album_562034,,true,false
focus_jamendo_2160682,focus,focus_music/focus_jamendo_2160682.mp3,7670f9b531a366cf88379e656d6e5f54c0d0e5aa603e64dddbd9dc2705db0110,1069.296,44100,2,jamendo_artist_427251,jamendo_album_562342,,true,false
focus_jamendo_2165080,focus,focus_music/focus_jamendo_2165080.mp3,cfe8fa182743d2c98b337cf8304c17486de7f504ca751927ce862e9718ac7330,211.801,44100,2,jamendo_artist_485003,jamendo_album_563935,,true,false
focus_jamendo_2169943,focus,focus_music/focus_jamendo_2169943.mp3,7dcfa9cad8a21f28c9a334ee50db7e3e6d9e306a60fd2ce1ab25de1b7ab04c48,284.813,44100,2,jamendo_artist_486442,jamendo_album_566254,,true,false
focus_jamendo_2178516,focus,focus_music/focus_jamendo_2178516.mp3,08f1b3afe7427e52c119576afd39c5a85877426ad4fb87ff8dfa9bdabac78a92,271.125,44100,2,jamendo_artist_495254,jamendo_album_569193,,true,false
focus_jamendo_2178517,focus,focus_music/focus_jamendo_2178517.mp3,01699df1f6814c880967506877d3404afeb174ca8c1bc6014738d4fc24842476,265.482,44100,2,jamendo_artist_495254,jamendo_album_569187,,true,false
focus_jamendo_2178866,focus,focus_music/focus_jamendo_2178866.mp3,ccd6d4143e32ab3b538db8203b67bfc45bc120bf351239eacaf8bf68720aee73,207.909,44100,2,jamendo_artist_522843,jamendo_album_569301,,true,false
focus_jamendo_2180121,focus,focus_music/focus_jamendo_2180121.mp3,a2ed8b805e644855973f55fcc24fc33219ec55e63a14db543a68f09d4ad4ad9d,282.410,44100,2,jamendo_artist_457603,jamendo_album_570004,,true,false
focus_jamendo_2180126,focus,focus_music/focus_jamendo_2180126.mp3,a1de3c148ce74c27a9e62c4d2ab1feb3d346feb5f703a2fbfacec77f278d98bc,224.052,44100,2,jamendo_artist_457603,jamendo_album_570004,,true,false
focus_jamendo_2196880,focus,focus_music/focus_jamendo_2196880.mp3,5afa082b5b53e8719b13f18ac4ba97d2981c4bbbea9917cbeb39bcae3a50bbcb,174.054,44100,2,jamendo_artist_522537,jamendo_album_579459,,true,false
focus_jamendo_2200501,focus,focus_music/focus_jamendo_2200501.mp3,b6f737495745fe8c5a05390e8f9011eb2803360d42380a41fc03826c5a0dbbc8,201.665,44100,2,jamendo_artist_546016,jamendo_album_578591,,true,false
focus_jamendo_2201166,focus,focus_music/focus_jamendo_2201166.mp3,10c28cbd05c8af39f369c55cd6996d90852e6d8de6ddd08b0c67dff7e24e596a,600.059,44100,2,jamendo_artist_489261,jamendo_album_578907,,true,false
focus_jamendo_2201227,focus,focus_music/focus_jamendo_2201227.mp3,99b39ecb161c0690664017c0cdbf7e7f3c3ebfd35c04573dca2d1129a329a7e5,130.064,44100,2,jamendo_artist_522537,jamendo_album_579457,,true,false
focus_jamendo_2203332,focus,focus_music/focus_jamendo_2203332.mp3,0ac90c4b59fda0de406a70dc0872a6533c2ebee86bb51effee92207f6d5bae15,595.775,44100,2,jamendo_artist_489261,jamendo_album_579613,,true,false
focus_jamendo_2205840,focus,focus_music/focus_jamendo_2205840.mp3,5e8d940ddfb0544327cd2207a743f510c306c6de125ab423979179163608603c,600.059,44100,2,jamendo_artist_489261,jamendo_album_580746,,true,false
focus_jamendo_2206772,focus,focus_music/focus_jamendo_2206772.mp3,03ad06192d44e3cf04cacd5e4ac12dfdc3c707f41e8336b673b9fffb3c7e8b43,148.062,44100,2,jamendo_artist_522537,jamendo_album_582244,,true,false
focus_jamendo_2207645,focus,focus_music/focus_jamendo_2207645.mp3,fd6e858a233dbeb18536d356a69a85417c8cf541d3c4788ed9a4a864ddf630ae,248.633,44100,2,jamendo_artist_341323,jamendo_album_581538,,true,false
focus_jamendo_2208659,focus,focus_music/focus_jamendo_2208659.mp3,45f16618c364ebf51c8671ca761f9d8c42573ba23c0c39d0eb4bd86dd74072e3,258.821,44100,2,jamendo_artist_556826,jamendo_album_582071,,true,false
focus_jamendo_2209988,focus,focus_music/focus_jamendo_2209988.mp3,db9cb57a5d223ccdbbd5821f61468ecfff51b24b9d75f8f49d7e1b4a7281a959,561.502,44100,2,jamendo_artist_489261,jamendo_album_582792,,true,false
focus_jamendo_2215208,focus,focus_music/focus_jamendo_2215208.mp3,c602bc01e7a6242688dd7c4065ee8ac4ad1d21a2e79aa4306cf3cdae6ab73d08,441.234,44100,2,jamendo_artist_596201,jamendo_album_585701,,true,false
focus_jamendo_2215209,focus,focus_music/focus_jamendo_2215209.mp3,5348cf171e6f94db9f1b2e2c1d4ec8e5b58b8436f38f00519bc9b110318e565b,597.891,44100,2,jamendo_artist_596201,jamendo_album_585706,,true,false
focus_jamendo_2234790,focus,focus_music/focus_jamendo_2234790.mp3,414d63ae863ee71d571d3fa70b05671dc160af505233579daef197b3e5a59a83,260.075,44100,2,jamendo_artist_595802,jamendo_album_594519,,true,false
focus_jamendo_2234792,focus,focus_music/focus_jamendo_2234792.mp3,177d68204212bc162fdbd15b55704e6f47f0870a78f3be1b06041bc05c0cb4e5,268.069,44100,2,jamendo_artist_595802,jamendo_album_594522,,true,false
focus_jamendo_2235775,focus,focus_music/focus_jamendo_2235775.mp3,e1882e073388aafac809c340774df0a99a47073b74d5ae62ebbbf60f0cd30ca3,249.652,44100,2,jamendo_artist_595802,jamendo_album_595060,,true,false
focus_jamendo_2255191,focus,focus_music/focus_jamendo_2255191.mp3,b87601b48c88e81272aba1c0d85e8d41f4356693d10ce5e772d5843087cb9f2a,388.624,44100,2,jamendo_artist_599717,jamendo_album_603971,,true,false
focus_jamendo_2257645,focus,focus_music/focus_jamendo_2257645.mp3,512309272f70a669c875c87e4bfb4f570de5f7f63689118a143b04e0f527514b,440.059,44100,2,jamendo_artist_599717,jamendo_album_605161,,true,false
focus_jamendo_2259996,focus,focus_music/focus_jamendo_2259996.mp3,e47bd2c8b221cd00ac7fc135e000d6facb906ea152d1d1f4e83f704dd70a22f1,247.693,44100,2,jamendo_artist_549225,jamendo_album_606187,,true,false
focus_jamendo_2260000,focus,focus_music/focus_jamendo_2260000.mp3,9ce87662eca4a93a758705b53dba3c14935711812ccf377b9a4088ab323d8f3b,255.791,44100,2,jamendo_artist_549225,jamendo_album_606187,,true,false
focus_jamendo_2266423,focus,focus_music/focus_jamendo_2266423.mp3,8af72f70043f1fc1c5399d3e924ed19c112a425af00b8209a577a58b02eac9d8,352.366,44100,2,jamendo_artist_515330,jamendo_album_609046,,true,false
focus_jamendo_2269943,focus,focus_music/focus_jamendo_2269943.mp3,895d95f69da42ac9e30a23611d0819c9333b6ffe6e0fb915187c00902a909f6e,412.865,44100,2,jamendo_artist_595802,jamendo_album_610743,,true,false
focus_jamendo_2274006,focus,focus_music/focus_jamendo_2274006.mp3,f169fc6d89de142ef788a6103bf63f3a97e2441faa28d7f648e9e41ba87f4857,159.425,44100,2,jamendo_artist_601217,jamendo_album_612659,,true,false
focus_jamendo_2276079,focus,focus_music/focus_jamendo_2276079.mp3,e2a3a74f4a6c0ba3ec6130555794fe33f65745084b6c6d3468a3c49a7f8fe6d2,504.059,44100,2,jamendo_artist_599717,jamendo_album_613725,,true,false
focus_jamendo_2276080,focus,focus_music/focus_jamendo_2276080.mp3,b2230e87b7576a9e74babc70e3f4193ffaf3cb894299192e177c6a7650fb2365,489.535,44100,2,jamendo_artist_599717,jamendo_album_613726,,true,false
focus_jamendo_2279515,focus,focus_music/focus_jamendo_2279515.mp3,36ff329ede86a903b81e35c4eb7a30e32ca2619b7087a63543eb7553854cf10b,239.073,44100,2,jamendo_artist_515330,jamendo_album_615329,,true,false
focus_jamendo_2280562,focus,focus_music/focus_jamendo_2280562.mp3,6a7c21b56e2a70f96a9b904e26b0e563ff0c88b143a8439fc1819b47e242a43d,224.313,44100,2,jamendo_artist_509771,jamendo_album_615707,,true,false
